match_id,game_id,player,player_id,tag,team,rating_atk,rating_def,acs_atk,acs_def,k_atk,k_def,d_atk,d_def,a_atk,a_def,kast_atk,kast_def,adr_atk,adr_def,hs_atk,hs_def,fk_atk,fk_def,fd_atk,fd_def
542195,233397,something,17086,PRX,Paper Rex,1.33,1.88,199.0,308.0,7.0,14.0,5.0,7.0,6.0,6.0,100.0,83.0,137.0,192.0,16.0,13.0,1.0,3.0,0.0,0.0
542195,233397,Jinggg,7378,PRX,Paper Rex,1.11,1.87,239.0,380.0,8.0,16.0,7.0,7.0,2.0,5.0,80.0,83.0,148.0,256.0,13.0,21.0,3.0,2.0,2.0,0.0
542195,233397,f0rsakeN,9801,PRX,Paper Rex,1.99,0.49,341.0,114.0,14.0,4.0,4.0,9.0,7.0,6.0,100.0,58.0,218.0,94.0,38.0,32.0,1.0,1.0,1.0,4.0
542195,233397,d4v41,9803,PRX,Paper Rex,1.37,0.59,236.0,126.0,9.0,5.0,5.0,9.0,1.0,4.0,100.0,67.0,167.0,98.0,14.0,38.0,1.0,0.0,0.0,1.0
542195,233397,PatMen,13744,PRX,Paper Rex,0.99,0.79,173.0,152.0,6.0,6.0,4.0,9.0,1.0,4.0,80.0,58.0,118.0,104.0,28.0,41.0,0.0,0.0,1.0,1.0
542195,233397,Rarga,22047,XLG,Xi Lai Gaming,0.9,1.08,197.0,167.0,8.0,6.0,9.0,7.0,2.0,1.0,75.0,50.0,138.0,121.0,36.0,13.0,2.0,1.0,1.0,0.0
542195,233397,Viva,36415,XLG,Xi Lai Gaming,1.13,0.67,194.0,159.0,9.0,5.0,8.0,8.0,2.0,3.0,58.0,50.0,133.0,88.0,50.0,25.0,0.0,0.0,1.0,2.0
542195,233397,NoMan,11527,XLG,Xi Lai Gaming,1.06,0.57,249.0,188.0,11.0,6.0,10.0,10.0,0.0,1.0,75.0,50.0,157.0,117.0,46.0,23.0,0.0,3.0,0.0,1.0
542195,233397,coconut,12365,XLG,Xi Lai Gaming,0.51,0.65,148.0,194.0,6.0,7.0,9.0,10.0,2.0,1.0,58.0,60.0,94.0,108.0,43.0,33.0,3.0,0.0,2.0,1.0
542195,233397,happywei,37927,XLG,Xi Lai Gaming,0.7,0.25,162.0,66.0,7.0,1.0,9.0,9.0,1.0,6.0,67.0,30.0,119.0,43.0,30.0,11.0,1.0,0.0,2.0,2.0
542195,233398,f0rsakeN,9801,PRX,Paper Rex,1.37,1.7,288.0,335.0,8.0,15.0,5.0,7.0,3.0,1.0,83.0,75.0,144.0,202.0,29.0,44.0,2.0,2.0,0.0,2.0
542195,233398,something,17086,PRX,Paper Rex,2.11,1.3,392.0,267.0,8.0,11.0,3.0,8.0,3.0,6.0,83.0,83.0,275.0,181.0,50.0,16.0,0.0,2.0,1.0,0.0
542195,233398,Jinggg,7378,PRX,Paper Rex,0.91,1.16,268.0,253.0,4.0,11.0,6.0,7.0,3.0,2.0,67.0,75.0,171.0,144.0,22.0,9.0,1.0,0.0,1.0,2.0
542195,233398,d4v41,9803,PRX,Paper Rex,1.45,0.58,180.0,120.0,6.0,5.0,2.0,9.0,2.0,5.0,67.0,58.0,76.0,83.0,15.0,29.0,1.0,0.0,0.0,2.0
542195,233398,PatMen,13744,PRX,Paper Rex,0.08,0.53,25.0,130.0,0.0,6.0,4.0,9.0,1.0,1.0,50.0,67.0,25.0,84.0,33.0,38.0,0.0,2.0,0.0,0.0
542195,233398,NoMan,11527,XLG,Xi Lai Gaming,1.05,1.84,221.0,415.0,9.0,9.0,9.0,5.0,2.0,2.0,67.0,100.0,152.0,248.0,31.0,36.0,2.0,1.0,3.0,0.0
542195,233398,happywei,37927,XLG,Xi Lai Gaming,1.3,0.32,282.0,75.0,12.0,1.0,9.0,5.0,2.0,4.0,67.0,50.0,209.0,86.0,47.0,38.0,2.0,0.0,1.0,3.0
542195,233398,Rarga,22047,XLG,Xi Lai Gaming,1.0,0.81,214.0,181.0,9.0,4.0,10.0,6.0,3.0,3.0,75.0,67.0,125.0,105.0,35.0,22.0,1.0,1.0,1.0,1.0
542195,233398,coconut,12365,XLG,Xi Lai Gaming,0.5,1.12,130.0,224.0,5.0,5.0,11.0,5.0,6.0,3.0,75.0,67.0,77.0,154.0,25.0,50.0,1.0,0.0,1.0,0.0
542195,233398,Viva,36415,XLG,Xi Lai Gaming,0.57,0.35,120.0,82.0,5.0,1.0,9.0,5.0,3.0,3.0,75.0,33.0,88.0,54.0,27.0,33.0,0.0,0.0,0.0,0.0
542196,233400,ara,11332,GX,GIANTX,0.12,1.27,123.0,192.0,3.0,7.0,7.0,5.0,0.0,1.0,43.0,67.0,60.0,124.0,25.0,41.0,0.0,1.0,2.0,1.0
542196,233400,Cloud,4181,GX,GIANTX,0.51,0.93,177.0,133.0,4.0,5.0,7.0,7.0,1.0,3.0,71.0,50.0,106.0,96.0,14.0,22.0,0.0,2.0,2.0,1.0
542196,233400,westside,34684,GX,GIANTX,0.15,1.09,25.0,243.0,0.0,10.0,7.0,9.0,0.0,0.0,,58.0,25.0,141.0,0.0,58.0,0.0,2.0,0.0,0.0
542196,233400,Flickless,6959,GX,GIANTX,0.03,0.96,57.0,136.0,1.0,6.0,7.0,6.0,1.0,3.0,43.0,75.0,35.0,86.0,25.0,24.0,0.0,1.0,0.0,3.0
542196,233400,grubinho,5550,GX,GIANTX,0.34,0.67,113.0,134.0,3.0,5.0,7.0,9.0,0.0,2.0,43.0,50.0,51.0,114.0,33.0,29.0,2.0,0.0,1.0,1.0
542196,233400,N4RRATE,36245,SEN,Sentinels,1.11,2.39,154.0,384.0,6.0,9.0,6.0,2.0,3.0,12.0,75.0,86.0,109.0,202.0,23.0,43.0,0.0,1.0,1.0,0.0
542196,233400,johnqt,1265,SEN,Sentinels,0.91,2.03,125.0,297.0,5.0,8.0,5.0,2.0,1.0,5.0,75.0,100.0,79.0,152.0,31.0,35.0,1.0,1.0,1.0,0.0
542196,233400,bang,3880,SEN,Sentinels,1.04,1.66,182.0,169.0,8.0,6.0,7.0,1.0,5.0,3.0,75.0,100.0,102.0,89.0,37.0,18.0,3.0,0.0,2.0,0.0
542196,233400,zekken,4004,SEN,Sentinels,0.88,1.69,232.0,433.0,9.0,11.0,8.0,5.0,4.0,5.0,67.0,86.0,151.0,247.0,44.0,23.0,1.0,3.0,2.0,2.0
542196,233400,Zellsis,729,SEN,Sentinels,0.9,1.06,167.0,53.0,8.0,1.0,7.0,1.0,2.0,3.0,75.0,100.0,98.0,39.0,18.0,11.0,1.0,0.0,0.0,0.0
542196,233401,Cloud,4181,GX,GIANTX,2.6,1.82,488.0,311.0,9.0,14.0,3.0,6.0,1.0,4.0,100.0,92.0,300.0,192.0,33.0,33.0,0.0,4.0,0.0,0.0
542196,233401,westside,34684,GX,GIANTX,1.3,1.46,275.0,220.0,5.0,10.0,3.0,5.0,0.0,4.0,40.0,92.0,175.0,158.0,67.0,48.0,0.0,1.0,1.0,0.0
542196,233401,Flickless,6959,GX,GIANTX,1.18,1.36,185.0,217.0,4.0,9.0,3.0,5.0,1.0,10.0,100.0,92.0,137.0,138.0,44.0,26.0,0.0,0.0,1.0,0.0
542196,233401,ara,11332,GX,GIANTX,0.15,1.15,62.0,203.0,1.0,10.0,5.0,6.0,1.0,2.0,40.0,83.0,42.0,126.0,50.0,28.0,0.0,2.0,2.0,2.0
542196,233401,grubinho,5550,GX,GIANTX,0.13,1.13,131.0,226.0,2.0,9.0,5.0,7.0,3.0,8.0,80.0,92.0,73.0,146.0,14.0,21.0,1.0,3.0,0.0,0.0
542196,233401,johnqt,1265,SEN,Sentinels,1.5,1.06,260.0,212.0,12.0,4.0,10.0,4.0,4.0,2.0,75.0,80.0,149.0,115.0,38.0,14.0,0.0,1.0,0.0,0.0
542196,233401,N4RRATE,36245,SEN,Sentinels,0.84,1.66,185.0,281.0,7.0,5.0,10.0,3.0,4.0,3.0,75.0,100.0,111.0,179.0,18.0,27.0,1.0,1.0,2.0,0.0
542196,233401,Zellsis,729,SEN,Sentinels,0.67,0.22,125.0,128.0,5.0,2.0,10.0,5.0,4.0,2.0,50.0,80.0,93.0,77.0,22.0,8.0,0.0,1.0,2.0,0.0
542196,233401,zekken,4004,SEN,Sentinels,0.22,0.89,139.0,164.0,4.0,4.0,12.0,4.0,2.0,0.0,42.0,80.0,94.0,154.0,17.0,20.0,1.0,0.0,4.0,1.0
542196,233401,bang,3880,SEN,Sentinels,0.05,0.78,34.0,200.0,1.0,4.0,10.0,5.0,2.0,2.0,33.0,60.0,23.0,129.0,33.0,30.0,0.0,1.0,2.0,0.0
542196,233402,Cloud,4181,GX,GIANTX,1.93,0.74,357.0,162.0,13.0,6.0,4.0,9.0,3.0,3.0,70.0,58.0,224.0,103.0,15.0,46.0,0.0,0.0,0.0,2.0
542196,233402,ara,11332,GX,GIANTX,1.38,0.92,355.0,230.0,12.0,10.0,9.0,8.0,3.0,1.0,90.0,92.0,240.0,138.0,29.0,35.0,6.0,4.0,1.0,1.0
542196,233402,Flickless,6959,GX,GIANTX,1.15,0.94,156.0,172.0,6.0,6.0,5.0,6.0,4.0,8.0,100.0,92.0,104.0,125.0,33.0,20.0,0.0,0.0,0.0,1.0
542196,233402,grubinho,5550,GX,GIANTX,1.42,0.64,211.0,184.0,9.0,8.0,5.0,9.0,4.0,3.0,90.0,75.0,126.0,114.0,16.0,53.0,0.0,1.0,2.0,1.0
542196,233402,westside,34684,GX,GIANTX,0.9,0.6,140.0,154.0,6.0,6.0,4.0,9.0,2.0,1.0,80.0,50.0,94.0,105.0,46.0,43.0,0.0,0.0,1.0,2.0
542196,233402,zekken,4004,SEN,Sentinels,1.75,0.47,325.0,184.0,13.0,5.0,7.0,10.0,3.0,4.0,92.0,70.0,221.0,127.0,29.0,19.0,5.0,0.0,1.0,3.0
542196,233402,johnqt,1265,SEN,Sentinels,1.18,1.02,166.0,216.0,8.0,9.0,5.0,9.0,2.0,3.0,75.0,90.0,125.0,121.0,55.0,17.0,0.0,1.0,2.0,0.0
542196,233402,Zellsis,729,SEN,Sentinels,0.73,0.77,149.0,189.0,7.0,5.0,8.0,8.0,0.0,5.0,50.0,40.0,84.0,137.0,3.0,20.0,2.0,2.0,0.0,1.0
542196,233402,bang,3880,SEN,Sentinels,0.71,0.69,135.0,138.0,5.0,5.0,7.0,9.0,2.0,1.0,75.0,60.0,85.0,99.0,42.0,33.0,0.0,0.0,2.0,0.0
542196,233402,N4RRATE,36245,SEN,Sentinels,0.85,0.23,203.0,113.0,8.0,3.0,9.0,10.0,3.0,2.0,67.0,40.0,146.0,99.0,44.0,43.0,0.0,1.0,0.0,2.0
542197,233403,f0rsakeN,9801,PRX,Paper Rex,0.89,1.11,186.0,224.0,8.0,9.0,10.0,9.0,6.0,8.0,75.0,75.0,96.0,140.0,24.0,27.0,1.0,1.0,1.0,1.0
542197,233403,something,17086,PRX,Paper Rex,0.36,1.41,148.0,289.0,5.0,14.0,12.0,7.0,5.0,0.0,58.0,75.0,106.0,165.0,14.0,38.0,0.0,4.0,2.0,3.0
542197,233403,d4v41,9803,PRX,Paper Rex,1.22,0.56,239.0,107.0,9.0,5.0,9.0,8.0,7.0,2.0,75.0,67.0,162.0,67.0,33.0,19.0,0.0,1.0,0.0,0.0
542197,233403,Jinggg,7378,PRX,Paper Rex,0.52,1.21,125.0,184.0,5.0,9.0,10.0,6.0,3.0,2.0,67.0,83.0,76.0,131.0,33.0,32.0,2.0,2.0,1.0,0.0
542197,233403,PatMen,13744,PRX,Paper Rex,0.71,1.01,128.0,248.0,6.0,8.0,10.0,8.0,2.0,5.0,67.0,83.0,85.0,177.0,40.0,50.0,3.0,0.0,2.0,0.0
542197,233403,ara,11332,GX,GIANTX,0.87,2.21,197.0,404.0,7.0,19.0,9.0,5.0,2.0,1.0,42.0,92.0,136.0,243.0,32.0,41.0,2.0,3.0,5.0,0.0
542197,233403,Cloud,4181,GX,GIANTX,0.91,1.5,169.0,279.0,6.0,12.0,8.0,6.0,5.0,3.0,83.0,83.0,113.0,195.0,38.0,28.0,1.0,1.0,1.0,0.0
542197,233403,westside,34684,GX,GIANTX,1.3,1.08,239.0,187.0,12.0,8.0,9.0,6.0,1.0,4.0,67.0,75.0,155.0,130.0,43.0,53.0,1.0,0.0,1.0,3.0
542197,233403,Flickless,6959,GX,GIANTX,0.98,0.89,178.0,125.0,6.0,4.0,9.0,7.0,11.0,11.0,58.0,92.0,106.0,102.0,15.0,28.0,0.0,0.0,1.0,2.0
542197,233403,grubinho,5550,GX,GIANTX,0.83,0.96,171.0,191.0,7.0,8.0,10.0,9.0,5.0,7.0,92.0,92.0,103.0,98.0,23.0,19.0,0.0,2.0,0.0,1.0
542197,233404,something,17086,PRX,Paper Rex,1.38,1.4,309.0,238.0,14.0,9.0,8.0,6.0,4.0,2.0,67.0,73.0,165.0,170.0,19.0,42.0,3.0,2.0,2.0,0.0
542197,233404,d4v41,9803,PRX,Paper Rex,1.82,0.53,275.0,124.0,14.0,5.0,4.0,7.0,3.0,0.0,92.0,45.0,190.0,96.0,27.0,25.0,0.0,0.0,0.0,3.0
542197,233404,Jinggg,7378,PRX,Paper Rex,0.77,1.61,193.0,294.0,7.0,11.0,8.0,7.0,2.0,3.0,67.0,91.0,119.0,198.0,26.0,24.0,1.0,1.0,4.0,2.0
542197,233404,PatMen,13744,PRX,Paper Rex,0.8,1.16,115.0,152.0,4.0,6.0,6.0,6.0,2.0,7.0,92.0,73.0,84.0,99.0,21.0,31.0,0.0,0.0,0.0,0.0
542197,233404,f0rsakeN,9801,PRX,Paper Rex,0.74,0.65,128.0,177.0,6.0,6.0,7.0,10.0,4.0,4.0,92.0,73.0,84.0,108.0,27.0,35.0,0.0,1.0,2.0,2.0
542197,233404,westside,34684,GX,GIANTX,0.84,1.45,148.0,290.0,6.0,12.0,8.0,8.0,2.0,2.0,64.0,83.0,92.0,174.0,43.0,45.0,1.0,3.0,1.0,1.0
542197,233404,Cloud,4181,GX,GIANTX,1.36,0.44,228.0,77.0,9.0,2.0,6.0,10.0,3.0,5.0,64.0,58.0,160.0,48.0,24.0,25.0,0.0,0.0,0.0,1.0
542197,233404,Flickless,6959,GX,GIANTX,0.71,0.97,140.0,205.0,5.0,7.0,7.0,9.0,1.0,3.0,73.0,50.0,107.0,135.0,43.0,33.0,1.0,2.0,0.0,1.0
542197,233404,grubinho,5550,GX,GIANTX,1.47,0.27,286.0,58.0,11.0,2.0,7.0,10.0,2.0,4.0,91.0,58.0,206.0,31.0,29.0,29.0,3.0,0.0,0.0,0.0
542197,233404,ara,11332,GX,GIANTX,0.31,1.16,112.0,220.0,5.0,10.0,9.0,8.0,1.0,0.0,64.0,67.0,76.0,139.0,29.0,13.0,2.0,3.0,3.0,1.0
542197,233405,something,17086,PRX,Paper Rex,1.34,2.02,225.0,366.0,10.0,11.0,5.0,3.0,5.0,2.0,92.0,86.0,130.0,206.0,38.0,29.0,1.0,2.0,0.0,1.0
542197,233405,Jinggg,7378,PRX,Paper Rex,1.5,1.44,316.0,324.0,14.0,9.0,8.0,5.0,1.0,2.0,83.0,86.0,200.0,199.0,31.0,17.0,2.0,1.0,2.0,0.0
542197,233405,d4v41,9803,PRX,Paper Rex,1.06,1.05,156.0,115.0,7.0,3.0,6.0,2.0,2.0,1.0,67.0,86.0,127.0,62.0,32.0,50.0,0.0,1.0,0.0,0.0
542197,233405,PatMen,13744,PRX,Paper Rex,0.82,1.36,174.0,230.0,8.0,6.0,7.0,3.0,0.0,0.0,67.0,100.0,103.0,129.0,12.0,100.0,1.0,1.0,3.0,0.0
542197,233405,f0rsakeN,9801,PRX,Paper Rex,0.69,1.05,148.0,200.0,6.0,5.0,8.0,4.0,7.0,5.0,58.0,100.0,103.0,154.0,19.0,24.0,0.0,1.0,3.0,0.0
542197,233405,grubinho,5550,GX,GIANTX,0.27,1.27,114.0,215.0,2.0,10.0,7.0,8.0,1.0,2.0,71.0,42.0,89.0,142.0,33.0,26.0,0.0,1.0,2.0,3.0
542197,233405,Flickless,6959,GX,GIANTX,0.45,1.12,131.0,235.0,3.0,9.0,7.0,10.0,1.0,3.0,57.0,50.0,84.0,158.0,13.0,21.0,0.0,3.0,0.0,1.0
542197,233405,westside,34684,GX,GIANTX,0.14,1.09,78.0,199.0,1.0,7.0,7.0,8.0,2.0,4.0,43.0,75.0,61.0,133.0,50.0,39.0,1.0,2.0,4.0,0.0
542197,233405,ara,11332,GX,GIANTX,1.66,0.17,327.0,67.0,8.0,3.0,6.0,10.0,2.0,0.0,71.0,42.0,228.0,40.0,38.0,57.0,0.0,0.0,0.0,0.0
542197,233405,Cloud,4181,GX,GIANTX,0.58,0.79,154.0,150.0,3.0,5.0,7.0,9.0,3.0,1.0,71.0,50.0,122.0,105.0,30.0,55.0,0.0,2.0,0.0,0.0
542198,233406,Viva,36415,XLG,Xi Lai Gaming,0.66,1.31,78.0,252.0,2.0,11.0,8.0,8.0,5.0,1.0,64.0,75.0,78.0,178.0,17.0,38.0,0.0,2.0,0.0,3.0
542198,233406,coconut,12365,XLG,Xi Lai Gaming,1.41,0.57,245.0,84.0,10.0,3.0,8.0,8.0,4.0,8.0,55.0,75.0,160.0,60.0,45.0,71.0,1.0,0.0,0.0,0.0
542198,233406,happywei,37927,XLG,Xi Lai Gaming,0.91,1.0,181.0,220.0,6.0,10.0,8.0,10.0,7.0,7.0,73.0,92.0,116.0,145.0,44.0,53.0,0.0,1.0,2.0,0.0
542198,233406,Rarga,22047,XLG,Xi Lai Gaming,0.37,1.29,83.0,249.0,4.0,10.0,9.0,8.0,0.0,3.0,55.0,92.0,47.0,142.0,20.0,35.0,1.0,3.0,3.0,1.0
542198,233406,NoMan,11527,XLG,Xi Lai Gaming,0.75,0.78,151.0,119.0,5.0,5.0,8.0,6.0,0.0,2.0,64.0,75.0,96.0,94.0,27.0,30.0,2.0,0.0,2.0,2.0
542198,233406,N4RRATE,36245,SEN,Sentinels,0.91,1.64,187.0,286.0,8.0,11.0,9.0,5.0,1.0,6.0,75.0,100.0,120.0,159.0,32.0,21.0,1.0,1.0,1.0,0.0
542198,233406,Zellsis,729,SEN,Sentinels,0.99,1.16,213.0,177.0,10.0,6.0,9.0,5.0,4.0,9.0,75.0,82.0,128.0,113.0,36.0,23.0,3.0,1.0,1.0,1.0
542198,233406,johnqt,1265,SEN,Sentinels,0.63,1.44,72.0,222.0,3.0,10.0,7.0,5.0,2.0,3.0,75.0,91.0,65.0,144.0,27.0,44.0,0.0,1.0,0.0,0.0
542198,233406,bang,3880,SEN,Sentinels,1.19,0.61,189.0,160.0,8.0,7.0,5.0,8.0,3.0,2.0,75.0,73.0,121.0,112.0,39.0,33.0,0.0,2.0,1.0,0.0
542198,233406,zekken,4004,SEN,Sentinels,0.73,1.04,190.0,226.0,7.0,7.0,10.0,7.0,3.0,6.0,58.0,91.0,124.0,164.0,25.0,25.0,2.0,2.0,3.0,3.0
542198,233407,happywei,37927,XLG,Xi Lai Gaming,1.58,1.39,245.0,295.0,11.0,12.0,4.0,9.0,2.0,4.0,92.0,83.0,145.0,199.0,30.0,38.0,3.0,1.0,1.0,0.0
542198,233407,Rarga,22047,XLG,Xi Lai Gaming,1.54,0.6,289.0,132.0,12.0,6.0,6.0,8.0,5.0,1.0,92.0,67.0,176.0,77.0,55.0,33.0,2.0,0.0,1.0,3.0
542198,233407,Viva,36415,XLG,Xi Lai Gaming,1.19,0.69,186.0,130.0,9.0,5.0,6.0,9.0,4.0,6.0,92.0,83.0,120.0,88.0,30.0,55.0,1.0,3.0,0.0,3.0
542198,233407,coconut,12365,XLG,Xi Lai Gaming,1.01,0.84,177.0,202.0,8.0,8.0,8.0,8.0,9.0,5.0,92.0,67.0,94.0,118.0,33.0,20.0,2.0,2.0,0.0,0.0
542198,233407,NoMan,11527,XLG,Xi Lai Gaming,0.73,1.01,172.0,200.0,7.0,8.0,8.0,7.0,5.0,2.0,67.0,67.0,130.0,129.0,42.0,43.0,0.0,0.0,2.0,0.0
542198,233407,zekken,4004,SEN,Sentinels,1.29,1.56,276.0,304.0,11.0,12.0,8.0,10.0,2.0,6.0,75.0,67.0,167.0,212.0,23.0,25.0,4.0,0.0,0.0,0.0
542198,233407,johnqt,1265,SEN,Sentinels,1.12,0.81,190.0,136.0,7.0,4.0,7.0,8.0,3.0,6.0,75.0,83.0,134.0,93.0,41.0,15.0,0.0,0.0,0.0,1.0
542198,233407,bang,3880,SEN,Sentinels,0.94,0.67,148.0,90.0,6.0,5.0,8.0,8.0,5.0,4.0,75.0,75.0,113.0,56.0,63.0,30.0,0.0,0.0,0.0,2.0
542198,233407,Zellsis,729,SEN,Sentinels,0.88,0.66,215.0,141.0,9.0,6.0,9.0,10.0,0.0,4.0,75.0,58.0,153.0,85.0,28.0,18.0,2.0,2.0,3.0,2.0
542198,233407,N4RRATE,36245,SEN,Sentinels,0.9,0.58,165.0,148.0,8.0,5.0,7.0,11.0,4.0,5.0,75.0,58.0,97.0,100.0,20.0,25.0,0.0,2.0,3.0,3.0
542198,233408,happywei,37927,XLG,Xi Lai Gaming,1.48,1.73,313.0,315.0,14.0,10.0,7.0,4.0,2.0,5.0,75.0,67.0,194.0,223.0,37.0,32.0,1.0,3.0,0.0,0.0
542198,233408,NoMan,11527,XLG,Xi Lai Gaming,1.41,1.57,275.0,322.0,13.0,10.0,6.0,5.0,0.0,1.0,83.0,89.0,174.0,218.0,46.0,22.0,1.0,2.0,0.0,0.0
542198,233408,Rarga,22047,XLG,Xi Lai Gaming,0.99,1.35,229.0,248.0,9.0,10.0,9.0,5.0,1.0,1.0,75.0,100.0,139.0,184.0,48.0,47.0,5.0,0.0,1.0,1.0
542198,233408,coconut,12365,XLG,Xi Lai Gaming,0.72,1.33,101.0,179.0,3.0,5.0,7.0,3.0,9.0,7.0,67.0,89.0,56.0,106.0,23.0,31.0,1.0,1.0,2.0,2.0
542198,233408,Viva,36415,XLG,Xi Lai Gaming,0.68,1.35,89.0,182.0,4.0,6.0,7.0,3.0,3.0,3.0,75.0,100.0,54.0,129.0,20.0,31.0,1.0,0.0,0.0,0.0
542198,233408,johnqt,1265,SEN,Sentinels,1.03,1.26,153.0,227.0,5.0,10.0,7.0,6.0,1.0,2.0,44.0,83.0,110.0,149.0,38.0,35.0,0.0,0.0,1.0,0.0
542198,233408,bang,3880,SEN,Sentinels,0.14,1.19,82.0,214.0,2.0,10.0,9.0,8.0,4.0,4.0,44.0,67.0,62.0,131.0,25.0,30.0,0.0,1.0,1.0,1.0
542198,233408,zekken,4004,SEN,Sentinels,0.56,0.71,138.0,191.0,5.0,6.0,8.0,11.0,1.0,3.0,56.0,50.0,114.0,138.0,24.0,32.0,0.0,2.0,2.0,5.0
542198,233408,Zellsis,729,SEN,Sentinels,0.32,0.87,111.0,136.0,3.0,6.0,8.0,8.0,1.0,0.0,67.0,67.0,62.0,87.0,7.0,32.0,3.0,0.0,2.0,2.0
542198,233408,N4RRATE,36245,SEN,Sentinels,0.81,0.41,174.0,113.0,5.0,4.0,9.0,10.0,2.0,4.0,44.0,58.0,124.0,77.0,8.0,15.0,0.0,0.0,0.0,1.0
542199,233409,ara,11332,GX,GIANTX,1.67,1.24,323.0,272.0,16.0,11.0,9.0,10.0,2.0,1.0,77.0,46.0,210.0,159.0,42.0,20.0,3.0,4.0,1.0,0.0
542199,233409,westside,34684,GX,GIANTX,0.86,1.1,192.0,201.0,8.0,10.0,11.0,9.0,5.0,2.0,69.0,69.0,124.0,125.0,21.0,50.0,3.0,0.0,1.0,0.0
542199,233409,grubinho,5550,GX,GIANTX,0.83,1.12,146.0,213.0,7.0,9.0,9.0,10.0,3.0,7.0,69.0,69.0,116.0,132.0,33.0,38.0,1.0,3.0,3.0,1.0
542199,233409,Cloud,4181,GX,GIANTX,0.97,0.68,209.0,159.0,9.0,7.0,11.0,10.0,4.0,2.0,77.0,46.0,151.0,116.0,43.0,44.0,0.0,0.0,1.0,1.0
542199,233409,Flickless,6959,GX,GIANTX,0.83,0.31,145.0,73.0,7.0,2.0,9.0,10.0,3.0,6.0,62.0,62.0,103.0,52.0,41.0,0.0,0.0,1.0,0.0,3.0
542199,233409,Viva,36415,XLG,Xi Lai Gaming,1.09,1.66,188.0,308.0,8.0,15.0,8.0,7.0,4.0,5.0,69.0,92.0,151.0,208.0,42.0,35.0,1.0,0.0,2.0,0.0
542199,233409,happywei,37927,XLG,Xi Lai Gaming,1.29,0.89,271.0,262.0,12.0,12.0,7.0,12.0,3.0,1.0,77.0,69.0,186.0,153.0,36.0,54.0,1.0,1.0,3.0,1.0
542199,233409,NoMan,11527,XLG,Xi Lai Gaming,1.18,0.86,199.0,156.0,12.0,7.0,7.0,7.0,0.0,6.0,69.0,77.0,117.0,111.0,26.0,21.0,1.0,0.0,2.0,3.0
542199,233409,Rarga,22047,XLG,Xi Lai Gaming,1.0,0.87,238.0,227.0,11.0,10.0,9.0,11.0,4.0,4.0,77.0,69.0,130.0,143.0,23.0,39.0,2.0,5.0,1.0,2.0
542199,233409,coconut,12365,XLG,Xi Lai Gaming,0.94,0.49,150.0,117.0,6.0,5.0,8.0,10.0,4.0,4.0,85.0,62.0,97.0,79.0,15.0,27.0,0.0,0.0,0.0,1.0
542199,233410,ara,11332,GX,GIANTX,1.42,1.84,298.0,327.0,13.0,14.0,8.0,4.0,1.0,0.0,58.0,91.0,175.0,207.0,22.0,15.0,4.0,2.0,3.0,2.0
542199,233410,Flickless,6959,GX,GIANTX,1.13,1.56,202.0,247.0,7.0,9.0,7.0,4.0,8.0,10.0,75.0,91.0,132.0,153.0,25.0,30.0,0.0,1.0,1.0,0.0
542199,233410,Cloud,4181,GX,GIANTX,0.67,1.65,141.0,317.0,5.0,12.0,9.0,6.0,5.0,4.0,67.0,91.0,101.0,216.0,26.0,29.0,0.0,0.0,0.0,2.0
542199,233410,westside,34684,GX,GIANTX,0.8,1.2,144.0,157.0,6.0,8.0,9.0,5.0,0.0,3.0,75.0,82.0,84.0,102.0,45.0,54.0,1.0,1.0,3.0,0.0
542199,233410,grubinho,5550,GX,GIANTX,0.86,0.34,133.0,127.0,5.0,4.0,8.0,9.0,9.0,7.0,58.0,73.0,69.0,87.0,55.0,42.0,0.0,2.0,0.0,1.0
542199,233410,NoMan,11527,XLG,Xi Lai Gaming,1.06,1.6,228.0,278.0,9.0,12.0,10.0,6.0,4.0,5.0,73.0,83.0,127.0,169.0,30.0,38.0,2.0,2.0,1.0,0.0
542199,233410,Viva,36415,XLG,Xi Lai Gaming,1.03,1.36,147.0,209.0,6.0,8.0,8.0,4.0,2.0,2.0,64.0,75.0,107.0,147.0,28.0,32.0,1.0,1.0,0.0,0.0
542199,233410,Rarga,22047,XLG,Xi Lai Gaming,0.86,0.75,222.0,233.0,7.0,9.0,10.0,10.0,4.0,1.0,73.0,58.0,139.0,143.0,23.0,56.0,2.0,2.0,0.0,0.0
542199,233410,happywei,37927,XLG,Xi Lai Gaming,0.64,0.57,133.0,135.0,5.0,5.0,9.0,9.0,2.0,4.0,64.0,58.0,97.0,88.0,38.0,54.0,0.0,1.0,4.0,4.0
542199,233410,coconut,12365,XLG,Xi Lai Gaming,0.08,0.85,51.0,148.0,1.0,7.0,10.0,7.0,5.0,2.0,73.0,67.0,34.0,97.0,29.0,19.0,0.0,1.0,1.0,1.0
542200,233412,Knight,4774,BLG,Guangzhou Huadu Bilibili Gaming (Bilibili Gaming),1.7,0.82,434.0,200.0,4.0,8.0,3.0,11.0,2.0,3.0,67.0,67.0,287.0,144.0,44.0,21.0,0.0,2.0,0.0,2.0
542200,233412,whzy,4885,BLG,Guangzhou Huadu Bilibili Gaming (Bilibili Gaming),0.02,0.58,8.0,162.0,0.0,6.0,3.0,11.0,1.0,2.0,33.0,50.0,0.0,103.0,,24.0,0.0,2.0,1.0,1.0
542200,233412,nephh,10698,BLG,Guangzhou Huadu Bilibili Gaming (Bilibili Gaming),0.23,0.48,75.0,132.0,1.0,4.0,3.0,9.0,1.0,4.0,67.0,67.0,30.0,98.0,50.0,14.0,0.0,0.0,0.0,2.0
542200,233412,Levius,40845,BLG,Guangzhou Huadu Bilibili Gaming (Bilibili Gaming),0.02,0.56,12.0,94.0,0.0,5.0,3.0,7.0,0.0,1.0,,58.0,12.0,51.0,0.0,33.0,0.0,1.0,2.0,1.0
542200,233412,rushia,48878,BLG,Guangzhou Huadu Bilibili Gaming (Bilibili Gaming),0.5,0.35,126.0,103.0,1.0,3.0,3.0,10.0,1.0,3.0,67.0,67.0,90.0,74.0,10.0,21.0,0.0,0.0,0.0,1.0
542200,233412,Verno,21668,MIBR,MIBR,2.15,1.38,300.0,169.0,15.0,3.0,2.0,1.0,3.0,0.0,92.0,100.0,203.0,127.0,23.0,67.0,1.0,0.0,1.0,0.0
542200,233412,aspas,8480,MIBR,MIBR,1.67,1.11,299.0,129.0,11.0,2.0,5.0,1.0,7.0,0.0,92.0,67.0,206.0,122.0,30.0,100.0,1.0,0.0,0.0,0.0
542200,233412,cortezia,5395,MIBR,MIBR,1.09,1.82,195.0,257.0,9.0,3.0,6.0,1.0,1.0,1.0,83.0,100.0,132.0,223.0,42.0,36.0,3.0,0.0,0.0,0.0
542200,233412,artzin,5957,MIBR,MIBR,0.97,1.55,177.0,361.0,8.0,4.0,6.0,2.0,0.0,1.0,75.0,100.0,119.0,217.0,42.0,26.0,1.0,1.0,2.0,0.0
542200,233412,xenom,20240,MIBR,MIBR,0.65,2.2,95.0,332.0,5.0,3.0,7.0,1.0,2.0,4.0,92.0,100.0,54.0,203.0,15.0,29.0,1.0,2.0,2.0,0.0
542200,233413,Knight,4774,BLG,Guangzhou Huadu Bilibili Gaming (Bilibili Gaming),0.45,1.58,70.0,257.0,1.0,11.0,9.0,6.0,4.0,2.0,50.0,75.0,59.0,180.0,22.0,23.0,1.0,2.0,0.0,1.0
542200,233413,nephh,10698,BLG,Guangzhou Huadu Bilibili Gaming (Bilibili Gaming),0.74,1.34,141.0,181.0,5.0,8.0,8.0,4.0,0.0,3.0,50.0,92.0,82.0,122.0,5.0,33.0,0.0,1.0,0.0,0.0
542200,233413,Levius,40845,BLG,Guangzhou Huadu Bilibili Gaming (Bilibili Gaming),0.75,1.23,160.0,221.0,5.0,9.0,8.0,8.0,0.0,4.0,40.0,58.0,117.0,131.0,21.0,18.0,1.0,2.0,1.0,0.0
542200,233413,rushia,48878,BLG,Guangzhou Huadu Bilibili Gaming (Bilibili Gaming),0.73,0.77,158.0,187.0,5.0,7.0,8.0,10.0,2.0,7.0,50.0,58.0,108.0,110.0,12.0,13.0,0.0,0.0,1.0,3.0
542200,233413,whzy,4885,BLG,Guangzhou Huadu Bilibili Gaming (Bilibili Gaming),0.27,0.82,120.0,195.0,4.0,8.0,10.0,9.0,1.0,1.0,50.0,67.0,63.0,123.0,43.0,36.0,2.0,1.0,4.0,2.0
542200,233413,aspas,8480,MIBR,MIBR,1.24,1.86,247.0,313.0,11.0,11.0,8.0,3.0,0.0,3.0,67.0,90.0,161.0,197.0,23.0,32.0,3.0,2.0,1.0,0.0
542200,233413,artzin,5957,MIBR,MIBR,0.84,1.35,169.0,263.0,7.0,9.0,9.0,5.0,6.0,3.0,67.0,80.0,117.0,180.0,29.0,26.0,0.0,1.0,0.0,1.0
542200,233413,Verno,21668,MIBR,MIBR,0.67,1.52,176.0,263.0,7.0,10.0,9.0,4.0,3.0,4.0,67.0,100.0,114.0,157.0,30.0,16.0,1.0,3.0,1.0,0.0
542200,233413,cortezia,5395,MIBR,MIBR,1.14,0.92,238.0,160.0,10.0,6.0,8.0,6.0,1.0,6.0,75.0,70.0,146.0,117.0,28.0,15.0,2.0,0.0,2.0,2.0
542200,233413,xenom,20240,MIBR,MIBR,0.31,1.64,66.0,218.0,2.0,7.0,9.0,2.0,3.0,12.0,67.0,90.0,45.0,125.0,9.0,29.0,0.0,0.0,2.0,1.0
542201,233415,Kushy,4866,RRQ,Rex Regum Qeon,1.67,1.06,302.0,231.0,12.0,8.0,6.0,9.0,4.0,2.0,73.0,67.0,207.0,172.0,43.0,50.0,3.0,1.0,0.0,2.0
542201,233415,Jemkin,24895,RRQ,Rex Regum Qeon,0.94,1.15,241.0,270.0,9.0,11.0,8.0,9.0,3.0,0.0,73.0,67.0,143.0,148.0,33.0,18.0,3.0,4.0,3.0,1.0
542201,233415,xffero,4871,RRQ,Rex Regum Qeon,0.7,1.07,186.0,172.0,7.0,7.0,8.0,7.0,0.0,2.0,64.0,50.0,131.0,129.0,24.0,17.0,1.0,1.0,1.0,0.0
542201,233415,crazyguy,1430,RRQ,Rex Regum Qeon,0.44,0.64,117.0,142.0,4.0,5.0,8.0,8.0,2.0,2.0,82.0,58.0,86.0,89.0,10.0,11.0,0.0,0.0,0.0,2.0
542201,233415,Monyet,8497,RRQ,Rex Regum Qeon,0.67,0.44,112.0,59.0,5.0,2.0,7.0,7.0,6.0,2.0,64.0,58.0,69.0,43.0,57.0,30.0,0.0,0.0,0.0,1.0
542201,233415,Chronicle,458,FNC,FNATIC,1.93,1.78,279.0,313.0,13.0,12.0,4.0,7.0,3.0,7.0,83.0,73.0,183.0,229.0,39.0,33.0,3.0,1.0,2.0,0.0
542201,233415,Alfajer,9810,FNC,FNATIC,1.4,1.07,299.0,155.0,12.0,6.0,8.0,7.0,4.0,3.0,83.0,64.0,185.0,108.0,32.0,38.0,2.0,1.0,0.0,1.0
542201,233415,Boaster,438,FNC,FNATIC,0.94,1.03,143.0,128.0,6.0,6.0,7.0,7.0,5.0,3.0,67.0,64.0,101.0,77.0,39.0,70.0,0.0,0.0,0.0,1.0
542201,233415,crashies,4,FNC,FNATIC,0.69,1.22,123.0,232.0,5.0,8.0,7.0,8.0,2.0,5.0,67.0,64.0,84.0,154.0,31.0,20.0,1.0,1.0,0.0,2.0
542201,233415,kaajak,9554,FNC,FNATIC,0.56,0.67,100.0,147.0,4.0,5.0,7.0,8.0,2.0,1.0,58.0,73.0,69.0,100.0,19.0,27.0,0.0,1.0,4.0,3.0
542201,233416,Kushy,4866,RRQ,Rex Regum Qeon,1.21,0.81,286.0,182.0,12.0,5.0,8.0,8.0,2.0,1.0,67.0,63.0,183.0,123.0,55.0,50.0,2.0,0.0,3.0,0.0
542201,233416,crazyguy,1430,RRQ,Rex Regum Qeon,1.2,0.37,197.0,153.0,9.0,3.0,7.0,8.0,5.0,0.0,92.0,50.0,144.0,104.0,37.0,40.0,0.0,0.0,0.0,2.0
542201,233416,Monyet,8497,RRQ,Rex Regum Qeon,1.02,0.17,215.0,58.0,9.0,2.0,10.0,8.0,7.0,0.0,92.0,38.0,116.0,38.0,26.0,17.0,0.0,0.0,0.0,2.0
542201,233416,Jemkin,24895,RRQ,Rex Regum Qeon,0.77,0.37,177.0,132.0,7.0,3.0,8.0,7.0,2.0,2.0,58.0,50.0,111.0,77.0,18.0,25.0,1.0,0.0,2.0,2.0
542201,233416,xffero,4871,RRQ,Rex Regum Qeon,0.45,0.18,120.0,97.0,4.0,3.0,9.0,8.0,4.0,1.0,75.0,50.0,76.0,56.0,36.0,80.0,1.0,0.0,2.0,2.0
542201,233416,Boaster,438,FNC,FNATIC,2.73,1.45,392.0,249.0,13.0,11.0,1.0,7.0,3.0,2.0,100.0,83.0,223.0,163.0,43.0,67.0,1.0,0.0,0.0,0.0
542201,233416,Chronicle,458,FNC,FNATIC,1.57,1.29,262.0,233.0,8.0,11.0,3.0,7.0,2.0,2.0,100.0,83.0,174.0,157.0,33.0,30.0,1.0,1.0,0.0,0.0
542201,233416,Alfajer,9810,FNC,FNATIC,1.31,1.28,240.0,279.0,8.0,12.0,3.0,9.0,1.0,3.0,88.0,83.0,149.0,180.0,43.0,40.0,2.0,4.0,0.0,0.0
542201,233416,crashies,4,FNC,FNATIC,0.62,0.59,50.0,143.0,1.0,4.0,3.0,11.0,2.0,10.0,100.0,75.0,38.0,114.0,75.0,19.0,0.0,0.0,0.0,2.0
542201,233416,kaajak,9554,FNC,FNATIC,1.25,0.15,319.0,97.0,9.0,4.0,6.0,12.0,1.0,0.0,88.0,58.0,184.0,65.0,36.0,57.0,4.0,2.0,0.0,2.0
542202,233418,aspas,8480,MIBR,MIBR,1.18,1.79,227.0,347.0,10.0,9.0,7.0,3.0,3.0,1.0,75.0,100.0,168.0,213.0,18.0,11.0,2.0,2.0,0.0,0.0
542202,233418,cortezia,5395,MIBR,MIBR,1.01,1.93,208.0,267.0,9.0,7.0,7.0,2.0,1.0,1.0,67.0,100.0,127.0,165.0,39.0,28.0,2.0,0.0,0.0,0.0
542202,233418,Verno,21668,MIBR,MIBR,1.14,1.15,252.0,135.0,11.0,2.0,9.0,2.0,7.0,2.0,83.0,100.0,139.0,118.0,16.0,27.0,1.0,0.0,0.0,1.0
542202,233418,artzin,5957,MIBR,MIBR,0.91,1.59,203.0,270.0,9.0,6.0,8.0,2.0,2.0,2.0,75.0,100.0,106.0,153.0,27.0,42.0,2.0,1.0,4.0,2.0
542202,233418,xenom,20240,MIBR,MIBR,0.73,1.2,141.0,265.0,5.0,6.0,8.0,5.0,7.0,5.0,67.0,100.0,94.0,181.0,16.0,27.0,0.0,0.0,1.0,0.0
542202,233418,Alfajer,9810,FNC,FNATIC,0.72,1.14,206.0,177.0,4.0,8.0,6.0,8.0,1.0,1.0,67.0,67.0,151.0,106.0,44.0,64.0,1.0,1.0,1.0,1.0
542202,233418,Chronicle,458,FNC,FNATIC,0.5,1.19,154.0,233.0,2.0,9.0,6.0,9.0,1.0,6.0,67.0,83.0,118.0,155.0,20.0,30.0,0.0,3.0,0.0,1.0
542202,233418,kaajak,9554,FNC,FNATIC,0.41,1.2,144.0,189.0,3.0,9.0,6.0,7.0,0.0,1.0,33.0,67.0,100.0,133.0,38.0,24.0,1.0,1.0,0.0,0.0
542202,233418,crashies,4,FNC,FNATIC,0.41,1.19,103.0,286.0,2.0,12.0,6.0,10.0,2.0,1.0,67.0,58.0,59.0,176.0,33.0,29.0,0.0,0.0,0.0,2.0
542202,233418,Boaster,438,FNC,FNATIC,0.32,0.1,133.0,54.0,3.0,1.0,6.0,10.0,1.0,1.0,67.0,25.0,107.0,49.0,43.0,30.0,1.0,0.0,2.0,3.0
542202,233419,aspas,8480,MIBR,MIBR,1.44,0.92,351.0,218.0,15.0,6.0,7.0,8.0,0.0,1.0,83.0,63.0,227.0,133.0,30.0,21.0,3.0,2.0,1.0,1.0
542202,233419,Verno,21668,MIBR,MIBR,1.57,0.35,320.0,111.0,14.0,2.0,6.0,7.0,3.0,2.0,83.0,75.0,186.0,80.0,27.0,17.0,1.0,0.0,1.0,0.0
542202,233419,xenom,20240,MIBR,MIBR,0.93,0.13,105.0,66.0,4.0,2.0,5.0,8.0,9.0,0.0,92.0,38.0,59.0,38.0,8.0,20.0,0.0,0.0,0.0,0.0
542202,233419,cortezia,5395,MIBR,MIBR,0.79,0.19,208.0,73.0,9.0,2.0,9.0,8.0,3.0,0.0,67.0,50.0,125.0,53.0,38.0,60.0,1.0,0.0,1.0,3.0
542202,233419,artzin,5957,MIBR,MIBR,0.42,0.42,120.0,133.0,4.0,3.0,9.0,8.0,5.0,3.0,50.0,38.0,84.0,79.0,29.0,20.0,1.0,0.0,3.0,1.0
542202,233419,Boaster,438,FNC,FNATIC,1.69,1.23,164.0,200.0,5.0,7.0,1.0,9.0,4.0,9.0,100.0,67.0,98.0,144.0,0.0,19.0,0.0,1.0,0.0,1.0
542202,233419,crashies,4,FNC,FNATIC,2.02,0.75,297.0,172.0,9.0,4.0,2.0,10.0,4.0,9.0,88.0,75.0,228.0,131.0,50.0,27.0,1.0,2.0,0.0,1.0
542202,233419,Alfajer,9810,FNC,FNATIC,1.66,0.97,288.0,254.0,9.0,11.0,2.0,11.0,0.0,2.0,88.0,75.0,191.0,170.0,36.0,27.0,1.0,1.0,1.0,2.0
542202,233419,kaajak,9554,FNC,FNATIC,0.86,1.27,237.0,180.0,7.0,8.0,6.0,8.0,3.0,3.0,63.0,58.0,123.0,136.0,46.0,35.0,2.0,1.0,1.0,1.0
542202,233419,Chronicle,458,FNC,FNATIC,0.45,0.88,98.0,128.0,3.0,6.0,4.0,8.0,1.0,2.0,75.0,67.0,68.0,104.0,9.0,39.0,1.0,1.0,0.0,1.0
542202,233420,xenom,20240,MIBR,MIBR,0.95,1.38,188.0,253.0,9.0,9.0,10.0,5.0,0.0,4.0,67.0,82.0,100.0,163.0,27.0,30.0,2.0,3.0,1.0,1.0
542202,233420,artzin,5957,MIBR,MIBR,1.1,1.2,202.0,258.0,8.0,9.0,8.0,5.0,2.0,4.0,58.0,82.0,132.0,177.0,23.0,25.0,0.0,1.0,1.0,1.0
542202,233420,aspas,8480,MIBR,MIBR,0.67,0.82,179.0,164.0,7.0,7.0,12.0,6.0,2.0,0.0,67.0,73.0,122.0,105.0,24.0,25.0,3.0,1.0,2.0,2.0
542202,233420,cortezia,5395,MIBR,MIBR,0.2,1.1,75.0,142.0,3.0,7.0,11.0,3.0,2.0,1.0,58.0,91.0,54.0,118.0,23.0,29.0,0.0,0.0,2.0,0.0
542202,233420,Verno,21668,MIBR,MIBR,0.37,0.87,95.0,153.0,3.0,5.0,10.0,6.0,2.0,5.0,58.0,73.0,56.0,100.0,33.0,44.0,0.0,1.0,1.0,1.0
542202,233420,kaajak,9554,FNC,FNATIC,1.18,1.16,263.0,202.0,10.0,10.0,9.0,5.0,1.0,1.0,64.0,75.0,148.0,124.0,41.0,25.0,4.0,2.0,1.0,1.0
542202,233420,Chronicle,458,FNC,FNATIC,0.95,1.38,141.0,239.0,5.0,10.0,7.0,6.0,2.0,6.0,64.0,100.0,110.0,163.0,33.0,25.0,0.0,0.0,1.0,0.0
542202,233420,crashies,4,FNC,FNATIC,0.52,1.56,72.0,323.0,2.0,14.0,7.0,6.0,1.0,4.0,55.0,92.0,62.0,187.0,22.0,35.0,0.0,2.0,1.0,0.0
542202,233420,Alfajer,9810,FNC,FNATIC,0.41,1.36,83.0,263.0,3.0,12.0,8.0,7.0,1.0,2.0,55.0,83.0,57.0,184.0,31.0,31.0,1.0,2.0,1.0,1.0
542202,233420,Boaster,438,FNC,FNATIC,0.96,0.82,154.0,122.0,5.0,5.0,6.0,6.0,2.0,8.0,64.0,83.0,110.0,79.0,33.0,16.0,0.0,1.0,2.0,3.0
542203,233421,Knight,4774,BLG,Guangzhou Huadu Bilibili Gaming (Bilibili Gaming),1.69,1.52,285.0,207.0,14.0,6.0,8.0,2.0,0.0,4.0,83.0,88.0,182.0,148.0,47.0,21.0,1.0,1.0,1.0,0.0
542203,233421,Levius,40845,BLG,Guangzhou Huadu Bilibili Gaming (Bilibili Gaming),0.79,2.45,220.0,533.0,9.0,17.0,10.0,5.0,1.0,4.0,50.0,100.0,116.0,314.0,26.0,41.0,3.0,3.0,2.0,0.0
542203,233421,rushia,48878,BLG,Guangzhou Huadu Bilibili Gaming (Bilibili Gaming),1.04,1.51,121.0,156.0,5.0,4.0,6.0,1.0,5.0,4.0,83.0,88.0,79.0,119.0,11.0,40.0,1.0,0.0,0.0,0.0
542203,233421,whzy,4885,BLG,Guangzhou Huadu Bilibili Gaming (Bilibili Gaming),0.86,1.15,208.0,166.0,8.0,5.0,11.0,3.0,5.0,3.0,92.0,88.0,141.0,109.0,26.0,50.0,1.0,1.0,2.0,1.0
542203,233421,nephh,10698,BLG,Guangzhou Huadu Bilibili Gaming (Bilibili Gaming),0.54,1.45,84.0,151.0,3.0,4.0,9.0,1.0,6.0,5.0,67.0,88.0,67.0,74.0,20.0,50.0,0.0,1.0,1.0,1.0
542203,233421,Monyet,8497,RRQ,Rex Regum Qeon,0.51,1.26,95.0,234.0,2.0,10.0,7.0,8.0,3.0,6.0,50.0,75.0,68.0,140.0,22.0,35.0,0.0,3.0,0.0,1.0
542203,233421,crazyguy,1430,RRQ,Rex Regum Qeon,0.2,1.39,69.0,231.0,2.0,10.0,7.0,6.0,0.0,4.0,25.0,75.0,65.0,161.0,22.0,48.0,1.0,1.0,2.0,1.0
542203,233421,Jemkin,24895,RRQ,Rex Regum Qeon,0.38,1.02,123.0,193.0,3.0,9.0,7.0,7.0,0.0,2.0,38.0,83.0,77.0,117.0,20.0,25.0,0.0,1.0,1.0,1.0
542203,233421,xffero,4871,RRQ,Rex Regum Qeon,0.18,0.84,108.0,175.0,2.0,7.0,7.0,8.0,3.0,6.0,38.0,83.0,74.0,111.0,7.0,25.0,1.0,1.0,3.0,0.0
542203,233421,Kushy,4866,RRQ,Rex Regum Qeon,0.46,0.51,103.0,173.0,3.0,8.0,8.0,10.0,0.0,0.0,38.0,58.0,74.0,110.0,50.0,35.0,0.0,0.0,0.0,3.0
542203,233422,nephh,10698,BLG,Guangzhou Huadu Bilibili Gaming (Bilibili Gaming),1.81,0.56,341.0,118.0,14.0,4.0,9.0,5.0,3.0,3.0,67.0,78.0,203.0,66.0,26.0,7.0,2.0,1.0,1.0,2.0
542203,233422,Knight,4774,BLG,Guangzhou Huadu Bilibili Gaming (Bilibili Gaming),0.81,1.39,120.0,246.0,5.0,8.0,8.0,6.0,5.0,5.0,75.0,67.0,91.0,171.0,25.0,44.0,0.0,0.0,2.0,0.0
542203,233422,whzy,4885,BLG,Guangzhou Huadu Bilibili Gaming (Bilibili Gaming),0.7,1.0,199.0,158.0,8.0,5.0,11.0,6.0,1.0,3.0,58.0,78.0,128.0,102.0,32.0,36.0,2.0,0.0,2.0,0.0
542203,233422,Levius,40845,BLG,Guangzhou Huadu Bilibili Gaming (Bilibili Gaming),0.9,0.73,202.0,144.0,9.0,4.0,9.0,7.0,1.0,3.0,67.0,78.0,140.0,93.0,25.0,31.0,1.0,0.0,1.0,0.0
542203,233422,rushia,48878,BLG,Guangzhou Huadu Bilibili Gaming (Bilibili Gaming),0.26,0.91,112.0,238.0,3.0,7.0,11.0,8.0,2.0,3.0,58.0,67.0,87.0,127.0,22.0,29.0,1.0,3.0,0.0,3.0
542203,233422,Monyet,8497,RRQ,Rex Regum Qeon,1.4,1.24,295.0,276.0,10.0,11.0,6.0,8.0,1.0,4.0,67.0,83.0,187.0,177.0,33.0,15.0,0.0,2.0,1.0,1.0
542203,233422,crazyguy,1430,RRQ,Rex Regum Qeon,0.74,1.47,152.0,242.0,5.0,10.0,6.0,7.0,2.0,9.0,67.0,83.0,120.0,171.0,14.0,33.0,1.0,1.0,2.0,0.0
542203,233422,xffero,4871,RRQ,Rex Regum Qeon,1.21,1.08,229.0,210.0,7.0,9.0,6.0,7.0,2.0,3.0,67.0,75.0,147.0,112.0,24.0,21.0,3.0,1.0,1.0,2.0
542203,233422,Kushy,4866,RRQ,Rex Regum Qeon,1.35,0.69,222.0,143.0,7.0,8.0,5.0,9.0,2.0,1.0,78.0,75.0,140.0,105.0,58.0,22.0,1.0,0.0,0.0,2.0
542203,233422,Jemkin,24895,RRQ,Rex Regum Qeon,0.48,1.0,77.0,204.0,3.0,10.0,5.0,8.0,0.0,1.0,67.0,58.0,57.0,120.0,29.0,33.0,0.0,2.0,0.0,1.0
542203,233423,nephh,10698,BLG,Guangzhou Huadu Bilibili Gaming (Bilibili Gaming),0.43,1.03,170.0,189.0,2.0,8.0,5.0,7.0,2.0,1.0,40.0,50.0,119.0,116.0,7.0,19.0,0.0,0.0,1.0,0.0
542203,233423,Levius,40845,BLG,Guangzhou Huadu Bilibili Gaming (Bilibili Gaming),0.53,0.91,131.0,156.0,2.0,7.0,4.0,7.0,0.0,2.0,40.0,58.0,96.0,108.0,29.0,50.0,0.0,1.0,0.0,2.0
542203,233423,Knight,4774,BLG,Guangzhou Huadu Bilibili Gaming (Bilibili Gaming),0.13,0.89,79.0,164.0,0.0,8.0,5.0,9.0,0.0,2.0,,67.0,79.0,95.0,0.0,13.0,0.0,1.0,1.0,2.0
542203,233423,rushia,48878,BLG,Guangzhou Huadu Bilibili Gaming (Bilibili Gaming),0.21,0.8,89.0,188.0,2.0,6.0,5.0,11.0,1.0,3.0,40.0,58.0,42.0,156.0,100.0,25.0,0.0,1.0,1.0,1.0
542203,233423,whzy,4885,BLG,Guangzhou Huadu Bilibili Gaming (Bilibili Gaming),0.06,0.31,112.0,110.0,1.0,4.0,5.0,11.0,1.0,3.0,40.0,58.0,83.0,75.0,11.0,16.0,0.0,1.0,2.0,3.0
542203,233423,Jemkin,24895,RRQ,Rex Regum Qeon,1.83,2.69,367.0,560.0,15.0,11.0,8.0,2.0,3.0,1.0,92.0,100.0,248.0,346.0,55.0,50.0,6.0,2.0,0.0,0.0
542203,233423,xffero,4871,RRQ,Rex Regum Qeon,1.47,1.42,254.0,81.0,12.0,2.0,6.0,0.0,1.0,2.0,67.0,100.0,167.0,45.0,35.0,50.0,1.0,0.0,1.0,0.0
542203,233423,Monyet,8497,RRQ,Rex Regum Qeon,1.06,2.04,182.0,270.0,8.0,5.0,6.0,1.0,4.0,8.0,75.0,100.0,124.0,147.0,32.0,40.0,0.0,1.0,1.0,0.0
542203,233423,Kushy,4866,RRQ,Rex Regum Qeon,0.94,1.97,138.0,306.0,4.0,5.0,7.0,2.0,15.0,5.0,83.0,100.0,87.0,165.0,24.0,21.0,1.0,2.0,2.0,0.0
542203,233423,crazyguy,1430,RRQ,Rex Regum Qeon,1.0,1.04,132.0,111.0,6.0,1.0,6.0,2.0,5.0,3.0,75.0,80.0,88.0,84.0,25.0,0.0,0.0,0.0,0.0,0.0
542204,233424,artzin,5957,MIBR,MIBR,1.4,2.53,276.0,484.0,10.0,11.0,7.0,2.0,6.0,3.0,75.0,83.0,169.0,299.0,12.0,41.0,2.0,2.0,1.0,0.0
542204,233424,aspas,8480,MIBR,MIBR,1.77,0.99,326.0,135.0,16.0,3.0,6.0,2.0,2.0,0.0,100.0,83.0,201.0,93.0,28.0,60.0,3.0,1.0,0.0,0.0
542204,233424,cortezia,5395,MIBR,MIBR,1.56,0.89,264.0,81.0,12.0,1.0,5.0,3.0,3.0,7.0,83.0,67.0,166.0,53.0,50.0,20.0,1.0,0.0,0.0,1.0
542204,233424,Verno,21668,MIBR,MIBR,1.06,0.83,160.0,123.0,7.0,2.0,6.0,3.0,5.0,1.0,83.0,67.0,102.0,81.0,35.0,14.0,2.0,0.0,1.0,0.0
542204,233424,xenom,20240,MIBR,MIBR,0.74,1.06,124.0,158.0,4.0,4.0,6.0,2.0,7.0,1.0,92.0,83.0,76.0,104.0,45.0,43.0,1.0,1.0,1.0,1.0
542204,233424,Monyet,8497,RRQ,Rex Regum Qeon,0.81,1.01,152.0,220.0,3.0,9.0,4.0,10.0,2.0,5.0,50.0,75.0,93.0,131.0,25.0,26.0,0.0,1.0,3.0,1.0
542204,233424,Kushy,4866,RRQ,Rex Regum Qeon,0.78,0.84,142.0,166.0,3.0,7.0,4.0,9.0,0.0,3.0,50.0,67.0,84.0,113.0,75.0,41.0,0.0,0.0,0.0,3.0
542204,233424,crazyguy,1430,RRQ,Rex Regum Qeon,0.74,0.52,100.0,122.0,2.0,4.0,4.0,11.0,2.0,3.0,67.0,58.0,77.0,84.0,33.0,46.0,0.0,1.0,0.0,1.0
542204,233424,Jemkin,24895,RRQ,Rex Regum Qeon,0.52,0.53,116.0,102.0,2.0,4.0,5.0,9.0,0.0,2.0,50.0,50.0,80.0,68.0,60.0,21.0,1.0,0.0,1.0,2.0
542204,233424,xffero,4871,RRQ,Rex Regum Qeon,0.76,0.4,110.0,124.0,2.0,6.0,4.0,10.0,0.0,1.0,33.0,75.0,88.0,87.0,9.0,29.0,1.0,1.0,0.0,2.0
542204,233425,xenom,20240,MIBR,MIBR,1.7,1.31,177.0,202.0,5.0,10.0,1.0,7.0,1.0,4.0,100.0,75.0,85.0,144.0,38.0,50.0,0.0,0.0,0.0,0.0
542204,233425,aspas,8480,MIBR,MIBR,1.24,1.53,250.0,247.0,5.0,12.0,2.0,4.0,1.0,1.0,83.0,83.0,161.0,161.0,56.0,6.0,0.0,3.0,0.0,1.0
542204,233425,Verno,21668,MIBR,MIBR,1.03,1.27,97.0,264.0,2.0,11.0,2.0,8.0,1.0,4.0,83.0,75.0,78.0,194.0,8.0,24.0,0.0,2.0,0.0,0.0
542204,233425,cortezia,5395,MIBR,MIBR,1.5,0.97,302.0,178.0,7.0,7.0,4.0,7.0,2.0,3.0,83.0,83.0,178.0,110.0,78.0,19.0,1.0,1.0,0.0,2.0
542204,233425,artzin,5957,MIBR,MIBR,0.95,0.69,175.0,164.0,3.0,6.0,4.0,9.0,3.0,9.0,83.0,58.0,108.0,94.0,45.0,12.0,3.0,1.0,2.0,2.0
542204,233425,Jemkin,24895,RRQ,Rex Regum Qeon,1.46,0.52,315.0,128.0,13.0,2.0,8.0,5.0,1.0,1.0,50.0,33.0,199.0,89.0,56.0,25.0,2.0,1.0,4.0,0.0
542204,233425,xffero,4871,RRQ,Rex Regum Qeon,1.43,0.38,273.0,139.0,12.0,3.0,9.0,5.0,1.0,1.0,75.0,67.0,187.0,96.0,39.0,33.0,3.0,1.0,0.0,2.0
542204,233425,Monyet,8497,RRQ,Rex Regum Qeon,0.62,0.92,106.0,158.0,4.0,4.0,10.0,4.0,6.0,1.0,58.0,67.0,82.0,113.0,33.0,40.0,0.0,0.0,1.0,0.0
542204,233425,crazyguy,1430,RRQ,Rex Regum Qeon,0.81,0.32,179.0,86.0,5.0,1.0,9.0,5.0,7.0,1.0,67.0,50.0,130.0,65.0,14.0,0.0,0.0,0.0,0.0,2.0
542204,233425,Kushy,4866,RRQ,Rex Regum Qeon,0.2,0.58,46.0,144.0,1.0,3.0,10.0,6.0,5.0,0.0,50.0,50.0,25.0,93.0,20.0,36.0,0.0,0.0,2.0,0.0
542205,233427,keiko,11494,TL,Team Liquid,1.01,1.27,223.0,250.0,6.0,11.0,8.0,9.0,3.0,5.0,56.0,75.0,132.0,158.0,46.0,58.0,0.0,4.0,0.0,1.0
542205,233427,trexx,2168,TL,Team Liquid,0.61,1.29,144.0,202.0,4.0,8.0,8.0,6.0,1.0,4.0,44.0,75.0,96.0,116.0,17.0,25.0,0.0,1.0,1.0,1.0
542205,233427,kamo,14681,TL,Team Liquid,0.47,1.3,113.0,302.0,4.0,13.0,8.0,8.0,0.0,2.0,67.0,75.0,61.0,210.0,33.0,42.0,3.0,1.0,5.0,1.0
542205,233427,paTiTek,309,TL,Team Liquid,1.01,0.89,164.0,183.0,5.0,7.0,7.0,9.0,5.0,5.0,56.0,58.0,110.0,124.0,32.0,17.0,0.0,1.0,0.0,1.0
542205,233427,nAts,457,TL,Team Liquid,0.34,0.66,45.0,58.0,1.0,2.0,7.0,5.0,1.0,2.0,56.0,92.0,38.0,42.0,25.0,25.0,0.0,0.0,0.0,1.0
542205,233427,MaKo,4462,KRX,KIWOOM DRX,0.8,2.2,119.0,332.0,4.0,13.0,8.0,2.0,8.0,2.0,75.0,89.0,78.0,219.0,50.0,46.0,0.0,2.0,1.0,1.0
542205,233427,Flashback,35013,KRX,KIWOOM DRX,1.4,1.32,290.0,204.0,14.0,7.0,9.0,3.0,2.0,3.0,67.0,89.0,173.0,151.0,30.0,40.0,2.0,0.0,2.0,1.0
542205,233427,free1ng,1916,KRX,KIWOOM DRX,0.63,1.36,122.0,251.0,5.0,8.0,9.0,5.0,3.0,5.0,75.0,100.0,82.0,189.0,25.0,45.0,1.0,2.0,1.0,0.0
542205,233427,BeYN,4678,KRX,KIWOOM DRX,0.75,0.89,121.0,192.0,4.0,5.0,7.0,6.0,4.0,8.0,92.0,100.0,88.0,125.0,33.0,19.0,0.0,1.0,0.0,1.0
542205,233427,HYUNMIN,28400,KRX,KIWOOM DRX,0.62,1.0,129.0,150.0,6.0,5.0,8.0,4.0,0.0,2.0,58.0,78.0,88.0,113.0,60.0,46.0,2.0,1.0,3.0,0.0
542205,233428,keiko,11494,TL,Team Liquid,1.21,1.07,209.0,176.0,8.0,7.0,6.0,9.0,2.0,6.0,73.0,67.0,139.0,113.0,54.0,50.0,2.0,0.0,0.0,0.0
542205,233428,nAts,457,TL,Team Liquid,0.84,1.35,136.0,235.0,4.0,10.0,6.0,7.0,2.0,3.0,55.0,67.0,95.0,140.0,55.0,42.0,1.0,2.0,2.0,0.0
542205,233428,paTiTek,309,TL,Team Liquid,0.93,0.67,134.0,168.0,6.0,7.0,6.0,10.0,1.0,3.0,64.0,42.0,81.0,108.0,42.0,32.0,0.0,0.0,1.0,3.0
542205,233428,kamo,14681,TL,Team Liquid,0.54,0.9,178.0,183.0,6.0,7.0,10.0,9.0,0.0,1.0,27.0,58.0,107.0,119.0,14.0,14.0,1.0,2.0,4.0,1.0
542205,233428,trexx,2168,TL,Team Liquid,0.19,0.8,37.0,176.0,0.0,6.0,9.0,10.0,1.0,6.0,36.0,42.0,35.0,125.0,0.0,14.0,0.0,1.0,0.0,3.0
542205,233428,MaKo,4462,KRX,KIWOOM DRX,1.06,1.42,202.0,210.0,9.0,8.0,7.0,3.0,6.0,3.0,92.0,91.0,137.0,121.0,26.0,50.0,1.0,0.0,1.0,0.0
542205,233428,BeYN,4678,KRX,KIWOOM DRX,1.09,1.32,186.0,266.0,8.0,11.0,7.0,6.0,5.0,2.0,67.0,73.0,123.0,165.0,39.0,32.0,0.0,3.0,1.0,2.0
542205,233428,HYUNMIN,28400,KRX,KIWOOM DRX,1.38,0.97,278.0,120.0,13.0,5.0,7.0,4.0,2.0,1.0,92.0,64.0,153.0,86.0,48.0,42.0,2.0,2.0,0.0,1.0
542205,233428,Flashback,35013,KRX,KIWOOM DRX,0.79,1.24,167.0,267.0,6.0,10.0,9.0,5.0,3.0,2.0,58.0,73.0,111.0,175.0,21.0,11.0,3.0,1.0,3.0,0.0
542205,233428,free1ng,1916,KRX,KIWOOM DRX,1.0,0.68,194.0,97.0,9.0,3.0,7.0,6.0,3.0,5.0,83.0,64.0,143.0,68.0,22.0,33.0,1.0,1.0,0.0,1.0
542207,233430,mada,5132,NRG,NRG,1.71,0.75,381.0,179.0,22.0,9.0,10.0,14.0,3.0,1.0,75.0,69.0,273.0,108.0,34.0,15.0,3.0,2.0,2.0,2.0
542207,233430,skuba,11118,NRG,NRG,1.17,1.13,196.0,264.0,13.0,15.0,8.0,13.0,5.0,0.0,81.0,69.0,125.0,154.0,18.0,40.0,1.0,1.0,0.0,0.0
542207,233430,brawk,2172,NRG,NRG,1.07,0.97,210.0,191.0,12.0,9.0,9.0,11.0,3.0,4.0,69.0,63.0,143.0,153.0,17.0,25.0,3.0,2.0,0.0,2.0
542207,233430,Ethan,11225,NRG,NRG,1.36,0.68,245.0,167.0,13.0,7.0,9.0,13.0,9.0,6.0,69.0,63.0,178.0,112.0,50.0,33.0,1.0,1.0,4.0,2.0
542207,233430,s0m,4164,NRG,NRG,0.86,0.75,148.0,187.0,8.0,10.0,10.0,14.0,7.0,3.0,88.0,44.0,107.0,112.0,25.0,32.0,0.0,2.0,2.0,2.0
542207,233430,Smoggy,4742,EDG,EDward Gaming,1.57,1.09,239.0,178.0,16.0,10.0,7.0,10.0,5.0,6.0,75.0,81.0,158.0,118.0,41.0,21.0,0.0,1.0,0.0,0.0
542207,233430,nobody,3017,EDG,EDward Gaming,0.85,1.09,124.0,229.0,8.0,12.0,9.0,13.0,2.0,3.0,75.0,69.0,90.0,154.0,38.0,38.0,1.0,1.0,1.0,0.0
542207,233430,ZmjjKK,3520,EDG,EDward Gaming,0.83,0.94,179.0,246.0,11.0,12.0,11.0,15.0,2.0,5.0,88.0,50.0,112.0,150.0,24.0,32.0,3.0,5.0,4.0,3.0
542207,233430,CHICHOO,15559,EDG,EDward Gaming,1.3,0.41,244.0,138.0,14.0,7.0,10.0,15.0,9.0,3.0,81.0,50.0,174.0,87.0,38.0,15.0,2.0,1.0,0.0,4.0
542207,233430,Jieni7,51244,EDG,EDward Gaming,1.15,0.32,283.0,99.0,16.0,5.0,13.0,15.0,5.0,3.0,81.0,56.0,184.0,62.0,32.0,20.0,2.0,0.0,3.0,1.0
542207,233431,Ethan,11225,NRG,NRG,1.73,0.87,310.0,163.0,13.0,6.0,8.0,8.0,8.0,9.0,83.0,58.0,205.0,106.0,26.0,13.0,1.0,1.0,1.0,1.0
542207,233431,s0m,4164,NRG,NRG,1.5,1.1,318.0,188.0,15.0,8.0,9.0,8.0,6.0,6.0,92.0,67.0,215.0,117.0,28.0,21.0,0.0,1.0,1.0,1.0
542207,233431,skuba,11118,NRG,NRG,0.81,1.76,169.0,320.0,6.0,13.0,9.0,6.0,4.0,5.0,67.0,100.0,124.0,212.0,47.0,41.0,0.0,2.0,3.0,1.0
542207,233431,brawk,2172,NRG,NRG,0.66,0.74,147.0,186.0,5.0,5.0,10.0,9.0,8.0,4.0,75.0,75.0,91.0,141.0,13.0,14.0,0.0,1.0,1.0,1.0
542207,233431,mada,5132,NRG,NRG,0.81,0.57,171.0,133.0,8.0,7.0,9.0,9.0,3.0,2.0,58.0,58.0,114.0,89.0,28.0,22.0,2.0,1.0,3.0,2.0
542207,233431,ZmjjKK,3520,EDG,EDward Gaming,1.41,1.32,244.0,321.0,11.0,12.0,7.0,10.0,2.0,4.0,67.0,75.0,164.0,207.0,40.0,31.0,1.0,3.0,1.0,1.0
542207,233431,Smoggy,4742,EDG,EDward Gaming,1.11,1.06,176.0,298.0,7.0,13.0,6.0,11.0,5.0,5.0,83.0,67.0,119.0,182.0,35.0,33.0,0.0,1.0,0.0,0.0
542207,233431,nobody,3017,EDG,EDward Gaming,0.82,1.11,174.0,176.0,7.0,8.0,10.0,7.0,2.0,3.0,75.0,75.0,106.0,129.0,30.0,22.0,0.0,2.0,1.0,1.0
542207,233431,CHICHOO,15559,EDG,EDward Gaming,1.13,0.75,179.0,152.0,8.0,6.0,7.0,9.0,0.0,4.0,75.0,75.0,130.0,113.0,27.0,7.0,2.0,0.0,2.0,1.0
542207,233431,Jieni7,51244,EDG,EDward Gaming,0.68,0.66,164.0,126.0,7.0,6.0,9.0,10.0,1.0,1.0,58.0,83.0,107.0,75.0,17.0,11.0,3.0,3.0,2.0,0.0
542208,233433,free1ng,1916,KRX,KIWOOM DRX,1.04,2.11,153.0,313.0,8.0,6.0,6.0,1.0,2.0,2.0,75.0,100.0,107.0,174.0,28.0,40.0,1.0,0.0,1.0,0.0
542208,233433,Flashback,35013,KRX,KIWOOM DRX,1.03,1.68,188.0,331.0,8.0,7.0,8.0,3.0,3.0,0.0,42.0,80.0,149.0,185.0,28.0,27.0,1.0,2.0,3.0,1.0
542208,233433,HYUNMIN,28400,KRX,KIWOOM DRX,1.21,1.2,284.0,275.0,12.0,6.0,9.0,3.0,3.0,1.0,83.0,60.0,174.0,163.0,30.0,45.0,4.0,1.0,0.0,1.0
542208,233433,BeYN,4678,KRX,KIWOOM DRX,0.88,1.45,184.0,199.0,8.0,4.0,9.0,2.0,3.0,1.0,58.0,100.0,128.0,118.0,56.0,30.0,0.0,0.0,1.0,0.0
542208,233433,MaKo,4462,KRX,KIWOOM DRX,0.86,1.43,113.0,130.0,5.0,2.0,7.0,1.0,7.0,4.0,75.0,100.0,59.0,82.0,33.0,9.0,0.0,0.0,1.0,0.0
542208,233433,skuba,11118,NRG,NRG,0.1,1.45,122.0,272.0,2.0,13.0,5.0,8.0,0.0,2.0,20.0,67.0,72.0,155.0,67.0,26.0,0.0,1.0,1.0,0.0
542208,233433,mada,5132,NRG,NRG,0.27,1.24,92.0,296.0,1.0,13.0,5.0,10.0,2.0,2.0,60.0,42.0,63.0,190.0,13.0,28.0,1.0,2.0,2.0,4.0
542208,233433,s0m,4164,NRG,NRG,0.77,0.74,246.0,129.0,4.0,4.0,5.0,8.0,1.0,8.0,80.0,75.0,150.0,71.0,25.0,27.0,0.0,0.0,0.0,1.0
542208,233433,brawk,2172,NRG,NRG,0.15,0.94,82.0,163.0,1.0,5.0,5.0,7.0,1.0,5.0,40.0,83.0,67.0,120.0,29.0,7.0,0.0,2.0,0.0,0.0
542208,233433,Ethan,11225,NRG,NRG,0.54,0.71,151.0,118.0,2.0,4.0,5.0,8.0,0.0,4.0,60.0,83.0,102.0,73.0,7.0,27.0,1.0,1.0,0.0,1.0
542208,233434,Flashback,35013,KRX,KIWOOM DRX,1.34,1.44,297.0,315.0,13.0,13.0,9.0,8.0,1.0,2.0,75.0,83.0,190.0,190.0,40.0,27.0,4.0,3.0,2.0,0.0
542208,233434,HYUNMIN,28400,KRX,KIWOOM DRX,1.31,0.67,218.0,184.0,10.0,7.0,7.0,9.0,3.0,3.0,83.0,58.0,140.0,121.0,50.0,50.0,0.0,2.0,0.0,0.0
542208,233434,BeYN,4678,KRX,KIWOOM DRX,1.36,0.53,231.0,173.0,9.0,7.0,7.0,10.0,7.0,1.0,75.0,58.0,129.0,110.0,56.0,41.0,2.0,0.0,1.0,2.0
542208,233434,MaKo,4462,KRX,KIWOOM DRX,0.63,1.06,77.0,174.0,3.0,8.0,8.0,7.0,5.0,3.0,83.0,67.0,53.0,112.0,20.0,16.0,1.0,0.0,0.0,1.0
542208,233434,free1ng,1916,KRX,KIWOOM DRX,0.7,0.76,130.0,165.0,6.0,7.0,8.0,8.0,2.0,1.0,67.0,83.0,99.0,123.0,43.0,53.0,1.0,3.0,1.0,1.0
542208,233434,mada,5132,NRG,NRG,0.92,1.43,192.0,287.0,9.0,13.0,9.0,8.0,0.0,4.0,67.0,83.0,121.0,182.0,32.0,35.0,1.0,3.0,5.0,3.0
542208,233434,s0m,4164,NRG,NRG,1.28,0.97,210.0,210.0,10.0,8.0,8.0,9.0,4.0,5.0,67.0,67.0,121.0,149.0,31.0,50.0,3.0,0.0,1.0,0.0
542208,233434,skuba,11118,NRG,NRG,1.28,0.9,246.0,177.0,10.0,8.0,8.0,8.0,5.0,1.0,67.0,83.0,160.0,120.0,39.0,64.0,0.0,0.0,1.0,0.0
542208,233434,brawk,2172,NRG,NRG,1.07,0.88,180.0,176.0,6.0,7.0,8.0,7.0,5.0,3.0,67.0,83.0,121.0,120.0,16.0,11.0,0.0,1.0,0.0,2.0
542208,233434,Ethan,11225,NRG,NRG,0.96,0.32,185.0,94.0,7.0,3.0,9.0,9.0,9.0,5.0,83.0,50.0,98.0,47.0,20.0,6.0,0.0,0.0,1.0,3.0
542208,233435,Flashback,35013,KRX,KIWOOM DRX,1.09,1.48,226.0,360.0,10.0,15.0,8.0,11.0,3.0,0.0,92.0,75.0,153.0,227.0,33.0,21.0,2.0,3.0,2.0,2.0
542208,233435,BeYN,4678,KRX,KIWOOM DRX,1.8,0.61,289.0,165.0,14.0,7.0,5.0,10.0,3.0,1.0,75.0,50.0,191.0,114.0,33.0,32.0,0.0,0.0,2.0,0.0
542208,233435,HYUNMIN,28400,KRX,KIWOOM DRX,1.49,0.51,332.0,89.0,15.0,4.0,8.0,9.0,1.0,0.0,83.0,58.0,205.0,67.0,42.0,10.0,2.0,0.0,1.0,2.0
542208,233435,MaKo,4462,KRX,KIWOOM DRX,0.69,0.45,125.0,86.0,5.0,3.0,8.0,9.0,6.0,3.0,83.0,50.0,100.0,53.0,29.0,7.0,0.0,0.0,1.0,1.0
542208,233435,free1ng,1916,KRX,KIWOOM DRX,0.68,0.3,122.0,109.0,5.0,3.0,7.0,11.0,1.0,4.0,67.0,42.0,96.0,74.0,15.0,13.0,1.0,1.0,1.0,3.0
542208,233435,brawk,2172,NRG,NRG,1.51,1.78,280.0,328.0,13.0,15.0,6.0,9.0,2.0,2.0,83.0,67.0,194.0,194.0,21.0,14.0,0.0,1.0,0.0,0.0
542208,233435,Ethan,11225,NRG,NRG,1.34,0.79,175.0,164.0,8.0,6.0,4.0,9.0,5.0,4.0,75.0,58.0,106.0,125.0,30.0,24.0,2.0,1.0,1.0,2.0
542208,233435,s0m,4164,NRG,NRG,1.33,0.72,262.0,119.0,11.0,4.0,8.0,9.0,10.0,8.0,92.0,67.0,155.0,69.0,20.0,3.0,2.0,2.0,1.0,1.0
542208,233435,mada,5132,NRG,NRG,1.14,0.77,278.0,216.0,11.0,8.0,11.0,11.0,5.0,4.0,92.0,67.0,185.0,144.0,9.0,16.0,4.0,2.0,2.0,2.0
542208,233435,skuba,11118,NRG,NRG,1.3,0.51,127.0,109.0,7.0,3.0,3.0,11.0,5.0,10.0,100.0,75.0,64.0,85.0,23.0,12.0,0.0,1.0,0.0,0.0
542209,233436,trexx,2168,TL,Team Liquid,0.5,1.95,109.0,360.0,4.0,6.0,11.0,2.0,2.0,0.0,58.0,75.0,95.0,245.0,17.0,14.0,0.0,0.0,1.0,0.0
542209,233436,paTiTek,309,TL,Team Liquid,1.04,0.34,244.0,19.0,9.0,0.0,11.0,3.0,4.0,3.0,67.0,75.0,166.0,,31.0,,1.0,0.0,1.0,0.0
542209,233436,keiko,11494,TL,Team Liquid,0.38,1.32,97.0,285.0,4.0,4.0,11.0,3.0,1.0,0.0,50.0,75.0,64.0,184.0,18.0,29.0,0.0,3.0,0.0,1.0
542209,233436,kamo,14681,TL,Team Liquid,0.41,0.67,98.0,135.0,4.0,2.0,11.0,3.0,2.0,0.0,58.0,75.0,60.0,84.0,38.0,38.0,1.0,0.0,6.0,0.0
542209,233436,nAts,457,TL,Team Liquid,0.44,0.62,112.0,182.0,4.0,2.0,10.0,3.0,3.0,2.0,67.0,75.0,75.0,126.0,31.0,8.0,1.0,0.0,1.0,0.0
542209,233436,ZmjjKK,3520,EDG,EDward Gaming,0.03,2.33,84.0,450.0,1.0,21.0,4.0,5.0,0.0,1.0,25.0,75.0,54.0,261.0,33.0,11.0,0.0,4.0,2.0,2.0
542209,233436,nobody,3017,EDG,EDward Gaming,1.21,1.73,150.0,235.0,3.0,12.0,2.0,3.0,0.0,3.0,75.0,83.0,77.0,164.0,29.0,63.0,0.0,1.0,0.0,0.0
542209,233436,Jieni7,51244,EDG,EDward Gaming,1.24,1.29,358.0,227.0,5.0,9.0,3.0,6.0,2.0,10.0,75.0,83.0,205.0,138.0,36.0,31.0,0.0,1.0,1.0,0.0
542209,233436,CHICHOO,15559,EDG,EDward Gaming,1.16,1.19,171.0,135.0,3.0,6.0,2.0,3.0,0.0,3.0,75.0,92.0,99.0,102.0,14.0,11.0,0.0,0.0,0.0,0.0
542209,233436,Smoggy,4742,EDG,EDward Gaming,1.01,0.75,171.0,161.0,2.0,6.0,3.0,8.0,0.0,7.0,75.0,92.0,103.0,102.0,40.0,3.0,1.0,3.0,0.0,1.0
542209,233437,nAts,457,TL,Team Liquid,2.43,1.08,453.0,173.0,22.0,5.0,4.0,3.0,0.0,0.0,92.0,86.0,277.0,118.0,22.0,31.0,1.0,0.0,1.0,0.0
542209,233437,kamo,14681,TL,Team Liquid,0.99,1.13,262.0,262.0,11.0,6.0,8.0,6.0,0.0,3.0,67.0,86.0,168.0,189.0,40.0,35.0,4.0,2.0,1.0,1.0
542209,233437,paTiTek,309,TL,Team Liquid,0.64,1.74,90.0,345.0,4.0,9.0,7.0,4.0,7.0,6.0,75.0,100.0,63.0,205.0,13.0,23.0,0.0,0.0,1.0,0.0
542209,233437,trexx,2168,TL,Team Liquid,0.85,1.02,124.0,164.0,5.0,4.0,6.0,3.0,3.0,2.0,83.0,86.0,90.0,113.0,22.0,12.0,0.0,1.0,0.0,1.0
542209,233437,keiko,11494,TL,Team Liquid,0.88,0.94,206.0,132.0,8.0,3.0,7.0,3.0,4.0,1.0,83.0,71.0,133.0,80.0,50.0,60.0,3.0,1.0,1.0,1.0
542209,233437,Smoggy,4742,EDG,EDward Gaming,1.07,1.0,164.0,179.0,4.0,8.0,5.0,10.0,3.0,5.0,71.0,67.0,103.0,103.0,24.0,35.0,0.0,1.0,0.0,2.0
542209,233437,Jieni7,51244,EDG,EDward Gaming,0.19,1.02,74.0,251.0,1.0,10.0,6.0,10.0,0.0,1.0,29.0,75.0,55.0,146.0,0.0,35.0,1.0,2.0,0.0,1.0
542209,233437,nobody,3017,EDG,EDward Gaming,0.44,0.72,96.0,176.0,2.0,6.0,6.0,9.0,1.0,2.0,43.0,50.0,64.0,124.0,14.0,33.0,0.0,0.0,2.0,1.0
542209,233437,CHICHOO,15559,EDG,EDward Gaming,0.76,0.5,91.0,120.0,3.0,4.0,5.0,10.0,2.0,4.0,43.0,50.0,67.0,89.0,29.0,17.0,0.0,0.0,2.0,0.0
542209,233437,ZmjjKK,3520,EDG,EDward Gaming,1.03,0.23,224.0,89.0,6.0,4.0,6.0,12.0,1.0,0.0,71.0,33.0,122.0,60.0,45.0,25.0,2.0,1.0,0.0,4.0
542209,233438,nAts,457,TL,Team Liquid,1.5,1.39,273.0,268.0,14.0,13.0,9.0,8.0,0.0,4.0,57.0,79.0,159.0,164.0,16.0,33.0,1.0,3.0,2.0,0.0
542209,233438,kamo,14681,TL,Team Liquid,1.22,1.19,256.0,184.0,13.0,9.0,10.0,7.0,3.0,2.0,57.0,71.0,158.0,130.0,34.0,23.0,2.0,2.0,3.0,4.0
542209,233438,paTiTek,309,TL,Team Liquid,0.56,1.26,140.0,197.0,6.0,10.0,11.0,7.0,4.0,5.0,79.0,71.0,104.0,109.0,22.0,25.0,1.0,0.0,1.0,0.0
542209,233438,trexx,2168,TL,Team Liquid,1.12,0.69,237.0,136.0,12.0,5.0,10.0,11.0,6.0,6.0,93.0,50.0,142.0,101.0,30.0,21.0,0.0,3.0,0.0,1.0
542209,233438,keiko,11494,TL,Team Liquid,0.44,0.94,156.0,172.0,6.0,8.0,12.0,9.0,4.0,1.0,64.0,64.0,115.0,119.0,16.0,19.0,1.0,0.0,3.0,1.0
542209,233438,Smoggy,4742,EDG,EDward Gaming,0.83,1.53,158.0,342.0,6.0,16.0,9.0,12.0,4.0,8.0,71.0,86.0,101.0,220.0,10.0,22.0,1.0,3.0,1.0,1.0
542209,233438,nobody,3017,EDG,EDward Gaming,0.69,1.22,117.0,174.0,5.0,11.0,10.0,7.0,2.0,1.0,71.0,64.0,83.0,115.0,22.0,15.0,0.0,0.0,1.0,1.0
542209,233438,CHICHOO,15559,EDG,EDward Gaming,0.98,0.86,229.0,139.0,12.0,7.0,9.0,8.0,2.0,3.0,64.0,79.0,136.0,97.0,17.0,30.0,2.0,1.0,1.0,0.0
542209,233438,ZmjjKK,3520,EDG,EDward Gaming,1.24,0.49,259.0,136.0,14.0,5.0,8.0,12.0,2.0,5.0,57.0,57.0,157.0,94.0,28.0,8.0,3.0,3.0,5.0,1.0
542209,233438,Jieni7,51244,EDG,EDward Gaming,0.64,1.07,118.0,244.0,5.0,13.0,9.0,12.0,2.0,2.0,64.0,57.0,83.0,154.0,33.0,31.0,0.0,2.0,0.0,2.0
542210,233439,MaKo,4462,KRX,KIWOOM DRX,1.49,1.21,251.0,265.0,9.0,11.0,3.0,9.0,1.0,5.0,89.0,67.0,175.0,179.0,32.0,36.0,2.0,0.0,0.0,0.0
542210,233439,Flashback,35013,KRX,KIWOOM DRX,1.71,0.92,409.0,187.0,13.0,9.0,6.0,8.0,2.0,0.0,78.0,67.0,259.0,135.0,40.0,35.0,4.0,2.0,1.0,2.0
542210,233439,HYUNMIN,28400,KRX,KIWOOM DRX,0.96,0.79,191.0,178.0,5.0,8.0,6.0,8.0,4.0,1.0,78.0,83.0,118.0,115.0,32.0,50.0,2.0,0.0,0.0,1.0
542210,233439,BeYN,4678,KRX,KIWOOM DRX,1.34,0.48,160.0,116.0,6.0,4.0,2.0,9.0,1.0,3.0,100.0,58.0,110.0,72.0,45.0,11.0,0.0,3.0,0.0,1.0
542210,233439,free1ng,1916,KRX,KIWOOM DRX,0.94,0.74,71.0,140.0,3.0,6.0,2.0,9.0,0.0,3.0,78.0,75.0,62.0,101.0,60.0,53.0,0.0,1.0,0.0,2.0
542210,233439,keiko,11494,TL,Team Liquid,1.18,1.39,232.0,238.0,11.0,7.0,9.0,7.0,2.0,3.0,83.0,67.0,163.0,147.0,48.0,29.0,0.0,0.0,0.0,2.0
542210,233439,trexx,2168,TL,Team Liquid,1.41,0.56,200.0,118.0,8.0,2.0,6.0,7.0,5.0,3.0,75.0,33.0,133.0,88.0,37.0,13.0,0.0,0.0,0.0,1.0
542210,233439,kamo,14681,TL,Team Liquid,1.24,0.41,167.0,95.0,7.0,2.0,5.0,7.0,3.0,1.0,83.0,56.0,127.0,60.0,36.0,27.0,2.0,0.0,3.0,3.0
542210,233439,nAts,457,TL,Team Liquid,1.04,0.42,243.0,131.0,10.0,4.0,9.0,8.0,3.0,0.0,67.0,56.0,149.0,96.0,17.0,15.0,4.0,0.0,3.0,2.0
542210,233439,paTiTek,309,TL,Team Liquid,0.83,0.67,164.0,158.0,7.0,4.0,9.0,7.0,4.0,2.0,75.0,56.0,98.0,103.0,40.0,13.0,0.0,1.0,0.0,0.0
542210,233440,HYUNMIN,28400,KRX,KIWOOM DRX,2.3,0.92,463.0,232.0,14.0,10.0,3.0,11.0,3.0,2.0,75.0,58.0,328.0,151.0,45.0,45.0,2.0,3.0,2.0,2.0
542210,233440,Flashback,35013,KRX,KIWOOM DRX,1.71,1.11,283.0,240.0,8.0,10.0,3.0,9.0,1.0,2.0,88.0,58.0,186.0,162.0,29.0,29.0,2.0,1.0,1.0,1.0
542210,233440,MaKo,4462,KRX,KIWOOM DRX,0.55,1.39,57.0,240.0,1.0,10.0,4.0,7.0,5.0,3.0,75.0,75.0,35.0,138.0,0.0,31.0,0.0,2.0,1.0,1.0
542210,233440,free1ng,1916,KRX,KIWOOM DRX,1.49,0.55,209.0,143.0,7.0,6.0,3.0,10.0,1.0,2.0,75.0,67.0,126.0,100.0,55.0,42.0,0.0,0.0,0.0,0.0
542210,233440,BeYN,4678,KRX,KIWOOM DRX,0.87,0.85,110.0,140.0,4.0,6.0,4.0,7.0,0.0,2.0,88.0,67.0,77.0,86.0,30.0,33.0,0.0,1.0,0.0,1.0
542210,233440,keiko,11494,TL,Team Liquid,1.31,1.05,250.0,265.0,11.0,7.0,8.0,7.0,4.0,2.0,92.0,63.0,169.0,147.0,33.0,25.0,2.0,3.0,0.0,2.0
542210,233440,kamo,14681,TL,Team Liquid,1.59,0.32,285.0,93.0,13.0,3.0,7.0,7.0,1.0,0.0,67.0,38.0,205.0,44.0,46.0,40.0,0.0,1.0,3.0,1.0
542210,233440,trexx,2168,TL,Team Liquid,1.03,0.68,206.0,134.0,8.0,4.0,8.0,7.0,0.0,0.0,75.0,50.0,129.0,98.0,21.0,40.0,0.0,0.0,1.0,0.0
542210,233440,nAts,457,TL,Team Liquid,0.7,0.58,210.0,133.0,9.0,2.0,10.0,7.0,2.0,5.0,58.0,63.0,135.0,103.0,32.0,31.0,3.0,0.0,3.0,1.0
542210,233440,paTiTek,309,TL,Team Liquid,0.31,0.35,79.0,64.0,3.0,1.0,9.0,6.0,2.0,3.0,58.0,63.0,58.0,42.0,57.0,40.0,0.0,0.0,0.0,0.0
542211,233442,leaf,7873,G2,G2 Esports,0.58,1.44,96.0,255.0,4.0,11.0,9.0,6.0,1.0,2.0,45.0,83.0,61.0,165.0,18.0,26.0,0.0,1.0,1.0,0.0
542211,233442,trent,15500,G2,G2 Esports,0.4,1.53,89.0,214.0,3.0,11.0,9.0,5.0,1.0,4.0,55.0,75.0,58.0,122.0,43.0,21.0,0.0,0.0,1.0,1.0
542211,233442,valyn,3885,G2,G2 Esports,0.25,1.55,68.0,365.0,1.0,15.0,10.0,10.0,4.0,7.0,36.0,92.0,48.0,221.0,4.0,28.0,1.0,3.0,2.0,1.0
542211,233442,JonahP,4581,G2,G2 Esports,0.41,0.8,113.0,146.0,4.0,7.0,10.0,7.0,2.0,3.0,36.0,67.0,96.0,73.0,36.0,18.0,0.0,1.0,2.0,2.0
542211,233442,jawgemo,3993,G2,G2 Esports,0.47,0.71,154.0,129.0,5.0,4.0,10.0,8.0,1.0,5.0,55.0,67.0,102.0,100.0,24.0,9.0,1.0,1.0,3.0,2.0
542211,233442,benjyfishy,29873,TH,Team Heretics,1.2,2.02,227.0,413.0,11.0,14.0,8.0,5.0,0.0,8.0,75.0,100.0,129.0,280.0,23.0,32.0,1.0,2.0,0.0,2.0
542211,233442,RieNs,10971,TH,Team Heretics,1.02,1.89,190.0,359.0,6.0,15.0,9.0,5.0,6.0,5.0,83.0,100.0,133.0,208.0,38.0,23.0,1.0,1.0,0.0,0.0
542211,233442,MiniBoo,18350,TH,Team Heretics,0.72,1.82,230.0,309.0,10.0,13.0,12.0,5.0,2.0,3.0,58.0,91.0,141.0,198.0,40.0,40.0,4.0,5.0,3.0,0.0
542211,233442,Boo,1144,TH,Team Heretics,0.73,1.52,138.0,116.0,5.0,5.0,9.0,1.0,5.0,16.0,75.0,91.0,104.0,49.0,35.0,25.0,0.0,1.0,0.0,0.0
542211,233442,Wo0t,21328,TH,Team Heretics,0.31,0.91,101.0,26.0,4.0,1.0,10.0,1.0,3.0,1.0,67.0,91.0,70.0,32.0,31.0,40.0,0.0,0.0,3.0,0.0
542211,233443,valyn,3885,G2,G2 Esports,1.19,1.63,249.0,296.0,9.0,12.0,10.0,7.0,2.0,8.0,55.0,92.0,149.0,207.0,22.0,44.0,1.0,3.0,0.0,1.0
542211,233443,leaf,7873,G2,G2 Esports,1.17,1.18,278.0,235.0,10.0,11.0,10.0,8.0,4.0,3.0,55.0,75.0,171.0,173.0,11.0,19.0,0.0,0.0,3.0,3.0
542211,233443,trent,15500,G2,G2 Esports,0.48,1.09,128.0,176.0,4.0,8.0,9.0,7.0,1.0,3.0,64.0,83.0,78.0,120.0,35.0,43.0,0.0,0.0,1.0,0.0
542211,233443,jawgemo,3993,G2,G2 Esports,0.62,0.86,156.0,175.0,6.0,8.0,10.0,8.0,3.0,3.0,45.0,58.0,90.0,100.0,25.0,35.0,1.0,2.0,3.0,1.0
542211,233443,JonahP,4581,G2,G2 Esports,0.06,1.05,88.0,181.0,2.0,7.0,11.0,7.0,5.0,7.0,73.0,75.0,54.0,121.0,14.0,10.0,0.0,2.0,2.0,0.0
542211,233443,Wo0t,21328,TH,Team Heretics,0.87,1.87,221.0,355.0,9.0,14.0,10.0,6.0,1.0,3.0,50.0,91.0,155.0,241.0,26.0,41.0,1.0,2.0,1.0,0.0
542211,233443,RieNs,10971,TH,Team Heretics,1.04,1.39,177.0,253.0,8.0,12.0,8.0,7.0,2.0,6.0,67.0,91.0,121.0,200.0,39.0,47.0,1.0,1.0,1.0,1.0
542211,233443,MiniBoo,18350,TH,Team Heretics,0.87,1.35,198.0,243.0,8.0,9.0,9.0,6.0,0.0,5.0,58.0,91.0,129.0,180.0,33.0,22.0,3.0,4.0,3.0,0.0
542211,233443,Boo,1144,TH,Team Heretics,0.66,1.54,116.0,237.0,4.0,9.0,10.0,5.0,7.0,13.0,67.0,82.0,80.0,136.0,31.0,19.0,0.0,1.0,1.0,1.0
542211,233443,benjyfishy,29873,TH,Team Heretics,1.06,0.84,208.0,163.0,8.0,6.0,9.0,7.0,6.0,4.0,75.0,73.0,155.0,109.0,15.0,24.0,0.0,1.0,1.0,0.0
542212,233445,SpiritZ1,31753,DRG,Dragon Ranger Gaming,1.21,1.57,233.0,369.0,11.0,15.0,8.0,13.0,5.0,9.0,86.0,86.0,148.0,262.0,32.0,27.0,4.0,2.0,1.0,0.0
542212,233445,Nicc,11524,DRG,Dragon Ranger Gaming,1.29,1.28,236.0,243.0,13.0,12.0,8.0,10.0,4.0,4.0,93.0,86.0,142.0,171.0,31.0,34.0,0.0,0.0,0.0,0.0
542212,233445,Demon1,26171,DRG,Dragon Ranger Gaming,1.22,0.91,203.0,169.0,11.0,10.0,7.0,9.0,0.0,0.0,79.0,64.0,135.0,104.0,35.0,34.0,0.0,1.0,0.0,1.0
542212,233445,Akeman,52904,DRG,Dragon Ranger Gaming,0.76,0.8,205.0,164.0,10.0,9.0,11.0,11.0,3.0,2.0,64.0,57.0,118.0,104.0,30.0,32.0,4.0,2.0,3.0,5.0
542212,233445,Flex1n,4705,DRG,Dragon Ranger Gaming,0.88,0.28,155.0,96.0,8.0,4.0,9.0,12.0,8.0,4.0,86.0,57.0,91.0,69.0,13.0,22.0,1.0,0.0,1.0,3.0
542212,233445,DH,43057,T1,T1,1.83,1.16,335.0,219.0,16.0,11.0,8.0,10.0,9.0,4.0,100.0,64.0,215.0,126.0,23.0,34.0,2.0,1.0,0.0,2.0
542212,233445,iZu,29833,T1,T1,0.78,1.11,206.0,227.0,10.0,12.0,12.0,10.0,3.0,3.0,71.0,71.0,130.0,119.0,28.0,28.0,4.0,3.0,1.0,3.0
542212,233445,BuZz,804,T1,T1,1.11,0.74,265.0,121.0,12.0,5.0,11.0,9.0,5.0,5.0,79.0,50.0,176.0,96.0,20.0,14.0,2.0,0.0,1.0,3.0
542212,233445,stax,485,T1,T1,0.94,0.87,162.0,178.0,9.0,7.0,9.0,11.0,7.0,7.0,86.0,57.0,96.0,113.0,35.0,44.0,0.0,1.0,1.0,0.0
542212,233445,Meteor,13039,T1,T1,0.79,0.7,163.0,183.0,8.0,8.0,10.0,13.0,1.0,2.0,64.0,57.0,119.0,125.0,29.0,30.0,1.0,0.0,2.0,1.0
542212,233446,SpiritZ1,31753,DRG,Dragon Ranger Gaming,0.7,1.68,146.0,351.0,9.0,18.0,12.0,11.0,3.0,7.0,93.0,80.0,96.0,214.0,38.0,32.0,1.0,6.0,2.0,1.0
542212,233446,Nicc,11524,DRG,Dragon Ranger Gaming,1.39,0.83,311.0,120.0,17.0,7.0,11.0,8.0,5.0,2.0,93.0,60.0,182.0,77.0,38.0,28.0,2.0,0.0,0.0,1.0
542212,233446,Demon1,26171,DRG,Dragon Ranger Gaming,1.14,0.86,193.0,140.0,10.0,8.0,11.0,10.0,3.0,4.0,60.0,73.0,142.0,93.0,42.0,26.0,1.0,0.0,0.0,1.0
542212,233446,Flex1n,4705,DRG,Dragon Ranger Gaming,0.67,1.16,170.0,216.0,9.0,11.0,12.0,10.0,4.0,7.0,67.0,80.0,109.0,160.0,37.0,31.0,1.0,3.0,4.0,2.0
542212,233446,Akeman,52904,DRG,Dragon Ranger Gaming,0.63,0.91,177.0,185.0,8.0,10.0,14.0,10.0,3.0,5.0,60.0,60.0,126.0,122.0,19.0,12.0,1.0,1.0,3.0,0.0
542212,233446,Meteor,13039,T1,T1,1.82,0.86,372.0,179.0,19.0,10.0,10.0,10.0,3.0,3.0,80.0,73.0,222.0,122.0,54.0,41.0,1.0,2.0,0.0,2.0
542212,233446,BuZz,804,T1,T1,0.87,1.46,195.0,343.0,12.0,19.0,11.0,12.0,1.0,3.0,73.0,87.0,117.0,224.0,33.0,23.0,1.0,1.0,5.0,2.0
542212,233446,iZu,29833,T1,T1,0.69,1.11,128.0,180.0,6.0,10.0,10.0,9.0,5.0,2.0,73.0,67.0,80.0,109.0,15.0,39.0,1.0,3.0,1.0,0.0
542212,233446,stax,485,T1,T1,0.75,0.83,164.0,181.0,8.0,8.0,11.0,10.0,4.0,4.0,53.0,93.0,105.0,120.0,53.0,38.0,1.0,1.0,3.0,1.0
542212,233446,DH,43057,T1,T1,0.42,1.14,108.0,228.0,4.0,13.0,12.0,12.0,2.0,8.0,53.0,80.0,86.0,124.0,29.0,30.0,1.0,2.0,1.0,1.0
542213,233448,RieNs,10971,TH,Team Heretics,1.49,1.42,274.0,276.0,11.0,12.0,7.0,7.0,3.0,6.0,91.0,83.0,173.0,169.0,15.0,76.0,0.0,0.0,0.0,0.0
542213,233448,Wo0t,21328,TH,Team Heretics,0.91,1.52,232.0,320.0,9.0,14.0,8.0,6.0,1.0,2.0,55.0,92.0,139.0,214.0,38.0,22.0,3.0,4.0,2.0,1.0
542213,233448,Boo,1144,TH,Team Heretics,0.86,1.13,136.0,140.0,5.0,7.0,9.0,5.0,10.0,8.0,82.0,92.0,64.0,98.0,33.0,54.0,0.0,1.0,0.0,1.0
542213,233448,benjyfishy,29873,TH,Team Heretics,1.1,0.89,235.0,153.0,10.0,5.0,8.0,7.0,1.0,5.0,82.0,75.0,145.0,109.0,50.0,19.0,1.0,0.0,2.0,0.0
542213,233448,MiniBoo,18350,TH,Team Heretics,0.74,1.13,165.0,266.0,6.0,11.0,8.0,8.0,2.0,3.0,64.0,92.0,114.0,156.0,14.0,11.0,1.0,3.0,2.0,2.0
542213,233448,BuZz,804,T1,T1,0.94,1.27,162.0,271.0,7.0,11.0,9.0,8.0,6.0,4.0,83.0,73.0,100.0,180.0,23.0,29.0,1.0,0.0,2.0,1.0
542213,233448,DH,43057,T1,T1,1.07,1.08,188.0,217.0,8.0,8.0,9.0,8.0,2.0,4.0,50.0,82.0,121.0,135.0,56.0,45.0,0.0,1.0,2.0,1.0
542213,233448,iZu,29833,T1,T1,0.73,1.45,161.0,322.0,7.0,12.0,10.0,8.0,1.0,3.0,58.0,64.0,94.0,202.0,15.0,32.0,1.0,2.0,4.0,1.0
542213,233448,Meteor,13039,T1,T1,0.87,0.64,190.0,119.0,8.0,5.0,10.0,8.0,1.0,2.0,58.0,64.0,112.0,70.0,40.0,33.0,2.0,2.0,0.0,1.0
542213,233448,stax,485,T1,T1,0.31,0.53,85.0,132.0,3.0,4.0,11.0,9.0,3.0,6.0,42.0,73.0,53.0,81.0,50.0,27.0,0.0,1.0,0.0,1.0
542213,233449,RieNs,10971,TH,Team Heretics,0.73,1.57,195.0,282.0,8.0,11.0,11.0,5.0,4.0,1.0,58.0,67.0,113.0,189.0,30.0,52.0,0.0,1.0,0.0,1.0
542213,233449,Wo0t,21328,TH,Team Heretics,1.26,0.92,290.0,200.0,11.0,8.0,10.0,9.0,5.0,1.0,83.0,83.0,198.0,151.0,17.0,22.0,0.0,1.0,1.0,0.0
542213,233449,Boo,1144,TH,Team Heretics,0.99,1.07,164.0,157.0,7.0,7.0,9.0,6.0,7.0,6.0,75.0,83.0,106.0,107.0,30.0,10.0,1.0,0.0,2.0,0.0
542213,233449,MiniBoo,18350,TH,Team Heretics,0.98,0.93,173.0,219.0,8.0,9.0,8.0,8.0,1.0,0.0,67.0,67.0,102.0,137.0,46.0,24.0,2.0,4.0,2.0,2.0
542213,233449,benjyfishy,29873,TH,Team Heretics,0.53,0.59,98.0,141.0,5.0,5.0,10.0,9.0,3.0,4.0,50.0,50.0,62.0,90.0,50.0,31.0,0.0,1.0,4.0,2.0
542213,233449,Meteor,13039,T1,T1,0.99,1.91,171.0,414.0,8.0,16.0,9.0,8.0,1.0,6.0,83.0,92.0,111.0,269.0,25.0,39.0,1.0,5.0,1.0,0.0
542213,233449,iZu,29833,T1,T1,1.03,1.36,215.0,246.0,10.0,11.0,9.0,7.0,3.0,0.0,75.0,83.0,120.0,129.0,35.0,29.0,2.0,2.0,1.0,0.0
542213,233449,DH,43057,T1,T1,0.72,1.21,135.0,270.0,5.0,11.0,8.0,8.0,5.0,7.0,58.0,75.0,82.0,206.0,21.0,45.0,1.0,1.0,1.0,0.0
542213,233449,stax,485,T1,T1,1.17,0.56,181.0,72.0,7.0,3.0,6.0,7.0,3.0,3.0,83.0,58.0,140.0,53.0,47.0,11.0,0.0,0.0,0.0,0.0
542213,233449,BuZz,804,T1,T1,0.85,0.43,187.0,127.0,7.0,7.0,8.0,9.0,4.0,0.0,67.0,42.0,111.0,89.0,14.0,33.0,1.0,1.0,4.0,3.0
542214,233451,leaf,7873,G2,G2 Esports,1.34,1.97,225.0,427.0,10.0,13.0,8.0,4.0,3.0,3.0,75.0,75.0,165.0,237.0,31.0,25.0,0.0,2.0,1.0,0.0
542214,233451,JonahP,4581,G2,G2 Esports,0.96,1.37,225.0,198.0,9.0,6.0,10.0,3.0,2.0,3.0,75.0,88.0,136.0,108.0,24.0,7.0,1.0,0.0,1.0,0.0
542214,233451,jawgemo,3993,G2,G2 Esports,0.69,1.72,184.0,320.0,7.0,9.0,10.0,4.0,3.0,3.0,67.0,88.0,122.0,203.0,35.0,40.0,2.0,4.0,3.0,0.0
542214,233451,valyn,3885,G2,G2 Esports,0.77,1.49,135.0,183.0,5.0,6.0,8.0,2.0,3.0,3.0,75.0,100.0,90.0,126.0,24.0,44.0,0.0,0.0,2.0,0.0
542214,233451,trent,15500,G2,G2 Esports,0.7,0.81,138.0,81.0,5.0,2.0,9.0,3.0,5.0,3.0,67.0,88.0,102.0,78.0,25.0,27.0,0.0,0.0,2.0,2.0
542214,233451,Akeman,52904,DRG,Dragon Ranger Gaming,0.48,1.7,96.0,385.0,3.0,17.0,8.0,7.0,0.0,0.0,63.0,75.0,77.0,214.0,20.0,38.0,0.0,5.0,0.0,0.0
542214,233451,Flex1n,4705,DRG,Dragon Ranger Gaming,0.99,0.75,244.0,151.0,6.0,6.0,7.0,7.0,3.0,7.0,63.0,83.0,170.0,90.0,38.0,35.0,1.0,1.0,2.0,0.0
542214,233451,Demon1,26171,DRG,Dragon Ranger Gaming,0.61,0.9,118.0,160.0,4.0,7.0,7.0,6.0,1.0,1.0,63.0,92.0,60.0,109.0,43.0,32.0,1.0,0.0,1.0,0.0
542214,233451,SpiritZ1,31753,DRG,Dragon Ranger Gaming,0.4,0.9,121.0,254.0,3.0,10.0,7.0,10.0,1.0,4.0,38.0,83.0,89.0,154.0,33.0,21.0,0.0,3.0,0.0,2.0
542214,233451,Nicc,11524,DRG,Dragon Ranger Gaming,0.04,0.8,23.0,134.0,0.0,5.0,7.0,6.0,1.0,6.0,50.0,67.0,23.0,99.0,33.0,33.0,0.0,0.0,3.0,1.0
542214,233452,jawgemo,3993,G2,G2 Esports,1.53,1.55,331.0,308.0,10.0,13.0,5.0,8.0,3.0,6.0,75.0,83.0,204.0,193.0,27.0,39.0,1.0,2.0,3.0,3.0
542214,233452,trent,15500,G2,G2 Esports,2.49,0.73,388.0,129.0,12.0,7.0,2.0,8.0,4.0,3.0,100.0,58.0,290.0,81.0,34.0,21.0,1.0,0.0,0.0,1.0
542214,233452,JonahP,4581,G2,G2 Esports,2.22,0.44,338.0,87.0,12.0,2.0,3.0,10.0,4.0,6.0,88.0,67.0,233.0,71.0,42.0,11.0,2.0,1.0,1.0,1.0
542214,233452,leaf,7873,G2,G2 Esports,0.84,0.78,134.0,167.0,4.0,8.0,5.0,10.0,2.0,1.0,75.0,75.0,106.0,120.0,6.0,19.0,0.0,1.0,0.0,1.0
542214,233452,valyn,3885,G2,G2 Esports,0.37,1.01,73.0,228.0,1.0,10.0,6.0,9.0,4.0,3.0,63.0,75.0,51.0,144.0,29.0,25.0,0.0,1.0,0.0,1.0
542214,233452,Demon1,26171,DRG,Dragon Ranger Gaming,1.82,0.23,288.0,81.0,12.0,2.0,5.0,8.0,3.0,4.0,92.0,63.0,199.0,53.0,52.0,60.0,1.0,0.0,1.0,0.0
542214,233452,Flex1n,4705,DRG,Dragon Ranger Gaming,1.2,0.99,233.0,235.0,10.0,7.0,8.0,7.0,6.0,0.0,100.0,63.0,154.0,139.0,35.0,26.0,2.0,1.0,0.0,0.0
542214,233452,SpiritZ1,31753,DRG,Dragon Ranger Gaming,0.68,0.92,156.0,264.0,7.0,7.0,9.0,8.0,1.0,2.0,75.0,63.0,99.0,140.0,22.0,43.0,2.0,3.0,3.0,2.0
542214,233452,Akeman,52904,DRG,Dragon Ranger Gaming,0.98,0.34,195.0,94.0,9.0,2.0,8.0,8.0,0.0,3.0,67.0,50.0,134.0,71.0,21.0,43.0,2.0,0.0,1.0,1.0
542214,233452,Nicc,11524,DRG,Dragon Ranger Gaming,0.64,0.48,152.0,151.0,7.0,3.0,10.0,8.0,1.0,4.0,75.0,75.0,95.0,146.0,43.0,25.0,0.0,0.0,0.0,1.0
542215,233454,iZu,29833,T1,T1,1.42,1.42,265.0,230.0,12.0,9.0,8.0,4.0,1.0,0.0,83.0,90.0,184.0,130.0,38.0,0.0,0.0,2.0,0.0,0.0
542215,233454,Meteor,13039,T1,T1,0.66,1.48,130.0,345.0,5.0,11.0,10.0,8.0,1.0,5.0,50.0,90.0,90.0,218.0,10.0,40.0,3.0,4.0,1.0,0.0
542215,233454,stax,485,T1,T1,0.34,0.99,109.0,170.0,4.0,8.0,9.0,7.0,3.0,3.0,58.0,70.0,73.0,100.0,14.0,36.0,0.0,0.0,3.0,1.0
542215,233454,BuZz,804,T1,T1,0.62,0.64,217.0,170.0,9.0,6.0,11.0,7.0,0.0,2.0,67.0,70.0,130.0,120.0,63.0,32.0,1.0,0.0,1.0,1.0
542215,233454,DH,43057,T1,T1,0.58,0.55,157.0,79.0,6.0,2.0,10.0,6.0,4.0,4.0,58.0,60.0,97.0,57.0,37.0,25.0,1.0,0.0,2.0,2.0
542215,233454,valyn,3885,G2,G2 Esports,1.22,1.62,210.0,346.0,7.0,14.0,7.0,8.0,5.0,5.0,90.0,83.0,140.0,218.0,19.0,42.0,2.0,2.0,0.0,2.0
542215,233454,leaf,7873,G2,G2 Esports,1.0,1.39,155.0,242.0,5.0,11.0,6.0,6.0,3.0,3.0,70.0,83.0,117.0,172.0,22.0,18.0,0.0,1.0,2.0,0.0
542215,233454,jawgemo,3993,G2,G2 Esports,0.98,1.39,251.0,301.0,9.0,14.0,8.0,9.0,0.0,1.0,60.0,75.0,150.0,173.0,35.0,33.0,1.0,3.0,1.0,1.0
542215,233454,trent,15500,G2,G2 Esports,1.03,0.91,183.0,134.0,6.0,6.0,7.0,6.0,4.0,4.0,90.0,75.0,121.0,98.0,19.0,35.0,1.0,0.0,1.0,2.0
542215,233454,JonahP,4581,G2,G2 Esports,0.79,0.83,157.0,111.0,5.0,3.0,8.0,7.0,6.0,7.0,60.0,92.0,96.0,80.0,29.0,8.0,0.0,1.0,2.0,0.0
542215,233455,stax,485,T1,T1,1.31,0.61,252.0,105.0,8.0,4.0,6.0,10.0,2.0,1.0,67.0,50.0,185.0,77.0,56.0,40.0,0.0,0.0,0.0,0.0
542215,233455,DH,43057,T1,T1,0.79,0.82,149.0,150.0,5.0,6.0,7.0,8.0,5.0,3.0,67.0,67.0,110.0,89.0,47.0,29.0,0.0,0.0,1.0,3.0
542215,233455,iZu,29833,T1,T1,0.46,0.95,161.0,209.0,5.0,9.0,8.0,9.0,0.0,1.0,56.0,50.0,100.0,116.0,36.0,15.0,1.0,0.0,0.0,4.0
542215,233455,Meteor,13039,T1,T1,0.75,0.69,203.0,182.0,6.0,6.0,8.0,10.0,1.0,0.0,67.0,42.0,139.0,131.0,50.0,30.0,1.0,3.0,2.0,1.0
542215,233455,BuZz,804,T1,T1,0.28,0.72,101.0,128.0,3.0,5.0,8.0,9.0,4.0,3.0,89.0,50.0,59.0,88.0,8.0,33.0,1.0,0.0,3.0,1.0
542215,233455,trent,15500,G2,G2 Esports,1.17,1.87,124.0,375.0,5.0,13.0,5.0,6.0,3.0,3.0,75.0,89.0,91.0,218.0,46.0,31.0,1.0,0.0,0.0,1.0
542215,233455,jawgemo,3993,G2,G2 Esports,1.32,1.4,245.0,237.0,11.0,8.0,6.0,6.0,2.0,4.0,67.0,89.0,143.0,137.0,43.0,15.0,5.0,2.0,2.0,0.0
542215,233455,leaf,7873,G2,G2 Esports,1.14,1.28,274.0,203.0,12.0,7.0,7.0,5.0,3.0,2.0,67.0,78.0,176.0,146.0,18.0,20.0,1.0,1.0,0.0,0.0
542215,233455,valyn,3885,G2,G2 Esports,1.26,0.91,230.0,179.0,10.0,4.0,6.0,6.0,3.0,5.0,92.0,89.0,150.0,123.0,23.0,26.0,1.0,3.0,1.0,1.0
542215,233455,JonahP,4581,G2,G2 Esports,1.07,1.08,181.0,135.0,8.0,5.0,6.0,4.0,7.0,3.0,75.0,78.0,88.0,85.0,15.0,13.0,1.0,0.0,0.0,1.0
542264,233457,kaajak,9554,FNC,FNATIC,1.88,1.11,331.0,199.0,14.0,8.0,4.0,8.0,3.0,2.0,92.0,58.0,222.0,145.0,31.0,32.0,2.0,1.0,1.0,1.0
542264,233457,Alfajer,9810,FNC,FNATIC,1.89,1.08,375.0,193.0,18.0,7.0,6.0,6.0,0.0,2.0,100.0,50.0,293.0,120.0,44.0,24.0,3.0,1.0,1.0,2.0
542264,233457,crashies,4,FNC,FNATIC,1.71,0.37,230.0,141.0,12.0,4.0,3.0,11.0,4.0,1.0,92.0,42.0,153.0,100.0,39.0,8.0,1.0,0.0,0.0,0.0
542264,233457,Boaster,438,FNC,FNATIC,0.89,0.45,107.0,145.0,4.0,6.0,5.0,12.0,3.0,3.0,83.0,58.0,76.0,65.0,24.0,36.0,1.0,1.0,1.0,1.0
542264,233457,Chronicle,458,FNC,FNATIC,0.85,0.38,118.0,130.0,5.0,4.0,6.0,11.0,6.0,1.0,83.0,50.0,85.0,104.0,30.0,14.0,0.0,2.0,2.0,3.0
542264,233457,BeYN,4678,KRX,KIWOOM DRX,1.77,0.59,204.0,160.0,10.0,5.0,2.0,11.0,4.0,3.0,100.0,50.0,134.0,122.0,25.0,13.0,1.0,0.0,0.0,0.0
542264,233457,MaKo,4462,KRX,KIWOOM DRX,1.36,0.7,260.0,132.0,10.0,5.0,5.0,9.0,4.0,2.0,83.0,50.0,168.0,89.0,17.0,33.0,0.0,1.0,1.0,3.0
542264,233457,HYUNMIN,28400,KRX,KIWOOM DRX,1.34,0.41,247.0,112.0,10.0,4.0,7.0,10.0,7.0,1.0,83.0,58.0,169.0,79.0,26.0,70.0,1.0,1.0,1.0,1.0
542264,233457,Flashback,35013,KRX,KIWOOM DRX,0.94,0.64,204.0,189.0,9.0,7.0,8.0,11.0,0.0,1.0,83.0,58.0,128.0,114.0,35.0,13.0,5.0,3.0,2.0,1.0
542264,233457,free1ng,1916,KRX,KIWOOM DRX,1.05,0.16,192.0,79.0,9.0,3.0,7.0,12.0,3.0,0.0,75.0,33.0,124.0,56.0,39.0,38.0,0.0,0.0,1.0,2.0
542264,233458,Chronicle,458,FNC,FNATIC,1.27,1.33,241.0,269.0,9.0,8.0,8.0,6.0,6.0,2.0,67.0,67.0,153.0,175.0,21.0,36.0,2.0,1.0,1.0,1.0
542264,233458,Alfajer,9810,FNC,FNATIC,1.31,1.02,246.0,201.0,12.0,7.0,8.0,6.0,4.0,0.0,75.0,56.0,142.0,143.0,50.0,31.0,0.0,2.0,1.0,3.0
542264,233458,kaajak,9554,FNC,FNATIC,0.89,1.38,206.0,227.0,8.0,8.0,10.0,4.0,5.0,0.0,67.0,78.0,150.0,138.0,29.0,40.0,2.0,2.0,3.0,0.0
542264,233458,Boaster,438,FNC,FNATIC,0.86,0.56,141.0,151.0,5.0,3.0,8.0,7.0,8.0,3.0,67.0,56.0,68.0,103.0,33.0,9.0,1.0,0.0,1.0,0.0
542264,233458,crashies,4,FNC,FNATIC,1.06,0.11,161.0,31.0,8.0,0.0,7.0,7.0,3.0,1.0,75.0,44.0,117.0,31.0,27.0,0.0,0.0,0.0,1.0,0.0
542264,233458,MaKo,4462,KRX,KIWOOM DRX,0.99,1.42,119.0,283.0,4.0,12.0,4.0,7.0,4.0,5.0,78.0,67.0,82.0,165.0,43.0,15.0,1.0,2.0,2.0,1.0
542264,233458,Flashback,35013,KRX,KIWOOM DRX,1.49,0.96,258.0,241.0,9.0,9.0,5.0,9.0,1.0,3.0,78.0,75.0,172.0,162.0,29.0,21.0,2.0,2.0,0.0,1.0
542264,233458,BeYN,4678,KRX,KIWOOM DRX,1.09,0.98,166.0,179.0,4.0,7.0,4.0,8.0,4.0,3.0,78.0,67.0,129.0,137.0,25.0,23.0,0.0,1.0,0.0,0.0
542264,233458,HYUNMIN,28400,KRX,KIWOOM DRX,1.28,0.69,265.0,193.0,8.0,8.0,5.0,10.0,2.0,1.0,89.0,83.0,168.0,124.0,39.0,35.0,1.0,1.0,3.0,2.0
542264,233458,free1ng,1916,KRX,KIWOOM DRX,0.69,0.71,163.0,113.0,5.0,5.0,8.0,8.0,1.0,1.0,56.0,58.0,111.0,71.0,31.0,25.0,0.0,1.0,0.0,1.0
542264,233459,Alfajer,9810,FNC,FNATIC,1.77,1.73,310.0,358.0,13.0,7.0,6.0,4.0,5.0,4.0,83.0,100.0,215.0,239.0,33.0,47.0,1.0,2.0,1.0,0.0
542264,233459,kaajak,9554,FNC,FNATIC,0.94,2.31,138.0,336.0,5.0,9.0,6.0,1.0,3.0,2.0,67.0,100.0,87.0,211.0,11.0,55.0,1.0,1.0,2.0,0.0
542264,233459,crashies,4,FNC,FNATIC,0.7,1.78,131.0,289.0,6.0,7.0,8.0,3.0,2.0,2.0,58.0,100.0,72.0,184.0,50.0,36.0,0.0,2.0,1.0,0.0
542264,233459,Boaster,438,FNC,FNATIC,1.23,0.49,173.0,86.0,8.0,1.0,6.0,4.0,6.0,3.0,75.0,100.0,100.0,58.0,10.0,6.0,1.0,1.0,4.0,0.0
542264,233459,Chronicle,458,FNC,FNATIC,0.74,1.07,134.0,201.0,5.0,5.0,9.0,4.0,6.0,2.0,75.0,83.0,122.0,133.0,25.0,23.0,1.0,0.0,0.0,0.0
542264,233459,HYUNMIN,28400,KRX,KIWOOM DRX,0.75,1.11,243.0,160.0,5.0,8.0,6.0,6.0,0.0,0.0,50.0,83.0,140.0,102.0,33.0,44.0,0.0,1.0,1.0,0.0
542264,233459,Flashback,35013,KRX,KIWOOM DRX,0.45,1.16,203.0,259.0,4.0,11.0,6.0,8.0,0.0,4.0,33.0,75.0,139.0,159.0,25.0,16.0,0.0,2.0,3.0,0.0
542264,233459,free1ng,1916,KRX,KIWOOM DRX,0.48,0.91,155.0,125.0,3.0,5.0,6.0,6.0,0.0,4.0,50.0,67.0,109.0,93.0,67.0,35.0,0.0,1.0,0.0,1.0
542264,233459,BeYN,4678,KRX,KIWOOM DRX,0.63,0.75,128.0,147.0,3.0,6.0,5.0,8.0,0.0,2.0,50.0,67.0,104.0,78.0,33.0,21.0,0.0,2.0,1.0,2.0
542264,233459,MaKo,4462,KRX,KIWOOM DRX,0.19,0.64,58.0,145.0,1.0,5.0,6.0,9.0,1.0,1.0,67.0,75.0,38.0,96.0,75.0,20.0,0.0,2.0,1.0,1.0
542265,233460,something,17086,PRX,Paper Rex,0.82,1.6,168.0,269.0,8.0,12.0,9.0,6.0,0.0,3.0,50.0,83.0,109.0,162.0,35.0,13.0,0.0,3.0,3.0,2.0
542265,233460,Jinggg,7378,PRX,Paper Rex,1.29,1.1,262.0,232.0,10.0,10.0,8.0,9.0,2.0,4.0,58.0,83.0,163.0,153.0,13.0,26.0,2.0,2.0,2.0,1.0
542265,233460,d4v41,9803,PRX,Paper Rex,0.93,1.08,132.0,252.0,5.0,10.0,6.0,9.0,2.0,6.0,75.0,75.0,106.0,168.0,32.0,39.0,0.0,1.0,0.0,1.0
542265,233460,f0rsakeN,9801,PRX,Paper Rex,0.87,0.83,204.0,153.0,8.0,6.0,10.0,8.0,5.0,7.0,67.0,75.0,127.0,102.0,42.0,23.0,1.0,0.0,4.0,1.0
542265,233460,PatMen,13744,PRX,Paper Rex,0.78,0.82,172.0,181.0,7.0,9.0,9.0,8.0,1.0,2.0,50.0,58.0,99.0,122.0,29.0,32.0,0.0,0.0,0.0,1.0
542265,233460,jawgemo,3993,G2,G2 Esports,1.19,1.56,311.0,282.0,13.0,12.0,11.0,6.0,0.0,2.0,67.0,83.0,193.0,174.0,26.0,12.0,4.0,4.0,2.0,0.0
542265,233460,JonahP,4581,G2,G2 Esports,1.18,0.97,228.0,203.0,10.0,7.0,9.0,8.0,1.0,4.0,50.0,92.0,127.0,134.0,40.0,18.0,0.0,1.0,2.0,0.0
542265,233460,leaf,7873,G2,G2 Esports,0.68,1.41,169.0,293.0,7.0,12.0,10.0,8.0,1.0,7.0,75.0,75.0,101.0,200.0,9.0,14.0,1.0,3.0,1.0,0.0
542265,233460,valyn,3885,G2,G2 Esports,0.72,0.98,129.0,210.0,5.0,9.0,9.0,8.0,2.0,1.0,67.0,75.0,103.0,139.0,20.0,35.0,1.0,1.0,0.0,1.0
542265,233460,trent,15500,G2,G2 Esports,0.63,0.3,96.0,49.0,5.0,2.0,8.0,8.0,1.0,1.0,75.0,50.0,75.0,38.0,36.0,29.0,0.0,0.0,1.0,2.0
542265,233461,something,17086,PRX,Paper Rex,1.44,1.26,300.0,272.0,14.0,14.0,10.0,9.0,5.0,0.0,86.0,79.0,185.0,165.0,36.0,39.0,1.0,5.0,0.0,3.0
542265,233461,PatMen,13744,PRX,Paper Rex,1.03,1.17,167.0,251.0,8.0,13.0,9.0,8.0,5.0,1.0,71.0,71.0,99.0,164.0,47.0,26.0,0.0,0.0,0.0,0.0
542265,233461,Jinggg,7378,PRX,Paper Rex,0.91,0.96,206.0,208.0,10.0,8.0,11.0,8.0,2.0,2.0,79.0,86.0,122.0,152.0,5.0,14.0,1.0,2.0,4.0,0.0
542265,233461,f0rsakeN,9801,PRX,Paper Rex,0.53,1.26,137.0,236.0,7.0,13.0,12.0,10.0,6.0,5.0,57.0,86.0,81.0,171.0,10.0,44.0,0.0,0.0,4.0,2.0
542265,233461,d4v41,9803,PRX,Paper Rex,0.52,0.92,119.0,178.0,5.0,8.0,11.0,9.0,2.0,6.0,36.0,71.0,74.0,123.0,50.0,27.0,0.0,2.0,4.0,0.0
542265,233461,JonahP,4581,G2,G2 Esports,0.93,1.53,247.0,314.0,11.0,15.0,13.0,9.0,4.0,5.0,79.0,79.0,136.0,191.0,20.0,29.0,2.0,7.0,1.0,2.0
542265,233461,leaf,7873,G2,G2 Esports,1.51,0.8,278.0,174.0,14.0,8.0,10.0,9.0,2.0,3.0,71.0,71.0,181.0,133.0,38.0,26.0,3.0,2.0,0.0,0.0
542265,233461,trent,15500,G2,G2 Esports,0.81,1.36,176.0,280.0,8.0,13.0,11.0,9.0,4.0,4.0,71.0,64.0,115.0,177.0,24.0,30.0,0.0,1.0,1.0,0.0
542265,233461,jawgemo,3993,G2,G2 Esports,0.95,0.64,162.0,125.0,8.0,6.0,10.0,10.0,2.0,1.0,64.0,57.0,116.0,77.0,40.0,24.0,0.0,2.0,3.0,0.0
542265,233461,valyn,3885,G2,G2 Esports,0.26,1.23,84.0,197.0,3.0,11.0,12.0,7.0,6.0,5.0,64.0,86.0,59.0,136.0,15.0,16.0,0.0,0.0,4.0,0.0
542265,233462,f0rsakeN,9801,PRX,Paper Rex,1.92,1.54,351.0,269.0,16.0,12.0,7.0,7.0,6.0,1.0,83.0,67.0,221.0,177.0,32.0,42.0,2.0,3.0,0.0,1.0
542265,233462,something,17086,PRX,Paper Rex,1.22,1.4,244.0,224.0,10.0,10.0,8.0,6.0,5.0,1.0,75.0,83.0,181.0,124.0,34.0,33.0,1.0,3.0,2.0,3.0
542265,233462,Jinggg,7378,PRX,Paper Rex,1.13,0.48,267.0,119.0,12.0,4.0,9.0,9.0,8.0,1.0,92.0,50.0,165.0,73.0,31.0,17.0,2.0,0.0,1.0,0.0
542265,233462,d4v41,9803,PRX,Paper Rex,1.07,0.53,216.0,202.0,9.0,7.0,8.0,11.0,6.0,1.0,83.0,75.0,155.0,147.0,41.0,16.0,0.0,0.0,2.0,1.0
542265,233462,PatMen,13744,PRX,Paper Rex,0.76,0.32,165.0,46.0,8.0,1.0,9.0,8.0,2.0,1.0,75.0,50.0,118.0,38.0,15.0,0.0,0.0,0.0,2.0,1.0
542265,233462,leaf,7873,G2,G2 Esports,1.99,1.24,410.0,316.0,17.0,13.0,7.0,12.0,2.0,1.0,75.0,83.0,276.0,201.0,32.0,15.0,4.0,4.0,3.0,1.0
542265,233462,trent,15500,G2,G2 Esports,0.82,1.13,84.0,229.0,3.0,10.0,5.0,10.0,2.0,4.0,75.0,67.0,63.0,149.0,0.0,24.0,0.0,1.0,1.0,0.0
542265,233462,valyn,3885,G2,G2 Esports,0.9,0.73,142.0,143.0,6.0,5.0,6.0,10.0,3.0,8.0,75.0,50.0,96.0,99.0,22.0,21.0,0.0,0.0,0.0,1.0
542265,233462,JonahP,4581,G2,G2 Esports,0.48,1.05,119.0,250.0,5.0,9.0,9.0,11.0,1.0,5.0,67.0,58.0,74.0,158.0,21.0,20.0,0.0,1.0,2.0,1.0
542265,233462,jawgemo,3993,G2,G2 Esports,1.26,0.24,222.0,131.0,10.0,4.0,7.0,12.0,3.0,0.0,83.0,50.0,152.0,92.0,21.0,33.0,2.0,1.0,0.0,2.0
542266,233463,RieNs,10971,TH,Team Heretics,1.18,1.25,242.0,196.0,10.0,8.0,9.0,7.0,4.0,6.0,85.0,77.0,164.0,129.0,14.0,40.0,2.0,0.0,0.0,1.0
542266,233463,MiniBoo,18350,TH,Team Heretics,0.99,0.93,191.0,205.0,9.0,9.0,8.0,11.0,1.0,1.0,54.0,62.0,134.0,144.0,33.0,39.0,2.0,3.0,3.0,0.0
542266,233463,Wo0t,21328,TH,Team Heretics,1.09,0.54,241.0,152.0,10.0,6.0,10.0,12.0,2.0,1.0,85.0,46.0,170.0,102.0,26.0,42.0,4.0,0.0,0.0,4.0
542266,233463,Boo,1144,TH,Team Heretics,0.39,0.97,77.0,181.0,3.0,8.0,10.0,8.0,1.0,3.0,69.0,69.0,51.0,127.0,36.0,48.0,1.0,2.0,1.0,2.0
542266,233463,benjyfishy,29873,TH,Team Heretics,0.83,0.47,152.0,104.0,7.0,4.0,10.0,9.0,7.0,2.0,77.0,54.0,105.0,83.0,17.0,38.0,0.0,1.0,0.0,0.0
542266,233463,artzin,5957,MIBR,MIBR,1.79,1.44,273.0,288.0,11.0,13.0,5.0,7.0,11.0,4.0,85.0,69.0,186.0,184.0,27.0,19.0,3.0,1.0,1.0,2.0
542266,233463,xenom,20240,MIBR,MIBR,1.15,0.91,174.0,203.0,8.0,9.0,7.0,9.0,8.0,5.0,85.0,77.0,98.0,143.0,27.0,32.0,0.0,0.0,0.0,4.0
542266,233463,aspas,8480,MIBR,MIBR,1.03,0.96,216.0,169.0,11.0,8.0,8.0,7.0,3.0,1.0,85.0,85.0,123.0,110.0,20.0,42.0,3.0,1.0,2.0,2.0
542266,233463,Verno,21668,MIBR,MIBR,1.08,0.8,229.0,200.0,11.0,8.0,8.0,9.0,5.0,7.0,85.0,62.0,159.0,137.0,31.0,25.0,1.0,0.0,0.0,1.0
542266,233463,cortezia,5395,MIBR,MIBR,0.72,0.89,102.0,169.0,6.0,9.0,7.0,7.0,2.0,1.0,69.0,85.0,72.0,102.0,40.0,13.0,0.0,2.0,3.0,0.0
542266,233464,RieNs,10971,TH,Team Heretics,1.35,0.44,303.0,80.0,11.0,1.0,10.0,6.0,3.0,2.0,58.0,57.0,191.0,59.0,30.0,22.0,1.0,0.0,1.0,0.0
542266,233464,benjyfishy,29873,TH,Team Heretics,0.48,1.4,111.0,302.0,5.0,7.0,11.0,7.0,1.0,1.0,50.0,71.0,62.0,181.0,23.0,50.0,0.0,0.0,0.0,1.0
542266,233464,Wo0t,21328,TH,Team Heretics,0.72,0.69,191.0,156.0,7.0,4.0,11.0,6.0,3.0,0.0,83.0,43.0,120.0,88.0,14.0,33.0,0.0,2.0,0.0,0.0
542266,233464,Boo,1144,TH,Team Heretics,0.28,0.75,54.0,175.0,2.0,4.0,10.0,5.0,3.0,2.0,33.0,57.0,24.0,107.0,13.0,55.0,1.0,0.0,4.0,1.0
542266,233464,MiniBoo,18350,TH,Team Heretics,0.13,0.83,80.0,164.0,3.0,5.0,11.0,5.0,0.0,0.0,25.0,43.0,63.0,117.0,36.0,20.0,0.0,0.0,5.0,3.0
542266,233464,aspas,8480,MIBR,MIBR,1.35,1.51,241.0,310.0,5.0,14.0,3.0,7.0,3.0,2.0,86.0,92.0,189.0,182.0,54.0,13.0,2.0,2.0,0.0,0.0
542266,233464,cortezia,5395,MIBR,MIBR,1.31,1.49,259.0,204.0,8.0,10.0,4.0,4.0,1.0,3.0,86.0,83.0,147.0,173.0,17.0,72.0,0.0,2.0,0.0,1.0
542266,233464,Verno,21668,MIBR,MIBR,0.89,1.47,183.0,265.0,5.0,12.0,4.0,6.0,1.0,4.0,86.0,83.0,122.0,172.0,50.0,16.0,1.0,1.0,2.0,1.0
542266,233464,artzin,5957,MIBR,MIBR,1.23,1.15,279.0,224.0,7.0,8.0,5.0,7.0,2.0,8.0,71.0,92.0,176.0,137.0,19.0,22.0,2.0,2.0,0.0,0.0
542266,233464,xenom,20240,MIBR,MIBR,0.68,1.29,147.0,190.0,4.0,9.0,5.0,4.0,2.0,7.0,57.0,92.0,109.0,115.0,22.0,21.0,0.0,3.0,0.0,0.0
542267,233466,brawk,2172,NRG,NRG,2.22,3.48,298.0,486.0,14.0,4.0,1.0,0.0,8.0,0.0,92.0,100.0,176.0,330.0,13.0,22.0,1.0,0.0,0.0,0.0
542267,233466,mada,5132,NRG,NRG,1.72,0.29,318.0,,15.0,0.0,5.0,1.0,2.0,0.0,83.0,50.0,191.0,,23.0,,3.0,0.0,1.0,0.0
542267,233466,s0m,4164,NRG,NRG,1.19,2.48,253.0,731.0,10.0,5.0,9.0,2.0,5.0,0.0,92.0,100.0,179.0,486.0,25.0,30.0,2.0,1.0,3.0,0.0
542267,233466,Ethan,11225,NRG,NRG,1.1,0.62,134.0,103.0,6.0,1.0,4.0,1.0,6.0,1.0,92.0,100.0,89.0,61.0,15.0,33.0,0.0,0.0,1.0,1.0
542267,233466,skuba,11118,NRG,NRG,0.82,0.92,97.0,28.0,4.0,0.0,4.0,0.0,3.0,0.0,75.0,100.0,66.0,28.0,18.0,50.0,0.0,0.0,1.0,0.0
542267,233466,grubinho,5550,GX,GIANTX,0.26,0.86,76.0,199.0,1.0,9.0,2.0,10.0,0.0,4.0,50.0,58.0,39.0,129.0,100.0,37.0,0.0,3.0,0.0,0.0
542267,233466,Cloud,4181,GX,GIANTX,0.55,0.57,82.0,130.0,0.0,4.0,2.0,9.0,3.0,7.0,100.0,67.0,57.0,93.0,33.0,22.0,0.0,0.0,0.0,2.0
542267,233466,westside,34684,GX,GIANTX,0.61,0.49,168.0,111.0,1.0,4.0,2.0,11.0,1.0,0.0,100.0,33.0,95.0,82.0,33.0,20.0,1.0,1.0,0.0,1.0
542267,233466,Flickless,6959,GX,GIANTX,0.37,0.49,105.0,123.0,1.0,3.0,2.0,9.0,1.0,6.0,50.0,75.0,78.0,96.0,100.0,28.0,0.0,0.0,1.0,0.0
542267,233466,ara,11332,GX,GIANTX,0.45,0.22,144.0,70.0,1.0,3.0,2.0,10.0,0.0,0.0,100.0,58.0,97.0,38.0,40.0,60.0,0.0,2.0,0.0,3.0
542267,233467,skuba,11118,NRG,NRG,1.32,1.85,184.0,300.0,9.0,8.0,6.0,3.0,5.0,3.0,83.0,100.0,102.0,186.0,29.0,41.0,0.0,2.0,3.0,0.0
542267,233467,mada,5132,NRG,NRG,1.44,1.59,269.0,271.0,12.0,7.0,7.0,4.0,3.0,1.0,83.0,86.0,194.0,147.0,14.0,14.0,2.0,1.0,0.0,0.0
542267,233467,s0m,4164,NRG,NRG,1.03,1.39,192.0,221.0,9.0,5.0,7.0,3.0,3.0,8.0,92.0,100.0,110.0,136.0,24.0,19.0,0.0,1.0,1.0,0.0
542267,233467,brawk,2172,NRG,NRG,1.42,0.69,305.0,174.0,13.0,4.0,7.0,5.0,2.0,1.0,83.0,57.0,188.0,115.0,17.0,0.0,2.0,1.0,2.0,1.0
542267,233467,Ethan,11225,NRG,NRG,1.03,0.71,167.0,123.0,6.0,2.0,7.0,4.0,4.0,3.0,83.0,57.0,100.0,93.0,29.0,25.0,2.0,1.0,0.0,0.0
542267,233467,Cloud,4181,GX,GIANTX,0.7,1.39,158.0,253.0,3.0,11.0,5.0,8.0,3.0,4.0,100.0,83.0,116.0,147.0,19.0,27.0,0.0,2.0,1.0,0.0
542267,233467,westside,34684,GX,GIANTX,0.97,1.23,120.0,252.0,4.0,11.0,4.0,10.0,1.0,1.0,71.0,67.0,88.0,174.0,38.0,45.0,0.0,1.0,1.0,1.0
542267,233467,grubinho,5550,GX,GIANTX,1.62,0.27,302.0,141.0,8.0,6.0,5.0,12.0,2.0,1.0,43.0,75.0,196.0,75.0,47.0,22.0,1.0,2.0,2.0,2.0
542267,233467,Flickless,6959,GX,GIANTX,0.98,0.29,149.0,117.0,4.0,4.0,5.0,11.0,1.0,3.0,43.0,67.0,116.0,83.0,13.0,25.0,0.0,1.0,0.0,0.0
542267,233467,ara,11332,GX,GIANTX,0.01,0.3,36.0,48.0,0.0,2.0,7.0,8.0,2.0,0.0,29.0,67.0,36.0,39.0,20.0,0.0,0.0,0.0,2.0,3.0
542268,233469,kaajak,9554,FNC,FNATIC,1.37,1.96,311.0,423.0,12.0,18.0,9.0,8.0,3.0,5.0,82.0,83.0,194.0,260.0,35.0,31.0,2.0,6.0,1.0,0.0
542268,233469,doma,1369,FNC,FNATIC,1.06,0.94,172.0,148.0,7.0,6.0,8.0,6.0,1.0,3.0,64.0,67.0,123.0,114.0,29.0,35.0,1.0,0.0,0.0,0.0
542268,233469,Boaster,438,FNC,FNATIC,0.85,0.81,139.0,130.0,4.0,5.0,7.0,7.0,4.0,2.0,64.0,75.0,105.0,100.0,38.0,17.0,1.0,0.0,0.0,0.0
542268,233469,crashies,4,FNC,FNATIC,0.45,1.07,111.0,215.0,4.0,10.0,9.0,7.0,5.0,2.0,73.0,83.0,79.0,131.0,21.0,18.0,0.0,2.0,3.0,0.0
542268,233469,Chronicle,458,FNC,FNATIC,0.44,0.66,109.0,148.0,4.0,6.0,9.0,9.0,1.0,2.0,55.0,50.0,77.0,113.0,30.0,41.0,0.0,1.0,3.0,3.0
542268,233469,d4v41,9803,PRX,Paper Rex,1.01,1.51,164.0,221.0,8.0,10.0,8.0,4.0,2.0,1.0,58.0,91.0,112.0,145.0,26.0,30.0,1.0,0.0,3.0,0.0
542268,233469,f0rsakeN,9801,PRX,Paper Rex,1.31,0.92,272.0,161.0,11.0,6.0,9.0,6.0,3.0,5.0,83.0,64.0,190.0,111.0,35.0,62.0,0.0,0.0,0.0,1.0
542268,233469,PatMen,13744,PRX,Paper Rex,1.28,0.87,195.0,173.0,8.0,7.0,7.0,7.0,2.0,1.0,50.0,73.0,139.0,118.0,28.0,33.0,0.0,2.0,0.0,2.0
542268,233469,something,17086,PRX,Paper Rex,0.48,1.36,107.0,280.0,5.0,11.0,10.0,7.0,0.0,2.0,50.0,91.0,76.0,165.0,27.0,16.0,2.0,3.0,1.0,1.0
542268,233469,Jinggg,7378,PRX,Paper Rex,0.49,1.16,146.0,226.0,5.0,8.0,11.0,7.0,5.0,3.0,58.0,100.0,111.0,171.0,15.0,22.0,0.0,2.0,5.0,0.0
542268,233470,kaajak,9554,FNC,FNATIC,1.84,1.33,408.0,126.0,17.0,3.0,8.0,1.0,2.0,1.0,83.0,100.0,258.0,81.0,28.0,50.0,4.0,0.0,0.0,0.0
542268,233470,Chronicle,458,FNC,FNATIC,1.43,1.55,240.0,424.0,10.0,8.0,6.0,3.0,3.0,1.0,75.0,100.0,172.0,241.0,31.0,22.0,2.0,1.0,1.0,1.0
542268,233470,crashies,4,FNC,FNATIC,1.15,1.65,166.0,183.0,8.0,4.0,6.0,1.0,0.0,0.0,67.0,80.0,110.0,134.0,36.0,30.0,1.0,0.0,2.0,0.0
542268,233470,Boaster,438,FNC,FNATIC,0.5,2.01,56.0,291.0,3.0,5.0,8.0,1.0,4.0,4.0,75.0,100.0,33.0,151.0,33.0,56.0,0.0,1.0,0.0,0.0
542268,233470,doma,1369,FNC,FNATIC,0.51,1.65,152.0,268.0,6.0,5.0,9.0,2.0,1.0,1.0,50.0,80.0,108.0,159.0,30.0,27.0,0.0,2.0,2.0,0.0
542268,233470,d4v41,9803,PRX,Paper Rex,0.16,1.12,61.0,194.0,1.0,10.0,5.0,7.0,0.0,1.0,20.0,67.0,52.0,113.0,0.0,33.0,0.0,0.0,1.0,2.0
542268,233470,Jinggg,7378,PRX,Paper Rex,0.3,0.88,96.0,173.0,2.0,7.0,5.0,8.0,1.0,1.0,40.0,58.0,66.0,105.0,29.0,33.0,0.0,0.0,0.0,0.0
542268,233470,f0rsakeN,9801,PRX,Paper Rex,0.32,0.76,141.0,237.0,2.0,10.0,5.0,11.0,2.0,1.0,40.0,58.0,105.0,136.0,44.0,20.0,0.0,2.0,3.0,2.0
542268,233470,PatMen,13744,PRX,Paper Rex,0.04,0.82,9.0,190.0,0.0,7.0,5.0,10.0,1.0,4.0,20.0,75.0,4.0,118.0,0.0,26.0,0.0,1.0,0.0,1.0
542268,233470,something,17086,PRX,Paper Rex,0.77,0.42,230.0,96.0,3.0,3.0,5.0,8.0,2.0,2.0,60.0,42.0,139.0,59.0,30.0,16.0,1.0,2.0,0.0,2.0
542268,233471,Chronicle,458,FNC,FNATIC,1.4,2.42,348.0,411.0,14.0,17.0,11.0,3.0,3.0,4.0,75.0,100.0,218.0,279.0,50.0,32.0,1.0,2.0,0.0,0.0
542268,233471,Boaster,438,FNC,FNATIC,0.4,1.85,124.0,298.0,4.0,10.0,11.0,3.0,3.0,7.0,42.0,90.0,90.0,194.0,7.0,11.0,0.0,0.0,3.0,0.0
542268,233471,kaajak,9554,FNC,FNATIC,0.84,1.29,223.0,283.0,8.0,11.0,11.0,7.0,4.0,4.0,67.0,90.0,145.0,162.0,20.0,12.0,1.0,4.0,4.0,2.0
542268,233471,doma,1369,FNC,FNATIC,0.79,1.15,139.0,181.0,6.0,6.0,10.0,5.0,3.0,4.0,83.0,100.0,95.0,149.0,33.0,22.0,1.0,1.0,1.0,1.0
542268,233471,crashies,4,FNC,FNATIC,0.47,1.2,69.0,159.0,3.0,6.0,9.0,5.0,1.0,6.0,67.0,90.0,56.0,106.0,33.0,46.0,0.0,0.0,1.0,0.0
542268,233471,Jinggg,7378,PRX,Paper Rex,0.31,1.71,118.0,328.0,3.0,16.0,10.0,7.0,3.0,3.0,60.0,100.0,79.0,235.0,6.0,38.0,2.0,1.0,2.0,0.0
542268,233471,d4v41,9803,PRX,Paper Rex,1.06,0.96,285.0,150.0,10.0,7.0,10.0,7.0,2.0,3.0,90.0,92.0,176.0,97.0,18.0,37.0,0.0,2.0,0.0,0.0
542268,233471,f0rsakeN,9801,PRX,Paper Rex,0.8,1.04,200.0,236.0,6.0,9.0,10.0,8.0,4.0,3.0,70.0,83.0,126.0,147.0,33.0,15.0,1.0,3.0,0.0,0.0
542268,233471,PatMen,13744,PRX,Paper Rex,0.39,1.09,136.0,149.0,4.0,7.0,10.0,6.0,0.0,4.0,50.0,92.0,100.0,109.0,31.0,33.0,0.0,0.0,0.0,0.0
542268,233471,something,17086,PRX,Paper Rex,0.02,1.4,32.0,274.0,0.0,13.0,10.0,7.0,1.0,2.0,40.0,75.0,32.0,215.0,13.0,24.0,0.0,3.0,5.0,3.0
542269,233472,aspas,8480,MIBR,MIBR,1.94,0.96,383.0,187.0,21.0,11.0,8.0,7.0,1.0,1.0,87.0,67.0,236.0,114.0,26.0,0.0,3.0,3.0,0.0,3.0
542269,233472,cortezia,5395,MIBR,MIBR,0.79,1.57,169.0,293.0,9.0,16.0,10.0,7.0,0.0,2.0,60.0,87.0,113.0,215.0,59.0,34.0,2.0,2.0,1.0,0.0
542269,233472,xenom,20240,MIBR,MIBR,1.17,0.77,196.0,98.0,10.0,6.0,8.0,7.0,8.0,8.0,80.0,80.0,130.0,50.0,21.0,25.0,1.0,1.0,0.0,1.0
542269,233472,Verno,21668,MIBR,MIBR,0.7,1.06,131.0,152.0,6.0,6.0,10.0,5.0,4.0,8.0,60.0,93.0,73.0,108.0,25.0,12.0,2.0,1.0,0.0,0.0
542269,233472,artzin,5957,MIBR,MIBR,0.47,1.09,109.0,207.0,5.0,11.0,11.0,8.0,9.0,7.0,53.0,87.0,78.0,137.0,21.0,37.0,0.0,1.0,5.0,3.0
542269,233472,mada,5132,NRG,NRG,0.79,1.37,175.0,213.0,8.0,12.0,10.0,9.0,4.0,3.0,60.0,60.0,101.0,126.0,28.0,35.0,2.0,1.0,3.0,2.0
542269,233472,brawk,2172,NRG,NRG,0.97,0.93,104.0,193.0,6.0,9.0,8.0,11.0,1.0,5.0,60.0,67.0,65.0,126.0,5.0,27.0,1.0,1.0,0.0,2.0
542269,233472,Ethan,11225,NRG,NRG,0.69,1.07,140.0,215.0,6.0,10.0,11.0,11.0,6.0,5.0,60.0,67.0,84.0,143.0,16.0,24.0,1.0,3.0,3.0,2.0
542269,233472,s0m,4164,NRG,NRG,1.02,0.56,169.0,156.0,10.0,8.0,10.0,13.0,1.0,4.0,60.0,80.0,104.0,98.0,24.0,17.0,2.0,0.0,2.0,1.0
542269,233472,skuba,11118,NRG,NRG,0.75,0.71,107.0,174.0,4.0,8.0,11.0,12.0,7.0,5.0,60.0,67.0,78.0,118.0,8.0,21.0,1.0,1.0,0.0,1.0
542269,233473,aspas,8480,MIBR,MIBR,1.26,1.93,246.0,348.0,5.0,18.0,4.0,4.0,1.0,0.0,80.0,100.0,160.0,178.0,67.0,15.0,2.0,4.0,0.0,0.0
542269,233473,cortezia,5395,MIBR,MIBR,1.47,1.6,207.0,240.0,4.0,11.0,2.0,3.0,0.0,4.0,60.0,92.0,104.0,166.0,60.0,13.0,2.0,1.0,0.0,0.0
542269,233473,Verno,21668,MIBR,MIBR,1.46,1.31,228.0,242.0,4.0,9.0,2.0,7.0,1.0,7.0,80.0,92.0,143.0,174.0,40.0,35.0,0.0,5.0,0.0,1.0
542269,233473,artzin,5957,MIBR,MIBR,0.39,1.53,134.0,278.0,2.0,14.0,4.0,6.0,1.0,5.0,60.0,83.0,94.0,187.0,25.0,13.0,0.0,0.0,1.0,0.0
542269,233473,xenom,20240,MIBR,MIBR,0.86,1.23,66.0,141.0,1.0,5.0,2.0,4.0,4.0,15.0,60.0,92.0,35.0,68.0,0.0,18.0,0.0,1.0,0.0,0.0
542269,233473,brawk,2172,NRG,NRG,0.8,1.33,192.0,256.0,4.0,5.0,11.0,3.0,7.0,2.0,67.0,60.0,149.0,143.0,10.0,35.0,0.0,1.0,1.0,1.0
542269,233473,skuba,11118,NRG,NRG,0.4,1.22,96.0,214.0,4.0,4.0,12.0,3.0,0.0,1.0,50.0,60.0,72.0,175.0,18.0,23.0,0.0,0.0,1.0,1.0
542269,233473,s0m,4164,NRG,NRG,0.7,0.41,218.0,122.0,9.0,2.0,11.0,4.0,0.0,0.0,50.0,40.0,132.0,94.0,32.0,25.0,1.0,0.0,4.0,2.0
542269,233473,Ethan,11225,NRG,NRG,0.29,0.75,93.0,82.0,3.0,1.0,12.0,2.0,2.0,1.0,42.0,60.0,70.0,52.0,29.0,20.0,0.0,0.0,1.0,0.0
542269,233473,mada,5132,NRG,NRG,0.32,0.65,92.0,123.0,4.0,2.0,11.0,4.0,2.0,1.0,33.0,60.0,69.0,89.0,33.0,0.0,0.0,0.0,4.0,0.0
542269,233474,aspas,8480,MIBR,MIBR,0.69,1.47,160.0,265.0,9.0,16.0,10.0,9.0,1.0,2.0,53.0,67.0,90.0,168.0,25.0,41.0,2.0,1.0,2.0,2.0
542269,233474,Verno,21668,MIBR,MIBR,0.84,1.18,161.0,271.0,9.0,13.0,9.0,10.0,3.0,3.0,73.0,80.0,116.0,164.0,24.0,36.0,0.0,5.0,2.0,0.0
542269,233474,xenom,20240,MIBR,MIBR,0.84,0.88,137.0,158.0,7.0,9.0,11.0,9.0,9.0,7.0,73.0,73.0,78.0,101.0,20.0,18.0,0.0,0.0,0.0,0.0
542269,233474,cortezia,5395,MIBR,MIBR,1.2,0.49,203.0,119.0,10.0,5.0,8.0,11.0,3.0,4.0,73.0,67.0,125.0,79.0,32.0,43.0,4.0,2.0,1.0,1.0
542269,233474,artzin,5957,MIBR,MIBR,0.95,0.57,196.0,122.0,11.0,6.0,11.0,10.0,3.0,5.0,67.0,60.0,111.0,67.0,20.0,35.0,3.0,1.0,1.0,3.0
542269,233474,s0m,4164,NRG,NRG,1.19,1.3,201.0,184.0,12.0,10.0,10.0,8.0,3.0,5.0,73.0,67.0,125.0,148.0,28.0,32.0,1.0,1.0,1.0,1.0
542269,233474,skuba,11118,NRG,NRG,1.01,1.29,148.0,215.0,8.0,12.0,8.0,8.0,5.0,2.0,60.0,93.0,117.0,152.0,47.0,32.0,0.0,0.0,2.0,0.0
542269,233474,Ethan,11225,NRG,NRG,0.85,1.26,159.0,214.0,7.0,11.0,10.0,9.0,9.0,8.0,73.0,93.0,89.0,163.0,14.0,26.0,1.0,1.0,2.0,2.0
542269,233474,brawk,2172,NRG,NRG,1.4,0.62,304.0,153.0,15.0,5.0,9.0,12.0,6.0,6.0,87.0,60.0,196.0,118.0,14.0,18.0,0.0,1.0,1.0,2.0
542269,233474,mada,5132,NRG,NRG,0.61,1.08,146.0,205.0,7.0,11.0,12.0,9.0,2.0,1.0,67.0,73.0,94.0,134.0,39.0,19.0,4.0,3.0,3.0,4.0
542270,233475,kaajak,9554,FNC,FNATIC,0.39,2.03,105.0,385.0,5.0,18.0,13.0,9.0,5.0,0.0,62.0,77.0,70.0,251.0,36.0,41.0,0.0,5.0,4.0,1.0
542270,233475,Boaster,438,FNC,FNATIC,1.07,1.24,185.0,186.0,9.0,9.0,9.0,7.0,5.0,9.0,62.0,77.0,105.0,133.0,23.0,19.0,1.0,0.0,1.0,2.0
542270,233475,Chronicle,458,FNC,FNATIC,1.37,0.73,221.0,144.0,10.0,8.0,8.0,8.0,3.0,2.0,46.0,77.0,143.0,96.0,21.0,29.0,3.0,1.0,0.0,0.0
542270,233475,crashies,4,FNC,FNATIC,0.79,0.95,157.0,185.0,7.0,7.0,10.0,8.0,1.0,5.0,54.0,69.0,93.0,143.0,28.0,24.0,0.0,1.0,0.0,0.0
542270,233475,Alfajer,9810,FNC,FNATIC,0.51,0.95,141.0,206.0,5.0,10.0,11.0,10.0,7.0,5.0,77.0,69.0,97.0,124.0,33.0,33.0,3.0,2.0,1.0,1.0
542270,233475,brawk,2172,NRG,NRG,0.99,1.45,223.0,304.0,10.0,12.0,11.0,7.0,4.0,7.0,77.0,92.0,143.0,184.0,16.0,7.0,0.0,1.0,0.0,1.0
542270,233475,s0m,4164,NRG,NRG,1.22,1.15,245.0,190.0,10.0,9.0,10.0,7.0,5.0,5.0,92.0,77.0,179.0,93.0,22.0,22.0,1.0,0.0,0.0,0.0
542270,233475,skuba,11118,NRG,NRG,1.18,1.17,222.0,236.0,11.0,11.0,9.0,6.0,2.0,2.0,62.0,85.0,146.0,146.0,36.0,28.0,0.0,1.0,0.0,0.0
542270,233475,Ethan,11225,NRG,NRG,0.63,1.14,116.0,224.0,5.0,10.0,10.0,8.0,6.0,7.0,85.0,69.0,84.0,125.0,13.0,21.0,1.0,2.0,2.0,1.0
542270,233475,mada,5132,NRG,NRG,0.34,0.97,151.0,203.0,6.0,9.0,12.0,8.0,2.0,0.0,38.0,54.0,100.0,137.0,38.0,45.0,2.0,2.0,7.0,5.0
542270,233476,Chronicle,458,FNC,FNATIC,1.06,0.85,147.0,187.0,4.0,7.0,3.0,11.0,1.0,2.0,83.0,75.0,85.0,138.0,30.0,29.0,0.0,2.0,0.0,0.0
542270,233476,crashies,4,FNC,FNATIC,1.7,0.48,286.0,132.0,7.0,5.0,3.0,12.0,2.0,3.0,83.0,58.0,203.0,87.0,31.0,19.0,2.0,1.0,1.0,2.0
542270,233476,kaajak,9554,FNC,FNATIC,1.08,0.57,145.0,159.0,4.0,6.0,3.0,11.0,0.0,1.0,67.0,58.0,95.0,109.0,29.0,38.0,2.0,2.0,0.0,2.0
542270,233476,Alfajer,9810,FNC,FNATIC,0.7,0.54,115.0,137.0,3.0,6.0,4.0,11.0,0.0,0.0,50.0,50.0,76.0,95.0,29.0,31.0,0.0,1.0,0.0,1.0
542270,233476,Boaster,438,FNC,FNATIC,0.75,0.23,106.0,64.0,1.0,2.0,3.0,10.0,5.0,0.0,67.0,33.0,88.0,43.0,15.0,6.0,0.0,1.0,1.0,0.0
542270,233476,skuba,11118,NRG,NRG,2.05,0.45,324.0,108.0,15.0,2.0,3.0,4.0,5.0,1.0,92.0,67.0,196.0,81.0,46.0,40.0,1.0,0.0,0.0,3.0
542270,233476,mada,5132,NRG,NRG,1.06,1.57,215.0,310.0,10.0,6.0,7.0,4.0,1.0,1.0,67.0,67.0,136.0,202.0,20.0,54.0,1.0,2.0,2.0,0.0
542270,233476,brawk,2172,NRG,NRG,1.33,0.69,199.0,145.0,9.0,3.0,4.0,5.0,1.0,1.0,92.0,67.0,130.0,98.0,33.0,27.0,0.0,0.0,1.0,0.0
542270,233476,s0m,4164,NRG,NRG,1.49,0.24,285.0,37.0,13.0,1.0,6.0,5.0,5.0,1.0,100.0,33.0,198.0,36.0,38.0,50.0,1.0,0.0,1.0,1.0
542270,233476,Ethan,11225,NRG,NRG,0.95,1.17,163.0,197.0,7.0,4.0,6.0,4.0,3.0,2.0,67.0,100.0,105.0,133.0,26.0,33.0,2.0,0.0,3.0,0.0
542272,233478,brawk,2172,NRG,NRG,2.13,1.87,410.0,364.0,7.0,17.0,1.0,6.0,0.0,2.0,75.0,100.0,230.0,206.0,16.0,20.0,0.0,1.0,0.0,1.0
542272,233478,mada,5132,NRG,NRG,0.85,1.6,200.0,328.0,3.0,14.0,3.0,7.0,1.0,5.0,100.0,75.0,104.0,190.0,33.0,17.0,3.0,3.0,1.0,2.0
542272,233478,Ethan,11225,NRG,NRG,1.45,1.14,186.0,176.0,3.0,8.0,1.0,6.0,2.0,2.0,100.0,67.0,107.0,126.0,38.0,36.0,0.0,2.0,0.0,1.0
542272,233478,s0m,4164,NRG,NRG,1.47,0.98,275.0,163.0,4.0,6.0,2.0,6.0,2.0,8.0,100.0,83.0,161.0,102.0,38.0,13.0,0.0,1.0,0.0,0.0
542272,233478,skuba,11118,NRG,NRG,1.64,0.76,157.0,164.0,3.0,7.0,0.0,8.0,0.0,4.0,100.0,92.0,94.0,123.0,20.0,25.0,0.0,0.0,0.0,1.0
542272,233478,kaajak,9554,FNC,FNATIC,0.86,1.55,148.0,294.0,7.0,4.0,9.0,4.0,0.0,0.0,50.0,75.0,110.0,184.0,55.0,67.0,1.0,0.0,1.0,0.0
542272,233478,crashies,4,FNC,FNATIC,1.03,0.02,207.0,54.0,8.0,1.0,9.0,4.0,6.0,0.0,67.0,50.0,144.0,24.0,21.0,100.0,1.0,0.0,2.0,2.0
542272,233478,Chronicle,458,FNC,FNATIC,0.73,0.02,139.0,35.0,6.0,0.0,11.0,4.0,2.0,1.0,42.0,25.0,90.0,28.0,38.0,0.0,1.0,0.0,1.0,0.0
542272,233478,Boaster,438,FNC,FNATIC,0.53,0.18,133.0,88.0,5.0,1.0,11.0,4.0,4.0,0.0,67.0,25.0,81.0,51.0,14.0,0.0,1.0,1.0,1.0,1.0
542272,233478,Alfajer,9810,FNC,FNATIC,0.5,0.13,165.0,85.0,7.0,1.0,12.0,4.0,2.0,0.0,58.0,25.0,113.0,69.0,50.0,25.0,1.0,0.0,2.0,0.0
542272,233479,mada,5132,NRG,NRG,0.96,1.81,196.0,410.0,10.0,10.0,7.0,6.0,2.0,2.0,75.0,86.0,116.0,262.0,47.0,33.0,2.0,3.0,3.0,1.0
542272,233479,skuba,11118,NRG,NRG,1.14,1.3,186.0,157.0,9.0,4.0,6.0,3.0,2.0,2.0,83.0,86.0,101.0,107.0,50.0,25.0,1.0,0.0,2.0,0.0
542272,233479,brawk,2172,NRG,NRG,1.02,1.07,208.0,194.0,9.0,5.0,8.0,5.0,5.0,3.0,75.0,71.0,124.0,104.0,8.0,10.0,0.0,1.0,2.0,0.0
542272,233479,Ethan,11225,NRG,NRG,1.1,0.53,197.0,92.0,10.0,3.0,7.0,5.0,1.0,3.0,75.0,71.0,106.0,70.0,26.0,8.0,0.0,0.0,0.0,0.0
542272,233479,s0m,4164,NRG,NRG,1.02,0.64,202.0,90.0,8.0,2.0,8.0,5.0,4.0,2.0,75.0,57.0,120.0,69.0,12.0,25.0,1.0,1.0,1.0,1.0
542272,233479,kaajak,9554,FNC,FNATIC,0.86,1.62,253.0,348.0,7.0,14.0,6.0,9.0,1.0,3.0,71.0,83.0,136.0,234.0,38.0,37.0,2.0,4.0,2.0,2.0
542272,233479,Chronicle,458,FNC,FNATIC,1.29,0.92,209.0,173.0,5.0,7.0,4.0,8.0,3.0,2.0,71.0,50.0,157.0,116.0,43.0,22.0,0.0,1.0,1.0,1.0
542272,233479,Alfajer,9810,FNC,FNATIC,0.87,0.89,197.0,159.0,5.0,6.0,5.0,8.0,0.0,1.0,57.0,58.0,117.0,116.0,31.0,24.0,0.0,1.0,1.0,0.0
542272,233479,Boaster,438,FNC,FNATIC,1.03,0.69,164.0,162.0,4.0,5.0,4.0,10.0,3.0,4.0,86.0,75.0,118.0,105.0,14.0,11.0,0.0,1.0,0.0,0.0
542272,233479,crashies,4,FNC,FNATIC,0.54,0.47,121.0,99.0,3.0,4.0,5.0,11.0,2.0,5.0,57.0,58.0,67.0,84.0,44.0,19.0,0.0,1.0,1.0,1.0
542272,233480,skuba,11118,NRG,NRG,0.73,1.67,134.0,300.0,6.0,16.0,11.0,4.0,2.0,2.0,64.0,86.0,87.0,175.0,29.0,33.0,1.0,2.0,2.0,0.0
542272,233480,brawk,2172,NRG,NRG,0.78,1.58,187.0,258.0,7.0,13.0,12.0,5.0,3.0,6.0,50.0,93.0,126.0,177.0,25.0,26.0,1.0,2.0,1.0,0.0
542272,233480,Ethan,11225,NRG,NRG,0.47,1.53,127.0,241.0,5.0,12.0,12.0,4.0,4.0,6.0,50.0,93.0,87.0,150.0,28.0,24.0,0.0,1.0,1.0,1.0
542272,233480,mada,5132,NRG,NRG,0.19,1.45,97.0,210.0,4.0,11.0,13.0,5.0,0.0,3.0,29.0,100.0,83.0,142.0,29.0,50.0,1.0,4.0,4.0,1.0
542272,233480,s0m,4164,NRG,NRG,0.37,0.7,127.0,132.0,6.0,7.0,14.0,8.0,1.0,4.0,57.0,71.0,85.0,89.0,43.0,19.0,0.0,0.0,3.0,3.0
542272,233480,crashies,4,FNC,FNATIC,1.0,1.75,187.0,255.0,9.0,13.0,12.0,3.0,2.0,5.0,43.0,79.0,122.0,157.0,27.0,31.0,2.0,1.0,3.0,0.0
542272,233480,kaajak,9554,FNC,FNATIC,0.4,1.85,124.0,372.0,5.0,19.0,12.0,7.0,1.0,3.0,43.0,86.0,85.0,234.0,17.0,36.0,1.0,6.0,3.0,1.0
542272,233480,Chronicle,458,FNC,FNATIC,0.23,1.6,83.0,253.0,3.0,14.0,13.0,6.0,2.0,6.0,29.0,93.0,70.0,163.0,16.0,37.0,0.0,2.0,1.0,0.0
542272,233480,Alfajer,9810,FNC,FNATIC,0.58,1.14,88.0,186.0,3.0,11.0,10.0,7.0,3.0,2.0,36.0,86.0,64.0,109.0,10.0,25.0,1.0,2.0,2.0,0.0
542272,233480,Boaster,438,FNC,FNATIC,0.69,1.01,133.0,128.0,6.0,5.0,12.0,5.0,4.0,6.0,57.0,86.0,89.0,85.0,31.0,25.0,1.0,0.0,0.0,2.0
542272,233481,brawk,2172,NRG,NRG,1.59,0.95,270.0,180.0,8.0,7.0,5.0,8.0,5.0,5.0,78.0,75.0,167.0,120.0,26.0,25.0,1.0,1.0,0.0,1.0
542272,233481,s0m,4164,NRG,NRG,0.95,1.04,193.0,286.0,6.0,11.0,7.0,11.0,4.0,3.0,78.0,75.0,128.0,160.0,26.0,24.0,1.0,3.0,1.0,1.0
542272,233481,Ethan,11225,NRG,NRG,1.2,0.69,177.0,156.0,6.0,7.0,5.0,10.0,5.0,3.0,67.0,75.0,108.0,86.0,14.0,14.0,0.0,0.0,1.0,3.0
542272,233481,skuba,11118,NRG,NRG,0.89,0.76,213.0,197.0,8.0,8.0,8.0,11.0,0.0,2.0,78.0,67.0,135.0,106.0,38.0,25.0,0.0,2.0,1.0,0.0
542272,233481,mada,5132,NRG,NRG,0.33,1.15,107.0,174.0,2.0,8.0,8.0,6.0,4.0,0.0,44.0,75.0,87.0,99.0,14.0,18.0,1.0,0.0,3.0,1.0
542272,233481,Alfajer,9810,FNC,FNATIC,1.15,1.82,249.0,367.0,12.0,11.0,8.0,6.0,1.0,3.0,75.0,78.0,171.0,238.0,48.0,45.0,1.0,4.0,1.0,0.0
542272,233481,kaajak,9554,FNC,FNATIC,1.65,0.56,326.0,85.0,15.0,3.0,8.0,5.0,3.0,1.0,83.0,56.0,205.0,48.0,41.0,33.0,4.0,2.0,1.0,1.0
542272,233481,crashies,4,FNC,FNATIC,1.28,0.71,227.0,169.0,10.0,4.0,8.0,8.0,4.0,6.0,75.0,78.0,154.0,113.0,44.0,8.0,1.0,0.0,2.0,0.0
542272,233481,Chronicle,458,FNC,FNATIC,0.8,1.21,196.0,256.0,8.0,10.0,10.0,6.0,4.0,3.0,75.0,67.0,135.0,139.0,23.0,18.0,0.0,0.0,0.0,2.0
542272,233481,Boaster,438,FNC,FNATIC,0.32,1.11,39.0,188.0,1.0,5.0,7.0,5.0,3.0,6.0,75.0,78.0,32.0,134.0,29.0,15.0,0.0,0.0,2.0,0.0
542272,233482,Ethan,11225,NRG,NRG,1.77,1.6,339.0,389.0,15.0,8.0,8.0,4.0,8.0,1.0,75.0,100.0,214.0,242.0,27.0,27.0,1.0,1.0,2.0,0.0
542272,233482,skuba,11118,NRG,NRG,1.02,1.53,205.0,193.0,9.0,6.0,8.0,1.0,2.0,0.0,75.0,100.0,153.0,116.0,19.0,17.0,2.0,1.0,0.0,0.0
542272,233482,brawk,2172,NRG,NRG,1.42,0.52,240.0,131.0,9.0,2.0,6.0,5.0,7.0,4.0,100.0,100.0,171.0,92.0,37.0,17.0,0.0,0.0,0.0,0.0
542272,233482,s0m,4164,NRG,NRG,1.1,0.82,184.0,114.0,10.0,3.0,9.0,3.0,8.0,1.0,75.0,100.0,117.0,74.0,27.0,5.0,2.0,0.0,1.0,1.0
542272,233482,mada,5132,NRG,NRG,0.38,1.48,130.0,315.0,5.0,7.0,10.0,4.0,4.0,1.0,67.0,67.0,91.0,195.0,36.0,20.0,2.0,2.0,2.0,1.0
542272,233482,kaajak,9554,FNC,FNATIC,0.61,1.37,146.0,269.0,4.0,12.0,6.0,9.0,0.0,2.0,67.0,67.0,96.0,181.0,43.0,22.0,0.0,3.0,0.0,1.0
542272,233482,Alfajer,9810,FNC,FNATIC,0.97,1.08,212.0,275.0,5.0,11.0,5.0,10.0,1.0,4.0,83.0,67.0,144.0,168.0,17.0,20.0,1.0,2.0,2.0,2.0
542272,233482,Chronicle,458,FNC,FNATIC,0.71,1.14,138.0,228.0,3.0,10.0,5.0,10.0,2.0,3.0,67.0,83.0,85.0,154.0,11.0,27.0,1.0,0.0,1.0,2.0
542272,233482,crashies,4,FNC,FNATIC,0.81,0.45,217.0,104.0,4.0,3.0,5.0,9.0,1.0,5.0,83.0,67.0,145.0,75.0,58.0,28.0,0.0,0.0,1.0,2.0
542272,233482,Boaster,438,FNC,FNATIC,0.21,0.63,62.0,139.0,1.0,5.0,5.0,10.0,1.0,8.0,33.0,75.0,48.0,74.0,0.0,13.0,0.0,0.0,0.0,0.0
542273,233483,MaKo,4462,KRX,KIWOOM DRX,1.34,1.18,265.0,229.0,8.0,10.0,6.0,8.0,1.0,4.0,50.0,75.0,160.0,129.0,32.0,27.0,2.0,1.0,1.0,3.0
542273,233483,free1ng,1916,KRX,KIWOOM DRX,0.47,1.31,122.0,292.0,3.0,12.0,7.0,8.0,2.0,2.0,50.0,58.0,79.0,176.0,17.0,29.0,0.0,1.0,1.0,1.0
542273,233483,Flashback,35013,KRX,KIWOOM DRX,0.49,0.74,163.0,144.0,5.0,5.0,8.0,9.0,1.0,1.0,50.0,50.0,75.0,113.0,14.0,29.0,1.0,1.0,1.0,3.0
542273,233483,HYUNMIN,28400,KRX,KIWOOM DRX,0.66,0.59,117.0,114.0,3.0,3.0,6.0,9.0,2.0,6.0,63.0,67.0,79.0,92.0,33.0,38.0,0.0,0.0,1.0,2.0
542273,233483,BeYN,4678,KRX,KIWOOM DRX,0.43,0.59,65.0,76.0,2.0,3.0,6.0,8.0,1.0,2.0,38.0,67.0,46.0,57.0,11.0,23.0,0.0,0.0,1.0,0.0
542273,233483,jawgemo,3993,G2,G2 Esports,1.26,2.47,281.0,492.0,13.0,15.0,8.0,5.0,2.0,3.0,67.0,88.0,174.0,314.0,29.0,28.0,3.0,3.0,1.0,0.0
542273,233483,JonahP,4581,G2,G2 Esports,1.21,1.1,191.0,198.0,7.0,4.0,5.0,4.0,5.0,5.0,83.0,75.0,113.0,125.0,15.0,12.0,2.0,0.0,1.0,1.0
542273,233483,valyn,3885,G2,G2 Esports,1.34,0.9,181.0,101.0,7.0,3.0,4.0,4.0,7.0,6.0,83.0,75.0,96.0,56.0,35.0,10.0,2.0,0.0,0.0,2.0
542273,233483,leaf,7873,G2,G2 Esports,1.0,0.98,189.0,166.0,8.0,3.0,8.0,5.0,5.0,6.0,58.0,100.0,118.0,117.0,28.0,25.0,1.0,1.0,0.0,0.0
542273,233483,trent,15500,G2,G2 Esports,0.79,1.28,171.0,265.0,7.0,8.0,8.0,4.0,1.0,1.0,58.0,75.0,104.0,222.0,33.0,50.0,1.0,1.0,1.0,0.0
542273,233484,HYUNMIN,28400,KRX,KIWOOM DRX,2.11,1.55,394.0,318.0,18.0,12.0,6.0,8.0,5.0,5.0,83.0,91.0,243.0,203.0,47.0,55.0,1.0,2.0,1.0,1.0
542273,233484,Flashback,35013,KRX,KIWOOM DRX,1.32,1.18,261.0,250.0,12.0,10.0,7.0,9.0,3.0,1.0,75.0,73.0,154.0,158.0,28.0,26.0,3.0,1.0,1.0,0.0
542273,233484,MaKo,4462,KRX,KIWOOM DRX,1.02,1.03,234.0,192.0,10.0,8.0,9.0,7.0,7.0,2.0,75.0,64.0,126.0,121.0,15.0,64.0,1.0,2.0,1.0,2.0
542273,233484,BeYN,4678,KRX,KIWOOM DRX,0.83,0.62,152.0,140.0,5.0,4.0,8.0,8.0,7.0,4.0,83.0,64.0,98.0,99.0,13.0,60.0,2.0,1.0,1.0,0.0
542273,233484,free1ng,1916,KRX,KIWOOM DRX,0.52,0.28,80.0,43.0,4.0,2.0,7.0,7.0,1.0,2.0,67.0,55.0,53.0,14.0,13.0,25.0,0.0,1.0,1.0,1.0
542273,233484,trent,15500,G2,G2 Esports,1.16,1.12,217.0,209.0,7.0,9.0,7.0,9.0,4.0,1.0,91.0,67.0,164.0,149.0,45.0,50.0,0.0,0.0,0.0,1.0
542273,233484,leaf,7873,G2,G2 Esports,1.29,0.73,227.0,194.0,11.0,6.0,8.0,10.0,2.0,4.0,82.0,58.0,161.0,135.0,17.0,23.0,3.0,1.0,1.0,1.0
542273,233484,JonahP,4581,G2,G2 Esports,1.36,0.55,242.0,126.0,11.0,4.0,6.0,9.0,4.0,4.0,73.0,67.0,134.0,75.0,11.0,21.0,0.0,0.0,1.0,2.0
542273,233484,valyn,3885,G2,G2 Esports,0.96,0.75,173.0,167.0,7.0,7.0,6.0,10.0,4.0,1.0,82.0,67.0,101.0,109.0,10.0,58.0,0.0,1.0,0.0,1.0
542273,233484,jawgemo,3993,G2,G2 Esports,0.25,1.06,98.0,262.0,3.0,11.0,9.0,11.0,3.0,1.0,55.0,67.0,62.0,163.0,8.0,52.0,1.0,3.0,5.0,2.0
542273,233485,MaKo,4462,KRX,KIWOOM DRX,0.94,2.03,137.0,345.0,4.0,17.0,5.0,5.0,4.0,7.0,75.0,92.0,92.0,206.0,33.0,21.0,0.0,3.0,0.0,0.0
542273,233485,Flashback,35013,KRX,KIWOOM DRX,1.39,1.34,261.0,216.0,7.0,11.0,5.0,4.0,0.0,3.0,50.0,83.0,148.0,117.0,31.0,0.0,2.0,3.0,1.0,2.0
542273,233485,HYUNMIN,28400,KRX,KIWOOM DRX,1.06,1.17,186.0,173.0,5.0,6.0,5.0,5.0,0.0,5.0,50.0,92.0,135.0,122.0,21.0,27.0,0.0,1.0,2.0,0.0
542273,233485,free1ng,1916,KRX,KIWOOM DRX,0.82,1.23,140.0,238.0,4.0,10.0,5.0,6.0,0.0,7.0,63.0,92.0,83.0,156.0,80.0,32.0,1.0,2.0,1.0,0.0
542273,233485,BeYN,4678,KRX,KIWOOM DRX,0.46,1.05,83.0,227.0,2.0,10.0,6.0,7.0,3.0,5.0,63.0,83.0,45.0,135.0,10.0,24.0,0.0,1.0,1.0,0.0
542273,233485,valyn,3885,G2,G2 Esports,1.37,1.18,235.0,232.0,10.0,6.0,10.0,4.0,3.0,2.0,67.0,88.0,148.0,133.0,23.0,50.0,1.0,1.0,0.0,0.0
542273,233485,jawgemo,3993,G2,G2 Esports,0.46,1.66,136.0,353.0,5.0,10.0,11.0,4.0,2.0,1.0,58.0,88.0,88.0,201.0,15.0,21.0,1.0,4.0,0.0,1.0
542273,233485,trent,15500,G2,G2 Esports,0.65,1.04,175.0,152.0,7.0,5.0,11.0,4.0,1.0,1.0,58.0,88.0,104.0,92.0,41.0,18.0,0.0,0.0,3.0,0.0
542273,233485,leaf,7873,G2,G2 Esports,0.29,0.66,101.0,175.0,3.0,5.0,11.0,6.0,3.0,3.0,50.0,63.0,75.0,103.0,21.0,18.0,0.0,0.0,5.0,1.0
542273,233485,JonahP,4581,G2,G2 Esports,0.32,0.42,78.0,39.0,2.0,0.0,11.0,4.0,4.0,2.0,42.0,63.0,50.0,36.0,23.0,11.0,0.0,0.0,2.0,1.0
542274,233486,RieNs,10971,TH,Team Heretics,3.05,1.33,478.0,298.0,10.0,13.0,1.0,7.0,0.0,4.0,100.0,83.0,283.0,200.0,21.0,46.0,1.0,2.0,0.0,0.0
542274,233486,MiniBoo,18350,TH,Team Heretics,1.29,1.24,250.0,281.0,5.0,12.0,2.0,9.0,1.0,3.0,80.0,75.0,156.0,207.0,10.0,30.0,2.0,3.0,1.0,2.0
542274,233486,Wo0t,21328,TH,Team Heretics,1.22,1.07,173.0,195.0,4.0,9.0,3.0,5.0,0.0,0.0,100.0,75.0,78.0,103.0,20.0,30.0,0.0,1.0,0.0,1.0
542274,233486,benjyfishy,29873,TH,Team Heretics,1.11,1.04,152.0,177.0,3.0,8.0,2.0,6.0,1.0,3.0,100.0,92.0,98.0,113.0,15.0,32.0,0.0,1.0,0.0,0.0
542274,233486,Boo,1144,TH,Team Heretics,1.17,0.96,200.0,141.0,3.0,6.0,4.0,6.0,8.0,8.0,100.0,83.0,119.0,87.0,21.0,29.0,0.0,1.0,1.0,1.0
542274,233486,Flickless,6959,GX,GIANTX,1.15,0.61,196.0,221.0,9.0,4.0,10.0,5.0,7.0,1.0,92.0,80.0,121.0,107.0,31.0,11.0,0.0,1.0,1.0,0.0
542274,233486,ara,11332,GX,GIANTX,1.15,0.46,216.0,113.0,8.0,2.0,9.0,5.0,2.0,2.0,67.0,60.0,148.0,112.0,21.0,60.0,1.0,0.0,3.0,1.0
542274,233486,westside,34684,GX,GIANTX,0.87,0.5,170.0,167.0,7.0,3.0,10.0,5.0,3.0,1.0,67.0,60.0,127.0,83.0,64.0,10.0,1.0,0.0,3.0,0.0
542274,233486,Cloud,4181,GX,GIANTX,0.74,0.59,113.0,241.0,5.0,3.0,9.0,5.0,3.0,1.0,50.0,40.0,66.0,175.0,33.0,17.0,2.0,1.0,0.0,0.0
542274,233486,grubinho,5550,GX,GIANTX,0.55,0.03,109.0,15.0,4.0,0.0,10.0,5.0,6.0,3.0,67.0,60.0,62.0,,56.0,,0.0,0.0,1.0,2.0
542274,233487,Wo0t,21328,TH,Team Heretics,0.04,1.22,48.0,227.0,1.0,9.0,4.0,7.0,0.0,1.0,25.0,58.0,26.0,131.0,0.0,38.0,0.0,3.0,2.0,3.0
542274,233487,MiniBoo,18350,TH,Team Heretics,0.06,0.94,79.0,219.0,1.0,10.0,4.0,10.0,0.0,1.0,50.0,58.0,43.0,148.0,17.0,29.0,0.0,2.0,1.0,1.0
542274,233487,benjyfishy,29873,TH,Team Heretics,0.57,0.68,111.0,169.0,1.0,8.0,4.0,11.0,1.0,1.0,50.0,67.0,91.0,99.0,14.0,36.0,0.0,0.0,0.0,0.0
542274,233487,Boo,1144,TH,Team Heretics,0.05,0.5,46.0,47.0,0.0,2.0,4.0,8.0,0.0,5.0,,42.0,46.0,32.0,33.0,13.0,0.0,0.0,0.0,1.0
542274,233487,RieNs,10971,TH,Team Heretics,0.8,0.24,230.0,104.0,3.0,3.0,4.0,12.0,0.0,3.0,50.0,50.0,140.0,73.0,56.0,36.0,0.0,0.0,1.0,2.0
542274,233487,Flickless,6959,GX,GIANTX,1.35,1.87,239.0,281.0,10.0,3.0,5.0,1.0,6.0,5.0,92.0,100.0,144.0,207.0,46.0,20.0,0.0,1.0,1.0,0.0
542274,233487,ara,11332,GX,GIANTX,1.34,1.38,303.0,176.0,11.0,3.0,9.0,2.0,4.0,1.0,67.0,100.0,192.0,158.0,24.0,50.0,4.0,1.0,0.0,0.0
542274,233487,westside,34684,GX,GIANTX,1.0,2.36,183.0,347.0,9.0,7.0,7.0,0.0,3.0,0.0,75.0,100.0,110.0,178.0,35.0,27.0,1.0,0.0,1.0,0.0
542274,233487,Cloud,4181,GX,GIANTX,1.36,1.26,214.0,304.0,10.0,4.0,5.0,2.0,4.0,1.0,67.0,75.0,127.0,195.0,29.0,36.0,1.0,1.0,1.0,0.0
542274,233487,grubinho,5550,GX,GIANTX,1.12,1.48,178.0,165.0,8.0,3.0,6.0,1.0,4.0,2.0,67.0,100.0,130.0,89.0,28.0,10.0,1.0,1.0,2.0,0.0
542274,233488,MiniBoo,18350,TH,Team Heretics,0.65,1.73,137.0,371.0,6.0,13.0,10.0,7.0,3.0,1.0,50.0,80.0,85.0,206.0,42.0,34.0,0.0,2.0,4.0,0.0
542274,233488,Boo,1144,TH,Team Heretics,1.06,1.11,140.0,219.0,7.0,9.0,8.0,6.0,3.0,4.0,75.0,80.0,79.0,149.0,28.0,50.0,0.0,1.0,1.0,0.0
542274,233488,RieNs,10971,TH,Team Heretics,0.74,1.27,160.0,184.0,7.0,7.0,11.0,6.0,3.0,5.0,58.0,80.0,120.0,114.0,63.0,22.0,1.0,0.0,1.0,0.0
542274,233488,benjyfishy,29873,TH,Team Heretics,0.85,0.94,191.0,211.0,6.0,6.0,10.0,7.0,6.0,3.0,58.0,70.0,128.0,139.0,30.0,22.0,1.0,3.0,2.0,1.0
542274,233488,Wo0t,21328,TH,Team Heretics,0.98,0.7,238.0,156.0,10.0,6.0,10.0,8.0,3.0,2.0,83.0,70.0,149.0,97.0,32.0,50.0,0.0,1.0,2.0,2.0
542274,233488,Cloud,4181,GX,GIANTX,1.43,1.11,252.0,183.0,10.0,8.0,7.0,6.0,4.0,5.0,70.0,83.0,156.0,131.0,29.0,28.0,0.0,1.0,0.0,1.0
542274,233488,westside,34684,GX,GIANTX,1.45,1.04,317.0,178.0,11.0,9.0,7.0,8.0,4.0,3.0,60.0,67.0,181.0,104.0,36.0,33.0,2.0,0.0,2.0,0.0
542274,233488,Flickless,6959,GX,GIANTX,0.76,1.24,226.0,231.0,7.0,10.0,9.0,7.0,2.0,6.0,60.0,92.0,147.0,157.0,9.0,39.0,0.0,3.0,0.0,0.0
542274,233488,grubinho,5550,GX,GIANTX,0.49,1.42,127.0,277.0,4.0,12.0,9.0,7.0,4.0,9.0,50.0,92.0,80.0,165.0,11.0,21.0,1.0,2.0,2.0,0.0
542274,233488,ara,11332,GX,GIANTX,0.02,1.13,36.0,252.0,0.0,10.0,9.0,8.0,2.0,4.0,40.0,75.0,36.0,164.0,9.0,28.0,0.0,4.0,3.0,1.0
542276,233489,aspas,8480,MIBR,MIBR,1.02,1.92,240.0,357.0,9.0,16.0,11.0,4.0,3.0,1.0,67.0,100.0,148.0,254.0,30.0,24.0,2.0,3.0,0.0,0.0
542276,233489,cortezia,5395,MIBR,MIBR,1.32,1.22,274.0,156.0,12.0,6.0,9.0,2.0,1.0,2.0,67.0,82.0,186.0,107.0,29.0,58.0,1.0,2.0,0.0,0.0
542276,233489,Verno,21668,MIBR,MIBR,0.25,1.92,70.0,367.0,2.0,14.0,10.0,3.0,2.0,3.0,50.0,91.0,54.0,230.0,57.0,33.0,0.0,2.0,2.0,0.0
542276,233489,artzin,5957,MIBR,MIBR,0.29,1.81,92.0,298.0,3.0,13.0,11.0,4.0,1.0,0.0,58.0,100.0,62.0,209.0,15.0,32.0,1.0,4.0,3.0,0.0
542276,233489,xenom,20240,MIBR,MIBR,0.77,1.07,166.0,91.0,7.0,3.0,11.0,2.0,4.0,5.0,58.0,100.0,110.0,57.0,35.0,15.0,1.0,0.0,2.0,0.0
542276,233489,BeYN,4678,KRX,KIWOOM DRX,0.66,1.29,141.0,210.0,5.0,10.0,10.0,6.0,1.0,4.0,45.0,83.0,93.0,138.0,31.0,33.0,0.0,0.0,0.0,2.0
542276,233489,free1ng,1916,KRX,KIWOOM DRX,0.35,1.57,91.0,252.0,3.0,11.0,11.0,4.0,1.0,2.0,36.0,92.0,61.0,165.0,17.0,50.0,0.0,1.0,2.0,1.0
542276,233489,MaKo,4462,KRX,KIWOOM DRX,0.32,1.5,65.0,240.0,2.0,11.0,10.0,6.0,0.0,7.0,27.0,92.0,42.0,166.0,8.0,26.0,0.0,2.0,1.0,0.0
542276,233489,HYUNMIN,28400,KRX,KIWOOM DRX,0.55,0.86,138.0,162.0,5.0,8.0,10.0,7.0,0.0,2.0,18.0,67.0,89.0,119.0,27.0,41.0,0.0,2.0,1.0,0.0
542276,233489,Flashback,35013,KRX,KIWOOM DRX,0.01,1.07,27.0,278.0,0.0,12.0,11.0,10.0,1.0,2.0,9.0,75.0,27.0,176.0,13.0,23.0,0.0,2.0,7.0,2.0
542276,233490,aspas,8480,MIBR,MIBR,1.4,1.36,265.0,272.0,13.0,15.0,10.0,9.0,3.0,0.0,79.0,71.0,171.0,168.0,28.0,11.0,2.0,6.0,2.0,0.0
542276,233490,cortezia,5395,MIBR,MIBR,1.18,1.14,191.0,257.0,10.0,12.0,8.0,10.0,3.0,2.0,57.0,71.0,115.0,189.0,42.0,39.0,3.0,1.0,0.0,2.0
542276,233490,Verno,21668,MIBR,MIBR,0.79,1.13,152.0,207.0,7.0,9.0,10.0,9.0,4.0,5.0,43.0,64.0,96.0,156.0,25.0,24.0,0.0,0.0,1.0,1.0
542276,233490,xenom,20240,MIBR,MIBR,1.4,0.49,217.0,141.0,11.0,6.0,8.0,12.0,6.0,8.0,79.0,64.0,136.0,82.0,38.0,6.0,0.0,0.0,1.0,1.0
542276,233490,artzin,5957,MIBR,MIBR,0.36,0.63,67.0,167.0,2.0,6.0,10.0,12.0,7.0,9.0,79.0,79.0,43.0,108.0,15.0,12.0,0.0,3.0,5.0,0.0
542276,233490,BeYN,4678,KRX,KIWOOM DRX,1.5,1.24,249.0,237.0,13.0,11.0,6.0,8.0,3.0,3.0,71.0,71.0,164.0,160.0,19.0,31.0,0.0,2.0,1.0,0.0
542276,233490,free1ng,1916,KRX,KIWOOM DRX,1.25,1.03,236.0,213.0,12.0,11.0,9.0,8.0,6.0,3.0,79.0,64.0,165.0,125.0,48.0,25.0,2.0,2.0,2.0,2.0
542276,233490,Flashback,35013,KRX,KIWOOM DRX,0.57,1.23,185.0,251.0,8.0,12.0,13.0,9.0,5.0,5.0,64.0,71.0,127.0,169.0,14.0,31.0,2.0,3.0,4.0,1.0
542276,233490,MaKo,4462,KRX,KIWOOM DRX,0.96,0.58,203.0,75.0,10.0,3.0,10.0,8.0,7.0,3.0,79.0,57.0,125.0,54.0,19.0,22.0,0.0,0.0,1.0,1.0
542276,233490,HYUNMIN,28400,KRX,KIWOOM DRX,0.79,0.73,186.0,178.0,9.0,9.0,10.0,10.0,3.0,0.0,64.0,57.0,119.0,116.0,48.0,64.0,0.0,2.0,2.0,1.0
542276,233491,aspas,8480,MIBR,MIBR,1.13,1.61,240.0,333.0,10.0,13.0,10.0,7.0,0.0,1.0,83.0,73.0,158.0,206.0,21.0,28.0,4.0,1.0,1.0,1.0
542276,233491,cortezia,5395,MIBR,MIBR,1.4,0.7,307.0,100.0,13.0,4.0,8.0,6.0,4.0,4.0,83.0,73.0,210.0,62.0,33.0,27.0,0.0,0.0,0.0,0.0
542276,233491,xenom,20240,MIBR,MIBR,0.79,0.98,105.0,197.0,4.0,6.0,7.0,8.0,10.0,10.0,67.0,82.0,57.0,123.0,43.0,15.0,0.0,1.0,1.0,0.0
542276,233491,Verno,21668,MIBR,MIBR,1.13,0.52,193.0,87.0,7.0,4.0,7.0,7.0,7.0,4.0,83.0,73.0,120.0,68.0,16.0,25.0,2.0,0.0,1.0,0.0
542276,233491,artzin,5957,MIBR,MIBR,0.97,0.54,148.0,124.0,6.0,4.0,6.0,8.0,1.0,2.0,75.0,82.0,107.0,85.0,32.0,38.0,2.0,2.0,1.0,5.0
542276,233491,Flashback,35013,KRX,KIWOOM DRX,1.45,1.34,296.0,225.0,12.0,11.0,6.0,7.0,0.0,1.0,64.0,50.0,179.0,142.0,23.0,23.0,3.0,2.0,1.0,2.0
542276,233491,MaKo,4462,KRX,KIWOOM DRX,1.52,0.58,197.0,131.0,8.0,3.0,3.0,8.0,2.0,6.0,91.0,75.0,119.0,105.0,26.0,13.0,0.0,0.0,0.0,3.0
542276,233491,BeYN,4678,KRX,KIWOOM DRX,1.07,0.8,189.0,126.0,7.0,5.0,6.0,7.0,4.0,6.0,82.0,67.0,121.0,75.0,12.0,16.0,1.0,0.0,0.0,1.0
542276,233491,HYUNMIN,28400,KRX,KIWOOM DRX,0.38,1.18,91.0,250.0,3.0,11.0,8.0,10.0,3.0,1.0,64.0,58.0,73.0,160.0,25.0,45.0,0.0,0.0,2.0,0.0
542276,233491,free1ng,1916,KRX,KIWOOM DRX,0.73,0.84,171.0,191.0,6.0,8.0,8.0,8.0,2.0,1.0,64.0,67.0,116.0,122.0,17.0,28.0,2.0,2.0,1.0,2.0
542277,233492,d4v41,9803,PRX,Paper Rex,1.58,1.17,245.0,223.0,12.0,8.0,5.0,8.0,6.0,5.0,83.0,67.0,150.0,153.0,19.0,18.0,2.0,2.0,1.0,2.0
542277,233492,something,17086,PRX,Paper Rex,1.43,1.06,350.0,208.0,14.0,8.0,9.0,8.0,7.0,2.0,83.0,92.0,217.0,120.0,23.0,11.0,3.0,3.0,1.0,1.0
542277,233492,f0rsakeN,9801,PRX,Paper Rex,1.34,0.73,254.0,169.0,11.0,7.0,7.0,10.0,8.0,4.0,83.0,50.0,141.0,104.0,23.0,28.0,2.0,1.0,1.0,1.0
542277,233492,PatMen,13744,PRX,Paper Rex,0.81,0.89,135.0,204.0,5.0,8.0,7.0,8.0,7.0,2.0,67.0,75.0,106.0,118.0,24.0,35.0,0.0,0.0,1.0,0.0
542277,233492,Jinggg,7378,PRX,Paper Rex,1.09,0.43,185.0,117.0,9.0,4.0,7.0,9.0,6.0,4.0,83.0,67.0,108.0,80.0,21.0,38.0,0.0,0.0,1.0,2.0
542277,233492,Wo0t,21328,TH,Team Heretics,1.04,1.49,249.0,315.0,11.0,13.0,10.0,9.0,3.0,0.0,67.0,67.0,159.0,204.0,32.0,29.0,3.0,2.0,3.0,1.0
542277,233492,RieNs,10971,TH,Team Heretics,1.3,1.02,235.0,215.0,10.0,9.0,7.0,10.0,5.0,2.0,92.0,58.0,191.0,119.0,45.0,50.0,1.0,2.0,0.0,2.0
542277,233492,Boo,1144,TH,Team Heretics,1.12,0.81,176.0,169.0,7.0,6.0,7.0,10.0,6.0,4.0,75.0,67.0,99.0,122.0,40.0,56.0,0.0,0.0,0.0,2.0
542277,233492,MiniBoo,18350,TH,Team Heretics,1.57,0.12,247.0,87.0,11.0,2.0,5.0,12.0,1.0,3.0,75.0,58.0,155.0,74.0,20.0,13.0,2.0,1.0,1.0,2.0
542277,233492,benjyfishy,29873,TH,Team Heretics,0.74,0.54,88.0,116.0,4.0,5.0,6.0,10.0,2.0,1.0,83.0,50.0,65.0,75.0,10.0,31.0,0.0,0.0,2.0,0.0
542277,233493,f0rsakeN,9801,PRX,Paper Rex,1.08,1.29,253.0,311.0,8.0,13.0,9.0,8.0,5.0,4.0,80.0,83.0,165.0,195.0,30.0,50.0,2.0,1.0,0.0,1.0
542277,233493,d4v41,9803,PRX,Paper Rex,0.85,0.95,217.0,184.0,8.0,7.0,9.0,7.0,0.0,8.0,40.0,75.0,141.0,124.0,35.0,33.0,0.0,1.0,1.0,3.0
542277,233493,Jinggg,7378,PRX,Paper Rex,0.47,1.24,178.0,244.0,6.0,10.0,10.0,6.0,1.0,3.0,50.0,92.0,104.0,163.0,16.0,8.0,1.0,1.0,2.0,2.0
542277,233493,something,17086,PRX,Paper Rex,0.5,1.16,107.0,181.0,4.0,8.0,9.0,5.0,1.0,4.0,50.0,75.0,67.0,111.0,33.0,17.0,2.0,1.0,1.0,1.0
542277,233493,PatMen,13744,PRX,Paper Rex,0.3,1.33,99.0,256.0,3.0,13.0,9.0,6.0,2.0,3.0,60.0,83.0,60.0,170.0,18.0,38.0,0.0,1.0,1.0,0.0
542277,233493,Wo0t,21328,TH,Team Heretics,0.92,2.3,178.0,429.0,8.0,17.0,10.0,6.0,1.0,3.0,75.0,100.0,103.0,249.0,44.0,36.0,2.0,2.0,1.0,1.0
542277,233493,RieNs,10971,TH,Team Heretics,0.63,1.65,112.0,271.0,4.0,10.0,11.0,4.0,5.0,4.0,50.0,100.0,76.0,175.0,40.0,32.0,0.0,2.0,0.0,0.0
542277,233493,benjyfishy,29873,TH,Team Heretics,0.82,0.99,177.0,142.0,8.0,5.0,9.0,5.0,1.0,4.0,67.0,70.0,102.0,93.0,33.0,21.0,2.0,0.0,0.0,0.0
542277,233493,Boo,1144,TH,Team Heretics,0.78,0.99,155.0,202.0,6.0,7.0,10.0,7.0,4.0,5.0,75.0,80.0,101.0,140.0,50.0,33.0,1.0,1.0,3.0,0.0
542277,233493,MiniBoo,18350,TH,Team Heretics,0.75,0.77,159.0,191.0,6.0,7.0,11.0,7.0,3.0,3.0,33.0,80.0,107.0,112.0,36.0,17.0,2.0,0.0,1.0,4.0
542277,233494,PatMen,13744,PRX,Paper Rex,1.75,1.28,263.0,182.0,11.0,4.0,5.0,3.0,5.0,6.0,83.0,100.0,189.0,77.0,37.0,11.0,0.0,0.0,1.0,0.0
542277,233494,f0rsakeN,9801,PRX,Paper Rex,0.89,2.98,139.0,481.0,6.0,8.0,8.0,2.0,6.0,7.0,83.0,100.0,87.0,331.0,67.0,29.0,1.0,1.0,2.0,0.0
542277,233494,d4v41,9803,PRX,Paper Rex,1.77,0.5,317.0,170.0,14.0,3.0,6.0,4.0,1.0,1.0,75.0,60.0,228.0,84.0,44.0,11.0,1.0,2.0,0.0,1.0
542277,233494,something,17086,PRX,Paper Rex,0.96,1.29,208.0,238.0,9.0,4.0,8.0,3.0,4.0,5.0,75.0,80.0,148.0,151.0,30.0,15.0,0.0,0.0,3.0,1.0
542277,233494,Jinggg,7378,PRX,Paper Rex,0.56,1.67,150.0,286.0,6.0,6.0,10.0,3.0,3.0,1.0,58.0,80.0,91.0,172.0,13.0,15.0,1.0,0.0,3.0,0.0
542277,233494,benjyfishy,29873,TH,Team Heretics,1.95,0.64,423.0,102.0,7.0,4.0,5.0,9.0,1.0,5.0,100.0,83.0,286.0,82.0,42.0,31.0,1.0,1.0,0.0,0.0
542277,233494,RieNs,10971,TH,Team Heretics,0.93,0.92,238.0,204.0,5.0,9.0,5.0,9.0,2.0,4.0,80.0,50.0,132.0,137.0,71.0,33.0,0.0,1.0,0.0,1.0
542277,233494,Wo0t,21328,TH,Team Heretics,0.01,1.15,30.0,173.0,0.0,8.0,5.0,7.0,1.0,3.0,20.0,58.0,31.0,127.0,33.0,50.0,0.0,3.0,1.0,1.0
542277,233494,Boo,1144,TH,Team Heretics,0.01,1.04,33.0,231.0,0.0,9.0,5.0,10.0,2.0,5.0,40.0,67.0,23.0,150.0,50.0,14.0,0.0,2.0,1.0,0.0
542277,233494,MiniBoo,18350,TH,Team Heretics,0.71,0.64,234.0,202.0,3.0,7.0,5.0,11.0,2.0,2.0,100.0,67.0,178.0,138.0,25.0,12.0,1.0,2.0,1.0,1.0
542278,233495,HYUNMIN,28400,KRX,KIWOOM DRX,1.26,1.84,255.0,436.0,13.0,23.0,10.0,9.0,0.0,1.0,50.0,79.0,164.0,276.0,45.0,38.0,2.0,6.0,1.0,0.0
542278,233495,free1ng,1916,KRX,KIWOOM DRX,0.66,1.28,146.0,207.0,6.0,10.0,12.0,5.0,4.0,3.0,57.0,93.0,91.0,130.0,60.0,63.0,1.0,2.0,4.0,0.0
542278,233495,MaKo,4462,KRX,KIWOOM DRX,0.66,1.27,137.0,163.0,6.0,9.0,11.0,5.0,5.0,3.0,57.0,93.0,87.0,124.0,44.0,23.0,1.0,0.0,3.0,0.0
542278,233495,BeYN,4678,KRX,KIWOOM DRX,0.43,1.48,94.0,251.0,3.0,13.0,12.0,6.0,3.0,4.0,57.0,86.0,77.0,161.0,13.0,21.0,0.0,1.0,0.0,0.0
542278,233495,Flashback,35013,KRX,KIWOOM DRX,0.84,0.84,186.0,186.0,8.0,9.0,11.0,9.0,2.0,5.0,57.0,79.0,120.0,122.0,18.0,19.0,0.0,2.0,2.0,3.0
542278,233495,Jinggg,7378,PRX,Paper Rex,0.72,1.81,176.0,376.0,7.0,21.0,12.0,7.0,3.0,2.0,43.0,86.0,119.0,231.0,53.0,38.0,1.0,6.0,6.0,0.0
542278,233495,d4v41,9803,PRX,Paper Rex,0.98,0.91,240.0,150.0,8.0,8.0,13.0,8.0,8.0,2.0,71.0,86.0,178.0,108.0,20.0,18.0,1.0,0.0,2.0,0.0
542278,233495,PatMen,13744,PRX,Paper Rex,0.44,1.31,122.0,180.0,4.0,9.0,13.0,5.0,1.0,2.0,57.0,86.0,95.0,131.0,50.0,27.0,0.0,1.0,2.0,0.0
542278,233495,f0rsakeN,9801,PRX,Paper Rex,0.73,0.92,119.0,157.0,8.0,7.0,12.0,9.0,1.0,10.0,43.0,79.0,87.0,107.0,50.0,29.0,0.0,1.0,0.0,2.0
542278,233495,something,17086,PRX,Paper Rex,0.44,1.12,143.0,217.0,7.0,11.0,14.0,7.0,1.0,2.0,29.0,86.0,84.0,135.0,22.0,10.0,1.0,2.0,1.0,2.0
542278,233496,MaKo,4462,KRX,KIWOOM DRX,1.31,1.93,168.0,256.0,7.0,10.0,5.0,3.0,9.0,5.0,75.0,89.0,93.0,142.0,18.0,24.0,2.0,1.0,0.0,0.0
542278,233496,free1ng,1916,KRX,KIWOOM DRX,0.86,1.79,148.0,296.0,6.0,10.0,8.0,3.0,1.0,4.0,58.0,100.0,93.0,196.0,38.0,28.0,2.0,1.0,1.0,0.0
542278,233496,BeYN,4678,KRX,KIWOOM DRX,1.52,0.84,268.0,95.0,11.0,3.0,6.0,4.0,1.0,3.0,83.0,67.0,169.0,65.0,43.0,30.0,3.0,1.0,0.0,0.0
542278,233496,HYUNMIN,28400,KRX,KIWOOM DRX,0.92,1.41,190.0,321.0,9.0,10.0,7.0,6.0,1.0,2.0,50.0,67.0,146.0,208.0,50.0,28.0,0.0,1.0,2.0,1.0
542278,233496,Flashback,35013,KRX,KIWOOM DRX,1.31,0.63,222.0,144.0,10.0,4.0,8.0,7.0,5.0,3.0,67.0,78.0,162.0,96.0,20.0,40.0,0.0,1.0,2.0,3.0
542278,233496,Jinggg,7378,PRX,Paper Rex,1.49,1.09,299.0,234.0,10.0,10.0,7.0,8.0,0.0,1.0,100.0,50.0,210.0,160.0,37.0,33.0,4.0,0.0,0.0,2.0
542278,233496,d4v41,9803,PRX,Paper Rex,0.86,1.09,170.0,148.0,5.0,7.0,7.0,7.0,1.0,2.0,67.0,58.0,104.0,101.0,31.0,20.0,0.0,0.0,1.0,0.0
542278,233496,f0rsakeN,9801,PRX,Paper Rex,0.59,0.67,155.0,170.0,4.0,7.0,7.0,9.0,3.0,2.0,56.0,75.0,103.0,107.0,32.0,26.0,0.0,0.0,1.0,2.0
542278,233496,something,17086,PRX,Paper Rex,0.36,0.69,98.0,182.0,3.0,7.0,8.0,10.0,3.0,3.0,67.0,67.0,72.0,120.0,18.0,42.0,0.0,3.0,1.0,2.0
542278,233496,PatMen,13744,PRX,Paper Rex,0.06,0.37,52.0,64.0,1.0,3.0,8.0,9.0,0.0,1.0,22.0,42.0,43.0,40.0,33.0,18.0,0.0,2.0,2.0,1.0
542279,233498,Alfajer,9810,FNC,FNATIC,1.5,0.92,314.0,186.0,13.0,6.0,9.0,6.0,1.0,2.0,75.0,56.0,201.0,127.0,46.0,40.0,1.0,2.0,3.0,2.0
542279,233498,crashies,4,FNC,FNATIC,1.29,0.94,200.0,132.0,8.0,4.0,8.0,4.0,1.0,3.0,58.0,78.0,151.0,84.0,36.0,50.0,0.0,1.0,0.0,0.0
542279,233498,kaajak,9554,FNC,FNATIC,0.65,1.28,196.0,201.0,7.0,7.0,11.0,5.0,3.0,1.0,50.0,78.0,124.0,140.0,50.0,30.0,2.0,2.0,4.0,0.0
542279,233498,Boaster,438,FNC,FNATIC,0.39,1.13,71.0,166.0,3.0,6.0,10.0,5.0,3.0,2.0,58.0,78.0,37.0,105.0,60.0,33.0,0.0,1.0,1.0,1.0
542279,233498,Chronicle,458,FNC,FNATIC,0.06,0.84,42.0,168.0,1.0,5.0,11.0,7.0,1.0,4.0,42.0,67.0,37.0,114.0,18.0,20.0,0.0,0.0,1.0,0.0
542279,233498,free1ng,1916,KRX,KIWOOM DRX,0.95,1.61,150.0,257.0,5.0,10.0,5.0,4.0,0.0,2.0,56.0,75.0,106.0,173.0,45.0,36.0,1.0,2.0,0.0,0.0
542279,233498,HYUNMIN,28400,KRX,KIWOOM DRX,1.19,1.27,210.0,333.0,8.0,14.0,6.0,9.0,0.0,4.0,67.0,67.0,164.0,201.0,44.0,43.0,1.0,3.0,2.0,0.0
542279,233498,Flashback,35013,KRX,KIWOOM DRX,1.1,1.28,180.0,312.0,7.0,13.0,5.0,8.0,0.0,1.0,78.0,92.0,132.0,183.0,13.0,26.0,0.0,3.0,1.0,2.0
542279,233498,BeYN,4678,KRX,KIWOOM DRX,0.78,0.84,162.0,142.0,5.0,6.0,7.0,6.0,1.0,2.0,78.0,75.0,110.0,94.0,19.0,18.0,1.0,0.0,1.0,1.0
542279,233498,MaKo,4462,KRX,KIWOOM DRX,0.48,0.91,55.0,134.0,2.0,6.0,5.0,5.0,1.0,3.0,56.0,67.0,41.0,84.0,29.0,45.0,0.0,1.0,2.0,0.0
542279,233499,crashies,4,FNC,FNATIC,2.11,0.81,333.0,162.0,16.0,2.0,4.0,2.0,1.0,1.0,83.0,50.0,214.0,102.0,50.0,40.0,1.0,0.0,0.0,1.0
542279,233499,Chronicle,458,FNC,FNATIC,1.04,3.29,178.0,661.0,9.0,9.0,7.0,2.0,3.0,1.0,75.0,100.0,121.0,396.0,23.0,44.0,0.0,1.0,0.0,0.0
542279,233499,Alfajer,9810,FNC,FNATIC,1.57,0.59,254.0,95.0,12.0,2.0,6.0,2.0,3.0,0.0,92.0,50.0,190.0,53.0,38.0,33.0,5.0,0.0,0.0,1.0
542279,233499,Boaster,438,FNC,FNATIC,1.51,0.51,193.0,53.0,10.0,0.0,3.0,2.0,2.0,1.0,83.0,75.0,124.0,54.0,33.0,0.0,0.0,0.0,1.0,0.0
542279,233499,kaajak,9554,FNC,FNATIC,0.84,1.25,175.0,177.0,5.0,3.0,8.0,2.0,6.0,0.0,75.0,100.0,139.0,88.0,25.0,67.0,3.0,1.0,2.0,0.0
542279,233499,BeYN,4678,KRX,KIWOOM DRX,1.42,0.54,205.0,147.0,5.0,5.0,3.0,10.0,0.0,2.0,50.0,50.0,145.0,81.0,44.0,50.0,1.0,0.0,0.0,1.0
542279,233499,HYUNMIN,28400,KRX,KIWOOM DRX,0.07,0.82,43.0,222.0,1.0,8.0,4.0,10.0,2.0,2.0,50.0,67.0,102.0,137.0,33.0,30.0,0.0,0.0,1.0,0.0
542279,233499,Flashback,35013,KRX,KIWOOM DRX,0.17,0.78,52.0,233.0,1.0,9.0,4.0,11.0,0.0,0.0,25.0,67.0,78.0,109.0,20.0,42.0,1.0,2.0,1.0,3.0
542279,233499,free1ng,1916,KRX,KIWOOM DRX,1.18,0.37,146.0,116.0,3.0,4.0,2.0,10.0,0.0,1.0,50.0,50.0,60.0,82.0,67.0,33.0,0.0,0.0,0.0,2.0
542279,233499,MaKo,4462,KRX,KIWOOM DRX,0.12,0.27,10.0,81.0,0.0,2.0,3.0,11.0,1.0,4.0,50.0,50.0,20.0,62.0,0.0,25.0,0.0,1.0,0.0,3.0
542279,233500,crashies,4,FNC,FNATIC,1.26,1.55,159.0,272.0,8.0,12.0,5.0,6.0,4.0,1.0,75.0,92.0,104.0,176.0,58.0,50.0,0.0,2.0,0.0,0.0
542279,233500,kaajak,9554,FNC,FNATIC,0.92,1.69,157.0,330.0,6.0,14.0,8.0,6.0,3.0,2.0,58.0,83.0,108.0,183.0,14.0,39.0,3.0,3.0,3.0,1.0
542279,233500,Chronicle,458,FNC,FNATIC,1.44,0.58,279.0,128.0,11.0,5.0,7.0,9.0,6.0,2.0,92.0,50.0,178.0,106.0,33.0,25.0,1.0,1.0,0.0,4.0
542279,233500,Alfajer,9810,FNC,FNATIC,0.54,1.15,148.0,225.0,6.0,9.0,9.0,7.0,0.0,0.0,50.0,58.0,91.0,150.0,35.0,33.0,0.0,1.0,4.0,0.0
542279,233500,Boaster,438,FNC,FNATIC,0.87,0.58,130.0,119.0,6.0,4.0,8.0,9.0,4.0,10.0,58.0,83.0,82.0,75.0,29.0,42.0,0.0,0.0,1.0,0.0
542279,233500,BeYN,4678,KRX,KIWOOM DRX,1.23,1.3,251.0,235.0,11.0,9.0,8.0,6.0,4.0,3.0,75.0,75.0,144.0,167.0,32.0,43.0,0.0,1.0,0.0,0.0
542279,233500,HYUNMIN,28400,KRX,KIWOOM DRX,1.05,0.76,216.0,122.0,8.0,4.0,9.0,7.0,4.0,3.0,67.0,67.0,165.0,80.0,39.0,44.0,1.0,2.0,0.0,2.0
542279,233500,MaKo,4462,KRX,KIWOOM DRX,1.05,0.78,196.0,199.0,8.0,8.0,8.0,9.0,6.0,5.0,83.0,67.0,114.0,117.0,7.0,27.0,2.0,1.0,2.0,0.0
542279,233500,Flashback,35013,KRX,KIWOOM DRX,0.29,1.44,106.0,238.0,5.0,11.0,10.0,7.0,1.0,2.0,42.0,67.0,72.0,145.0,15.0,41.0,0.0,3.0,3.0,1.0
542279,233500,free1ng,1916,KRX,KIWOOM DRX,0.77,0.67,130.0,135.0,5.0,5.0,9.0,8.0,3.0,4.0,67.0,75.0,83.0,86.0,42.0,43.0,2.0,1.0,2.0,1.0
542279,233501,Chronicle,458,FNC,FNATIC,1.53,1.43,286.0,260.0,12.0,5.0,4.0,4.0,3.0,0.0,83.0,60.0,184.0,189.0,26.0,50.0,3.0,1.0,0.0,1.0
542279,233501,kaajak,9554,FNC,FNATIC,1.67,0.76,313.0,199.0,14.0,3.0,5.0,4.0,6.0,2.0,92.0,60.0,192.0,125.0,39.0,33.0,5.0,0.0,2.0,1.0
542279,233501,Boaster,438,FNC,FNATIC,1.55,0.82,223.0,108.0,10.0,2.0,4.0,3.0,2.0,2.0,83.0,60.0,122.0,69.0,10.0,10.0,0.0,0.0,0.0,0.0
542279,233501,crashies,4,FNC,FNATIC,1.18,0.95,236.0,235.0,11.0,4.0,6.0,4.0,3.0,1.0,83.0,80.0,143.0,146.0,38.0,63.0,1.0,0.0,0.0,1.0
542279,233501,Alfajer,9810,FNC,FNATIC,0.53,1.18,79.0,151.0,3.0,3.0,6.0,2.0,2.0,2.0,58.0,60.0,63.0,86.0,24.0,13.0,0.0,0.0,1.0,1.0
542279,233501,MaKo,4462,KRX,KIWOOM DRX,1.6,0.81,327.0,116.0,6.0,5.0,3.0,8.0,4.0,3.0,80.0,42.0,149.0,72.0,21.0,25.0,2.0,0.0,0.0,1.0
542279,233501,BeYN,4678,KRX,KIWOOM DRX,0.84,0.84,109.0,143.0,2.0,6.0,3.0,8.0,2.0,1.0,80.0,67.0,72.0,94.0,33.0,33.0,0.0,1.0,0.0,2.0
542279,233501,HYUNMIN,28400,KRX,KIWOOM DRX,0.12,0.87,49.0,236.0,1.0,8.0,5.0,11.0,0.0,4.0,60.0,42.0,30.0,142.0,0.0,47.0,0.0,1.0,0.0,1.0
542279,233501,free1ng,1916,KRX,KIWOOM DRX,1.19,0.41,245.0,103.0,4.0,4.0,3.0,12.0,2.0,1.0,80.0,42.0,153.0,66.0,16.0,25.0,1.0,1.0,1.0,1.0
542279,233501,Flashback,35013,KRX,KIWOOM DRX,1.06,0.22,204.0,107.0,4.0,2.0,3.0,11.0,2.0,1.0,80.0,33.0,130.0,85.0,15.0,8.0,1.0,0.0,0.0,4.0
