match_id,game_id,player,player_id,tag,team,rating_atk,rating_def,acs_atk,acs_def,k_atk,k_def,d_atk,d_def,a_atk,a_def,kast_atk,kast_def,adr_atk,adr_def,hs_atk,hs_def,fk_atk,fk_def,fd_atk,fd_def
459517,206933,neT,6582,C9,Cloud9,1.47,0.37,286.0,129.0,13.0,3.0,9.0,7.0,1.0,1.0,67.0,57.0,170.0,86.0,65.0,8.0,1.0,1.0,1.0,0.0
459517,206933,mitch,612,C9,Cloud9,0.66,0.98,129.0,227.0,5.0,6.0,10.0,5.0,2.0,0.0,67.0,57.0,87.0,150.0,31.0,32.0,1.0,0.0,3.0,0.0
459517,206933,Xeppaa,7871,C9,Cloud9,1.1,0.19,224.0,114.0,9.0,2.0,9.0,7.0,1.0,2.0,75.0,57.0,154.0,84.0,41.0,8.0,1.0,1.0,1.0,1.0
459517,206933,v1c,17433,C9,Cloud9,0.64,0.91,129.0,193.0,5.0,5.0,10.0,6.0,2.0,1.0,50.0,71.0,93.0,136.0,33.0,29.0,0.0,1.0,1.0,1.0
459517,206933,OXY,18796,C9,Cloud9,0.59,0.19,156.0,138.0,6.0,3.0,11.0,7.0,1.0,0.0,58.0,29.0,125.0,87.0,26.0,22.0,0.0,1.0,3.0,1.0
459517,206933,s0m,4164,NRG,NRG,2.23,1.27,446.0,288.0,11.0,13.0,4.0,7.0,2.0,3.0,71.0,92.0,271.0,188.0,31.0,33.0,2.0,2.0,1.0,0.0
459517,206933,brawk,2172,NRG,NRG,1.71,1.36,223.0,246.0,7.0,12.0,2.0,7.0,2.0,5.0,86.0,83.0,132.0,158.0,17.0,35.0,0.0,1.0,0.0,0.0
459517,206933,Ethan,11225,NRG,NRG,1.1,1.36,206.0,273.0,5.0,13.0,5.0,9.0,4.0,7.0,100.0,100.0,128.0,166.0,31.0,19.0,0.0,2.0,0.0,1.0
459517,206933,FiNESSE,817,NRG,NRG,1.44,0.92,210.0,125.0,6.0,4.0,2.0,6.0,1.0,7.0,100.0,83.0,134.0,106.0,14.0,12.0,0.0,0.0,0.0,0.0
459517,206933,mada,5132,NRG,NRG,0.4,0.74,131.0,197.0,3.0,7.0,6.0,9.0,1.0,4.0,71.0,58.0,75.0,126.0,30.0,25.0,1.0,4.0,3.0,2.0
459517,206934,Xeppaa,7871,C9,Cloud9,1.51,1.96,252.0,338.0,6.0,16.0,3.0,6.0,0.0,3.0,50.0,92.0,196.0,205.0,29.0,27.0,1.0,1.0,2.0,0.0
459517,206934,mitch,612,C9,Cloud9,1.44,1.3,191.0,269.0,5.0,11.0,3.0,9.0,3.0,11.0,83.0,92.0,123.0,162.0,15.0,22.0,0.0,0.0,0.0,1.0
459517,206934,neT,6582,C9,Cloud9,1.04,1.08,146.0,168.0,3.0,8.0,3.0,6.0,2.0,2.0,67.0,58.0,92.0,102.0,57.0,58.0,0.0,2.0,0.0,2.0
459517,206934,v1c,17433,C9,Cloud9,0.95,1.08,177.0,127.0,5.0,5.0,4.0,7.0,3.0,13.0,83.0,92.0,79.0,74.0,10.0,12.0,0.0,2.0,1.0,0.0
459517,206934,OXY,18796,C9,Cloud9,0.97,0.89,295.0,234.0,6.0,9.0,6.0,11.0,1.0,4.0,83.0,75.0,170.0,168.0,32.0,36.0,2.0,2.0,0.0,2.0
459517,206934,mada,5132,NRG,NRG,1.04,1.19,204.0,283.0,9.0,6.0,9.0,5.0,2.0,1.0,58.0,100.0,122.0,193.0,9.0,35.0,2.0,0.0,1.0,0.0
459517,206934,Ethan,11225,NRG,NRG,0.94,0.77,234.0,194.0,10.0,4.0,10.0,5.0,3.0,3.0,92.0,67.0,135.0,123.0,15.0,57.0,1.0,1.0,0.0,1.0
459517,206934,s0m,4164,NRG,NRG,0.82,0.87,160.0,189.0,6.0,4.0,10.0,5.0,14.0,2.0,83.0,67.0,110.0,120.0,17.0,38.0,0.0,1.0,2.0,1.0
459517,206934,brawk,2172,NRG,NRG,0.74,0.35,160.0,122.0,7.0,3.0,10.0,6.0,3.0,0.0,67.0,33.0,119.0,72.0,25.0,14.0,0.0,0.0,1.0,0.0
459517,206934,FiNESSE,817,NRG,NRG,0.61,0.6,165.0,155.0,7.0,2.0,10.0,5.0,1.0,2.0,58.0,50.0,121.0,119.0,25.0,13.0,2.0,1.0,3.0,1.0
459517,206935,OXY,18796,C9,Cloud9,1.88,1.22,362.0,273.0,13.0,11.0,7.0,9.0,2.0,1.0,80.0,83.0,233.0,161.0,36.0,9.0,1.0,3.0,1.0,0.0
459517,206935,v1c,17433,C9,Cloud9,0.92,1.28,110.0,175.0,4.0,8.0,6.0,6.0,6.0,10.0,50.0,83.0,77.0,104.0,36.0,35.0,0.0,2.0,3.0,1.0
459517,206935,Xeppaa,7871,C9,Cloud9,0.68,1.34,178.0,261.0,7.0,10.0,9.0,6.0,2.0,5.0,70.0,75.0,99.0,178.0,33.0,29.0,1.0,1.0,1.0,1.0
459517,206935,mitch,612,C9,Cloud9,0.52,1.46,143.0,270.0,5.0,13.0,9.0,6.0,3.0,5.0,70.0,92.0,89.0,182.0,18.0,24.0,1.0,2.0,0.0,0.0
459517,206935,neT,6582,C9,Cloud9,0.63,1.07,129.0,156.0,4.0,8.0,8.0,5.0,1.0,4.0,60.0,75.0,98.0,104.0,63.0,32.0,1.0,2.0,1.0,0.0
459517,206935,s0m,4164,NRG,NRG,1.4,1.6,261.0,254.0,10.0,8.0,9.0,5.0,8.0,8.0,83.0,90.0,175.0,157.0,23.0,35.0,0.0,1.0,0.0,0.0
459517,206935,mada,5132,NRG,NRG,1.07,1.2,249.0,284.0,9.0,10.0,10.0,7.0,5.0,3.0,50.0,90.0,155.0,191.0,30.0,22.0,1.0,3.0,4.0,1.0
459517,206935,brawk,2172,NRG,NRG,0.56,1.61,99.0,246.0,4.0,11.0,10.0,5.0,2.0,2.0,67.0,80.0,74.0,154.0,14.0,31.0,0.0,1.0,1.0,2.0
459517,206935,FiNESSE,817,NRG,NRG,0.54,0.85,151.0,213.0,6.0,7.0,11.0,7.0,0.0,1.0,58.0,90.0,111.0,155.0,33.0,27.0,1.0,0.0,3.0,0.0
459517,206935,Ethan,11225,NRG,NRG,0.29,0.2,91.0,109.0,3.0,3.0,10.0,9.0,1.0,2.0,25.0,40.0,61.0,74.0,5.0,0.0,0.0,1.0,2.0,1.0
459518,206936,adverso,3826,KRÜ,VISA KRÜ (KRÜ Esports),0.91,0.85,172.0,178.0,3.0,6.0,3.0,10.0,1.0,2.0,75.0,50.0,121.0,137.0,22.0,17.0,1.0,1.0,0.0,1.0
459518,206936,Melser,1311,KRÜ,VISA KRÜ (KRÜ Esports),0.87,0.64,206.0,176.0,3.0,8.0,4.0,12.0,1.0,2.0,75.0,67.0,111.0,95.0,18.0,11.0,1.0,1.0,0.0,1.0
459518,206936,keznit,2462,KRÜ,VISA KRÜ (KRÜ Esports),0.33,0.69,81.0,203.0,1.0,7.0,3.0,12.0,1.0,4.0,50.0,67.0,65.0,127.0,33.0,24.0,0.0,1.0,1.0,2.0
459518,206936,Shyy,24007,KRÜ,VISA KRÜ (KRÜ Esports),0.86,0.46,136.0,115.0,3.0,4.0,3.0,11.0,0.0,1.0,50.0,42.0,61.0,77.0,0.0,31.0,0.0,1.0,0.0,0.0
459518,206936,Mazino,7603,KRÜ,VISA KRÜ (KRÜ Esports),0.34,0.18,156.0,86.0,2.0,3.0,4.0,12.0,2.0,1.0,50.0,42.0,112.0,66.0,38.0,13.0,0.0,0.0,1.0,4.0
459518,206936,cauanzin,6193,LOUD,LOUD,1.64,2.26,238.0,449.0,11.0,7.0,4.0,2.0,6.0,1.0,83.0,100.0,189.0,245.0,32.0,27.0,1.0,2.0,1.0,0.0
459518,206936,dgzin,8873,LOUD,LOUD,1.48,1.71,283.0,258.0,12.0,5.0,7.0,2.0,5.0,0.0,92.0,100.0,174.0,145.0,26.0,50.0,2.0,0.0,0.0,0.0
459518,206936,pANcada,683,LOUD,LOUD,1.45,1.63,195.0,286.0,7.0,4.0,5.0,2.0,9.0,2.0,100.0,100.0,138.0,206.0,27.0,31.0,2.0,0.0,2.0,0.0
459518,206936,tuyz,2408,LOUD,LOUD,1.6,0.75,293.0,97.0,13.0,0.0,4.0,2.0,6.0,6.0,100.0,100.0,185.0,78.0,21.0,0.0,2.0,0.0,0.0,2.0
459518,206936,v1nny,1586,LOUD,LOUD,1.35,0.62,278.0,97.0,14.0,1.0,8.0,4.0,7.0,5.0,83.0,100.0,171.0,66.0,32.0,20.0,1.0,0.0,1.0,0.0
459518,206937,keznit,2462,KRÜ,VISA KRÜ (KRÜ Esports),1.54,1.96,241.0,378.0,3.0,17.0,2.0,7.0,1.0,5.0,100.0,83.0,144.0,238.0,60.0,21.0,2.0,4.0,0.0,1.0
459518,206937,Mazino,7603,KRÜ,VISA KRÜ (KRÜ Esports),1.02,1.72,102.0,292.0,1.0,13.0,1.0,7.0,2.0,8.0,100.0,100.0,73.0,200.0,25.0,23.0,0.0,1.0,0.0,0.0
459518,206937,Melser,1311,KRÜ,VISA KRÜ (KRÜ Esports),1.77,1.5,253.0,264.0,3.0,11.0,1.0,5.0,3.0,6.0,100.0,92.0,89.0,152.0,33.0,23.0,1.0,1.0,0.0,1.0
459518,206937,Shyy,24007,KRÜ,VISA KRÜ (KRÜ Esports),2.34,0.87,490.0,147.0,6.0,8.0,1.0,7.0,0.0,3.0,100.0,75.0,312.0,88.0,11.0,22.0,0.0,1.0,0.0,2.0
459518,206937,adverso,3826,KRÜ,VISA KRÜ (KRÜ Esports),1.62,0.72,197.0,119.0,2.0,5.0,0.0,7.0,1.0,2.0,100.0,92.0,131.0,76.0,25.0,0.0,0.0,0.0,0.0,1.0
459518,206937,pANcada,683,LOUD,LOUD,1.25,0.48,262.0,151.0,11.0,1.0,10.0,3.0,3.0,2.0,75.0,100.0,177.0,102.0,44.0,40.0,1.0,0.0,0.0,0.0
459518,206937,dgzin,8873,LOUD,LOUD,0.98,0.44,260.0,118.0,10.0,1.0,11.0,3.0,2.0,0.0,75.0,33.0,168.0,90.0,23.0,33.0,3.0,0.0,3.0,1.0
459518,206937,tuyz,2408,LOUD,LOUD,0.56,0.68,115.0,197.0,5.0,2.0,10.0,3.0,2.0,0.0,67.0,33.0,92.0,130.0,55.0,14.0,1.0,0.0,0.0,1.0
459518,206937,cauanzin,6193,LOUD,LOUD,0.3,0.16,117.0,167.0,5.0,1.0,11.0,3.0,0.0,0.0,50.0,33.0,70.0,131.0,20.0,20.0,0.0,0.0,2.0,1.0
459518,206937,v1nny,1586,LOUD,LOUD,0.14,0.02,60.0,10.0,2.0,0.0,12.0,3.0,4.0,0.0,58.0,,40.0,10.0,30.0,0.0,0.0,0.0,2.0,0.0
459518,206938,Shyy,24007,KRÜ,VISA KRÜ (KRÜ Esports),1.95,0.86,313.0,118.0,13.0,5.0,4.0,8.0,5.0,4.0,100.0,58.0,212.0,96.0,32.0,23.0,2.0,0.0,0.0,1.0
459518,206938,keznit,2462,KRÜ,VISA KRÜ (KRÜ Esports),1.27,1.26,270.0,299.0,13.0,12.0,5.0,9.0,0.0,2.0,73.0,83.0,138.0,193.0,20.0,16.0,2.0,3.0,1.0,2.0
459518,206938,Melser,1311,KRÜ,VISA KRÜ (KRÜ Esports),1.17,1.21,149.0,213.0,6.0,8.0,4.0,9.0,7.0,4.0,91.0,58.0,90.0,143.0,19.0,32.0,1.0,0.0,0.0,2.0
459518,206938,Mazino,7603,KRÜ,VISA KRÜ (KRÜ Esports),1.5,0.83,211.0,179.0,8.0,7.0,5.0,10.0,11.0,2.0,100.0,67.0,123.0,116.0,19.0,16.0,2.0,1.0,0.0,0.0
459518,206938,adverso,3826,KRÜ,VISA KRÜ (KRÜ Esports),1.06,0.74,213.0,230.0,7.0,9.0,6.0,12.0,6.0,1.0,91.0,58.0,158.0,160.0,20.0,33.0,2.0,0.0,1.0,3.0
459518,206938,cauanzin,6193,LOUD,LOUD,1.1,0.86,226.0,204.0,9.0,7.0,8.0,8.0,2.0,2.0,75.0,45.0,152.0,151.0,28.0,12.0,2.0,0.0,2.0,3.0
459518,206938,dgzin,8873,LOUD,LOUD,0.9,0.62,202.0,123.0,9.0,4.0,8.0,9.0,2.0,1.0,67.0,45.0,130.0,82.0,39.0,23.0,1.0,1.0,1.0,1.0
459518,206938,pANcada,683,LOUD,LOUD,0.96,0.57,227.0,143.0,11.0,5.0,9.0,10.0,4.0,0.0,67.0,55.0,147.0,93.0,43.0,38.0,0.0,1.0,1.0,2.0
459518,206938,v1nny,1586,LOUD,LOUD,0.86,0.66,134.0,166.0,5.0,6.0,7.0,10.0,3.0,1.0,75.0,73.0,95.0,121.0,29.0,50.0,1.0,0.0,0.0,1.0
459518,206938,tuyz,2408,LOUD,LOUD,1.12,0.31,324.0,103.0,14.0,2.0,9.0,10.0,1.0,3.0,75.0,36.0,203.0,89.0,26.0,5.0,4.0,0.0,0.0,2.0
459519,206939,trent,15500,G2,G2 Esports,0.99,1.44,129.0,286.0,5.0,12.0,4.0,9.0,4.0,2.0,100.0,83.0,82.0,188.0,13.0,38.0,1.0,1.0,2.0,2.0
459519,206939,valyn,3885,G2,G2 Esports,1.1,1.29,198.0,311.0,8.0,12.0,5.0,11.0,4.0,4.0,82.0,75.0,131.0,178.0,33.0,31.0,0.0,3.0,0.0,1.0
459519,206939,leaf,7873,G2,G2 Esports,1.73,0.44,283.0,93.0,12.0,4.0,5.0,10.0,2.0,2.0,73.0,42.0,214.0,68.0,23.0,12.0,2.0,0.0,2.0,1.0
459519,206939,jawgemo,3993,G2,G2 Esports,1.74,0.32,341.0,74.0,14.0,3.0,6.0,10.0,3.0,0.0,91.0,42.0,210.0,48.0,28.0,25.0,3.0,1.0,0.0,2.0
459519,206939,JonahP,4581,G2,G2 Esports,1.22,0.58,243.0,158.0,10.0,5.0,7.0,11.0,3.0,4.0,91.0,67.0,175.0,119.0,63.0,19.0,0.0,0.0,1.0,1.0
459519,206939,pryze,662,FUR,FURIA,1.26,1.08,230.0,214.0,10.0,8.0,6.0,9.0,6.0,2.0,92.0,73.0,154.0,144.0,31.0,27.0,1.0,1.0,0.0,1.0
459519,206939,raafa,25743,FUR,FURIA,1.25,0.56,165.0,169.0,8.0,5.0,5.0,9.0,4.0,4.0,83.0,64.0,109.0,120.0,25.0,21.0,1.0,2.0,1.0,0.0
459519,206939,Khalil,1711,FUR,FURIA,1.2,0.4,244.0,134.0,11.0,5.0,8.0,10.0,5.0,1.0,75.0,55.0,169.0,102.0,24.0,36.0,1.0,0.0,2.0,3.0
459519,206939,havoc,8706,FUR,FURIA,1.05,0.55,299.0,184.0,12.0,7.0,10.0,11.0,2.0,2.0,75.0,64.0,177.0,96.0,36.0,38.0,4.0,2.0,2.0,2.0
459519,206939,heat,8673,FUR,FURIA,1.16,0.1,202.0,53.0,10.0,2.0,7.0,10.0,5.0,2.0,83.0,36.0,148.0,41.0,63.0,43.0,0.0,0.0,0.0,0.0
459519,206940,jawgemo,3993,G2,G2 Esports,1.58,1.42,287.0,236.0,13.0,7.0,6.0,5.0,1.0,2.0,83.0,75.0,167.0,171.0,20.0,25.0,4.0,0.0,1.0,0.0
459519,206940,leaf,7873,G2,G2 Esports,1.48,1.48,287.0,339.0,11.0,10.0,9.0,6.0,6.0,1.0,83.0,100.0,219.0,207.0,46.0,47.0,0.0,2.0,1.0,0.0
459519,206940,valyn,3885,G2,G2 Esports,1.5,0.91,222.0,128.0,11.0,5.0,6.0,4.0,5.0,1.0,67.0,75.0,130.0,87.0,50.0,12.0,4.0,1.0,0.0,1.0
459519,206940,JonahP,4581,G2,G2 Esports,0.83,1.55,101.0,283.0,4.0,8.0,6.0,4.0,5.0,7.0,83.0,88.0,73.0,168.0,23.0,35.0,0.0,2.0,1.0,1.0
459519,206940,trent,15500,G2,G2 Esports,0.34,0.55,32.0,71.0,1.0,2.0,7.0,5.0,2.0,1.0,50.0,75.0,32.0,42.0,11.0,14.0,0.0,1.0,1.0,0.0
459519,206940,havoc,8706,FUR,FURIA,0.28,1.53,114.0,324.0,3.0,14.0,8.0,8.0,1.0,1.0,50.0,67.0,68.0,180.0,43.0,36.0,1.0,3.0,2.0,0.0
459519,206940,heat,8673,FUR,FURIA,1.29,0.64,261.0,149.0,8.0,5.0,6.0,9.0,0.0,2.0,63.0,50.0,162.0,119.0,75.0,17.0,0.0,0.0,0.0,4.0
459519,206940,Khalil,1711,FUR,FURIA,1.2,0.67,263.0,87.0,7.0,4.0,5.0,7.0,0.0,1.0,75.0,67.0,173.0,51.0,38.0,40.0,1.0,0.0,3.0,1.0
459519,206940,raafa,25743,FUR,FURIA,0.32,0.85,105.0,176.0,2.0,7.0,7.0,8.0,1.0,3.0,38.0,67.0,90.0,123.0,13.0,17.0,0.0,1.0,1.0,2.0
459519,206940,pryze,662,FUR,FURIA,0.66,0.46,133.0,94.0,4.0,4.0,6.0,8.0,0.0,3.0,50.0,75.0,81.0,60.0,67.0,38.0,0.0,0.0,0.0,1.0
459520,206942,cortezia,5395,MIBR,MIBR,1.63,0.74,296.0,73.0,13.0,3.0,6.0,4.0,0.0,3.0,83.0,88.0,178.0,38.0,41.0,40.0,4.0,0.0,0.0,0.0
459520,206942,xenom,20240,MIBR,MIBR,0.98,1.68,163.0,330.0,7.0,10.0,8.0,4.0,3.0,3.0,67.0,88.0,101.0,199.0,20.0,14.0,0.0,2.0,1.0,1.0
459520,206942,artzin,5957,MIBR,MIBR,0.26,2.73,112.0,574.0,4.0,18.0,12.0,5.0,4.0,4.0,67.0,100.0,67.0,318.0,12.0,20.0,2.0,2.0,1.0,0.0
459520,206942,Verno,21668,MIBR,MIBR,1.18,0.9,176.0,178.0,8.0,4.0,7.0,5.0,3.0,5.0,83.0,75.0,146.0,133.0,39.0,20.0,0.0,0.0,1.0,2.0
459520,206942,aspas,8480,MIBR,MIBR,0.49,1.16,124.0,131.0,4.0,4.0,9.0,1.0,3.0,1.0,58.0,88.0,87.0,75.0,21.0,0.0,2.0,0.0,1.0,1.0
459520,206942,C0M,619,LEV,LEVIATÁN,0.79,1.07,197.0,195.0,5.0,7.0,8.0,8.0,3.0,6.0,88.0,83.0,144.0,137.0,32.0,18.0,1.0,0.0,1.0,1.0
459520,206942,Rossy,1129,LEV,LEVIATÁN,0.55,1.17,147.0,216.0,4.0,9.0,8.0,7.0,1.0,7.0,50.0,75.0,93.0,139.0,23.0,44.0,1.0,1.0,0.0,1.0
459520,206942,kiNgg,8549,LEV,LEVIATÁN,0.58,1.0,191.0,171.0,5.0,8.0,8.0,7.0,1.0,0.0,75.0,67.0,109.0,117.0,20.0,28.0,2.0,1.0,2.0,2.0
459520,206942,tex,1818,LEV,LEVIATÁN,0.04,1.27,48.0,293.0,1.0,13.0,8.0,7.0,1.0,1.0,50.0,75.0,36.0,189.0,25.0,56.0,0.0,2.0,1.0,0.0
459520,206942,Demon1,26171,LEV,LEVIATÁN,0.52,0.82,131.0,140.0,4.0,5.0,7.0,7.0,1.0,6.0,63.0,75.0,84.0,103.0,20.0,27.0,0.0,0.0,0.0,4.0
459520,206943,xenom,20240,MIBR,MIBR,2.08,1.12,297.0,187.0,12.0,8.0,2.0,7.0,3.0,5.0,89.0,83.0,205.0,124.0,30.0,32.0,1.0,2.0,0.0,2.0
459520,206943,artzin,5957,MIBR,MIBR,1.82,0.75,350.0,210.0,11.0,8.0,4.0,12.0,2.0,5.0,89.0,67.0,199.0,139.0,36.0,35.0,3.0,2.0,1.0,1.0
459520,206943,aspas,8480,MIBR,MIBR,1.43,0.93,300.0,155.0,11.0,6.0,5.0,6.0,1.0,2.0,78.0,83.0,194.0,100.0,17.0,4.0,0.0,0.0,2.0,0.0
459520,206943,Verno,21668,MIBR,MIBR,1.08,0.81,158.0,145.0,5.0,6.0,4.0,9.0,4.0,5.0,89.0,58.0,136.0,122.0,50.0,29.0,0.0,0.0,0.0,1.0
459520,206943,cortezia,5395,MIBR,MIBR,0.71,0.72,170.0,141.0,5.0,7.0,6.0,9.0,0.0,3.0,78.0,42.0,116.0,99.0,36.0,29.0,2.0,0.0,0.0,4.0
459520,206943,tex,1818,LEV,LEVIATÁN,1.53,0.95,258.0,251.0,12.0,8.0,6.0,9.0,0.0,0.0,75.0,44.0,184.0,157.0,33.0,80.0,4.0,2.0,0.0,1.0
459520,206943,C0M,619,LEV,LEVIATÁN,1.4,0.29,259.0,108.0,11.0,2.0,7.0,9.0,0.0,2.0,83.0,44.0,184.0,96.0,40.0,7.0,2.0,0.0,0.0,1.0
459520,206943,Demon1,26171,LEV,LEVIATÁN,1.22,0.44,197.0,67.0,9.0,3.0,6.0,8.0,2.0,1.0,83.0,33.0,153.0,54.0,43.0,60.0,1.0,0.0,0.0,1.0
459520,206943,Rossy,1129,LEV,LEVIATÁN,1.02,0.65,170.0,181.0,8.0,5.0,8.0,9.0,3.0,3.0,83.0,56.0,119.0,117.0,28.0,44.0,0.0,0.0,0.0,1.0
459520,206943,kiNgg,8549,LEV,LEVIATÁN,0.45,0.45,87.0,126.0,3.0,3.0,8.0,9.0,4.0,2.0,67.0,67.0,65.0,84.0,27.0,6.0,1.0,1.0,4.0,2.0
459521,206945,Zap,3169,2G,2Game Esports,1.44,0.78,202.0,162.0,10.0,7.0,5.0,10.0,1.0,4.0,92.0,58.0,139.0,107.0,13.0,14.0,0.0,0.0,0.0,0.0
459521,206945,gobera,14950,2G,2Game Esports,1.12,1.01,227.0,236.0,10.0,10.0,8.0,10.0,2.0,0.0,67.0,50.0,164.0,156.0,35.0,35.0,2.0,3.0,1.0,1.0
459521,206945,Askia,20238,2G,2Game Esports,1.05,0.97,256.0,203.0,10.0,9.0,9.0,10.0,4.0,1.0,75.0,50.0,184.0,145.0,31.0,24.0,0.0,3.0,0.0,2.0
459521,206945,lz,6195,2G,2Game Esports,1.06,0.59,166.0,171.0,8.0,7.0,7.0,11.0,7.0,5.0,83.0,58.0,93.0,101.0,33.0,33.0,2.0,0.0,2.0,1.0
459521,206945,silentzz,11921,2G,2Game Esports,0.75,0.56,273.0,144.0,12.0,6.0,12.0,11.0,1.0,2.0,67.0,50.0,157.0,100.0,57.0,44.0,3.0,1.0,2.0,1.0
459521,206945,yay,881,EG,Evil Geniuses,1.55,1.11,276.0,278.0,13.0,12.0,6.0,10.0,0.0,0.0,83.0,75.0,198.0,169.0,41.0,27.0,1.0,2.0,1.0,1.0
459521,206945,NaturE,4927,EG,Evil Geniuses,1.53,1.02,266.0,218.0,12.0,8.0,7.0,11.0,8.0,9.0,100.0,83.0,165.0,127.0,19.0,19.0,0.0,0.0,2.0,1.0
459521,206945,icy,8402,EG,Evil Geniuses,1.22,0.6,297.0,138.0,13.0,6.0,10.0,10.0,3.0,2.0,75.0,75.0,195.0,81.0,27.0,12.0,3.0,2.0,2.0,2.0
459521,206945,supamen,826,EG,Evil Geniuses,0.85,0.98,170.0,195.0,8.0,8.0,8.0,10.0,1.0,6.0,83.0,58.0,112.0,136.0,39.0,17.0,1.0,0.0,1.0,3.0
459521,206945,Derrek,1533,EG,Evil Geniuses,0.76,1.04,169.0,182.0,6.0,7.0,8.0,9.0,4.0,7.0,83.0,92.0,112.0,135.0,29.0,38.0,0.0,1.0,1.0,0.0
459521,206946,Zap,3169,2G,2Game Esports,0.54,1.67,132.0,357.0,5.0,12.0,9.0,7.0,2.0,2.0,50.0,89.0,91.0,228.0,21.0,47.0,1.0,1.0,1.0,0.0
459521,206946,silentzz,11921,2G,2Game Esports,0.81,1.09,213.0,271.0,8.0,8.0,11.0,8.0,1.0,2.0,75.0,56.0,146.0,178.0,45.0,45.0,1.0,1.0,0.0,1.0
459521,206946,Askia,20238,2G,2Game Esports,1.18,0.55,250.0,133.0,11.0,4.0,8.0,8.0,0.0,1.0,50.0,67.0,179.0,106.0,36.0,25.0,2.0,0.0,2.0,2.0
459521,206946,gobera,14950,2G,2Game Esports,0.99,0.8,199.0,146.0,8.0,5.0,7.0,6.0,2.0,0.0,67.0,56.0,137.0,90.0,43.0,31.0,1.0,1.0,2.0,0.0
459521,206946,lz,6195,2G,2Game Esports,0.96,0.32,174.0,50.0,6.0,1.0,8.0,7.0,8.0,4.0,67.0,44.0,98.0,46.0,41.0,0.0,1.0,0.0,1.0,3.0
459521,206946,NaturE,4927,EG,Evil Geniuses,1.33,1.08,321.0,148.0,9.0,8.0,7.0,6.0,6.0,2.0,67.0,67.0,190.0,83.0,22.0,23.0,3.0,0.0,0.0,1.0
459521,206946,Derrek,1533,EG,Evil Geniuses,0.7,1.49,73.0,259.0,2.0,11.0,5.0,6.0,3.0,3.0,78.0,75.0,49.0,178.0,10.0,48.0,1.0,3.0,0.0,2.0
459521,206946,supamen,826,EG,Evil Geniuses,0.95,1.24,152.0,256.0,5.0,10.0,6.0,8.0,3.0,3.0,67.0,75.0,129.0,157.0,38.0,22.0,0.0,1.0,1.0,0.0
459521,206946,yay,881,EG,Evil Geniuses,1.57,0.68,314.0,162.0,12.0,6.0,6.0,11.0,2.0,5.0,89.0,75.0,258.0,100.0,41.0,24.0,0.0,0.0,1.0,2.0
459521,206946,icy,8402,EG,Evil Geniuses,1.14,0.97,250.0,166.0,8.0,8.0,6.0,7.0,0.0,2.0,67.0,75.0,137.0,116.0,9.0,10.0,2.0,2.0,1.0,1.0
459522,206948,Zellsis,729,SEN,Sentinels,1.42,1.41,270.0,259.0,12.0,6.0,7.0,3.0,2.0,1.0,75.0,100.0,153.0,122.0,20.0,32.0,0.0,1.0,2.0,0.0
459522,206948,johnqt,1265,SEN,Sentinels,1.41,1.43,230.0,230.0,10.0,6.0,6.0,3.0,3.0,0.0,83.0,83.0,144.0,180.0,17.0,19.0,2.0,1.0,1.0,0.0
459522,206948,N4RRATE,36245,SEN,Sentinels,0.94,1.56,223.0,230.0,9.0,5.0,9.0,3.0,5.0,5.0,58.0,100.0,128.0,152.0,24.0,12.0,1.0,0.0,1.0,0.0
459522,206948,bang,3880,SEN,Sentinels,0.84,1.34,129.0,254.0,5.0,6.0,8.0,4.0,5.0,5.0,92.0,100.0,87.0,150.0,21.0,24.0,0.0,2.0,0.0,0.0
459522,206948,zekken,4004,SEN,Sentinels,0.66,1.64,187.0,266.0,7.0,6.0,10.0,2.0,5.0,3.0,58.0,83.0,115.0,179.0,29.0,31.0,0.0,2.0,5.0,0.0
459522,206948,eeiu,796,100T,100 Thieves,1.54,0.72,321.0,131.0,7.0,6.0,6.0,8.0,1.0,2.0,83.0,75.0,202.0,84.0,26.0,54.0,0.0,0.0,0.0,0.0
459522,206948,Asuna,601,100T,100 Thieves,0.34,1.24,59.0,287.0,2.0,11.0,5.0,10.0,2.0,4.0,83.0,83.0,35.0,203.0,0.0,33.0,0.0,4.0,2.0,2.0
459522,206948,zander,8082,100T,100 Thieves,0.57,1.01,152.0,244.0,3.0,10.0,6.0,10.0,3.0,5.0,83.0,92.0,74.0,169.0,29.0,39.0,0.0,2.0,0.0,0.0
459522,206948,Boostio,604,100T,100 Thieves,0.06,0.93,109.0,156.0,1.0,7.0,6.0,8.0,1.0,1.0,33.0,58.0,89.0,100.0,18.0,25.0,0.0,2.0,2.0,0.0
459522,206948,Cryocells,4147,100T,100 Thieves,0.29,0.8,135.0,127.0,2.0,6.0,6.0,7.0,3.0,2.0,50.0,67.0,88.0,72.0,25.0,42.0,0.0,1.0,2.0,1.0
459522,206949,bang,3880,SEN,Sentinels,1.91,0.75,291.0,184.0,12.0,6.0,5.0,8.0,4.0,4.0,67.0,60.0,187.0,116.0,46.0,29.0,1.0,1.0,1.0,1.0
459522,206949,zekken,4004,SEN,Sentinels,0.44,1.46,118.0,332.0,4.0,11.0,10.0,8.0,2.0,2.0,50.0,90.0,72.0,204.0,31.0,22.0,2.0,1.0,4.0,1.0
459522,206949,Zellsis,729,SEN,Sentinels,0.92,0.69,172.0,154.0,8.0,4.0,8.0,8.0,2.0,0.0,58.0,30.0,100.0,123.0,27.0,22.0,0.0,1.0,1.0,2.0
459522,206949,johnqt,1265,SEN,Sentinels,0.77,0.43,148.0,83.0,5.0,3.0,10.0,8.0,3.0,0.0,33.0,60.0,110.0,52.0,26.0,14.0,0.0,0.0,0.0,2.0
459522,206949,N4RRATE,36245,SEN,Sentinels,0.43,0.8,119.0,155.0,5.0,4.0,11.0,7.0,3.0,5.0,58.0,60.0,76.0,118.0,19.0,29.0,1.0,0.0,2.0,1.0
459522,206949,Cryocells,4147,100T,100 Thieves,2.01,1.26,361.0,206.0,14.0,10.0,5.0,6.0,1.0,9.0,90.0,92.0,253.0,118.0,41.0,20.0,4.0,0.0,0.0,0.0
459522,206949,Asuna,601,100T,100 Thieves,1.31,1.45,226.0,321.0,8.0,12.0,5.0,9.0,3.0,6.0,60.0,75.0,138.0,236.0,48.0,38.0,2.0,6.0,1.0,3.0
459522,206949,eeiu,796,100T,100 Thieves,0.98,1.44,150.0,275.0,6.0,12.0,5.0,6.0,0.0,4.0,70.0,83.0,123.0,156.0,25.0,26.0,0.0,0.0,0.0,0.0
459522,206949,zander,8082,100T,100 Thieves,0.91,0.89,155.0,129.0,5.0,5.0,7.0,6.0,9.0,9.0,90.0,58.0,98.0,68.0,16.0,16.0,0.0,1.0,0.0,1.0
459522,206949,Boostio,604,100T,100 Thieves,0.81,0.72,160.0,144.0,6.0,5.0,6.0,7.0,3.0,0.0,70.0,67.0,101.0,111.0,31.0,25.0,1.0,1.0,2.0,0.0
459522,206950,bang,3880,SEN,Sentinels,2.95,1.42,402.0,230.0,3.0,10.0,0.0,5.0,1.0,3.0,100.0,83.0,197.0,148.0,80.0,36.0,1.0,0.0,0.0,1.0
459522,206950,Zellsis,729,SEN,Sentinels,0.22,1.86,24.0,307.0,0.0,15.0,1.0,3.0,0.0,3.0,50.0,92.0,24.0,189.0,0.0,23.0,0.0,2.0,0.0,1.0
459522,206950,johnqt,1265,SEN,Sentinels,1.38,1.65,206.0,255.0,2.0,12.0,1.0,5.0,1.0,5.0,100.0,100.0,125.0,178.0,0.0,32.0,0.0,1.0,0.0,0.0
459522,206950,N4RRATE,36245,SEN,Sentinels,2.06,1.23,321.0,205.0,3.0,9.0,1.0,7.0,1.0,9.0,100.0,100.0,163.0,147.0,10.0,18.0,0.0,0.0,0.0,0.0
459522,206950,zekken,4004,SEN,Sentinels,0.78,1.19,321.0,242.0,2.0,10.0,2.0,7.0,1.0,4.0,50.0,75.0,215.0,140.0,13.0,25.0,0.0,4.0,1.0,3.0
459522,206950,Cryocells,4147,100T,100 Thieves,0.85,0.01,218.0,39.0,7.0,0.0,11.0,2.0,4.0,0.0,75.0,,156.0,39.0,20.0,0.0,0.0,0.0,0.0,0.0
459522,206950,eeiu,796,100T,100 Thieves,0.59,0.93,96.0,216.0,5.0,2.0,10.0,2.0,1.0,0.0,50.0,100.0,62.0,120.0,21.0,33.0,1.0,0.0,1.0,0.0
459522,206950,Boostio,604,100T,100 Thieves,0.44,1.06,139.0,182.0,6.0,1.0,11.0,2.0,2.0,2.0,50.0,100.0,88.0,133.0,55.0,33.0,0.0,0.0,1.0,0.0
459522,206950,Asuna,601,100T,100 Thieves,0.5,0.41,160.0,184.0,5.0,1.0,13.0,2.0,3.0,0.0,83.0,50.0,131.0,148.0,21.0,40.0,4.0,1.0,5.0,1.0
459522,206950,zander,8082,100T,100 Thieves,0.41,0.24,101.0,123.0,4.0,1.0,11.0,2.0,3.0,0.0,58.0,50.0,65.0,52.0,11.0,33.0,0.0,0.0,0.0,0.0
459523,206951,s0m,4164,NRG,NRG,1.46,1.69,280.0,315.0,11.0,14.0,7.0,6.0,2.0,7.0,64.0,83.0,174.0,251.0,36.0,32.0,2.0,1.0,1.0,1.0
459523,206951,FiNESSE,817,NRG,NRG,0.68,1.15,176.0,231.0,6.0,9.0,9.0,9.0,1.0,7.0,64.0,83.0,120.0,137.0,30.0,44.0,1.0,2.0,0.0,1.0
459523,206951,brawk,2172,NRG,NRG,0.61,1.21,133.0,214.0,5.0,9.0,9.0,7.0,2.0,5.0,64.0,83.0,85.0,136.0,16.0,23.0,1.0,0.0,0.0,0.0
459523,206951,Ethan,11225,NRG,NRG,0.71,1.12,136.0,159.0,4.0,7.0,8.0,6.0,4.0,3.0,82.0,67.0,87.0,104.0,4.0,24.0,0.0,3.0,1.0,2.0
459523,206951,mada,5132,NRG,NRG,0.29,0.89,99.0,163.0,3.0,7.0,9.0,7.0,1.0,4.0,36.0,67.0,91.0,108.0,42.0,15.0,2.0,1.0,3.0,1.0
459523,206951,havoc,8706,FUR,FURIA,0.74,1.82,188.0,356.0,8.0,14.0,10.0,7.0,1.0,2.0,67.0,82.0,111.0,216.0,33.0,50.0,2.0,1.0,3.0,0.0
459523,206951,pryze,662,FUR,FURIA,0.3,1.99,51.0,323.0,2.0,13.0,9.0,4.0,0.0,1.0,42.0,82.0,45.0,204.0,8.0,31.0,0.0,1.0,2.0,0.0
459523,206951,Khalil,1711,FUR,FURIA,0.92,1.01,151.0,161.0,6.0,6.0,8.0,6.0,3.0,9.0,67.0,82.0,124.0,90.0,32.0,33.0,0.0,2.0,0.0,1.0
459523,206951,heat,8673,FUR,FURIA,1.04,0.8,256.0,129.0,11.0,6.0,10.0,6.0,3.0,2.0,58.0,82.0,140.0,98.0,42.0,38.0,3.0,1.0,1.0,2.0
459523,206951,raafa,25743,FUR,FURIA,0.89,0.69,149.0,85.0,8.0,3.0,9.0,6.0,1.0,8.0,50.0,82.0,109.0,50.0,47.0,33.0,0.0,0.0,1.0,3.0
459523,206952,brawk,2172,NRG,NRG,1.66,2.13,190.0,291.0,10.0,4.0,3.0,1.0,8.0,1.0,83.0,100.0,128.0,133.0,26.0,25.0,1.0,0.0,0.0,0.0
459523,206952,Ethan,11225,NRG,NRG,1.19,3.11,236.0,448.0,10.0,5.0,7.0,0.0,4.0,2.0,75.0,100.0,142.0,260.0,24.0,54.0,3.0,1.0,1.0,0.0
459523,206952,mada,5132,NRG,NRG,1.73,0.53,327.0,138.0,15.0,1.0,6.0,2.0,3.0,1.0,83.0,67.0,210.0,93.0,31.0,0.0,3.0,1.0,2.0,1.0
459523,206952,s0m,4164,NRG,NRG,1.11,2.28,152.0,386.0,7.0,5.0,5.0,0.0,6.0,1.0,83.0,100.0,99.0,233.0,38.0,8.0,1.0,0.0,0.0,0.0
459523,206952,FiNESSE,817,NRG,NRG,0.99,0.33,121.0,34.0,4.0,0.0,5.0,2.0,6.0,1.0,92.0,67.0,106.0,34.0,10.0,50.0,1.0,0.0,0.0,0.0
459523,206952,pryze,662,FUR,FURIA,0.02,1.29,0.0,218.0,0.0,8.0,3.0,6.0,0.0,0.0,,67.0,0.0,151.0,,29.0,0.0,2.0,0.0,0.0
459523,206952,Khalil,1711,FUR,FURIA,0.43,0.67,120.0,124.0,1.0,5.0,3.0,9.0,0.0,2.0,33.0,58.0,84.0,83.0,0.0,29.0,0.0,0.0,0.0,1.0
459523,206952,raafa,25743,FUR,FURIA,0.02,0.67,85.0,166.0,1.0,6.0,3.0,10.0,0.0,3.0,33.0,75.0,42.0,104.0,33.0,25.0,0.0,0.0,2.0,2.0
459523,206952,heat,8673,FUR,FURIA,0.16,0.34,86.0,91.0,1.0,4.0,3.0,10.0,0.0,0.0,33.0,42.0,55.0,78.0,33.0,45.0,0.0,0.0,0.0,1.0
459523,206952,havoc,8706,FUR,FURIA,0.63,0.18,183.0,96.0,2.0,3.0,3.0,11.0,0.0,2.0,67.0,50.0,123.0,64.0,100.0,21.0,1.0,1.0,0.0,5.0
459523,206953,mada,5132,NRG,NRG,1.88,2.86,359.0,519.0,16.0,10.0,5.0,4.0,1.0,2.0,83.0,80.0,215.0,328.0,29.0,29.0,6.0,2.0,3.0,0.0
459523,206953,Ethan,11225,NRG,NRG,1.37,1.52,164.0,196.0,6.0,3.0,3.0,2.0,6.0,4.0,92.0,100.0,113.0,148.0,24.0,13.0,0.0,0.0,0.0,0.0
459523,206953,s0m,4164,NRG,NRG,1.56,0.71,204.0,103.0,10.0,2.0,3.0,3.0,7.0,1.0,92.0,80.0,131.0,83.0,45.0,50.0,1.0,1.0,0.0,2.0
459523,206953,FiNESSE,817,NRG,NRG,1.26,0.84,213.0,155.0,10.0,3.0,6.0,3.0,4.0,2.0,75.0,80.0,145.0,98.0,15.0,20.0,1.0,0.0,1.0,0.0
459523,206953,brawk,2172,NRG,NRG,1.16,0.64,91.0,143.0,4.0,3.0,2.0,4.0,3.0,3.0,83.0,100.0,79.0,88.0,22.0,9.0,0.0,0.0,0.0,0.0
459523,206953,Khalil,1711,FUR,FURIA,1.13,0.82,275.0,182.0,5.0,7.0,4.0,10.0,1.0,1.0,80.0,58.0,152.0,119.0,12.0,29.0,0.0,1.0,0.0,0.0
459523,206953,pryze,662,FUR,FURIA,1.65,0.41,245.0,69.0,5.0,2.0,3.0,10.0,2.0,1.0,100.0,25.0,142.0,74.0,45.0,36.0,0.0,0.0,0.0,1.0
459523,206953,heat,8673,FUR,FURIA,0.31,0.63,173.0,114.0,3.0,5.0,5.0,7.0,1.0,1.0,100.0,67.0,118.0,77.0,30.0,63.0,1.0,1.0,0.0,2.0
459523,206953,raafa,25743,FUR,FURIA,0.46,0.4,82.0,67.0,2.0,2.0,4.0,8.0,2.0,3.0,80.0,58.0,41.0,40.0,0.0,27.0,0.0,0.0,0.0,2.0
459523,206953,havoc,8706,FUR,FURIA,0.03,0.15,70.0,86.0,1.0,3.0,5.0,11.0,1.0,1.0,40.0,33.0,44.0,61.0,0.0,30.0,1.0,2.0,3.0,3.0
459524,206954,johnqt,1265,SEN,Sentinels,0.99,1.32,252.0,176.0,7.0,8.0,7.0,5.0,2.0,3.0,63.0,92.0,171.0,112.0,19.0,26.0,0.0,0.0,0.0,0.0
459524,206954,zekken,4004,SEN,Sentinels,0.62,1.25,190.0,275.0,4.0,10.0,7.0,8.0,2.0,2.0,50.0,92.0,133.0,176.0,24.0,23.0,2.0,3.0,3.0,3.0
459524,206954,bang,3880,SEN,Sentinels,0.32,1.21,79.0,253.0,2.0,12.0,7.0,8.0,3.0,3.0,50.0,67.0,46.0,165.0,29.0,29.0,0.0,2.0,0.0,3.0
459524,206954,Zellsis,729,SEN,Sentinels,0.04,1.02,60.0,200.0,1.0,8.0,7.0,8.0,0.0,1.0,25.0,58.0,50.0,132.0,17.0,24.0,0.0,1.0,3.0,0.0
459524,206954,N4RRATE,36245,SEN,Sentinels,0.89,0.37,200.0,78.0,5.0,2.0,7.0,9.0,1.0,4.0,63.0,75.0,123.0,59.0,18.0,11.0,0.0,0.0,0.0,0.0
459524,206954,keznit,2462,KRÜ,VISA KRÜ (KRÜ Esports),0.88,2.3,189.0,371.0,8.0,11.0,9.0,3.0,4.0,5.0,67.0,88.0,117.0,218.0,30.0,32.0,2.0,3.0,3.0,0.0
459524,206954,Mazino,7603,KRÜ,VISA KRÜ (KRÜ Esports),0.96,1.95,213.0,275.0,9.0,8.0,9.0,3.0,4.0,6.0,75.0,88.0,147.0,170.0,28.0,47.0,1.0,0.0,1.0,0.0
459524,206954,Shyy,24007,KRÜ,VISA KRÜ (KRÜ Esports),1.25,1.53,200.0,197.0,9.0,7.0,5.0,2.0,2.0,1.0,67.0,88.0,138.0,151.0,14.0,29.0,0.0,1.0,1.0,0.0
459524,206954,Melser,1311,KRÜ,VISA KRÜ (KRÜ Esports),1.28,0.57,200.0,184.0,9.0,5.0,8.0,7.0,5.0,3.0,58.0,63.0,133.0,111.0,40.0,18.0,2.0,2.0,1.0,1.0
459524,206954,adverso,3826,KRÜ,VISA KRÜ (KRÜ Esports),0.42,0.89,81.0,118.0,3.0,4.0,9.0,4.0,3.0,1.0,58.0,63.0,55.0,101.0,17.0,27.0,1.0,0.0,0.0,1.0
459524,206955,zekken,4004,SEN,Sentinels,1.44,1.27,329.0,285.0,14.0,9.0,8.0,7.0,4.0,0.0,67.0,78.0,224.0,164.0,37.0,47.0,5.0,3.0,3.0,0.0
459524,206955,N4RRATE,36245,SEN,Sentinels,1.59,0.74,238.0,227.0,9.0,4.0,5.0,9.0,4.0,7.0,92.0,67.0,184.0,190.0,19.0,17.0,0.0,1.0,0.0,1.0
459524,206955,johnqt,1265,SEN,Sentinels,0.93,1.14,148.0,184.0,6.0,6.0,7.0,7.0,11.0,7.0,75.0,100.0,82.0,121.0,25.0,28.0,0.0,0.0,1.0,0.0
459524,206955,bang,3880,SEN,Sentinels,1.05,0.87,160.0,222.0,6.0,8.0,6.0,9.0,9.0,1.0,83.0,56.0,119.0,143.0,44.0,33.0,0.0,1.0,1.0,1.0
459524,206955,Zellsis,729,SEN,Sentinels,0.78,0.02,103.0,60.0,6.0,1.0,6.0,9.0,0.0,3.0,67.0,33.0,71.0,52.0,29.0,17.0,0.0,0.0,2.0,2.0
459524,206955,keznit,2462,KRÜ,VISA KRÜ (KRÜ Esports),1.68,1.26,367.0,247.0,13.0,10.0,6.0,9.0,0.0,2.0,78.0,75.0,188.0,134.0,19.0,13.0,2.0,6.0,2.0,1.0
459524,206955,Mazino,7603,KRÜ,VISA KRÜ (KRÜ Esports),2.1,0.89,364.0,198.0,14.0,9.0,4.0,10.0,1.0,1.0,100.0,42.0,211.0,135.0,17.0,36.0,0.0,0.0,0.0,1.0
459524,206955,Shyy,24007,KRÜ,VISA KRÜ (KRÜ Esports),1.22,0.9,194.0,107.0,7.0,5.0,5.0,6.0,4.0,1.0,89.0,67.0,154.0,83.0,20.0,21.0,0.0,1.0,0.0,1.0
459524,206955,Melser,1311,KRÜ,VISA KRÜ (KRÜ Esports),0.83,0.72,210.0,92.0,6.0,2.0,7.0,7.0,5.0,6.0,78.0,67.0,135.0,76.0,25.0,13.0,1.0,0.0,3.0,1.0
459524,206955,adverso,3826,KRÜ,VISA KRÜ (KRÜ Esports),0.34,0.75,71.0,142.0,1.0,6.0,6.0,9.0,4.0,4.0,56.0,67.0,55.0,104.0,0.0,23.0,1.0,0.0,0.0,1.0
459525,206957,Cryocells,4147,100T,100 Thieves,2.11,1.34,423.0,248.0,17.0,11.0,6.0,7.0,1.0,1.0,91.0,67.0,259.0,160.0,31.0,31.0,3.0,2.0,0.0,0.0
459525,206957,eeiu,796,100T,100 Thieves,1.51,1.18,253.0,253.0,12.0,11.0,6.0,7.0,1.0,2.0,73.0,83.0,164.0,175.0,33.0,41.0,2.0,0.0,0.0,0.0
459525,206957,zander,8082,100T,100 Thieves,1.32,0.52,242.0,96.0,9.0,4.0,7.0,9.0,5.0,6.0,82.0,58.0,147.0,70.0,32.0,20.0,3.0,0.0,1.0,1.0
459525,206957,Boostio,604,100T,100 Thieves,0.33,1.4,45.0,274.0,2.0,11.0,8.0,8.0,2.0,5.0,64.0,75.0,22.0,191.0,0.0,40.0,0.0,1.0,0.0,1.0
459525,206957,Asuna,601,100T,100 Thieves,0.18,0.98,54.0,215.0,1.0,9.0,8.0,10.0,2.0,3.0,55.0,50.0,57.0,133.0,31.0,24.0,0.0,3.0,2.0,4.0
459525,206957,Derrek,1533,EG,Evil Geniuses,1.15,1.24,236.0,258.0,11.0,9.0,9.0,7.0,3.0,3.0,75.0,64.0,154.0,169.0,28.0,21.0,1.0,0.0,0.0,0.0
459525,206957,NaturE,4927,EG,Evil Geniuses,1.01,1.38,171.0,299.0,8.0,11.0,8.0,8.0,7.0,5.0,92.0,73.0,103.0,175.0,18.0,33.0,0.0,1.0,0.0,0.0
459525,206957,supamen,826,EG,Evil Geniuses,1.46,0.51,222.0,109.0,9.0,3.0,8.0,8.0,10.0,5.0,83.0,45.0,161.0,86.0,33.0,13.0,2.0,1.0,1.0,3.0
459525,206957,icy,8402,EG,Evil Geniuses,0.61,0.81,205.0,191.0,7.0,8.0,12.0,9.0,4.0,0.0,58.0,73.0,145.0,132.0,30.0,27.0,2.0,0.0,4.0,3.0
459525,206957,yay,881,EG,Evil Geniuses,0.69,0.47,145.0,108.0,6.0,4.0,9.0,9.0,2.0,0.0,50.0,55.0,97.0,70.0,15.0,31.0,1.0,1.0,1.0,2.0
459525,206958,Cryocells,4147,100T,100 Thieves,2.79,1.14,478.0,276.0,15.0,11.0,2.0,11.0,3.0,4.0,100.0,75.0,292.0,189.0,35.0,29.0,1.0,1.0,0.0,0.0
459525,206958,eeiu,796,100T,100 Thieves,1.93,1.29,313.0,183.0,9.0,8.0,3.0,7.0,4.0,5.0,100.0,92.0,198.0,142.0,24.0,42.0,0.0,1.0,0.0,0.0
459525,206958,zander,8082,100T,100 Thieves,0.2,1.12,91.0,182.0,3.0,8.0,7.0,8.0,3.0,6.0,75.0,75.0,55.0,127.0,20.0,18.0,1.0,1.0,3.0,0.0
459525,206958,Asuna,601,100T,100 Thieves,0.64,0.78,104.0,196.0,4.0,8.0,5.0,10.0,2.0,2.0,88.0,58.0,63.0,122.0,20.0,26.0,1.0,4.0,1.0,3.0
459525,206958,Boostio,604,100T,100 Thieves,0.8,0.43,185.0,113.0,6.0,5.0,6.0,10.0,0.0,3.0,63.0,50.0,121.0,71.0,60.0,25.0,0.0,1.0,1.0,1.0
459525,206958,yay,881,EG,Evil Geniuses,1.82,0.46,350.0,131.0,16.0,3.0,7.0,8.0,0.0,1.0,67.0,50.0,223.0,95.0,48.0,30.0,2.0,1.0,1.0,1.0
459525,206958,Derrek,1533,EG,Evil Geniuses,1.43,0.51,238.0,147.0,10.0,4.0,6.0,7.0,5.0,1.0,83.0,88.0,173.0,100.0,58.0,42.0,0.0,0.0,1.0,1.0
459525,206958,NaturE,4927,EG,Evil Geniuses,0.65,1.26,119.0,303.0,4.0,8.0,8.0,8.0,6.0,6.0,75.0,75.0,82.0,186.0,13.0,37.0,0.0,1.0,1.0,0.0
459525,206958,supamen,826,EG,Evil Geniuses,0.52,1.16,141.0,249.0,6.0,7.0,10.0,7.0,4.0,2.0,58.0,88.0,76.0,176.0,63.0,21.0,1.0,2.0,3.0,0.0
459525,206958,icy,8402,EG,Evil Geniuses,1.0,0.2,230.0,54.0,10.0,1.0,9.0,7.0,1.0,1.0,92.0,50.0,160.0,36.0,40.0,25.0,1.0,1.0,2.0,1.0
459526,206960,trent,15500,G2,G2 Esports,1.34,1.52,231.0,278.0,10.0,14.0,7.0,8.0,7.0,2.0,92.0,85.0,157.0,184.0,11.0,20.0,1.0,1.0,0.0,0.0
459526,206960,leaf,7873,G2,G2 Esports,1.55,0.63,321.0,134.0,13.0,6.0,8.0,10.0,3.0,4.0,85.0,62.0,226.0,102.0,22.0,25.0,2.0,0.0,2.0,1.0
459526,206960,valyn,3885,G2,G2 Esports,0.72,1.13,174.0,187.0,7.0,8.0,11.0,8.0,7.0,10.0,85.0,69.0,115.0,115.0,23.0,17.0,2.0,2.0,1.0,3.0
459526,206960,jawgemo,3993,G2,G2 Esports,0.85,0.84,167.0,189.0,10.0,9.0,10.0,11.0,2.0,2.0,62.0,38.0,96.0,112.0,37.0,18.0,1.0,3.0,2.0,2.0
459526,206960,JonahP,4581,G2,G2 Esports,0.84,0.69,146.0,116.0,6.0,4.0,9.0,9.0,9.0,6.0,85.0,77.0,96.0,87.0,25.0,19.0,1.0,0.0,1.0,1.0
459526,206960,Verno,21668,MIBR,MIBR,1.1,1.25,183.0,243.0,8.0,11.0,8.0,8.0,3.0,5.0,92.0,85.0,115.0,155.0,21.0,23.0,2.0,1.0,0.0,2.0
459526,206960,aspas,8480,MIBR,MIBR,1.23,0.97,264.0,220.0,13.0,10.0,8.0,9.0,1.0,0.0,69.0,54.0,160.0,134.0,36.0,21.0,4.0,1.0,2.0,3.0
459526,206960,cortezia,5395,MIBR,MIBR,0.9,1.15,183.0,200.0,8.0,10.0,8.0,9.0,4.0,2.0,69.0,77.0,97.0,122.0,100.0,35.0,1.0,1.0,2.0,0.0
459526,206960,xenom,20240,MIBR,MIBR,1.21,0.6,182.0,100.0,10.0,5.0,6.0,10.0,1.0,4.0,69.0,77.0,111.0,67.0,39.0,71.0,0.0,0.0,0.0,1.0
459526,206960,artzin,5957,MIBR,MIBR,0.65,0.84,162.0,225.0,7.0,9.0,11.0,10.0,3.0,1.0,69.0,62.0,113.0,135.0,11.0,26.0,0.0,3.0,2.0,1.0
459526,206961,valyn,3885,G2,G2 Esports,1.03,1.87,200.0,343.0,8.0,15.0,9.0,7.0,4.0,3.0,92.0,83.0,137.0,201.0,17.0,33.0,1.0,0.0,0.0,1.0
459526,206961,jawgemo,3993,G2,G2 Esports,1.0,1.19,180.0,269.0,8.0,12.0,8.0,9.0,3.0,2.0,50.0,75.0,119.0,181.0,25.0,21.0,0.0,2.0,5.0,3.0
459526,206961,JonahP,4581,G2,G2 Esports,0.62,1.37,145.0,155.0,5.0,6.0,10.0,5.0,5.0,7.0,58.0,75.0,96.0,101.0,29.0,19.0,1.0,2.0,2.0,0.0
459526,206961,leaf,7873,G2,G2 Esports,0.9,1.07,199.0,211.0,7.0,7.0,10.0,8.0,4.0,7.0,75.0,83.0,140.0,145.0,14.0,20.0,1.0,2.0,0.0,1.0
459526,206961,trent,15500,G2,G2 Esports,0.94,0.08,163.0,34.0,7.0,1.0,8.0,10.0,3.0,2.0,67.0,42.0,99.0,32.0,18.0,0.0,0.0,0.0,2.0,1.0
459526,206961,xenom,20240,MIBR,MIBR,1.07,1.2,226.0,176.0,9.0,8.0,9.0,5.0,6.0,5.0,75.0,83.0,131.0,106.0,42.0,24.0,1.0,0.0,0.0,0.0
459526,206961,cortezia,5395,MIBR,MIBR,1.0,1.27,235.0,227.0,10.0,10.0,9.0,7.0,2.0,2.0,67.0,83.0,148.0,153.0,47.0,33.0,1.0,1.0,0.0,1.0
459526,206961,aspas,8480,MIBR,MIBR,0.72,1.4,180.0,222.0,8.0,10.0,9.0,5.0,0.0,3.0,75.0,83.0,105.0,150.0,30.0,19.0,2.0,2.0,2.0,2.0
459526,206961,artzin,5957,MIBR,MIBR,0.95,0.96,178.0,218.0,6.0,8.0,8.0,10.0,9.0,9.0,75.0,92.0,130.0,137.0,24.0,23.0,2.0,3.0,3.0,0.0
459526,206961,Verno,21668,MIBR,MIBR,0.92,0.86,153.0,206.0,6.0,9.0,6.0,8.0,3.0,5.0,67.0,75.0,104.0,129.0,37.0,9.0,0.0,3.0,1.0,0.0
459526,206962,leaf,7873,G2,G2 Esports,1.82,1.69,335.0,282.0,16.0,9.0,7.0,6.0,3.0,4.0,100.0,89.0,228.0,194.0,34.0,28.0,0.0,1.0,1.0,0.0
459526,206962,jawgemo,3993,G2,G2 Esports,2.24,0.76,387.0,157.0,18.0,7.0,6.0,7.0,2.0,0.0,75.0,56.0,240.0,100.0,37.0,10.0,3.0,2.0,4.0,1.0
459526,206962,trent,15500,G2,G2 Esports,0.84,1.56,171.0,349.0,4.0,10.0,8.0,8.0,9.0,7.0,92.0,78.0,138.0,241.0,17.0,27.0,1.0,1.0,0.0,0.0
459526,206962,JonahP,4581,G2,G2 Esports,0.87,1.21,163.0,225.0,7.0,7.0,8.0,6.0,9.0,3.0,92.0,89.0,94.0,145.0,8.0,33.0,0.0,3.0,0.0,0.0
459526,206962,valyn,3885,G2,G2 Esports,0.27,0.57,94.0,69.0,4.0,2.0,10.0,5.0,5.0,2.0,83.0,78.0,50.0,52.0,33.0,17.0,0.0,0.0,3.0,1.0
459526,206962,Verno,21668,MIBR,MIBR,1.9,1.0,344.0,240.0,11.0,9.0,5.0,9.0,4.0,3.0,67.0,75.0,214.0,162.0,21.0,33.0,0.0,0.0,0.0,0.0
459526,206962,aspas,8480,MIBR,MIBR,0.48,1.25,211.0,238.0,6.0,10.0,9.0,9.0,1.0,2.0,89.0,92.0,142.0,156.0,37.0,17.0,2.0,2.0,2.0,1.0
459526,206962,cortezia,5395,MIBR,MIBR,1.0,0.77,230.0,179.0,8.0,8.0,7.0,11.0,0.0,4.0,78.0,42.0,148.0,122.0,35.0,45.0,0.0,1.0,2.0,2.0
459526,206962,xenom,20240,MIBR,MIBR,0.95,0.61,167.0,134.0,5.0,6.0,6.0,10.0,9.0,2.0,89.0,58.0,90.0,95.0,22.0,16.0,0.0,1.0,0.0,0.0
459526,206962,artzin,5957,MIBR,MIBR,0.12,0.72,67.0,180.0,2.0,6.0,8.0,10.0,1.0,5.0,56.0,58.0,49.0,124.0,10.0,15.0,0.0,4.0,3.0,1.0
459527,206963,dgzin,8873,LOUD,LOUD,1.35,1.76,297.0,379.0,14.0,18.0,8.0,11.0,0.0,4.0,77.0,85.0,165.0,242.0,31.0,32.0,5.0,6.0,1.0,1.0
459527,206963,pANcada,683,LOUD,LOUD,1.46,1.06,236.0,165.0,11.0,8.0,8.0,8.0,5.0,6.0,92.0,69.0,161.0,95.0,39.0,25.0,1.0,1.0,1.0,1.0
459527,206963,tuyz,2408,LOUD,LOUD,0.44,0.99,65.0,128.0,3.0,7.0,8.0,7.0,0.0,2.0,54.0,69.0,59.0,95.0,36.0,39.0,0.0,0.0,2.0,0.0
459527,206963,cauanzin,6193,LOUD,LOUD,0.69,0.7,155.0,175.0,6.0,7.0,9.0,11.0,4.0,4.0,62.0,69.0,126.0,107.0,20.0,19.0,0.0,1.0,2.0,1.0
459527,206963,v1nny,1586,LOUD,LOUD,0.47,0.74,95.0,139.0,4.0,5.0,10.0,10.0,2.0,10.0,54.0,85.0,65.0,93.0,27.0,23.0,0.0,0.0,1.0,2.0
459527,206963,lz,6195,2G,2Game Esports,1.24,1.19,282.0,247.0,14.0,11.0,9.0,9.0,2.0,2.0,92.0,69.0,191.0,132.0,50.0,55.0,1.0,3.0,1.0,2.0
459527,206963,gobera,14950,2G,2Game Esports,1.39,0.85,263.0,114.0,11.0,6.0,8.0,7.0,4.0,2.0,85.0,69.0,180.0,81.0,33.0,19.0,1.0,0.0,0.0,1.0
459527,206963,Askia,20238,2G,2Game Esports,0.9,1.09,199.0,185.0,9.0,9.0,9.0,7.0,3.0,0.0,69.0,54.0,151.0,116.0,37.0,30.0,1.0,4.0,2.0,2.0
459527,206963,PxS,13823,2G,2Game Esports,0.75,1.13,151.0,181.0,7.0,7.0,9.0,8.0,2.0,9.0,69.0,62.0,103.0,119.0,26.0,19.0,2.0,0.0,4.0,0.0
459527,206963,silentzz,11921,2G,2Game Esports,0.61,1.17,146.0,233.0,6.0,10.0,10.0,7.0,2.0,4.0,62.0,85.0,106.0,166.0,41.0,39.0,0.0,0.0,1.0,1.0
459527,206964,pANcada,683,LOUD,LOUD,1.22,1.54,248.0,325.0,10.0,14.0,9.0,9.0,4.0,3.0,75.0,67.0,168.0,207.0,26.0,37.0,1.0,1.0,0.0,0.0
459527,206964,cauanzin,6193,LOUD,LOUD,1.07,1.16,187.0,254.0,9.0,9.0,9.0,10.0,2.0,6.0,67.0,75.0,102.0,189.0,17.0,18.0,1.0,1.0,3.0,2.0
459527,206964,dgzin,8873,LOUD,LOUD,0.76,1.27,200.0,250.0,8.0,11.0,10.0,7.0,2.0,3.0,67.0,50.0,122.0,140.0,21.0,22.0,2.0,3.0,2.0,3.0
459527,206964,tuyz,2408,LOUD,LOUD,0.73,0.98,201.0,127.0,9.0,6.0,11.0,6.0,2.0,3.0,67.0,58.0,140.0,113.0,42.0,18.0,0.0,0.0,0.0,0.0
459527,206964,v1nny,1586,LOUD,LOUD,1.0,0.32,188.0,68.0,9.0,2.0,9.0,10.0,6.0,11.0,83.0,75.0,118.0,57.0,27.0,17.0,0.0,0.0,3.0,2.0
459527,206964,gobera,14950,2G,2Game Esports,1.13,1.29,211.0,296.0,9.0,12.0,8.0,9.0,3.0,4.0,83.0,92.0,142.0,194.0,24.0,29.0,1.0,1.0,0.0,0.0
459527,206964,Askia,20238,2G,2Game Esports,1.13,1.02,263.0,234.0,11.0,9.0,8.0,9.0,3.0,4.0,75.0,75.0,145.0,157.0,32.0,50.0,4.0,2.0,3.0,2.0
459527,206964,silentzz,11921,2G,2Game Esports,0.91,1.22,168.0,261.0,7.0,11.0,8.0,9.0,2.0,4.0,83.0,83.0,111.0,175.0,50.0,46.0,1.0,4.0,1.0,1.0
459527,206964,PxS,13823,2G,2Game Esports,0.83,0.96,192.0,173.0,8.0,8.0,10.0,9.0,6.0,4.0,83.0,75.0,116.0,132.0,44.0,47.0,1.0,1.0,0.0,1.0
459527,206964,lz,6195,2G,2Game Esports,0.72,0.88,159.0,153.0,7.0,8.0,8.0,9.0,4.0,7.0,75.0,92.0,103.0,93.0,25.0,24.0,0.0,0.0,1.0,0.0
459528,206966,Demon1,26171,LEV,LEVIATÁN,0.62,1.46,68.0,288.0,1.0,13.0,6.0,8.0,5.0,1.0,78.0,50.0,55.0,184.0,25.0,58.0,0.0,2.0,0.0,1.0
459528,206966,Rossy,1129,LEV,LEVIATÁN,1.2,0.96,267.0,239.0,9.0,10.0,7.0,10.0,3.0,3.0,78.0,67.0,187.0,157.0,44.0,34.0,0.0,0.0,0.0,2.0
459528,206966,kiNgg,8549,LEV,LEVIATÁN,0.85,1.16,213.0,241.0,6.0,10.0,7.0,9.0,1.0,2.0,67.0,67.0,143.0,173.0,47.0,40.0,3.0,2.0,6.0,0.0
459528,206966,C0M,619,LEV,LEVIATÁN,0.69,0.97,141.0,176.0,4.0,8.0,7.0,9.0,3.0,3.0,78.0,75.0,78.0,125.0,20.0,18.0,0.0,0.0,0.0,1.0
459528,206966,tex,1818,LEV,LEVIATÁN,0.91,0.41,166.0,109.0,5.0,4.0,6.0,10.0,1.0,4.0,67.0,75.0,130.0,72.0,50.0,36.0,0.0,2.0,0.0,2.0
459528,206966,Xeppaa,7871,C9,Cloud9,1.09,1.65,247.0,241.0,11.0,8.0,9.0,3.0,2.0,2.0,75.0,89.0,171.0,154.0,25.0,23.0,0.0,0.0,2.0,1.0
459528,206966,OXY,18796,C9,Cloud9,1.15,1.14,257.0,191.0,11.0,7.0,10.0,4.0,2.0,0.0,83.0,67.0,146.0,109.0,31.0,33.0,3.0,1.0,1.0,1.0
459528,206966,neT,6582,C9,Cloud9,1.01,1.12,155.0,201.0,8.0,6.0,7.0,5.0,0.0,3.0,67.0,89.0,111.0,129.0,41.0,22.0,0.0,2.0,0.0,0.0
459528,206966,v1c,17433,C9,Cloud9,0.95,1.0,233.0,234.0,10.0,8.0,8.0,7.0,4.0,2.0,75.0,89.0,128.0,134.0,31.0,28.0,2.0,1.0,2.0,0.0
459528,206966,mitch,612,C9,Cloud9,0.71,0.72,177.0,126.0,6.0,4.0,11.0,6.0,9.0,3.0,83.0,56.0,125.0,70.0,17.0,38.0,1.0,2.0,1.0,1.0
459528,206967,Demon1,26171,LEV,LEVIATÁN,0.55,1.5,129.0,385.0,4.0,6.0,12.0,4.0,5.0,0.0,50.0,75.0,92.0,242.0,47.0,50.0,0.0,3.0,0.0,1.0
459528,206967,kiNgg,8549,LEV,LEVIATÁN,0.45,1.47,127.0,257.0,5.0,3.0,11.0,3.0,0.0,2.0,25.0,100.0,82.0,178.0,31.0,18.0,0.0,0.0,2.0,0.0
459528,206967,tex,1818,LEV,LEVIATÁN,0.7,0.64,154.0,141.0,6.0,2.0,11.0,3.0,2.0,0.0,33.0,50.0,103.0,136.0,38.0,60.0,2.0,0.0,5.0,0.0
459528,206967,Rossy,1129,LEV,LEVIATÁN,0.22,0.82,58.0,120.0,2.0,2.0,12.0,2.0,0.0,0.0,33.0,50.0,46.0,103.0,50.0,18.0,0.0,0.0,3.0,0.0
459528,206967,C0M,619,LEV,LEVIATÁN,0.27,0.57,86.0,131.0,3.0,2.0,12.0,3.0,1.0,1.0,42.0,75.0,68.0,91.0,17.0,33.0,0.0,0.0,0.0,0.0
459528,206967,v1c,17433,C9,Cloud9,1.89,2.21,297.0,365.0,4.0,16.0,2.0,2.0,5.0,15.0,100.0,100.0,178.0,223.0,25.0,29.0,0.0,1.0,1.0,0.0
459528,206967,Xeppaa,7871,C9,Cloud9,1.65,1.53,246.0,247.0,3.0,11.0,2.0,3.0,3.0,2.0,100.0,100.0,142.0,151.0,33.0,18.0,1.0,1.0,0.0,0.0
459528,206967,OXY,18796,C9,Cloud9,1.0,1.56,290.0,269.0,4.0,13.0,4.0,4.0,2.0,2.0,75.0,83.0,169.0,170.0,23.0,33.0,0.0,6.0,0.0,2.0
459528,206967,mitch,612,C9,Cloud9,0.78,1.18,177.0,185.0,3.0,8.0,3.0,6.0,1.0,4.0,100.0,92.0,110.0,123.0,0.0,18.0,0.0,1.0,1.0,0.0
459528,206967,neT,6582,C9,Cloud9,0.03,1.33,56.0,227.0,1.0,10.0,4.0,5.0,1.0,2.0,75.0,92.0,20.0,161.0,100.0,41.0,0.0,1.0,1.0,0.0
459529,206969,supamen,826,EG,Evil Geniuses,0.92,1.0,176.0,172.0,3.0,8.0,3.0,10.0,1.0,3.0,60.0,50.0,104.0,117.0,75.0,50.0,0.0,0.0,2.0,1.0
459529,206969,Derrek,1533,EG,Evil Geniuses,0.64,0.77,131.0,164.0,2.0,6.0,4.0,12.0,1.0,3.0,60.0,58.0,93.0,128.0,30.0,26.0,0.0,1.0,0.0,0.0
459529,206969,NaturE,4927,EG,Evil Geniuses,1.01,0.62,139.0,167.0,3.0,6.0,3.0,11.0,1.0,4.0,80.0,58.0,112.0,119.0,83.0,47.0,0.0,0.0,0.0,1.0
459529,206969,icy,8402,EG,Evil Geniuses,1.15,0.45,217.0,107.0,5.0,5.0,3.0,10.0,0.0,0.0,60.0,42.0,115.0,67.0,83.0,23.0,0.0,3.0,1.0,2.0
459529,206969,yay,881,EG,Evil Geniuses,0.41,0.63,201.0,151.0,4.0,4.0,5.0,10.0,0.0,3.0,60.0,58.0,116.0,108.0,38.0,30.0,2.0,2.0,0.0,2.0
459529,206969,N4RRATE,36245,SEN,Sentinels,1.95,1.3,384.0,228.0,17.0,4.0,6.0,3.0,2.0,1.0,83.0,40.0,243.0,191.0,41.0,67.0,1.0,1.0,0.0,0.0
459529,206969,bang,3880,SEN,Sentinels,1.68,1.15,286.0,210.0,13.0,4.0,4.0,3.0,5.0,1.0,83.0,80.0,185.0,121.0,64.0,67.0,1.0,0.0,1.0,1.0
459529,206969,zekken,4004,SEN,Sentinels,1.1,0.99,195.0,220.0,8.0,4.0,6.0,4.0,3.0,0.0,92.0,100.0,120.0,130.0,23.0,57.0,3.0,2.0,2.0,1.0
459529,206969,johnqt,1265,SEN,Sentinels,0.93,1.13,121.0,194.0,5.0,4.0,5.0,3.0,8.0,1.0,92.0,60.0,77.0,126.0,10.0,27.0,0.0,0.0,1.0,0.0
459529,206969,Zellsis,729,SEN,Sentinels,0.91,0.81,212.0,132.0,10.0,2.0,8.0,4.0,1.0,1.0,67.0,60.0,138.0,113.0,36.0,8.0,1.0,0.0,2.0,0.0
459529,206970,yay,881,EG,Evil Geniuses,1.28,0.15,323.0,97.0,13.0,2.0,11.0,7.0,1.0,0.0,67.0,29.0,194.0,70.0,29.0,43.0,3.0,2.0,3.0,3.0
459529,206970,icy,8402,EG,Evil Geniuses,0.77,1.01,145.0,172.0,6.0,5.0,9.0,5.0,1.0,0.0,75.0,71.0,83.0,99.0,22.0,100.0,0.0,1.0,0.0,0.0
459529,206970,supamen,826,EG,Evil Geniuses,0.89,0.41,187.0,124.0,8.0,3.0,8.0,7.0,4.0,0.0,67.0,43.0,119.0,79.0,28.0,57.0,0.0,0.0,2.0,0.0
459529,206970,NaturE,4927,EG,Evil Geniuses,0.89,0.11,183.0,56.0,7.0,1.0,9.0,7.0,5.0,1.0,75.0,43.0,115.0,48.0,23.0,17.0,2.0,0.0,2.0,1.0
459529,206970,Derrek,1533,EG,Evil Geniuses,0.48,0.48,77.0,186.0,3.0,4.0,9.0,6.0,3.0,1.0,58.0,86.0,55.0,132.0,28.0,23.0,0.0,0.0,0.0,0.0
459529,206970,N4RRATE,36245,SEN,Sentinels,1.85,1.31,323.0,237.0,9.0,9.0,3.0,7.0,4.0,10.0,86.0,92.0,195.0,160.0,18.0,11.0,1.0,1.0,0.0,1.0
459529,206970,johnqt,1265,SEN,Sentinels,1.42,1.31,211.0,269.0,6.0,10.0,3.0,7.0,2.0,4.0,86.0,75.0,165.0,180.0,25.0,17.0,0.0,1.0,1.0,1.0
459529,206970,zekken,4004,SEN,Sentinels,1.74,1.06,441.0,198.0,11.0,10.0,5.0,8.0,0.0,2.0,71.0,67.0,271.0,144.0,62.0,24.0,3.0,2.0,2.0,2.0
459529,206970,Zellsis,729,SEN,Sentinels,0.82,1.18,114.0,198.0,3.0,9.0,2.0,7.0,2.0,5.0,86.0,100.0,88.0,129.0,33.0,17.0,0.0,1.0,0.0,0.0
459529,206970,bang,3880,SEN,Sentinels,1.15,0.89,109.0,180.0,3.0,8.0,2.0,8.0,6.0,7.0,71.0,83.0,68.0,97.0,22.0,50.0,0.0,2.0,0.0,1.0
459530,206972,Cryocells,4147,100T,100 Thieves,0.83,1.32,173.0,264.0,4.0,10.0,6.0,8.0,3.0,4.0,71.0,67.0,139.0,169.0,19.0,18.0,1.0,1.0,0.0,0.0
459530,206972,eeiu,796,100T,100 Thieves,0.61,1.15,129.0,218.0,3.0,9.0,6.0,9.0,1.0,3.0,43.0,75.0,111.0,145.0,29.0,40.0,0.0,0.0,0.0,0.0
459530,206972,Asuna,601,100T,100 Thieves,0.93,0.75,198.0,184.0,4.0,7.0,6.0,10.0,1.0,3.0,57.0,42.0,141.0,111.0,18.0,29.0,0.0,1.0,0.0,5.0
459530,206972,zander,8082,100T,100 Thieves,0.55,0.93,103.0,184.0,3.0,8.0,6.0,9.0,3.0,5.0,57.0,75.0,56.0,118.0,33.0,16.0,1.0,0.0,2.0,3.0
459530,206972,Boostio,604,100T,100 Thieves,0.82,0.46,166.0,121.0,4.0,5.0,6.0,10.0,2.0,1.0,57.0,42.0,98.0,61.0,56.0,63.0,1.0,1.0,2.0,1.0
459530,206972,cauanzin,6193,LOUD,LOUD,1.32,1.5,172.0,231.0,8.0,6.0,5.0,2.0,3.0,1.0,67.0,86.0,119.0,153.0,16.0,44.0,1.0,0.0,0.0,1.0
459530,206972,lukxo,28716,LOUD,LOUD,1.21,1.56,300.0,268.0,13.0,7.0,8.0,3.0,0.0,3.0,75.0,86.0,185.0,158.0,39.0,29.0,3.0,1.0,0.0,0.0
459530,206972,dgzin,8873,LOUD,LOUD,1.34,0.92,295.0,237.0,13.0,6.0,10.0,5.0,3.0,1.0,83.0,57.0,181.0,176.0,27.0,21.0,4.0,3.0,2.0,2.0
459530,206972,pANcada,683,LOUD,LOUD,0.72,1.45,161.0,259.0,7.0,7.0,8.0,4.0,4.0,3.0,83.0,100.0,110.0,161.0,47.0,18.0,0.0,0.0,1.0,0.0
459530,206972,v1nny,1586,LOUD,LOUD,0.78,0.88,142.0,179.0,5.0,4.0,8.0,4.0,7.0,6.0,83.0,100.0,94.0,99.0,29.0,33.0,1.0,0.0,0.0,0.0
459530,206973,Cryocells,4147,100T,100 Thieves,1.91,0.78,430.0,201.0,21.0,9.0,7.0,11.0,1.0,1.0,75.0,50.0,278.0,119.0,39.0,18.0,3.0,2.0,3.0,2.0
459530,206973,Asuna,601,100T,100 Thieves,1.05,1.38,169.0,273.0,7.0,10.0,6.0,10.0,4.0,5.0,67.0,92.0,99.0,168.0,15.0,18.0,0.0,0.0,1.0,1.0
459530,206973,eeiu,796,100T,100 Thieves,1.08,1.19,106.0,216.0,5.0,9.0,4.0,8.0,2.0,2.0,83.0,58.0,81.0,148.0,56.0,19.0,0.0,1.0,0.0,3.0
459530,206973,zander,8082,100T,100 Thieves,1.28,0.24,241.0,102.0,10.0,3.0,6.0,12.0,2.0,6.0,92.0,58.0,169.0,63.0,30.0,13.0,2.0,1.0,1.0,1.0
459530,206973,Boostio,604,100T,100 Thieves,0.89,0.29,172.0,96.0,6.0,3.0,7.0,11.0,4.0,1.0,83.0,33.0,113.0,79.0,7.0,13.0,1.0,1.0,1.0,0.0
459530,206973,lukxo,28716,LOUD,LOUD,1.97,0.85,340.0,179.0,15.0,8.0,5.0,11.0,4.0,1.0,83.0,42.0,243.0,121.0,38.0,37.0,2.0,2.0,0.0,1.0
459530,206973,pANcada,683,LOUD,LOUD,1.61,1.11,247.0,185.0,12.0,7.0,5.0,8.0,0.0,3.0,92.0,67.0,175.0,150.0,29.0,33.0,1.0,0.0,1.0,1.0
459530,206973,cauanzin,6193,LOUD,LOUD,1.6,0.41,280.0,100.0,11.0,3.0,5.0,10.0,5.0,3.0,100.0,42.0,181.0,77.0,20.0,14.0,2.0,0.0,1.0,1.0
459530,206973,dgzin,8873,LOUD,LOUD,0.67,0.66,209.0,164.0,9.0,6.0,9.0,10.0,4.0,2.0,58.0,67.0,136.0,111.0,60.0,47.0,2.0,3.0,2.0,2.0
459530,206973,v1nny,1586,LOUD,LOUD,0.43,0.69,112.0,141.0,5.0,6.0,10.0,10.0,4.0,2.0,75.0,50.0,92.0,91.0,21.0,17.0,0.0,1.0,1.0,1.0
459530,206974,Cryocells,4147,100T,100 Thieves,1.7,1.9,252.0,361.0,8.0,16.0,5.0,7.0,10.0,4.0,89.0,100.0,159.0,240.0,47.0,26.0,0.0,4.0,1.0,1.0
459530,206974,zander,8082,100T,100 Thieves,1.56,1.3,283.0,211.0,9.0,8.0,5.0,7.0,3.0,6.0,78.0,83.0,192.0,138.0,22.0,17.0,0.0,2.0,2.0,0.0
459530,206974,eeiu,796,100T,100 Thieves,0.92,1.31,136.0,270.0,4.0,11.0,6.0,7.0,4.0,5.0,89.0,83.0,87.0,156.0,21.0,14.0,0.0,1.0,0.0,0.0
459530,206974,Asuna,601,100T,100 Thieves,1.03,0.92,248.0,201.0,8.0,9.0,8.0,8.0,2.0,2.0,89.0,58.0,150.0,144.0,24.0,15.0,1.0,1.0,4.0,2.0
459530,206974,Boostio,604,100T,100 Thieves,0.95,0.57,101.0,81.0,3.0,3.0,4.0,9.0,4.0,9.0,78.0,83.0,60.0,54.0,33.0,30.0,1.0,0.0,0.0,1.0
459530,206974,lukxo,28716,LOUD,LOUD,1.44,0.89,311.0,255.0,15.0,8.0,9.0,7.0,1.0,1.0,75.0,67.0,183.0,168.0,38.0,50.0,3.0,2.0,1.0,1.0
459530,206974,cauanzin,6193,LOUD,LOUD,0.95,1.26,199.0,320.0,8.0,9.0,9.0,7.0,3.0,3.0,75.0,89.0,141.0,207.0,25.0,38.0,0.0,2.0,1.0,0.0
459530,206974,pANcada,683,LOUD,LOUD,0.85,0.65,173.0,119.0,6.0,3.0,9.0,6.0,6.0,3.0,75.0,44.0,127.0,92.0,14.0,21.0,1.0,1.0,0.0,1.0
459530,206974,dgzin,8873,LOUD,LOUD,0.58,0.81,185.0,178.0,6.0,5.0,11.0,6.0,5.0,1.0,75.0,78.0,132.0,119.0,16.0,20.0,0.0,2.0,5.0,0.0
459530,206974,v1nny,1586,LOUD,LOUD,0.42,0.67,58.0,106.0,3.0,3.0,9.0,6.0,2.0,6.0,58.0,78.0,41.0,51.0,40.0,57.0,0.0,0.0,1.0,0.0
459531,206975,lz,6195,2G,2Game Esports,1.37,0.88,303.0,147.0,13.0,4.0,9.0,5.0,3.0,1.0,67.0,71.0,200.0,109.0,46.0,57.0,3.0,0.0,2.0,3.0
459531,206975,Askia,20238,2G,2Game Esports,0.92,1.01,199.0,278.0,8.0,7.0,9.0,6.0,1.0,1.0,75.0,86.0,132.0,152.0,30.0,36.0,2.0,0.0,1.0,1.0
459531,206975,silentzz,11921,2G,2Game Esports,0.61,1.22,151.0,265.0,7.0,6.0,11.0,6.0,0.0,1.0,75.0,57.0,91.0,175.0,28.0,23.0,0.0,0.0,0.0,0.0
459531,206975,PxS,13823,2G,2Game Esports,0.48,0.31,130.0,126.0,5.0,2.0,10.0,7.0,7.0,2.0,83.0,57.0,70.0,90.0,20.0,6.0,0.0,0.0,1.0,1.0
459531,206975,gobera,14950,2G,2Game Esports,0.44,0.2,97.0,114.0,3.0,3.0,9.0,7.0,2.0,0.0,50.0,57.0,71.0,65.0,20.0,40.0,0.0,1.0,3.0,1.0
459531,206975,keznit,2462,KRÜ,VISA KRÜ (KRÜ Esports),1.5,1.43,406.0,324.0,10.0,13.0,7.0,9.0,2.0,5.0,86.0,83.0,238.0,224.0,25.0,14.0,5.0,3.0,0.0,1.0
459531,206975,Melser,1311,KRÜ,VISA KRÜ (KRÜ Esports),1.1,1.41,204.0,254.0,5.0,11.0,5.0,8.0,6.0,3.0,86.0,75.0,159.0,175.0,33.0,31.0,1.0,1.0,0.0,0.0
459531,206975,Mazino,7603,KRÜ,VISA KRÜ (KRÜ Esports),1.53,1.13,285.0,236.0,8.0,10.0,4.0,8.0,2.0,4.0,100.0,92.0,224.0,181.0,48.0,27.0,0.0,2.0,1.0,1.0
459531,206975,adverso,3826,KRÜ,VISA KRÜ (KRÜ Esports),1.38,1.04,186.0,128.0,5.0,6.0,3.0,6.0,5.0,3.0,86.0,67.0,118.0,104.0,21.0,17.0,0.0,0.0,0.0,2.0
459531,206975,Shyy,24007,KRÜ,VISA KRÜ (KRÜ Esports),1.02,1.17,118.0,179.0,3.0,8.0,3.0,5.0,1.0,2.0,71.0,75.0,77.0,110.0,8.0,37.0,0.0,1.0,0.0,1.0
459531,206976,lz,6195,2G,2Game Esports,1.46,2.3,210.0,408.0,10.0,11.0,5.0,4.0,5.0,3.0,92.0,100.0,132.0,273.0,64.0,37.0,0.0,3.0,0.0,0.0
459531,206976,gobera,14950,2G,2Game Esports,1.0,1.07,178.0,154.0,8.0,5.0,7.0,4.0,2.0,2.0,67.0,86.0,118.0,120.0,29.0,18.0,3.0,0.0,1.0,0.0
459531,206976,PxS,13823,2G,2Game Esports,0.53,1.82,103.0,250.0,4.0,6.0,8.0,2.0,3.0,5.0,92.0,100.0,54.0,176.0,13.0,40.0,1.0,0.0,1.0,1.0
459531,206976,Askia,20238,2G,2Game Esports,0.86,0.94,166.0,207.0,7.0,5.0,7.0,4.0,0.0,2.0,67.0,71.0,109.0,137.0,33.0,0.0,1.0,1.0,3.0,2.0
459531,206976,silentzz,11921,2G,2Game Esports,0.58,1.34,138.0,206.0,5.0,6.0,9.0,2.0,2.0,0.0,67.0,100.0,101.0,119.0,33.0,21.0,0.0,0.0,2.0,0.0
459531,206976,adverso,3826,KRÜ,VISA KRÜ (KRÜ Esports),0.67,1.51,135.0,238.0,3.0,8.0,6.0,5.0,2.0,4.0,86.0,83.0,88.0,163.0,25.0,16.0,0.0,2.0,0.0,1.0
459531,206976,keznit,2462,KRÜ,VISA KRÜ (KRÜ Esports),0.36,1.32,136.0,280.0,3.0,11.0,7.0,8.0,2.0,3.0,57.0,58.0,72.0,201.0,18.0,21.0,2.0,4.0,2.0,2.0
459531,206976,Melser,1311,KRÜ,VISA KRÜ (KRÜ Esports),0.56,1.09,134.0,168.0,3.0,7.0,6.0,7.0,1.0,4.0,57.0,83.0,89.0,131.0,44.0,21.0,0.0,1.0,1.0,1.0
459531,206976,Shyy,24007,KRÜ,VISA KRÜ (KRÜ Esports),0.15,1.02,94.0,94.0,2.0,4.0,7.0,4.0,1.0,5.0,43.0,92.0,61.0,73.0,8.0,25.0,1.0,0.0,0.0,1.0
459531,206976,Mazino,7603,KRÜ,VISA KRÜ (KRÜ Esports),0.75,0.59,204.0,154.0,5.0,6.0,7.0,10.0,1.0,1.0,57.0,67.0,138.0,102.0,36.0,20.0,0.0,0.0,1.0,0.0
459531,206977,PxS,13823,2G,2Game Esports,0.49,1.79,120.0,391.0,5.0,10.0,10.0,4.0,1.0,4.0,67.0,86.0,73.0,208.0,36.0,29.0,0.0,2.0,2.0,0.0
459531,206977,silentzz,11921,2G,2Game Esports,0.64,1.37,201.0,282.0,7.0,7.0,12.0,4.0,1.0,1.0,67.0,86.0,142.0,183.0,50.0,29.0,0.0,1.0,1.0,0.0
459531,206977,lz,6195,2G,2Game Esports,0.69,0.84,195.0,198.0,7.0,6.0,12.0,5.0,2.0,3.0,58.0,86.0,123.0,96.0,47.0,26.0,1.0,0.0,0.0,1.0
459531,206977,gobera,14950,2G,2Game Esports,0.44,1.03,102.0,247.0,4.0,6.0,11.0,5.0,0.0,3.0,33.0,86.0,81.0,180.0,20.0,18.0,0.0,2.0,1.0,1.0
459531,206977,Askia,20238,2G,2Game Esports,0.02,1.54,59.0,124.0,2.0,4.0,12.0,1.0,1.0,2.0,25.0,100.0,36.0,94.0,25.0,40.0,1.0,0.0,6.0,0.0
459531,206977,Melser,1311,KRÜ,VISA KRÜ (KRÜ Esports),1.29,1.84,226.0,269.0,5.0,13.0,6.0,4.0,6.0,7.0,86.0,100.0,175.0,189.0,18.0,29.0,0.0,2.0,0.0,1.0
459531,206977,Mazino,7603,KRÜ,VISA KRÜ (KRÜ Esports),1.37,1.55,277.0,258.0,7.0,11.0,7.0,6.0,3.0,6.0,86.0,83.0,165.0,166.0,24.0,36.0,1.0,2.0,0.0,0.0
459531,206977,adverso,3826,KRÜ,VISA KRÜ (KRÜ Esports),0.29,1.67,54.0,311.0,1.0,15.0,6.0,6.0,1.0,6.0,14.0,92.0,47.0,190.0,0.0,14.0,0.0,1.0,0.0,1.0
459531,206977,Shyy,24007,KRÜ,VISA KRÜ (KRÜ Esports),0.56,1.46,186.0,205.0,4.0,9.0,7.0,4.0,1.0,4.0,43.0,92.0,125.0,137.0,42.0,10.0,1.0,2.0,2.0,0.0
459531,206977,keznit,2462,KRÜ,VISA KRÜ (KRÜ Esports),0.15,1.29,101.0,212.0,2.0,9.0,7.0,5.0,2.0,6.0,43.0,92.0,72.0,123.0,22.0,11.0,0.0,3.0,3.0,0.0
459532,206978,jawgemo,3993,G2,G2 Esports,3.42,2.3,488.0,455.0,5.0,22.0,0.0,7.0,0.0,5.0,100.0,100.0,223.0,305.0,38.0,29.0,0.0,2.0,0.0,1.0
459532,206978,leaf,7873,G2,G2 Esports,1.09,1.37,260.0,303.0,2.0,14.0,1.0,7.0,1.0,3.0,100.0,92.0,159.0,199.0,17.0,20.0,0.0,4.0,0.0,1.0
459532,206978,valyn,3885,G2,G2 Esports,0.01,1.42,39.0,160.0,0.0,7.0,2.0,4.0,1.0,9.0,50.0,83.0,39.0,104.0,0.0,29.0,0.0,1.0,1.0,1.0
459532,206978,JonahP,4581,G2,G2 Esports,0.28,1.3,33.0,156.0,0.0,7.0,1.0,4.0,1.0,6.0,100.0,92.0,33.0,99.0,0.0,17.0,0.0,2.0,0.0,0.0
459532,206978,trent,15500,G2,G2 Esports,2.0,0.99,417.0,169.0,3.0,7.0,1.0,6.0,0.0,3.0,100.0,92.0,225.0,135.0,83.0,29.0,1.0,0.0,0.0,0.0
459532,206978,brawk,2172,NRG,NRG,0.78,0.29,223.0,57.0,8.0,0.0,11.0,2.0,3.0,2.0,58.0,100.0,153.0,57.0,24.0,0.0,0.0,0.0,2.0,0.0
459532,206978,Ethan,11225,NRG,NRG,0.78,0.21,178.0,80.0,7.0,0.0,11.0,2.0,3.0,1.0,67.0,50.0,110.0,80.0,10.0,0.0,0.0,0.0,0.0,0.0
459532,206978,FiNESSE,817,NRG,NRG,0.56,0.63,150.0,152.0,4.0,1.0,12.0,2.0,4.0,0.0,42.0,50.0,118.0,91.0,24.0,0.0,2.0,0.0,0.0,0.0
459532,206978,s0m,4164,NRG,NRG,0.35,1.78,100.0,364.0,4.0,3.0,11.0,2.0,3.0,0.0,67.0,50.0,63.0,201.0,12.0,67.0,0.0,0.0,4.0,0.0
459532,206978,mada,5132,NRG,NRG,0.45,0.45,135.0,153.0,5.0,1.0,12.0,2.0,1.0,1.0,67.0,100.0,97.0,98.0,29.0,25.0,1.0,1.0,3.0,1.0
459532,206979,jawgemo,3993,G2,G2 Esports,1.37,1.26,280.0,243.0,14.0,5.0,8.0,5.0,2.0,2.0,67.0,57.0,175.0,169.0,16.0,16.0,1.0,3.0,1.0,2.0
459532,206979,leaf,7873,G2,G2 Esports,1.46,0.58,257.0,81.0,13.0,2.0,7.0,4.0,2.0,1.0,83.0,43.0,135.0,61.0,21.0,29.0,3.0,0.0,0.0,0.0
459532,206979,trent,15500,G2,G2 Esports,1.17,0.96,190.0,168.0,8.0,5.0,6.0,5.0,3.0,2.0,75.0,57.0,128.0,92.0,13.0,8.0,1.0,0.0,1.0,1.0
459532,206979,JonahP,4581,G2,G2 Esports,1.02,0.94,185.0,191.0,7.0,5.0,7.0,5.0,7.0,5.0,75.0,57.0,110.0,102.0,22.0,12.0,2.0,0.0,0.0,1.0
459532,206979,valyn,3885,G2,G2 Esports,0.8,0.74,193.0,195.0,8.0,4.0,10.0,6.0,6.0,1.0,67.0,43.0,138.0,130.0,14.0,14.0,1.0,0.0,2.0,0.0
459532,206979,Ethan,11225,NRG,NRG,0.83,1.19,147.0,251.0,3.0,10.0,4.0,10.0,3.0,8.0,57.0,100.0,96.0,152.0,12.0,24.0,0.0,1.0,1.0,0.0
459532,206979,brawk,2172,NRG,NRG,1.33,0.89,247.0,205.0,7.0,5.0,3.0,9.0,0.0,6.0,71.0,92.0,166.0,167.0,31.0,12.0,1.0,0.0,1.0,2.0
459532,206979,mada,5132,NRG,NRG,1.05,0.87,255.0,222.0,6.0,9.0,5.0,11.0,0.0,3.0,57.0,83.0,179.0,129.0,29.0,12.0,2.0,3.0,1.0,2.0
459532,206979,FiNESSE,817,NRG,NRG,1.69,0.36,260.0,101.0,6.0,4.0,4.0,10.0,1.0,2.0,86.0,50.0,185.0,75.0,43.0,27.0,1.0,0.0,0.0,3.0
459532,206979,s0m,4164,NRG,NRG,0.63,0.89,121.0,219.0,3.0,10.0,5.0,10.0,3.0,4.0,57.0,92.0,74.0,131.0,27.0,33.0,0.0,0.0,0.0,1.0
459533,206981,pryze,662,FUR,FURIA,1.5,0.48,297.0,158.0,12.0,2.0,8.0,5.0,1.0,3.0,83.0,80.0,177.0,95.0,29.0,18.0,0.0,0.0,0.0,1.0
459533,206981,Khalil,1711,FUR,FURIA,1.11,0.98,229.0,251.0,9.0,5.0,9.0,5.0,2.0,2.0,67.0,80.0,142.0,149.0,32.0,4.0,1.0,0.0,0.0,0.0
459533,206981,heat,8673,FUR,FURIA,0.69,0.68,129.0,197.0,5.0,4.0,9.0,5.0,3.0,1.0,58.0,100.0,88.0,113.0,31.0,50.0,3.0,1.0,2.0,0.0
459533,206981,havoc,8706,FUR,FURIA,0.42,0.6,82.0,196.0,4.0,3.0,9.0,5.0,2.0,2.0,58.0,60.0,68.0,132.0,36.0,30.0,1.0,1.0,3.0,1.0
459533,206981,raafa,25743,FUR,FURIA,0.34,0.72,110.0,209.0,4.0,3.0,10.0,5.0,1.0,2.0,67.0,40.0,81.0,127.0,16.0,17.0,0.0,1.0,2.0,0.0
459533,206981,C0M,619,LEV,LEVIATÁN,2.73,1.58,382.0,277.0,8.0,13.0,1.0,6.0,1.0,3.0,100.0,83.0,237.0,205.0,22.0,41.0,0.0,1.0,0.0,0.0
459533,206981,Demon1,26171,LEV,LEVIATÁN,1.19,1.29,240.0,258.0,6.0,10.0,4.0,8.0,2.0,10.0,100.0,83.0,126.0,168.0,50.0,40.0,0.0,1.0,0.0,2.0
459533,206981,tex,1818,LEV,LEVIATÁN,1.02,1.13,185.0,247.0,3.0,9.0,3.0,8.0,1.0,2.0,80.0,92.0,119.0,164.0,40.0,30.0,1.0,0.0,0.0,1.0
459533,206981,kiNgg,8549,LEV,LEVIATÁN,1.65,0.86,393.0,125.0,7.0,6.0,4.0,6.0,1.0,0.0,80.0,75.0,255.0,83.0,29.0,17.0,1.0,3.0,1.0,2.0
459533,206981,Rossy,1129,LEV,LEVIATÁN,0.06,1.05,78.0,133.0,1.0,7.0,5.0,6.0,3.0,6.0,100.0,75.0,70.0,76.0,14.0,27.0,0.0,2.0,2.0,0.0
459533,206982,heat,8673,FUR,FURIA,1.39,0.76,289.0,194.0,12.0,4.0,10.0,5.0,1.0,0.0,50.0,50.0,181.0,103.0,44.0,30.0,0.0,0.0,0.0,1.0
459533,206982,Khalil,1711,FUR,FURIA,0.93,0.2,189.0,60.0,9.0,1.0,10.0,5.0,3.0,1.0,92.0,33.0,134.0,39.0,53.0,14.0,2.0,0.0,0.0,1.0
459533,206982,raafa,25743,FUR,FURIA,0.65,0.67,160.0,168.0,6.0,3.0,11.0,4.0,6.0,0.0,50.0,83.0,112.0,116.0,12.0,13.0,0.0,0.0,3.0,1.0
459533,206982,havoc,8706,FUR,FURIA,0.56,0.39,183.0,87.0,8.0,2.0,11.0,5.0,0.0,0.0,50.0,50.0,116.0,41.0,23.0,17.0,2.0,1.0,3.0,0.0
459533,206982,pryze,662,FUR,FURIA,0.2,0.45,97.0,100.0,4.0,2.0,11.0,5.0,2.0,0.0,58.0,17.0,63.0,75.0,20.0,22.0,0.0,0.0,2.0,2.0
459533,206982,kiNgg,8549,LEV,LEVIATÁN,1.96,1.29,293.0,260.0,7.0,11.0,1.0,8.0,2.0,1.0,83.0,92.0,160.0,167.0,27.0,42.0,2.0,3.0,0.0,0.0
459533,206982,tex,1818,LEV,LEVIATÁN,1.51,1.4,257.0,273.0,6.0,13.0,2.0,8.0,0.0,3.0,100.0,83.0,155.0,154.0,42.0,30.0,1.0,2.0,0.0,0.0
459533,206982,Demon1,26171,LEV,LEVIATÁN,0.91,1.52,141.0,279.0,4.0,13.0,3.0,7.0,0.0,6.0,100.0,83.0,73.0,199.0,60.0,39.0,0.0,3.0,0.0,0.0
459533,206982,Rossy,1129,LEV,LEVIATÁN,1.67,0.99,273.0,162.0,6.0,8.0,3.0,8.0,0.0,2.0,100.0,58.0,190.0,117.0,44.0,47.0,2.0,0.0,0.0,3.0
459533,206982,C0M,619,LEV,LEVIATÁN,0.64,1.02,91.0,180.0,1.0,8.0,3.0,8.0,3.0,9.0,83.0,83.0,79.0,115.0,10.0,24.0,0.0,0.0,1.0,1.0
459534,206984,v1c,17433,C9,Cloud9,2.33,0.77,327.0,152.0,14.0,6.0,2.0,9.0,1.0,4.0,90.0,92.0,210.0,95.0,40.0,40.0,0.0,2.0,1.0,1.0
459534,206984,Xeppaa,7871,C9,Cloud9,0.92,1.55,188.0,285.0,7.0,13.0,7.0,7.0,2.0,1.0,70.0,75.0,138.0,186.0,42.0,32.0,1.0,4.0,2.0,0.0
459534,206984,neT,6582,C9,Cloud9,1.03,0.66,205.0,87.0,8.0,3.0,6.0,7.0,1.0,1.0,80.0,50.0,110.0,64.0,17.0,36.0,0.0,0.0,0.0,1.0
459534,206984,OXY,18796,C9,Cloud9,0.84,0.81,243.0,220.0,9.0,9.0,8.0,10.0,1.0,1.0,70.0,75.0,154.0,120.0,30.0,11.0,3.0,2.0,3.0,1.0
459534,206984,mitch,612,C9,Cloud9,0.78,0.27,145.0,75.0,5.0,3.0,6.0,9.0,5.0,2.0,90.0,58.0,105.0,55.0,23.0,38.0,0.0,0.0,0.0,1.0
459534,206984,cortezia,5395,MIBR,MIBR,1.7,0.9,306.0,205.0,13.0,7.0,6.0,8.0,0.0,2.0,75.0,60.0,197.0,136.0,42.0,40.0,3.0,1.0,2.0,0.0
459534,206984,Verno,21668,MIBR,MIBR,1.37,0.65,225.0,178.0,9.0,6.0,6.0,8.0,4.0,1.0,83.0,60.0,143.0,138.0,22.0,26.0,1.0,0.0,0.0,1.0
459534,206984,aspas,8480,MIBR,MIBR,0.85,0.88,183.0,215.0,10.0,7.0,8.0,9.0,1.0,1.0,67.0,60.0,114.0,149.0,57.0,44.0,0.0,3.0,2.0,2.0
459534,206984,xenom,20240,MIBR,MIBR,1.12,0.36,148.0,129.0,7.0,3.0,5.0,9.0,3.0,6.0,92.0,90.0,86.0,100.0,50.0,25.0,0.0,1.0,0.0,1.0
459534,206984,artzin,5957,MIBR,MIBR,0.45,0.64,98.0,177.0,3.0,6.0,9.0,9.0,5.0,2.0,67.0,60.0,64.0,110.0,9.0,15.0,0.0,1.0,4.0,0.0
459534,206985,neT,6582,C9,Cloud9,0.72,1.77,98.0,353.0,5.0,18.0,10.0,7.0,3.0,5.0,50.0,100.0,84.0,199.0,26.0,21.0,0.0,1.0,1.0,0.0
459534,206985,mitch,612,C9,Cloud9,0.65,1.77,129.0,308.0,6.0,16.0,13.0,7.0,6.0,8.0,71.0,93.0,74.0,215.0,22.0,17.0,0.0,0.0,1.0,0.0
459534,206985,v1c,17433,C9,Cloud9,1.39,1.01,300.0,209.0,14.0,10.0,11.0,9.0,6.0,5.0,71.0,57.0,185.0,134.0,47.0,41.0,1.0,4.0,0.0,4.0
459534,206985,OXY,18796,C9,Cloud9,0.69,0.92,245.0,231.0,10.0,11.0,14.0,11.0,4.0,3.0,64.0,64.0,148.0,155.0,27.0,26.0,5.0,3.0,5.0,2.0
459534,206985,Xeppaa,7871,C9,Cloud9,0.71,0.49,123.0,85.0,6.0,4.0,11.0,9.0,3.0,3.0,86.0,86.0,102.0,70.0,22.0,15.0,0.0,0.0,1.0,0.0
459534,206985,Verno,21668,MIBR,MIBR,1.05,1.36,192.0,184.0,8.0,11.0,10.0,6.0,6.0,7.0,79.0,93.0,130.0,120.0,24.0,28.0,0.0,1.0,0.0,0.0
459534,206985,cortezia,5395,MIBR,MIBR,0.61,1.49,166.0,294.0,6.0,15.0,13.0,7.0,6.0,3.0,43.0,93.0,124.0,184.0,43.0,28.0,2.0,1.0,1.0,0.0
459534,206985,xenom,20240,MIBR,MIBR,1.12,0.95,234.0,184.0,13.0,9.0,11.0,9.0,3.0,9.0,79.0,71.0,139.0,131.0,27.0,28.0,1.0,0.0,3.0,4.0
459534,206985,aspas,8480,MIBR,MIBR,0.64,1.14,169.0,237.0,9.0,14.0,13.0,9.0,1.0,2.0,64.0,79.0,111.0,167.0,33.0,28.0,2.0,3.0,3.0,1.0
459534,206985,artzin,5957,MIBR,MIBR,0.62,1.17,158.0,235.0,7.0,10.0,13.0,10.0,4.0,11.0,64.0,100.0,102.0,139.0,36.0,21.0,1.0,3.0,1.0,1.0
459534,206986,OXY,18796,C9,Cloud9,1.86,0.89,439.0,215.0,19.0,8.0,9.0,11.0,0.0,3.0,92.0,75.0,266.0,140.0,50.0,41.0,4.0,3.0,3.0,2.0
459534,206986,v1c,17433,C9,Cloud9,1.34,1.2,244.0,179.0,10.0,8.0,7.0,7.0,8.0,6.0,92.0,83.0,143.0,114.0,57.0,38.0,0.0,1.0,0.0,1.0
459534,206986,Xeppaa,7871,C9,Cloud9,0.78,1.44,154.0,265.0,6.0,11.0,8.0,7.0,4.0,3.0,83.0,83.0,94.0,159.0,17.0,26.0,0.0,2.0,1.0,0.0
459534,206986,neT,6582,C9,Cloud9,0.59,0.39,97.0,102.0,4.0,4.0,7.0,10.0,3.0,0.0,92.0,58.0,72.0,62.0,13.0,11.0,0.0,0.0,2.0,1.0
459534,206986,mitch,612,C9,Cloud9,0.76,0.19,96.0,82.0,4.0,2.0,7.0,11.0,8.0,5.0,67.0,58.0,54.0,62.0,6.0,15.0,0.0,0.0,2.0,2.0
459534,206986,aspas,8480,MIBR,MIBR,1.5,1.7,309.0,298.0,14.0,13.0,7.0,7.0,1.0,2.0,92.0,83.0,189.0,190.0,42.0,45.0,3.0,4.0,3.0,1.0
459534,206986,cortezia,5395,MIBR,MIBR,1.81,0.77,310.0,194.0,14.0,8.0,5.0,10.0,2.0,3.0,83.0,67.0,179.0,130.0,36.0,35.0,3.0,0.0,0.0,1.0
459534,206986,Verno,21668,MIBR,MIBR,0.63,1.09,75.0,174.0,4.0,7.0,5.0,7.0,1.0,5.0,75.0,75.0,51.0,114.0,7.0,32.0,0.0,0.0,0.0,0.0
459534,206986,xenom,20240,MIBR,MIBR,0.71,0.89,173.0,148.0,8.0,5.0,8.0,9.0,6.0,9.0,75.0,92.0,118.0,94.0,41.0,24.0,0.0,1.0,1.0,0.0
459534,206986,artzin,5957,MIBR,MIBR,0.73,0.55,170.0,157.0,6.0,5.0,8.0,10.0,5.0,5.0,83.0,67.0,128.0,112.0,20.0,23.0,0.0,3.0,2.0,2.0
459535,206987,Cryocells,4147,100T,100 Thieves,1.5,1.42,293.0,280.0,16.0,14.0,9.0,9.0,3.0,3.0,79.0,86.0,182.0,185.0,23.0,36.0,0.0,2.0,2.0,1.0
459535,206987,Asuna,601,100T,100 Thieves,1.16,1.27,172.0,217.0,8.0,10.0,8.0,9.0,5.0,7.0,79.0,79.0,109.0,148.0,18.0,19.0,1.0,1.0,2.0,1.0
459535,206987,Boostio,604,100T,100 Thieves,1.27,1.09,256.0,237.0,13.0,11.0,12.0,9.0,3.0,1.0,64.0,79.0,178.0,153.0,26.0,23.0,4.0,3.0,0.0,2.0
459535,206987,zander,8082,100T,100 Thieves,0.63,1.23,135.0,216.0,5.0,9.0,12.0,10.0,7.0,12.0,71.0,86.0,109.0,142.0,16.0,23.0,1.0,1.0,3.0,0.0
459535,206987,eeiu,796,100T,100 Thieves,0.68,1.04,144.0,137.0,6.0,7.0,11.0,7.0,3.0,6.0,64.0,79.0,105.0,92.0,28.0,32.0,0.0,1.0,1.0,2.0
459535,206987,gobera,14950,2G,2Game Esports,1.08,0.94,228.0,180.0,9.0,10.0,10.0,9.0,6.0,3.0,86.0,57.0,157.0,127.0,28.0,15.0,0.0,0.0,1.0,1.0
459535,206987,lz,6195,2G,2Game Esports,0.77,1.26,148.0,301.0,7.0,17.0,10.0,10.0,7.0,5.0,71.0,100.0,85.0,171.0,53.0,52.0,0.0,2.0,1.0,1.0
459535,206987,silentzz,11921,2G,2Game Esports,1.09,0.83,230.0,174.0,14.0,7.0,10.0,10.0,0.0,6.0,57.0,64.0,133.0,116.0,36.0,26.0,2.0,2.0,0.0,0.0
459535,206987,Askia,20238,2G,2Game Esports,0.8,1.02,163.0,182.0,9.0,9.0,10.0,9.0,1.0,2.0,79.0,64.0,109.0,136.0,18.0,53.0,2.0,3.0,2.0,3.0
459535,206987,PxS,13823,2G,2Game Esports,0.44,1.04,115.0,221.0,5.0,9.0,11.0,10.0,5.0,13.0,71.0,93.0,75.0,140.0,30.0,23.0,2.0,1.0,4.0,1.0
459535,206988,Boostio,604,100T,100 Thieves,1.3,1.6,230.0,336.0,5.0,15.0,4.0,9.0,1.0,3.0,100.0,75.0,150.0,211.0,45.0,52.0,3.0,2.0,0.0,3.0
459535,206988,Cryocells,4147,100T,100 Thieves,1.87,1.21,353.0,206.0,10.0,10.0,3.0,5.0,1.0,0.0,100.0,83.0,206.0,119.0,21.0,6.0,1.0,1.0,1.0,2.0
459535,206988,zander,8082,100T,100 Thieves,1.21,1.29,229.0,184.0,6.0,8.0,4.0,6.0,1.0,5.0,100.0,67.0,154.0,100.0,24.0,21.0,1.0,1.0,1.0,1.0
459535,206988,Asuna,601,100T,100 Thieves,2.01,0.43,238.0,147.0,7.0,4.0,1.0,10.0,5.0,8.0,100.0,83.0,156.0,109.0,31.0,11.0,0.0,1.0,0.0,0.0
459535,206988,eeiu,796,100T,100 Thieves,0.97,1.01,158.0,214.0,4.0,8.0,4.0,8.0,2.0,3.0,86.0,67.0,90.0,157.0,18.0,27.0,0.0,0.0,0.0,1.0
459535,206988,Askia,20238,2G,2Game Esports,1.19,1.12,282.0,254.0,11.0,6.0,11.0,6.0,6.0,0.0,83.0,71.0,202.0,207.0,29.0,33.0,3.0,1.0,1.0,0.0
459535,206988,lz,6195,2G,2Game Esports,1.0,0.71,182.0,202.0,8.0,5.0,8.0,7.0,4.0,1.0,75.0,71.0,125.0,105.0,31.0,45.0,2.0,1.0,0.0,1.0
459535,206988,PxS,13823,2G,2Game Esports,1.17,0.21,201.0,86.0,9.0,2.0,8.0,7.0,7.0,3.0,83.0,57.0,109.0,66.0,36.0,33.0,2.0,0.0,0.0,1.0
459535,206988,silentzz,11921,2G,2Game Esports,0.72,0.03,149.0,55.0,6.0,1.0,9.0,7.0,0.0,1.0,58.0,29.0,94.0,50.0,25.0,8.0,0.0,0.0,1.0,1.0
459535,206988,gobera,14950,2G,2Game Esports,0.32,0.52,105.0,96.0,4.0,2.0,9.0,5.0,2.0,2.0,75.0,43.0,82.0,78.0,27.0,15.0,0.0,0.0,3.0,2.0
459536,206990,valyn,3885,G2,G2 Esports,1.74,1.29,381.0,190.0,15.0,8.0,9.0,5.0,5.0,1.0,91.0,83.0,215.0,129.0,14.0,19.0,1.0,2.0,0.0,0.0
459536,206990,trent,15500,G2,G2 Esports,1.25,1.27,175.0,227.0,7.0,10.0,6.0,7.0,6.0,1.0,73.0,75.0,136.0,157.0,21.0,41.0,0.0,0.0,1.0,1.0
459536,206990,jawgemo,3993,G2,G2 Esports,1.02,1.25,176.0,261.0,7.0,12.0,6.0,7.0,3.0,2.0,64.0,75.0,108.0,163.0,55.0,28.0,1.0,1.0,4.0,1.0
459536,206990,leaf,7873,G2,G2 Esports,1.15,0.7,224.0,198.0,9.0,7.0,6.0,11.0,2.0,7.0,73.0,58.0,147.0,131.0,22.0,32.0,1.0,3.0,2.0,2.0
459536,206990,JonahP,4581,G2,G2 Esports,0.75,0.55,99.0,111.0,3.0,5.0,7.0,10.0,9.0,4.0,73.0,83.0,55.0,59.0,11.0,6.0,0.0,1.0,1.0,1.0
459536,206990,Demon1,26171,LEV,LEVIATÁN,1.31,0.96,328.0,192.0,13.0,9.0,10.0,8.0,2.0,1.0,67.0,64.0,222.0,118.0,29.0,20.0,2.0,2.0,3.0,1.0
459536,206990,kiNgg,8549,LEV,LEVIATÁN,1.14,0.76,245.0,178.0,11.0,5.0,7.0,9.0,1.0,6.0,83.0,55.0,147.0,120.0,50.0,11.0,0.0,3.0,2.0,0.0
459536,206990,Rossy,1129,LEV,LEVIATÁN,0.57,1.02,107.0,213.0,4.0,9.0,9.0,8.0,6.0,4.0,75.0,64.0,80.0,121.0,16.0,20.0,0.0,2.0,1.0,0.0
459536,206990,tex,1818,LEV,LEVIATÁN,0.87,0.57,194.0,87.0,8.0,4.0,8.0,7.0,0.0,3.0,58.0,55.0,120.0,60.0,39.0,38.0,3.0,0.0,1.0,2.0
459536,206990,C0M,619,LEV,LEVIATÁN,0.55,0.88,97.0,217.0,4.0,7.0,8.0,9.0,2.0,4.0,67.0,73.0,70.0,161.0,27.0,43.0,0.0,1.0,0.0,0.0
459536,206991,trent,15500,G2,G2 Esports,0.91,1.9,146.0,337.0,7.0,16.0,9.0,6.0,4.0,2.0,75.0,92.0,104.0,198.0,29.0,16.0,2.0,2.0,0.0,0.0
459536,206991,valyn,3885,G2,G2 Esports,0.52,1.47,147.0,282.0,7.0,12.0,11.0,8.0,3.0,6.0,58.0,92.0,82.0,178.0,17.0,22.0,0.0,3.0,1.0,1.0
459536,206991,leaf,7873,G2,G2 Esports,1.16,0.81,211.0,201.0,9.0,9.0,9.0,10.0,3.0,2.0,67.0,75.0,135.0,143.0,21.0,27.0,1.0,1.0,2.0,1.0
459536,206991,JonahP,4581,G2,G2 Esports,0.73,0.8,185.0,148.0,8.0,5.0,11.0,8.0,3.0,7.0,58.0,75.0,103.0,91.0,50.0,17.0,4.0,0.0,1.0,0.0
459536,206991,jawgemo,3993,G2,G2 Esports,0.29,0.73,138.0,156.0,4.0,7.0,12.0,9.0,3.0,1.0,58.0,83.0,96.0,97.0,9.0,40.0,1.0,2.0,0.0,2.0
459536,206991,tex,1818,LEV,LEVIATÁN,0.76,1.94,183.0,381.0,8.0,15.0,9.0,6.0,2.0,8.0,58.0,100.0,129.0,246.0,33.0,43.0,1.0,2.0,1.0,2.0
459536,206991,Demon1,26171,LEV,LEVIATÁN,1.23,1.25,330.0,211.0,12.0,10.0,11.0,7.0,5.0,6.0,92.0,75.0,218.0,137.0,41.0,33.0,1.0,0.0,2.0,2.0
459536,206991,C0M,619,LEV,LEVIATÁN,1.06,1.29,147.0,210.0,7.0,10.0,7.0,6.0,1.0,2.0,58.0,92.0,92.0,153.0,33.0,30.0,1.0,0.0,0.0,0.0
459536,206991,Rossy,1129,LEV,LEVIATÁN,0.82,1.29,192.0,241.0,8.0,11.0,10.0,8.0,4.0,6.0,75.0,100.0,110.0,148.0,44.0,26.0,0.0,0.0,2.0,1.0
459536,206991,kiNgg,8549,LEV,LEVIATÁN,0.28,0.75,165.0,159.0,6.0,6.0,12.0,8.0,2.0,5.0,58.0,83.0,107.0,84.0,20.0,25.0,1.0,2.0,3.0,3.0
459536,206992,trent,15500,G2,G2 Esports,1.28,1.76,172.0,325.0,6.0,14.0,5.0,6.0,1.0,4.0,75.0,83.0,129.0,200.0,50.0,18.0,0.0,0.0,1.0,1.0
459536,206992,valyn,3885,G2,G2 Esports,0.99,1.39,207.0,207.0,5.0,9.0,7.0,6.0,2.0,8.0,63.0,92.0,133.0,135.0,20.0,20.0,1.0,0.0,0.0,0.0
459536,206992,leaf,7873,G2,G2 Esports,0.51,1.62,148.0,359.0,3.0,15.0,7.0,7.0,2.0,7.0,63.0,67.0,102.0,236.0,11.0,41.0,1.0,4.0,1.0,2.0
459536,206992,jawgemo,3993,G2,G2 Esports,0.74,1.05,212.0,167.0,7.0,7.0,8.0,6.0,0.0,3.0,75.0,83.0,148.0,100.0,27.0,10.0,2.0,2.0,0.0,2.0
459536,206992,JonahP,4581,G2,G2 Esports,0.06,1.15,61.0,220.0,1.0,10.0,7.0,7.0,3.0,7.0,38.0,83.0,43.0,153.0,14.0,14.0,0.0,0.0,2.0,1.0
459536,206992,Rossy,1129,LEV,LEVIATÁN,0.84,1.99,202.0,322.0,8.0,10.0,11.0,3.0,4.0,3.0,67.0,100.0,125.0,206.0,36.0,27.0,1.0,0.0,0.0,0.0
459536,206992,Demon1,26171,LEV,LEVIATÁN,0.79,1.49,200.0,332.0,8.0,10.0,11.0,6.0,1.0,1.0,58.0,88.0,125.0,217.0,32.0,53.0,2.0,2.0,2.0,3.0
459536,206992,C0M,619,LEV,LEVIATÁN,0.65,1.18,107.0,205.0,5.0,6.0,10.0,4.0,5.0,4.0,75.0,75.0,66.0,120.0,11.0,24.0,1.0,1.0,1.0,0.0
459536,206992,tex,1818,LEV,LEVIATÁN,0.8,0.82,197.0,142.0,8.0,3.0,12.0,5.0,3.0,2.0,75.0,88.0,114.0,86.0,62.0,21.0,2.0,1.0,0.0,0.0
459536,206992,kiNgg,8549,LEV,LEVIATÁN,0.24,1.13,102.0,184.0,3.0,5.0,11.0,4.0,5.0,8.0,58.0,75.0,70.0,136.0,33.0,28.0,0.0,0.0,3.0,1.0
459537,206993,Khalil,1711,FUR,FURIA,1.24,0.72,266.0,152.0,16.0,7.0,10.0,12.0,2.0,5.0,80.0,73.0,158.0,110.0,18.0,43.0,2.0,1.0,1.0,3.0
459537,206993,havoc,8706,FUR,FURIA,1.09,0.85,256.0,230.0,13.0,11.0,11.0,13.0,3.0,5.0,80.0,73.0,168.0,147.0,42.0,22.0,8.0,3.0,1.0,2.0
459537,206993,raafa,25743,FUR,FURIA,0.86,1.08,107.0,206.0,6.0,12.0,7.0,11.0,5.0,4.0,93.0,73.0,72.0,129.0,29.0,15.0,0.0,0.0,0.0,0.0
459537,206993,heat,8673,FUR,FURIA,1.26,0.6,276.0,138.0,16.0,7.0,10.0,11.0,2.0,3.0,73.0,53.0,187.0,96.0,44.0,32.0,1.0,2.0,2.0,1.0
459537,206993,pryze,662,FUR,FURIA,1.05,0.56,166.0,140.0,8.0,8.0,7.0,13.0,11.0,2.0,87.0,73.0,125.0,79.0,19.0,75.0,0.0,0.0,0.0,3.0
459537,206993,v1c,17433,C9,Cloud9,1.63,1.16,274.0,220.0,15.0,12.0,8.0,10.0,6.0,3.0,87.0,80.0,162.0,139.0,30.0,43.0,4.0,0.0,1.0,1.0
459537,206993,OXY,18796,C9,Cloud9,1.38,0.97,294.0,232.0,16.0,11.0,10.0,12.0,4.0,2.0,87.0,60.0,176.0,147.0,26.0,21.0,5.0,3.0,3.0,6.0
459537,206993,mitch,612,C9,Cloud9,1.16,0.89,225.0,174.0,12.0,8.0,11.0,13.0,5.0,6.0,93.0,53.0,156.0,115.0,23.0,42.0,0.0,0.0,0.0,1.0
459537,206993,Xeppaa,7871,C9,Cloud9,1.14,0.88,201.0,176.0,12.0,8.0,8.0,12.0,3.0,5.0,73.0,67.0,128.0,127.0,33.0,30.0,0.0,0.0,1.0,1.0
459537,206993,neT,6582,C9,Cloud9,0.71,0.45,100.0,85.0,5.0,5.0,8.0,12.0,1.0,2.0,73.0,53.0,84.0,54.0,28.0,42.0,0.0,1.0,1.0,2.0
459537,206994,raafa,25743,FUR,FURIA,0.77,0.02,193.0,49.0,7.0,0.0,11.0,2.0,3.0,0.0,50.0,,120.0,50.0,9.0,0.0,2.0,0.0,1.0,0.0
459537,206994,Khalil,1711,FUR,FURIA,0.75,0.02,185.0,,7.0,0.0,10.0,2.0,2.0,0.0,50.0,,114.0,,17.0,,1.0,0.0,2.0,1.0
459537,206994,heat,8673,FUR,FURIA,0.56,0.52,125.0,159.0,4.0,1.0,10.0,2.0,2.0,1.0,50.0,100.0,81.0,86.0,47.0,67.0,1.0,0.0,0.0,0.0
459537,206994,havoc,8706,FUR,FURIA,0.49,0.14,159.0,85.0,6.0,1.0,11.0,2.0,1.0,0.0,42.0,50.0,89.0,80.0,13.0,100.0,2.0,0.0,2.0,1.0
459537,206994,pryze,662,FUR,FURIA,0.28,0.67,97.0,159.0,4.0,1.0,11.0,2.0,2.0,1.0,67.0,100.0,66.0,97.0,27.0,0.0,0.0,0.0,1.0,0.0
459537,206994,Xeppaa,7871,C9,Cloud9,2.01,1.77,210.0,225.0,2.0,13.0,0.0,3.0,0.0,3.0,100.0,92.0,83.0,155.0,33.0,26.0,1.0,1.0,0.0,0.0
459537,206994,OXY,18796,C9,Cloud9,0.64,1.67,162.0,311.0,1.0,13.0,2.0,6.0,1.0,4.0,100.0,92.0,100.0,225.0,22.0,23.0,0.0,3.0,0.0,0.0
459537,206994,v1c,17433,C9,Cloud9,1.41,1.54,120.0,276.0,1.0,13.0,0.0,6.0,1.0,4.0,100.0,92.0,75.0,163.0,50.0,31.0,0.0,1.0,0.0,2.0
459537,206994,neT,6582,C9,Cloud9,3.96,0.87,778.0,134.0,6.0,6.0,0.0,7.0,0.0,4.0,100.0,83.0,503.0,89.0,67.0,43.0,1.0,1.0,0.0,3.0
459537,206994,mitch,612,C9,Cloud9,0.44,1.2,17.0,192.0,0.0,8.0,1.0,6.0,0.0,6.0,50.0,83.0,17.0,131.0,,22.0,0.0,0.0,0.0,1.0
459538,206996,N4RRATE,36245,SEN,Sentinels,1.07,1.57,203.0,255.0,8.0,11.0,8.0,7.0,8.0,8.0,83.0,82.0,135.0,136.0,22.0,38.0,2.0,1.0,2.0,0.0
459538,206996,johnqt,1265,SEN,Sentinels,1.26,1.27,229.0,193.0,10.0,6.0,5.0,6.0,1.0,8.0,83.0,82.0,151.0,148.0,29.0,12.0,0.0,1.0,0.0,1.0
459538,206996,bang,3880,SEN,Sentinels,1.04,1.35,176.0,284.0,7.0,11.0,7.0,8.0,7.0,4.0,83.0,82.0,107.0,171.0,38.0,30.0,1.0,4.0,1.0,0.0
459538,206996,zekken,4004,SEN,Sentinels,1.24,0.75,253.0,199.0,12.0,8.0,7.0,10.0,1.0,2.0,83.0,45.0,168.0,135.0,48.0,15.0,3.0,0.0,2.0,2.0
459538,206996,Zellsis,729,SEN,Sentinels,0.84,0.83,112.0,146.0,4.0,6.0,6.0,7.0,3.0,3.0,75.0,45.0,90.0,107.0,19.0,14.0,0.0,1.0,1.0,1.0
459538,206996,lukxo,28716,LOUD,LOUD,1.23,1.09,274.0,245.0,11.0,10.0,8.0,9.0,3.0,4.0,73.0,58.0,181.0,164.0,21.0,23.0,1.0,3.0,1.0,3.0
459538,206996,pANcada,683,LOUD,LOUD,1.12,1.04,238.0,201.0,9.0,8.0,8.0,10.0,3.0,3.0,82.0,42.0,154.0,145.0,19.0,73.0,1.0,0.0,0.0,1.0
459538,206996,dgzin,8873,LOUD,LOUD,0.73,1.07,197.0,189.0,7.0,7.0,9.0,8.0,2.0,3.0,73.0,75.0,116.0,114.0,35.0,20.0,2.0,2.0,4.0,0.0
459538,206996,tuyz,2408,LOUD,LOUD,1.13,0.7,225.0,88.0,9.0,3.0,8.0,7.0,6.0,5.0,91.0,67.0,151.0,60.0,57.0,31.0,0.0,1.0,0.0,1.0
459538,206996,cauanzin,6193,LOUD,LOUD,0.3,0.79,54.0,110.0,2.0,5.0,9.0,7.0,2.0,2.0,55.0,58.0,41.0,64.0,31.0,13.0,0.0,0.0,2.0,1.0
459538,206997,N4RRATE,36245,SEN,Sentinels,1.95,1.58,287.0,293.0,13.0,12.0,5.0,6.0,5.0,4.0,92.0,92.0,208.0,189.0,23.0,40.0,1.0,3.0,0.0,0.0
459538,206997,johnqt,1265,SEN,Sentinels,0.76,1.47,147.0,236.0,7.0,10.0,9.0,7.0,7.0,10.0,58.0,92.0,90.0,161.0,47.0,50.0,1.0,1.0,3.0,0.0
459538,206997,zekken,4004,SEN,Sentinels,0.89,0.6,223.0,110.0,9.0,5.0,10.0,9.0,5.0,3.0,67.0,75.0,135.0,67.0,28.0,12.0,0.0,0.0,2.0,3.0
459538,206997,bang,3880,SEN,Sentinels,0.63,0.81,146.0,191.0,6.0,8.0,10.0,7.0,1.0,3.0,75.0,75.0,88.0,120.0,43.0,42.0,1.0,0.0,1.0,1.0
459538,206997,Zellsis,729,SEN,Sentinels,0.88,0.3,192.0,93.0,7.0,3.0,9.0,10.0,6.0,2.0,58.0,42.0,123.0,66.0,43.0,23.0,1.0,2.0,2.0,2.0
459538,206997,dgzin,8873,LOUD,LOUD,1.37,1.66,281.0,376.0,12.0,16.0,8.0,10.0,2.0,2.0,83.0,75.0,195.0,250.0,50.0,47.0,2.0,4.0,1.0,0.0
459538,206997,lukxo,28716,LOUD,LOUD,0.69,1.88,179.0,337.0,8.0,14.0,10.0,7.0,0.0,6.0,58.0,83.0,119.0,236.0,29.0,38.0,2.0,3.0,1.0,0.0
459538,206997,cauanzin,6193,LOUD,LOUD,1.11,0.72,187.0,158.0,7.0,7.0,6.0,9.0,2.0,1.0,75.0,58.0,121.0,97.0,35.0,5.0,0.0,0.0,2.0,1.0
459538,206997,tuyz,2408,LOUD,LOUD,1.12,0.45,139.0,94.0,6.0,3.0,5.0,9.0,2.0,8.0,75.0,58.0,86.0,53.0,24.0,27.0,0.0,0.0,0.0,2.0
459538,206997,pANcada,683,LOUD,LOUD,0.61,0.58,141.0,104.0,6.0,3.0,9.0,7.0,2.0,7.0,58.0,83.0,87.0,76.0,36.0,29.0,2.0,1.0,2.0,1.0
459538,211889,N4RRATE,36245,SEN,Sentinels,2.05,1.19,346.0,249.0,15.0,3.0,5.0,4.0,4.0,6.0,83.0,83.0,233.0,193.0,26.0,25.0,1.0,1.0,0.0,1.0
459538,211889,johnqt,1265,SEN,Sentinels,1.58,1.61,179.0,229.0,11.0,6.0,3.0,3.0,3.0,2.0,83.0,67.0,110.0,130.0,29.0,24.0,0.0,0.0,1.0,0.0
459538,211889,Zellsis,729,SEN,Sentinels,1.31,1.43,315.0,303.0,13.0,6.0,9.0,4.0,4.0,1.0,83.0,50.0,203.0,203.0,27.0,26.0,4.0,2.0,2.0,1.0
459538,211889,zekken,4004,SEN,Sentinels,0.72,1.41,163.0,148.0,7.0,4.0,9.0,2.0,6.0,2.0,75.0,100.0,107.0,64.0,25.0,0.0,1.0,0.0,2.0,0.0
459538,211889,bang,3880,SEN,Sentinels,0.86,0.73,135.0,93.0,5.0,2.0,6.0,4.0,4.0,3.0,92.0,67.0,90.0,45.0,26.0,0.0,1.0,0.0,0.0,1.0
459538,211889,lukxo,28716,LOUD,LOUD,0.88,1.31,221.0,344.0,5.0,13.0,4.0,11.0,0.0,3.0,67.0,58.0,149.0,222.0,36.0,22.0,0.0,3.0,1.0,0.0
459538,211889,dgzin,8873,LOUD,LOUD,1.35,0.35,324.0,76.0,7.0,4.0,5.0,10.0,1.0,1.0,83.0,42.0,188.0,42.0,22.0,33.0,3.0,1.0,0.0,3.0
459538,211889,tuyz,2408,LOUD,LOUD,0.88,0.57,115.0,98.0,3.0,4.0,4.0,9.0,3.0,4.0,67.0,67.0,95.0,72.0,67.0,33.0,0.0,0.0,0.0,2.0
459538,211889,pANcada,683,LOUD,LOUD,0.49,0.72,86.0,191.0,2.0,8.0,4.0,11.0,2.0,1.0,67.0,58.0,57.0,133.0,33.0,27.0,0.0,1.0,0.0,2.0
459538,211889,cauanzin,6193,LOUD,LOUD,0.07,0.61,13.0,109.0,0.0,3.0,4.0,10.0,0.0,4.0,33.0,58.0,13.0,96.0,0.0,13.0,0.0,0.0,2.0,0.0
459539,206999,Mazino,7603,KRÜ,VISA KRÜ (KRÜ Esports),1.15,1.28,236.0,270.0,4.0,11.0,4.0,11.0,3.0,4.0,80.0,75.0,122.0,152.0,12.0,42.0,1.0,0.0,0.0,0.0
459539,206999,Shyy,24007,KRÜ,VISA KRÜ (KRÜ Esports),1.1,0.78,165.0,142.0,3.0,7.0,3.0,9.0,0.0,0.0,60.0,50.0,117.0,98.0,40.0,38.0,0.0,0.0,0.0,1.0
459539,206999,keznit,2462,KRÜ,VISA KRÜ (KRÜ Esports),0.61,0.31,215.0,109.0,4.0,2.0,4.0,12.0,0.0,4.0,20.0,50.0,121.0,93.0,45.0,20.0,1.0,2.0,2.0,2.0
459539,206999,Melser,1311,KRÜ,VISA KRÜ (KRÜ Esports),0.42,0.38,106.0,103.0,1.0,4.0,4.0,10.0,2.0,2.0,60.0,50.0,82.0,63.0,13.0,40.0,0.0,2.0,0.0,4.0
459539,206999,adverso,3826,KRÜ,VISA KRÜ (KRÜ Esports),0.43,0.32,143.0,141.0,3.0,4.0,4.0,12.0,0.0,2.0,80.0,42.0,63.0,115.0,0.0,35.0,0.0,0.0,1.0,1.0
459539,206999,supamen,826,EG,Evil Geniuses,2.18,1.9,336.0,219.0,17.0,5.0,3.0,2.0,1.0,2.0,92.0,80.0,227.0,116.0,47.0,50.0,1.0,0.0,0.0,0.0
459539,206999,icy,8402,EG,Evil Geniuses,1.46,1.1,260.0,231.0,11.0,4.0,5.0,3.0,1.0,1.0,92.0,60.0,167.0,155.0,27.0,33.0,2.0,2.0,2.0,2.0
459539,206999,NaturE,4927,EG,Evil Geniuses,1.36,1.03,270.0,207.0,13.0,3.0,6.0,4.0,5.0,4.0,92.0,80.0,154.0,124.0,30.0,16.0,2.0,0.0,0.0,0.0
459539,206999,Derrek,1533,EG,Evil Geniuses,1.37,0.84,228.0,247.0,9.0,4.0,6.0,4.0,4.0,2.0,100.0,60.0,144.0,165.0,35.0,12.0,1.0,1.0,0.0,0.0
459539,206999,yay,881,EG,Evil Geniuses,0.44,1.32,96.0,145.0,4.0,3.0,8.0,2.0,4.0,2.0,75.0,80.0,54.0,90.0,20.0,40.0,2.0,0.0,2.0,0.0
459539,207000,Mazino,7603,KRÜ,VISA KRÜ (KRÜ Esports),1.28,0.97,278.0,228.0,9.0,8.0,6.0,12.0,1.0,3.0,75.0,58.0,150.0,145.0,27.0,21.0,1.0,2.0,0.0,4.0
459539,207000,keznit,2462,KRÜ,VISA KRÜ (KRÜ Esports),0.96,0.93,195.0,238.0,6.0,10.0,7.0,12.0,4.0,2.0,75.0,75.0,136.0,163.0,33.0,39.0,1.0,2.0,1.0,2.0
459539,207000,Melser,1311,KRÜ,VISA KRÜ (KRÜ Esports),1.13,0.71,189.0,145.0,7.0,5.0,6.0,10.0,1.0,7.0,75.0,58.0,110.0,124.0,40.0,21.0,2.0,0.0,0.0,1.0
459539,207000,Shyy,24007,KRÜ,VISA KRÜ (KRÜ Esports),0.34,1.19,142.0,246.0,4.0,10.0,7.0,10.0,2.0,3.0,63.0,67.0,98.0,157.0,18.0,39.0,1.0,0.0,1.0,1.0
459539,207000,adverso,3826,KRÜ,VISA KRÜ (KRÜ Esports),1.4,0.48,221.0,123.0,6.0,6.0,4.0,11.0,4.0,1.0,88.0,67.0,150.0,80.0,21.0,43.0,1.0,0.0,0.0,0.0
459539,207000,supamen,826,EG,Evil Geniuses,1.05,1.64,228.0,309.0,12.0,9.0,8.0,6.0,3.0,4.0,67.0,75.0,144.0,194.0,53.0,31.0,1.0,0.0,1.0,0.0
459539,207000,Derrek,1533,EG,Evil Geniuses,1.15,1.24,194.0,281.0,10.0,7.0,7.0,6.0,1.0,1.0,67.0,75.0,149.0,183.0,32.0,15.0,0.0,0.0,0.0,1.0
459539,207000,NaturE,4927,EG,Evil Geniuses,1.63,0.38,339.0,98.0,13.0,3.0,7.0,6.0,7.0,2.0,83.0,50.0,242.0,67.0,22.0,14.0,0.0,0.0,1.0,1.0
459539,207000,icy,8402,EG,Evil Geniuses,0.85,0.86,244.0,229.0,11.0,6.0,9.0,7.0,2.0,3.0,92.0,75.0,159.0,131.0,31.0,16.0,3.0,2.0,2.0,3.0
459539,207000,yay,881,EG,Evil Geniuses,0.86,0.68,191.0,152.0,9.0,5.0,8.0,7.0,0.0,1.0,67.0,63.0,112.0,116.0,42.0,83.0,4.0,0.0,0.0,1.0
459540,207002,mada,5132,NRG,NRG,0.33,2.15,118.0,350.0,2.0,16.0,7.0,4.0,2.0,2.0,57.0,100.0,80.0,199.0,9.0,31.0,0.0,4.0,1.0,0.0
459540,207002,Ethan,11225,NRG,NRG,0.75,1.19,225.0,173.0,5.0,8.0,7.0,5.0,0.0,2.0,57.0,83.0,143.0,109.0,20.0,20.0,2.0,2.0,1.0,1.0
459540,207002,brawk,2172,NRG,NRG,0.74,0.78,227.0,163.0,4.0,6.0,7.0,9.0,3.0,6.0,71.0,75.0,153.0,129.0,0.0,17.0,0.0,0.0,1.0,0.0
459540,207002,s0m,4164,NRG,NRG,0.04,0.77,64.0,143.0,1.0,7.0,7.0,8.0,4.0,4.0,43.0,83.0,33.0,107.0,25.0,21.0,0.0,1.0,2.0,2.0
459540,207002,FiNESSE,817,NRG,NRG,0.24,0.61,94.0,119.0,2.0,5.0,7.0,9.0,0.0,3.0,14.0,83.0,77.0,89.0,15.0,14.0,0.0,1.0,0.0,1.0
459540,207002,Verno,21668,MIBR,MIBR,1.97,1.92,348.0,210.0,15.0,7.0,6.0,1.0,1.0,2.0,92.0,100.0,223.0,179.0,37.0,24.0,0.0,0.0,0.0,0.0
459540,207002,aspas,8480,MIBR,MIBR,0.72,2.04,200.0,338.0,7.0,9.0,10.0,2.0,3.0,1.0,75.0,71.0,134.0,237.0,13.0,40.0,2.0,3.0,2.0,2.0
459540,207002,artzin,5957,MIBR,MIBR,0.39,1.75,106.0,289.0,4.0,7.0,10.0,3.0,2.0,5.0,58.0,100.0,71.0,185.0,23.0,16.0,1.0,0.0,3.0,0.0
459540,207002,xenom,20240,MIBR,MIBR,0.93,0.76,163.0,149.0,7.0,4.0,9.0,5.0,4.0,2.0,67.0,86.0,114.0,99.0,35.0,50.0,1.0,2.0,1.0,0.0
459540,207002,cortezia,5395,MIBR,MIBR,0.36,1.68,38.0,284.0,2.0,8.0,7.0,3.0,0.0,2.0,50.0,100.0,37.0,200.0,40.0,33.0,0.0,0.0,2.0,0.0
459540,207003,Ethan,11225,NRG,NRG,1.74,0.87,358.0,152.0,16.0,3.0,11.0,5.0,3.0,4.0,83.0,100.0,228.0,105.0,44.0,14.0,2.0,0.0,0.0,1.0
459540,207003,FiNESSE,817,NRG,NRG,0.67,1.24,121.0,186.0,6.0,5.0,9.0,3.0,1.0,1.0,50.0,50.0,69.0,104.0,17.0,25.0,0.0,1.0,1.0,0.0
459540,207003,s0m,4164,NRG,NRG,0.75,0.9,198.0,232.0,8.0,5.0,11.0,5.0,3.0,1.0,75.0,100.0,133.0,135.0,24.0,21.0,0.0,1.0,3.0,0.0
459540,207003,mada,5132,NRG,NRG,0.32,1.27,152.0,225.0,5.0,4.0,12.0,4.0,2.0,3.0,42.0,83.0,102.0,181.0,15.0,29.0,1.0,2.0,5.0,1.0
459540,207003,brawk,2172,NRG,NRG,0.24,1.06,97.0,210.0,3.0,6.0,11.0,4.0,1.0,1.0,50.0,83.0,66.0,134.0,22.0,25.0,0.0,0.0,0.0,0.0
459540,207003,aspas,8480,MIBR,MIBR,0.86,2.12,140.0,433.0,4.0,19.0,4.0,7.0,0.0,1.0,83.0,92.0,117.0,286.0,33.0,30.0,1.0,4.0,0.0,0.0
459540,207003,Verno,21668,MIBR,MIBR,1.19,1.21,206.0,267.0,5.0,11.0,4.0,7.0,1.0,4.0,67.0,83.0,136.0,170.0,36.0,10.0,1.0,1.0,1.0,0.0
459540,207003,xenom,20240,MIBR,MIBR,1.23,1.05,339.0,171.0,7.0,9.0,6.0,6.0,1.0,3.0,67.0,58.0,213.0,137.0,50.0,53.0,0.0,0.0,0.0,2.0
459540,207003,cortezia,5395,MIBR,MIBR,0.73,1.24,199.0,247.0,4.0,11.0,6.0,9.0,1.0,2.0,50.0,92.0,140.0,172.0,38.0,42.0,0.0,2.0,2.0,0.0
459540,207003,artzin,5957,MIBR,MIBR,0.48,0.41,55.0,93.0,1.0,4.0,3.0,9.0,1.0,3.0,50.0,67.0,38.0,59.0,20.0,29.0,0.0,2.0,1.0,1.0
459541,207005,leaf,7873,G2,G2 Esports,1.26,1.77,254.0,319.0,11.0,8.0,9.0,2.0,1.0,2.0,75.0,100.0,158.0,199.0,13.0,33.0,3.0,0.0,2.0,0.0
459541,207005,trent,15500,G2,G2 Esports,1.29,1.41,206.0,206.0,8.0,4.0,7.0,2.0,4.0,5.0,67.0,100.0,158.0,140.0,23.0,25.0,1.0,0.0,0.0,0.0
459541,207005,jawgemo,3993,G2,G2 Esports,1.07,1.38,191.0,216.0,9.0,4.0,8.0,3.0,1.0,3.0,58.0,83.0,128.0,112.0,50.0,19.0,1.0,0.0,1.0,1.0
459541,207005,valyn,3885,G2,G2 Esports,0.93,1.56,237.0,229.0,9.0,6.0,9.0,3.0,3.0,2.0,75.0,83.0,167.0,141.0,24.0,17.0,0.0,1.0,1.0,1.0
459541,207005,JonahP,4581,G2,G2 Esports,0.56,1.2,109.0,247.0,4.0,5.0,8.0,4.0,4.0,2.0,58.0,50.0,91.0,179.0,9.0,42.0,0.0,2.0,3.0,1.0
459541,207005,v1c,17433,C9,Cloud9,0.8,1.29,203.0,235.0,2.0,10.0,5.0,7.0,4.0,2.0,83.0,75.0,151.0,191.0,19.0,26.0,0.0,0.0,0.0,1.0
459541,207005,Xeppaa,7871,C9,Cloud9,0.37,1.18,79.0,265.0,2.0,11.0,5.0,8.0,1.0,1.0,17.0,67.0,79.0,166.0,29.0,31.0,0.0,3.0,2.0,0.0
459541,207005,neT,6582,C9,Cloud9,0.75,0.94,201.0,212.0,4.0,9.0,6.0,8.0,2.0,1.0,67.0,75.0,139.0,129.0,13.0,25.0,1.0,1.0,0.0,1.0
459541,207005,mitch,612,C9,Cloud9,0.68,0.72,139.0,141.0,3.0,6.0,5.0,7.0,1.0,5.0,67.0,67.0,93.0,83.0,8.0,17.0,0.0,2.0,0.0,2.0
459541,207005,OXY,18796,C9,Cloud9,0.43,0.44,140.0,128.0,3.0,5.0,6.0,11.0,1.0,2.0,67.0,67.0,71.0,85.0,8.0,42.0,2.0,1.0,1.0,1.0
459541,207006,jawgemo,3993,G2,G2 Esports,1.5,1.0,315.0,211.0,5.0,9.0,4.0,10.0,2.0,3.0,60.0,75.0,205.0,124.0,29.0,24.0,2.0,3.0,1.0,2.0
459541,207006,JonahP,4581,G2,G2 Esports,0.02,1.19,16.0,210.0,0.0,9.0,5.0,9.0,0.0,5.0,,67.0,16.0,148.0,0.0,22.0,0.0,0.0,0.0,1.0
459541,207006,trent,15500,G2,G2 Esports,0.07,1.09,46.0,226.0,1.0,9.0,4.0,10.0,0.0,7.0,40.0,75.0,33.0,153.0,0.0,25.0,0.0,0.0,1.0,2.0
459541,207006,leaf,7873,G2,G2 Esports,0.42,0.91,132.0,222.0,2.0,8.0,5.0,10.0,2.0,5.0,60.0,67.0,88.0,147.0,27.0,21.0,0.0,0.0,0.0,2.0
459541,207006,valyn,3885,G2,G2 Esports,0.81,0.64,141.0,125.0,2.0,5.0,4.0,10.0,0.0,8.0,40.0,75.0,100.0,73.0,25.0,4.0,1.0,1.0,0.0,1.0
459541,207006,neT,6582,C9,Cloud9,1.4,1.39,211.0,157.0,11.0,4.0,6.0,1.0,2.0,0.0,75.0,80.0,152.0,110.0,55.0,20.0,2.0,0.0,0.0,0.0
459541,207006,OXY,18796,C9,Cloud9,1.11,1.77,298.0,425.0,12.0,7.0,10.0,3.0,2.0,3.0,58.0,100.0,180.0,285.0,13.0,23.0,4.0,2.0,2.0,2.0
459541,207006,Xeppaa,7871,C9,Cloud9,1.1,1.55,200.0,244.0,10.0,4.0,8.0,2.0,5.0,4.0,75.0,80.0,142.0,174.0,35.0,29.0,1.0,0.0,0.0,1.0
459541,207006,mitch,612,C9,Cloud9,0.91,1.78,216.0,251.0,8.0,5.0,9.0,2.0,8.0,4.0,75.0,80.0,170.0,137.0,20.0,29.0,1.0,0.0,0.0,0.0
459541,207006,v1c,17433,C9,Cloud9,1.21,0.95,174.0,127.0,8.0,2.0,7.0,2.0,8.0,0.0,75.0,80.0,126.0,87.0,32.0,8.0,0.0,0.0,2.0,0.0
459541,207007,trent,15500,G2,G2 Esports,1.42,1.57,214.0,261.0,12.0,10.0,5.0,7.0,3.0,6.0,100.0,75.0,122.0,183.0,21.0,42.0,2.0,1.0,0.0,0.0
459541,207007,jawgemo,3993,G2,G2 Esports,1.21,1.06,271.0,257.0,12.0,10.0,9.0,10.0,1.0,5.0,75.0,75.0,179.0,154.0,31.0,25.0,4.0,2.0,1.0,3.0
459541,207007,JonahP,4581,G2,G2 Esports,0.84,1.35,167.0,217.0,6.0,10.0,9.0,7.0,8.0,5.0,92.0,75.0,94.0,118.0,22.0,20.0,2.0,1.0,2.0,1.0
459541,207007,valyn,3885,G2,G2 Esports,1.06,0.9,236.0,169.0,9.0,7.0,8.0,9.0,7.0,5.0,83.0,100.0,179.0,112.0,19.0,33.0,0.0,1.0,0.0,0.0
459541,207007,leaf,7873,G2,G2 Esports,1.3,0.63,167.0,162.0,8.0,7.0,5.0,10.0,5.0,2.0,83.0,67.0,100.0,89.0,17.0,23.0,1.0,1.0,0.0,2.0
459541,207007,mitch,612,C9,Cloud9,0.89,1.67,156.0,361.0,7.0,13.0,7.0,10.0,3.0,5.0,75.0,67.0,120.0,258.0,27.0,28.0,0.0,2.0,1.0,0.0
459541,207007,Xeppaa,7871,C9,Cloud9,1.43,0.48,281.0,125.0,13.0,5.0,8.0,11.0,1.0,5.0,67.0,67.0,190.0,88.0,43.0,24.0,3.0,1.0,1.0,1.0
459541,207007,v1c,17433,C9,Cloud9,1.03,0.82,145.0,134.0,7.0,5.0,8.0,8.0,5.0,5.0,58.0,67.0,106.0,82.0,30.0,31.0,0.0,0.0,0.0,1.0
459541,207007,neT,6582,C9,Cloud9,0.88,0.74,210.0,150.0,9.0,7.0,9.0,9.0,3.0,3.0,83.0,67.0,110.0,100.0,23.0,44.0,2.0,0.0,1.0,3.0
459541,207007,OXY,18796,C9,Cloud9,0.41,0.69,188.0,125.0,7.0,6.0,12.0,9.0,6.0,1.0,58.0,50.0,127.0,85.0,19.0,30.0,1.0,0.0,3.0,4.0
459542,207008,aspas,8480,MIBR,MIBR,2.13,2.36,396.0,410.0,6.0,19.0,1.0,4.0,0.0,1.0,100.0,83.0,236.0,256.0,36.0,26.0,1.0,3.0,0.0,0.0
459542,207008,Verno,21668,MIBR,MIBR,1.15,1.52,108.0,200.0,2.0,8.0,1.0,4.0,0.0,4.0,75.0,83.0,74.0,125.0,100.0,22.0,0.0,2.0,0.0,1.0
459542,207008,xenom,20240,MIBR,MIBR,1.41,1.22,139.0,175.0,3.0,9.0,0.0,7.0,0.0,4.0,100.0,83.0,74.0,111.0,67.0,37.0,0.0,0.0,0.0,1.0
459542,207008,cortezia,5395,MIBR,MIBR,1.58,1.05,249.0,174.0,3.0,8.0,1.0,6.0,1.0,1.0,75.0,67.0,135.0,134.0,100.0,40.0,2.0,0.0,0.0,1.0
459542,207008,artzin,5957,MIBR,MIBR,0.1,0.43,57.0,123.0,1.0,4.0,3.0,11.0,0.0,6.0,25.0,75.0,28.0,87.0,50.0,16.0,0.0,1.0,1.0,3.0
459542,207008,heat,8673,FUR,FURIA,0.96,0.02,189.0,13.0,9.0,0.0,9.0,3.0,0.0,0.0,67.0,25.0,129.0,13.0,40.0,0.0,0.0,0.0,0.0,0.0
459542,207008,Khalil,1711,FUR,FURIA,0.56,0.96,152.0,218.0,5.0,3.0,10.0,3.0,3.0,0.0,75.0,50.0,101.0,111.0,16.0,33.0,1.0,0.0,0.0,0.0
459542,207008,pryze,662,FUR,FURIA,0.74,0.31,143.0,171.0,6.0,2.0,9.0,3.0,1.0,0.0,58.0,50.0,90.0,104.0,14.0,40.0,0.0,0.0,0.0,2.0
459542,207008,havoc,8706,FUR,FURIA,0.69,0.01,220.0,,8.0,0.0,10.0,3.0,2.0,0.0,67.0,25.0,140.0,,30.0,,5.0,0.0,5.0,0.0
459542,207008,raafa,25743,FUR,FURIA,0.19,0.33,97.0,98.0,4.0,1.0,10.0,3.0,3.0,3.0,50.0,50.0,58.0,55.0,14.0,67.0,0.0,1.0,1.0,1.0
459542,207009,artzin,5957,MIBR,MIBR,1.65,0.7,320.0,182.0,11.0,6.0,6.0,9.0,5.0,6.0,90.0,58.0,187.0,127.0,21.0,8.0,3.0,0.0,0.0,2.0
459542,207009,cortezia,5395,MIBR,MIBR,1.41,0.87,234.0,212.0,10.0,10.0,4.0,10.0,2.0,1.0,90.0,67.0,173.0,158.0,45.0,55.0,0.0,1.0,0.0,1.0
459542,207009,Verno,21668,MIBR,MIBR,1.05,1.01,132.0,261.0,5.0,9.0,4.0,10.0,3.0,6.0,80.0,75.0,80.0,162.0,17.0,29.0,0.0,1.0,0.0,0.0
459542,207009,xenom,20240,MIBR,MIBR,0.98,0.9,203.0,191.0,7.0,9.0,6.0,9.0,7.0,2.0,80.0,50.0,122.0,116.0,19.0,37.0,1.0,2.0,0.0,1.0
459542,207009,aspas,8480,MIBR,MIBR,0.86,0.81,166.0,183.0,7.0,8.0,6.0,10.0,0.0,0.0,70.0,75.0,113.0,122.0,56.0,36.0,3.0,2.0,3.0,2.0
459542,207009,pryze,662,FUR,FURIA,1.15,2.04,220.0,378.0,11.0,12.0,7.0,7.0,4.0,4.0,75.0,80.0,143.0,262.0,24.0,24.0,0.0,1.0,0.0,0.0
459542,207009,heat,8673,FUR,FURIA,1.89,0.53,350.0,107.0,16.0,4.0,7.0,9.0,1.0,4.0,83.0,70.0,246.0,76.0,45.0,27.0,0.0,0.0,0.0,0.0
459542,207009,havoc,8706,FUR,FURIA,1.2,0.68,283.0,185.0,12.0,6.0,9.0,9.0,1.0,0.0,58.0,40.0,190.0,111.0,62.0,29.0,6.0,2.0,5.0,5.0
459542,207009,Khalil,1711,FUR,FURIA,0.97,0.39,177.0,61.0,7.0,1.0,8.0,7.0,3.0,2.0,83.0,50.0,122.0,46.0,61.0,9.0,0.0,0.0,1.0,2.0
459542,207009,raafa,25743,FUR,FURIA,0.29,0.59,64.0,119.0,2.0,3.0,11.0,8.0,8.0,7.0,75.0,70.0,48.0,69.0,38.0,11.0,0.0,0.0,0.0,0.0
459542,207010,Verno,21668,MIBR,MIBR,1.39,1.55,231.0,281.0,10.0,11.0,7.0,6.0,5.0,2.0,83.0,89.0,173.0,185.0,32.0,26.0,1.0,1.0,2.0,0.0
459542,207010,aspas,8480,MIBR,MIBR,1.22,1.79,267.0,319.0,12.0,11.0,7.0,5.0,0.0,2.0,58.0,89.0,168.0,187.0,23.0,25.0,3.0,2.0,3.0,0.0
459542,207010,artzin,5957,MIBR,MIBR,0.91,1.07,178.0,254.0,8.0,8.0,7.0,7.0,5.0,3.0,67.0,78.0,121.0,153.0,31.0,31.0,0.0,1.0,1.0,0.0
459542,207010,xenom,20240,MIBR,MIBR,1.2,0.63,220.0,130.0,10.0,4.0,7.0,6.0,1.0,3.0,83.0,67.0,131.0,97.0,47.0,22.0,1.0,1.0,0.0,3.0
459542,207010,cortezia,5395,MIBR,MIBR,0.34,0.76,79.0,141.0,4.0,4.0,9.0,6.0,1.0,5.0,58.0,78.0,50.0,87.0,57.0,27.0,0.0,1.0,1.0,0.0
459542,207010,Khalil,1711,FUR,FURIA,1.0,1.54,250.0,225.0,8.0,12.0,8.0,7.0,2.0,0.0,67.0,83.0,151.0,151.0,29.0,30.0,1.0,1.0,1.0,1.0
459542,207010,havoc,8706,FUR,FURIA,0.76,1.02,201.0,223.0,7.0,8.0,8.0,10.0,0.0,3.0,67.0,75.0,111.0,149.0,15.0,35.0,1.0,4.0,2.0,1.0
459542,207010,pryze,662,FUR,FURIA,0.57,1.13,131.0,185.0,4.0,8.0,8.0,8.0,2.0,4.0,56.0,75.0,86.0,135.0,15.0,23.0,0.0,1.0,0.0,0.0
459542,207010,raafa,25743,FUR,FURIA,0.8,0.88,164.0,168.0,5.0,6.0,7.0,9.0,7.0,8.0,89.0,67.0,98.0,120.0,33.0,23.0,0.0,1.0,1.0,2.0
459542,207010,heat,8673,FUR,FURIA,0.95,0.35,189.0,88.0,6.0,3.0,7.0,10.0,0.0,4.0,56.0,50.0,131.0,67.0,55.0,17.0,1.0,0.0,2.0,1.0
459543,207011,bang,3880,SEN,Sentinels,1.72,2.5,306.0,473.0,13.0,9.0,6.0,2.0,6.0,4.0,83.0,100.0,189.0,255.0,50.0,31.0,3.0,2.0,2.0,0.0
459543,207011,zekken,4004,SEN,Sentinels,1.67,1.91,289.0,371.0,13.0,7.0,5.0,2.0,4.0,1.0,83.0,100.0,199.0,232.0,58.0,25.0,1.0,2.0,2.0,0.0
459543,207011,johnqt,1265,SEN,Sentinels,1.6,1.9,215.0,228.0,9.0,4.0,5.0,1.0,13.0,8.0,92.0,100.0,126.0,180.0,25.0,40.0,1.0,0.0,1.0,0.0
459543,207011,N4RRATE,36245,SEN,Sentinels,0.93,1.25,146.0,154.0,6.0,3.0,7.0,1.0,3.0,0.0,75.0,100.0,98.0,85.0,25.0,13.0,1.0,1.0,0.0,0.0
459543,207011,Zellsis,729,SEN,Sentinels,1.19,0.47,188.0,78.0,8.0,1.0,6.0,3.0,5.0,4.0,83.0,60.0,115.0,53.0,22.0,13.0,1.0,0.0,0.0,0.0
459543,207011,silentzz,11921,2G,2Game Esports,1.29,0.34,248.0,138.0,4.0,5.0,4.0,10.0,1.0,1.0,60.0,42.0,161.0,106.0,36.0,50.0,0.0,0.0,1.0,2.0
459543,207011,gobera,14950,2G,2Game Esports,0.21,0.76,84.0,243.0,1.0,9.0,5.0,11.0,0.0,2.0,20.0,50.0,58.0,146.0,25.0,48.0,0.0,1.0,1.0,2.0
459543,207011,PxS,13823,2G,2Game Esports,0.69,0.45,176.0,106.0,3.0,4.0,5.0,10.0,0.0,1.0,80.0,42.0,103.0,72.0,100.0,17.0,0.0,2.0,0.0,1.0
459543,207011,Askia,20238,2G,2Game Esports,0.06,0.69,69.0,121.0,1.0,6.0,5.0,9.0,0.0,0.0,20.0,58.0,40.0,89.0,17.0,40.0,0.0,2.0,1.0,1.0
459543,207011,lz,6195,2G,2Game Esports,0.03,0.58,50.0,125.0,0.0,5.0,5.0,9.0,2.0,2.0,20.0,67.0,45.0,81.0,50.0,31.0,0.0,0.0,2.0,1.0
459543,207012,zekken,4004,SEN,Sentinels,2.06,2.06,437.0,358.0,10.0,16.0,3.0,8.0,2.0,3.0,100.0,92.0,270.0,236.0,25.0,30.0,3.0,3.0,0.0,0.0
459543,207012,bang,3880,SEN,Sentinels,1.41,1.13,153.0,195.0,4.0,9.0,2.0,9.0,4.0,4.0,100.0,75.0,95.0,134.0,43.0,32.0,0.0,0.0,0.0,1.0
459543,207012,N4RRATE,36245,SEN,Sentinels,1.48,1.1,198.0,248.0,4.0,9.0,2.0,10.0,4.0,8.0,100.0,75.0,122.0,163.0,19.0,13.0,1.0,2.0,0.0,3.0
459543,207012,johnqt,1265,SEN,Sentinels,1.43,0.94,169.0,125.0,4.0,5.0,1.0,7.0,2.0,3.0,100.0,83.0,124.0,106.0,55.0,30.0,1.0,0.0,0.0,0.0
459543,207012,Zellsis,729,SEN,Sentinels,1.2,0.43,217.0,126.0,5.0,5.0,3.0,11.0,1.0,4.0,83.0,67.0,166.0,69.0,31.0,13.0,1.0,0.0,0.0,3.0
459543,207012,Askia,20238,2G,2Game Esports,1.31,0.4,300.0,81.0,13.0,1.0,9.0,5.0,3.0,0.0,67.0,50.0,190.0,60.0,41.0,20.0,3.0,0.0,1.0,0.0
459543,207012,PxS,13823,2G,2Game Esports,1.14,0.5,212.0,106.0,10.0,2.0,8.0,5.0,2.0,2.0,83.0,67.0,159.0,67.0,27.0,14.0,1.0,0.0,2.0,1.0
459543,207012,gobera,14950,2G,2Game Esports,0.62,1.0,135.0,275.0,6.0,5.0,9.0,6.0,1.0,1.0,67.0,83.0,107.0,187.0,40.0,43.0,0.0,0.0,1.0,0.0
459543,207012,lz,6195,2G,2Game Esports,1.02,0.03,247.0,49.0,9.0,1.0,8.0,6.0,12.0,1.0,100.0,33.0,137.0,38.0,42.0,33.0,2.0,0.0,0.0,2.0
459543,207012,silentzz,11921,2G,2Game Esports,0.61,0.62,176.0,106.0,7.0,2.0,10.0,5.0,7.0,0.0,83.0,33.0,116.0,93.0,25.0,83.0,1.0,0.0,1.0,3.0
459544,207014,Mazino,7603,KRÜ,VISA KRÜ (KRÜ Esports),1.56,0.83,292.0,179.0,14.0,7.0,8.0,8.0,4.0,5.0,92.0,82.0,178.0,129.0,39.0,22.0,0.0,0.0,2.0,0.0
459544,207014,Melser,1311,KRÜ,VISA KRÜ (KRÜ Esports),1.09,1.13,227.0,201.0,9.0,8.0,8.0,7.0,3.0,2.0,67.0,82.0,157.0,124.0,43.0,23.0,1.0,2.0,1.0,0.0
459544,207014,Shyy,24007,KRÜ,VISA KRÜ (KRÜ Esports),1.23,0.95,247.0,156.0,10.0,7.0,8.0,6.0,1.0,1.0,58.0,64.0,172.0,110.0,30.0,28.0,1.0,1.0,1.0,1.0
459544,207014,keznit,2462,KRÜ,VISA KRÜ (KRÜ Esports),0.38,1.67,134.0,321.0,6.0,12.0,11.0,7.0,2.0,1.0,50.0,82.0,91.0,205.0,24.0,24.0,2.0,4.0,3.0,2.0
459544,207014,adverso,3826,KRÜ,VISA KRÜ (KRÜ Esports),0.67,0.98,126.0,156.0,4.0,6.0,9.0,7.0,6.0,2.0,75.0,82.0,102.0,112.0,4.0,43.0,0.0,0.0,1.0,1.0
459544,207014,eeiu,796,100T,100 Thieves,1.1,1.5,138.0,240.0,6.0,11.0,5.0,8.0,1.0,3.0,91.0,83.0,122.0,181.0,33.0,38.0,0.0,1.0,1.0,0.0
459544,207014,Cryocells,4147,100T,100 Thieves,1.05,0.88,252.0,165.0,10.0,7.0,8.0,7.0,3.0,0.0,82.0,75.0,170.0,107.0,53.0,33.0,0.0,2.0,0.0,2.0
459544,207014,zander,8082,100T,100 Thieves,0.59,1.27,143.0,213.0,5.0,9.0,9.0,7.0,4.0,5.0,73.0,75.0,93.0,140.0,17.0,28.0,0.0,2.0,3.0,1.0
459544,207014,Asuna,601,100T,100 Thieves,1.1,0.71,304.0,222.0,11.0,9.0,10.0,11.0,2.0,2.0,64.0,67.0,187.0,151.0,33.0,19.0,4.0,3.0,3.0,1.0
459544,207014,Boostio,604,100T,100 Thieves,0.66,0.96,104.0,209.0,3.0,8.0,8.0,10.0,9.0,11.0,82.0,75.0,53.0,126.0,29.0,15.0,0.0,0.0,0.0,0.0
459544,207015,Shyy,24007,KRÜ,VISA KRÜ (KRÜ Esports),1.34,1.4,264.0,270.0,12.0,9.0,7.0,6.0,1.0,1.0,83.0,80.0,160.0,157.0,27.0,50.0,1.0,1.0,1.0,1.0
459544,207015,adverso,3826,KRÜ,VISA KRÜ (KRÜ Esports),0.65,2.03,148.0,318.0,6.0,12.0,8.0,3.0,1.0,1.0,50.0,90.0,108.0,198.0,31.0,16.0,2.0,1.0,2.0,0.0
459544,207015,keznit,2462,KRÜ,VISA KRÜ (KRÜ Esports),1.04,1.04,273.0,215.0,11.0,9.0,9.0,6.0,1.0,0.0,67.0,80.0,181.0,154.0,37.0,18.0,3.0,1.0,2.0,1.0
459544,207015,Melser,1311,KRÜ,VISA KRÜ (KRÜ Esports),0.72,1.12,150.0,246.0,6.0,9.0,8.0,6.0,0.0,2.0,75.0,90.0,84.0,139.0,16.0,35.0,0.0,2.0,0.0,1.0
459544,207015,Mazino,7603,KRÜ,VISA KRÜ (KRÜ Esports),0.66,0.78,148.0,162.0,6.0,6.0,9.0,7.0,3.0,1.0,67.0,90.0,99.0,125.0,28.0,20.0,1.0,1.0,0.0,1.0
459544,207015,eeiu,796,100T,100 Thieves,0.62,1.83,157.0,280.0,6.0,11.0,9.0,5.0,3.0,5.0,80.0,92.0,113.0,174.0,37.0,21.0,0.0,1.0,0.0,0.0
459544,207015,Asuna,601,100T,100 Thieves,1.09,1.07,215.0,232.0,8.0,10.0,8.0,10.0,1.0,2.0,60.0,58.0,136.0,158.0,33.0,25.0,0.0,1.0,1.0,3.0
459544,207015,Cryocells,4147,100T,100 Thieves,0.97,1.08,213.0,182.0,8.0,9.0,9.0,8.0,1.0,2.0,60.0,67.0,156.0,134.0,36.0,29.0,2.0,1.0,2.0,1.0
459544,207015,zander,8082,100T,100 Thieves,0.72,0.87,177.0,153.0,5.0,5.0,9.0,8.0,5.0,5.0,70.0,67.0,115.0,101.0,9.0,29.0,2.0,2.0,2.0,0.0
459544,207015,Boostio,604,100T,100 Thieves,0.02,0.63,39.0,152.0,1.0,6.0,10.0,10.0,1.0,2.0,40.0,58.0,33.0,126.0,29.0,25.0,0.0,0.0,1.0,3.0
459545,207017,supamen,826,EG,Evil Geniuses,0.82,1.47,195.0,316.0,9.0,14.0,9.0,8.0,1.0,1.0,58.0,75.0,113.0,214.0,30.0,79.0,1.0,2.0,0.0,0.0
459545,207017,icy,8402,EG,Evil Geniuses,0.77,1.16,197.0,241.0,8.0,9.0,11.0,7.0,2.0,3.0,75.0,92.0,161.0,154.0,30.0,26.0,1.0,1.0,1.0,2.0
459545,207017,yay,881,EG,Evil Geniuses,0.19,1.21,137.0,294.0,6.0,13.0,12.0,11.0,0.0,3.0,42.0,75.0,83.0,173.0,31.0,27.0,1.0,2.0,4.0,0.0
459545,207017,NaturE,4927,EG,Evil Geniuses,0.89,0.43,189.0,103.0,8.0,4.0,10.0,9.0,4.0,3.0,58.0,58.0,129.0,73.0,30.0,16.0,0.0,1.0,3.0,0.0
459545,207017,Derrek,1533,EG,Evil Geniuses,0.62,0.66,127.0,134.0,5.0,6.0,10.0,8.0,2.0,3.0,67.0,50.0,100.0,94.0,15.0,31.0,0.0,1.0,1.0,3.0
459545,207017,pANcada,683,LOUD,LOUD,1.41,2.13,230.0,397.0,10.0,17.0,8.0,5.0,5.0,6.0,75.0,83.0,134.0,284.0,36.0,35.0,2.0,4.0,1.0,0.0
459545,207017,lukxo,28716,LOUD,LOUD,1.19,1.52,319.0,308.0,14.0,13.0,10.0,8.0,1.0,4.0,50.0,75.0,185.0,194.0,38.0,31.0,2.0,1.0,0.0,1.0
459545,207017,tuyz,2408,LOUD,LOUD,1.4,0.85,222.0,156.0,9.0,7.0,7.0,7.0,4.0,4.0,67.0,83.0,155.0,110.0,36.0,29.0,0.0,1.0,0.0,0.0
459545,207017,cauanzin,6193,LOUD,LOUD,0.55,0.7,142.0,164.0,5.0,8.0,10.0,9.0,3.0,1.0,67.0,75.0,102.0,110.0,18.0,23.0,0.0,1.0,1.0,1.0
459545,207017,dgzin,8873,LOUD,LOUD,0.42,0.72,123.0,141.0,5.0,5.0,11.0,7.0,2.0,4.0,58.0,58.0,66.0,83.0,27.0,13.0,1.0,2.0,5.0,1.0
459545,207018,yay,881,EG,Evil Geniuses,0.81,1.53,267.0,301.0,12.0,14.0,12.0,9.0,0.0,2.0,69.0,77.0,156.0,204.0,40.0,32.0,2.0,4.0,1.0,1.0
459545,207018,supamen,826,EG,Evil Geniuses,0.7,1.15,115.0,265.0,5.0,13.0,9.0,10.0,3.0,3.0,69.0,77.0,68.0,159.0,40.0,52.0,1.0,2.0,1.0,0.0
459545,207018,Derrek,1533,EG,Evil Geniuses,0.63,1.13,134.0,138.0,6.0,7.0,10.0,7.0,1.0,4.0,54.0,77.0,95.0,114.0,18.0,20.0,1.0,0.0,1.0,0.0
459545,207018,NaturE,4927,EG,Evil Geniuses,1.12,0.63,240.0,105.0,10.0,4.0,10.0,9.0,4.0,5.0,69.0,77.0,164.0,81.0,17.0,36.0,1.0,1.0,2.0,0.0
459545,207018,icy,8402,EG,Evil Geniuses,0.72,0.92,182.0,212.0,8.0,9.0,12.0,10.0,2.0,4.0,62.0,85.0,112.0,134.0,38.0,45.0,1.0,2.0,2.0,3.0
459545,207018,pANcada,683,LOUD,LOUD,1.51,2.32,258.0,429.0,12.0,22.0,7.0,6.0,5.0,7.0,85.0,92.0,177.0,287.0,31.0,33.0,0.0,3.0,0.0,0.0
459545,207018,cauanzin,6193,LOUD,LOUD,0.91,0.92,191.0,207.0,9.0,8.0,9.0,10.0,3.0,5.0,69.0,85.0,120.0,157.0,25.0,44.0,1.0,1.0,2.0,0.0
459545,207018,lukxo,28716,LOUD,LOUD,1.25,0.54,275.0,129.0,12.0,5.0,10.0,9.0,5.0,5.0,77.0,46.0,180.0,80.0,35.0,11.0,0.0,1.0,3.0,1.0
459545,207018,tuyz,2408,LOUD,LOUD,0.62,1.12,130.0,199.0,7.0,9.0,10.0,9.0,2.0,8.0,69.0,92.0,102.0,121.0,25.0,33.0,0.0,1.0,1.0,0.0
459545,207018,dgzin,8873,LOUD,LOUD,0.44,1.01,120.0,171.0,5.0,9.0,11.0,7.0,3.0,0.0,62.0,62.0,71.0,119.0,20.0,62.0,3.0,1.0,3.0,5.0
459545,207019,Derrek,1533,EG,Evil Geniuses,0.83,2.06,179.0,332.0,7.0,15.0,9.0,5.0,2.0,5.0,67.0,92.0,138.0,231.0,33.0,34.0,0.0,1.0,1.0,1.0
459545,207019,icy,8402,EG,Evil Geniuses,0.83,1.55,170.0,313.0,8.0,14.0,10.0,9.0,1.0,4.0,67.0,92.0,129.0,225.0,30.0,16.0,2.0,2.0,4.0,1.0
459545,207019,yay,881,EG,Evil Geniuses,1.0,0.94,182.0,164.0,7.0,7.0,9.0,8.0,3.0,3.0,50.0,92.0,114.0,133.0,42.0,30.0,1.0,3.0,1.0,0.0
459545,207019,NaturE,4927,EG,Evil Geniuses,0.86,0.79,174.0,150.0,7.0,6.0,9.0,8.0,2.0,5.0,50.0,75.0,134.0,98.0,24.0,15.0,0.0,1.0,1.0,0.0
459545,207019,supamen,826,EG,Evil Geniuses,0.79,0.78,153.0,167.0,6.0,8.0,9.0,8.0,2.0,3.0,67.0,75.0,100.0,105.0,55.0,11.0,1.0,1.0,1.0,2.0
459545,207019,lukxo,28716,LOUD,LOUD,1.48,1.11,303.0,229.0,13.0,11.0,9.0,7.0,3.0,2.0,67.0,83.0,179.0,150.0,28.0,23.0,2.0,4.0,2.0,2.0
459545,207019,tuyz,2408,LOUD,LOUD,0.6,1.54,110.0,286.0,4.0,12.0,10.0,7.0,6.0,8.0,67.0,83.0,67.0,172.0,25.0,36.0,0.0,1.0,0.0,0.0
459545,207019,cauanzin,6193,LOUD,LOUD,1.26,0.63,259.0,72.0,11.0,3.0,9.0,7.0,2.0,1.0,75.0,58.0,166.0,57.0,32.0,18.0,1.0,0.0,2.0,0.0
459545,207019,pANcada,683,LOUD,LOUD,0.35,1.28,117.0,222.0,5.0,9.0,12.0,7.0,3.0,6.0,75.0,75.0,78.0,157.0,33.0,28.0,1.0,2.0,1.0,1.0
459545,207019,dgzin,8873,LOUD,LOUD,0.44,1.07,147.0,219.0,5.0,11.0,10.0,7.0,4.0,0.0,75.0,58.0,117.0,136.0,23.0,17.0,0.0,1.0,3.0,1.0
459546,207020,Demon1,26171,LEV,LEVIATÁN,0.77,1.56,80.0,246.0,4.0,15.0,9.0,6.0,5.0,3.0,71.0,71.0,55.0,163.0,30.0,52.0,1.0,2.0,0.0,0.0
459546,207020,kiNgg,8549,LEV,LEVIATÁN,0.71,1.43,188.0,252.0,9.0,13.0,12.0,8.0,3.0,6.0,57.0,79.0,127.0,143.0,25.0,15.0,0.0,5.0,2.0,1.0
459546,207020,C0M,619,LEV,LEVIATÁN,0.95,0.98,139.0,184.0,6.0,8.0,8.0,8.0,3.0,4.0,71.0,86.0,97.0,140.0,17.0,17.0,0.0,1.0,1.0,0.0
459546,207020,tex,1818,LEV,LEVIATÁN,0.33,1.07,120.0,172.0,6.0,8.0,12.0,7.0,1.0,5.0,50.0,79.0,80.0,135.0,22.0,27.0,1.0,0.0,5.0,1.0
459546,207020,Rossy,1129,LEV,LEVIATÁN,0.67,0.66,156.0,171.0,7.0,8.0,11.0,10.0,3.0,7.0,57.0,71.0,101.0,87.0,26.0,11.0,1.0,2.0,3.0,2.0
459546,207020,mada,5132,NRG,NRG,1.05,1.71,239.0,293.0,10.0,15.0,12.0,5.0,2.0,1.0,43.0,93.0,173.0,189.0,22.0,42.0,4.0,5.0,2.0,1.0
459546,207020,Ethan,11225,NRG,NRG,0.91,1.72,176.0,314.0,9.0,15.0,11.0,7.0,5.0,6.0,50.0,100.0,94.0,220.0,15.0,32.0,0.0,1.0,1.0,0.0
459546,207020,s0m,4164,NRG,NRG,1.23,0.91,198.0,126.0,10.0,4.0,8.0,7.0,5.0,10.0,64.0,100.0,127.0,90.0,31.0,29.0,0.0,1.0,1.0,0.0
459546,207020,brawk,2172,NRG,NRG,0.56,1.53,113.0,248.0,6.0,13.0,10.0,6.0,2.0,6.0,64.0,93.0,88.0,158.0,14.0,20.0,0.0,2.0,4.0,1.0
459546,207020,FiNESSE,817,NRG,NRG,0.49,0.88,112.0,114.0,4.0,5.0,12.0,7.0,2.0,5.0,43.0,86.0,84.0,72.0,14.0,14.0,0.0,2.0,2.0,1.0
459546,207021,kiNgg,8549,LEV,LEVIATÁN,0.9,1.24,203.0,218.0,6.0,10.0,7.0,8.0,1.0,3.0,56.0,83.0,116.0,162.0,40.0,50.0,0.0,1.0,1.0,1.0
459546,207021,tex,1818,LEV,LEVIATÁN,0.55,1.38,101.0,297.0,3.0,14.0,7.0,9.0,0.0,2.0,67.0,92.0,85.0,207.0,33.0,35.0,0.0,0.0,1.0,1.0
459546,207021,Demon1,26171,LEV,LEVIATÁN,0.67,0.97,229.0,194.0,8.0,8.0,8.0,9.0,0.0,3.0,56.0,83.0,143.0,137.0,53.0,25.0,1.0,4.0,3.0,0.0
459546,207021,C0M,619,LEV,LEVIATÁN,0.54,0.71,122.0,138.0,4.0,6.0,8.0,8.0,1.0,4.0,78.0,92.0,69.0,84.0,18.0,28.0,0.0,1.0,1.0,2.0
459546,207021,Rossy,1129,LEV,LEVIATÁN,0.49,0.61,127.0,143.0,2.0,5.0,8.0,10.0,7.0,10.0,78.0,75.0,85.0,102.0,13.0,26.0,1.0,1.0,1.0,1.0
459546,207021,mada,5132,NRG,NRG,1.38,1.79,322.0,377.0,13.0,11.0,11.0,5.0,3.0,5.0,67.0,89.0,230.0,258.0,31.0,37.0,5.0,2.0,2.0,2.0
459546,207021,Ethan,11225,NRG,NRG,1.37,1.31,249.0,131.0,10.0,5.0,8.0,3.0,10.0,3.0,83.0,78.0,175.0,93.0,31.0,20.0,0.0,0.0,3.0,0.0
459546,207021,s0m,4164,NRG,NRG,1.15,1.58,187.0,232.0,8.0,8.0,7.0,4.0,3.0,2.0,92.0,89.0,134.0,162.0,41.0,47.0,0.0,2.0,0.0,0.0
459546,207021,brawk,2172,NRG,NRG,1.28,1.14,201.0,259.0,9.0,8.0,7.0,6.0,6.0,1.0,67.0,78.0,136.0,176.0,16.0,10.0,0.0,2.0,1.0,0.0
459546,207021,FiNESSE,817,NRG,NRG,0.39,0.97,83.0,154.0,4.0,6.0,10.0,5.0,2.0,2.0,67.0,78.0,51.0,77.0,18.0,10.0,0.0,1.0,1.0,0.0
475897,213487,Verno,21668,MIBR,MIBR,1.37,1.42,187.0,223.0,9.0,8.0,4.0,4.0,4.0,3.0,75.0,82.0,124.0,140.0,13.0,38.0,1.0,1.0,0.0,1.0
475897,213487,cortezia,5395,MIBR,MIBR,1.26,1.22,239.0,280.0,10.0,11.0,7.0,7.0,2.0,2.0,83.0,55.0,142.0,169.0,43.0,16.0,2.0,2.0,0.0,1.0
475897,213487,aspas,8480,MIBR,MIBR,0.63,1.29,142.0,176.0,5.0,7.0,8.0,4.0,3.0,1.0,67.0,82.0,97.0,117.0,21.0,29.0,0.0,0.0,4.0,0.0
475897,213487,xenom,20240,MIBR,MIBR,0.89,0.71,185.0,139.0,8.0,5.0,7.0,5.0,1.0,3.0,67.0,82.0,108.0,90.0,38.0,25.0,1.0,1.0,2.0,0.0
475897,213487,artzin,5957,MIBR,MIBR,1.14,0.27,209.0,136.0,10.0,6.0,7.0,9.0,3.0,3.0,67.0,45.0,130.0,70.0,40.0,19.0,1.0,1.0,1.0,4.0
475897,213487,Asuna,601,100T,100 Thieves,1.37,1.2,274.0,248.0,9.0,9.0,7.0,8.0,1.0,2.0,82.0,92.0,183.0,163.0,20.0,25.0,3.0,4.0,1.0,2.0
475897,213487,Cryocells,4147,100T,100 Thieves,0.73,1.24,104.0,298.0,4.0,11.0,7.0,9.0,0.0,3.0,55.0,67.0,65.0,195.0,60.0,23.0,2.0,1.0,0.0,2.0
475897,213487,zander,8082,100T,100 Thieves,0.64,1.05,129.0,159.0,5.0,6.0,9.0,7.0,7.0,5.0,73.0,83.0,75.0,109.0,36.0,35.0,1.0,1.0,2.0,0.0
475897,213487,eeiu,796,100T,100 Thieves,1.3,0.46,239.0,75.0,9.0,2.0,7.0,9.0,3.0,5.0,91.0,42.0,152.0,42.0,36.0,29.0,0.0,1.0,0.0,0.0
475897,213487,Boostio,604,100T,100 Thieves,0.5,0.71,63.0,103.0,2.0,5.0,7.0,9.0,3.0,3.0,64.0,67.0,49.0,70.0,44.0,18.0,0.0,0.0,2.0,1.0
475897,213488,aspas,8480,MIBR,MIBR,1.78,1.8,332.0,353.0,6.0,18.0,3.0,6.0,2.0,3.0,100.0,83.0,195.0,228.0,18.0,17.0,1.0,4.0,0.0,0.0
475897,213488,Verno,21668,MIBR,MIBR,1.27,1.42,146.0,166.0,3.0,7.0,2.0,3.0,1.0,4.0,60.0,100.0,106.0,128.0,25.0,36.0,0.0,1.0,1.0,1.0
475897,213488,cortezia,5395,MIBR,MIBR,1.12,1.47,203.0,307.0,4.0,13.0,3.0,8.0,0.0,10.0,100.0,100.0,143.0,225.0,33.0,18.0,2.0,0.0,0.0,1.0
475897,213488,xenom,20240,MIBR,MIBR,1.92,0.97,341.0,216.0,7.0,10.0,3.0,8.0,3.0,5.0,100.0,83.0,258.0,127.0,40.0,19.0,0.0,2.0,0.0,0.0
475897,213488,artzin,5957,MIBR,MIBR,0.39,0.95,121.0,223.0,2.0,10.0,4.0,7.0,2.0,1.0,60.0,83.0,69.0,136.0,50.0,25.0,0.0,3.0,1.0,0.0
475897,213488,eeiu,796,100T,100 Thieves,1.6,0.82,335.0,151.0,14.0,3.0,11.0,4.0,1.0,1.0,75.0,80.0,220.0,90.0,54.0,20.0,0.0,1.0,1.0,0.0
475897,213488,Cryocells,4147,100T,100 Thieves,0.81,1.01,200.0,184.0,8.0,4.0,12.0,4.0,2.0,0.0,83.0,60.0,133.0,120.0,8.0,50.0,0.0,0.0,3.0,1.0
475897,213488,zander,8082,100T,100 Thieves,0.36,0.57,106.0,130.0,3.0,1.0,11.0,4.0,6.0,4.0,58.0,100.0,76.0,95.0,18.0,13.0,0.0,1.0,1.0,2.0
475897,213488,Boostio,604,100T,100 Thieves,0.37,0.42,105.0,168.0,4.0,3.0,12.0,5.0,1.0,0.0,42.0,60.0,66.0,103.0,33.0,30.0,1.0,0.0,1.0,0.0
475897,213488,Asuna,601,100T,100 Thieves,0.07,0.58,65.0,196.0,3.0,4.0,12.0,5.0,3.0,1.0,50.0,60.0,28.0,103.0,14.0,57.0,1.0,0.0,4.0,0.0
475898,213490,zekken,4004,SEN,Sentinels,0.68,2.33,179.0,411.0,5.0,19.0,9.0,5.0,4.0,1.0,70.0,92.0,122.0,237.0,20.0,21.0,2.0,5.0,4.0,1.0
475898,213490,johnqt,1265,SEN,Sentinels,0.98,1.21,217.0,227.0,7.0,10.0,8.0,6.0,7.0,6.0,80.0,92.0,136.0,163.0,23.0,52.0,0.0,0.0,0.0,0.0
475898,213490,Zellsis,729,SEN,Sentinels,1.42,0.85,221.0,163.0,8.0,8.0,6.0,7.0,4.0,3.0,80.0,83.0,152.0,110.0,31.0,26.0,1.0,1.0,1.0,1.0
475898,213490,N4RRATE,36245,SEN,Sentinels,0.87,1.23,199.0,284.0,6.0,12.0,7.0,8.0,3.0,5.0,80.0,83.0,141.0,191.0,17.0,26.0,0.0,2.0,1.0,0.0
475898,213490,bang,3880,SEN,Sentinels,0.92,0.94,169.0,194.0,7.0,8.0,7.0,7.0,3.0,7.0,70.0,92.0,107.0,107.0,24.0,33.0,0.0,1.0,1.0,1.0
475898,213490,mitch,612,C9,Cloud9,0.93,2.36,146.0,431.0,7.0,16.0,10.0,5.0,3.0,2.0,67.0,80.0,101.0,265.0,38.0,21.0,1.0,3.0,1.0,0.0
475898,213490,v1c,17433,C9,Cloud9,1.12,0.39,236.0,60.0,9.0,1.0,11.0,7.0,8.0,3.0,67.0,50.0,162.0,45.0,46.0,20.0,0.0,0.0,0.0,0.0
475898,213490,OXY,18796,C9,Cloud9,0.15,1.56,73.0,268.0,3.0,11.0,12.0,6.0,3.0,6.0,58.0,80.0,57.0,170.0,23.0,30.0,0.0,1.0,5.0,1.0
475898,213490,Xeppaa,7871,C9,Cloud9,0.59,0.82,139.0,184.0,5.0,6.0,12.0,7.0,2.0,3.0,42.0,80.0,115.0,128.0,29.0,39.0,0.0,1.0,1.0,0.0
475898,213490,neT,6582,C9,Cloud9,0.83,0.36,228.0,95.0,9.0,3.0,12.0,8.0,2.0,3.0,67.0,60.0,135.0,63.0,38.0,6.0,2.0,2.0,2.0,2.0
475898,213491,bang,3880,SEN,Sentinels,1.43,1.43,282.0,266.0,12.0,9.0,6.0,8.0,4.0,6.0,92.0,70.0,176.0,155.0,28.0,23.0,1.0,2.0,1.0,0.0
475898,213491,zekken,4004,SEN,Sentinels,1.17,1.07,286.0,195.0,14.0,7.0,10.0,8.0,2.0,2.0,83.0,80.0,170.0,133.0,33.0,33.0,1.0,2.0,3.0,0.0
475898,213491,johnqt,1265,SEN,Sentinels,0.62,1.37,105.0,296.0,4.0,12.0,8.0,6.0,3.0,0.0,83.0,90.0,77.0,235.0,10.0,14.0,1.0,1.0,0.0,0.0
475898,213491,Zellsis,729,SEN,Sentinels,1.04,0.83,155.0,168.0,7.0,6.0,6.0,8.0,4.0,1.0,92.0,50.0,94.0,106.0,29.0,10.0,0.0,1.0,2.0,2.0
475898,213491,N4RRATE,36245,SEN,Sentinels,0.93,0.67,202.0,98.0,9.0,2.0,9.0,8.0,5.0,11.0,75.0,70.0,115.0,67.0,35.0,25.0,2.0,0.0,1.0,1.0
475898,213491,v1c,17433,C9,Cloud9,1.51,0.7,252.0,118.0,11.0,5.0,7.0,8.0,3.0,3.0,90.0,100.0,176.0,79.0,43.0,38.0,1.0,2.0,0.0,2.0
475898,213491,Xeppaa,7871,C9,Cloud9,0.89,1.14,183.0,259.0,6.0,10.0,7.0,10.0,4.0,6.0,80.0,75.0,152.0,156.0,33.0,42.0,0.0,1.0,1.0,1.0
475898,213491,OXY,18796,C9,Cloud9,0.6,1.3,196.0,241.0,5.0,11.0,8.0,8.0,1.0,1.0,70.0,75.0,134.0,154.0,50.0,24.0,1.0,2.0,1.0,2.0
475898,213491,mitch,612,C9,Cloud9,0.46,1.01,104.0,198.0,4.0,8.0,7.0,10.0,1.0,4.0,70.0,75.0,74.0,136.0,6.0,29.0,0.0,1.0,3.0,0.0
475898,213491,neT,6582,C9,Cloud9,0.8,0.4,174.0,125.0,7.0,5.0,7.0,10.0,0.0,2.0,70.0,67.0,104.0,74.0,31.0,23.0,1.0,1.0,1.0,0.0
475899,213493,Shyy,24007,KRÜ,VISA KRÜ (KRÜ Esports),1.79,1.44,426.0,250.0,14.0,12.0,6.0,7.0,2.0,3.0,89.0,75.0,269.0,185.0,54.0,27.0,0.0,1.0,1.0,0.0
475899,213493,keznit,2462,KRÜ,VISA KRÜ (KRÜ Esports),0.53,1.58,117.0,366.0,3.0,15.0,7.0,11.0,3.0,3.0,78.0,67.0,95.0,235.0,25.0,34.0,1.0,5.0,2.0,2.0
475899,213493,adverso,3826,KRÜ,VISA KRÜ (KRÜ Esports),1.01,0.39,174.0,116.0,6.0,3.0,6.0,9.0,1.0,3.0,67.0,67.0,102.0,98.0,33.0,16.0,0.0,1.0,1.0,1.0
475899,213493,Mazino,7603,KRÜ,VISA KRÜ (KRÜ Esports),0.81,0.48,169.0,145.0,4.0,5.0,7.0,10.0,4.0,4.0,78.0,83.0,117.0,111.0,17.0,12.0,2.0,0.0,0.0,0.0
475899,213493,Melser,1311,KRÜ,VISA KRÜ (KRÜ Esports),0.35,0.75,103.0,123.0,3.0,5.0,7.0,8.0,0.0,5.0,67.0,67.0,67.0,83.0,18.0,20.0,1.0,0.0,1.0,2.0
475899,213493,aspas,8480,MIBR,MIBR,1.4,1.39,256.0,281.0,11.0,9.0,7.0,6.0,3.0,2.0,83.0,78.0,144.0,184.0,30.0,29.0,2.0,1.0,3.0,0.0
475899,213493,Verno,21668,MIBR,MIBR,1.42,1.18,267.0,201.0,12.0,6.0,7.0,5.0,3.0,3.0,75.0,78.0,155.0,136.0,30.0,17.0,1.0,2.0,0.0,1.0
475899,213493,cortezia,5395,MIBR,MIBR,1.37,1.03,261.0,218.0,11.0,7.0,8.0,6.0,7.0,4.0,75.0,67.0,168.0,130.0,63.0,50.0,2.0,1.0,3.0,1.0
475899,213493,xenom,20240,MIBR,MIBR,1.05,0.78,140.0,93.0,6.0,3.0,7.0,5.0,6.0,4.0,67.0,78.0,96.0,59.0,25.0,29.0,0.0,0.0,0.0,2.0
475899,213493,artzin,5957,MIBR,MIBR,0.41,1.04,135.0,246.0,5.0,8.0,11.0,8.0,3.0,6.0,50.0,89.0,96.0,155.0,26.0,27.0,0.0,1.0,1.0,0.0
475899,213494,adverso,3826,KRÜ,VISA KRÜ (KRÜ Esports),0.6,1.16,116.0,254.0,2.0,10.0,5.0,9.0,2.0,1.0,67.0,50.0,85.0,164.0,0.0,32.0,0.0,2.0,1.0,1.0
475899,213494,keznit,2462,KRÜ,VISA KRÜ (KRÜ Esports),0.64,0.9,124.0,148.0,3.0,5.0,4.0,8.0,0.0,3.0,50.0,67.0,72.0,99.0,33.0,10.0,2.0,1.0,2.0,0.0
475899,213494,Mazino,7603,KRÜ,VISA KRÜ (KRÜ Esports),1.26,0.56,181.0,185.0,4.0,7.0,3.0,11.0,1.0,3.0,67.0,67.0,106.0,115.0,38.0,32.0,1.0,2.0,0.0,2.0
475899,213494,Melser,1311,KRÜ,VISA KRÜ (KRÜ Esports),0.71,0.73,104.0,146.0,2.0,5.0,4.0,8.0,1.0,2.0,67.0,83.0,82.0,106.0,9.0,31.0,0.0,1.0,0.0,2.0
475899,213494,Shyy,24007,KRÜ,VISA KRÜ (KRÜ Esports),1.03,0.48,104.0,112.0,3.0,4.0,3.0,9.0,0.0,1.0,50.0,58.0,62.0,71.0,17.0,11.0,0.0,0.0,0.0,1.0
475899,213494,aspas,8480,MIBR,MIBR,1.51,0.83,302.0,174.0,13.0,4.0,7.0,3.0,1.0,1.0,75.0,67.0,186.0,112.0,27.0,30.0,2.0,0.0,1.0,1.0
475899,213494,artzin,5957,MIBR,MIBR,1.63,0.48,352.0,151.0,16.0,3.0,8.0,3.0,0.0,0.0,67.0,83.0,219.0,98.0,32.0,43.0,2.0,1.0,1.0,1.0
475899,213494,Verno,21668,MIBR,MIBR,1.19,1.24,133.0,183.0,6.0,2.0,3.0,2.0,3.0,5.0,75.0,100.0,91.0,149.0,15.0,17.0,0.0,1.0,2.0,0.0
475899,213494,cortezia,5395,MIBR,MIBR,0.82,1.54,110.0,233.0,5.0,6.0,6.0,2.0,1.0,1.0,83.0,100.0,71.0,186.0,14.0,33.0,1.0,0.0,0.0,0.0
475899,213494,xenom,20240,MIBR,MIBR,0.76,0.74,154.0,157.0,5.0,4.0,7.0,4.0,2.0,1.0,75.0,50.0,115.0,87.0,18.0,25.0,1.0,1.0,2.0,1.0
475900,213496,trent,15500,G2,G2 Esports,2.27,1.29,306.0,141.0,15.0,3.0,3.0,2.0,4.0,2.0,92.0,100.0,207.0,107.0,39.0,14.0,1.0,0.0,0.0,0.0
475900,213496,valyn,3885,G2,G2 Esports,1.55,1.37,278.0,232.0,12.0,6.0,7.0,3.0,5.0,3.0,92.0,83.0,203.0,137.0,33.0,17.0,0.0,0.0,2.0,1.0
475900,213496,leaf,7873,G2,G2 Esports,0.27,2.7,85.0,500.0,3.0,11.0,9.0,3.0,1.0,3.0,58.0,100.0,61.0,269.0,21.0,22.0,1.0,3.0,4.0,0.0
475900,213496,jawgemo,3993,G2,G2 Esports,1.03,1.12,224.0,218.0,8.0,5.0,9.0,4.0,6.0,2.0,92.0,83.0,168.0,124.0,35.0,10.0,1.0,1.0,3.0,0.0
475900,213496,JonahP,4581,G2,G2 Esports,0.96,1.22,145.0,152.0,7.0,4.0,7.0,2.0,4.0,3.0,92.0,83.0,106.0,115.0,24.0,33.0,0.0,0.0,0.0,1.0
475900,213496,zekken,4004,SEN,Sentinels,1.04,1.01,196.0,217.0,4.0,9.0,5.0,8.0,3.0,1.0,67.0,83.0,119.0,129.0,33.0,26.0,1.0,4.0,1.0,0.0
475900,213496,johnqt,1265,SEN,Sentinels,0.61,0.9,186.0,172.0,4.0,8.0,6.0,8.0,1.0,4.0,67.0,75.0,122.0,114.0,30.0,32.0,0.0,0.0,0.0,0.0
475900,213496,N4RRATE,36245,SEN,Sentinels,0.44,0.73,163.0,156.0,3.0,6.0,6.0,11.0,2.0,8.0,67.0,83.0,115.0,102.0,33.0,31.0,0.0,2.0,2.0,2.0
475900,213496,bang,3880,SEN,Sentinels,0.41,0.63,163.0,123.0,3.0,5.0,6.0,9.0,1.0,4.0,67.0,75.0,113.0,99.0,25.0,35.0,1.0,1.0,0.0,0.0
475900,213496,Zellsis,729,SEN,Sentinels,0.02,0.89,43.0,179.0,0.0,7.0,6.0,9.0,0.0,1.0,50.0,67.0,43.0,126.0,25.0,13.0,0.0,2.0,1.0,1.0
475900,213497,leaf,7873,G2,G2 Esports,0.91,1.6,246.0,330.0,10.0,14.0,11.0,7.0,0.0,2.0,58.0,92.0,156.0,222.0,24.0,33.0,1.0,2.0,0.0,0.0
475900,213497,trent,15500,G2,G2 Esports,1.62,0.69,335.0,130.0,15.0,4.0,8.0,7.0,2.0,4.0,92.0,58.0,208.0,100.0,17.0,13.0,2.0,1.0,0.0,3.0
475900,213497,valyn,3885,G2,G2 Esports,0.55,1.09,131.0,199.0,6.0,9.0,10.0,7.0,2.0,0.0,58.0,58.0,97.0,113.0,29.0,47.0,1.0,1.0,2.0,1.0
475900,213497,JonahP,4581,G2,G2 Esports,0.23,1.19,79.0,198.0,3.0,8.0,11.0,6.0,0.0,3.0,58.0,75.0,51.0,127.0,14.0,24.0,2.0,2.0,2.0,1.0
475900,213497,jawgemo,3993,G2,G2 Esports,0.5,0.75,127.0,107.0,4.0,5.0,11.0,7.0,8.0,1.0,67.0,83.0,96.0,77.0,17.0,18.0,0.0,0.0,2.0,1.0
475900,213497,Zellsis,729,SEN,Sentinels,0.93,1.81,153.0,331.0,6.0,14.0,7.0,7.0,2.0,5.0,67.0,83.0,88.0,250.0,33.0,38.0,1.0,4.0,2.0,0.0
475900,213497,bang,3880,SEN,Sentinels,1.18,1.55,250.0,326.0,9.0,13.0,8.0,8.0,5.0,3.0,67.0,83.0,153.0,207.0,33.0,31.0,4.0,0.0,2.0,1.0
475900,213497,johnqt,1265,SEN,Sentinels,0.6,1.54,138.0,283.0,5.0,11.0,10.0,6.0,2.0,5.0,58.0,83.0,101.0,221.0,13.0,29.0,0.0,1.0,0.0,1.0
475900,213497,N4RRATE,36245,SEN,Sentinels,1.12,0.64,183.0,139.0,8.0,7.0,6.0,8.0,1.0,1.0,50.0,50.0,134.0,109.0,24.0,17.0,1.0,0.0,1.0,4.0
475900,213497,zekken,4004,SEN,Sentinels,0.78,0.83,148.0,124.0,6.0,6.0,9.0,9.0,6.0,10.0,50.0,92.0,105.0,71.0,38.0,7.0,0.0,1.0,1.0,0.0
475900,213498,trent,15500,G2,G2 Esports,1.13,1.32,254.0,271.0,8.0,12.0,10.0,7.0,7.0,4.0,75.0,83.0,179.0,177.0,18.0,29.0,0.0,1.0,0.0,1.0
475900,213498,leaf,7873,G2,G2 Esports,0.57,1.66,128.0,263.0,7.0,12.0,10.0,4.0,2.0,3.0,58.0,75.0,64.0,165.0,10.0,22.0,0.0,1.0,0.0,0.0
475900,213498,valyn,3885,G2,G2 Esports,0.99,1.05,261.0,211.0,11.0,10.0,10.0,7.0,3.0,5.0,75.0,75.0,154.0,125.0,34.0,32.0,2.0,1.0,3.0,2.0
475900,213498,jawgemo,3993,G2,G2 Esports,0.28,1.66,105.0,271.0,4.0,11.0,11.0,4.0,2.0,4.0,50.0,100.0,76.0,163.0,22.0,6.0,0.0,5.0,7.0,0.0
475900,213498,JonahP,4581,G2,G2 Esports,0.74,0.98,125.0,153.0,4.0,5.0,9.0,6.0,7.0,11.0,75.0,83.0,72.0,98.0,14.0,13.0,0.0,0.0,0.0,1.0
475900,213498,bang,3880,SEN,Sentinels,1.52,1.24,256.0,180.0,12.0,9.0,8.0,5.0,2.0,5.0,67.0,83.0,151.0,112.0,39.0,39.0,0.0,1.0,1.0,1.0
475900,213498,johnqt,1265,SEN,Sentinels,0.4,1.76,116.0,249.0,4.0,11.0,11.0,5.0,3.0,9.0,58.0,92.0,73.0,167.0,31.0,22.0,0.0,1.0,0.0,0.0
475900,213498,zekken,4004,SEN,Sentinels,0.51,1.58,121.0,280.0,4.0,13.0,10.0,6.0,3.0,1.0,58.0,92.0,80.0,174.0,25.0,26.0,3.0,3.0,5.0,1.0
475900,213498,Zellsis,729,SEN,Sentinels,0.98,0.8,180.0,162.0,6.0,7.0,9.0,10.0,5.0,6.0,58.0,92.0,115.0,115.0,17.0,14.0,1.0,1.0,0.0,0.0
475900,213498,N4RRATE,36245,SEN,Sentinels,0.1,1.14,72.0,253.0,2.0,10.0,12.0,8.0,3.0,4.0,33.0,92.0,49.0,155.0,8.0,33.0,0.0,4.0,2.0,0.0
475901,213499,xenom,20240,MIBR,MIBR,1.4,0.86,200.0,199.0,7.0,9.0,4.0,11.0,0.0,0.0,75.0,50.0,136.0,119.0,67.0,50.0,2.0,1.0,0.0,2.0
475901,213499,cortezia,5395,MIBR,MIBR,0.58,1.39,79.0,267.0,2.0,11.0,5.0,8.0,4.0,0.0,63.0,50.0,64.0,181.0,29.0,60.0,0.0,0.0,1.0,2.0
475901,213499,Verno,21668,MIBR,MIBR,0.73,0.93,142.0,150.0,4.0,6.0,5.0,9.0,2.0,1.0,75.0,58.0,75.0,105.0,20.0,44.0,0.0,0.0,0.0,2.0
475901,213499,aspas,8480,MIBR,MIBR,1.13,0.31,297.0,105.0,8.0,3.0,7.0,10.0,2.0,1.0,75.0,50.0,207.0,76.0,28.0,20.0,1.0,1.0,1.0,2.0
475901,213499,artzin,5957,MIBR,MIBR,0.76,0.36,177.0,106.0,4.0,3.0,6.0,10.0,2.0,7.0,50.0,58.0,105.0,78.0,25.0,23.0,1.0,0.0,2.0,2.0
475901,213499,johnqt,1265,SEN,Sentinels,1.58,1.54,209.0,214.0,9.0,6.0,4.0,3.0,10.0,3.0,100.0,88.0,126.0,177.0,45.0,43.0,0.0,1.0,0.0,0.0
475901,213499,zekken,4004,SEN,Sentinels,1.85,1.03,430.0,222.0,19.0,6.0,7.0,6.0,1.0,2.0,75.0,63.0,244.0,157.0,30.0,17.0,6.0,1.0,1.0,2.0
475901,213499,N4RRATE,36245,SEN,Sentinels,1.03,1.18,123.0,210.0,5.0,6.0,5.0,5.0,3.0,3.0,92.0,100.0,85.0,127.0,36.0,16.0,1.0,0.0,0.0,0.0
475901,213499,bang,3880,SEN,Sentinels,0.98,0.91,227.0,145.0,11.0,5.0,8.0,5.0,2.0,2.0,58.0,63.0,133.0,91.0,36.0,50.0,2.0,1.0,0.0,1.0
475901,213499,Zellsis,729,SEN,Sentinels,0.51,0.68,98.0,133.0,4.0,4.0,8.0,6.0,4.0,1.0,42.0,88.0,67.0,71.0,20.0,28.0,1.0,1.0,1.0,1.0
475901,213500,Verno,21668,MIBR,MIBR,1.14,1.42,181.0,224.0,7.0,10.0,8.0,7.0,3.0,4.0,58.0,83.0,138.0,160.0,16.0,31.0,0.0,1.0,0.0,1.0
475901,213500,aspas,8480,MIBR,MIBR,0.64,1.66,182.0,315.0,8.0,15.0,11.0,8.0,1.0,4.0,58.0,83.0,124.0,201.0,21.0,17.0,4.0,4.0,4.0,1.0
475901,213500,xenom,20240,MIBR,MIBR,0.99,1.16,176.0,225.0,9.0,10.0,9.0,7.0,1.0,3.0,67.0,75.0,117.0,163.0,24.0,31.0,0.0,1.0,1.0,1.0
475901,213500,cortezia,5395,MIBR,MIBR,0.43,0.98,98.0,206.0,4.0,9.0,10.0,10.0,3.0,10.0,42.0,83.0,53.0,134.0,13.0,23.0,0.0,1.0,0.0,1.0
475901,213500,artzin,5957,MIBR,MIBR,0.54,0.66,148.0,101.0,6.0,3.0,12.0,7.0,5.0,7.0,67.0,75.0,84.0,77.0,12.0,18.0,2.0,0.0,1.0,1.0
475901,213500,zekken,4004,SEN,Sentinels,1.19,1.73,267.0,294.0,11.0,13.0,9.0,5.0,3.0,3.0,67.0,75.0,152.0,183.0,34.0,27.0,3.0,2.0,3.0,1.0
475901,213500,bang,3880,SEN,Sentinels,0.74,1.84,142.0,341.0,5.0,15.0,9.0,6.0,7.0,9.0,58.0,83.0,85.0,208.0,44.0,30.0,2.0,2.0,2.0,1.0
475901,213500,N4RRATE,36245,SEN,Sentinels,1.19,1.15,249.0,234.0,11.0,11.0,9.0,8.0,6.0,4.0,75.0,75.0,153.0,134.0,19.0,17.0,0.0,1.0,1.0,1.0
475901,213500,johnqt,1265,SEN,Sentinels,0.72,1.32,159.0,235.0,7.0,10.0,10.0,6.0,3.0,4.0,83.0,75.0,92.0,150.0,19.0,24.0,0.0,1.0,1.0,1.0
475901,213500,Zellsis,729,SEN,Sentinels,0.51,0.27,125.0,57.0,5.0,1.0,10.0,9.0,2.0,7.0,67.0,75.0,83.0,52.0,73.0,22.0,0.0,0.0,0.0,2.0
475902,213502,zekken,4004,SEN,Sentinels,1.5,0.85,342.0,209.0,14.0,8.0,8.0,8.0,3.0,1.0,75.0,50.0,202.0,135.0,29.0,38.0,3.0,1.0,3.0,3.0
475902,213502,bang,3880,SEN,Sentinels,1.3,0.78,258.0,161.0,11.0,5.0,8.0,7.0,5.0,2.0,83.0,50.0,152.0,89.0,31.0,27.0,1.0,0.0,0.0,2.0
475902,213502,johnqt,1265,SEN,Sentinels,1.27,0.67,193.0,154.0,8.0,5.0,7.0,8.0,10.0,3.0,75.0,60.0,120.0,92.0,23.0,29.0,0.0,0.0,0.0,1.0
475902,213502,N4RRATE,36245,SEN,Sentinels,0.68,0.81,134.0,227.0,6.0,6.0,8.0,9.0,3.0,5.0,58.0,60.0,105.0,158.0,43.0,18.0,0.0,1.0,1.0,0.0
475902,213502,Zellsis,729,SEN,Sentinels,0.59,0.8,153.0,188.0,7.0,6.0,8.0,8.0,2.0,1.0,58.0,70.0,116.0,124.0,19.0,40.0,0.0,1.0,4.0,1.0
475902,213502,trent,15500,G2,G2 Esports,1.87,1.49,269.0,240.0,11.0,10.0,4.0,7.0,4.0,3.0,90.0,75.0,176.0,166.0,36.0,25.0,2.0,2.0,0.0,1.0
475902,213502,valyn,3885,G2,G2 Esports,1.95,0.89,355.0,165.0,14.0,7.0,6.0,9.0,6.0,0.0,100.0,50.0,189.0,122.0,35.0,29.0,2.0,1.0,1.0,0.0
475902,213502,leaf,7873,G2,G2 Esports,1.11,0.82,195.0,198.0,7.0,8.0,6.0,11.0,4.0,2.0,60.0,58.0,137.0,135.0,22.0,21.0,0.0,2.0,0.0,2.0
475902,213502,JonahP,4581,G2,G2 Esports,0.68,0.9,119.0,171.0,3.0,8.0,7.0,9.0,9.0,4.0,80.0,67.0,97.0,94.0,11.0,50.0,0.0,1.0,1.0,0.0
475902,213502,jawgemo,3993,G2,G2 Esports,0.73,0.6,166.0,151.0,5.0,6.0,7.0,10.0,1.0,2.0,70.0,67.0,109.0,98.0,14.0,9.0,3.0,2.0,1.0,1.0
475902,213503,zekken,4004,SEN,Sentinels,0.77,1.41,166.0,336.0,5.0,14.0,8.0,8.0,0.0,2.0,50.0,75.0,106.0,188.0,24.0,21.0,2.0,5.0,2.0,1.0
475902,213503,N4RRATE,36245,SEN,Sentinels,0.75,1.18,128.0,214.0,5.0,10.0,8.0,6.0,3.0,5.0,80.0,83.0,67.0,134.0,8.0,33.0,0.0,1.0,0.0,0.0
475902,213503,johnqt,1265,SEN,Sentinels,0.8,1.09,136.0,191.0,6.0,8.0,6.0,5.0,0.0,3.0,60.0,75.0,79.0,114.0,31.0,17.0,0.0,1.0,0.0,0.0
475902,213503,bang,3880,SEN,Sentinels,0.66,0.86,178.0,146.0,5.0,6.0,9.0,7.0,4.0,6.0,60.0,83.0,111.0,81.0,36.0,16.0,1.0,1.0,1.0,1.0
475902,213503,Zellsis,729,SEN,Sentinels,0.6,0.92,85.0,178.0,3.0,6.0,7.0,6.0,1.0,5.0,50.0,83.0,67.0,115.0,23.0,25.0,1.0,1.0,3.0,1.0
475902,213503,valyn,3885,G2,G2 Esports,0.6,1.91,134.0,334.0,7.0,13.0,10.0,4.0,2.0,2.0,75.0,90.0,79.0,233.0,25.0,26.0,0.0,1.0,3.0,1.0
475902,213503,leaf,7873,G2,G2 Esports,1.03,1.06,191.0,247.0,8.0,8.0,8.0,7.0,2.0,5.0,58.0,80.0,120.0,183.0,11.0,13.0,1.0,1.0,3.0,1.0
475902,213503,trent,15500,G2,G2 Esports,1.02,0.89,186.0,132.0,8.0,4.0,8.0,5.0,2.0,2.0,75.0,60.0,108.0,99.0,29.0,26.0,0.0,1.0,0.0,1.0
475902,213503,jawgemo,3993,G2,G2 Esports,0.58,1.38,152.0,230.0,5.0,8.0,10.0,4.0,4.0,2.0,67.0,70.0,101.0,132.0,15.0,11.0,1.0,2.0,3.0,1.0
475902,213503,JonahP,4581,G2,G2 Esports,0.69,1.07,96.0,121.0,4.0,5.0,8.0,4.0,4.0,7.0,50.0,90.0,59.0,65.0,21.0,18.0,1.0,1.0,0.0,0.0
475902,213504,johnqt,1265,SEN,Sentinels,1.46,1.69,196.0,292.0,9.0,13.0,4.0,8.0,3.0,1.0,92.0,55.0,147.0,170.0,33.0,26.0,0.0,1.0,0.0,1.0
475902,213504,Zellsis,729,SEN,Sentinels,1.81,0.37,380.0,138.0,17.0,4.0,7.0,11.0,5.0,3.0,83.0,55.0,237.0,114.0,23.0,30.0,2.0,0.0,1.0,2.0
475902,213504,bang,3880,SEN,Sentinels,1.59,0.36,357.0,111.0,17.0,3.0,8.0,10.0,1.0,3.0,92.0,45.0,205.0,77.0,37.0,29.0,3.0,1.0,1.0,3.0
475902,213504,N4RRATE,36245,SEN,Sentinels,0.69,0.6,93.0,137.0,3.0,3.0,7.0,9.0,7.0,4.0,92.0,45.0,72.0,106.0,20.0,14.0,0.0,0.0,2.0,0.0
475902,213504,zekken,4004,SEN,Sentinels,0.46,0.65,144.0,107.0,7.0,4.0,10.0,8.0,3.0,1.0,67.0,45.0,93.0,66.0,22.0,19.0,1.0,2.0,2.0,1.0
475902,213504,trent,15500,G2,G2 Esports,1.73,0.7,244.0,157.0,11.0,6.0,3.0,11.0,2.0,3.0,82.0,67.0,181.0,114.0,41.0,26.0,3.0,2.0,0.0,2.0
475902,213504,jawgemo,3993,G2,G2 Esports,1.36,1.03,315.0,204.0,11.0,9.0,6.0,9.0,5.0,3.0,64.0,75.0,217.0,121.0,22.0,20.0,2.0,2.0,2.0,1.0
475902,213504,JonahP,4581,G2,G2 Esports,1.27,0.94,245.0,224.0,10.0,9.0,6.0,11.0,5.0,5.0,82.0,67.0,142.0,132.0,28.0,24.0,0.0,0.0,1.0,3.0
475902,213504,valyn,3885,G2,G2 Esports,1.13,0.71,168.0,160.0,8.0,6.0,5.0,11.0,0.0,2.0,73.0,58.0,139.0,107.0,27.0,21.0,1.0,0.0,1.0,0.0
475902,213504,leaf,7873,G2,G2 Esports,0.83,0.65,139.0,169.0,6.0,6.0,7.0,11.0,2.0,4.0,82.0,67.0,75.0,105.0,25.0,29.0,1.0,2.0,0.0,0.0
475902,213505,bang,3880,SEN,Sentinels,0.73,1.47,209.0,275.0,6.0,11.0,10.0,8.0,7.0,4.0,73.0,75.0,132.0,176.0,45.0,38.0,1.0,1.0,1.0,0.0
475902,213505,N4RRATE,36245,SEN,Sentinels,0.84,1.31,184.0,271.0,7.0,11.0,9.0,8.0,3.0,4.0,73.0,83.0,124.0,222.0,23.0,24.0,3.0,1.0,1.0,0.0
475902,213505,zekken,4004,SEN,Sentinels,1.13,0.83,285.0,197.0,11.0,9.0,10.0,9.0,1.0,1.0,64.0,83.0,185.0,128.0,23.0,25.0,2.0,2.0,1.0,2.0
475902,213505,Zellsis,729,SEN,Sentinels,0.6,0.95,117.0,189.0,4.0,8.0,9.0,9.0,2.0,4.0,55.0,67.0,85.0,119.0,36.0,17.0,1.0,1.0,0.0,0.0
475902,213505,johnqt,1265,SEN,Sentinels,0.67,0.71,113.0,120.0,4.0,4.0,8.0,8.0,5.0,7.0,45.0,67.0,67.0,87.0,11.0,15.0,1.0,1.0,0.0,4.0
475902,213505,trent,15500,G2,G2 Esports,0.94,2.23,193.0,349.0,9.0,14.0,9.0,4.0,5.0,7.0,83.0,91.0,140.0,254.0,26.0,20.0,0.0,1.0,0.0,0.0
475902,213505,leaf,7873,G2,G2 Esports,1.72,0.76,291.0,174.0,14.0,6.0,7.0,8.0,2.0,6.0,92.0,73.0,199.0,121.0,32.0,25.0,2.0,0.0,0.0,2.0
475902,213505,jawgemo,3993,G2,G2 Esports,1.16,0.9,233.0,207.0,10.0,8.0,8.0,9.0,2.0,3.0,67.0,91.0,147.0,147.0,20.0,30.0,2.0,2.0,5.0,4.0
475902,213505,JonahP,4581,G2,G2 Esports,0.86,1.11,172.0,197.0,6.0,6.0,9.0,6.0,7.0,11.0,92.0,73.0,99.0,115.0,12.0,13.0,1.0,0.0,1.0,1.0
475902,213505,valyn,3885,G2,G2 Esports,0.38,1.58,89.0,242.0,3.0,12.0,10.0,5.0,5.0,3.0,75.0,82.0,61.0,142.0,15.0,43.0,1.0,0.0,0.0,1.0
475903,213507,zander,8082,100T,100 Thieves,2.36,2.18,360.0,400.0,9.0,19.0,2.0,5.0,2.0,6.0,100.0,92.0,224.0,230.0,41.0,17.0,2.0,3.0,0.0,1.0
475903,213507,Cryocells,4147,100T,100 Thieves,1.39,1.48,215.0,172.0,5.0,10.0,4.0,4.0,1.0,2.0,83.0,92.0,164.0,137.0,36.0,17.0,0.0,2.0,0.0,1.0
475903,213507,Boostio,604,100T,100 Thieves,1.5,1.2,253.0,180.0,6.0,8.0,3.0,7.0,2.0,14.0,83.0,92.0,179.0,117.0,35.0,22.0,0.0,0.0,0.0,0.0
475903,213507,Asuna,601,100T,100 Thieves,0.91,1.0,184.0,277.0,5.0,10.0,4.0,11.0,2.0,9.0,67.0,83.0,98.0,176.0,23.0,30.0,2.0,3.0,1.0,1.0
475903,213507,eeiu,796,100T,100 Thieves,0.72,0.7,118.0,121.0,2.0,5.0,4.0,9.0,3.0,8.0,83.0,100.0,101.0,94.0,27.0,8.0,0.0,0.0,1.0,1.0
475903,213507,mada,5132,NRG,NRG,1.21,0.72,255.0,184.0,10.0,4.0,10.0,5.0,5.0,1.0,83.0,67.0,192.0,119.0,14.0,20.0,1.0,1.0,4.0,2.0
475903,213507,Ethan,11225,NRG,NRG,1.05,0.56,165.0,112.0,8.0,2.0,9.0,5.0,4.0,1.0,75.0,100.0,112.0,88.0,22.0,27.0,1.0,1.0,0.0,0.0
475903,213507,brawk,2172,NRG,NRG,0.61,0.95,151.0,297.0,5.0,7.0,11.0,6.0,5.0,0.0,75.0,100.0,119.0,167.0,29.0,14.0,0.0,0.0,2.0,0.0
475903,213507,FiNESSE,817,NRG,NRG,0.79,0.63,201.0,161.0,7.0,3.0,10.0,5.0,5.0,2.0,75.0,67.0,140.0,128.0,19.0,31.0,0.0,0.0,1.0,1.0
475903,213507,s0m,4164,NRG,NRG,0.69,0.03,174.0,74.0,6.0,1.0,12.0,6.0,8.0,2.0,92.0,50.0,115.0,49.0,16.0,13.0,2.0,0.0,1.0,1.0
475903,213508,zander,8082,100T,100 Thieves,0.95,2.43,154.0,397.0,9.0,17.0,9.0,4.0,0.0,6.0,83.0,92.0,90.0,268.0,36.0,28.0,1.0,1.0,0.0,0.0
475903,213508,Asuna,601,100T,100 Thieves,0.55,1.68,137.0,358.0,5.0,16.0,10.0,9.0,1.0,5.0,83.0,83.0,101.0,234.0,25.0,32.0,1.0,4.0,2.0,1.0
475903,213508,eeiu,796,100T,100 Thieves,0.76,1.35,137.0,157.0,5.0,9.0,9.0,5.0,2.0,4.0,67.0,92.0,107.0,92.0,17.0,4.0,0.0,0.0,0.0,0.0
475903,213508,Cryocells,4147,100T,100 Thieves,0.73,1.06,178.0,182.0,7.0,8.0,9.0,7.0,1.0,6.0,50.0,75.0,113.0,136.0,35.0,33.0,2.0,1.0,5.0,1.0
475903,213508,Boostio,604,100T,100 Thieves,1.05,0.2,236.0,41.0,9.0,1.0,9.0,10.0,1.0,4.0,75.0,58.0,159.0,49.0,35.0,14.0,1.0,1.0,0.0,3.0
475903,213508,s0m,4164,NRG,NRG,0.86,1.5,213.0,287.0,9.0,11.0,10.0,7.0,3.0,9.0,83.0,75.0,138.0,188.0,38.0,30.0,1.0,1.0,1.0,0.0
475903,213508,Ethan,11225,NRG,NRG,0.55,1.43,156.0,234.0,6.0,11.0,11.0,6.0,3.0,4.0,75.0,67.0,100.0,147.0,19.0,27.0,1.0,0.0,0.0,1.0
475903,213508,brawk,2172,NRG,NRG,0.91,1.07,209.0,206.0,9.0,8.0,10.0,8.0,2.0,4.0,67.0,75.0,133.0,152.0,13.0,19.0,1.0,1.0,0.0,1.0
475903,213508,mada,5132,NRG,NRG,0.46,1.33,168.0,253.0,6.0,12.0,11.0,7.0,2.0,0.0,42.0,75.0,138.0,159.0,33.0,22.0,1.0,5.0,4.0,1.0
475903,213508,FiNESSE,817,NRG,NRG,0.66,0.72,161.0,120.0,5.0,4.0,9.0,7.0,3.0,12.0,67.0,58.0,102.0,71.0,14.0,4.0,1.0,0.0,2.0,2.0
475904,213510,v1c,17433,C9,Cloud9,1.52,1.22,292.0,211.0,13.0,8.0,9.0,7.0,2.0,7.0,83.0,80.0,185.0,137.0,52.0,28.0,1.0,1.0,0.0,1.0
475904,213510,mitch,612,C9,Cloud9,0.66,1.18,163.0,159.0,6.0,4.0,10.0,5.0,4.0,9.0,67.0,70.0,109.0,107.0,24.0,19.0,1.0,1.0,1.0,1.0
475904,213510,neT,6582,C9,Cloud9,0.65,1.17,166.0,243.0,6.0,9.0,11.0,8.0,7.0,3.0,67.0,90.0,128.0,150.0,18.0,13.0,0.0,0.0,0.0,0.0
475904,213510,OXY,18796,C9,Cloud9,0.6,0.89,211.0,196.0,8.0,7.0,11.0,9.0,2.0,2.0,58.0,80.0,126.0,161.0,19.0,36.0,4.0,3.0,4.0,2.0
475904,213510,Xeppaa,7871,C9,Cloud9,0.38,0.78,97.0,142.0,3.0,6.0,10.0,7.0,3.0,2.0,67.0,50.0,70.0,88.0,13.0,5.0,0.0,0.0,1.0,1.0
475904,213510,yay,881,EG,Evil Geniuses,1.59,1.28,345.0,312.0,13.0,13.0,7.0,10.0,0.0,4.0,70.0,75.0,209.0,193.0,55.0,31.0,2.0,3.0,0.0,2.0
475904,213510,supamen,826,EG,Evil Geniuses,1.29,1.12,253.0,201.0,8.0,8.0,6.0,7.0,6.0,6.0,80.0,75.0,170.0,129.0,28.0,25.0,0.0,0.0,0.0,0.0
475904,213510,icy,8402,EG,Evil Geniuses,0.54,1.69,211.0,344.0,6.0,17.0,10.0,8.0,3.0,2.0,80.0,92.0,126.0,219.0,33.0,14.0,3.0,1.0,3.0,2.0
475904,213510,Derrek,1533,EG,Evil Geniuses,0.98,1.02,105.0,147.0,4.0,8.0,5.0,6.0,2.0,3.0,70.0,83.0,87.0,84.0,36.0,24.0,0.0,1.0,1.0,2.0
475904,213510,NaturE,4927,EG,Evil Geniuses,0.67,0.97,115.0,134.0,5.0,5.0,6.0,6.0,3.0,6.0,80.0,75.0,85.0,79.0,20.0,17.0,0.0,1.0,1.0,0.0
475904,213511,mitch,612,C9,Cloud9,1.09,1.8,206.0,299.0,10.0,15.0,9.0,7.0,4.0,7.0,50.0,79.0,134.0,200.0,23.0,21.0,1.0,0.0,2.0,2.0
475904,213511,Xeppaa,7871,C9,Cloud9,1.4,0.92,251.0,195.0,10.0,9.0,9.0,10.0,7.0,3.0,64.0,57.0,179.0,116.0,24.0,16.0,0.0,2.0,1.0,0.0
475904,213511,OXY,18796,C9,Cloud9,0.94,1.12,208.0,293.0,11.0,14.0,13.0,13.0,1.0,0.0,64.0,71.0,134.0,181.0,45.0,28.0,3.0,4.0,4.0,2.0
475904,213511,v1c,17433,C9,Cloud9,0.11,1.24,27.0,236.0,1.0,12.0,11.0,10.0,0.0,3.0,29.0,86.0,23.0,165.0,17.0,39.0,0.0,1.0,2.0,0.0
475904,213511,neT,6582,C9,Cloud9,0.62,0.17,169.0,70.0,9.0,3.0,11.0,13.0,0.0,3.0,64.0,43.0,103.0,51.0,69.0,15.0,1.0,1.0,0.0,2.0
475904,213511,yay,881,EG,Evil Geniuses,0.82,1.87,192.0,335.0,10.0,17.0,10.0,8.0,1.0,2.0,79.0,79.0,139.0,205.0,33.0,21.0,2.0,6.0,4.0,0.0
475904,213511,icy,8402,EG,Evil Geniuses,1.63,1.06,363.0,172.0,18.0,10.0,10.0,8.0,2.0,1.0,71.0,71.0,225.0,136.0,34.0,36.0,2.0,1.0,2.0,2.0
475904,213511,Derrek,1533,EG,Evil Geniuses,0.66,1.19,140.0,245.0,7.0,12.0,10.0,7.0,1.0,3.0,57.0,86.0,109.0,151.0,28.0,24.0,0.0,0.0,0.0,0.0
475904,213511,supamen,826,EG,Evil Geniuses,0.72,0.91,168.0,152.0,9.0,7.0,11.0,8.0,2.0,7.0,71.0,71.0,116.0,102.0,44.0,33.0,0.0,0.0,0.0,0.0
475904,213511,NaturE,4927,EG,Evil Geniuses,0.7,0.8,191.0,175.0,9.0,7.0,12.0,10.0,6.0,8.0,71.0,64.0,122.0,128.0,32.0,21.0,2.0,2.0,2.0,3.0
475905,213513,trent,15500,G2,G2 Esports,2.17,2.13,300.0,362.0,13.0,7.0,3.0,2.0,5.0,4.0,92.0,100.0,216.0,212.0,47.0,54.0,0.0,0.0,0.0,0.0
475905,213513,valyn,3885,G2,G2 Esports,1.48,1.42,289.0,201.0,14.0,5.0,7.0,2.0,6.0,0.0,92.0,100.0,150.0,95.0,30.0,14.0,4.0,1.0,0.0,0.0
475905,213513,JonahP,4581,G2,G2 Esports,0.91,2.13,120.0,228.0,5.0,5.0,6.0,0.0,6.0,5.0,75.0,100.0,71.0,133.0,19.0,12.0,0.0,0.0,1.0,0.0
475905,213513,jawgemo,3993,G2,G2 Esports,0.52,1.85,138.0,311.0,5.0,5.0,9.0,2.0,5.0,3.0,83.0,100.0,82.0,225.0,13.0,35.0,4.0,2.0,2.0,1.0
475905,213513,leaf,7873,G2,G2 Esports,0.75,0.93,163.0,190.0,6.0,3.0,8.0,3.0,2.0,2.0,67.0,60.0,110.0,133.0,9.0,11.0,1.0,1.0,0.0,0.0
475905,213513,eeiu,796,100T,100 Thieves,0.02,2.18,40.0,381.0,0.0,16.0,5.0,6.0,0.0,1.0,20.0,92.0,40.0,265.0,0.0,47.0,0.0,1.0,2.0,1.0
475905,213513,zander,8082,100T,100 Thieves,0.42,0.71,120.0,138.0,2.0,5.0,5.0,7.0,0.0,4.0,60.0,67.0,79.0,80.0,14.0,32.0,0.0,2.0,1.0,2.0
475905,213513,Asuna,601,100T,100 Thieves,0.42,0.55,197.0,105.0,3.0,3.0,5.0,9.0,0.0,4.0,60.0,67.0,120.0,73.0,5.0,16.0,1.0,0.0,0.0,3.0
475905,213513,Cryocells,4147,100T,100 Thieves,0.03,0.71,60.0,161.0,1.0,7.0,5.0,10.0,0.0,3.0,40.0,75.0,38.0,121.0,50.0,33.0,0.0,0.0,1.0,1.0
475905,213513,Boostio,604,100T,100 Thieves,0.74,0.06,177.0,68.0,3.0,2.0,5.0,11.0,0.0,2.0,80.0,42.0,117.0,49.0,80.0,13.0,0.0,0.0,0.0,2.0
475905,213514,jawgemo,3993,G2,G2 Esports,1.18,1.27,291.0,247.0,12.0,10.0,11.0,7.0,3.0,2.0,54.0,69.0,177.0,156.0,20.0,20.0,3.0,2.0,2.0,0.0
475905,213514,trent,15500,G2,G2 Esports,1.02,1.06,232.0,153.0,10.0,6.0,10.0,6.0,4.0,3.0,77.0,77.0,138.0,124.0,33.0,35.0,0.0,0.0,0.0,2.0
475905,213514,leaf,7873,G2,G2 Esports,0.74,1.28,189.0,275.0,8.0,13.0,10.0,9.0,4.0,4.0,54.0,69.0,143.0,158.0,24.0,14.0,1.0,4.0,5.0,0.0
475905,213514,JonahP,4581,G2,G2 Esports,1.08,0.6,175.0,161.0,8.0,8.0,8.0,11.0,4.0,3.0,69.0,62.0,112.0,111.0,16.0,27.0,0.0,2.0,0.0,2.0
475905,213514,valyn,3885,G2,G2 Esports,0.68,0.53,129.0,138.0,7.0,5.0,10.0,10.0,2.0,6.0,77.0,54.0,86.0,89.0,13.0,23.0,0.0,1.0,2.0,0.0
475905,213514,zander,8082,100T,100 Thieves,1.46,1.06,210.0,212.0,10.0,8.0,7.0,8.0,6.0,4.0,85.0,85.0,122.0,142.0,23.0,42.0,1.0,0.0,0.0,2.0
475905,213514,Cryocells,4147,100T,100 Thieves,1.13,1.36,178.0,289.0,9.0,14.0,8.0,9.0,4.0,4.0,69.0,69.0,130.0,183.0,18.0,17.0,0.0,2.0,1.0,0.0
475905,213514,Boostio,604,100T,100 Thieves,0.86,1.35,170.0,209.0,7.0,9.0,10.0,7.0,5.0,3.0,77.0,85.0,121.0,142.0,19.0,48.0,0.0,3.0,1.0,0.0
475905,213514,eeiu,796,100T,100 Thieves,1.09,0.71,161.0,170.0,8.0,7.0,6.0,11.0,1.0,5.0,69.0,69.0,122.0,106.0,37.0,22.0,1.0,0.0,0.0,1.0
475905,213514,Asuna,601,100T,100 Thieves,0.74,0.9,213.0,215.0,9.0,11.0,11.0,10.0,4.0,0.0,54.0,62.0,128.0,148.0,11.0,38.0,2.0,4.0,7.0,1.0
475905,213515,leaf,7873,G2,G2 Esports,1.79,1.01,335.0,246.0,18.0,11.0,9.0,12.0,6.0,8.0,87.0,73.0,219.0,164.0,26.0,17.0,6.0,4.0,1.0,3.0
475905,213515,trent,15500,G2,G2 Esports,1.1,1.47,215.0,229.0,10.0,15.0,10.0,9.0,3.0,4.0,87.0,67.0,143.0,155.0,26.0,31.0,2.0,0.0,0.0,0.0
475905,213515,valyn,3885,G2,G2 Esports,0.63,1.52,101.0,308.0,7.0,17.0,9.0,11.0,4.0,6.0,80.0,80.0,55.0,191.0,14.0,26.0,1.0,1.0,2.0,0.0
475905,213515,jawgemo,3993,G2,G2 Esports,1.19,0.77,280.0,152.0,15.0,7.0,11.0,11.0,7.0,5.0,80.0,67.0,170.0,98.0,25.0,22.0,1.0,3.0,1.0,3.0
475905,213515,JonahP,4581,G2,G2 Esports,1.11,0.7,184.0,126.0,10.0,5.0,9.0,11.0,10.0,8.0,80.0,80.0,122.0,88.0,16.0,26.0,0.0,1.0,1.0,0.0
475905,213515,Cryocells,4147,100T,100 Thieves,1.39,1.07,274.0,234.0,17.0,13.0,12.0,12.0,2.0,2.0,67.0,67.0,172.0,147.0,26.0,23.0,2.0,1.0,2.0,3.0
475905,213515,zander,8082,100T,100 Thieves,1.2,0.8,222.0,193.0,13.0,10.0,10.0,12.0,5.0,6.0,67.0,80.0,162.0,125.0,20.0,13.0,0.0,0.0,1.0,1.0
475905,213515,eeiu,796,100T,100 Thieves,0.78,0.88,143.0,151.0,7.0,8.0,10.0,11.0,8.0,5.0,73.0,60.0,100.0,108.0,50.0,60.0,1.0,0.0,1.0,2.0
475905,213515,Asuna,601,100T,100 Thieves,0.81,0.72,200.0,194.0,8.0,10.0,12.0,13.0,9.0,2.0,87.0,60.0,138.0,126.0,24.0,22.0,2.0,3.0,1.0,2.0
475905,213515,Boostio,604,100T,100 Thieves,0.73,0.53,178.0,140.0,9.0,7.0,11.0,12.0,1.0,1.0,60.0,47.0,121.0,95.0,38.0,47.0,1.0,1.0,4.0,2.0
475906,213516,keznit,2462,KRÜ,VISA KRÜ (KRÜ Esports),0.9,1.56,187.0,340.0,9.0,16.0,9.0,10.0,4.0,1.0,69.0,77.0,141.0,200.0,18.0,24.0,1.0,4.0,4.0,2.0
475906,213516,Shyy,24007,KRÜ,VISA KRÜ (KRÜ Esports),1.29,1.08,268.0,214.0,12.0,10.0,10.0,9.0,6.0,3.0,85.0,92.0,169.0,135.0,21.0,22.0,3.0,0.0,0.0,0.0
475906,213516,Melser,1311,KRÜ,VISA KRÜ (KRÜ Esports),1.06,0.99,177.0,168.0,9.0,8.0,9.0,8.0,5.0,6.0,85.0,92.0,104.0,109.0,17.0,19.0,0.0,0.0,0.0,2.0
475906,213516,Mazino,7603,KRÜ,VISA KRÜ (KRÜ Esports),1.05,0.6,178.0,143.0,8.0,6.0,9.0,11.0,8.0,9.0,69.0,92.0,99.0,107.0,26.0,31.0,2.0,0.0,1.0,2.0
475906,213516,adverso,3826,KRÜ,VISA KRÜ (KRÜ Esports),1.14,0.35,216.0,126.0,10.0,4.0,8.0,12.0,1.0,5.0,85.0,77.0,133.0,94.0,29.0,7.0,1.0,1.0,1.0,2.0
475906,213516,icy,8402,EG,Evil Geniuses,1.38,1.36,292.0,244.0,14.0,9.0,9.0,7.0,1.0,4.0,69.0,54.0,189.0,187.0,37.0,20.0,4.0,3.0,1.0,3.0
475906,213516,Derrek,1533,EG,Evil Geniuses,1.47,1.09,220.0,222.0,10.0,11.0,6.0,9.0,9.0,2.0,92.0,69.0,164.0,157.0,32.0,48.0,0.0,0.0,0.0,0.0
475906,213516,NaturE,4927,EG,Evil Geniuses,1.09,0.99,199.0,240.0,10.0,10.0,10.0,11.0,5.0,7.0,92.0,85.0,111.0,145.0,30.0,29.0,2.0,0.0,0.0,0.0
475906,213516,yay,881,EG,Evil Geniuses,1.11,0.78,244.0,172.0,11.0,8.0,11.0,10.0,3.0,2.0,85.0,69.0,150.0,121.0,35.0,35.0,2.0,2.0,3.0,3.0
475906,213516,supamen,826,EG,Evil Geniuses,0.52,0.58,125.0,153.0,5.0,7.0,9.0,11.0,1.0,2.0,62.0,46.0,98.0,118.0,36.0,32.0,0.0,1.0,1.0,1.0
475906,213517,Mazino,7603,KRÜ,VISA KRÜ (KRÜ Esports),1.61,0.81,302.0,225.0,14.0,9.0,6.0,12.0,5.0,1.0,83.0,75.0,191.0,147.0,32.0,24.0,1.0,1.0,3.0,3.0
475906,213517,Shyy,24007,KRÜ,VISA KRÜ (KRÜ Esports),1.21,1.16,241.0,191.0,12.0,10.0,7.0,8.0,3.0,0.0,83.0,75.0,151.0,138.0,13.0,30.0,3.0,0.0,1.0,0.0
475906,213517,keznit,2462,KRÜ,VISA KRÜ (KRÜ Esports),1.28,0.99,241.0,192.0,10.0,7.0,7.0,10.0,4.0,4.0,92.0,50.0,154.0,129.0,22.0,7.0,2.0,2.0,0.0,2.0
475906,213517,adverso,3826,KRÜ,VISA KRÜ (KRÜ Esports),1.39,0.6,209.0,157.0,10.0,5.0,4.0,11.0,3.0,6.0,75.0,67.0,141.0,114.0,19.0,54.0,1.0,0.0,0.0,2.0
475906,213517,Melser,1311,KRÜ,VISA KRÜ (KRÜ Esports),0.64,0.82,129.0,178.0,5.0,8.0,9.0,11.0,7.0,3.0,92.0,92.0,105.0,134.0,16.0,37.0,0.0,1.0,1.0,1.0
475906,213517,yay,881,EG,Evil Geniuses,1.5,1.01,331.0,185.0,15.0,7.0,8.0,9.0,1.0,3.0,83.0,58.0,190.0,125.0,14.0,33.0,6.0,3.0,2.0,3.0
475906,213517,icy,8402,EG,Evil Geniuses,1.01,0.92,246.0,240.0,11.0,10.0,9.0,11.0,2.0,1.0,67.0,67.0,170.0,159.0,24.0,38.0,1.0,2.0,1.0,0.0
475906,213517,NaturE,4927,EG,Evil Geniuses,1.2,0.53,239.0,103.0,11.0,5.0,8.0,10.0,9.0,1.0,83.0,50.0,138.0,81.0,16.0,27.0,1.0,0.0,1.0,1.0
475906,213517,supamen,826,EG,Evil Geniuses,0.92,0.77,207.0,135.0,9.0,5.0,7.0,10.0,1.0,4.0,92.0,67.0,136.0,89.0,43.0,50.0,0.0,0.0,0.0,1.0
475906,213517,Derrek,1533,EG,Evil Geniuses,0.93,0.72,142.0,172.0,6.0,6.0,7.0,11.0,4.0,2.0,92.0,50.0,114.0,127.0,46.0,54.0,0.0,0.0,0.0,2.0
475907,213519,JonahP,4581,G2,G2 Esports,0.55,2.01,129.0,358.0,3.0,16.0,10.0,7.0,7.0,10.0,70.0,92.0,96.0,197.0,13.0,13.0,0.0,2.0,1.0,1.0
475907,213519,jawgemo,3993,G2,G2 Esports,1.28,1.07,362.0,246.0,12.0,10.0,9.0,8.0,0.0,2.0,80.0,75.0,222.0,144.0,34.0,24.0,1.0,4.0,0.0,2.0
475907,213519,valyn,3885,G2,G2 Esports,0.38,1.22,159.0,178.0,4.0,8.0,9.0,7.0,2.0,8.0,40.0,83.0,111.0,125.0,16.0,8.0,0.0,1.0,1.0,1.0
475907,213519,trent,15500,G2,G2 Esports,1.1,0.57,226.0,167.0,9.0,7.0,9.0,10.0,2.0,3.0,70.0,67.0,119.0,106.0,41.0,30.0,3.0,1.0,0.0,0.0
475907,213519,leaf,7873,G2,G2 Esports,0.05,1.1,75.0,203.0,2.0,8.0,9.0,8.0,3.0,6.0,30.0,75.0,44.0,149.0,9.0,22.0,0.0,0.0,4.0,0.0
475907,213519,supamen,826,EG,Evil Geniuses,1.07,1.48,251.0,238.0,10.0,9.0,10.0,5.0,2.0,5.0,58.0,80.0,168.0,157.0,36.0,60.0,1.0,1.0,1.0,2.0
475907,213519,yay,881,EG,Evil Geniuses,0.95,1.51,258.0,373.0,11.0,14.0,11.0,9.0,3.0,3.0,58.0,90.0,161.0,267.0,50.0,53.0,0.0,1.0,2.0,1.0
475907,213519,NaturE,4927,EG,Evil Geniuses,0.46,1.78,121.0,266.0,4.0,10.0,10.0,4.0,4.0,2.0,58.0,90.0,88.0,178.0,14.0,31.0,0.0,0.0,0.0,0.0
475907,213519,Derrek,1533,EG,Evil Geniuses,1.18,0.86,195.0,140.0,9.0,5.0,8.0,6.0,0.0,5.0,75.0,70.0,135.0,82.0,29.0,20.0,1.0,1.0,0.0,0.0
475907,213519,icy,8402,EG,Evil Geniuses,0.5,1.16,160.0,233.0,6.0,8.0,11.0,6.0,3.0,2.0,50.0,70.0,105.0,126.0,19.0,27.0,2.0,3.0,5.0,1.0
475907,213520,leaf,7873,G2,G2 Esports,1.88,1.64,405.0,360.0,18.0,10.0,7.0,5.0,5.0,1.0,100.0,75.0,211.0,205.0,20.0,18.0,3.0,2.0,1.0,2.0
475907,213520,trent,15500,G2,G2 Esports,1.31,1.44,184.0,274.0,8.0,8.0,5.0,5.0,5.0,1.0,92.0,88.0,147.0,199.0,19.0,56.0,0.0,1.0,0.0,0.0
475907,213520,jawgemo,3993,G2,G2 Esports,1.24,0.77,298.0,177.0,13.0,5.0,9.0,6.0,1.0,0.0,75.0,88.0,181.0,107.0,24.0,20.0,2.0,2.0,3.0,0.0
475907,213520,JonahP,4581,G2,G2 Esports,1.22,0.61,216.0,136.0,9.0,4.0,6.0,6.0,5.0,3.0,83.0,63.0,151.0,62.0,21.0,15.0,0.0,0.0,1.0,1.0
475907,213520,valyn,3885,G2,G2 Esports,0.47,1.15,77.0,183.0,2.0,6.0,8.0,4.0,10.0,2.0,67.0,88.0,38.0,129.0,0.0,31.0,1.0,0.0,1.0,0.0
475907,213520,icy,8402,EG,Evil Geniuses,0.95,1.62,252.0,336.0,7.0,13.0,8.0,9.0,0.0,1.0,63.0,83.0,158.0,210.0,29.0,18.0,0.0,3.0,1.0,1.0
475907,213520,Derrek,1533,EG,Evil Geniuses,1.49,0.49,270.0,127.0,8.0,5.0,5.0,10.0,0.0,3.0,75.0,67.0,177.0,89.0,43.0,28.0,1.0,1.0,0.0,1.0
475907,213520,yay,881,EG,Evil Geniuses,1.05,0.75,249.0,164.0,7.0,8.0,6.0,11.0,2.0,4.0,63.0,67.0,141.0,109.0,55.0,26.0,1.0,1.0,0.0,2.0
475907,213520,supamen,826,EG,Evil Geniuses,0.41,0.69,135.0,140.0,3.0,5.0,7.0,10.0,2.0,3.0,50.0,67.0,92.0,80.0,71.0,19.0,1.0,1.0,3.0,1.0
475907,213520,NaturE,4927,EG,Evil Geniuses,0.04,0.54,33.0,105.0,1.0,4.0,7.0,10.0,0.0,7.0,63.0,75.0,25.0,64.0,17.0,29.0,0.0,0.0,1.0,1.0
475907,213521,leaf,7873,G2,G2 Esports,1.43,1.33,249.0,248.0,10.0,11.0,5.0,7.0,6.0,1.0,75.0,92.0,171.0,154.0,31.0,18.0,1.0,1.0,2.0,1.0
475907,213521,trent,15500,G2,G2 Esports,1.23,1.45,188.0,279.0,10.0,13.0,6.0,8.0,2.0,3.0,83.0,75.0,129.0,179.0,23.0,26.0,1.0,1.0,1.0,3.0
475907,213521,valyn,3885,G2,G2 Esports,1.15,1.08,210.0,214.0,11.0,9.0,8.0,9.0,4.0,2.0,75.0,75.0,109.0,161.0,25.0,29.0,0.0,0.0,0.0,0.0
475907,213521,JonahP,4581,G2,G2 Esports,1.55,0.48,229.0,120.0,9.0,4.0,5.0,11.0,9.0,6.0,100.0,50.0,148.0,79.0,14.0,21.0,0.0,0.0,0.0,3.0
475907,213521,jawgemo,3993,G2,G2 Esports,0.95,0.28,280.0,122.0,11.0,4.0,11.0,11.0,4.0,3.0,83.0,67.0,164.0,85.0,13.0,24.0,6.0,1.0,1.0,2.0
475907,213521,supamen,826,EG,Evil Geniuses,1.31,1.28,143.0,286.0,8.0,11.0,5.0,10.0,5.0,3.0,67.0,67.0,93.0,171.0,50.0,52.0,0.0,2.0,0.0,0.0
475907,213521,yay,881,EG,Evil Geniuses,0.87,1.03,244.0,202.0,9.0,9.0,10.0,9.0,4.0,0.0,67.0,42.0,166.0,120.0,29.0,31.0,5.0,1.0,1.0,2.0
475907,213521,NaturE,4927,EG,Evil Geniuses,1.05,0.61,203.0,128.0,9.0,4.0,8.0,9.0,2.0,5.0,75.0,67.0,119.0,90.0,24.0,14.0,1.0,0.0,1.0,2.0
475907,213521,Derrek,1533,EG,Evil Geniuses,1.01,0.64,189.0,182.0,8.0,6.0,8.0,11.0,1.0,6.0,58.0,58.0,133.0,126.0,16.0,48.0,0.0,0.0,0.0,1.0
475907,213521,icy,8402,EG,Evil Geniuses,1.09,0.23,265.0,133.0,12.0,5.0,10.0,12.0,2.0,2.0,75.0,50.0,169.0,111.0,32.0,19.0,3.0,1.0,1.0,3.0
475908,213522,xenom,20240,MIBR,MIBR,1.24,1.51,226.0,264.0,9.0,11.0,5.0,7.0,2.0,7.0,100.0,58.0,171.0,170.0,30.0,38.0,0.0,1.0,0.0,1.0
475908,213522,artzin,5957,MIBR,MIBR,1.09,1.41,239.0,272.0,9.0,11.0,7.0,7.0,4.0,8.0,82.0,58.0,159.0,181.0,38.0,31.0,2.0,0.0,0.0,3.0
475908,213522,aspas,8480,MIBR,MIBR,1.08,0.95,232.0,122.0,9.0,5.0,7.0,6.0,2.0,1.0,73.0,83.0,144.0,61.0,73.0,18.0,3.0,1.0,2.0,0.0
475908,213522,Verno,21668,MIBR,MIBR,1.16,0.76,206.0,124.0,9.0,5.0,6.0,7.0,1.0,2.0,73.0,58.0,151.0,97.0,25.0,25.0,0.0,0.0,1.0,0.0
475908,213522,cortezia,5395,MIBR,MIBR,0.84,0.41,199.0,109.0,9.0,5.0,8.0,10.0,2.0,1.0,91.0,50.0,122.0,77.0,18.0,38.0,1.0,3.0,2.0,3.0
475908,213522,leaf,7873,G2,G2 Esports,1.37,0.83,271.0,189.0,12.0,6.0,8.0,10.0,2.0,3.0,75.0,73.0,155.0,164.0,24.0,19.0,4.0,1.0,0.0,0.0
475908,213522,valyn,3885,G2,G2 Esports,1.1,1.08,216.0,219.0,9.0,9.0,7.0,9.0,7.0,0.0,75.0,55.0,129.0,160.0,50.0,45.0,1.0,2.0,1.0,2.0
475908,213522,jawgemo,3993,G2,G2 Esports,1.1,0.99,215.0,150.0,9.0,7.0,8.0,8.0,1.0,1.0,75.0,64.0,157.0,121.0,36.0,31.0,1.0,1.0,3.0,1.0
475908,213522,trent,15500,G2,G2 Esports,0.72,1.16,102.0,215.0,3.0,7.0,7.0,7.0,5.0,7.0,75.0,73.0,78.0,157.0,19.0,21.0,0.0,0.0,1.0,2.0
475908,213522,JonahP,4581,G2,G2 Esports,0.71,0.64,100.0,149.0,4.0,4.0,7.0,11.0,1.0,6.0,75.0,64.0,68.0,97.0,12.0,9.0,1.0,1.0,0.0,1.0
475908,213523,aspas,8480,MIBR,MIBR,1.36,1.45,298.0,313.0,15.0,15.0,11.0,9.0,2.0,3.0,79.0,71.0,181.0,192.0,32.0,18.0,5.0,5.0,2.0,3.0
475908,213523,Verno,21668,MIBR,MIBR,0.68,1.41,144.0,250.0,7.0,12.0,12.0,6.0,3.0,3.0,79.0,93.0,107.0,171.0,33.0,21.0,0.0,1.0,0.0,0.0
475908,213523,artzin,5957,MIBR,MIBR,1.32,0.59,267.0,134.0,11.0,6.0,10.0,13.0,7.0,9.0,79.0,79.0,189.0,80.0,18.0,44.0,0.0,1.0,1.0,0.0
475908,213523,xenom,20240,MIBR,MIBR,0.4,1.31,102.0,327.0,5.0,16.0,11.0,9.0,1.0,1.0,43.0,79.0,62.0,219.0,14.0,57.0,1.0,1.0,2.0,1.0
475908,213523,cortezia,5395,MIBR,MIBR,0.68,0.65,152.0,119.0,8.0,7.0,12.0,10.0,2.0,3.0,64.0,79.0,102.0,66.0,44.0,38.0,3.0,1.0,0.0,1.0
475908,213523,trent,15500,G2,G2 Esports,1.62,1.71,319.0,285.0,14.0,14.0,10.0,7.0,6.0,6.0,86.0,93.0,220.0,172.0,27.0,27.0,1.0,1.0,0.0,1.0
475908,213523,leaf,7873,G2,G2 Esports,0.48,1.62,115.0,362.0,5.0,19.0,13.0,10.0,4.0,3.0,64.0,93.0,81.0,217.0,41.0,28.0,0.0,3.0,4.0,1.0
475908,213523,jawgemo,3993,G2,G2 Esports,0.61,1.22,166.0,235.0,8.0,13.0,11.0,8.0,3.0,3.0,71.0,71.0,108.0,144.0,28.0,24.0,3.0,1.0,4.0,1.0
475908,213523,valyn,3885,G2,G2 Esports,0.81,0.78,194.0,160.0,8.0,8.0,11.0,10.0,1.0,5.0,79.0,64.0,130.0,120.0,15.0,35.0,1.0,0.0,1.0,5.0
475908,213523,JonahP,4581,G2,G2 Esports,1.17,0.29,235.0,83.0,12.0,2.0,11.0,11.0,8.0,6.0,71.0,57.0,147.0,67.0,23.0,6.0,0.0,0.0,0.0,1.0
475908,213524,aspas,8480,MIBR,MIBR,1.35,1.55,277.0,261.0,12.0,9.0,10.0,5.0,1.0,3.0,50.0,73.0,155.0,164.0,34.0,24.0,4.0,2.0,5.0,1.0
475908,213524,Verno,21668,MIBR,MIBR,1.34,0.83,232.0,159.0,10.0,6.0,7.0,8.0,2.0,1.0,67.0,64.0,141.0,116.0,8.0,19.0,0.0,1.0,0.0,1.0
475908,213524,cortezia,5395,MIBR,MIBR,0.68,0.73,178.0,183.0,8.0,6.0,10.0,9.0,2.0,3.0,75.0,64.0,112.0,130.0,26.0,38.0,0.0,1.0,2.0,1.0
475908,213524,artzin,5957,MIBR,MIBR,0.72,0.48,139.0,145.0,5.0,5.0,9.0,10.0,6.0,3.0,75.0,36.0,100.0,109.0,33.0,36.0,0.0,0.0,0.0,2.0
475908,213524,xenom,20240,MIBR,MIBR,0.52,0.1,98.0,43.0,5.0,1.0,9.0,7.0,1.0,2.0,50.0,55.0,70.0,31.0,25.0,25.0,0.0,0.0,1.0,2.0
475908,213524,trent,15500,G2,G2 Esports,1.4,1.2,199.0,253.0,8.0,10.0,4.0,7.0,4.0,6.0,91.0,92.0,141.0,178.0,21.0,26.0,2.0,0.0,0.0,1.0
475908,213524,leaf,7873,G2,G2 Esports,1.44,0.99,287.0,208.0,11.0,9.0,6.0,9.0,2.0,3.0,91.0,67.0,201.0,144.0,37.0,24.0,0.0,2.0,0.0,1.0
475908,213524,valyn,3885,G2,G2 Esports,1.1,0.99,157.0,239.0,7.0,11.0,5.0,9.0,3.0,2.0,73.0,75.0,100.0,147.0,29.0,32.0,0.0,1.0,2.0,2.0
475908,213524,jawgemo,3993,G2,G2 Esports,1.13,0.94,248.0,193.0,9.0,8.0,7.0,8.0,2.0,4.0,82.0,75.0,153.0,131.0,27.0,25.0,4.0,2.0,2.0,0.0
475908,213524,JonahP,4581,G2,G2 Esports,0.87,1.07,110.0,197.0,4.0,7.0,5.0,7.0,6.0,9.0,91.0,75.0,64.0,101.0,20.0,14.0,1.0,3.0,0.0,0.0
475908,215607,Verno,21668,MIBR,MIBR,0.76,1.62,164.0,364.0,6.0,15.0,8.0,7.0,1.0,5.0,67.0,67.0,105.0,235.0,28.0,38.0,0.0,1.0,0.0,1.0
475908,215607,xenom,20240,MIBR,MIBR,1.18,1.08,266.0,163.0,8.0,8.0,8.0,7.0,3.0,5.0,78.0,58.0,179.0,110.0,40.0,40.0,0.0,0.0,1.0,2.0
475908,215607,aspas,8480,MIBR,MIBR,0.46,1.18,144.0,205.0,4.0,9.0,9.0,7.0,2.0,1.0,56.0,67.0,106.0,125.0,20.0,38.0,1.0,2.0,2.0,2.0
475908,215607,cortezia,5395,MIBR,MIBR,0.35,0.81,126.0,228.0,4.0,10.0,9.0,9.0,1.0,3.0,44.0,75.0,99.0,142.0,17.0,33.0,1.0,1.0,1.0,1.0
475908,215607,artzin,5957,MIBR,MIBR,0.58,0.3,161.0,87.0,4.0,2.0,8.0,10.0,2.0,8.0,33.0,75.0,113.0,56.0,24.0,5.0,0.0,0.0,3.0,2.0
475908,215607,valyn,3885,G2,G2 Esports,1.62,1.6,282.0,316.0,13.0,11.0,8.0,6.0,5.0,5.0,92.0,89.0,169.0,190.0,20.0,29.0,0.0,1.0,1.0,0.0
475908,215607,leaf,7873,G2,G2 Esports,1.57,1.44,350.0,335.0,14.0,11.0,8.0,6.0,4.0,5.0,83.0,100.0,218.0,191.0,33.0,16.0,3.0,1.0,0.0,2.0
475908,215607,JonahP,4581,G2,G2 Esports,0.55,1.64,82.0,270.0,3.0,8.0,9.0,4.0,9.0,10.0,67.0,100.0,43.0,180.0,33.0,14.0,2.0,1.0,0.0,0.0
475908,215607,trent,15500,G2,G2 Esports,0.36,1.64,74.0,211.0,2.0,8.0,8.0,4.0,4.0,4.0,50.0,89.0,53.0,153.0,33.0,20.0,1.0,2.0,2.0,0.0
475908,215607,jawgemo,3993,G2,G2 Esports,0.57,0.65,170.0,129.0,8.0,4.0,11.0,6.0,2.0,1.0,67.0,78.0,84.0,66.0,16.0,33.0,2.0,2.0,1.0,0.0
