match_id,game_id,player,player_id,tag,team,rating_atk,rating_def,acs_atk,acs_def,k_atk,k_def,d_atk,d_def,a_atk,a_def,kast_atk,kast_def,adr_atk,adr_def,hs_atk,hs_def,fk_atk,fk_def,fd_atk,fd_def
459826,207147,Sayf,312,VIT,Team Vitality,1.6,1.21,281.0,261.0,14.0,7.0,6.0,7.0,1.0,3.0,100.0,60.0,191.0,173.0,26.0,26.0,1.0,1.0,0.0,0.0
459826,207147,CyvOph,13258,VIT,Team Vitality,1.17,1.48,182.0,278.0,8.0,10.0,6.0,6.0,7.0,4.0,83.0,70.0,125.0,153.0,53.0,47.0,0.0,1.0,2.0,2.0
459826,207147,Less,8447,VIT,Team Vitality,0.94,0.76,201.0,125.0,9.0,4.0,7.0,7.0,3.0,2.0,83.0,50.0,125.0,102.0,29.0,38.0,1.0,0.0,0.0,1.0
459826,207147,Kicks,11134,VIT,Team Vitality,0.91,0.74,177.0,123.0,7.0,4.0,6.0,8.0,3.0,4.0,58.0,80.0,108.0,88.0,24.0,11.0,0.0,0.0,0.0,1.0
459826,207147,Derke,5022,VIT,Team Vitality,1.0,0.45,197.0,118.0,8.0,4.0,8.0,10.0,2.0,2.0,67.0,50.0,154.0,95.0,42.0,29.0,5.0,2.0,3.0,2.0
459826,207147,westside,34684,GX,GIANTX,1.77,1.28,316.0,234.0,13.0,10.0,5.0,9.0,0.0,3.0,80.0,75.0,180.0,142.0,58.0,47.0,2.0,0.0,0.0,2.0
459826,207147,Cloud,4181,GX,GIANTX,1.07,1.44,162.0,260.0,7.0,10.0,5.0,8.0,2.0,3.0,70.0,83.0,128.0,190.0,29.0,30.0,0.0,2.0,1.0,1.0
459826,207147,runneR,21610,GX,GIANTX,1.24,1.09,224.0,199.0,8.0,8.0,5.0,9.0,5.0,4.0,90.0,67.0,151.0,124.0,26.0,27.0,1.0,0.0,0.0,0.0
459826,207147,purp0,1885,GX,GIANTX,0.72,0.43,181.0,122.0,6.0,4.0,7.0,10.0,2.0,2.0,60.0,58.0,119.0,90.0,18.0,22.0,2.0,2.0,3.0,4.0
459826,207147,tomaszy,19691,GX,GIANTX,0.74,0.25,157.0,45.0,4.0,1.0,7.0,10.0,8.0,6.0,90.0,50.0,93.0,20.0,33.0,18.0,1.0,1.0,0.0,0.0
459826,207148,CyvOph,13258,VIT,Team Vitality,1.92,1.88,406.0,298.0,19.0,4.0,6.0,2.0,4.0,3.0,92.0,100.0,252.0,191.0,35.0,38.0,2.0,0.0,0.0,0.0
459826,207148,Derke,5022,VIT,Team Vitality,1.72,0.3,355.0,113.0,15.0,1.0,6.0,3.0,5.0,1.0,100.0,33.0,199.0,85.0,29.0,20.0,6.0,0.0,0.0,0.0
459826,207148,Less,8447,VIT,Team Vitality,1.01,2.73,171.0,463.0,9.0,5.0,5.0,1.0,3.0,0.0,83.0,100.0,94.0,298.0,22.0,63.0,2.0,1.0,0.0,0.0
459826,207148,Kicks,11134,VIT,Team Vitality,1.04,2.15,146.0,250.0,7.0,3.0,6.0,0.0,4.0,2.0,92.0,100.0,94.0,127.0,22.0,20.0,1.0,1.0,0.0,0.0
459826,207148,Sayf,312,VIT,Team Vitality,0.96,0.77,95.0,181.0,4.0,2.0,4.0,2.0,5.0,0.0,100.0,100.0,71.0,146.0,24.0,33.0,0.0,1.0,1.0,0.0
459826,207148,purp0,1885,GX,GIANTX,0.34,1.12,148.0,246.0,2.0,9.0,3.0,10.0,0.0,1.0,67.0,50.0,68.0,167.0,0.0,23.0,0.0,1.0,1.0,1.0
459826,207148,westside,34684,GX,GIANTX,0.74,0.76,242.0,137.0,2.0,5.0,3.0,10.0,1.0,1.0,67.0,50.0,160.0,86.0,33.0,33.0,0.0,0.0,2.0,0.0
459826,207148,Cloud,4181,GX,GIANTX,0.82,0.56,297.0,110.0,3.0,4.0,3.0,11.0,1.0,2.0,67.0,33.0,181.0,77.0,20.0,16.0,0.0,0.0,0.0,2.0
459826,207148,runneR,21610,GX,GIANTX,0.31,0.48,94.0,154.0,1.0,5.0,3.0,12.0,1.0,5.0,67.0,58.0,41.0,121.0,33.0,27.0,0.0,0.0,0.0,5.0
459826,207148,tomaszy,19691,GX,GIANTX,0.05,0.38,44.0,105.0,0.0,4.0,3.0,11.0,1.0,2.0,67.0,58.0,44.0,77.0,25.0,29.0,0.0,0.0,0.0,3.0
459827,207150,LewN,20144,BBL,BBL Esports,0.98,0.86,259.0,217.0,10.0,3.0,10.0,4.0,2.0,0.0,75.0,50.0,188.0,135.0,25.0,50.0,5.0,2.0,2.0,0.0
459827,207150,Jamppi,9780,BBL,BBL Esports,0.93,0.16,187.0,97.0,8.0,1.0,9.0,4.0,3.0,1.0,67.0,50.0,124.0,60.0,29.0,17.0,0.0,0.0,0.0,0.0
459827,207150,MAGNUM,2173,BBL,BBL Esports,0.64,0.41,99.0,125.0,6.0,1.0,9.0,4.0,2.0,2.0,50.0,75.0,44.0,104.0,56.0,33.0,1.0,0.0,0.0,1.0
459827,207150,sociablEE,5568,BBL,BBL Esports,0.41,0.52,103.0,196.0,3.0,2.0,10.0,4.0,2.0,1.0,58.0,50.0,73.0,161.0,14.0,57.0,0.0,0.0,1.0,0.0
459827,207150,PROFEK,5554,BBL,BBL Esports,0.12,0.02,101.0,39.0,3.0,0.0,12.0,4.0,2.0,1.0,42.0,25.0,75.0,39.0,5.0,0.0,1.0,0.0,2.0,1.0
459827,207150,Elite,16459,KC,Karmine Corp,2.98,2.03,417.0,286.0,7.0,13.0,0.0,2.0,1.0,1.0,100.0,92.0,284.0,175.0,33.0,40.0,0.0,0.0,0.0,0.0
459827,207150,Avez,5654,KC,Karmine Corp,2.49,1.27,336.0,296.0,6.0,11.0,0.0,9.0,2.0,4.0,100.0,67.0,209.0,205.0,50.0,21.0,0.0,0.0,0.0,0.0
459827,207150,marteen,10307,KC,Karmine Corp,0.83,1.63,204.0,263.0,3.0,12.0,3.0,5.0,1.0,3.0,75.0,75.0,116.0,171.0,11.0,35.0,0.0,4.0,2.0,2.0
459827,207150,SUYGETSU,2858,KC,Karmine Corp,1.57,1.09,225.0,126.0,3.0,6.0,1.0,4.0,1.0,2.0,100.0,75.0,141.0,102.0,38.0,31.0,1.0,1.0,0.0,3.0
459827,207150,saadhak,727,KC,Karmine Corp,0.28,0.76,69.0,194.0,1.0,8.0,3.0,10.0,0.0,2.0,50.0,75.0,55.0,125.0,20.0,33.0,1.0,0.0,0.0,2.0
459827,207151,LewN,20144,BBL,BBL Esports,0.68,1.73,166.0,317.0,7.0,13.0,9.0,6.0,1.0,3.0,58.0,92.0,114.0,199.0,16.0,56.0,1.0,4.0,5.0,0.0
459827,207151,MAGNUM,2173,BBL,BBL Esports,1.24,1.03,269.0,143.0,12.0,6.0,9.0,7.0,1.0,6.0,67.0,75.0,163.0,104.0,23.0,35.0,1.0,1.0,1.0,2.0
459827,207151,Jamppi,9780,BBL,BBL Esports,0.92,1.3,157.0,273.0,5.0,12.0,8.0,7.0,3.0,1.0,58.0,67.0,126.0,182.0,32.0,36.0,1.0,2.0,2.0,2.0
459827,207151,PROFEK,5554,BBL,BBL Esports,0.62,1.51,92.0,271.0,3.0,12.0,8.0,7.0,5.0,3.0,58.0,100.0,73.0,206.0,27.0,21.0,0.0,0.0,0.0,0.0
459827,207151,sociablEE,5568,BBL,BBL Esports,1.18,0.53,238.0,91.0,12.0,4.0,9.0,7.0,0.0,2.0,75.0,75.0,139.0,60.0,50.0,10.0,1.0,1.0,0.0,0.0
459827,207151,marteen,10307,KC,Karmine Corp,0.62,1.47,147.0,245.0,6.0,10.0,10.0,6.0,0.0,3.0,50.0,75.0,97.0,172.0,26.0,32.0,3.0,2.0,2.0,1.0
459827,207151,SUYGETSU,2858,KC,Karmine Corp,0.73,1.31,131.0,290.0,7.0,12.0,9.0,9.0,2.0,3.0,67.0,83.0,101.0,187.0,58.0,50.0,0.0,2.0,1.0,0.0
459827,207151,Elite,16459,KC,Karmine Corp,1.17,0.87,172.0,196.0,7.0,9.0,8.0,9.0,5.0,1.0,75.0,50.0,111.0,122.0,27.0,30.0,1.0,2.0,1.0,0.0
459827,207151,saadhak,727,KC,Karmine Corp,0.9,0.72,220.0,195.0,8.0,8.0,10.0,10.0,6.0,3.0,75.0,67.0,153.0,129.0,41.0,18.0,0.0,2.0,1.0,1.0
459827,207151,Avez,5654,KC,Karmine Corp,0.57,0.79,153.0,69.0,6.0,4.0,10.0,5.0,4.0,2.0,67.0,58.0,96.0,55.0,58.0,25.0,0.0,0.0,3.0,2.0
459827,207152,sociablEE,5568,BBL,BBL Esports,1.35,1.65,205.0,293.0,8.0,13.0,5.0,7.0,0.0,3.0,78.0,83.0,138.0,205.0,38.0,26.0,1.0,2.0,0.0,1.0
459827,207152,PROFEK,5554,BBL,BBL Esports,1.53,1.01,300.0,207.0,10.0,9.0,6.0,9.0,10.0,6.0,89.0,75.0,159.0,119.0,38.0,17.0,0.0,1.0,0.0,2.0
459827,207152,MAGNUM,2173,BBL,BBL Esports,1.39,0.96,219.0,186.0,8.0,7.0,4.0,7.0,1.0,1.0,89.0,67.0,145.0,133.0,26.0,13.0,0.0,0.0,0.0,1.0
459827,207152,LewN,20144,BBL,BBL Esports,0.78,0.95,174.0,285.0,5.0,12.0,6.0,10.0,2.0,3.0,67.0,75.0,103.0,167.0,18.0,16.0,3.0,4.0,5.0,0.0
459827,207152,Jamppi,9780,BBL,BBL Esports,0.67,0.96,131.0,165.0,4.0,9.0,6.0,8.0,1.0,0.0,78.0,67.0,88.0,97.0,13.0,32.0,0.0,1.0,0.0,0.0
459827,207152,SUYGETSU,2858,KC,Karmine Corp,1.26,0.9,300.0,165.0,13.0,5.0,10.0,6.0,2.0,3.0,83.0,67.0,209.0,102.0,59.0,36.0,1.0,0.0,1.0,1.0
459827,207152,marteen,10307,KC,Karmine Corp,1.15,0.97,225.0,241.0,10.0,8.0,10.0,7.0,2.0,0.0,67.0,44.0,170.0,145.0,38.0,15.0,1.0,1.0,0.0,1.0
459827,207152,Avez,5654,KC,Karmine Corp,0.97,1.09,184.0,185.0,8.0,6.0,9.0,6.0,3.0,1.0,75.0,67.0,124.0,117.0,21.0,25.0,0.0,1.0,1.0,1.0
459827,207152,saadhak,727,KC,Karmine Corp,0.44,0.79,120.0,190.0,5.0,6.0,10.0,8.0,3.0,3.0,67.0,67.0,86.0,114.0,43.0,22.0,1.0,2.0,5.0,0.0
459827,207152,Elite,16459,KC,Karmine Corp,0.54,0.08,142.0,77.0,5.0,2.0,11.0,8.0,3.0,2.0,50.0,78.0,86.0,52.0,45.0,10.0,1.0,1.0,1.0,1.0
459828,207153,MiniBoo,18350,TH,Team Heretics,1.08,0.65,244.0,201.0,10.0,4.0,8.0,6.0,1.0,0.0,58.0,67.0,143.0,136.0,30.0,30.0,3.0,2.0,4.0,1.0
459828,207153,Boo,1144,TH,Team Heretics,1.11,0.42,198.0,50.0,8.0,1.0,8.0,5.0,6.0,5.0,75.0,67.0,132.0,27.0,39.0,100.0,0.0,0.0,0.0,1.0
459828,207153,RieNs,10971,TH,Team Heretics,0.81,0.92,221.0,257.0,9.0,5.0,10.0,6.0,3.0,5.0,92.0,100.0,143.0,169.0,53.0,42.0,0.0,0.0,1.0,0.0
459828,207153,benjyfishy,29873,TH,Team Heretics,0.65,0.68,175.0,183.0,8.0,4.0,11.0,6.0,1.0,2.0,75.0,67.0,107.0,107.0,28.0,57.0,0.0,1.0,0.0,0.0
459828,207153,Wo0t,21328,TH,Team Heretics,0.51,0.62,133.0,140.0,5.0,3.0,10.0,6.0,4.0,3.0,50.0,83.0,82.0,108.0,27.0,30.0,1.0,0.0,3.0,1.0
459828,207153,AvovA,1507,APK,Apeks,2.59,1.66,322.0,253.0,8.0,11.0,1.0,5.0,8.0,8.0,100.0,92.0,190.0,155.0,19.0,43.0,0.0,2.0,0.0,0.0
459828,207153,MOLSI,1281,APK,Apeks,2.16,0.66,380.0,143.0,9.0,6.0,3.0,10.0,2.0,5.0,83.0,83.0,206.0,98.0,22.0,27.0,1.0,0.0,1.0,1.0
459828,207153,Governor,3980,APK,Apeks,0.78,1.24,166.0,252.0,4.0,10.0,4.0,8.0,1.0,4.0,83.0,58.0,120.0,162.0,44.0,29.0,1.0,3.0,1.0,2.0
459828,207153,florescent,17976,APK,Apeks,0.81,1.0,178.0,259.0,4.0,11.0,4.0,9.0,0.0,3.0,50.0,92.0,131.0,158.0,50.0,18.0,0.0,2.0,0.0,0.0
459828,207153,batujnax,18615,APK,Apeks,0.77,0.88,201.0,193.0,4.0,9.0,5.0,8.0,3.0,2.0,83.0,75.0,124.0,134.0,31.0,33.0,1.0,1.0,1.0,1.0
459828,207154,MiniBoo,18350,TH,Team Heretics,1.0,1.74,263.0,285.0,9.0,14.0,8.0,7.0,1.0,3.0,89.0,67.0,151.0,182.0,30.0,26.0,3.0,0.0,2.0,1.0
459828,207154,Wo0t,21328,TH,Team Heretics,1.51,1.15,251.0,224.0,9.0,9.0,4.0,9.0,2.0,3.0,67.0,75.0,171.0,157.0,33.0,29.0,0.0,3.0,1.0,1.0
459828,207154,RieNs,10971,TH,Team Heretics,2.25,0.53,366.0,118.0,12.0,5.0,3.0,9.0,2.0,1.0,89.0,67.0,250.0,78.0,62.0,50.0,1.0,1.0,0.0,1.0
459828,207154,benjyfishy,29873,TH,Team Heretics,0.78,1.15,169.0,225.0,6.0,10.0,7.0,6.0,4.0,2.0,78.0,67.0,126.0,156.0,38.0,21.0,1.0,1.0,1.0,1.0
459828,207154,Boo,1144,TH,Team Heretics,0.9,0.77,93.0,199.0,3.0,8.0,3.0,10.0,4.0,2.0,89.0,75.0,48.0,115.0,11.0,47.0,0.0,2.0,0.0,1.0
459828,207154,AvovA,1507,APK,Apeks,1.67,0.39,302.0,145.0,12.0,4.0,7.0,9.0,7.0,2.0,92.0,67.0,204.0,94.0,33.0,38.0,0.0,1.0,0.0,0.0
459828,207154,MOLSI,1281,APK,Apeks,1.11,0.72,236.0,150.0,9.0,4.0,10.0,7.0,9.0,5.0,92.0,56.0,162.0,94.0,29.0,20.0,0.0,0.0,0.0,2.0
459828,207154,batujnax,18615,APK,Apeks,0.87,0.67,200.0,208.0,9.0,4.0,9.0,8.0,0.0,4.0,42.0,67.0,101.0,161.0,18.0,13.0,1.0,1.0,4.0,1.0
459828,207154,florescent,17976,APK,Apeks,0.44,1.14,184.0,272.0,7.0,9.0,11.0,8.0,0.0,0.0,42.0,67.0,125.0,158.0,44.0,42.0,3.0,2.0,3.0,0.0
459828,207154,Governor,3980,APK,Apeks,0.39,0.53,104.0,108.0,4.0,4.0,9.0,7.0,2.0,0.0,42.0,44.0,69.0,74.0,20.0,11.0,1.0,0.0,0.0,2.0
459828,207155,MiniBoo,18350,TH,Team Heretics,0.94,2.07,230.0,422.0,9.0,11.0,8.0,4.0,1.0,2.0,58.0,86.0,145.0,249.0,29.0,32.0,4.0,2.0,2.0,1.0
459828,207155,Wo0t,21328,TH,Team Heretics,1.41,1.07,241.0,189.0,12.0,5.0,6.0,4.0,2.0,3.0,75.0,100.0,141.0,120.0,27.0,18.0,0.0,1.0,0.0,0.0
459828,207155,Boo,1144,TH,Team Heretics,1.1,1.58,167.0,238.0,8.0,5.0,6.0,3.0,4.0,5.0,75.0,100.0,107.0,158.0,21.0,19.0,1.0,0.0,0.0,0.0
459828,207155,RieNs,10971,TH,Team Heretics,1.14,1.38,167.0,256.0,7.0,6.0,6.0,4.0,2.0,1.0,67.0,100.0,120.0,172.0,18.0,35.0,2.0,2.0,2.0,0.0
459828,207155,benjyfishy,29873,TH,Team Heretics,1.04,1.5,211.0,171.0,8.0,7.0,9.0,2.0,6.0,1.0,75.0,86.0,166.0,139.0,36.0,27.0,0.0,0.0,1.0,1.0
459828,207155,MOLSI,1281,APK,Apeks,0.93,1.02,154.0,190.0,4.0,8.0,6.0,9.0,0.0,7.0,43.0,58.0,91.0,100.0,64.0,42.0,1.0,0.0,0.0,0.0
459828,207155,AvovA,1507,APK,Apeks,0.46,0.99,138.0,169.0,3.0,6.0,7.0,8.0,1.0,3.0,43.0,58.0,97.0,108.0,33.0,46.0,0.0,2.0,0.0,0.0
459828,207155,batujnax,18615,APK,Apeks,0.31,1.02,134.0,214.0,4.0,9.0,7.0,8.0,1.0,1.0,57.0,67.0,81.0,142.0,17.0,30.0,0.0,0.0,1.0,1.0
459828,207155,Governor,3980,APK,Apeks,0.32,0.58,164.0,109.0,4.0,5.0,7.0,9.0,1.0,2.0,57.0,58.0,109.0,75.0,45.0,45.0,1.0,1.0,1.0,3.0
459828,207155,florescent,17976,APK,Apeks,0.18,0.6,118.0,182.0,2.0,7.0,7.0,10.0,1.0,2.0,43.0,50.0,74.0,134.0,43.0,23.0,0.0,2.0,3.0,3.0
459829,207156,xeus,12793,FUT,FUT Esports,1.82,2.69,340.0,415.0,15.0,9.0,6.0,1.0,4.0,2.0,83.0,100.0,228.0,260.0,54.0,33.0,3.0,0.0,1.0,0.0
459829,207156,MrFaliN,8044,FUT,FUT Esports,1.29,2.25,253.0,386.0,11.0,7.0,7.0,2.0,4.0,3.0,92.0,100.0,151.0,203.0,21.0,44.0,3.0,4.0,0.0,0.0
459829,207156,AtaKaptan,6510,FUT,FUT Esports,1.19,1.19,196.0,125.0,8.0,2.0,6.0,2.0,8.0,7.0,83.0,100.0,104.0,86.0,44.0,10.0,1.0,0.0,0.0,0.0
459829,207156,yetujey,8369,FUT,FUT Esports,1.02,1.37,199.0,227.0,9.0,4.0,8.0,2.0,3.0,3.0,92.0,100.0,118.0,148.0,53.0,25.0,2.0,0.0,1.0,0.0
459829,207156,qRaxs,1139,FUT,FUT Esports,0.13,0.57,68.0,129.0,1.0,3.0,10.0,4.0,6.0,0.0,83.0,100.0,48.0,101.0,11.0,67.0,0.0,1.0,1.0,0.0
459829,207156,Filu,4544,MKOI,Movistar KOI (KOI),0.04,1.36,46.0,236.0,1.0,11.0,5.0,8.0,1.0,1.0,40.0,58.0,40.0,129.0,50.0,43.0,0.0,2.0,3.0,1.0
459829,207156,flyuh,3685,MKOI,Movistar KOI (KOI),0.75,0.82,202.0,223.0,3.0,7.0,5.0,10.0,1.0,6.0,80.0,75.0,170.0,153.0,17.0,23.0,0.0,0.0,0.0,2.0
459829,207156,soulcas,101,MKOI,Movistar KOI (KOI),0.22,1.0,70.0,168.0,1.0,7.0,5.0,7.0,2.0,1.0,60.0,83.0,53.0,105.0,50.0,40.0,0.0,0.0,0.0,0.0
459829,207156,grubinho,5550,MKOI,Movistar KOI (KOI),0.04,0.87,61.0,159.0,1.0,8.0,5.0,9.0,1.0,3.0,40.0,75.0,37.0,85.0,67.0,35.0,0.0,1.0,2.0,3.0
459829,207156,sheydos,1428,MKOI,Movistar KOI (KOI),1.26,0.32,310.0,94.0,5.0,4.0,5.0,10.0,1.0,0.0,80.0,50.0,208.0,69.0,14.0,44.0,0.0,0.0,0.0,3.0
459829,207157,xeus,12793,FUT,FUT Esports,0.89,2.02,221.0,455.0,11.0,22.0,11.0,7.0,1.0,2.0,62.0,85.0,132.0,265.0,50.0,37.0,3.0,7.0,5.0,2.0
459829,207157,MrFaliN,8044,FUT,FUT Esports,1.05,1.78,202.0,260.0,8.0,13.0,10.0,4.0,9.0,9.0,69.0,100.0,131.0,138.0,27.0,27.0,1.0,1.0,0.0,0.0
459829,207157,yetujey,8369,FUT,FUT Esports,1.27,1.32,241.0,209.0,12.0,10.0,10.0,3.0,3.0,3.0,62.0,85.0,147.0,136.0,19.0,12.0,1.0,1.0,0.0,0.0
459829,207157,AtaKaptan,6510,FUT,FUT Esports,0.67,1.18,145.0,174.0,6.0,8.0,11.0,6.0,6.0,12.0,69.0,92.0,94.0,118.0,9.0,24.0,0.0,1.0,1.0,0.0
459829,207157,qRaxs,1139,FUT,FUT Esports,0.16,1.21,90.0,178.0,4.0,8.0,13.0,4.0,3.0,7.0,62.0,100.0,61.0,116.0,14.0,19.0,0.0,1.0,2.0,0.0
459829,207157,sheydos,1428,MKOI,Movistar KOI (KOI),1.01,1.3,235.0,208.0,10.0,11.0,12.0,7.0,0.0,2.0,38.0,85.0,155.0,139.0,27.0,20.0,1.0,1.0,1.0,0.0
459829,207157,Filu,4544,MKOI,Movistar KOI (KOI),0.18,1.77,49.0,328.0,2.0,16.0,12.0,7.0,1.0,6.0,23.0,85.0,35.0,181.0,9.0,24.0,0.0,3.0,4.0,1.0
459829,207157,grubinho,5550,MKOI,Movistar KOI (KOI),0.41,1.33,80.0,274.0,3.0,12.0,11.0,10.0,2.0,6.0,15.0,85.0,61.0,176.0,63.0,39.0,0.0,3.0,4.0,2.0
459829,207157,soulcas,101,MKOI,Movistar KOI (KOI),0.47,0.93,122.0,172.0,3.0,7.0,13.0,8.0,5.0,5.0,46.0,77.0,93.0,128.0,20.0,32.0,0.0,0.0,0.0,0.0
459829,207157,flyuh,3685,MKOI,Movistar KOI (KOI),0.37,0.69,123.0,187.0,6.0,9.0,13.0,9.0,0.0,1.0,46.0,77.0,86.0,121.0,31.0,29.0,1.0,1.0,2.0,2.0
459830,207159,crashies,4,FNC,FNATIC,1.75,2.42,233.0,426.0,10.0,10.0,3.0,2.0,8.0,3.0,83.0,100.0,159.0,312.0,42.0,42.0,0.0,2.0,0.0,0.0
459830,207159,Chronicle,458,FNC,FNATIC,0.87,2.36,149.0,307.0,8.0,8.0,8.0,0.0,1.0,2.0,58.0,100.0,93.0,188.0,29.0,14.0,2.0,1.0,1.0,0.0
459830,207159,kaajak,9554,FNC,FNATIC,1.11,1.17,222.0,225.0,10.0,5.0,7.0,4.0,3.0,1.0,92.0,83.0,150.0,135.0,31.0,11.0,0.0,0.0,1.0,0.0
459830,207159,Boaster,438,FNC,FNATIC,1.27,0.72,212.0,123.0,9.0,3.0,6.0,3.0,3.0,1.0,67.0,50.0,114.0,110.0,47.0,67.0,2.0,0.0,1.0,2.0
459830,207159,Alfajer,9810,FNC,FNATIC,0.95,0.4,222.0,104.0,10.0,2.0,8.0,4.0,4.0,0.0,67.0,83.0,127.0,71.0,20.0,17.0,3.0,0.0,2.0,1.0
459830,207159,koalanoob,3722,NAVI,Natus Vincere,1.23,1.23,307.0,271.0,5.0,11.0,6.0,10.0,2.0,0.0,67.0,75.0,199.0,175.0,13.0,22.0,3.0,4.0,1.0,2.0
459830,207159,Shao,384,NAVI,Natus Vincere,1.49,0.87,299.0,154.0,6.0,6.0,5.0,9.0,2.0,6.0,83.0,50.0,216.0,111.0,33.0,50.0,0.0,0.0,0.0,0.0
459830,207159,Ruxic,18677,NAVI,Natus Vincere,0.14,0.89,75.0,164.0,1.0,6.0,6.0,9.0,2.0,6.0,33.0,67.0,52.0,101.0,22.0,38.0,0.0,1.0,0.0,1.0
459830,207159,hiro,29867,NAVI,Natus Vincere,0.03,0.55,52.0,125.0,1.0,5.0,6.0,10.0,0.0,1.0,17.0,50.0,41.0,86.0,50.0,18.0,0.0,0.0,1.0,2.0
459830,207159,ANGE1,109,NAVI,Natus Vincere,0.03,0.46,17.0,97.0,0.0,4.0,5.0,9.0,1.0,2.0,50.0,67.0,13.0,74.0,0.0,21.0,0.0,0.0,1.0,2.0
459830,207160,crashies,4,FNC,FNATIC,1.63,1.22,374.0,225.0,16.0,10.0,9.0,8.0,0.0,3.0,83.0,92.0,245.0,145.0,37.0,36.0,1.0,1.0,1.0,0.0
459830,207160,Boaster,438,FNC,FNATIC,0.73,1.27,125.0,177.0,5.0,6.0,8.0,5.0,4.0,5.0,50.0,75.0,76.0,117.0,31.0,28.0,1.0,2.0,1.0,0.0
459830,207160,Chronicle,458,FNC,FNATIC,1.0,0.9,194.0,151.0,7.0,6.0,8.0,8.0,5.0,6.0,67.0,67.0,130.0,100.0,25.0,25.0,1.0,1.0,2.0,0.0
459830,207160,Alfajer,9810,FNC,FNATIC,0.64,1.07,152.0,188.0,6.0,8.0,10.0,5.0,1.0,4.0,50.0,75.0,127.0,122.0,37.0,19.0,1.0,1.0,1.0,0.0
459830,207160,kaajak,9554,FNC,FNATIC,0.03,1.24,51.0,237.0,2.0,11.0,11.0,8.0,1.0,3.0,33.0,58.0,35.0,157.0,10.0,20.0,1.0,4.0,2.0,3.0
459830,207160,koalanoob,3722,NAVI,Natus Vincere,0.97,1.68,171.0,352.0,8.0,14.0,7.0,7.0,1.0,1.0,83.0,75.0,90.0,203.0,24.0,9.0,1.0,5.0,2.0,0.0
459830,207160,Shao,384,NAVI,Natus Vincere,1.02,1.39,153.0,236.0,6.0,10.0,7.0,5.0,3.0,7.0,75.0,92.0,115.0,145.0,67.0,48.0,0.0,0.0,0.0,1.0
459830,207160,hiro,29867,NAVI,Natus Vincere,1.08,0.75,219.0,163.0,10.0,7.0,8.0,8.0,0.0,1.0,67.0,75.0,150.0,103.0,30.0,35.0,1.0,0.0,2.0,3.0
459830,207160,Ruxic,18677,NAVI,Natus Vincere,0.48,1.19,91.0,226.0,2.0,10.0,9.0,6.0,10.0,3.0,67.0,83.0,66.0,150.0,13.0,21.0,1.0,1.0,3.0,1.0
459830,207160,ANGE1,109,NAVI,Natus Vincere,0.72,0.6,177.0,130.0,8.0,5.0,10.0,10.0,3.0,5.0,50.0,83.0,108.0,102.0,57.0,33.0,0.0,1.0,2.0,0.0
459831,207162,keiko,11494,TL,Team Liquid,1.53,1.37,335.0,305.0,8.0,13.0,5.0,7.0,3.0,1.0,71.0,83.0,203.0,198.0,29.0,28.0,2.0,4.0,0.0,0.0
459831,207162,nAts,457,TL,Team Liquid,1.58,1.17,265.0,198.0,7.0,9.0,3.0,7.0,3.0,2.0,86.0,67.0,153.0,123.0,26.0,16.0,0.0,2.0,0.0,2.0
459831,207162,paTiTek,309,TL,Team Liquid,1.61,1.05,279.0,177.0,7.0,7.0,3.0,7.0,2.0,2.0,71.0,67.0,176.0,125.0,33.0,13.0,2.0,2.0,1.0,0.0
459831,207162,kamo,14681,TL,Team Liquid,0.67,1.18,110.0,205.0,3.0,9.0,3.0,8.0,0.0,2.0,86.0,75.0,65.0,159.0,29.0,23.0,1.0,1.0,1.0,0.0
459831,207162,Serial,18162,TL,Team Liquid,1.01,0.8,138.0,117.0,4.0,4.0,3.0,7.0,3.0,5.0,71.0,83.0,111.0,97.0,50.0,29.0,0.0,1.0,0.0,0.0
459831,207162,Minny,23169,M8,Gentle Mates,1.62,1.37,280.0,167.0,12.0,4.0,7.0,4.0,1.0,1.0,58.0,71.0,166.0,108.0,57.0,25.0,1.0,0.0,1.0,0.0
459831,207162,Kada,20871,M8,Gentle Mates,0.86,0.9,116.0,225.0,5.0,5.0,7.0,6.0,6.0,2.0,83.0,86.0,64.0,132.0,38.0,21.0,0.0,1.0,0.0,0.0
459831,207162,Zyppan,11,M8,Gentle Mates,0.74,0.58,221.0,162.0,8.0,4.0,10.0,6.0,4.0,0.0,75.0,57.0,154.0,103.0,35.0,20.0,1.0,0.0,0.0,2.0
459831,207162,kamyk,1475,M8,Gentle Mates,0.82,0.31,134.0,115.0,7.0,2.0,8.0,7.0,3.0,2.0,75.0,57.0,86.0,78.0,21.0,7.0,0.0,1.0,3.0,1.0
459831,207162,Click,7866,M8,Gentle Mates,0.32,0.25,106.0,94.0,4.0,2.0,10.0,6.0,1.0,0.0,50.0,43.0,74.0,63.0,27.0,9.0,0.0,0.0,6.0,2.0
459831,207163,keiko,11494,TL,Team Liquid,1.66,1.02,270.0,252.0,13.0,12.0,7.0,11.0,5.0,6.0,77.0,85.0,149.0,159.0,45.0,50.0,0.0,1.0,2.0,0.0
459831,207163,paTiTek,309,TL,Team Liquid,0.94,1.16,192.0,199.0,8.0,10.0,10.0,8.0,3.0,5.0,62.0,69.0,125.0,138.0,45.0,45.0,1.0,1.0,1.0,0.0
459831,207163,kamo,14681,TL,Team Liquid,0.71,1.27,153.0,235.0,7.0,11.0,9.0,8.0,2.0,2.0,69.0,69.0,102.0,145.0,62.0,25.0,1.0,2.0,2.0,2.0
459831,207163,nAts,457,TL,Team Liquid,0.97,0.88,197.0,201.0,9.0,9.0,8.0,11.0,1.0,2.0,62.0,62.0,131.0,134.0,38.0,23.0,2.0,3.0,2.0,2.0
459831,207163,Serial,18162,TL,Team Liquid,0.44,0.66,88.0,148.0,4.0,6.0,10.0,10.0,2.0,3.0,46.0,77.0,69.0,97.0,18.0,33.0,1.0,1.0,1.0,1.0
459831,207163,Minny,23169,M8,Gentle Mates,1.38,1.71,200.0,327.0,10.0,15.0,7.0,7.0,3.0,2.0,77.0,85.0,161.0,210.0,35.0,42.0,0.0,4.0,1.0,1.0
459831,207163,kamyk,1475,M8,Gentle Mates,1.23,1.09,272.0,241.0,13.0,10.0,11.0,9.0,5.0,7.0,85.0,69.0,174.0,147.0,31.0,52.0,0.0,0.0,1.0,0.0
459831,207163,Zyppan,11,M8,Gentle Mates,1.31,0.93,206.0,172.0,10.0,8.0,7.0,8.0,3.0,2.0,85.0,54.0,139.0,112.0,44.0,35.0,1.0,1.0,2.0,0.0
459831,207163,Kada,20871,M8,Gentle Mates,0.75,1.03,152.0,183.0,7.0,8.0,11.0,7.0,11.0,5.0,85.0,85.0,86.0,131.0,33.0,33.0,0.0,2.0,0.0,1.0
459831,207163,Click,7866,M8,Gentle Mates,0.51,0.19,183.0,55.0,8.0,3.0,12.0,10.0,2.0,1.0,54.0,46.0,127.0,32.0,39.0,20.0,4.0,1.0,4.0,3.0
459831,207164,Serial,18162,TL,Team Liquid,1.19,0.84,213.0,196.0,5.0,8.0,5.0,11.0,1.0,2.0,71.0,50.0,179.0,145.0,26.0,27.0,0.0,1.0,0.0,3.0
459831,207164,nAts,457,TL,Team Liquid,0.43,1.21,76.0,222.0,2.0,10.0,5.0,9.0,1.0,1.0,57.0,67.0,77.0,157.0,33.0,29.0,0.0,1.0,2.0,1.0
459831,207164,keiko,11494,TL,Team Liquid,0.94,0.78,168.0,206.0,4.0,7.0,5.0,12.0,0.0,4.0,43.0,58.0,123.0,147.0,36.0,35.0,0.0,1.0,0.0,3.0
459831,207164,kamo,14681,TL,Team Liquid,0.44,1.02,111.0,204.0,2.0,9.0,6.0,9.0,1.0,3.0,43.0,67.0,70.0,118.0,20.0,13.0,2.0,0.0,2.0,0.0
459831,207164,paTiTek,309,TL,Team Liquid,0.3,0.57,86.0,169.0,2.0,5.0,6.0,11.0,1.0,3.0,71.0,67.0,46.0,114.0,20.0,22.0,1.0,2.0,0.0,0.0
459831,207164,Zyppan,11,M8,Gentle Mates,1.72,0.85,354.0,111.0,16.0,2.0,7.0,3.0,5.0,1.0,92.0,100.0,248.0,78.0,30.0,10.0,3.0,1.0,0.0,1.0
459831,207164,Minny,23169,M8,Gentle Mates,1.01,1.61,154.0,310.0,7.0,8.0,6.0,4.0,0.0,1.0,75.0,71.0,106.0,212.0,24.0,38.0,1.0,1.0,0.0,0.0
459831,207164,kamyk,1475,M8,Gentle Mates,0.86,1.82,199.0,297.0,8.0,8.0,9.0,2.0,7.0,3.0,75.0,86.0,120.0,185.0,12.0,29.0,1.0,0.0,2.0,1.0
459831,207164,Kada,20871,M8,Gentle Mates,1.38,0.85,255.0,71.0,11.0,2.0,6.0,3.0,6.0,5.0,92.0,57.0,159.0,65.0,13.0,40.0,2.0,0.0,1.0,0.0
459831,207164,Click,7866,M8,Gentle Mates,0.59,1.55,206.0,271.0,10.0,7.0,11.0,3.0,1.0,2.0,75.0,71.0,113.0,157.0,40.0,54.0,0.0,2.0,2.0,1.0
459832,207165,paTiTek,309,TL,Team Liquid,1.29,1.79,243.0,348.0,7.0,16.0,5.0,6.0,1.0,5.0,50.0,92.0,148.0,226.0,58.0,21.0,1.0,1.0,0.0,0.0
459832,207165,nAts,457,TL,Team Liquid,1.7,0.97,343.0,235.0,10.0,10.0,5.0,8.0,1.0,4.0,88.0,75.0,217.0,145.0,53.0,16.0,1.0,2.0,0.0,0.0
459832,207165,Serial,18162,TL,Team Liquid,0.84,1.48,88.0,269.0,3.0,11.0,4.0,7.0,1.0,7.0,50.0,83.0,48.0,187.0,67.0,29.0,1.0,1.0,2.0,0.0
459832,207165,keiko,11494,TL,Team Liquid,1.02,1.18,208.0,211.0,6.0,10.0,7.0,7.0,3.0,2.0,88.0,75.0,142.0,159.0,46.0,53.0,0.0,1.0,0.0,1.0
459832,207165,kamo,14681,TL,Team Liquid,0.02,0.77,31.0,154.0,1.0,7.0,7.0,9.0,0.0,3.0,13.0,67.0,35.0,101.0,20.0,36.0,0.0,4.0,3.0,2.0
459832,207165,sociablEE,5568,BBL,BBL Esports,0.98,1.52,188.0,283.0,8.0,9.0,10.0,5.0,1.0,0.0,50.0,63.0,136.0,189.0,29.0,36.0,0.0,0.0,2.0,0.0
459832,207165,PROFEK,5554,BBL,BBL Esports,1.36,0.39,302.0,86.0,13.0,3.0,10.0,5.0,2.0,1.0,83.0,38.0,192.0,83.0,40.0,22.0,1.0,0.0,0.0,2.0
459832,207165,MAGNUM,2173,BBL,BBL Esports,0.9,1.06,193.0,173.0,7.0,4.0,11.0,5.0,4.0,4.0,83.0,88.0,130.0,120.0,32.0,29.0,1.0,1.0,1.0,0.0
459832,207165,LewN,20144,BBL,BBL Esports,0.36,1.2,117.0,237.0,5.0,6.0,11.0,5.0,3.0,2.0,50.0,75.0,81.0,146.0,54.0,22.0,0.0,3.0,5.0,1.0
459832,207165,Jamppi,9780,BBL,BBL Esports,0.4,0.78,130.0,158.0,4.0,6.0,12.0,7.0,5.0,3.0,58.0,63.0,80.0,109.0,29.0,27.0,1.0,1.0,1.0,0.0
459832,207166,keiko,11494,TL,Team Liquid,0.95,1.1,203.0,314.0,9.0,5.0,8.0,5.0,1.0,0.0,50.0,60.0,132.0,194.0,44.0,44.0,0.0,0.0,2.0,0.0
459832,207166,kamo,14681,TL,Team Liquid,0.94,0.18,250.0,64.0,10.0,1.0,10.0,5.0,1.0,0.0,50.0,40.0,144.0,36.0,16.0,50.0,2.0,1.0,1.0,1.0
459832,207166,nAts,457,TL,Team Liquid,0.8,0.15,181.0,137.0,7.0,2.0,10.0,5.0,2.0,0.0,50.0,40.0,109.0,116.0,22.0,29.0,2.0,0.0,1.0,2.0
459832,207166,paTiTek,309,TL,Team Liquid,0.7,0.03,126.0,21.0,5.0,0.0,9.0,5.0,1.0,0.0,67.0,,97.0,21.0,31.0,100.0,0.0,0.0,1.0,0.0
459832,207166,Serial,18162,TL,Team Liquid,0.38,0.02,107.0,72.0,4.0,1.0,9.0,5.0,1.0,0.0,42.0,40.0,64.0,43.0,40.0,25.0,1.0,0.0,2.0,1.0
459832,207166,MAGNUM,2173,BBL,BBL Esports,1.54,2.08,259.0,343.0,4.0,14.0,2.0,6.0,3.0,7.0,100.0,83.0,157.0,208.0,33.0,15.0,0.0,4.0,0.0,1.0
459832,207166,Jamppi,9780,BBL,BBL Esports,2.05,1.51,231.0,263.0,6.0,13.0,0.0,7.0,0.0,2.0,100.0,75.0,120.0,173.0,10.0,39.0,0.0,0.0,0.0,0.0
459832,207166,PROFEK,5554,BBL,BBL Esports,1.91,1.53,270.0,239.0,6.0,12.0,1.0,6.0,1.0,3.0,100.0,83.0,157.0,146.0,18.0,32.0,1.0,2.0,0.0,0.0
459832,207166,sociablEE,5568,BBL,BBL Esports,1.56,0.54,304.0,95.0,6.0,3.0,3.0,8.0,1.0,5.0,80.0,67.0,219.0,71.0,43.0,8.0,1.0,0.0,0.0,1.0
459832,207166,LewN,20144,BBL,BBL Esports,1.02,0.33,159.0,106.0,3.0,4.0,3.0,8.0,1.0,2.0,60.0,58.0,100.0,80.0,15.0,29.0,2.0,1.0,1.0,3.0
459832,207167,nAts,457,TL,Team Liquid,0.87,2.01,253.0,255.0,5.0,13.0,5.0,1.0,0.0,1.0,60.0,92.0,122.0,174.0,63.0,45.0,0.0,1.0,2.0,1.0
459832,207167,keiko,11494,TL,Team Liquid,0.85,1.61,158.0,279.0,3.0,11.0,4.0,6.0,1.0,5.0,40.0,92.0,120.0,182.0,80.0,55.0,1.0,2.0,1.0,1.0
459832,207167,kamo,14681,TL,Team Liquid,0.34,1.69,124.0,331.0,1.0,16.0,5.0,6.0,2.0,0.0,80.0,92.0,99.0,236.0,14.0,29.0,0.0,4.0,0.0,0.0
459832,207167,Serial,18162,TL,Team Liquid,0.56,1.55,107.0,249.0,2.0,13.0,4.0,4.0,0.0,4.0,40.0,92.0,64.0,171.0,100.0,38.0,0.0,3.0,1.0,0.0
459832,207167,paTiTek,309,TL,Team Liquid,0.92,0.93,188.0,191.0,2.0,7.0,4.0,7.0,2.0,6.0,40.0,92.0,133.0,131.0,15.0,17.0,0.0,0.0,0.0,0.0
459832,207167,PROFEK,5554,BBL,BBL Esports,0.57,1.5,167.0,277.0,7.0,5.0,12.0,3.0,2.0,3.0,67.0,100.0,104.0,159.0,24.0,21.0,1.0,1.0,1.0,0.0
459832,207167,Jamppi,9780,BBL,BBL Esports,0.36,1.73,95.0,292.0,3.0,5.0,12.0,2.0,3.0,3.0,42.0,100.0,80.0,198.0,15.0,11.0,1.0,1.0,2.0,0.0
459832,207167,sociablEE,5568,BBL,BBL Esports,0.61,0.86,167.0,184.0,6.0,4.0,12.0,3.0,3.0,1.0,58.0,60.0,111.0,120.0,32.0,30.0,0.0,1.0,1.0,0.0
459832,207167,MAGNUM,2173,BBL,BBL Esports,0.4,1.38,134.0,268.0,5.0,5.0,12.0,3.0,4.0,2.0,50.0,80.0,80.0,166.0,16.0,8.0,0.0,1.0,4.0,0.0
459832,207167,LewN,20144,BBL,BBL Esports,0.29,0.95,91.0,136.0,3.0,3.0,12.0,2.0,2.0,0.0,50.0,60.0,69.0,80.0,25.0,38.0,0.0,0.0,2.0,1.0
459833,207168,florescent,17976,APK,Apeks,1.23,1.25,212.0,274.0,10.0,12.0,7.0,9.0,3.0,1.0,92.0,64.0,139.0,164.0,50.0,30.0,0.0,3.0,2.0,1.0
459833,207168,batujnax,18615,APK,Apeks,1.37,1.02,235.0,136.0,10.0,6.0,6.0,6.0,4.0,4.0,92.0,73.0,148.0,85.0,26.0,19.0,4.0,0.0,0.0,2.0
459833,207168,MOLSI,1281,APK,Apeks,1.15,1.15,272.0,188.0,13.0,6.0,8.0,6.0,2.0,5.0,67.0,82.0,169.0,147.0,31.0,18.0,0.0,0.0,1.0,1.0
459833,207168,AvovA,1507,APK,Apeks,0.86,1.0,157.0,160.0,6.0,5.0,7.0,7.0,2.0,6.0,83.0,73.0,104.0,100.0,62.0,13.0,1.0,1.0,1.0,0.0
459833,207168,Governor,3980,APK,Apeks,0.9,0.91,227.0,200.0,10.0,7.0,9.0,8.0,1.0,4.0,83.0,45.0,142.0,135.0,25.0,18.0,1.0,0.0,2.0,3.0
459833,207168,hiro,29867,NAVI,Natus Vincere,1.35,1.25,302.0,273.0,12.0,11.0,7.0,11.0,4.0,4.0,64.0,75.0,205.0,169.0,19.0,20.0,2.0,2.0,1.0,0.0
459833,207168,Shao,384,NAVI,Natus Vincere,1.05,0.99,222.0,194.0,9.0,8.0,7.0,9.0,1.0,4.0,82.0,67.0,152.0,123.0,56.0,32.0,1.0,0.0,0.0,0.0
459833,207168,ANGE1,109,NAVI,Natus Vincere,0.37,1.44,96.0,244.0,3.0,11.0,9.0,8.0,4.0,3.0,64.0,75.0,54.0,177.0,50.0,36.0,2.0,3.0,1.0,1.0
459833,207168,koalanoob,3722,NAVI,Natus Vincere,0.98,0.52,182.0,67.0,7.0,4.0,7.0,9.0,2.0,2.0,73.0,42.0,127.0,66.0,38.0,14.0,1.0,0.0,1.0,3.0
459833,207168,Ruxic,18677,NAVI,Natus Vincere,0.73,0.33,115.0,122.0,5.0,3.0,7.0,12.0,1.0,6.0,82.0,75.0,71.0,106.0,29.0,19.0,1.0,1.0,1.0,2.0
459833,207169,florescent,17976,APK,Apeks,1.93,0.97,411.0,166.0,18.0,8.0,7.0,8.0,3.0,2.0,75.0,67.0,234.0,114.0,31.0,39.0,4.0,2.0,1.0,5.0
459833,207169,MOLSI,1281,APK,Apeks,0.8,0.96,140.0,199.0,6.0,8.0,9.0,10.0,7.0,6.0,67.0,92.0,86.0,122.0,14.0,26.0,0.0,0.0,1.0,0.0
459833,207169,Governor,3980,APK,Apeks,0.77,0.81,81.0,196.0,4.0,7.0,7.0,10.0,2.0,4.0,75.0,50.0,58.0,123.0,33.0,43.0,0.0,1.0,1.0,3.0
459833,207169,batujnax,18615,APK,Apeks,0.74,0.76,147.0,149.0,6.0,7.0,8.0,9.0,4.0,1.0,58.0,58.0,90.0,91.0,18.0,35.0,2.0,0.0,2.0,1.0
459833,207169,AvovA,1507,APK,Apeks,0.78,0.6,149.0,133.0,6.0,5.0,8.0,10.0,3.0,4.0,75.0,58.0,95.0,88.0,15.0,29.0,0.0,0.0,1.0,0.0
459833,207169,Shao,384,NAVI,Natus Vincere,1.56,1.08,262.0,180.0,13.0,7.0,6.0,7.0,1.0,4.0,83.0,83.0,158.0,133.0,41.0,35.0,2.0,1.0,0.0,0.0
459833,207169,koalanoob,3722,NAVI,Natus Vincere,1.15,1.2,250.0,239.0,10.0,12.0,8.0,9.0,3.0,0.0,75.0,75.0,179.0,164.0,21.0,26.0,4.0,3.0,1.0,2.0
459833,207169,Ruxic,18677,NAVI,Natus Vincere,1.03,1.17,149.0,214.0,6.0,9.0,7.0,7.0,7.0,4.0,92.0,75.0,115.0,124.0,28.0,50.0,1.0,1.0,1.0,0.0
459833,207169,hiro,29867,NAVI,Natus Vincere,1.52,0.66,302.0,155.0,14.0,6.0,7.0,9.0,1.0,3.0,75.0,67.0,182.0,105.0,44.0,47.0,1.0,1.0,0.0,4.0
459833,207169,ANGE1,109,NAVI,Natus Vincere,0.64,0.8,101.0,162.0,4.0,5.0,7.0,8.0,5.0,4.0,67.0,83.0,82.0,115.0,42.0,33.0,1.0,0.0,1.0,0.0
459833,207170,florescent,17976,APK,Apeks,1.28,1.86,256.0,355.0,7.0,15.0,4.0,9.0,1.0,5.0,71.0,75.0,168.0,220.0,41.0,36.0,2.0,1.0,0.0,1.0
459833,207170,MOLSI,1281,APK,Apeks,0.71,0.86,174.0,175.0,4.0,6.0,6.0,9.0,3.0,7.0,86.0,75.0,131.0,123.0,12.0,30.0,2.0,0.0,1.0,2.0
459833,207170,AvovA,1507,APK,Apeks,1.1,0.57,195.0,175.0,5.0,6.0,4.0,12.0,2.0,3.0,86.0,42.0,100.0,123.0,38.0,18.0,1.0,1.0,0.0,1.0
459833,207170,batujnax,18615,APK,Apeks,1.17,0.28,197.0,125.0,5.0,4.0,4.0,12.0,0.0,3.0,86.0,75.0,122.0,84.0,33.0,14.0,1.0,1.0,0.0,3.0
459833,207170,Governor,3980,APK,Apeks,0.44,0.44,97.0,93.0,2.0,4.0,5.0,9.0,2.0,0.0,57.0,50.0,72.0,59.0,25.0,15.0,0.0,1.0,0.0,1.0
459833,207170,Ruxic,18677,NAVI,Natus Vincere,1.87,1.42,365.0,304.0,17.0,7.0,7.0,4.0,7.0,1.0,92.0,86.0,227.0,207.0,36.0,38.0,2.0,0.0,1.0,2.0
459833,207170,Shao,384,NAVI,Natus Vincere,1.73,0.54,354.0,157.0,16.0,3.0,7.0,6.0,0.0,2.0,92.0,86.0,233.0,94.0,33.0,15.0,2.0,0.0,0.0,1.0
459833,207170,hiro,29867,NAVI,Natus Vincere,1.05,0.82,159.0,115.0,6.0,3.0,6.0,5.0,3.0,2.0,58.0,57.0,125.0,82.0,41.0,33.0,0.0,0.0,1.0,0.0
459833,207170,koalanoob,3722,NAVI,Natus Vincere,0.85,1.05,195.0,208.0,9.0,5.0,9.0,5.0,0.0,2.0,92.0,71.0,143.0,158.0,35.0,27.0,4.0,1.0,1.0,2.0
459833,207170,ANGE1,109,NAVI,Natus Vincere,0.56,1.37,59.0,191.0,3.0,5.0,6.0,3.0,2.0,0.0,75.0,57.0,43.0,126.0,29.0,50.0,0.0,0.0,1.0,1.0
459834,207171,MrFaliN,8044,FUT,FUT Esports,1.71,0.69,325.0,148.0,13.0,4.0,7.0,8.0,5.0,2.0,67.0,45.0,209.0,112.0,34.0,29.0,2.0,0.0,0.0,2.0
459834,207171,xeus,12793,FUT,FUT Esports,0.93,1.3,214.0,296.0,8.0,11.0,9.0,9.0,2.0,1.0,75.0,73.0,131.0,175.0,20.0,44.0,4.0,1.0,4.0,2.0
459834,207171,qRaxs,1139,FUT,FUT Esports,0.74,1.15,109.0,202.0,4.0,9.0,7.0,8.0,7.0,4.0,75.0,82.0,69.0,116.0,13.0,17.0,0.0,0.0,1.0,1.0
459834,207171,AtaKaptan,6510,FUT,FUT Esports,0.78,0.56,142.0,165.0,7.0,6.0,8.0,10.0,4.0,2.0,58.0,73.0,91.0,97.0,25.0,22.0,1.0,2.0,0.0,1.0
459834,207171,yetujey,8369,FUT,FUT Esports,0.88,0.38,163.0,102.0,9.0,2.0,9.0,10.0,2.0,5.0,67.0,64.0,105.0,77.0,21.0,18.0,0.0,0.0,0.0,2.0
459834,207171,kamyk,1475,M8,Gentle Mates,1.93,0.92,395.0,187.0,15.0,7.0,7.0,8.0,8.0,8.0,100.0,67.0,267.0,110.0,21.0,40.0,2.0,0.0,0.0,1.0
459834,207171,Kada,20871,M8,Gentle Mates,1.06,1.23,150.0,261.0,7.0,10.0,5.0,9.0,1.0,6.0,82.0,83.0,119.0,194.0,41.0,37.0,1.0,2.0,1.0,1.0
459834,207171,Minny,23169,M8,Gentle Mates,0.72,1.44,106.0,256.0,4.0,12.0,5.0,8.0,0.0,1.0,82.0,75.0,67.0,161.0,25.0,43.0,0.0,1.0,0.0,1.0
459834,207171,Zyppan,11,M8,Gentle Mates,0.97,0.93,147.0,131.0,6.0,5.0,6.0,7.0,2.0,3.0,91.0,67.0,115.0,98.0,28.0,27.0,0.0,1.0,1.0,0.0
459834,207171,Click,7866,M8,Gentle Mates,1.2,0.66,316.0,157.0,13.0,6.0,9.0,9.0,0.0,2.0,82.0,58.0,185.0,114.0,60.0,57.0,5.0,1.0,1.0,4.0
459834,207172,AtaKaptan,6510,FUT,FUT Esports,1.63,0.79,272.0,169.0,15.0,8.0,11.0,13.0,18.0,10.0,94.0,82.0,173.0,116.0,33.0,26.0,0.0,4.0,1.0,3.0
459834,207172,xeus,12793,FUT,FUT Esports,1.01,1.4,254.0,259.0,13.0,16.0,14.0,10.0,5.0,3.0,71.0,82.0,159.0,164.0,30.0,38.0,4.0,1.0,4.0,1.0
459834,207172,MrFaliN,8044,FUT,FUT Esports,1.07,1.16,189.0,230.0,12.0,16.0,11.0,13.0,6.0,6.0,82.0,88.0,110.0,121.0,9.0,16.0,0.0,2.0,1.0,1.0
459834,207172,yetujey,8369,FUT,FUT Esports,1.23,0.79,253.0,196.0,15.0,11.0,12.0,13.0,2.0,5.0,82.0,65.0,156.0,144.0,25.0,12.0,4.0,1.0,1.0,2.0
459834,207172,qRaxs,1139,FUT,FUT Esports,0.69,1.21,165.0,205.0,8.0,12.0,14.0,10.0,10.0,10.0,88.0,88.0,103.0,125.0,30.0,21.0,1.0,2.0,1.0,0.0
459834,207172,kamyk,1475,M8,Gentle Mates,1.47,1.05,291.0,247.0,19.0,15.0,12.0,14.0,4.0,4.0,82.0,59.0,178.0,154.0,44.0,21.0,0.0,2.0,1.0,2.0
459834,207172,Kada,20871,M8,Gentle Mates,1.18,0.94,251.0,186.0,14.0,11.0,11.0,14.0,5.0,10.0,82.0,82.0,150.0,116.0,24.0,19.0,4.0,3.0,1.0,1.0
459834,207172,Zyppan,11,M8,Gentle Mates,0.85,1.16,161.0,212.0,9.0,13.0,13.0,11.0,5.0,7.0,71.0,71.0,106.0,164.0,22.0,27.0,2.0,1.0,0.0,3.0
459834,207172,Minny,23169,M8,Gentle Mates,0.46,1.32,111.0,284.0,7.0,18.0,13.0,12.0,3.0,4.0,47.0,82.0,85.0,190.0,30.0,29.0,1.0,2.0,5.0,1.0
459834,207172,Click,7866,M8,Gentle Mates,0.76,0.38,180.0,102.0,10.0,5.0,14.0,12.0,2.0,5.0,82.0,65.0,114.0,73.0,34.0,26.0,0.0,0.0,3.0,2.0
459834,207173,qRaxs,1139,FUT,FUT Esports,2.14,1.72,359.0,297.0,7.0,15.0,2.0,5.0,4.0,3.0,100.0,92.0,211.0,186.0,24.0,26.0,0.0,0.0,0.0,0.0
459834,207173,yetujey,8369,FUT,FUT Esports,1.18,1.65,138.0,324.0,3.0,13.0,2.0,7.0,2.0,6.0,100.0,92.0,109.0,235.0,50.0,29.0,1.0,3.0,1.0,1.0
459834,207173,AtaKaptan,6510,FUT,FUT Esports,2.47,1.03,445.0,148.0,8.0,7.0,2.0,6.0,5.0,5.0,100.0,75.0,248.0,100.0,50.0,54.0,1.0,1.0,0.0,0.0
459834,207173,MrFaliN,8044,FUT,FUT Esports,1.57,0.95,194.0,150.0,4.0,7.0,1.0,7.0,2.0,3.0,80.0,83.0,104.0,83.0,7.0,43.0,0.0,1.0,0.0,2.0
459834,207173,xeus,12793,FUT,FUT Esports,0.81,0.75,162.0,198.0,3.0,7.0,3.0,9.0,2.0,2.0,80.0,58.0,102.0,122.0,29.0,36.0,1.0,3.0,1.0,1.0
459834,207173,kamyk,1475,M8,Gentle Mates,1.07,0.2,220.0,63.0,9.0,1.0,9.0,5.0,1.0,1.0,58.0,40.0,142.0,30.0,42.0,25.0,1.0,0.0,1.0,1.0
459834,207173,Minny,23169,M8,Gentle Mates,0.89,0.44,199.0,141.0,8.0,2.0,10.0,5.0,3.0,0.0,58.0,20.0,137.0,111.0,38.0,57.0,1.0,0.0,1.0,0.0
459834,207173,Click,7866,M8,Gentle Mates,0.83,0.47,247.0,142.0,10.0,2.0,11.0,5.0,1.0,2.0,58.0,80.0,146.0,108.0,56.0,25.0,1.0,1.0,5.0,1.0
459834,207173,Kada,20871,M8,Gentle Mates,0.61,0.33,134.0,140.0,6.0,2.0,10.0,5.0,1.0,1.0,75.0,60.0,102.0,106.0,43.0,30.0,1.0,0.0,0.0,1.0
459834,207173,Zyppan,11,M8,Gentle Mates,0.48,0.59,62.0,183.0,1.0,3.0,9.0,5.0,5.0,0.0,67.0,40.0,44.0,125.0,15.0,21.0,0.0,1.0,1.0,0.0
459835,207174,Wo0t,21328,TH,Team Heretics,1.76,1.42,336.0,273.0,16.0,4.0,8.0,3.0,3.0,1.0,83.0,75.0,198.0,169.0,52.0,24.0,3.0,2.0,0.0,0.0
459835,207174,MiniBoo,18350,TH,Team Heretics,1.23,2.15,219.0,405.0,10.0,6.0,5.0,2.0,2.0,2.0,92.0,75.0,131.0,260.0,28.0,36.0,1.0,1.0,0.0,0.0
459835,207174,benjyfishy,29873,TH,Team Heretics,1.17,1.8,206.0,370.0,9.0,6.0,7.0,3.0,4.0,1.0,92.0,100.0,147.0,238.0,22.0,40.0,2.0,0.0,1.0,0.0
459835,207174,RieNs,10971,TH,Team Heretics,1.33,1.06,235.0,158.0,10.0,3.0,6.0,2.0,7.0,2.0,92.0,100.0,163.0,84.0,30.0,50.0,2.0,0.0,1.0,0.0
459835,207174,Boo,1144,TH,Team Heretics,1.19,0.98,168.0,86.0,8.0,1.0,6.0,1.0,5.0,2.0,92.0,100.0,111.0,57.0,39.0,50.0,1.0,0.0,1.0,1.0
459835,207174,runneR,21610,GX,GIANTX,0.83,0.88,255.0,184.0,3.0,7.0,4.0,10.0,0.0,4.0,50.0,83.0,137.0,132.0,10.0,26.0,0.0,0.0,0.0,0.0
459835,207174,purp0,1885,GX,GIANTX,0.31,0.99,109.0,222.0,1.0,10.0,4.0,10.0,2.0,0.0,75.0,58.0,77.0,139.0,29.0,59.0,0.0,1.0,1.0,4.0
459835,207174,tomaszy,19691,GX,GIANTX,0.06,0.9,98.0,202.0,1.0,8.0,4.0,10.0,1.0,3.0,75.0,50.0,64.0,130.0,20.0,56.0,0.0,0.0,1.0,0.0
459835,207174,westside,34684,GX,GIANTX,0.99,0.19,232.0,78.0,4.0,3.0,4.0,12.0,0.0,1.0,75.0,25.0,155.0,54.0,63.0,43.0,1.0,1.0,0.0,2.0
459835,207174,Cloud,4181,GX,GIANTX,0.44,0.26,148.0,105.0,2.0,4.0,4.0,11.0,2.0,2.0,75.0,25.0,108.0,70.0,30.0,19.0,0.0,1.0,1.0,3.0
459835,207175,Boo,1144,TH,Team Heretics,0.75,1.79,183.0,292.0,8.0,15.0,11.0,4.0,1.0,4.0,67.0,83.0,124.0,180.0,39.0,33.0,0.0,1.0,0.0,0.0
459835,207175,Wo0t,21328,TH,Team Heretics,0.9,1.47,236.0,278.0,8.0,11.0,12.0,7.0,2.0,4.0,42.0,83.0,156.0,193.0,25.0,31.0,3.0,1.0,0.0,1.0
459835,207175,RieNs,10971,TH,Team Heretics,0.57,1.62,139.0,289.0,5.0,12.0,11.0,4.0,3.0,7.0,83.0,92.0,104.0,184.0,38.0,22.0,0.0,3.0,2.0,1.0
459835,207175,MiniBoo,18350,TH,Team Heretics,0.9,0.98,272.0,167.0,11.0,7.0,12.0,5.0,2.0,1.0,67.0,67.0,159.0,113.0,35.0,5.0,3.0,3.0,3.0,0.0
459835,207175,benjyfishy,29873,TH,Team Heretics,0.15,1.27,81.0,200.0,3.0,10.0,11.0,5.0,2.0,2.0,50.0,92.0,54.0,145.0,33.0,45.0,0.0,1.0,1.0,1.0
459835,207175,runneR,21610,GX,GIANTX,0.74,1.5,139.0,252.0,5.0,10.0,11.0,6.0,7.0,6.0,67.0,83.0,90.0,167.0,22.0,25.0,0.0,1.0,1.0,1.0
459835,207175,westside,34684,GX,GIANTX,0.3,1.79,73.0,331.0,2.0,15.0,10.0,6.0,3.0,7.0,17.0,92.0,51.0,207.0,25.0,29.0,0.0,1.0,2.0,1.0
459835,207175,purp0,1885,GX,GIANTX,0.77,1.32,174.0,207.0,7.0,9.0,12.0,8.0,0.0,11.0,50.0,100.0,110.0,154.0,47.0,32.0,1.0,1.0,1.0,1.0
459835,207175,Cloud,4181,GX,GIANTX,0.66,1.1,212.0,244.0,9.0,12.0,11.0,9.0,0.0,3.0,67.0,83.0,129.0,162.0,22.0,33.0,1.0,2.0,1.0,2.0
459835,207175,tomaszy,19691,GX,GIANTX,0.14,1.38,54.0,251.0,2.0,11.0,12.0,6.0,1.0,4.0,42.0,83.0,33.0,175.0,50.0,32.0,1.0,1.0,4.0,1.0
459835,207176,RieNs,10971,TH,Team Heretics,1.77,1.63,334.0,233.0,11.0,10.0,6.0,6.0,7.0,16.0,89.0,92.0,220.0,146.0,48.0,35.0,0.0,1.0,0.0,0.0
459835,207176,Wo0t,21328,TH,Team Heretics,1.12,1.42,206.0,268.0,7.0,11.0,6.0,7.0,3.0,7.0,89.0,75.0,152.0,177.0,39.0,25.0,0.0,1.0,0.0,0.0
459835,207176,benjyfishy,29873,TH,Team Heretics,1.16,1.12,269.0,207.0,8.0,9.0,8.0,8.0,6.0,1.0,89.0,75.0,151.0,139.0,36.0,27.0,1.0,3.0,0.0,0.0
459835,207176,Boo,1144,TH,Team Heretics,0.88,0.91,141.0,120.0,5.0,6.0,6.0,6.0,1.0,4.0,67.0,67.0,91.0,78.0,36.0,31.0,1.0,0.0,1.0,1.0
459835,207176,MiniBoo,18350,TH,Team Heretics,0.34,1.08,95.0,277.0,3.0,12.0,7.0,9.0,1.0,2.0,33.0,100.0,62.0,187.0,50.0,24.0,1.0,5.0,5.0,1.0
459835,207176,Cloud,4181,GX,GIANTX,1.05,2.07,239.0,383.0,10.0,13.0,11.0,6.0,5.0,3.0,92.0,78.0,156.0,228.0,36.0,32.0,0.0,5.0,2.0,1.0
459835,207176,tomaszy,19691,GX,GIANTX,1.1,0.82,210.0,205.0,9.0,7.0,9.0,7.0,1.0,2.0,58.0,56.0,168.0,122.0,31.0,50.0,1.0,1.0,3.0,1.0
459835,207176,purp0,1885,GX,GIANTX,0.72,0.93,127.0,241.0,5.0,7.0,10.0,8.0,4.0,5.0,83.0,67.0,96.0,159.0,31.0,46.0,0.0,0.0,1.0,1.0
459835,207176,runneR,21610,GX,GIANTX,0.91,0.47,191.0,95.0,6.0,2.0,9.0,7.0,6.0,3.0,83.0,44.0,130.0,60.0,11.0,50.0,0.0,0.0,0.0,0.0
459835,207176,westside,34684,GX,GIANTX,0.46,0.61,143.0,110.0,6.0,4.0,10.0,6.0,4.0,1.0,67.0,67.0,77.0,79.0,29.0,38.0,1.0,0.0,4.0,0.0
459836,207177,Kicks,11134,VIT,Team Vitality,1.0,1.32,172.0,236.0,12.0,14.0,11.0,11.0,2.0,7.0,65.0,88.0,98.0,153.0,21.0,42.0,0.0,1.0,3.0,0.0
459836,207177,Less,8447,VIT,Team Vitality,1.0,1.3,181.0,232.0,11.0,15.0,11.0,9.0,0.0,4.0,47.0,82.0,112.0,153.0,20.0,40.0,1.0,1.0,0.0,2.0
459836,207177,Derke,5022,VIT,Team Vitality,0.54,1.24,111.0,246.0,5.0,15.0,13.0,11.0,5.0,3.0,59.0,71.0,82.0,150.0,22.0,29.0,1.0,4.0,4.0,3.0
459836,207177,Sayf,312,VIT,Team Vitality,0.71,1.01,185.0,217.0,10.0,14.0,16.0,12.0,5.0,1.0,53.0,65.0,116.0,137.0,40.0,31.0,2.0,3.0,3.0,1.0
459836,207177,CyvOph,13258,VIT,Team Vitality,0.91,0.71,195.0,129.0,11.0,8.0,14.0,11.0,7.0,6.0,65.0,59.0,116.0,92.0,39.0,26.0,2.0,1.0,1.0,1.0
459836,207177,Boaster,438,FNC,FNATIC,1.06,1.83,184.0,291.0,10.0,19.0,12.0,6.0,10.0,7.0,100.0,94.0,120.0,197.0,15.0,17.0,1.0,3.0,0.0,0.0
459836,207177,kaajak,9554,FNC,FNATIC,0.43,1.65,136.0,350.0,7.0,21.0,15.0,10.0,4.0,5.0,59.0,76.0,94.0,210.0,25.0,23.0,1.0,4.0,2.0,2.0
459836,207177,Chronicle,458,FNC,FNATIC,1.26,0.49,239.0,124.0,15.0,8.0,12.0,12.0,4.0,1.0,71.0,53.0,158.0,74.0,31.0,21.0,1.0,2.0,3.0,2.0
459836,207177,Alfajer,9810,FNC,FNATIC,0.85,0.89,210.0,143.0,11.0,8.0,14.0,9.0,1.0,4.0,41.0,82.0,145.0,92.0,32.0,16.0,3.0,1.0,4.0,0.0
459836,207177,crashies,4,FNC,FNATIC,0.72,0.84,178.0,177.0,11.0,9.0,13.0,12.0,4.0,6.0,71.0,82.0,108.0,123.0,38.0,29.0,1.0,1.0,1.0,2.0
459836,207178,CyvOph,13258,VIT,Team Vitality,0.57,1.24,78.0,243.0,2.0,10.0,5.0,7.0,2.0,4.0,57.0,83.0,36.0,157.0,33.0,39.0,1.0,1.0,1.0,1.0
459836,207178,Less,8447,VIT,Team Vitality,0.61,0.97,134.0,187.0,3.0,9.0,5.0,7.0,0.0,3.0,43.0,67.0,86.0,125.0,22.0,37.0,0.0,2.0,2.0,2.0
459836,207178,Derke,5022,VIT,Team Vitality,0.85,0.81,191.0,176.0,4.0,8.0,5.0,9.0,1.0,3.0,57.0,75.0,123.0,120.0,11.0,36.0,1.0,2.0,1.0,3.0
459836,207178,Kicks,11134,VIT,Team Vitality,0.49,0.94,109.0,184.0,3.0,8.0,7.0,8.0,2.0,2.0,71.0,75.0,88.0,120.0,43.0,18.0,0.0,1.0,1.0,0.0
459836,207178,Sayf,312,VIT,Team Vitality,1.08,0.53,206.0,119.0,5.0,4.0,5.0,9.0,1.0,4.0,71.0,67.0,121.0,92.0,26.0,38.0,0.0,0.0,0.0,0.0
459836,207178,Chronicle,458,FNC,FNATIC,1.01,1.96,241.0,389.0,9.0,11.0,9.0,3.0,5.0,3.0,83.0,86.0,146.0,217.0,36.0,22.0,1.0,3.0,2.0,1.0
459836,207178,kaajak,9554,FNC,FNATIC,0.55,1.95,159.0,291.0,6.0,8.0,9.0,2.0,1.0,0.0,67.0,86.0,95.0,195.0,29.0,13.0,2.0,2.0,3.0,0.0
459836,207178,crashies,4,FNC,FNATIC,1.2,0.79,188.0,100.0,9.0,3.0,6.0,4.0,0.0,2.0,67.0,57.0,97.0,114.0,28.0,33.0,0.0,0.0,0.0,0.0
459836,207178,Boaster,438,FNC,FNATIC,0.91,0.99,157.0,110.0,7.0,1.0,7.0,3.0,3.0,9.0,75.0,71.0,94.0,85.0,31.0,11.0,1.0,0.0,0.0,0.0
459836,207178,Alfajer,9810,FNC,FNATIC,0.96,0.62,209.0,133.0,9.0,4.0,8.0,5.0,1.0,0.0,50.0,71.0,127.0,123.0,32.0,56.0,2.0,0.0,1.0,1.0
459836,207179,CyvOph,13258,VIT,Team Vitality,1.77,1.2,310.0,222.0,14.0,8.0,5.0,9.0,3.0,4.0,83.0,73.0,170.0,146.0,19.0,30.0,1.0,0.0,1.0,0.0
459836,207179,Less,8447,VIT,Team Vitality,0.59,1.23,124.0,243.0,6.0,9.0,8.0,8.0,1.0,3.0,67.0,73.0,100.0,151.0,40.0,48.0,0.0,0.0,2.0,2.0
459836,207179,Sayf,312,VIT,Team Vitality,1.56,0.17,303.0,58.0,13.0,1.0,7.0,10.0,6.0,2.0,75.0,36.0,203.0,52.0,22.0,20.0,1.0,0.0,1.0,3.0
459836,207179,Kicks,11134,VIT,Team Vitality,1.07,0.49,151.0,87.0,7.0,3.0,5.0,9.0,4.0,1.0,83.0,45.0,106.0,55.0,7.0,6.0,0.0,0.0,0.0,0.0
459836,207179,Derke,5022,VIT,Team Vitality,1.13,0.04,191.0,80.0,8.0,2.0,7.0,11.0,6.0,0.0,75.0,18.0,115.0,60.0,19.0,33.0,3.0,1.0,3.0,5.0
459836,207179,Boaster,438,FNC,FNATIC,2.08,0.52,247.0,140.0,12.0,5.0,1.0,11.0,5.0,5.0,91.0,58.0,131.0,86.0,42.0,27.0,1.0,1.0,1.0,3.0
459836,207179,kaajak,9554,FNC,FNATIC,1.67,0.86,339.0,192.0,13.0,9.0,5.0,9.0,4.0,0.0,91.0,92.0,214.0,105.0,34.0,24.0,5.0,2.0,0.0,0.0
459836,207179,Chronicle,458,FNC,FNATIC,1.23,0.71,204.0,150.0,8.0,5.0,5.0,8.0,2.0,2.0,91.0,67.0,123.0,93.0,10.0,33.0,2.0,4.0,0.0,1.0
459836,207179,crashies,4,FNC,FNATIC,0.81,0.86,118.0,187.0,5.0,8.0,6.0,9.0,1.0,1.0,82.0,42.0,79.0,118.0,40.0,36.0,1.0,0.0,0.0,0.0
459836,207179,Alfajer,9810,FNC,FNATIC,0.86,0.39,203.0,136.0,9.0,5.0,6.0,11.0,0.0,3.0,73.0,50.0,157.0,79.0,56.0,75.0,1.0,0.0,0.0,1.0
459837,207180,sheydos,1428,MKOI,Movistar KOI (KOI),0.35,0.88,139.0,163.0,1.0,7.0,3.0,8.0,0.0,3.0,33.0,75.0,96.0,93.0,40.0,17.0,0.0,2.0,0.0,0.0
459837,207180,soulcas,101,MKOI,Movistar KOI (KOI),0.03,0.95,26.0,179.0,0.0,7.0,3.0,9.0,0.0,3.0,,75.0,26.0,128.0,0.0,30.0,0.0,0.0,0.0,1.0
459837,207180,grubinho,5550,MKOI,Movistar KOI (KOI),0.25,0.53,85.0,68.0,1.0,2.0,3.0,8.0,0.0,7.0,33.0,92.0,50.0,41.0,20.0,18.0,0.0,1.0,0.0,3.0
459837,207180,Filu,4544,MKOI,Movistar KOI (KOI),0.01,0.52,0.0,135.0,0.0,5.0,3.0,8.0,0.0,2.0,,58.0,0.0,101.0,,38.0,0.0,1.0,1.0,2.0
459837,207180,flyuh,3685,MKOI,Movistar KOI (KOI),0.51,0.3,100.0,106.0,1.0,3.0,2.0,11.0,0.0,1.0,67.0,42.0,54.0,79.0,50.0,43.0,1.0,0.0,1.0,2.0
459837,207180,Elite,16459,KC,Karmine Corp,1.83,1.29,251.0,61.0,11.0,1.0,3.0,0.0,5.0,1.0,83.0,100.0,179.0,7.0,74.0,0.0,1.0,0.0,1.0,0.0
459837,207180,marteen,10307,KC,Karmine Corp,1.43,2.86,210.0,683.0,10.0,7.0,4.0,1.0,2.0,2.0,75.0,100.0,160.0,365.0,36.0,25.0,0.0,2.0,0.0,1.0
459837,207180,Avez,5654,KC,Karmine Corp,1.53,1.37,255.0,182.0,12.0,2.0,5.0,1.0,1.0,2.0,92.0,100.0,160.0,137.0,44.0,25.0,2.0,0.0,0.0,0.0
459837,207180,SUYGETSU,2858,KC,Karmine Corp,1.34,1.22,153.0,60.0,7.0,1.0,4.0,0.0,5.0,1.0,83.0,100.0,97.0,38.0,46.0,100.0,2.0,0.0,0.0,0.0
459837,207180,saadhak,727,KC,Karmine Corp,0.66,2.04,124.0,293.0,4.0,3.0,8.0,1.0,6.0,1.0,83.0,100.0,80.0,180.0,4.0,55.0,3.0,0.0,3.0,0.0
459837,207181,flyuh,3685,MKOI,Movistar KOI (KOI),1.21,1.46,221.0,312.0,9.0,12.0,8.0,8.0,4.0,7.0,62.0,92.0,152.0,229.0,35.0,23.0,1.0,2.0,1.0,0.0
459837,207181,grubinho,5550,MKOI,Movistar KOI (KOI),0.77,1.32,146.0,255.0,7.0,12.0,11.0,9.0,2.0,5.0,62.0,85.0,85.0,170.0,40.0,26.0,2.0,3.0,3.0,0.0
459837,207181,Filu,4544,MKOI,Movistar KOI (KOI),1.1,0.65,233.0,179.0,11.0,10.0,9.0,11.0,2.0,2.0,69.0,62.0,141.0,102.0,19.0,13.0,1.0,2.0,2.0,3.0
459837,207181,soulcas,101,MKOI,Movistar KOI (KOI),0.81,0.94,92.0,202.0,4.0,11.0,6.0,10.0,2.0,2.0,69.0,69.0,78.0,122.0,20.0,23.0,0.0,1.0,0.0,1.0
459837,207181,sheydos,1428,MKOI,Movistar KOI (KOI),0.87,0.65,157.0,95.0,8.0,4.0,7.0,8.0,1.0,3.0,69.0,77.0,105.0,72.0,27.0,42.0,1.0,1.0,2.0,0.0
459837,207181,Avez,5654,KC,Karmine Corp,1.56,1.13,330.0,181.0,16.0,9.0,9.0,7.0,2.0,1.0,85.0,77.0,183.0,119.0,26.0,33.0,1.0,2.0,2.0,0.0
459837,207181,saadhak,727,KC,Karmine Corp,0.79,1.34,129.0,230.0,6.0,9.0,10.0,7.0,7.0,9.0,69.0,69.0,81.0,151.0,38.0,50.0,0.0,2.0,3.0,2.0
459837,207181,Elite,16459,KC,Karmine Corp,0.99,1.01,227.0,219.0,10.0,10.0,11.0,9.0,2.0,1.0,69.0,85.0,152.0,164.0,52.0,38.0,1.0,2.0,1.0,0.0
459837,207181,marteen,10307,KC,Karmine Corp,1.09,0.7,206.0,100.0,8.0,3.0,10.0,7.0,6.0,4.0,85.0,77.0,136.0,74.0,15.0,11.0,2.0,1.0,0.0,2.0
459837,207181,SUYGETSU,2858,KC,Karmine Corp,0.57,0.96,113.0,207.0,6.0,10.0,9.0,9.0,1.0,2.0,69.0,69.0,78.0,124.0,60.0,60.0,0.0,1.0,3.0,1.0
459839,207183,sheydos,1428,MKOI,Movistar KOI (KOI),0.59,1.58,212.0,264.0,5.0,13.0,7.0,6.0,0.0,0.0,43.0,75.0,124.0,169.0,63.0,53.0,2.0,0.0,2.0,0.0
459839,207183,Filu,4544,MKOI,Movistar KOI (KOI),0.83,1.26,202.0,321.0,4.0,12.0,6.0,11.0,2.0,6.0,71.0,83.0,116.0,197.0,33.0,52.0,2.0,6.0,1.0,1.0
459839,207183,soulcas,101,MKOI,Movistar KOI (KOI),0.67,1.33,122.0,218.0,4.0,9.0,6.0,8.0,0.0,4.0,29.0,83.0,56.0,133.0,33.0,23.0,0.0,1.0,0.0,0.0
459839,207183,grubinho,5550,MKOI,Movistar KOI (KOI),0.65,0.98,138.0,127.0,3.0,6.0,6.0,7.0,4.0,6.0,57.0,92.0,107.0,88.0,13.0,43.0,0.0,0.0,0.0,1.0
459839,207183,flyuh,3685,MKOI,Movistar KOI (KOI),0.26,0.31,121.0,101.0,2.0,3.0,7.0,11.0,1.0,4.0,57.0,50.0,101.0,70.0,19.0,7.0,0.0,1.0,0.0,2.0
459839,207183,LewN,20144,BBL,BBL Esports,1.53,1.38,295.0,284.0,14.0,6.0,8.0,4.0,3.0,3.0,75.0,86.0,189.0,212.0,44.0,36.0,1.0,0.0,2.0,1.0
459839,207183,MAGNUM,2173,BBL,BBL Esports,0.68,2.22,168.0,446.0,6.0,13.0,9.0,4.0,4.0,3.0,67.0,100.0,114.0,255.0,13.0,28.0,2.0,1.0,2.0,0.0
459839,207183,Jamppi,9780,BBL,BBL Esports,0.69,1.95,201.0,239.0,9.0,7.0,10.0,1.0,0.0,1.0,50.0,100.0,127.0,138.0,23.0,29.0,0.0,0.0,1.0,1.0
459839,207183,sociablEE,5568,BBL,BBL Esports,0.9,0.68,191.0,163.0,9.0,4.0,8.0,6.0,0.0,2.0,75.0,71.0,130.0,132.0,33.0,20.0,1.0,1.0,2.0,1.0
459839,207183,PROFEK,5554,BBL,BBL Esports,0.79,0.8,152.0,86.0,5.0,2.0,8.0,3.0,7.0,5.0,75.0,86.0,101.0,49.0,35.0,33.0,0.0,1.0,1.0,1.0
459839,207184,Filu,4544,MKOI,Movistar KOI (KOI),0.63,1.4,179.0,349.0,6.0,11.0,11.0,9.0,2.0,1.0,42.0,70.0,117.0,217.0,24.0,42.0,1.0,2.0,2.0,0.0
459839,207184,soulcas,101,MKOI,Movistar KOI (KOI),1.19,0.64,235.0,129.0,10.0,4.0,9.0,8.0,3.0,3.0,67.0,70.0,190.0,87.0,52.0,13.0,0.0,0.0,0.0,0.0
459839,207184,flyuh,3685,MKOI,Movistar KOI (KOI),0.85,0.65,215.0,176.0,8.0,7.0,10.0,10.0,2.0,0.0,67.0,70.0,129.0,109.0,37.0,50.0,0.0,1.0,3.0,2.0
459839,207184,sheydos,1428,MKOI,Movistar KOI (KOI),0.55,0.81,130.0,177.0,5.0,5.0,8.0,9.0,1.0,1.0,58.0,50.0,90.0,145.0,22.0,31.0,0.0,1.0,3.0,2.0
459839,207184,grubinho,5550,MKOI,Movistar KOI (KOI),0.51,0.55,90.0,136.0,4.0,4.0,10.0,9.0,3.0,3.0,58.0,50.0,48.0,102.0,50.0,22.0,1.0,0.0,2.0,2.0
459839,207184,LewN,20144,BBL,BBL Esports,1.8,1.24,431.0,251.0,15.0,11.0,7.0,7.0,4.0,1.0,80.0,83.0,278.0,156.0,35.0,26.0,3.0,2.0,1.0,0.0
459839,207184,sociablEE,5568,BBL,BBL Esports,1.29,1.49,202.0,260.0,9.0,13.0,6.0,5.0,1.0,0.0,80.0,75.0,112.0,166.0,22.0,26.0,1.0,2.0,1.0,0.0
459839,207184,PROFEK,5554,BBL,BBL Esports,0.69,1.46,201.0,295.0,7.0,13.0,8.0,8.0,2.0,1.0,90.0,83.0,117.0,213.0,17.0,54.0,1.0,2.0,0.0,0.0
459839,207184,Jamppi,9780,BBL,BBL Esports,1.28,0.61,192.0,125.0,7.0,5.0,4.0,7.0,5.0,4.0,70.0,58.0,133.0,66.0,25.0,25.0,0.0,2.0,1.0,0.0
459839,207184,MAGNUM,2173,BBL,BBL Esports,0.78,0.85,177.0,144.0,7.0,6.0,6.0,6.0,0.0,2.0,70.0,67.0,111.0,99.0,23.0,21.0,1.0,2.0,1.0,2.0
459840,207186,Ruxic,18677,NAVI,Natus Vincere,1.62,1.19,323.0,283.0,11.0,12.0,9.0,9.0,2.0,5.0,80.0,83.0,209.0,184.0,26.0,38.0,1.0,1.0,1.0,2.0
459840,207186,hiro,29867,NAVI,Natus Vincere,0.78,1.19,200.0,164.0,6.0,8.0,9.0,6.0,3.0,3.0,60.0,58.0,144.0,105.0,39.0,47.0,0.0,1.0,1.0,1.0
459840,207186,Shao,384,NAVI,Natus Vincere,0.58,1.08,128.0,160.0,5.0,8.0,9.0,7.0,4.0,8.0,50.0,83.0,72.0,95.0,40.0,33.0,0.0,0.0,0.0,0.0
459840,207186,ANGE1,109,NAVI,Natus Vincere,0.48,0.73,134.0,179.0,5.0,7.0,9.0,9.0,2.0,5.0,70.0,75.0,83.0,127.0,29.0,40.0,0.0,2.0,2.0,2.0
459840,207186,koalanoob,3722,NAVI,Natus Vincere,0.02,0.96,66.0,208.0,2.0,8.0,10.0,8.0,1.0,2.0,30.0,75.0,39.0,121.0,17.0,4.0,1.0,2.0,4.0,1.0
459840,207186,purp0,1885,GX,GIANTX,1.27,1.34,219.0,205.0,10.0,7.0,7.0,5.0,5.0,9.0,92.0,90.0,141.0,134.0,47.0,42.0,0.0,1.0,0.0,0.0
459840,207186,westside,34684,GX,GIANTX,1.32,1.15,258.0,244.0,12.0,9.0,8.0,6.0,0.0,2.0,92.0,60.0,158.0,123.0,65.0,19.0,2.0,3.0,0.0,0.0
459840,207186,Cloud,4181,GX,GIANTX,1.31,1.06,202.0,214.0,8.0,8.0,7.0,7.0,3.0,2.0,75.0,90.0,133.0,129.0,24.0,18.0,2.0,1.0,0.0,1.0
459840,207186,runneR,21610,GX,GIANTX,0.78,1.69,151.0,312.0,6.0,11.0,10.0,6.0,5.0,7.0,67.0,90.0,104.0,218.0,40.0,15.0,1.0,0.0,1.0,0.0
459840,207186,tomaszy,19691,GX,GIANTX,0.2,1.59,76.0,295.0,3.0,11.0,11.0,5.0,3.0,3.0,58.0,90.0,51.0,196.0,33.0,36.0,1.0,3.0,5.0,1.0
459840,207187,Ruxic,18677,NAVI,Natus Vincere,1.66,1.08,259.0,201.0,12.0,6.0,5.0,5.0,3.0,4.0,92.0,88.0,187.0,139.0,38.0,35.0,0.0,0.0,1.0,1.0
459840,207187,hiro,29867,NAVI,Natus Vincere,1.13,1.61,273.0,319.0,13.0,10.0,9.0,6.0,1.0,0.0,75.0,88.0,162.0,184.0,28.0,57.0,1.0,2.0,1.0,1.0
459840,207187,Shao,384,NAVI,Natus Vincere,1.47,0.75,216.0,129.0,10.0,4.0,6.0,5.0,2.0,0.0,83.0,75.0,149.0,105.0,36.0,38.0,2.0,0.0,0.0,1.0
459840,207187,ANGE1,109,NAVI,Natus Vincere,0.75,1.61,199.0,253.0,8.0,7.0,9.0,4.0,3.0,4.0,67.0,100.0,142.0,187.0,52.0,58.0,2.0,1.0,1.0,0.0
459840,207187,koalanoob,3722,NAVI,Natus Vincere,0.34,1.28,141.0,262.0,5.0,7.0,11.0,5.0,2.0,3.0,67.0,63.0,99.0,171.0,26.0,30.0,1.0,2.0,3.0,0.0
459840,207187,westside,34684,GX,GIANTX,1.2,1.04,269.0,217.0,9.0,9.0,7.0,10.0,1.0,2.0,63.0,58.0,163.0,141.0,33.0,39.0,1.0,0.0,1.0,0.0
459840,207187,purp0,1885,GX,GIANTX,1.05,0.9,182.0,147.0,6.0,7.0,6.0,10.0,4.0,5.0,75.0,67.0,114.0,99.0,50.0,46.0,0.0,2.0,1.0,1.0
459840,207187,runneR,21610,GX,GIANTX,0.83,0.79,166.0,210.0,4.0,7.0,6.0,10.0,4.0,1.0,63.0,67.0,129.0,134.0,22.0,26.0,0.0,2.0,0.0,1.0
459840,207187,Cloud,4181,GX,GIANTX,0.49,0.89,126.0,219.0,3.0,9.0,7.0,9.0,4.0,3.0,63.0,75.0,87.0,134.0,0.0,32.0,0.0,0.0,1.0,2.0
459840,207187,tomaszy,19691,GX,GIANTX,0.2,0.79,103.0,197.0,3.0,8.0,8.0,9.0,1.0,3.0,50.0,67.0,61.0,118.0,80.0,15.0,2.0,2.0,2.0,2.0
459840,207188,hiro,29867,NAVI,Natus Vincere,3.68,2.57,365.0,400.0,2.0,20.0,0.0,2.0,1.0,6.0,100.0,100.0,186.0,269.0,67.0,24.0,0.0,1.0,0.0,0.0
459840,207188,koalanoob,3722,NAVI,Natus Vincere,4.07,1.56,683.0,333.0,3.0,13.0,0.0,7.0,0.0,5.0,100.0,83.0,299.0,228.0,13.0,10.0,1.0,4.0,0.0,0.0
459840,207188,Ruxic,18677,NAVI,Natus Vincere,0.09,1.62,25.0,230.0,0.0,10.0,1.0,3.0,1.0,9.0,100.0,92.0,0.0,134.0,,19.0,0.0,2.0,0.0,0.0
459840,207188,ANGE1,109,NAVI,Natus Vincere,1.74,1.1,174.0,185.0,0.0,9.0,0.0,6.0,2.0,1.0,100.0,83.0,175.0,129.0,14.0,33.0,0.0,2.0,0.0,0.0
459840,207188,Shao,384,NAVI,Natus Vincere,0.02,0.92,0.0,148.0,0.0,6.0,1.0,6.0,0.0,2.0,100.0,75.0,0.0,90.0,,43.0,0.0,3.0,0.0,0.0
459840,207188,westside,34684,GX,GIANTX,0.65,0.02,178.0,,6.0,0.0,11.0,1.0,0.0,0.0,50.0,,116.0,,57.0,,0.0,0.0,1.0,0.0
459840,207188,purp0,1885,GX,GIANTX,0.62,0.02,169.0,78.0,7.0,0.0,12.0,1.0,2.0,0.0,75.0,,100.0,78.0,15.0,0.0,0.0,0.0,3.0,0.0
459840,207188,Cloud,4181,GX,GIANTX,0.51,0.51,162.0,250.0,6.0,1.0,12.0,1.0,2.0,0.0,58.0,100.0,106.0,135.0,13.0,50.0,0.0,0.0,1.0,0.0
459840,207188,tomaszy,19691,GX,GIANTX,0.32,0.88,95.0,335.0,3.0,1.0,11.0,1.0,2.0,1.0,42.0,100.0,74.0,185.0,38.0,25.0,0.0,0.0,3.0,0.0
459840,207188,runneR,21610,GX,GIANTX,0.14,0.04,78.0,50.0,2.0,0.0,12.0,1.0,1.0,2.0,17.0,100.0,57.0,,11.0,,0.0,0.0,4.0,1.0
459841,207189,kamo,14681,TL,Team Liquid,3.07,2.08,725.0,429.0,5.0,18.0,1.0,6.0,1.0,4.0,100.0,83.0,378.0,287.0,33.0,24.0,2.0,5.0,0.0,1.0
459841,207189,keiko,11494,TL,Team Liquid,1.56,1.61,83.0,243.0,1.0,12.0,0.0,5.0,2.0,6.0,100.0,92.0,33.0,164.0,0.0,38.0,0.0,1.0,0.0,1.0
459841,207189,nAts,457,TL,Team Liquid,1.93,1.41,243.0,268.0,2.0,14.0,0.0,6.0,0.0,2.0,100.0,92.0,210.0,154.0,0.0,38.0,0.0,1.0,0.0,0.0
459841,207189,Serial,18162,TL,Team Liquid,1.73,1.06,193.0,141.0,2.0,7.0,0.0,5.0,0.0,6.0,100.0,83.0,150.0,92.0,67.0,29.0,0.0,1.0,0.0,1.0
459841,207189,paTiTek,309,TL,Team Liquid,0.48,1.17,33.0,141.0,0.0,5.0,1.0,4.0,1.0,4.0,100.0,75.0,33.0,95.0,0.0,11.0,0.0,1.0,0.0,0.0
459841,207189,MrFaliN,8044,FUT,FUT Esports,0.76,0.76,157.0,125.0,5.0,1.0,11.0,2.0,5.0,1.0,58.0,50.0,111.0,58.0,17.0,0.0,0.0,0.0,2.0,0.0
459841,207189,AtaKaptan,6510,FUT,FUT Esports,0.73,0.14,183.0,56.0,7.0,0.0,11.0,2.0,3.0,2.0,50.0,50.0,105.0,45.0,24.0,75.0,1.0,0.0,2.0,0.0
459841,207189,xeus,12793,FUT,FUT Esports,0.72,0.01,196.0,,7.0,0.0,11.0,2.0,2.0,0.0,67.0,,135.0,,27.0,,2.0,0.0,3.0,2.0
459841,207189,qRaxs,1139,FUT,FUT Esports,0.54,0.59,172.0,178.0,6.0,1.0,12.0,2.0,3.0,1.0,58.0,50.0,122.0,107.0,24.0,50.0,0.0,0.0,0.0,0.0
459841,207189,yetujey,8369,FUT,FUT Esports,0.06,0.22,34.0,,1.0,0.0,11.0,2.0,2.0,0.0,33.0,,23.0,,0.0,,0.0,0.0,2.0,0.0
459841,207190,Serial,18162,TL,Team Liquid,0.91,1.68,149.0,222.0,6.0,8.0,7.0,4.0,5.0,8.0,83.0,80.0,109.0,167.0,41.0,50.0,0.0,2.0,0.0,0.0
459841,207190,kamo,14681,TL,Team Liquid,1.0,1.41,230.0,265.0,10.0,10.0,9.0,5.0,1.0,3.0,67.0,90.0,141.0,178.0,47.0,43.0,0.0,0.0,4.0,1.0
459841,207190,nAts,457,TL,Team Liquid,0.9,1.32,204.0,281.0,7.0,9.0,9.0,7.0,3.0,2.0,50.0,90.0,135.0,174.0,11.0,24.0,1.0,3.0,0.0,0.0
459841,207190,paTiTek,309,TL,Team Liquid,1.2,0.78,179.0,133.0,7.0,4.0,6.0,7.0,2.0,4.0,75.0,60.0,113.0,78.0,21.0,12.0,1.0,2.0,1.0,0.0
459841,207190,keiko,11494,TL,Team Liquid,0.69,1.3,158.0,271.0,7.0,11.0,10.0,7.0,1.0,1.0,42.0,100.0,100.0,182.0,38.0,43.0,2.0,1.0,3.0,1.0
459841,207190,AtaKaptan,6510,FUT,FUT Esports,0.99,1.13,200.0,208.0,7.0,9.0,8.0,8.0,6.0,4.0,80.0,75.0,111.0,129.0,23.0,43.0,0.0,1.0,0.0,0.0
459841,207190,xeus,12793,FUT,FUT Esports,0.97,1.15,214.0,251.0,8.0,12.0,8.0,9.0,1.0,1.0,60.0,75.0,151.0,161.0,35.0,35.0,1.0,2.0,2.0,0.0
459841,207190,yetujey,8369,FUT,FUT Esports,0.96,1.1,160.0,221.0,6.0,9.0,7.0,7.0,1.0,5.0,60.0,67.0,125.0,127.0,35.0,29.0,0.0,2.0,0.0,1.0
459841,207190,MrFaliN,8044,FUT,FUT Esports,0.31,1.14,102.0,179.0,3.0,6.0,9.0,5.0,3.0,4.0,50.0,75.0,63.0,125.0,21.0,26.0,0.0,1.0,3.0,1.0
459841,207190,qRaxs,1139,FUT,FUT Esports,0.48,0.77,165.0,150.0,6.0,5.0,10.0,8.0,3.0,4.0,70.0,67.0,124.0,111.0,36.0,22.0,1.0,2.0,3.0,2.0
459842,207192,Sayf,312,VIT,Team Vitality,1.61,0.84,239.0,138.0,12.0,6.0,5.0,8.0,2.0,3.0,75.0,73.0,138.0,110.0,41.0,23.0,0.0,0.0,1.0,0.0
459842,207192,Kicks,11134,VIT,Team Vitality,1.14,0.95,200.0,207.0,7.0,8.0,8.0,8.0,8.0,4.0,58.0,91.0,134.0,131.0,38.0,28.0,1.0,0.0,0.0,0.0
459842,207192,Derke,5022,VIT,Team Vitality,0.55,1.32,171.0,284.0,7.0,10.0,9.0,9.0,1.0,6.0,75.0,73.0,111.0,197.0,23.0,32.0,3.0,2.0,3.0,1.0
459842,207192,Less,8447,VIT,Team Vitality,0.78,0.69,138.0,170.0,5.0,6.0,7.0,8.0,4.0,1.0,92.0,64.0,81.0,100.0,17.0,60.0,0.0,2.0,1.0,2.0
459842,207192,CyvOph,13258,VIT,Team Vitality,0.84,0.05,211.0,64.0,8.0,2.0,10.0,10.0,3.0,1.0,33.0,45.0,132.0,43.0,24.0,29.0,3.0,1.0,0.0,2.0
459842,207192,Wo0t,21328,TH,Team Heretics,0.61,2.09,122.0,409.0,5.0,17.0,7.0,7.0,0.0,1.0,55.0,75.0,70.0,270.0,50.0,55.0,1.0,4.0,3.0,0.0
459842,207192,MiniBoo,18350,TH,Team Heretics,1.42,0.82,304.0,198.0,13.0,7.0,7.0,9.0,2.0,4.0,73.0,58.0,195.0,128.0,36.0,25.0,0.0,1.0,1.0,2.0
459842,207192,Boo,1144,TH,Team Heretics,1.37,0.61,180.0,114.0,7.0,5.0,4.0,8.0,6.0,2.0,91.0,50.0,101.0,82.0,45.0,33.0,2.0,0.0,0.0,3.0
459842,207192,RieNs,10971,TH,Team Heretics,1.18,0.66,283.0,113.0,11.0,4.0,8.0,8.0,3.0,3.0,91.0,67.0,175.0,76.0,77.0,33.0,1.0,0.0,1.0,0.0
459842,207192,benjyfishy,29873,TH,Team Heretics,0.94,0.81,178.0,131.0,7.0,6.0,6.0,7.0,2.0,0.0,82.0,83.0,101.0,80.0,36.0,50.0,1.0,0.0,0.0,2.0
459842,207193,Less,8447,VIT,Team Vitality,0.86,1.35,160.0,293.0,3.0,12.0,5.0,7.0,1.0,3.0,57.0,83.0,114.0,172.0,20.0,43.0,0.0,1.0,0.0,0.0
459842,207193,CyvOph,13258,VIT,Team Vitality,0.73,1.28,173.0,222.0,4.0,11.0,6.0,10.0,1.0,1.0,43.0,83.0,110.0,149.0,38.0,28.0,0.0,1.0,1.0,1.0
459842,207193,Derke,5022,VIT,Team Vitality,0.02,1.55,57.0,281.0,0.0,12.0,7.0,7.0,2.0,2.0,29.0,58.0,57.0,181.0,0.0,35.0,0.0,3.0,4.0,4.0
459842,207193,Sayf,312,VIT,Team Vitality,0.94,0.7,176.0,143.0,5.0,5.0,6.0,9.0,0.0,5.0,71.0,67.0,104.0,112.0,36.0,24.0,0.0,0.0,0.0,0.0
459842,207193,Kicks,11134,VIT,Team Vitality,0.44,0.33,112.0,88.0,2.0,2.0,6.0,10.0,1.0,5.0,29.0,67.0,75.0,68.0,17.0,5.0,0.0,0.0,2.0,2.0
459842,207193,MiniBoo,18350,TH,Team Heretics,1.38,2.44,241.0,407.0,11.0,11.0,8.0,2.0,3.0,0.0,83.0,100.0,169.0,259.0,48.0,31.0,3.0,3.0,1.0,0.0
459842,207193,Wo0t,21328,TH,Team Heretics,1.39,1.36,335.0,214.0,14.0,6.0,9.0,3.0,4.0,1.0,92.0,86.0,201.0,134.0,35.0,31.0,2.0,1.0,1.0,0.0
459842,207193,Boo,1144,TH,Team Heretics,0.67,1.21,130.0,125.0,5.0,3.0,8.0,2.0,1.0,3.0,67.0,86.0,86.0,62.0,26.0,8.0,1.0,2.0,0.0,0.0
459842,207193,RieNs,10971,TH,Team Heretics,0.67,1.04,132.0,257.0,6.0,6.0,8.0,4.0,4.0,2.0,83.0,71.0,82.0,186.0,75.0,55.0,1.0,1.0,1.0,0.0
459842,207193,benjyfishy,29873,TH,Team Heretics,0.6,0.89,159.0,141.0,7.0,4.0,9.0,3.0,2.0,1.0,67.0,71.0,120.0,104.0,46.0,57.0,0.0,0.0,2.0,0.0
459843,207195,batujnax,18615,APK,Apeks,0.81,1.33,149.0,304.0,3.0,12.0,4.0,10.0,0.0,4.0,50.0,92.0,94.0,194.0,22.0,47.0,1.0,1.0,0.0,1.0
459843,207195,Governor,3980,APK,Apeks,0.44,1.05,55.0,229.0,1.0,8.0,4.0,9.0,1.0,2.0,50.0,58.0,54.0,151.0,17.0,10.0,0.0,0.0,1.0,1.0
459843,207195,AvovA,1507,APK,Apeks,1.18,0.56,239.0,125.0,4.0,5.0,4.0,10.0,5.0,4.0,100.0,50.0,158.0,82.0,43.0,45.0,0.0,2.0,1.0,2.0
459843,207195,MOLSI,1281,APK,Apeks,1.22,0.29,246.0,60.0,6.0,1.0,4.0,9.0,1.0,3.0,100.0,25.0,134.0,62.0,42.0,14.0,0.0,0.0,0.0,2.0
459843,207195,florescent,17976,APK,Apeks,0.64,0.56,150.0,120.0,3.0,5.0,5.0,10.0,2.0,0.0,50.0,58.0,77.0,81.0,22.0,30.0,2.0,2.0,1.0,1.0
459843,207195,kaajak,9554,FNC,FNATIC,1.66,1.54,329.0,341.0,15.0,7.0,7.0,4.0,0.0,2.0,83.0,83.0,234.0,236.0,39.0,12.0,4.0,0.0,2.0,1.0
459843,207195,crashies,4,FNC,FNATIC,1.54,1.04,299.0,110.0,14.0,2.0,7.0,3.0,4.0,6.0,83.0,100.0,197.0,95.0,38.0,33.0,1.0,0.0,1.0,1.0
459843,207195,Alfajer,9810,FNC,FNATIC,1.33,0.63,213.0,144.0,10.0,4.0,5.0,5.0,0.0,1.0,83.0,67.0,141.0,96.0,26.0,20.0,1.0,1.0,0.0,1.0
459843,207195,Chronicle,458,FNC,FNATIC,1.0,0.94,150.0,148.0,6.0,3.0,6.0,3.0,3.0,0.0,75.0,83.0,113.0,89.0,24.0,38.0,1.0,1.0,0.0,0.0
459843,207195,Boaster,438,FNC,FNATIC,0.58,1.51,73.0,186.0,3.0,5.0,6.0,2.0,2.0,0.0,83.0,83.0,49.0,104.0,15.0,29.0,0.0,1.0,2.0,0.0
459843,207196,batujnax,18615,APK,Apeks,1.82,0.81,306.0,194.0,17.0,10.0,7.0,14.0,6.0,1.0,87.0,60.0,207.0,110.0,33.0,35.0,4.0,3.0,1.0,2.0
459843,207196,florescent,17976,APK,Apeks,1.17,1.18,241.0,236.0,13.0,12.0,8.0,12.0,2.0,3.0,60.0,60.0,175.0,162.0,36.0,24.0,1.0,1.0,5.0,1.0
459843,207196,MOLSI,1281,APK,Apeks,1.16,0.75,164.0,205.0,9.0,9.0,6.0,12.0,2.0,5.0,73.0,53.0,104.0,145.0,24.0,24.0,0.0,2.0,0.0,1.0
459843,207196,Governor,3980,APK,Apeks,0.95,0.59,133.0,130.0,7.0,6.0,9.0,12.0,5.0,3.0,87.0,53.0,89.0,87.0,25.0,24.0,2.0,1.0,2.0,4.0
459843,207196,AvovA,1507,APK,Apeks,0.86,0.68,191.0,128.0,9.0,7.0,11.0,11.0,6.0,4.0,67.0,73.0,112.0,93.0,22.0,47.0,0.0,0.0,0.0,0.0
459843,207196,kaajak,9554,FNC,FNATIC,1.3,1.21,228.0,286.0,13.0,14.0,7.0,12.0,3.0,2.0,67.0,67.0,158.0,187.0,40.0,48.0,3.0,4.0,3.0,3.0
459843,207196,Chronicle,458,FNC,FNATIC,1.11,1.19,220.0,248.0,12.0,13.0,10.0,9.0,5.0,1.0,73.0,87.0,143.0,167.0,35.0,40.0,2.0,2.0,0.0,1.0
459843,207196,Alfajer,9810,FNC,FNATIC,1.52,0.49,333.0,141.0,19.0,6.0,9.0,12.0,2.0,2.0,87.0,53.0,213.0,108.0,19.0,17.0,3.0,0.0,1.0,1.0
459843,207196,crashies,4,FNC,FNATIC,0.97,0.52,140.0,67.0,7.0,4.0,9.0,11.0,6.0,4.0,67.0,40.0,98.0,60.0,30.0,18.0,0.0,0.0,1.0,1.0
459843,207196,Boaster,438,FNC,FNATIC,0.95,0.44,184.0,91.0,10.0,4.0,10.0,11.0,6.0,2.0,80.0,53.0,112.0,65.0,23.0,22.0,0.0,2.0,2.0,1.0
459844,207198,marteen,10307,KC,Karmine Corp,0.91,1.99,228.0,376.0,9.0,18.0,10.0,6.0,5.0,2.0,77.0,85.0,145.0,247.0,35.0,67.0,3.0,3.0,4.0,1.0
459844,207198,SUYGETSU,2858,KC,Karmine Corp,1.59,0.77,228.0,149.0,13.0,5.0,7.0,8.0,4.0,8.0,85.0,85.0,183.0,88.0,75.0,33.0,1.0,1.0,0.0,1.0
459844,207198,saadhak,727,KC,Karmine Corp,1.21,0.76,211.0,152.0,8.0,6.0,9.0,8.0,8.0,4.0,85.0,54.0,153.0,119.0,27.0,33.0,1.0,1.0,0.0,1.0
459844,207198,Avez,5654,KC,Karmine Corp,0.35,1.36,96.0,337.0,4.0,16.0,11.0,9.0,2.0,2.0,46.0,69.0,79.0,225.0,31.0,42.0,0.0,2.0,2.0,3.0
459844,207198,Elite,16459,KC,Karmine Corp,0.95,0.26,162.0,25.0,8.0,1.0,9.0,9.0,3.0,0.0,85.0,69.0,98.0,18.0,20.0,17.0,2.0,0.0,0.0,0.0
459844,207198,kamyk,1475,M8,Gentle Mates,1.76,1.33,318.0,291.0,15.0,14.0,7.0,9.0,2.0,8.0,77.0,85.0,200.0,175.0,48.0,48.0,1.0,1.0,0.0,0.0
459844,207198,Minny,23169,M8,Gentle Mates,0.72,1.42,143.0,232.0,6.0,11.0,10.0,7.0,2.0,3.0,69.0,85.0,108.0,168.0,57.0,33.0,2.0,3.0,1.0,0.0
459844,207198,Zyppan,11,M8,Gentle Mates,0.7,1.01,132.0,176.0,6.0,8.0,10.0,8.0,5.0,3.0,69.0,77.0,84.0,133.0,17.0,37.0,0.0,1.0,3.0,1.0
459844,207198,Kada,20871,M8,Gentle Mates,1.0,0.7,137.0,136.0,6.0,6.0,8.0,9.0,8.0,5.0,62.0,77.0,96.0,93.0,26.0,29.0,2.0,0.0,1.0,0.0
459844,207198,Click,7866,M8,Gentle Mates,0.67,0.65,184.0,157.0,7.0,7.0,11.0,9.0,4.0,2.0,85.0,46.0,130.0,103.0,21.0,19.0,1.0,1.0,2.0,6.0
459844,207199,Avez,5654,KC,Karmine Corp,2.83,1.59,492.0,268.0,4.0,12.0,1.0,5.0,5.0,8.0,100.0,92.0,292.0,169.0,36.0,30.0,0.0,2.0,0.0,1.0
459844,207199,marteen,10307,KC,Karmine Corp,0.82,1.7,231.0,289.0,3.0,14.0,2.0,6.0,0.0,6.0,67.0,100.0,133.0,192.0,33.0,38.0,0.0,1.0,0.0,0.0
459844,207199,SUYGETSU,2858,KC,Karmine Corp,2.02,1.38,230.0,215.0,3.0,9.0,0.0,5.0,2.0,9.0,100.0,83.0,135.0,142.0,60.0,59.0,1.0,2.0,0.0,1.0
459844,207199,Elite,16459,KC,Karmine Corp,1.95,1.29,223.0,252.0,3.0,11.0,0.0,7.0,0.0,3.0,100.0,83.0,188.0,160.0,67.0,44.0,0.0,1.0,0.0,2.0
459844,207199,saadhak,727,KC,Karmine Corp,1.36,1.23,165.0,209.0,2.0,8.0,2.0,6.0,3.0,8.0,100.0,83.0,80.0,126.0,67.0,25.0,1.0,1.0,1.0,1.0
459844,207199,Click,7866,M8,Gentle Mates,1.6,0.22,331.0,124.0,13.0,1.0,9.0,3.0,1.0,2.0,58.0,67.0,191.0,70.0,50.0,50.0,4.0,1.0,2.0,2.0
459844,207199,Kada,20871,M8,Gentle Mates,0.62,0.27,175.0,93.0,8.0,1.0,12.0,3.0,2.0,0.0,58.0,33.0,104.0,80.0,19.0,33.0,0.0,0.0,2.0,0.0
459844,207199,Zyppan,11,M8,Gentle Mates,0.42,0.46,108.0,166.0,4.0,2.0,11.0,3.0,3.0,0.0,50.0,33.0,71.0,90.0,36.0,14.0,0.0,0.0,2.0,0.0
459844,207199,kamyk,1475,M8,Gentle Mates,0.23,0.07,100.0,30.0,3.0,0.0,11.0,3.0,1.0,1.0,42.0,33.0,62.0,30.0,36.0,50.0,0.0,0.0,1.0,0.0
459844,207199,Minny,23169,M8,Gentle Mates,0.05,0.3,33.0,121.0,1.0,1.0,11.0,3.0,0.0,0.0,42.0,33.0,30.0,89.0,40.0,0.0,1.0,0.0,0.0,0.0
459845,207201,Kicks,11134,VIT,Team Vitality,1.63,2.16,286.0,335.0,6.0,16.0,5.0,6.0,5.0,10.0,83.0,100.0,160.0,206.0,36.0,38.0,0.0,1.0,0.0,2.0
459845,207201,Sayf,312,VIT,Team Vitality,0.61,1.68,169.0,297.0,2.0,14.0,5.0,6.0,2.0,5.0,83.0,92.0,122.0,192.0,10.0,21.0,0.0,1.0,0.0,0.0
459845,207201,CyvOph,13258,VIT,Team Vitality,1.24,1.12,220.0,203.0,5.0,8.0,4.0,6.0,4.0,9.0,100.0,100.0,138.0,129.0,19.0,31.0,0.0,1.0,0.0,0.0
459845,207201,Derke,5022,VIT,Team Vitality,0.66,1.4,173.0,207.0,4.0,10.0,5.0,5.0,1.0,3.0,50.0,83.0,114.0,136.0,38.0,13.0,2.0,4.0,3.0,2.0
459845,207201,Less,8447,VIT,Team Vitality,0.5,0.81,172.0,180.0,4.0,8.0,6.0,8.0,0.0,3.0,50.0,58.0,114.0,137.0,80.0,38.0,0.0,0.0,1.0,1.0
459845,207201,AvovA,1507,APK,Apeks,0.72,1.48,137.0,220.0,5.0,5.0,10.0,3.0,2.0,3.0,58.0,100.0,99.0,145.0,39.0,22.0,1.0,0.0,0.0,0.0
459845,207201,MOLSI,1281,APK,Apeks,0.75,1.29,186.0,268.0,7.0,7.0,10.0,4.0,1.0,0.0,67.0,83.0,134.0,169.0,27.0,43.0,2.0,0.0,2.0,1.0
459845,207201,batujnax,18615,APK,Apeks,0.61,0.77,187.0,177.0,7.0,4.0,12.0,4.0,3.0,2.0,67.0,67.0,127.0,139.0,24.0,10.0,0.0,0.0,1.0,0.0
459845,207201,florescent,17976,APK,Apeks,0.57,0.83,193.0,263.0,7.0,6.0,12.0,6.0,4.0,0.0,75.0,83.0,116.0,177.0,30.0,42.0,1.0,3.0,3.0,1.0
459845,207201,Governor,3980,APK,Apeks,0.45,0.91,131.0,138.0,5.0,3.0,12.0,4.0,2.0,2.0,50.0,67.0,83.0,106.0,55.0,20.0,1.0,1.0,1.0,0.0
459845,207202,Kicks,11134,VIT,Team Vitality,2.11,1.22,256.0,226.0,11.0,9.0,2.0,9.0,12.0,7.0,100.0,67.0,143.0,142.0,28.0,11.0,0.0,1.0,0.0,1.0
459845,207202,Less,8447,VIT,Team Vitality,0.99,1.78,170.0,326.0,7.0,13.0,6.0,8.0,3.0,5.0,82.0,75.0,125.0,205.0,29.0,20.0,1.0,1.0,0.0,0.0
459845,207202,CyvOph,13258,VIT,Team Vitality,1.2,0.8,195.0,187.0,10.0,8.0,6.0,10.0,3.0,1.0,82.0,58.0,115.0,114.0,25.0,25.0,1.0,0.0,2.0,2.0
459845,207202,Derke,5022,VIT,Team Vitality,1.44,0.39,332.0,134.0,14.0,5.0,8.0,11.0,0.0,2.0,91.0,58.0,199.0,80.0,15.0,10.0,4.0,2.0,1.0,3.0
459845,207202,Sayf,312,VIT,Team Vitality,0.64,0.15,138.0,67.0,4.0,2.0,7.0,11.0,4.0,2.0,73.0,50.0,100.0,56.0,14.0,20.0,1.0,0.0,0.0,2.0
459845,207202,MOLSI,1281,APK,Apeks,1.61,1.04,322.0,270.0,15.0,10.0,7.0,9.0,2.0,2.0,92.0,73.0,190.0,158.0,39.0,38.0,5.0,1.0,0.0,0.0
459845,207202,batujnax,18615,APK,Apeks,1.6,0.6,368.0,141.0,16.0,5.0,9.0,10.0,6.0,3.0,92.0,64.0,216.0,97.0,26.0,21.0,2.0,1.0,1.0,1.0
459845,207202,florescent,17976,APK,Apeks,0.82,0.94,180.0,175.0,8.0,8.0,8.0,8.0,4.0,2.0,75.0,64.0,120.0,93.0,42.0,17.0,0.0,1.0,3.0,2.0
459845,207202,AvovA,1507,APK,Apeks,0.92,0.26,102.0,93.0,4.0,3.0,6.0,10.0,6.0,3.0,92.0,45.0,68.0,53.0,33.0,22.0,1.0,0.0,0.0,3.0
459845,207202,Governor,3980,APK,Apeks,0.64,0.34,121.0,131.0,6.0,3.0,7.0,10.0,0.0,5.0,67.0,73.0,70.0,103.0,31.0,12.0,0.0,0.0,0.0,1.0
459846,212700,kamo,14681,TL,Team Liquid,1.69,1.06,316.0,153.0,15.0,3.0,6.0,3.0,2.0,2.0,75.0,100.0,210.0,105.0,26.0,25.0,1.0,0.0,2.0,0.0
459846,212700,keiko,11494,TL,Team Liquid,1.14,1.59,247.0,287.0,11.0,6.0,9.0,4.0,2.0,1.0,83.0,83.0,153.0,206.0,29.0,24.0,1.0,2.0,1.0,0.0
459846,212700,paTiTek,309,TL,Team Liquid,0.74,1.76,157.0,260.0,5.0,7.0,8.0,3.0,7.0,3.0,83.0,100.0,111.0,150.0,15.0,19.0,0.0,2.0,0.0,0.0
459846,212700,nAts,457,TL,Team Liquid,0.87,1.4,228.0,328.0,10.0,8.0,9.0,5.0,0.0,0.0,67.0,83.0,149.0,203.0,47.0,28.0,3.0,0.0,4.0,1.0
459846,212700,Serial,18162,TL,Team Liquid,0.79,1.07,138.0,240.0,5.0,5.0,8.0,4.0,6.0,7.0,92.0,83.0,96.0,125.0,47.0,20.0,0.0,1.0,0.0,0.0
459846,212700,sheydos,1428,MKOI,Movistar KOI (KOI),0.42,1.42,137.0,261.0,2.0,10.0,6.0,8.0,2.0,6.0,67.0,75.0,102.0,183.0,30.0,48.0,1.0,0.0,0.0,0.0
459846,212700,soulcas,101,MKOI,Movistar KOI (KOI),1.23,0.84,257.0,186.0,6.0,8.0,5.0,9.0,1.0,1.0,83.0,75.0,173.0,121.0,36.0,41.0,0.0,3.0,1.0,2.0
459846,212700,flyuh,3685,MKOI,Movistar KOI (KOI),0.44,1.08,186.0,242.0,4.0,10.0,6.0,9.0,0.0,6.0,50.0,75.0,125.0,147.0,27.0,11.0,0.0,1.0,3.0,1.0
459846,212700,Filu,4544,MKOI,Movistar KOI (KOI),0.49,0.64,176.0,166.0,4.0,7.0,6.0,10.0,0.0,2.0,50.0,58.0,102.0,107.0,19.0,30.0,0.0,3.0,1.0,0.0
459846,212700,grubinho,5550,MKOI,Movistar KOI (KOI),0.55,0.58,164.0,121.0,3.0,5.0,6.0,10.0,3.0,5.0,83.0,67.0,92.0,80.0,33.0,50.0,0.0,0.0,0.0,2.0
459846,212701,keiko,11494,TL,Team Liquid,1.57,1.21,299.0,206.0,11.0,10.0,7.0,9.0,5.0,3.0,80.0,75.0,210.0,138.0,38.0,44.0,0.0,0.0,0.0,0.0
459846,212701,nAts,457,TL,Team Liquid,0.96,1.35,162.0,207.0,6.0,10.0,5.0,7.0,1.0,6.0,80.0,83.0,115.0,135.0,12.0,27.0,0.0,1.0,0.0,0.0
459846,212701,kamo,14681,TL,Team Liquid,0.76,0.95,172.0,176.0,6.0,13.0,7.0,8.0,0.0,1.0,80.0,83.0,105.0,123.0,21.0,54.0,3.0,2.0,4.0,1.0
459846,212701,Serial,18162,TL,Team Liquid,1.12,0.22,220.0,62.0,8.0,6.0,6.0,9.0,2.0,4.0,60.0,67.0,154.0,38.0,47.0,29.0,0.0,0.0,0.0,3.0
459846,212701,paTiTek,309,TL,Team Liquid,1.02,0.28,157.0,55.0,6.0,5.0,6.0,8.0,2.0,4.0,80.0,58.0,91.0,35.0,46.0,0.0,3.0,0.0,0.0,2.0
459846,212701,soulcas,101,MKOI,Movistar KOI (KOI),1.15,1.55,151.0,321.0,8.0,11.0,5.0,9.0,0.0,1.0,75.0,90.0,104.0,204.0,55.0,44.0,1.0,0.0,0.0,0.0
459846,212701,sheydos,1428,MKOI,Movistar KOI (KOI),1.13,1.0,151.0,153.0,6.0,6.0,5.0,9.0,4.0,1.0,83.0,60.0,108.0,121.0,19.0,32.0,0.0,0.0,1.0,1.0
459846,212701,Filu,4544,MKOI,Movistar KOI (KOI),1.15,0.58,247.0,190.0,10.0,9.0,8.0,12.0,1.0,2.0,83.0,50.0,144.0,132.0,37.0,18.0,4.0,1.0,0.0,1.0
459846,212701,flyuh,3685,MKOI,Movistar KOI (KOI),1.15,0.46,180.0,125.0,7.0,4.0,5.0,11.0,4.0,2.0,92.0,50.0,128.0,60.0,25.0,43.0,1.0,2.0,1.0,3.0
459846,212701,grubinho,5550,MKOI,Movistar KOI (KOI),0.88,0.7,121.0,158.0,6.0,5.0,6.0,11.0,1.0,3.0,83.0,80.0,86.0,95.0,43.0,7.0,0.0,1.0,1.0,1.0
459847,207207,Kada,20871,M8,Gentle Mates,1.13,1.74,218.0,360.0,10.0,16.0,9.0,9.0,3.0,4.0,69.0,100.0,142.0,232.0,36.0,30.0,0.0,3.0,1.0,1.0
459847,207207,kamyk,1475,M8,Gentle Mates,1.14,1.35,230.0,251.0,12.0,12.0,8.0,7.0,2.0,0.0,77.0,77.0,152.0,177.0,52.0,39.0,0.0,1.0,0.0,1.0
459847,207207,Click,7866,M8,Gentle Mates,1.14,0.85,244.0,167.0,11.0,7.0,9.0,8.0,0.0,2.0,62.0,85.0,140.0,104.0,43.0,50.0,2.0,2.0,1.0,1.0
459847,207207,Minny,23169,M8,Gentle Mates,1.23,0.65,211.0,131.0,10.0,4.0,7.0,9.0,3.0,8.0,69.0,69.0,127.0,89.0,36.0,28.0,2.0,1.0,4.0,0.0
459847,207207,Zyppan,11,M8,Gentle Mates,0.29,0.41,99.0,90.0,3.0,4.0,11.0,10.0,2.0,1.0,69.0,54.0,71.0,65.0,14.0,44.0,0.0,2.0,3.0,1.0
459847,207207,LewN,20144,BBL,BBL Esports,1.44,1.23,290.0,265.0,13.0,11.0,8.0,10.0,1.0,3.0,69.0,62.0,183.0,160.0,19.0,40.0,2.0,5.0,5.0,2.0
459847,207207,Jamppi,9780,BBL,BBL Esports,1.15,1.42,195.0,239.0,9.0,11.0,8.0,7.0,6.0,4.0,85.0,77.0,122.0,146.0,11.0,24.0,0.0,0.0,0.0,0.0
459847,207207,sociablEE,5568,BBL,BBL Esports,0.85,1.04,173.0,166.0,7.0,9.0,10.0,7.0,5.0,1.0,85.0,69.0,122.0,104.0,29.0,15.0,1.0,0.0,1.0,0.0
459847,207207,PROFEK,5554,BBL,BBL Esports,0.98,0.58,181.0,162.0,9.0,6.0,8.0,11.0,4.0,6.0,85.0,85.0,117.0,114.0,17.0,14.0,0.0,4.0,2.0,1.0
459847,207207,MAGNUM,2173,BBL,BBL Esports,0.62,0.54,104.0,146.0,5.0,7.0,9.0,11.0,3.0,3.0,69.0,62.0,64.0,86.0,24.0,13.0,1.0,0.0,1.0,1.0
459847,207208,Minny,23169,M8,Gentle Mates,1.09,0.08,218.0,75.0,9.0,1.0,10.0,3.0,1.0,0.0,58.0,33.0,135.0,32.0,43.0,33.0,1.0,0.0,2.0,1.0
459847,207208,Kada,20871,M8,Gentle Mates,0.81,0.66,158.0,173.0,7.0,2.0,10.0,3.0,5.0,0.0,67.0,67.0,106.0,79.0,47.0,100.0,0.0,1.0,1.0,0.0
459847,207208,Click,7866,M8,Gentle Mates,0.8,0.02,196.0,77.0,8.0,1.0,11.0,3.0,2.0,0.0,58.0,33.0,134.0,37.0,47.0,0.0,1.0,0.0,0.0,1.0
459847,207208,kamyk,1475,M8,Gentle Mates,0.64,0.15,133.0,49.0,4.0,0.0,11.0,3.0,5.0,2.0,67.0,67.0,86.0,41.0,27.0,0.0,0.0,0.0,1.0,0.0
459847,207208,Zyppan,11,M8,Gentle Mates,0.05,0.79,53.0,152.0,1.0,2.0,12.0,3.0,3.0,0.0,50.0,33.0,43.0,110.0,10.0,50.0,1.0,0.0,5.0,0.0
459847,207208,sociablEE,5568,BBL,BBL Esports,3.87,2.3,561.0,387.0,8.0,18.0,0.0,4.0,1.0,6.0,100.0,92.0,338.0,268.0,45.0,36.0,0.0,2.0,0.0,0.0
459847,207208,Jamppi,9780,BBL,BBL Esports,1.11,1.51,116.0,192.0,1.0,10.0,1.0,3.0,3.0,7.0,100.0,83.0,104.0,106.0,100.0,19.0,0.0,1.0,0.0,1.0
459847,207208,MAGNUM,2173,BBL,BBL Esports,1.57,1.34,240.0,239.0,2.0,9.0,1.0,6.0,3.0,4.0,100.0,75.0,144.0,172.0,6.0,27.0,0.0,3.0,0.0,0.0
459847,207208,PROFEK,5554,BBL,BBL Esports,1.03,0.98,122.0,218.0,1.0,9.0,1.0,8.0,3.0,7.0,67.0,83.0,84.0,131.0,0.0,19.0,0.0,1.0,0.0,0.0
459847,207208,LewN,20144,BBL,BBL Esports,0.95,0.78,322.0,192.0,3.0,8.0,3.0,8.0,1.0,3.0,100.0,67.0,171.0,131.0,22.0,38.0,2.0,2.0,1.0,2.0
459848,207210,ara,11332,GX,GIANTX,0.8,1.62,214.0,277.0,10.0,11.0,9.0,6.0,1.0,1.0,67.0,82.0,140.0,182.0,15.0,35.0,3.0,2.0,4.0,2.0
459848,207210,Cloud,4181,GX,GIANTX,0.85,1.45,159.0,277.0,7.0,11.0,8.0,7.0,1.0,1.0,58.0,73.0,109.0,169.0,44.0,26.0,2.0,2.0,0.0,0.0
459848,207210,Flickless,6959,GX,GIANTX,1.1,0.88,201.0,207.0,8.0,8.0,7.0,8.0,2.0,2.0,83.0,45.0,140.0,131.0,33.0,35.0,1.0,0.0,2.0,3.0
459848,207210,westside,34684,GX,GIANTX,1.0,1.01,168.0,177.0,8.0,7.0,7.0,7.0,3.0,2.0,92.0,82.0,128.0,124.0,41.0,50.0,0.0,0.0,0.0,0.0
459848,207210,purp0,1885,GX,GIANTX,1.18,0.7,172.0,87.0,7.0,3.0,6.0,6.0,8.0,3.0,83.0,45.0,124.0,51.0,35.0,50.0,0.0,0.0,0.0,2.0
459848,207210,kaajak,9554,FNC,FNATIC,0.95,1.38,256.0,258.0,9.0,11.0,10.0,7.0,5.0,2.0,73.0,75.0,186.0,163.0,31.0,24.0,1.0,3.0,1.0,2.0
459848,207210,Alfajer,9810,FNC,FNATIC,1.12,0.93,245.0,196.0,10.0,8.0,8.0,10.0,1.0,3.0,64.0,67.0,165.0,133.0,44.0,18.0,3.0,2.0,1.0,2.0
459848,207210,Boaster,438,FNC,FNATIC,1.24,0.82,242.0,160.0,11.0,6.0,8.0,8.0,3.0,3.0,55.0,58.0,159.0,106.0,36.0,23.0,3.0,0.0,0.0,1.0
459848,207210,Chronicle,458,FNC,FNATIC,0.71,1.05,125.0,153.0,4.0,6.0,7.0,6.0,4.0,3.0,73.0,58.0,98.0,109.0,27.0,14.0,0.0,0.0,2.0,0.0
459848,207210,crashies,4,FNC,FNATIC,0.27,0.75,31.0,145.0,0.0,6.0,7.0,9.0,3.0,2.0,55.0,67.0,28.0,100.0,0.0,25.0,0.0,1.0,0.0,1.0
459848,207211,ara,11332,GX,GIANTX,1.05,0.87,248.0,185.0,10.0,3.0,10.0,4.0,3.0,1.0,83.0,67.0,156.0,122.0,46.0,23.0,3.0,0.0,2.0,2.0
459848,207211,westside,34684,GX,GIANTX,0.92,1.05,226.0,233.0,9.0,6.0,10.0,4.0,4.0,1.0,75.0,67.0,141.0,153.0,56.0,44.0,3.0,0.0,1.0,0.0
459848,207211,purp0,1885,GX,GIANTX,0.63,1.42,109.0,271.0,6.0,6.0,9.0,4.0,1.0,2.0,67.0,83.0,79.0,200.0,46.0,69.0,0.0,1.0,0.0,0.0
459848,207211,Flickless,6959,GX,GIANTX,0.7,0.45,143.0,121.0,5.0,3.0,9.0,5.0,5.0,1.0,58.0,67.0,101.0,66.0,27.0,33.0,0.0,0.0,1.0,1.0
459848,207211,Cloud,4181,GX,GIANTX,0.36,0.98,96.0,210.0,4.0,5.0,11.0,5.0,3.0,1.0,75.0,50.0,58.0,134.0,13.0,63.0,1.0,1.0,1.0,1.0
459848,207211,crashies,4,FNC,FNATIC,1.03,1.6,152.0,220.0,4.0,10.0,4.0,4.0,0.0,7.0,67.0,83.0,99.0,161.0,57.0,56.0,0.0,1.0,1.0,0.0
459848,207211,Alfajer,9810,FNC,FNATIC,0.86,1.35,161.0,271.0,4.0,13.0,4.0,9.0,2.0,1.0,67.0,67.0,114.0,190.0,63.0,23.0,0.0,0.0,0.0,1.0
459848,207211,kaajak,9554,FNC,FNATIC,1.25,1.13,305.0,230.0,6.0,10.0,5.0,7.0,1.0,0.0,83.0,58.0,159.0,142.0,5.0,35.0,2.0,1.0,1.0,2.0
459848,207211,Boaster,438,FNC,FNATIC,0.88,1.27,175.0,199.0,3.0,8.0,4.0,5.0,5.0,4.0,83.0,75.0,128.0,126.0,23.0,11.0,0.0,1.0,0.0,1.0
459848,207211,Chronicle,458,FNC,FNATIC,0.84,0.97,223.0,213.0,5.0,8.0,6.0,9.0,1.0,6.0,100.0,83.0,150.0,130.0,55.0,11.0,2.0,2.0,0.0,3.0
459848,207212,Flickless,6959,GX,GIANTX,1.34,1.14,212.0,207.0,10.0,9.0,8.0,7.0,6.0,3.0,83.0,64.0,145.0,130.0,45.0,18.0,1.0,2.0,0.0,2.0
459848,207212,Cloud,4181,GX,GIANTX,1.62,0.7,375.0,161.0,16.0,6.0,9.0,8.0,2.0,1.0,83.0,73.0,236.0,104.0,30.0,45.0,2.0,0.0,1.0,1.0
459848,207212,westside,34684,GX,GIANTX,0.64,0.99,122.0,182.0,6.0,7.0,9.0,8.0,1.0,3.0,67.0,45.0,83.0,112.0,60.0,54.0,0.0,0.0,0.0,1.0
459848,207212,purp0,1885,GX,GIANTX,0.78,0.6,147.0,139.0,6.0,5.0,9.0,9.0,7.0,4.0,50.0,55.0,112.0,85.0,42.0,22.0,1.0,1.0,3.0,1.0
459848,207212,ara,11332,GX,GIANTX,0.18,0.77,124.0,189.0,5.0,7.0,12.0,9.0,0.0,2.0,67.0,73.0,78.0,122.0,25.0,38.0,2.0,3.0,2.0,0.0
459848,207212,crashies,4,FNC,FNATIC,1.43,1.6,270.0,295.0,11.0,12.0,6.0,8.0,2.0,4.0,73.0,92.0,169.0,199.0,50.0,37.0,1.0,1.0,1.0,1.0
459848,207212,kaajak,9554,FNC,FNATIC,0.98,1.5,188.0,290.0,6.0,14.0,8.0,8.0,5.0,2.0,64.0,92.0,140.0,172.0,30.0,16.0,2.0,2.0,2.0,1.0
459848,207212,Alfajer,9810,FNC,FNATIC,1.66,0.7,394.0,163.0,16.0,6.0,8.0,10.0,2.0,6.0,82.0,100.0,264.0,114.0,28.0,38.0,1.0,2.0,2.0,1.0
459848,207212,Boaster,438,FNC,FNATIC,0.59,1.12,94.0,202.0,4.0,9.0,7.0,8.0,3.0,7.0,55.0,75.0,66.0,148.0,18.0,24.0,0.0,0.0,0.0,1.0
459848,207212,Chronicle,458,FNC,FNATIC,0.94,0.74,124.0,164.0,4.0,6.0,5.0,9.0,3.0,4.0,73.0,67.0,91.0,111.0,11.0,39.0,1.0,1.0,1.0,2.0
459849,207214,saadhak,727,KC,Karmine Corp,0.75,1.81,125.0,430.0,4.0,9.0,8.0,6.0,6.0,1.0,75.0,67.0,85.0,253.0,22.0,24.0,0.0,1.0,3.0,0.0
459849,207214,marteen,10307,KC,Karmine Corp,1.39,0.4,332.0,116.0,14.0,2.0,10.0,5.0,2.0,0.0,83.0,33.0,211.0,73.0,28.0,33.0,5.0,1.0,3.0,1.0
459849,207214,SUYGETSU,2858,KC,Karmine Corp,1.3,0.35,220.0,134.0,11.0,2.0,8.0,5.0,6.0,2.0,83.0,83.0,140.0,93.0,29.0,50.0,0.0,0.0,0.0,1.0
459849,207214,Avez,5654,KC,Karmine Corp,0.58,0.26,154.0,99.0,7.0,1.0,10.0,6.0,0.0,1.0,75.0,50.0,106.0,82.0,33.0,44.0,1.0,0.0,0.0,0.0
459849,207214,Elite,16459,KC,Karmine Corp,0.47,0.02,94.0,54.0,3.0,1.0,10.0,6.0,4.0,0.0,58.0,17.0,77.0,39.0,33.0,0.0,0.0,0.0,0.0,2.0
459849,207214,xeus,12793,FUT,FUT Esports,2.4,1.16,487.0,296.0,11.0,13.0,3.0,9.0,1.0,1.0,83.0,75.0,301.0,191.0,45.0,58.0,4.0,1.0,1.0,2.0
459849,207214,MrFaliN,8044,FUT,FUT Esports,2.11,1.19,276.0,157.0,7.0,5.0,2.0,6.0,4.0,8.0,83.0,67.0,182.0,104.0,44.0,23.0,0.0,1.0,1.0,1.0
459849,207214,AtaKaptan,6510,FUT,FUT Esports,1.08,1.16,225.0,220.0,5.0,9.0,4.0,8.0,4.0,7.0,83.0,92.0,160.0,150.0,67.0,36.0,0.0,0.0,0.0,1.0
459849,207214,yetujey,8369,FUT,FUT Esports,1.12,1.05,136.0,248.0,3.0,11.0,2.0,9.0,2.0,4.0,83.0,83.0,93.0,138.0,38.0,21.0,0.0,4.0,0.0,1.0
459849,207214,qRaxs,1139,FUT,FUT Esports,0.69,1.06,109.0,174.0,2.0,8.0,4.0,7.0,4.0,3.0,83.0,67.0,58.0,119.0,50.0,14.0,0.0,0.0,0.0,1.0
459849,207215,SUYGETSU,2858,KC,Karmine Corp,1.34,1.72,327.0,298.0,12.0,14.0,8.0,5.0,4.0,2.0,92.0,83.0,196.0,198.0,35.0,46.0,1.0,2.0,0.0,1.0
459849,207215,marteen,10307,KC,Karmine Corp,0.56,1.54,119.0,287.0,5.0,13.0,10.0,6.0,2.0,1.0,58.0,92.0,74.0,183.0,20.0,20.0,2.0,2.0,2.0,0.0
459849,207215,saadhak,727,KC,Karmine Corp,0.5,1.32,81.0,252.0,3.0,9.0,9.0,7.0,2.0,5.0,58.0,83.0,42.0,186.0,50.0,38.0,0.0,1.0,0.0,0.0
459849,207215,Avez,5654,KC,Karmine Corp,0.58,0.79,155.0,192.0,6.0,8.0,10.0,8.0,1.0,3.0,58.0,83.0,109.0,138.0,40.0,21.0,2.0,1.0,5.0,2.0
459849,207215,Elite,16459,KC,Karmine Corp,0.46,0.63,95.0,88.0,4.0,4.0,10.0,8.0,1.0,6.0,50.0,75.0,71.0,50.0,33.0,9.0,0.0,1.0,0.0,2.0
459849,207215,xeus,12793,FUT,FUT Esports,1.69,1.26,366.0,289.0,15.0,12.0,9.0,8.0,1.0,3.0,58.0,75.0,223.0,197.0,31.0,26.0,4.0,2.0,3.0,1.0
459849,207215,MrFaliN,8044,FUT,FUT Esports,0.73,1.52,166.0,284.0,4.0,11.0,9.0,6.0,5.0,8.0,67.0,83.0,134.0,189.0,39.0,35.0,0.0,3.0,0.0,1.0
459849,207215,qRaxs,1139,FUT,FUT Esports,0.85,1.26,174.0,139.0,8.0,7.0,10.0,3.0,5.0,5.0,75.0,75.0,101.0,104.0,20.0,40.0,0.0,0.0,1.0,0.0
459849,207215,yetujey,8369,FUT,FUT Esports,0.55,1.1,89.0,172.0,3.0,8.0,9.0,6.0,0.0,2.0,25.0,67.0,81.0,110.0,29.0,6.0,0.0,0.0,1.0,1.0
459849,207215,AtaKaptan,6510,FUT,FUT Esports,0.39,1.25,107.0,226.0,4.0,9.0,11.0,7.0,6.0,9.0,75.0,83.0,66.0,132.0,55.0,38.0,1.0,2.0,2.0,2.0
459849,212913,marteen,10307,KC,Karmine Corp,1.5,1.23,314.0,245.0,14.0,12.0,9.0,7.0,3.0,2.0,54.0,69.0,214.0,163.0,37.0,19.0,3.0,2.0,1.0,1.0
459849,212913,SUYGETSU,2858,KC,Karmine Corp,1.02,1.52,161.0,306.0,8.0,15.0,8.0,7.0,7.0,3.0,77.0,100.0,90.0,169.0,32.0,32.0,1.0,2.0,0.0,1.0
459849,212913,Avez,5654,KC,Karmine Corp,0.79,1.55,188.0,272.0,7.0,12.0,11.0,6.0,7.0,5.0,62.0,92.0,103.0,174.0,35.0,41.0,0.0,0.0,0.0,0.0
459849,212913,saadhak,727,KC,Karmine Corp,0.66,1.23,156.0,229.0,7.0,11.0,10.0,6.0,3.0,3.0,69.0,77.0,90.0,132.0,21.0,37.0,2.0,4.0,4.0,2.0
459849,212913,Elite,16459,KC,Karmine Corp,1.25,0.54,172.0,75.0,8.0,2.0,7.0,8.0,4.0,7.0,69.0,85.0,121.0,55.0,47.0,27.0,0.0,1.0,2.0,0.0
459849,212913,AtaKaptan,6510,FUT,FUT Esports,1.23,1.39,220.0,257.0,11.0,12.0,10.0,8.0,2.0,7.0,62.0,92.0,132.0,157.0,31.0,30.0,1.0,0.0,0.0,2.0
459849,212913,MrFaliN,8044,FUT,FUT Esports,0.51,1.22,137.0,336.0,5.0,15.0,12.0,12.0,5.0,4.0,54.0,69.0,99.0,193.0,3.0,13.0,0.0,4.0,1.0,0.0
459849,212913,yetujey,8369,FUT,FUT Esports,1.05,0.6,184.0,70.0,8.0,2.0,9.0,7.0,2.0,4.0,46.0,62.0,133.0,46.0,19.0,8.0,1.0,0.0,3.0,2.0
459849,212913,qRaxs,1139,FUT,FUT Esports,0.56,1.05,109.0,207.0,4.0,9.0,9.0,8.0,2.0,2.0,54.0,77.0,77.0,123.0,17.0,17.0,0.0,1.0,2.0,0.0
459849,212913,xeus,12793,FUT,FUT Esports,0.37,0.61,124.0,137.0,6.0,7.0,12.0,9.0,2.0,3.0,54.0,62.0,76.0,93.0,36.0,46.0,2.0,2.0,3.0,2.0
459850,207216,ANGE1,109,NAVI,Natus Vincere,1.18,0.19,240.0,26.0,10.0,0.0,10.0,4.0,1.0,0.0,75.0,,152.0,26.0,43.0,0.0,1.0,0.0,1.0,1.0
459850,207216,koalanoob,3722,NAVI,Natus Vincere,0.5,1.11,149.0,291.0,6.0,4.0,12.0,4.0,2.0,0.0,50.0,25.0,89.0,166.0,19.0,38.0,2.0,0.0,4.0,1.0
459850,207216,Ruxic,18677,NAVI,Natus Vincere,0.5,0.99,138.0,155.0,5.0,2.0,11.0,3.0,4.0,0.0,58.0,50.0,96.0,110.0,33.0,8.0,0.0,1.0,2.0,0.0
459850,207216,Shao,384,NAVI,Natus Vincere,0.79,0.01,167.0,,6.0,0.0,10.0,4.0,3.0,0.0,58.0,,140.0,,30.0,,0.0,0.0,1.0,1.0
459850,207216,hiro,29867,NAVI,Natus Vincere,0.14,0.03,82.0,23.0,3.0,0.0,12.0,4.0,1.0,1.0,42.0,25.0,65.0,23.0,29.0,0.0,0.0,0.0,1.0,0.0
459850,207216,MiniBoo,18350,TH,Team Heretics,2.49,1.5,480.0,295.0,7.0,14.0,1.0,7.0,3.0,3.0,100.0,100.0,262.0,171.0,24.0,14.0,2.0,1.0,0.0,0.0
459850,207216,RieNs,10971,TH,Team Heretics,1.19,1.77,197.0,265.0,3.0,12.0,1.0,4.0,1.0,3.0,100.0,100.0,92.0,148.0,40.0,64.0,0.0,4.0,0.0,0.0
459850,207216,benjyfishy,29873,TH,Team Heretics,1.31,1.23,134.0,177.0,3.0,9.0,1.0,5.0,1.0,1.0,100.0,83.0,76.0,124.0,17.0,64.0,0.0,0.0,0.0,1.0
459850,207216,Wo0t,21328,TH,Team Heretics,0.58,1.44,126.0,339.0,2.0,15.0,2.0,7.0,1.0,4.0,75.0,92.0,74.0,210.0,100.0,37.0,0.0,3.0,1.0,0.0
459850,207216,Boo,1144,TH,Team Heretics,1.94,0.88,309.0,149.0,4.0,5.0,1.0,7.0,2.0,8.0,100.0,83.0,187.0,103.0,63.0,33.0,1.0,1.0,0.0,2.0
459850,207217,Shao,384,NAVI,Natus Vincere,1.71,1.43,368.0,275.0,13.0,12.0,5.0,7.0,2.0,2.0,89.0,58.0,212.0,169.0,23.0,50.0,0.0,0.0,1.0,1.0
459850,207217,Ruxic,18677,NAVI,Natus Vincere,1.06,0.77,152.0,150.0,5.0,6.0,5.0,10.0,3.0,2.0,67.0,50.0,109.0,92.0,30.0,55.0,1.0,0.0,0.0,3.0
459850,207217,koalanoob,3722,NAVI,Natus Vincere,0.94,0.67,183.0,120.0,6.0,5.0,6.0,9.0,2.0,3.0,67.0,67.0,119.0,69.0,23.0,6.0,2.0,0.0,1.0,2.0
459850,207217,ANGE1,109,NAVI,Natus Vincere,0.39,0.79,98.0,161.0,4.0,5.0,8.0,8.0,1.0,3.0,56.0,58.0,64.0,106.0,33.0,20.0,0.0,0.0,1.0,3.0
459850,207217,hiro,29867,NAVI,Natus Vincere,0.64,0.53,118.0,147.0,4.0,5.0,6.0,11.0,2.0,1.0,56.0,42.0,96.0,104.0,20.0,41.0,1.0,0.0,2.0,3.0
459850,207217,MiniBoo,18350,TH,Team Heretics,1.21,1.69,255.0,302.0,11.0,9.0,7.0,6.0,4.0,5.0,75.0,78.0,159.0,190.0,43.0,42.0,3.0,2.0,0.0,0.0
459850,207217,benjyfishy,29873,TH,Team Heretics,0.85,1.29,165.0,219.0,7.0,7.0,7.0,6.0,1.0,3.0,67.0,78.0,110.0,156.0,40.0,50.0,1.0,1.0,0.0,0.0
459850,207217,RieNs,10971,TH,Team Heretics,0.83,1.2,129.0,242.0,5.0,8.0,6.0,6.0,4.0,1.0,83.0,78.0,88.0,149.0,38.0,80.0,1.0,2.0,0.0,1.0
459850,207217,Wo0t,21328,TH,Team Heretics,1.4,0.39,301.0,95.0,14.0,3.0,8.0,7.0,0.0,1.0,92.0,56.0,173.0,56.0,43.0,43.0,6.0,0.0,0.0,1.0
459850,207217,Boo,1144,TH,Team Heretics,1.11,0.68,156.0,125.0,8.0,3.0,5.0,7.0,4.0,6.0,75.0,56.0,99.0,95.0,30.0,45.0,1.0,0.0,0.0,2.0
459852,207219,PROFEK,5554,BBL,BBL Esports,1.58,0.94,262.0,169.0,24.0,13.0,13.0,16.0,12.0,15.0,92.0,63.0,169.0,113.0,38.0,18.0,2.0,0.0,2.0,1.0
459852,207219,MAGNUM,2173,BBL,BBL Esports,1.43,0.96,249.0,204.0,21.0,17.0,15.0,18.0,12.0,12.0,83.0,79.0,173.0,126.0,29.0,23.0,1.0,2.0,2.0,3.0
459852,207219,sociablEE,5568,BBL,BBL Esports,1.03,1.31,177.0,294.0,15.0,25.0,14.0,17.0,6.0,3.0,75.0,75.0,114.0,179.0,24.0,27.0,0.0,7.0,1.0,1.0
459852,207219,LewN,20144,BBL,BBL Esports,1.25,1.1,285.0,237.0,24.0,18.0,19.0,18.0,2.0,7.0,63.0,75.0,183.0,172.0,42.0,37.0,6.0,4.0,5.0,2.0
459852,207219,Jamppi,9780,BBL,BBL Esports,0.32,0.79,110.0,148.0,6.0,12.0,22.0,17.0,11.0,12.0,63.0,71.0,89.0,99.0,23.0,20.0,1.0,2.0,4.0,2.0
459852,207219,MrFaliN,8044,FUT,FUT Esports,1.25,1.49,204.0,328.0,15.0,23.0,15.0,18.0,9.0,15.0,79.0,63.0,149.0,232.0,20.0,25.0,2.0,5.0,0.0,4.0
459852,207219,qRaxs,1139,FUT,FUT Esports,1.16,1.23,210.0,228.0,19.0,21.0,15.0,16.0,10.0,10.0,67.0,71.0,142.0,144.0,28.0,33.0,0.0,3.0,2.0,1.0
459852,207219,yetujey,8369,FUT,FUT Esports,1.32,0.92,257.0,194.0,23.0,15.0,16.0,17.0,2.0,4.0,58.0,75.0,155.0,142.0,19.0,19.0,3.0,2.0,5.0,1.0
459852,207219,AtaKaptan,6510,FUT,FUT Esports,1.17,0.66,232.0,151.0,19.0,12.0,18.0,19.0,12.0,9.0,75.0,67.0,170.0,100.0,37.0,23.0,1.0,1.0,0.0,2.0
459852,207219,xeus,12793,FUT,FUT Esports,0.33,0.53,130.0,134.0,10.0,12.0,21.0,20.0,4.0,2.0,50.0,58.0,95.0,91.0,27.0,33.0,3.0,3.0,8.0,2.0
459852,207220,Jamppi,9780,BBL,BBL Esports,0.84,1.66,168.0,286.0,9.0,11.0,9.0,6.0,9.0,9.0,83.0,83.0,79.0,169.0,18.0,24.0,0.0,0.0,1.0,1.0
459852,207220,PROFEK,5554,BBL,BBL Esports,1.18,0.99,245.0,195.0,10.0,9.0,8.0,7.0,3.0,2.0,75.0,75.0,158.0,130.0,47.0,27.0,1.0,1.0,1.0,2.0
459852,207220,MAGNUM,2173,BBL,BBL Esports,1.03,1.12,256.0,239.0,9.0,11.0,9.0,8.0,2.0,2.0,83.0,67.0,171.0,139.0,18.0,16.0,2.0,2.0,0.0,0.0
459852,207220,sociablEE,5568,BBL,BBL Esports,0.89,1.15,159.0,289.0,7.0,12.0,6.0,10.0,3.0,3.0,67.0,92.0,129.0,208.0,19.0,24.0,0.0,1.0,1.0,0.0
459852,207220,LewN,20144,BBL,BBL Esports,1.12,0.91,289.0,181.0,12.0,8.0,9.0,8.0,3.0,4.0,75.0,83.0,186.0,128.0,56.0,22.0,5.0,1.0,1.0,4.0
459852,207220,yetujey,8369,FUT,FUT Esports,1.05,2.04,200.0,334.0,8.0,15.0,9.0,7.0,4.0,5.0,83.0,75.0,130.0,198.0,43.0,48.0,1.0,0.0,3.0,0.0
459852,207220,qRaxs,1139,FUT,FUT Esports,1.24,1.16,234.0,236.0,10.0,9.0,10.0,9.0,10.0,5.0,92.0,75.0,135.0,142.0,19.0,26.0,0.0,1.0,0.0,1.0
459852,207220,AtaKaptan,6510,FUT,FUT Esports,0.67,0.75,167.0,162.0,7.0,7.0,10.0,11.0,0.0,2.0,50.0,42.0,109.0,116.0,20.0,47.0,1.0,0.0,0.0,1.0
459852,207220,xeus,12793,FUT,FUT Esports,0.54,0.67,172.0,180.0,6.0,8.0,12.0,10.0,2.0,0.0,58.0,42.0,111.0,107.0,25.0,64.0,5.0,3.0,1.0,4.0
459852,207220,MrFaliN,8044,FUT,FUT Esports,0.83,0.24,189.0,69.0,8.0,2.0,10.0,10.0,2.0,2.0,50.0,42.0,121.0,56.0,29.0,11.0,0.0,0.0,1.0,2.0
459853,207222,westside,34684,GX,GIANTX,2.12,1.27,310.0,224.0,11.0,9.0,2.0,7.0,0.0,5.0,88.0,83.0,180.0,169.0,59.0,52.0,1.0,2.0,1.0,0.0
459853,207222,ara,11332,GX,GIANTX,1.39,1.36,254.0,217.0,7.0,10.0,4.0,6.0,1.0,2.0,63.0,75.0,165.0,129.0,28.0,18.0,1.0,0.0,2.0,2.0
459853,207222,Cloud,4181,GX,GIANTX,1.6,1.15,277.0,220.0,8.0,10.0,3.0,9.0,5.0,4.0,88.0,75.0,171.0,147.0,31.0,24.0,0.0,2.0,1.0,1.0
459853,207222,Flickless,6959,GX,GIANTX,0.75,1.06,127.0,207.0,4.0,7.0,5.0,8.0,3.0,7.0,63.0,83.0,85.0,139.0,27.0,35.0,0.0,1.0,1.0,1.0
459853,207222,runneR,21610,GX,GIANTX,0.84,0.91,128.0,151.0,4.0,7.0,4.0,7.0,2.0,5.0,63.0,75.0,72.0,103.0,10.0,53.0,0.0,0.0,1.0,3.0
459853,207222,florescent,17976,APK,Apeks,1.59,0.93,318.0,178.0,12.0,5.0,8.0,6.0,5.0,1.0,75.0,50.0,207.0,94.0,34.0,36.0,3.0,1.0,1.0,1.0
459853,207222,MOLSI,1281,APK,Apeks,0.98,0.89,157.0,171.0,8.0,5.0,8.0,7.0,5.0,5.0,83.0,75.0,103.0,94.0,43.0,50.0,2.0,0.0,1.0,0.0
459853,207222,AvovA,1507,APK,Apeks,0.78,0.46,144.0,99.0,6.0,2.0,9.0,7.0,4.0,2.0,75.0,38.0,121.0,72.0,22.0,19.0,1.0,0.0,1.0,0.0
459853,207222,Governor,3980,APK,Apeks,0.53,0.53,144.0,173.0,6.0,4.0,9.0,7.0,0.0,2.0,67.0,50.0,100.0,141.0,35.0,44.0,1.0,3.0,1.0,1.0
459853,207222,batujnax,18615,APK,Apeks,0.63,0.33,122.0,95.0,5.0,2.0,9.0,7.0,1.0,1.0,42.0,63.0,94.0,62.0,20.0,60.0,0.0,2.0,1.0,0.0
459853,207223,Cloud,4181,GX,GIANTX,1.43,1.39,275.0,254.0,12.0,10.0,7.0,5.0,5.0,1.0,100.0,80.0,158.0,155.0,33.0,67.0,3.0,2.0,0.0,1.0
459853,207223,runneR,21610,GX,GIANTX,1.62,0.94,226.0,183.0,12.0,6.0,4.0,8.0,4.0,3.0,83.0,60.0,151.0,121.0,32.0,22.0,1.0,0.0,0.0,2.0
459853,207223,ara,11332,GX,GIANTX,1.09,1.38,282.0,306.0,12.0,10.0,11.0,7.0,3.0,2.0,92.0,100.0,193.0,182.0,18.0,13.0,4.0,3.0,1.0,0.0
459853,207223,Flickless,6959,GX,GIANTX,0.92,0.66,128.0,155.0,6.0,5.0,6.0,9.0,4.0,7.0,83.0,100.0,93.0,99.0,78.0,20.0,0.0,0.0,1.0,1.0
459853,207223,westside,34684,GX,GIANTX,1.09,0.42,222.0,97.0,10.0,4.0,8.0,7.0,3.0,0.0,67.0,60.0,152.0,66.0,35.0,60.0,1.0,0.0,1.0,1.0
459853,207223,florescent,17976,APK,Apeks,1.32,1.64,278.0,410.0,11.0,16.0,7.0,12.0,2.0,5.0,80.0,83.0,175.0,258.0,38.0,48.0,2.0,3.0,1.0,1.0
459853,207223,MOLSI,1281,APK,Apeks,1.33,0.86,268.0,122.0,10.0,7.0,5.0,9.0,4.0,1.0,80.0,58.0,152.0,84.0,22.0,31.0,0.0,0.0,2.0,1.0
459853,207223,AvovA,1507,APK,Apeks,0.76,0.85,165.0,139.0,5.0,6.0,7.0,9.0,6.0,5.0,80.0,58.0,110.0,89.0,22.0,19.0,1.0,0.0,1.0,1.0
459853,207223,batujnax,18615,APK,Apeks,0.43,0.59,115.0,144.0,4.0,5.0,8.0,10.0,2.0,4.0,70.0,75.0,68.0,96.0,50.0,35.0,1.0,0.0,1.0,3.0
459853,207223,Governor,3980,APK,Apeks,0.62,0.06,159.0,97.0,6.0,2.0,8.0,12.0,0.0,5.0,70.0,50.0,100.0,75.0,43.0,12.0,1.0,0.0,0.0,3.0
459854,207225,Minny,23169,M8,Gentle Mates,1.63,1.13,303.0,194.0,13.0,9.0,7.0,7.0,2.0,0.0,83.0,83.0,217.0,117.0,29.0,35.0,1.0,1.0,0.0,0.0
459854,207225,kamyk,1475,M8,Gentle Mates,0.68,1.72,86.0,319.0,4.0,14.0,7.0,7.0,2.0,3.0,67.0,92.0,51.0,234.0,20.0,44.0,0.0,1.0,1.0,0.0
459854,207225,Zyppan,11,M8,Gentle Mates,1.46,0.37,235.0,92.0,11.0,3.0,6.0,8.0,2.0,2.0,92.0,58.0,167.0,65.0,30.0,12.0,0.0,2.0,1.0,2.0
459854,207225,Kada,20871,M8,Gentle Mates,0.57,0.8,131.0,197.0,5.0,8.0,9.0,10.0,1.0,2.0,50.0,50.0,91.0,128.0,42.0,42.0,0.0,2.0,1.0,2.0
459854,207225,Click,7866,M8,Gentle Mates,0.35,0.57,93.0,154.0,4.0,6.0,9.0,9.0,0.0,1.0,50.0,58.0,51.0,107.0,29.0,38.0,3.0,1.0,5.0,1.0
459854,207225,flyuh,3685,MKOI,Movistar KOI (KOI),1.44,1.2,314.0,214.0,13.0,8.0,9.0,7.0,1.0,6.0,83.0,75.0,178.0,133.0,23.0,26.0,3.0,2.0,1.0,2.0
459854,207225,soulcas,101,MKOI,Movistar KOI (KOI),1.11,0.97,174.0,207.0,8.0,9.0,7.0,8.0,1.0,1.0,75.0,67.0,121.0,126.0,57.0,42.0,1.0,3.0,1.0,1.0
459854,207225,grubinho,5550,MKOI,Movistar KOI (KOI),1.16,0.82,188.0,148.0,8.0,7.0,7.0,8.0,6.0,0.0,75.0,58.0,128.0,118.0,48.0,29.0,1.0,2.0,1.0,0.0
459854,207225,Filu,4544,MKOI,Movistar KOI (KOI),0.47,1.36,134.0,260.0,5.0,10.0,10.0,7.0,3.0,3.0,75.0,83.0,83.0,156.0,36.0,17.0,0.0,1.0,3.0,1.0
459854,207225,sheydos,1428,MKOI,Movistar KOI (KOI),0.93,0.51,140.0,79.0,7.0,4.0,7.0,7.0,0.0,0.0,83.0,58.0,93.0,60.0,60.0,27.0,0.0,0.0,1.0,0.0
459854,207226,Kada,20871,M8,Gentle Mates,1.26,0.42,255.0,88.0,10.0,2.0,9.0,5.0,5.0,0.0,58.0,57.0,158.0,53.0,40.0,67.0,2.0,1.0,3.0,3.0
459854,207226,kamyk,1475,M8,Gentle Mates,0.92,0.84,170.0,120.0,7.0,3.0,10.0,6.0,4.0,4.0,50.0,57.0,127.0,73.0,42.0,50.0,1.0,1.0,1.0,0.0
459854,207226,Minny,23169,M8,Gentle Mates,0.81,0.62,139.0,184.0,6.0,4.0,9.0,7.0,1.0,1.0,50.0,57.0,96.0,104.0,12.0,27.0,0.0,0.0,1.0,0.0
459854,207226,Click,7866,M8,Gentle Mates,0.85,0.08,216.0,96.0,9.0,2.0,10.0,7.0,3.0,1.0,67.0,43.0,148.0,72.0,30.0,29.0,1.0,0.0,1.0,2.0
459854,207226,Zyppan,11,M8,Gentle Mates,0.41,0.74,86.0,203.0,3.0,5.0,9.0,6.0,1.0,0.0,58.0,71.0,61.0,120.0,38.0,36.0,0.0,0.0,2.0,0.0
459854,207226,soulcas,101,MKOI,Movistar KOI (KOI),1.66,1.29,340.0,217.0,9.0,11.0,5.0,6.0,2.0,1.0,100.0,67.0,218.0,151.0,44.0,56.0,1.0,1.0,0.0,0.0
459854,207226,Filu,4544,MKOI,Movistar KOI (KOI),1.68,1.23,286.0,253.0,9.0,11.0,3.0,8.0,1.0,2.0,86.0,75.0,184.0,178.0,33.0,22.0,2.0,2.0,1.0,1.0
459854,207226,grubinho,5550,MKOI,Movistar KOI (KOI),1.73,1.14,192.0,203.0,5.0,9.0,1.0,7.0,2.0,3.0,100.0,75.0,151.0,123.0,50.0,33.0,1.0,4.0,0.0,1.0
459854,207226,sheydos,1428,MKOI,Movistar KOI (KOI),1.59,1.09,219.0,150.0,6.0,8.0,1.0,5.0,1.0,2.0,86.0,75.0,133.0,137.0,14.0,28.0,0.0,0.0,1.0,0.0
459854,207226,flyuh,3685,MKOI,Movistar KOI (KOI),0.48,0.89,126.0,196.0,2.0,8.0,6.0,9.0,6.0,3.0,86.0,83.0,91.0,122.0,14.0,40.0,1.0,1.0,0.0,2.0
459854,207227,Click,7866,M8,Gentle Mates,0.34,1.98,144.0,387.0,5.0,17.0,10.0,7.0,1.0,2.0,60.0,83.0,77.0,237.0,46.0,22.0,0.0,5.0,6.0,0.0
459854,207227,Minny,23169,M8,Gentle Mates,0.93,1.14,188.0,220.0,7.0,9.0,9.0,7.0,2.0,6.0,60.0,92.0,114.0,150.0,33.0,40.0,0.0,2.0,1.0,1.0
459854,207227,kamyk,1475,M8,Gentle Mates,1.09,0.75,272.0,189.0,8.0,8.0,10.0,10.0,1.0,4.0,80.0,92.0,192.0,120.0,36.0,32.0,0.0,1.0,2.0,0.0
459854,207227,Zyppan,11,M8,Gentle Mates,0.42,1.08,114.0,183.0,3.0,10.0,9.0,6.0,3.0,0.0,50.0,75.0,98.0,134.0,14.0,31.0,0.0,0.0,1.0,1.0
459854,207227,Kada,20871,M8,Gentle Mates,0.28,0.69,100.0,174.0,3.0,7.0,10.0,10.0,3.0,6.0,50.0,75.0,66.0,103.0,43.0,38.0,0.0,0.0,0.0,2.0
459854,207227,soulcas,101,MKOI,Movistar KOI (KOI),1.36,1.55,275.0,248.0,12.0,11.0,10.0,4.0,3.0,4.0,83.0,100.0,167.0,156.0,27.0,23.0,3.0,1.0,0.0,0.0
459854,207227,flyuh,3685,MKOI,Movistar KOI (KOI),0.98,1.34,238.0,226.0,9.0,9.0,10.0,5.0,5.0,1.0,75.0,100.0,151.0,160.0,19.0,50.0,1.0,2.0,1.0,0.0
459854,207227,grubinho,5550,MKOI,Movistar KOI (KOI),1.09,1.13,217.0,258.0,8.0,10.0,10.0,7.0,4.0,3.0,50.0,70.0,150.0,155.0,31.0,16.0,0.0,4.0,1.0,0.0
459854,207227,Filu,4544,MKOI,Movistar KOI (KOI),0.22,2.01,96.0,350.0,3.0,12.0,11.0,5.0,3.0,5.0,42.0,90.0,72.0,220.0,11.0,19.0,0.0,3.0,6.0,0.0
459854,207227,sheydos,1428,MKOI,Movistar KOI (KOI),0.8,0.86,157.0,150.0,8.0,6.0,10.0,5.0,3.0,3.0,67.0,80.0,91.0,107.0,19.0,42.0,0.0,0.0,0.0,0.0
459855,207228,Derke,5022,VIT,Team Vitality,1.32,0.71,317.0,179.0,13.0,3.0,11.0,5.0,1.0,2.0,67.0,50.0,202.0,126.0,36.0,31.0,1.0,0.0,1.0,5.0
459855,207228,CyvOph,13258,VIT,Team Vitality,0.89,0.95,190.0,159.0,7.0,4.0,10.0,5.0,6.0,1.0,75.0,67.0,119.0,98.0,38.0,57.0,0.0,0.0,3.0,0.0
459855,207228,Sayf,312,VIT,Team Vitality,0.93,0.74,155.0,191.0,7.0,4.0,10.0,5.0,3.0,0.0,58.0,67.0,101.0,102.0,8.0,40.0,1.0,0.0,0.0,1.0
459855,207228,Less,8447,VIT,Team Vitality,0.83,0.13,231.0,92.0,9.0,2.0,10.0,6.0,4.0,1.0,75.0,50.0,159.0,57.0,27.0,20.0,0.0,0.0,3.0,0.0
459855,207228,Kicks,11134,VIT,Team Vitality,0.12,0.61,57.0,152.0,2.0,3.0,11.0,5.0,3.0,2.0,58.0,67.0,38.0,102.0,60.0,33.0,0.0,0.0,3.0,0.0
459855,207228,Ruxic,18677,NAVI,Natus Vincere,2.65,1.43,625.0,342.0,14.0,15.0,3.0,9.0,0.0,4.0,100.0,100.0,324.0,202.0,23.0,58.0,4.0,5.0,0.0,0.0
459855,207228,koalanoob,3722,NAVI,Natus Vincere,1.09,1.29,287.0,196.0,6.0,10.0,6.0,6.0,2.0,4.0,83.0,83.0,173.0,121.0,64.0,18.0,2.0,1.0,0.0,2.0
459855,207228,ANGE1,109,NAVI,Natus Vincere,0.72,1.11,36.0,242.0,1.0,11.0,2.0,8.0,1.0,4.0,83.0,83.0,25.0,145.0,33.0,28.0,0.0,2.0,0.0,0.0
459855,207228,Shao,384,NAVI,Natus Vincere,0.77,1.07,85.0,175.0,2.0,8.0,3.0,6.0,1.0,2.0,83.0,83.0,82.0,118.0,29.0,17.0,0.0,1.0,0.0,0.0
459855,207228,hiro,29867,NAVI,Natus Vincere,1.17,0.86,116.0,180.0,3.0,8.0,2.0,9.0,2.0,3.0,83.0,83.0,69.0,132.0,25.0,20.0,0.0,1.0,0.0,0.0
459855,207229,Kicks,11134,VIT,Team Vitality,1.13,0.89,180.0,168.0,9.0,7.0,7.0,10.0,2.0,6.0,67.0,58.0,145.0,120.0,41.0,19.0,0.0,0.0,2.0,2.0
459855,207229,Derke,5022,VIT,Team Vitality,0.99,0.91,214.0,155.0,9.0,6.0,9.0,8.0,1.0,1.0,58.0,50.0,146.0,110.0,20.0,8.0,4.0,2.0,2.0,3.0
459855,207229,CyvOph,13258,VIT,Team Vitality,0.97,0.83,163.0,151.0,7.0,7.0,7.0,9.0,1.0,0.0,67.0,67.0,96.0,101.0,31.0,50.0,0.0,0.0,1.0,1.0
459855,207229,Less,8447,VIT,Team Vitality,0.77,0.85,173.0,162.0,7.0,6.0,10.0,10.0,3.0,3.0,58.0,50.0,107.0,94.0,22.0,45.0,1.0,2.0,2.0,1.0
459855,207229,Sayf,312,VIT,Team Vitality,1.17,0.19,169.0,110.0,5.0,4.0,4.0,10.0,2.0,2.0,75.0,67.0,130.0,114.0,15.0,8.0,0.0,0.0,0.0,0.0
459855,207229,koalanoob,3722,NAVI,Natus Vincere,1.32,1.82,219.0,351.0,9.0,15.0,6.0,7.0,8.0,3.0,92.0,92.0,137.0,226.0,19.0,37.0,3.0,4.0,1.0,2.0
459855,207229,hiro,29867,NAVI,Natus Vincere,1.31,0.75,231.0,121.0,11.0,5.0,5.0,7.0,1.0,2.0,75.0,75.0,146.0,93.0,17.0,23.0,1.0,0.0,1.0,0.0
459855,207229,Ruxic,18677,NAVI,Natus Vincere,0.94,0.9,151.0,157.0,7.0,6.0,6.0,6.0,3.0,4.0,83.0,75.0,95.0,108.0,29.0,17.0,0.0,1.0,1.0,0.0
459855,207229,ANGE1,109,NAVI,Natus Vincere,1.45,0.39,229.0,113.0,9.0,4.0,6.0,9.0,1.0,1.0,92.0,42.0,158.0,80.0,35.0,18.0,3.0,1.0,0.0,1.0
459855,207229,Shao,384,NAVI,Natus Vincere,0.8,0.92,133.0,169.0,6.0,7.0,7.0,8.0,4.0,2.0,92.0,67.0,93.0,130.0,31.0,26.0,0.0,1.0,1.0,2.0
459856,207232,nAts,457,TL,Team Liquid,1.16,1.69,245.0,351.0,11.0,10.0,7.0,8.0,2.0,6.0,75.0,80.0,151.0,254.0,20.0,17.0,2.0,3.0,2.0,0.0
459856,207232,kamo,14681,TL,Team Liquid,0.85,0.83,154.0,168.0,7.0,6.0,8.0,8.0,2.0,0.0,83.0,30.0,111.0,123.0,50.0,43.0,1.0,0.0,0.0,1.0
459856,207232,paTiTek,309,TL,Team Liquid,1.14,0.45,159.0,85.0,7.0,2.0,5.0,8.0,3.0,7.0,92.0,80.0,90.0,62.0,16.0,17.0,0.0,0.0,0.0,1.0
459856,207232,Serial,18162,TL,Team Liquid,0.91,0.33,153.0,108.0,6.0,4.0,7.0,9.0,1.0,0.0,58.0,40.0,103.0,88.0,53.0,40.0,1.0,1.0,1.0,0.0
459856,207232,keiko,11494,TL,Team Liquid,0.58,0.47,175.0,144.0,6.0,5.0,11.0,10.0,3.0,1.0,58.0,70.0,115.0,91.0,35.0,50.0,4.0,2.0,1.0,2.0
459856,207232,marteen,10307,KC,Karmine Corp,1.82,1.54,353.0,277.0,13.0,13.0,5.0,7.0,4.0,1.0,80.0,67.0,207.0,182.0,31.0,48.0,1.0,1.0,2.0,1.0
459856,207232,SUYGETSU,2858,KC,Karmine Corp,1.7,0.67,293.0,101.0,11.0,5.0,4.0,7.0,3.0,1.0,80.0,58.0,187.0,60.0,43.0,31.0,0.0,0.0,1.0,4.0
459856,207232,Elite,16459,KC,Karmine Corp,1.23,1.01,163.0,198.0,6.0,7.0,4.0,8.0,1.0,4.0,90.0,67.0,145.0,135.0,41.0,18.0,1.0,1.0,0.0,0.0
459856,207232,saadhak,727,KC,Karmine Corp,0.77,1.1,162.0,246.0,5.0,9.0,7.0,9.0,7.0,3.0,90.0,75.0,96.0,148.0,27.0,33.0,0.0,2.0,1.0,1.0
459856,207232,Avez,5654,KC,Karmine Corp,0.97,0.78,209.0,100.0,8.0,4.0,7.0,6.0,3.0,2.0,70.0,50.0,107.0,78.0,18.0,21.0,2.0,0.0,2.0,2.0
459856,207233,keiko,11494,TL,Team Liquid,1.7,1.07,268.0,264.0,13.0,7.0,5.0,5.0,5.0,2.0,100.0,86.0,179.0,175.0,38.0,38.0,0.0,2.0,0.0,0.0
459856,207233,nAts,457,TL,Team Liquid,1.28,0.86,192.0,78.0,10.0,3.0,4.0,3.0,1.0,1.0,83.0,57.0,125.0,63.0,13.0,67.0,2.0,0.0,2.0,0.0
459856,207233,kamo,14681,TL,Team Liquid,0.95,1.24,230.0,279.0,10.0,6.0,11.0,5.0,1.0,2.0,75.0,71.0,136.0,175.0,44.0,35.0,4.0,2.0,2.0,0.0
459856,207233,Serial,18162,TL,Team Liquid,1.02,1.06,179.0,167.0,8.0,4.0,7.0,4.0,2.0,4.0,75.0,71.0,125.0,111.0,57.0,67.0,1.0,1.0,1.0,0.0
459856,207233,paTiTek,309,TL,Team Liquid,0.92,1.23,154.0,272.0,6.0,7.0,8.0,5.0,7.0,3.0,83.0,86.0,120.0,172.0,25.0,18.0,0.0,2.0,0.0,0.0
459856,207233,marteen,10307,KC,Karmine Corp,1.56,0.91,334.0,165.0,8.0,7.0,5.0,9.0,2.0,3.0,71.0,83.0,231.0,117.0,36.0,63.0,0.0,2.0,2.0,2.0
459856,207233,Avez,5654,KC,Karmine Corp,0.52,1.2,76.0,251.0,1.0,10.0,5.0,9.0,2.0,4.0,71.0,67.0,58.0,172.0,20.0,53.0,0.0,1.0,1.0,1.0
459856,207233,SUYGETSU,2858,KC,Karmine Corp,1.67,0.22,284.0,63.0,8.0,2.0,5.0,9.0,0.0,1.0,71.0,50.0,195.0,46.0,37.0,18.0,0.0,0.0,0.0,1.0
459856,207233,saadhak,727,KC,Karmine Corp,0.15,1.04,60.0,262.0,1.0,11.0,7.0,10.0,6.0,2.0,57.0,92.0,36.0,155.0,0.0,20.0,0.0,2.0,4.0,1.0
459856,207233,Elite,16459,KC,Karmine Corp,0.92,0.4,163.0,131.0,4.0,5.0,5.0,10.0,2.0,3.0,71.0,67.0,112.0,102.0,23.0,41.0,0.0,0.0,0.0,2.0
459856,214836,nAts,457,TL,Team Liquid,,,,,,,,,,,,,,,,,,,,
459856,214836,Serial,18162,TL,Team Liquid,,,,,,,,,,,,,,,,,,,,
459856,214836,keiko,11494,TL,Team Liquid,,,,,,,,,,,,,,,,,,,,
459856,214836,kamo,14681,TL,Team Liquid,,,,,,,,,,,,,,,,,,,,
459856,214836,paTiTek,309,TL,Team Liquid,,,,,,,,,,,,,,,,,,,,
459856,214836,Elite,16459,KC,Karmine Corp,,,,,,,,,,,,,,,,,,,,
459856,214836,marteen,10307,KC,Karmine Corp,,,,,,,,,,,,,,,,,,,,
459856,214836,Avez,5654,KC,Karmine Corp,,,,,,,,,,,,,,,,,,,,
459856,214836,SUYGETSU,2858,KC,Karmine Corp,,,,,,,,,,,,,,,,,,,,
459856,214836,saadhak,727,KC,Karmine Corp,,,,,,,,,,,,,,,,,,,,
459857,207235,kaajak,9554,FNC,FNATIC,0.48,1.52,99.0,345.0,1.0,15.0,5.0,8.0,4.0,2.0,67.0,75.0,72.0,220.0,20.0,39.0,1.0,2.0,1.0,1.0
459857,207235,crashies,4,FNC,FNATIC,0.72,1.24,182.0,187.0,4.0,8.0,6.0,6.0,1.0,5.0,83.0,83.0,114.0,145.0,43.0,62.0,0.0,0.0,1.0,1.0
459857,207235,Chronicle,458,FNC,FNATIC,1.1,0.99,240.0,183.0,6.0,6.0,5.0,7.0,0.0,2.0,67.0,75.0,149.0,135.0,38.0,14.0,0.0,0.0,0.0,1.0
459857,207235,Boaster,438,FNC,FNATIC,0.48,0.58,131.0,111.0,3.0,4.0,5.0,8.0,2.0,3.0,67.0,67.0,74.0,73.0,8.0,15.0,1.0,1.0,1.0,2.0
459857,207235,Alfajer,9810,FNC,FNATIC,0.14,0.3,85.0,103.0,2.0,4.0,6.0,9.0,0.0,2.0,50.0,75.0,70.0,66.0,29.0,31.0,0.0,1.0,1.0,3.0
459857,207235,MiniBoo,18350,TH,Team Heretics,1.12,2.23,227.0,396.0,10.0,9.0,8.0,2.0,2.0,0.0,67.0,83.0,151.0,281.0,53.0,31.0,2.0,1.0,1.0,0.0
459857,207235,benjyfishy,29873,TH,Team Heretics,1.13,2.2,251.0,332.0,11.0,8.0,9.0,2.0,3.0,3.0,83.0,83.0,148.0,223.0,30.0,60.0,3.0,1.0,0.0,0.0
459857,207235,Boo,1144,TH,Team Heretics,1.18,0.87,124.0,135.0,5.0,3.0,5.0,3.0,4.0,2.0,83.0,67.0,80.0,86.0,24.0,8.0,0.0,1.0,0.0,0.0
459857,207235,Wo0t,21328,TH,Team Heretics,0.88,1.06,153.0,225.0,7.0,5.0,8.0,5.0,2.0,2.0,75.0,83.0,96.0,133.0,40.0,56.0,2.0,1.0,2.0,1.0
459857,207235,RieNs,10971,TH,Team Heretics,0.87,0.69,143.0,139.0,5.0,2.0,7.0,4.0,4.0,2.0,83.0,83.0,98.0,111.0,42.0,23.0,1.0,0.0,1.0,1.0
459857,215378,kaajak,9554,FNC,FNATIC,1.48,1.27,367.0,189.0,12.0,8.0,10.0,6.0,4.0,1.0,64.0,92.0,234.0,146.0,22.0,44.0,3.0,1.0,1.0,0.0
459857,215378,crashies,4,FNC,FNATIC,0.94,1.43,178.0,261.0,7.0,12.0,10.0,6.0,2.0,4.0,45.0,58.0,122.0,146.0,29.0,31.0,0.0,2.0,2.0,0.0
459857,215378,Alfajer,9810,FNC,FNATIC,0.26,1.48,114.0,294.0,4.0,13.0,11.0,8.0,0.0,3.0,36.0,83.0,76.0,207.0,12.0,39.0,0.0,2.0,2.0,1.0
459857,215378,Chronicle,458,FNC,FNATIC,0.34,1.26,100.0,233.0,3.0,9.0,9.0,7.0,1.0,5.0,45.0,75.0,62.0,161.0,18.0,12.0,0.0,0.0,2.0,2.0
459857,215378,Boaster,438,FNC,FNATIC,0.21,0.65,60.0,151.0,2.0,6.0,9.0,9.0,4.0,2.0,27.0,67.0,38.0,92.0,22.0,23.0,0.0,3.0,1.0,1.0
459857,215378,RieNs,10971,TH,Team Heretics,1.27,1.47,282.0,225.0,13.0,10.0,10.0,5.0,5.0,7.0,83.0,91.0,173.0,134.0,40.0,32.0,0.0,0.0,0.0,1.0
459857,215378,Boo,1144,TH,Team Heretics,0.62,2.0,114.0,382.0,4.0,15.0,9.0,5.0,5.0,4.0,67.0,91.0,68.0,225.0,36.0,56.0,1.0,4.0,2.0,0.0
459857,215378,MiniBoo,18350,TH,Team Heretics,0.41,1.63,155.0,330.0,6.0,14.0,11.0,6.0,1.0,0.0,75.0,82.0,100.0,239.0,33.0,39.0,2.0,4.0,2.0,1.0
459857,215378,Wo0t,21328,TH,Team Heretics,0.67,1.07,161.0,171.0,7.0,8.0,9.0,6.0,1.0,1.0,67.0,73.0,114.0,101.0,27.0,33.0,0.0,0.0,3.0,1.0
459857,215378,benjyfishy,29873,TH,Team Heretics,0.56,0.57,148.0,70.0,6.0,2.0,10.0,6.0,1.0,5.0,50.0,64.0,103.0,53.0,24.0,22.0,1.0,0.0,1.0,0.0
482503,215379,sociablEE,5568,BBL,BBL Esports,1.72,0.99,248.0,231.0,12.0,8.0,5.0,7.0,2.0,3.0,67.0,60.0,150.0,154.0,42.0,7.0,1.0,3.0,1.0,1.0
482503,215379,MAGNUM,2173,BBL,BBL Esports,0.56,1.87,123.0,353.0,5.0,12.0,8.0,6.0,2.0,4.0,58.0,100.0,83.0,202.0,24.0,24.0,0.0,2.0,0.0,0.0
482503,215379,Jamppi,9780,BBL,BBL Esports,1.49,0.54,285.0,101.0,13.0,4.0,7.0,7.0,3.0,1.0,92.0,60.0,159.0,56.0,42.0,38.0,2.0,0.0,0.0,1.0
482503,215379,LewN,20144,BBL,BBL Esports,0.88,1.21,257.0,250.0,10.0,9.0,10.0,6.0,2.0,1.0,75.0,90.0,162.0,149.0,27.0,16.0,4.0,1.0,4.0,2.0
482503,215379,PROFEK,5554,BBL,BBL Esports,0.65,0.8,97.0,139.0,4.0,5.0,7.0,6.0,4.0,3.0,75.0,70.0,57.0,96.0,13.0,10.0,0.0,0.0,0.0,0.0
482503,215379,Shao,384,NAVI,Natus Vincere,1.54,1.41,248.0,214.0,9.0,8.0,6.0,6.0,1.0,4.0,90.0,75.0,173.0,175.0,38.0,30.0,0.0,0.0,0.0,0.0
482503,215379,koalanoob,3722,NAVI,Natus Vincere,1.07,1.39,208.0,309.0,7.0,12.0,7.0,10.0,1.0,1.0,50.0,83.0,123.0,186.0,21.0,18.0,2.0,3.0,0.0,2.0
482503,215379,Ruxic,18677,NAVI,Natus Vincere,1.0,1.04,211.0,212.0,8.0,9.0,8.0,9.0,3.0,6.0,70.0,83.0,137.0,135.0,38.0,25.0,0.0,1.0,0.0,1.0
482503,215379,hiro,29867,NAVI,Natus Vincere,0.36,0.4,101.0,81.0,3.0,4.0,8.0,9.0,1.0,2.0,40.0,50.0,76.0,65.0,25.0,36.0,1.0,1.0,3.0,1.0
482503,215379,ANGE1,109,NAVI,Natus Vincere,0.32,0.24,134.0,101.0,5.0,4.0,9.0,10.0,1.0,2.0,60.0,58.0,82.0,73.0,50.0,27.0,1.0,0.0,3.0,3.0
482503,215380,sociablEE,5568,BBL,BBL Esports,1.75,0.83,316.0,141.0,12.0,6.0,6.0,8.0,6.0,2.0,82.0,58.0,220.0,110.0,21.0,31.0,2.0,1.0,1.0,1.0
482503,215380,PROFEK,5554,BBL,BBL Esports,0.96,1.46,158.0,258.0,6.0,11.0,7.0,6.0,6.0,5.0,73.0,75.0,110.0,157.0,31.0,22.0,1.0,0.0,2.0,1.0
482503,215380,MAGNUM,2173,BBL,BBL Esports,0.85,1.42,178.0,314.0,6.0,13.0,8.0,6.0,3.0,1.0,55.0,92.0,124.0,189.0,22.0,18.0,1.0,2.0,1.0,1.0
482503,215380,LewN,20144,BBL,BBL Esports,0.89,0.81,197.0,203.0,8.0,9.0,8.0,8.0,1.0,0.0,64.0,75.0,148.0,129.0,32.0,15.0,0.0,3.0,1.0,1.0
482503,215380,Jamppi,9780,BBL,BBL Esports,0.99,0.64,180.0,111.0,7.0,3.0,8.0,8.0,4.0,6.0,73.0,67.0,136.0,90.0,35.0,23.0,1.0,0.0,1.0,2.0
482503,215380,hiro,29867,NAVI,Natus Vincere,1.54,1.36,308.0,278.0,14.0,11.0,8.0,7.0,0.0,3.0,75.0,82.0,196.0,175.0,54.0,37.0,2.0,2.0,0.0,1.0
482503,215380,Ruxic,18677,NAVI,Natus Vincere,0.87,1.52,150.0,280.0,7.0,11.0,7.0,7.0,3.0,1.0,67.0,91.0,103.0,183.0,20.0,47.0,0.0,2.0,1.0,1.0
482503,215380,koalanoob,3722,NAVI,Natus Vincere,0.73,1.34,153.0,280.0,5.0,11.0,9.0,7.0,3.0,1.0,83.0,73.0,92.0,177.0,13.0,9.0,3.0,2.0,1.0,0.0
482503,215380,Shao,384,NAVI,Natus Vincere,0.91,0.33,135.0,68.0,5.0,0.0,7.0,8.0,4.0,9.0,75.0,73.0,89.0,57.0,14.0,14.0,0.0,0.0,0.0,1.0
482503,215380,ANGE1,109,NAVI,Natus Vincere,0.35,0.44,136.0,125.0,5.0,4.0,11.0,10.0,3.0,2.0,58.0,64.0,81.0,87.0,20.0,29.0,1.0,0.0,4.0,2.0
482504,215383,Alfajer,9810,FNC,FNATIC,1.68,2.05,315.0,358.0,10.0,16.0,5.0,5.0,1.0,1.0,89.0,92.0,196.0,262.0,41.0,33.0,4.0,3.0,1.0,0.0
482504,215383,crashies,4,FNC,FNATIC,1.13,1.22,208.0,201.0,7.0,9.0,6.0,5.0,2.0,8.0,67.0,92.0,147.0,126.0,35.0,63.0,0.0,1.0,1.0,1.0
482504,215383,kaajak,9554,FNC,FNATIC,1.5,0.77,212.0,131.0,7.0,6.0,4.0,7.0,0.0,0.0,78.0,67.0,146.0,86.0,35.0,32.0,0.0,3.0,0.0,3.0
482504,215383,Chronicle,458,FNC,FNATIC,0.84,1.15,118.0,281.0,3.0,11.0,5.0,8.0,3.0,5.0,78.0,83.0,75.0,153.0,20.0,15.0,0.0,1.0,0.0,0.0
482504,215383,Boaster,438,FNC,FNATIC,0.53,1.03,108.0,147.0,2.0,6.0,6.0,6.0,5.0,6.0,67.0,92.0,83.0,96.0,18.0,18.0,0.0,0.0,3.0,0.0
482504,215383,xeus,12793,FUT,FUT Esports,0.85,1.68,198.0,311.0,8.0,11.0,10.0,4.0,1.0,0.0,50.0,67.0,136.0,188.0,44.0,56.0,0.0,1.0,4.0,0.0
482504,215383,yetujey,8369,FUT,FUT Esports,0.94,0.96,206.0,162.0,8.0,5.0,9.0,6.0,1.0,4.0,58.0,56.0,141.0,93.0,21.0,17.0,1.0,1.0,1.0,0.0
482504,215383,AtaKaptan,6510,FUT,FUT Esports,0.84,0.7,174.0,100.0,7.0,4.0,10.0,5.0,3.0,2.0,67.0,67.0,96.0,56.0,18.0,33.0,2.0,0.0,0.0,1.0
482504,215383,qRaxs,1139,FUT,FUT Esports,0.75,0.63,147.0,164.0,7.0,4.0,9.0,7.0,1.0,4.0,50.0,78.0,96.0,108.0,54.0,12.0,1.0,3.0,1.0,1.0
482504,215383,MrFaliN,8044,FUT,FUT Esports,0.36,0.3,48.0,106.0,1.0,2.0,10.0,7.0,5.0,2.0,58.0,44.0,38.0,76.0,11.0,10.0,0.0,0.0,2.0,2.0
482504,216517,Chronicle,458,FNC,FNATIC,1.55,1.26,310.0,228.0,13.0,6.0,6.0,4.0,3.0,4.0,75.0,86.0,198.0,135.0,32.0,19.0,0.0,1.0,1.0,3.0
482504,216517,Alfajer,9810,FNC,FNATIC,1.24,1.23,236.0,258.0,11.0,7.0,7.0,6.0,1.0,2.0,83.0,86.0,143.0,162.0,38.0,47.0,0.0,1.0,2.0,0.0
482504,216517,crashies,4,FNC,FNATIC,0.9,1.27,146.0,186.0,6.0,5.0,6.0,3.0,4.0,4.0,83.0,71.0,97.0,135.0,62.0,21.0,0.0,0.0,1.0,0.0
482504,216517,kaajak,9554,FNC,FNATIC,0.79,1.3,211.0,316.0,9.0,8.0,9.0,6.0,0.0,2.0,42.0,86.0,145.0,171.0,45.0,12.0,3.0,2.0,5.0,0.0
482504,216517,Boaster,438,FNC,FNATIC,0.94,1.05,152.0,169.0,5.0,4.0,7.0,4.0,6.0,4.0,83.0,71.0,96.0,109.0,27.0,13.0,0.0,0.0,0.0,0.0
482504,216517,MrFaliN,8044,FUT,FUT Esports,0.67,1.62,133.0,264.0,3.0,10.0,6.0,7.0,2.0,5.0,71.0,67.0,106.0,159.0,63.0,38.0,0.0,1.0,0.0,0.0
482504,216517,qRaxs,1139,FUT,FUT Esports,1.11,0.71,218.0,172.0,6.0,8.0,6.0,10.0,0.0,0.0,86.0,50.0,110.0,114.0,20.0,44.0,1.0,2.0,0.0,0.0
482504,216517,yetujey,8369,FUT,FUT Esports,0.84,0.53,174.0,87.0,5.0,3.0,6.0,6.0,2.0,1.0,57.0,58.0,99.0,58.0,33.0,5.0,1.0,0.0,1.0,1.0
482504,216517,AtaKaptan,6510,FUT,FUT Esports,0.85,0.49,245.0,93.0,6.0,4.0,6.0,9.0,1.0,2.0,71.0,42.0,187.0,65.0,53.0,44.0,1.0,1.0,1.0,1.0
482504,216517,xeus,12793,FUT,FUT Esports,0.36,0.75,112.0,226.0,3.0,10.0,6.0,12.0,1.0,1.0,43.0,75.0,69.0,125.0,60.0,60.0,0.0,5.0,2.0,1.0
482505,215385,hiro,29867,NAVI,Natus Vincere,1.23,0.92,243.0,190.0,13.0,9.0,7.0,10.0,1.0,3.0,85.0,69.0,164.0,132.0,30.0,31.0,0.0,1.0,0.0,2.0
482505,215385,ANGE1,109,NAVI,Natus Vincere,1.23,0.81,217.0,153.0,10.0,8.0,6.0,11.0,2.0,0.0,85.0,62.0,152.0,91.0,29.0,45.0,1.0,1.0,2.0,0.0
482505,215385,koalanoob,3722,NAVI,Natus Vincere,1.1,0.84,242.0,122.0,12.0,6.0,9.0,9.0,6.0,3.0,69.0,46.0,142.0,76.0,28.0,40.0,1.0,0.0,1.0,1.0
482505,215385,Shao,384,NAVI,Natus Vincere,1.47,0.38,244.0,98.0,11.0,3.0,5.0,11.0,3.0,2.0,92.0,54.0,169.0,85.0,24.0,29.0,3.0,0.0,0.0,4.0
482505,215385,Ruxic,18677,NAVI,Natus Vincere,0.7,0.8,192.0,240.0,8.0,9.0,11.0,12.0,4.0,3.0,69.0,62.0,133.0,150.0,30.0,31.0,2.0,3.0,3.0,1.0
482505,215385,marteen,10307,KC,Karmine Corp,0.92,1.63,239.0,306.0,12.0,14.0,10.0,10.0,1.0,5.0,69.0,85.0,151.0,176.0,40.0,46.0,1.0,1.0,2.0,1.0
482505,215385,saadhak,727,KC,Karmine Corp,1.78,0.49,281.0,154.0,12.0,6.0,4.0,11.0,7.0,3.0,100.0,62.0,186.0,102.0,24.0,29.0,3.0,2.0,1.0,1.0
482505,215385,SUYGETSU,2858,KC,Karmine Corp,1.61,0.32,295.0,105.0,14.0,3.0,7.0,12.0,2.0,4.0,85.0,46.0,202.0,82.0,25.0,18.0,3.0,1.0,0.0,3.0
482505,215385,Elite,16459,KC,Karmine Corp,0.76,1.05,149.0,197.0,6.0,9.0,8.0,10.0,0.0,3.0,77.0,62.0,97.0,142.0,32.0,27.0,1.0,2.0,0.0,1.0
482505,215385,Avez,5654,KC,Karmine Corp,0.97,0.66,160.0,117.0,9.0,6.0,6.0,11.0,1.0,0.0,85.0,46.0,115.0,88.0,71.0,54.0,0.0,0.0,2.0,1.0
482505,215386,Ruxic,18677,NAVI,Natus Vincere,1.36,1.74,231.0,360.0,10.0,16.0,7.0,9.0,3.0,2.0,83.0,75.0,152.0,220.0,42.0,36.0,0.0,2.0,1.0,1.0
482505,215386,Shao,384,NAVI,Natus Vincere,1.33,1.21,258.0,288.0,13.0,13.0,6.0,11.0,1.0,2.0,92.0,75.0,167.0,208.0,45.0,47.0,1.0,3.0,1.0,0.0
482505,215386,hiro,29867,NAVI,Natus Vincere,1.17,0.67,200.0,136.0,10.0,6.0,6.0,10.0,1.0,3.0,75.0,83.0,142.0,95.0,40.0,20.0,0.0,1.0,3.0,1.0
482505,215386,ANGE1,109,NAVI,Natus Vincere,0.76,0.57,124.0,125.0,5.0,4.0,7.0,10.0,4.0,6.0,75.0,67.0,87.0,105.0,28.0,22.0,1.0,0.0,0.0,0.0
482505,215386,koalanoob,3722,NAVI,Natus Vincere,1.12,0.17,245.0,84.0,10.0,4.0,8.0,11.0,2.0,0.0,83.0,25.0,165.0,63.0,33.0,25.0,4.0,0.0,1.0,4.0
482505,215386,Avez,5654,KC,Karmine Corp,1.23,1.01,275.0,206.0,11.0,8.0,9.0,8.0,2.0,1.0,83.0,58.0,191.0,136.0,9.0,40.0,2.0,3.0,1.0,1.0
482505,215386,Elite,16459,KC,Karmine Corp,1.2,0.89,214.0,178.0,11.0,9.0,8.0,10.0,1.0,3.0,83.0,67.0,142.0,119.0,22.0,29.0,1.0,0.0,0.0,1.0
482505,215386,marteen,10307,KC,Karmine Corp,1.08,0.76,259.0,167.0,11.0,6.0,9.0,10.0,4.0,5.0,83.0,58.0,165.0,121.0,44.0,33.0,1.0,3.0,4.0,2.0
482505,215386,SUYGETSU,2858,KC,Karmine Corp,0.97,0.72,198.0,177.0,9.0,8.0,8.0,10.0,3.0,3.0,75.0,75.0,127.0,121.0,40.0,47.0,1.0,0.0,1.0,0.0
482505,215386,saadhak,727,KC,Karmine Corp,1.11,0.39,220.0,111.0,9.0,3.0,9.0,10.0,7.0,5.0,92.0,75.0,157.0,81.0,20.0,3.0,1.0,0.0,0.0,2.0
482505,216537,hiro,29867,NAVI,Natus Vincere,1.2,1.43,247.0,278.0,10.0,13.0,7.0,7.0,2.0,2.0,83.0,83.0,173.0,168.0,38.0,52.0,1.0,2.0,0.0,0.0
482505,216537,Ruxic,18677,NAVI,Natus Vincere,1.03,1.32,170.0,209.0,7.0,10.0,8.0,7.0,7.0,4.0,83.0,67.0,101.0,167.0,16.0,39.0,1.0,2.0,1.0,2.0
482505,216537,koalanoob,3722,NAVI,Natus Vincere,1.26,1.0,214.0,210.0,10.0,10.0,6.0,8.0,2.0,0.0,67.0,75.0,134.0,123.0,17.0,30.0,2.0,2.0,2.0,2.0
482505,216537,Shao,384,NAVI,Natus Vincere,0.64,1.0,144.0,228.0,6.0,7.0,8.0,8.0,1.0,6.0,67.0,67.0,94.0,165.0,16.0,25.0,1.0,2.0,2.0,0.0
482505,216537,ANGE1,109,NAVI,Natus Vincere,0.97,0.25,158.0,81.0,7.0,2.0,7.0,10.0,3.0,4.0,67.0,50.0,103.0,59.0,29.0,7.0,2.0,0.0,0.0,0.0
482505,216537,SUYGETSU,2858,KC,Karmine Corp,1.07,1.32,153.0,200.0,7.0,8.0,7.0,7.0,7.0,12.0,83.0,75.0,91.0,126.0,43.0,44.0,1.0,0.0,3.0,1.0
482505,216537,Elite,16459,KC,Karmine Corp,1.4,0.89,255.0,162.0,10.0,7.0,8.0,7.0,4.0,4.0,58.0,58.0,183.0,98.0,26.0,38.0,1.0,0.0,1.0,0.0
482505,216537,Avez,5654,KC,Karmine Corp,1.32,0.82,235.0,148.0,9.0,6.0,8.0,8.0,8.0,7.0,58.0,75.0,173.0,96.0,27.0,58.0,0.0,0.0,2.0,3.0
482505,216537,marteen,10307,KC,Karmine Corp,0.94,1.11,171.0,243.0,8.0,10.0,8.0,9.0,1.0,1.0,92.0,83.0,113.0,167.0,30.0,47.0,1.0,3.0,1.0,1.0
482505,216537,saadhak,727,KC,Karmine Corp,0.55,0.65,149.0,155.0,6.0,5.0,11.0,9.0,2.0,5.0,75.0,67.0,104.0,93.0,33.0,6.0,1.0,2.0,1.0,2.0
482506,215389,yetujey,8369,FUT,FUT Esports,1.42,1.68,236.0,308.0,6.0,13.0,4.0,7.0,0.0,6.0,71.0,83.0,178.0,213.0,24.0,26.0,1.0,1.0,0.0,0.0
482506,215389,xeus,12793,FUT,FUT Esports,1.44,1.37,304.0,283.0,7.0,13.0,5.0,8.0,2.0,2.0,100.0,67.0,178.0,197.0,56.0,46.0,4.0,2.0,0.0,2.0
482506,215389,AtaKaptan,6510,FUT,FUT Esports,0.95,1.66,135.0,266.0,4.0,13.0,5.0,5.0,5.0,2.0,86.0,92.0,92.0,171.0,25.0,24.0,0.0,1.0,0.0,0.0
482506,215389,qRaxs,1139,FUT,FUT Esports,0.86,0.73,158.0,170.0,4.0,8.0,4.0,11.0,3.0,3.0,86.0,58.0,96.0,103.0,38.0,50.0,0.0,3.0,0.0,0.0
482506,215389,MrFaliN,8044,FUT,FUT Esports,0.38,0.85,37.0,125.0,1.0,5.0,4.0,6.0,0.0,3.0,57.0,58.0,31.0,102.0,25.0,19.0,0.0,1.0,2.0,2.0
482506,215389,CyvOph,13258,VIT,Team Vitality,1.33,0.55,272.0,65.0,11.0,1.0,10.0,4.0,5.0,2.0,83.0,71.0,167.0,44.0,27.0,0.0,1.0,0.0,0.0,1.0
482506,215389,Derke,5022,VIT,Team Vitality,0.78,1.27,201.0,290.0,9.0,6.0,10.0,5.0,2.0,3.0,50.0,71.0,118.0,175.0,22.0,21.0,1.0,2.0,4.0,2.0
482506,215389,Sayf,312,VIT,Team Vitality,0.22,1.78,97.0,253.0,4.0,8.0,11.0,3.0,3.0,0.0,50.0,71.0,54.0,152.0,6.0,36.0,1.0,0.0,2.0,0.0
482506,215389,Less,8447,VIT,Team Vitality,0.88,0.52,199.0,73.0,9.0,2.0,10.0,4.0,0.0,0.0,58.0,86.0,111.0,59.0,19.0,40.0,0.0,0.0,0.0,0.0
482506,215389,Kicks,11134,VIT,Team Vitality,0.5,0.55,137.0,175.0,4.0,5.0,11.0,6.0,8.0,1.0,67.0,71.0,89.0,100.0,28.0,15.0,1.0,0.0,2.0,2.0
482506,216584,AtaKaptan,6510,FUT,FUT Esports,2.39,0.9,387.0,149.0,11.0,6.0,2.0,7.0,5.0,3.0,100.0,67.0,272.0,91.0,39.0,46.0,1.0,1.0,0.0,2.0
482506,216584,yetujey,8369,FUT,FUT Esports,1.52,1.23,250.0,242.0,9.0,9.0,3.0,8.0,0.0,6.0,100.0,75.0,149.0,185.0,35.0,24.0,1.0,1.0,0.0,1.0
482506,216584,qRaxs,1139,FUT,FUT Esports,1.78,0.9,312.0,134.0,9.0,6.0,3.0,7.0,5.0,6.0,88.0,75.0,198.0,91.0,32.0,21.0,2.0,0.0,0.0,0.0
482506,216584,MrFaliN,8044,FUT,FUT Esports,1.29,0.72,149.0,138.0,3.0,5.0,3.0,8.0,8.0,7.0,100.0,75.0,93.0,87.0,12.0,20.0,0.0,0.0,0.0,1.0
482506,216584,xeus,12793,FUT,FUT Esports,0.26,1.26,48.0,282.0,2.0,13.0,5.0,8.0,0.0,2.0,75.0,67.0,23.0,174.0,0.0,27.0,1.0,2.0,3.0,4.0
482506,216584,CyvOph,13258,VIT,Team Vitality,1.97,0.39,317.0,103.0,14.0,2.0,6.0,7.0,6.0,3.0,67.0,50.0,206.0,82.0,35.0,20.0,4.0,0.0,0.0,0.0
482506,216584,Less,8447,VIT,Team Vitality,1.17,0.73,216.0,141.0,10.0,5.0,8.0,6.0,0.0,0.0,67.0,75.0,152.0,123.0,41.0,45.0,0.0,0.0,0.0,1.0
482506,216584,Derke,5022,VIT,Team Vitality,0.92,0.85,218.0,209.0,8.0,6.0,10.0,7.0,6.0,0.0,75.0,75.0,147.0,132.0,21.0,13.0,2.0,2.0,3.0,2.0
482506,216584,Kicks,11134,VIT,Team Vitality,1.04,0.32,113.0,108.0,4.0,2.0,6.0,7.0,11.0,2.0,75.0,38.0,69.0,79.0,14.0,7.0,1.0,1.0,0.0,0.0
482506,216584,Sayf,312,VIT,Team Vitality,0.44,0.05,84.0,47.0,2.0,1.0,9.0,7.0,6.0,0.0,67.0,25.0,61.0,34.0,14.0,33.0,1.0,0.0,1.0,2.0
482507,215392,benjyfishy,29873,TH,Team Heretics,1.88,1.31,312.0,247.0,15.0,11.0,7.0,9.0,0.0,1.0,85.0,85.0,222.0,168.0,35.0,43.0,1.0,2.0,1.0,0.0
482507,215392,RieNs,10971,TH,Team Heretics,0.96,0.94,218.0,172.0,9.0,8.0,11.0,8.0,7.0,3.0,77.0,54.0,167.0,124.0,35.0,32.0,2.0,0.0,1.0,1.0
482507,215392,Boo,1144,TH,Team Heretics,0.93,0.93,188.0,192.0,8.0,9.0,10.0,10.0,5.0,6.0,62.0,85.0,127.0,112.0,26.0,27.0,2.0,2.0,1.0,1.0
482507,215392,MiniBoo,18350,TH,Team Heretics,0.7,0.85,189.0,178.0,9.0,9.0,12.0,11.0,1.0,3.0,69.0,77.0,128.0,100.0,35.0,42.0,4.0,1.0,1.0,2.0
482507,215392,Wo0t,21328,TH,Team Heretics,0.53,1.0,119.0,213.0,5.0,10.0,11.0,9.0,4.0,4.0,69.0,69.0,94.0,142.0,8.0,53.0,0.0,1.0,0.0,3.0
482507,215392,LewN,20144,BBL,BBL Esports,1.0,1.52,273.0,306.0,11.0,15.0,11.0,7.0,4.0,0.0,77.0,77.0,174.0,192.0,30.0,50.0,2.0,2.0,2.0,2.0
482507,215392,PROFEK,5554,BBL,BBL Esports,1.05,0.95,251.0,220.0,11.0,10.0,11.0,10.0,3.0,6.0,62.0,62.0,173.0,127.0,24.0,29.0,1.0,2.0,0.0,1.0
482507,215392,sociablEE,5568,BBL,BBL Esports,1.0,0.99,165.0,207.0,9.0,10.0,8.0,8.0,1.0,2.0,62.0,85.0,110.0,155.0,32.0,27.0,0.0,0.0,0.0,0.0
482507,215392,Jamppi,9780,BBL,BBL Esports,1.55,0.44,258.0,116.0,13.0,5.0,7.0,10.0,5.0,4.0,77.0,54.0,159.0,80.0,19.0,17.0,1.0,0.0,0.0,5.0
482507,215392,MAGNUM,2173,BBL,BBL Esports,0.28,1.08,89.0,249.0,3.0,11.0,10.0,11.0,2.0,3.0,62.0,77.0,60.0,167.0,20.0,30.0,3.0,0.0,4.0,1.0
482507,216644,RieNs,10971,TH,Team Heretics,1.15,1.41,232.0,231.0,8.0,9.0,9.0,6.0,2.0,8.0,64.0,92.0,159.0,167.0,44.0,22.0,1.0,1.0,1.0,0.0
482507,216644,benjyfishy,29873,TH,Team Heretics,1.15,1.09,261.0,212.0,10.0,9.0,10.0,6.0,2.0,2.0,64.0,92.0,168.0,143.0,42.0,34.0,1.0,1.0,0.0,0.0
482507,216644,Boo,1144,TH,Team Heretics,0.99,0.97,163.0,114.0,6.0,5.0,8.0,5.0,5.0,9.0,55.0,92.0,106.0,77.0,46.0,13.0,0.0,0.0,0.0,0.0
482507,216644,Wo0t,21328,TH,Team Heretics,0.45,1.34,97.0,308.0,4.0,15.0,10.0,9.0,1.0,0.0,82.0,92.0,52.0,188.0,30.0,32.0,1.0,5.0,3.0,0.0
482507,216644,MiniBoo,18350,TH,Team Heretics,0.19,1.47,62.0,321.0,2.0,15.0,10.0,6.0,2.0,4.0,36.0,83.0,48.0,193.0,25.0,48.0,1.0,3.0,3.0,2.0
482507,216644,PROFEK,5554,BBL,BBL Esports,1.28,1.46,257.0,292.0,11.0,11.0,11.0,5.0,2.0,5.0,75.0,91.0,158.0,174.0,23.0,48.0,2.0,1.0,1.0,0.0
482507,216644,Jamppi,9780,BBL,BBL Esports,1.37,1.04,247.0,146.0,10.0,6.0,10.0,5.0,5.0,3.0,75.0,91.0,173.0,99.0,26.0,12.0,0.0,1.0,0.0,1.0
482507,216644,sociablEE,5568,BBL,BBL Esports,0.85,1.14,158.0,237.0,6.0,10.0,10.0,7.0,3.0,3.0,58.0,64.0,127.0,163.0,19.0,30.0,0.0,2.0,1.0,1.0
482507,216644,LewN,20144,BBL,BBL Esports,0.03,1.59,32.0,330.0,1.0,15.0,11.0,6.0,1.0,3.0,33.0,91.0,23.0,214.0,17.0,30.0,0.0,3.0,5.0,1.0
482507,216644,MAGNUM,2173,BBL,BBL Esports,0.41,0.94,112.0,166.0,4.0,5.0,11.0,7.0,5.0,7.0,58.0,82.0,84.0,124.0,25.0,16.0,0.0,0.0,3.0,1.0
482508,215394,nAts,457,TL,Team Liquid,0.95,1.51,189.0,313.0,7.0,13.0,8.0,8.0,3.0,2.0,82.0,75.0,114.0,204.0,21.0,25.0,3.0,1.0,0.0,0.0
482508,215394,kamo,14681,TL,Team Liquid,0.66,1.25,194.0,223.0,7.0,9.0,10.0,7.0,2.0,3.0,64.0,75.0,118.0,151.0,32.0,35.0,2.0,1.0,4.0,1.0
482508,215394,keiko,11494,TL,Team Liquid,0.45,1.45,81.0,268.0,4.0,12.0,9.0,7.0,2.0,2.0,55.0,83.0,71.0,177.0,31.0,45.0,0.0,2.0,1.0,3.0
482508,215394,Serial,18162,TL,Team Liquid,0.63,1.02,112.0,108.0,4.0,4.0,9.0,5.0,5.0,7.0,73.0,92.0,83.0,72.0,40.0,38.0,0.0,1.0,0.0,1.0
482508,215394,paTiTek,309,TL,Team Liquid,0.86,0.67,155.0,83.0,6.0,4.0,8.0,8.0,1.0,1.0,73.0,58.0,99.0,55.0,39.0,14.0,0.0,1.0,1.0,1.0
482508,215394,Chronicle,458,FNC,FNATIC,1.17,1.23,244.0,240.0,11.0,9.0,8.0,6.0,2.0,3.0,67.0,82.0,158.0,176.0,27.0,35.0,2.0,1.0,1.0,1.0
482508,215394,crashies,4,FNC,FNATIC,0.97,1.24,152.0,192.0,5.0,6.0,7.0,5.0,6.0,5.0,92.0,91.0,110.0,133.0,44.0,35.0,1.0,0.0,1.0,1.0
482508,215394,Alfajer,9810,FNC,FNATIC,0.57,1.66,170.0,288.0,7.0,13.0,10.0,5.0,0.0,1.0,58.0,82.0,106.0,179.0,22.0,31.0,3.0,2.0,2.0,3.0
482508,215394,kaajak,9554,FNC,FNATIC,0.85,1.01,148.0,196.0,8.0,8.0,8.0,7.0,2.0,2.0,83.0,73.0,103.0,110.0,28.0,64.0,0.0,3.0,2.0,0.0
482508,215394,Boaster,438,FNC,FNATIC,0.4,1.17,101.0,197.0,4.0,8.0,9.0,5.0,2.0,4.0,50.0,73.0,66.0,98.0,36.0,33.0,0.0,0.0,0.0,0.0
482508,215395,nAts,457,TL,Team Liquid,1.14,1.73,207.0,321.0,8.0,13.0,6.0,8.0,7.0,8.0,83.0,75.0,124.0,205.0,17.0,24.0,3.0,4.0,1.0,0.0
482508,215395,keiko,11494,TL,Team Liquid,1.4,1.2,302.0,205.0,13.0,9.0,8.0,6.0,2.0,0.0,75.0,67.0,190.0,115.0,35.0,38.0,1.0,2.0,2.0,0.0
482508,215395,kamo,14681,TL,Team Liquid,1.02,0.82,200.0,255.0,10.0,11.0,8.0,11.0,2.0,3.0,67.0,75.0,138.0,173.0,35.0,34.0,2.0,2.0,2.0,2.0
482508,215395,Serial,18162,TL,Team Liquid,1.04,0.59,222.0,180.0,10.0,8.0,10.0,10.0,3.0,1.0,83.0,67.0,133.0,121.0,35.0,30.0,0.0,1.0,1.0,1.0
482508,215395,paTiTek,309,TL,Team Liquid,0.69,0.8,124.0,187.0,5.0,8.0,9.0,10.0,2.0,3.0,75.0,67.0,100.0,129.0,38.0,26.0,0.0,0.0,0.0,0.0
482508,215395,kaajak,9554,FNC,FNATIC,1.57,1.43,288.0,310.0,14.0,13.0,8.0,9.0,2.0,4.0,83.0,83.0,184.0,207.0,57.0,29.0,1.0,1.0,1.0,1.0
482508,215395,crashies,4,FNC,FNATIC,1.68,0.68,303.0,96.0,13.0,5.0,7.0,9.0,5.0,2.0,83.0,83.0,188.0,87.0,33.0,17.0,1.0,0.0,1.0,0.0
482508,215395,Boaster,438,FNC,FNATIC,0.82,0.93,151.0,198.0,5.0,7.0,8.0,8.0,6.0,4.0,100.0,67.0,98.0,146.0,29.0,44.0,0.0,1.0,0.0,1.0
482508,215395,Alfajer,9810,FNC,FNATIC,0.76,0.44,230.0,154.0,10.0,6.0,12.0,12.0,1.0,2.0,75.0,50.0,144.0,111.0,26.0,27.0,0.0,2.0,3.0,3.0
482508,215395,Chronicle,458,FNC,FNATIC,0.03,1.15,100.0,225.0,3.0,10.0,14.0,8.0,2.0,3.0,50.0,83.0,63.0,139.0,21.0,17.0,1.0,2.0,4.0,1.0
482508,215396,paTiTek,309,TL,Team Liquid,1.39,0.74,216.0,205.0,11.0,9.0,6.0,11.0,2.0,4.0,77.0,77.0,152.0,124.0,21.0,18.0,0.0,0.0,0.0,0.0
482508,215396,keiko,11494,TL,Team Liquid,1.14,0.8,185.0,161.0,9.0,7.0,8.0,9.0,4.0,2.0,85.0,77.0,122.0,113.0,50.0,50.0,1.0,1.0,0.0,1.0
482508,215396,kamo,14681,TL,Team Liquid,0.83,1.04,263.0,241.0,10.0,11.0,11.0,10.0,3.0,2.0,62.0,54.0,172.0,143.0,21.0,17.0,3.0,1.0,3.0,2.0
482508,215396,nAts,457,TL,Team Liquid,1.2,0.61,216.0,161.0,10.0,7.0,7.0,11.0,2.0,0.0,69.0,54.0,131.0,100.0,32.0,16.0,2.0,4.0,1.0,1.0
482508,215396,Serial,18162,TL,Team Liquid,0.46,0.9,76.0,208.0,3.0,9.0,9.0,11.0,3.0,2.0,54.0,77.0,49.0,133.0,17.0,50.0,1.0,0.0,2.0,3.0
482508,215396,Chronicle,458,FNC,FNATIC,1.42,1.37,249.0,286.0,12.0,12.0,8.0,9.0,8.0,4.0,92.0,92.0,165.0,176.0,27.0,32.0,0.0,2.0,1.0,1.0
482508,215396,crashies,4,FNC,FNATIC,0.84,1.5,170.0,242.0,7.0,12.0,10.0,6.0,6.0,1.0,92.0,77.0,119.0,173.0,17.0,33.0,0.0,0.0,1.0,1.0
482508,215396,Alfajer,9810,FNC,FNATIC,1.52,0.62,282.0,147.0,15.0,7.0,8.0,10.0,4.0,2.0,77.0,62.0,198.0,90.0,45.0,33.0,1.0,0.0,1.0,1.0
482508,215396,kaajak,9554,FNC,FNATIC,1.21,0.9,233.0,185.0,10.0,8.0,8.0,9.0,4.0,1.0,92.0,54.0,164.0,112.0,33.0,35.0,4.0,3.0,1.0,2.0
482508,215396,Boaster,438,FNC,FNATIC,1.04,0.43,172.0,74.0,8.0,2.0,9.0,9.0,5.0,5.0,62.0,85.0,119.0,51.0,26.0,6.0,2.0,1.0,2.0,2.0
482509,215397,keiko,11494,TL,Team Liquid,1.01,1.58,218.0,259.0,9.0,13.0,7.0,8.0,0.0,1.0,67.0,83.0,153.0,196.0,35.0,47.0,3.0,0.0,0.0,0.0
482509,215397,kamo,14681,TL,Team Liquid,0.76,1.34,205.0,262.0,7.0,11.0,10.0,9.0,4.0,1.0,83.0,67.0,133.0,153.0,25.0,52.0,4.0,1.0,0.0,2.0
482509,215397,nAts,457,TL,Team Liquid,1.14,0.66,180.0,126.0,9.0,4.0,7.0,9.0,0.0,4.0,75.0,75.0,129.0,105.0,26.0,24.0,2.0,1.0,0.0,3.0
482509,215397,Serial,18162,TL,Team Liquid,1.04,0.47,189.0,94.0,8.0,3.0,8.0,8.0,3.0,2.0,75.0,58.0,139.0,70.0,28.0,36.0,1.0,0.0,0.0,1.0
482509,215397,paTiTek,309,TL,Team Liquid,0.65,0.54,124.0,144.0,3.0,5.0,8.0,10.0,11.0,1.0,92.0,58.0,79.0,97.0,38.0,21.0,0.0,1.0,2.0,3.0
482509,215397,hiro,29867,NAVI,Natus Vincere,1.28,1.58,262.0,334.0,11.0,15.0,7.0,7.0,0.0,2.0,75.0,83.0,170.0,190.0,19.0,42.0,0.0,0.0,1.0,1.0
482509,215397,Ruxic,18677,NAVI,Natus Vincere,1.06,1.02,223.0,176.0,10.0,6.0,8.0,7.0,2.0,2.0,83.0,92.0,149.0,125.0,31.0,57.0,3.0,1.0,1.0,1.0
482509,215397,koalanoob,3722,NAVI,Natus Vincere,0.84,1.05,191.0,199.0,7.0,8.0,9.0,7.0,8.0,5.0,75.0,67.0,137.0,138.0,25.0,27.0,4.0,1.0,0.0,3.0
482509,215397,ANGE1,109,NAVI,Natus Vincere,1.23,0.65,153.0,108.0,8.0,5.0,5.0,8.0,1.0,2.0,83.0,67.0,114.0,75.0,73.0,42.0,2.0,0.0,0.0,4.0
482509,215397,Shao,384,NAVI,Natus Vincere,0.89,0.82,179.0,142.0,8.0,6.0,7.0,7.0,1.0,3.0,83.0,58.0,123.0,82.0,33.0,38.0,0.0,0.0,1.0,1.0
482509,215398,nAts,457,TL,Team Liquid,1.32,2.12,313.0,307.0,14.0,7.0,8.0,2.0,1.0,2.0,92.0,100.0,193.0,210.0,36.0,33.0,3.0,1.0,0.0,1.0
482509,215398,keiko,11494,TL,Team Liquid,1.21,2.06,244.0,396.0,10.0,8.0,9.0,3.0,3.0,2.0,92.0,100.0,168.0,292.0,25.0,35.0,2.0,1.0,1.0,0.0
482509,215398,Serial,18162,TL,Team Liquid,1.76,0.72,228.0,176.0,11.0,2.0,4.0,4.0,7.0,5.0,83.0,80.0,151.0,133.0,31.0,27.0,0.0,0.0,0.0,0.0
482509,215398,paTiTek,309,TL,Team Liquid,1.03,1.47,171.0,238.0,8.0,5.0,7.0,2.0,2.0,0.0,83.0,100.0,132.0,137.0,18.0,47.0,0.0,0.0,1.0,0.0
482509,215398,kamo,14681,TL,Team Liquid,0.51,0.4,140.0,128.0,6.0,1.0,9.0,4.0,0.0,3.0,50.0,60.0,97.0,95.0,26.0,20.0,2.0,1.0,3.0,1.0
482509,215398,Shao,384,NAVI,Natus Vincere,1.52,1.05,307.0,184.0,5.0,8.0,4.0,8.0,1.0,2.0,80.0,67.0,180.0,109.0,50.0,50.0,0.0,2.0,0.0,1.0
482509,215398,Ruxic,18677,NAVI,Natus Vincere,1.19,0.81,231.0,202.0,5.0,8.0,4.0,10.0,4.0,4.0,80.0,58.0,102.0,133.0,13.0,50.0,0.0,0.0,1.0,2.0
482509,215398,koalanoob,3722,NAVI,Natus Vincere,0.55,0.82,190.0,163.0,3.0,7.0,5.0,10.0,1.0,0.0,80.0,67.0,119.0,98.0,33.0,14.0,2.0,3.0,2.0,1.0
482509,215398,hiro,29867,NAVI,Natus Vincere,0.31,0.77,93.0,206.0,1.0,7.0,5.0,10.0,3.0,4.0,60.0,75.0,81.0,150.0,17.0,29.0,0.0,0.0,0.0,1.0
482509,215398,ANGE1,109,NAVI,Natus Vincere,0.15,0.62,62.0,165.0,1.0,7.0,5.0,11.0,2.0,3.0,60.0,83.0,24.0,102.0,33.0,44.0,0.0,0.0,0.0,2.0
482509,215399,keiko,11494,TL,Team Liquid,1.09,1.82,150.0,317.0,8.0,11.0,6.0,4.0,2.0,6.0,67.0,89.0,105.0,222.0,43.0,41.0,0.0,1.0,0.0,0.0
482509,215399,paTiTek,309,TL,Team Liquid,1.27,1.49,269.0,248.0,11.0,10.0,8.0,3.0,2.0,1.0,83.0,89.0,178.0,163.0,16.0,17.0,0.0,1.0,0.0,0.0
482509,215399,Serial,18162,TL,Team Liquid,1.2,1.43,225.0,238.0,10.0,6.0,8.0,4.0,1.0,6.0,75.0,89.0,149.0,160.0,53.0,35.0,0.0,1.0,0.0,1.0
482509,215399,kamo,14681,TL,Team Liquid,0.8,1.73,218.0,321.0,9.0,11.0,11.0,3.0,2.0,2.0,92.0,89.0,125.0,204.0,21.0,24.0,6.0,4.0,4.0,1.0
482509,215399,nAts,457,TL,Team Liquid,0.52,0.74,172.0,124.0,7.0,5.0,11.0,4.0,1.0,0.0,50.0,89.0,118.0,89.0,11.0,25.0,2.0,0.0,0.0,0.0
482509,215399,Shao,384,NAVI,Natus Vincere,0.83,1.83,138.0,340.0,4.0,14.0,8.0,9.0,2.0,4.0,44.0,92.0,115.0,236.0,46.0,17.0,0.0,0.0,0.0,2.0
482509,215399,ANGE1,109,NAVI,Natus Vincere,0.8,0.83,175.0,119.0,6.0,6.0,8.0,7.0,0.0,0.0,44.0,67.0,94.0,97.0,57.0,46.0,1.0,1.0,1.0,0.0
482509,215399,hiro,29867,NAVI,Natus Vincere,0.81,0.77,219.0,204.0,6.0,9.0,9.0,10.0,0.0,2.0,33.0,58.0,147.0,125.0,28.0,21.0,1.0,0.0,3.0,2.0
482509,215399,koalanoob,3722,NAVI,Natus Vincere,0.21,1.02,76.0,236.0,1.0,9.0,9.0,9.0,2.0,1.0,44.0,83.0,61.0,168.0,6.0,31.0,0.0,1.0,2.0,1.0
482509,215399,Ruxic,18677,NAVI,Natus Vincere,0.11,0.52,51.0,157.0,1.0,6.0,9.0,10.0,2.0,4.0,56.0,50.0,47.0,120.0,25.0,41.0,0.0,2.0,1.0,3.0
482510,215402,PROFEK,5554,BBL,BBL Esports,1.25,1.93,206.0,339.0,9.0,14.0,6.0,8.0,3.0,7.0,82.0,92.0,129.0,200.0,47.0,29.0,1.0,2.0,1.0,0.0
482510,215402,LewN,20144,BBL,BBL Esports,1.45,1.06,253.0,161.0,9.0,7.0,5.0,7.0,3.0,3.0,73.0,50.0,161.0,119.0,38.0,41.0,4.0,0.0,1.0,2.0
482510,215402,MAGNUM,2173,BBL,BBL Esports,0.82,1.18,198.0,219.0,8.0,10.0,9.0,8.0,3.0,5.0,64.0,83.0,117.0,133.0,21.0,21.0,1.0,2.0,1.0,0.0
482510,215402,sociablEE,5568,BBL,BBL Esports,0.96,0.97,176.0,170.0,7.0,7.0,7.0,7.0,3.0,5.0,82.0,83.0,141.0,122.0,30.0,12.0,0.0,0.0,0.0,2.0
482510,215402,Jamppi,9780,BBL,BBL Esports,0.67,0.65,153.0,142.0,5.0,5.0,9.0,10.0,10.0,7.0,82.0,75.0,80.0,91.0,13.0,15.0,0.0,1.0,2.0,3.0
482510,215402,MrFaliN,8044,FUT,FUT Esports,1.51,0.66,306.0,82.0,14.0,4.0,7.0,6.0,1.0,1.0,75.0,73.0,190.0,62.0,25.0,38.0,3.0,0.0,0.0,2.0
482510,215402,yetujey,8369,FUT,FUT Esports,0.59,1.53,136.0,325.0,5.0,10.0,8.0,8.0,2.0,3.0,58.0,82.0,107.0,233.0,13.0,23.0,1.0,2.0,0.0,1.0
482510,215402,xeus,12793,FUT,FUT Esports,0.95,0.96,216.0,232.0,10.0,9.0,9.0,10.0,1.0,1.0,83.0,55.0,119.0,137.0,60.0,50.0,1.0,2.0,1.0,1.0
482510,215402,qRaxs,1139,FUT,FUT Esports,1.01,0.59,238.0,146.0,8.0,6.0,10.0,9.0,6.0,2.0,75.0,45.0,180.0,94.0,34.0,15.0,1.0,0.0,1.0,1.0
482510,215402,AtaKaptan,6510,FUT,FUT Esports,0.48,1.14,108.0,159.0,3.0,7.0,9.0,5.0,6.0,5.0,67.0,64.0,82.0,100.0,14.0,29.0,1.0,1.0,3.0,1.0
482510,216645,Jamppi,9780,BBL,BBL Esports,1.19,1.81,77.0,235.0,1.0,11.0,0.0,3.0,0.0,4.0,100.0,83.0,59.0,141.0,20.0,31.0,0.0,0.0,0.0,0.0
482510,216645,sociablEE,5568,BBL,BBL Esports,0.43,1.8,77.0,333.0,1.0,17.0,2.0,4.0,0.0,1.0,67.0,83.0,47.0,210.0,0.0,23.0,0.0,1.0,0.0,2.0
482510,216645,PROFEK,5554,BBL,BBL Esports,2.12,1.34,398.0,257.0,5.0,9.0,2.0,6.0,2.0,7.0,100.0,67.0,299.0,170.0,60.0,20.0,1.0,2.0,0.0,1.0
482510,216645,LewN,20144,BBL,BBL Esports,2.92,0.86,418.0,155.0,5.0,7.0,0.0,7.0,1.0,1.0,100.0,75.0,285.0,92.0,45.0,12.0,1.0,3.0,0.0,1.0
482510,216645,MAGNUM,2173,BBL,BBL Esports,1.02,1.04,247.0,143.0,3.0,5.0,2.0,5.0,0.0,4.0,100.0,92.0,149.0,100.0,43.0,27.0,1.0,2.0,0.0,0.0
482510,216645,xeus,12793,FUT,FUT Esports,0.78,0.84,155.0,108.0,6.0,1.0,10.0,3.0,2.0,2.0,50.0,67.0,113.0,69.0,38.0,17.0,3.0,0.0,2.0,0.0
482510,216645,MrFaliN,8044,FUT,FUT Esports,0.79,0.06,173.0,72.0,7.0,1.0,9.0,3.0,3.0,0.0,67.0,33.0,107.0,30.0,38.0,0.0,0.0,0.0,2.0,0.0
482510,216645,AtaKaptan,6510,FUT,FUT Esports,0.62,0.63,143.0,215.0,6.0,2.0,10.0,3.0,0.0,0.0,50.0,33.0,98.0,156.0,23.0,33.0,0.0,0.0,0.0,1.0
482510,216645,yetujey,8369,FUT,FUT Esports,0.59,0.14,133.0,59.0,5.0,0.0,10.0,3.0,1.0,2.0,58.0,67.0,89.0,59.0,15.0,20.0,1.0,0.0,1.0,2.0
482510,216645,qRaxs,1139,FUT,FUT Esports,0.17,0.5,39.0,198.0,1.0,2.0,10.0,3.0,3.0,0.0,33.0,33.0,30.0,118.0,43.0,22.0,0.0,0.0,3.0,0.0
482510,216646,MAGNUM,2173,BBL,BBL Esports,,,,,8.0,20.0,5.0,11.0,1.0,2.0,82.0,75.0,,,24.0,35.0,,,,
482510,216646,Jamppi,9780,BBL,BBL Esports,,,,,10.0,10.0,5.0,14.0,3.0,14.0,91.0,92.0,,,20.0,15.0,,,,
482510,216646,sociablEE,5568,BBL,BBL Esports,,,,,9.0,10.0,6.0,11.0,2.0,2.0,82.0,92.0,,,14.0,22.0,,,,
482510,216646,PROFEK,5554,BBL,BBL Esports,,,,,5.0,11.0,6.0,15.0,8.0,11.0,73.0,75.0,,,28.0,30.0,,,,
482510,216646,LewN,20144,BBL,BBL Esports,,,,,6.0,9.0,6.0,15.0,1.0,0.0,91.0,67.0,,,40.0,31.0,,,,
482510,216646,yetujey,8369,FUT,FUT Esports,,,,,12.0,18.0,8.0,8.0,2.0,4.0,75.0,82.0,,,31.0,41.0,,,,
482510,216646,xeus,12793,FUT,FUT Esports,,,,,13.0,11.0,11.0,10.0,2.0,2.0,83.0,73.0,,,47.0,24.0,,,,
482510,216646,qRaxs,1139,FUT,FUT Esports,,,,,12.0,6.0,9.0,12.0,2.0,0.0,75.0,64.0,,,50.0,32.0,,,,
482510,216646,MrFaliN,8044,FUT,FUT Esports,,,,,8.0,4.0,6.0,11.0,4.0,6.0,92.0,73.0,,,24.0,21.0,,,,
482510,216646,AtaKaptan,6510,FUT,FUT Esports,,,,,4.0,6.0,10.0,13.0,9.0,7.0,58.0,45.0,,,42.0,10.0,,,,
482511,215403,nAts,457,TL,Team Liquid,1.41,1.39,252.0,287.0,11.0,12.0,6.0,9.0,1.0,1.0,75.0,67.0,165.0,186.0,34.0,36.0,1.0,1.0,2.0,1.0
482511,215403,paTiTek,309,TL,Team Liquid,1.25,0.9,221.0,182.0,11.0,8.0,7.0,9.0,1.0,0.0,92.0,67.0,155.0,128.0,33.0,37.0,3.0,1.0,0.0,2.0
482511,215403,kamo,14681,TL,Team Liquid,1.28,0.82,264.0,196.0,12.0,8.0,7.0,8.0,2.0,1.0,83.0,67.0,151.0,124.0,50.0,26.0,1.0,2.0,1.0,1.0
482511,215403,Serial,18162,TL,Team Liquid,1.49,0.11,278.0,26.0,13.0,1.0,8.0,10.0,4.0,1.0,83.0,42.0,199.0,23.0,57.0,33.0,2.0,0.0,1.0,2.0
482511,215403,keiko,11494,TL,Team Liquid,0.51,0.64,154.0,122.0,5.0,5.0,9.0,10.0,7.0,2.0,83.0,50.0,108.0,85.0,28.0,33.0,1.0,1.0,0.0,1.0
482511,215403,LewN,20144,BBL,BBL Esports,1.89,0.6,315.0,174.0,15.0,7.0,5.0,11.0,0.0,3.0,83.0,58.0,220.0,118.0,45.0,35.0,2.0,0.0,1.0,2.0
482511,215403,PROFEK,5554,BBL,BBL Esports,1.12,1.07,206.0,229.0,9.0,9.0,8.0,11.0,10.0,6.0,83.0,75.0,121.0,162.0,32.0,41.0,1.0,1.0,1.0,1.0
482511,215403,MAGNUM,2173,BBL,BBL Esports,1.17,0.92,170.0,148.0,8.0,6.0,6.0,9.0,1.0,3.0,75.0,58.0,125.0,106.0,24.0,47.0,0.0,0.0,0.0,1.0
482511,215403,Jamppi,9780,BBL,BBL Esports,0.89,0.86,148.0,217.0,5.0,7.0,7.0,12.0,6.0,4.0,67.0,67.0,124.0,161.0,27.0,30.0,0.0,1.0,2.0,1.0
482511,215403,sociablEE,5568,BBL,BBL Esports,0.85,0.84,197.0,205.0,9.0,8.0,8.0,9.0,1.0,4.0,67.0,67.0,116.0,120.0,28.0,20.0,4.0,2.0,1.0,3.0
482511,215404,nAts,457,TL,Team Liquid,0.9,2.01,182.0,425.0,7.0,11.0,10.0,5.0,2.0,8.0,58.0,88.0,131.0,282.0,23.0,29.0,0.0,2.0,2.0,0.0
482511,215404,Serial,18162,TL,Team Liquid,1.01,0.7,174.0,56.0,7.0,1.0,9.0,3.0,3.0,4.0,67.0,88.0,118.0,45.0,38.0,14.0,0.0,0.0,0.0,1.0
482511,215404,paTiTek,309,TL,Team Liquid,0.45,1.47,166.0,269.0,5.0,9.0,12.0,4.0,3.0,0.0,50.0,75.0,117.0,175.0,23.0,13.0,0.0,2.0,2.0,0.0
482511,215404,kamo,14681,TL,Team Liquid,0.59,1.12,139.0,233.0,5.0,7.0,11.0,5.0,2.0,1.0,50.0,100.0,91.0,168.0,43.0,36.0,2.0,2.0,3.0,0.0
482511,215404,keiko,11494,TL,Team Liquid,0.58,0.69,146.0,85.0,6.0,2.0,11.0,4.0,0.0,1.0,42.0,63.0,86.0,56.0,47.0,20.0,3.0,1.0,0.0,0.0
482511,215404,sociablEE,5568,BBL,BBL Esports,0.8,1.78,162.0,335.0,5.0,14.0,6.0,5.0,3.0,3.0,50.0,75.0,98.0,225.0,33.0,21.0,0.0,0.0,2.0,1.0
482511,215404,Jamppi,9780,BBL,BBL Esports,1.16,1.23,213.0,262.0,6.0,12.0,5.0,7.0,3.0,6.0,75.0,75.0,111.0,148.0,11.0,21.0,0.0,3.0,0.0,0.0
482511,215404,MAGNUM,2173,BBL,BBL Esports,0.74,1.3,127.0,197.0,3.0,10.0,6.0,5.0,5.0,6.0,63.0,92.0,75.0,113.0,56.0,32.0,0.0,1.0,1.0,2.0
482511,215404,PROFEK,5554,BBL,BBL Esports,1.06,1.01,161.0,175.0,4.0,6.0,5.0,7.0,4.0,6.0,38.0,75.0,106.0,121.0,31.0,21.0,0.0,0.0,1.0,1.0
482511,215404,LewN,20144,BBL,BBL Esports,0.52,1.18,130.0,238.0,3.0,11.0,8.0,6.0,2.0,1.0,63.0,58.0,79.0,149.0,9.0,29.0,1.0,3.0,3.0,1.0
482511,215405,keiko,11494,TL,Team Liquid,2.15,0.56,373.0,90.0,17.0,2.0,5.0,7.0,5.0,3.0,100.0,78.0,233.0,61.0,56.0,22.0,1.0,1.0,0.0,2.0
482511,215405,paTiTek,309,TL,Team Liquid,1.55,0.84,201.0,135.0,9.0,5.0,4.0,6.0,10.0,3.0,92.0,78.0,121.0,71.0,37.0,6.0,0.0,0.0,0.0,0.0
482511,215405,Serial,18162,TL,Team Liquid,0.78,1.58,144.0,274.0,6.0,9.0,7.0,5.0,2.0,1.0,75.0,67.0,100.0,194.0,50.0,35.0,0.0,0.0,1.0,0.0
482511,215405,nAts,457,TL,Team Liquid,1.02,1.06,213.0,199.0,9.0,6.0,8.0,6.0,4.0,2.0,75.0,78.0,147.0,116.0,25.0,36.0,1.0,1.0,2.0,0.0
482511,215405,kamo,14681,TL,Team Liquid,0.83,0.77,145.0,263.0,6.0,7.0,6.0,8.0,3.0,1.0,75.0,56.0,106.0,159.0,19.0,40.0,2.0,2.0,4.0,3.0
482511,215405,PROFEK,5554,BBL,BBL Esports,1.12,1.21,277.0,267.0,9.0,11.0,6.0,9.0,2.0,2.0,78.0,67.0,174.0,176.0,21.0,42.0,0.0,1.0,0.0,0.0
482511,215405,MAGNUM,2173,BBL,BBL Esports,1.49,0.77,274.0,163.0,8.0,6.0,5.0,9.0,5.0,3.0,78.0,67.0,159.0,105.0,16.0,28.0,1.0,2.0,0.0,1.0
482511,215405,sociablEE,5568,BBL,BBL Esports,0.83,0.52,166.0,121.0,6.0,5.0,7.0,9.0,1.0,0.0,78.0,50.0,109.0,90.0,19.0,45.0,1.0,1.0,1.0,1.0
482511,215405,Jamppi,9780,BBL,BBL Esports,1.07,0.29,134.0,76.0,5.0,2.0,4.0,10.0,6.0,5.0,78.0,58.0,85.0,54.0,27.0,20.0,1.0,0.0,0.0,0.0
482511,215405,LewN,20144,BBL,BBL Esports,0.63,0.49,135.0,160.0,4.0,6.0,7.0,10.0,2.0,2.0,56.0,58.0,88.0,99.0,33.0,50.0,2.0,3.0,3.0,2.0
482512,215406,benjyfishy,29873,TH,Team Heretics,1.9,2.99,279.0,484.0,14.0,8.0,4.0,1.0,0.0,1.0,75.0,100.0,202.0,294.0,63.0,42.0,0.0,0.0,1.0,0.0
482512,215406,MiniBoo,18350,TH,Team Heretics,1.31,2.23,277.0,367.0,12.0,5.0,8.0,2.0,4.0,1.0,83.0,75.0,158.0,343.0,40.0,33.0,1.0,2.0,1.0,1.0
482512,215406,Boo,1144,TH,Team Heretics,1.33,1.34,259.0,255.0,11.0,5.0,6.0,3.0,2.0,1.0,92.0,100.0,159.0,120.0,48.0,67.0,3.0,1.0,1.0,0.0
482512,215406,Wo0t,21328,TH,Team Heretics,0.79,0.85,166.0,113.0,6.0,1.0,8.0,2.0,4.0,3.0,75.0,75.0,110.0,87.0,29.0,27.0,2.0,0.0,3.0,0.0
482512,215406,RieNs,10971,TH,Team Heretics,0.81,0.49,99.0,116.0,5.0,1.0,5.0,4.0,1.0,4.0,67.0,100.0,76.0,74.0,38.0,25.0,0.0,0.0,0.0,0.0
482512,215406,paTiTek,309,TL,Team Liquid,0.79,0.83,260.0,202.0,4.0,7.0,4.0,11.0,0.0,3.0,75.0,67.0,130.0,146.0,86.0,23.0,1.0,0.0,0.0,1.0
482512,215406,nAts,457,TL,Team Liquid,0.89,0.65,276.0,176.0,4.0,6.0,4.0,9.0,0.0,3.0,50.0,58.0,141.0,112.0,33.0,35.0,0.0,3.0,1.0,1.0
482512,215406,Serial,18162,TL,Team Liquid,0.67,0.52,216.0,119.0,3.0,6.0,4.0,11.0,1.0,1.0,75.0,42.0,123.0,72.0,9.0,50.0,0.0,0.0,0.0,3.0
482512,215406,kamo,14681,TL,Team Liquid,0.01,0.71,7.0,192.0,0.0,7.0,4.0,8.0,0.0,0.0,25.0,67.0,7.0,119.0,0.0,33.0,0.0,3.0,2.0,1.0
482512,215406,keiko,11494,TL,Team Liquid,0.04,0.61,90.0,129.0,1.0,5.0,4.0,9.0,0.0,2.0,25.0,50.0,92.0,85.0,25.0,42.0,0.0,0.0,0.0,0.0
482512,215407,RieNs,10971,TH,Team Heretics,1.61,1.29,341.0,323.0,15.0,14.0,6.0,8.0,3.0,2.0,82.0,75.0,208.0,200.0,30.0,62.0,2.0,1.0,0.0,0.0
482512,215407,MiniBoo,18350,TH,Team Heretics,1.19,1.06,253.0,241.0,10.0,10.0,8.0,9.0,4.0,2.0,73.0,67.0,169.0,152.0,44.0,32.0,1.0,2.0,4.0,3.0
482512,215407,Wo0t,21328,TH,Team Heretics,1.4,0.78,301.0,158.0,12.0,7.0,6.0,6.0,2.0,0.0,82.0,75.0,186.0,108.0,38.0,40.0,2.0,1.0,0.0,1.0
482512,215407,benjyfishy,29873,TH,Team Heretics,1.11,1.02,227.0,141.0,10.0,6.0,7.0,5.0,1.0,4.0,82.0,83.0,156.0,106.0,35.0,23.0,1.0,1.0,1.0,0.0
482512,215407,Boo,1144,TH,Team Heretics,0.74,0.73,73.0,180.0,2.0,6.0,5.0,9.0,8.0,5.0,82.0,83.0,53.0,118.0,40.0,24.0,0.0,2.0,0.0,1.0
482512,215407,Serial,18162,TL,Team Liquid,1.51,0.82,280.0,165.0,12.0,6.0,8.0,9.0,1.0,2.0,83.0,55.0,175.0,117.0,36.0,25.0,0.0,0.0,0.0,1.0
482512,215407,paTiTek,309,TL,Team Liquid,1.06,0.77,156.0,131.0,8.0,5.0,6.0,9.0,1.0,3.0,67.0,64.0,98.0,92.0,33.0,42.0,0.0,0.0,1.0,1.0
482512,215407,kamo,14681,TL,Team Liquid,0.54,1.22,167.0,286.0,6.0,11.0,11.0,10.0,4.0,1.0,58.0,73.0,96.0,180.0,31.0,33.0,2.0,3.0,4.0,1.0
482512,215407,nAts,457,TL,Team Liquid,0.9,0.45,202.0,152.0,8.0,4.0,9.0,11.0,5.0,4.0,58.0,55.0,122.0,102.0,25.0,17.0,2.0,1.0,1.0,0.0
482512,215407,keiko,11494,TL,Team Liquid,0.53,0.73,85.0,157.0,3.0,6.0,9.0,10.0,5.0,2.0,58.0,55.0,58.0,101.0,33.0,36.0,1.0,1.0,1.0,3.0
482512,215408,Wo0t,21328,TH,Team Heretics,2.22,2.84,434.0,371.0,21.0,5.0,6.0,0.0,2.0,0.0,92.0,100.0,258.0,233.0,35.0,56.0,0.0,1.0,0.0,0.0
482512,215408,RieNs,10971,TH,Team Heretics,1.11,2.22,175.0,309.0,8.0,4.0,6.0,1.0,6.0,2.0,92.0,100.0,127.0,236.0,40.0,40.0,0.0,0.0,1.0,1.0
482512,215408,benjyfishy,29873,TH,Team Heretics,1.11,1.36,164.0,188.0,8.0,2.0,5.0,1.0,0.0,1.0,92.0,100.0,110.0,168.0,15.0,29.0,0.0,0.0,0.0,0.0
482512,215408,MiniBoo,18350,TH,Team Heretics,1.21,0.75,296.0,138.0,12.0,1.0,9.0,2.0,4.0,4.0,92.0,100.0,202.0,74.0,33.0,25.0,5.0,0.0,2.0,0.0
482512,215408,Boo,1144,TH,Team Heretics,1.03,1.25,182.0,250.0,7.0,3.0,6.0,2.0,7.0,0.0,83.0,100.0,106.0,136.0,38.0,25.0,2.0,1.0,2.0,0.0
482512,215408,Serial,18162,TL,Team Liquid,0.38,1.42,124.0,275.0,1.0,12.0,3.0,9.0,0.0,0.0,33.0,75.0,96.0,183.0,33.0,44.0,0.0,0.0,0.0,1.0
482512,215408,keiko,11494,TL,Team Liquid,1.61,0.57,408.0,167.0,4.0,7.0,3.0,12.0,0.0,0.0,100.0,50.0,236.0,111.0,67.0,62.0,1.0,2.0,0.0,1.0
482512,215408,paTiTek,309,TL,Team Liquid,0.16,0.77,83.0,222.0,1.0,9.0,3.0,12.0,1.0,1.0,67.0,50.0,62.0,129.0,67.0,33.0,0.0,3.0,0.0,2.0
482512,215408,kamo,14681,TL,Team Liquid,0.01,0.42,28.0,91.0,0.0,3.0,3.0,11.0,0.0,3.0,,50.0,28.0,66.0,100.0,13.0,0.0,0.0,0.0,2.0
482512,215408,nAts,457,TL,Team Liquid,0.02,0.04,38.0,58.0,0.0,1.0,3.0,12.0,1.0,3.0,33.0,17.0,38.0,57.0,0.0,7.0,0.0,0.0,2.0,1.0
482513,215411,kaajak,9554,FNC,FNATIC,2.04,3.48,360.0,563.0,17.0,11.0,4.0,1.0,2.0,0.0,92.0,100.0,224.0,388.0,37.0,56.0,2.0,2.0,2.0,0.0
482513,215411,Chronicle,458,FNC,FNATIC,1.64,1.1,267.0,275.0,13.0,5.0,4.0,3.0,1.0,1.0,92.0,80.0,175.0,172.0,23.0,29.0,1.0,0.0,1.0,0.0
482513,215411,Alfajer,9810,FNC,FNATIC,1.06,0.74,244.0,191.0,9.0,2.0,8.0,4.0,5.0,3.0,83.0,80.0,160.0,136.0,24.0,13.0,3.0,1.0,0.0,1.0
482513,215411,crashies,4,FNC,FNATIC,0.67,1.33,104.0,119.0,4.0,3.0,6.0,1.0,5.0,0.0,75.0,80.0,66.0,72.0,25.0,40.0,0.0,0.0,1.0,0.0
482513,215411,Boaster,438,FNC,FNATIC,0.68,0.81,110.0,79.0,5.0,2.0,7.0,2.0,0.0,2.0,75.0,100.0,77.0,56.0,27.0,29.0,1.0,0.0,1.0,1.0
482513,215411,RieNs,10971,TH,Team Heretics,0.66,1.28,92.0,208.0,2.0,9.0,4.0,8.0,0.0,1.0,20.0,58.0,88.0,119.0,40.0,62.0,0.0,2.0,1.0,2.0
482513,215411,Wo0t,21328,TH,Team Heretics,0.67,0.97,225.0,195.0,3.0,8.0,5.0,9.0,1.0,2.0,60.0,67.0,175.0,132.0,25.0,24.0,0.0,3.0,0.0,3.0
482513,215411,MiniBoo,18350,TH,Team Heretics,0.09,0.74,127.0,178.0,2.0,6.0,5.0,11.0,0.0,4.0,40.0,50.0,77.0,126.0,17.0,30.0,1.0,0.0,2.0,1.0
482513,215411,benjyfishy,29873,TH,Team Heretics,0.87,0.41,149.0,114.0,3.0,4.0,4.0,10.0,0.0,1.0,40.0,50.0,102.0,92.0,100.0,36.0,0.0,0.0,0.0,1.0
482513,215411,Boo,1144,TH,Team Heretics,0.06,0.29,97.0,56.0,1.0,2.0,5.0,10.0,0.0,2.0,20.0,42.0,67.0,31.0,43.0,13.0,1.0,0.0,0.0,0.0
482513,215412,kaajak,9554,FNC,FNATIC,0.99,1.55,230.0,211.0,7.0,10.0,8.0,3.0,2.0,7.0,70.0,83.0,165.0,136.0,29.0,33.0,1.0,2.0,0.0,0.0
482513,215412,Boaster,438,FNC,FNATIC,1.07,1.24,225.0,238.0,8.0,10.0,8.0,6.0,0.0,4.0,60.0,83.0,144.0,140.0,41.0,41.0,3.0,1.0,1.0,2.0
482513,215412,Alfajer,9810,FNC,FNATIC,0.77,1.35,183.0,248.0,7.0,10.0,9.0,6.0,2.0,1.0,80.0,92.0,120.0,156.0,17.0,43.0,1.0,3.0,0.0,1.0
482513,215412,Chronicle,458,FNC,FNATIC,0.59,1.45,161.0,286.0,5.0,11.0,9.0,7.0,3.0,10.0,70.0,100.0,110.0,175.0,29.0,13.0,1.0,3.0,0.0,0.0
482513,215412,crashies,4,FNC,FNATIC,0.87,1.17,152.0,206.0,5.0,10.0,7.0,7.0,3.0,5.0,50.0,83.0,110.0,145.0,36.0,30.0,1.0,0.0,2.0,0.0
482513,215412,MiniBoo,18350,TH,Team Heretics,0.48,2.16,146.0,372.0,5.0,14.0,11.0,4.0,2.0,3.0,42.0,90.0,91.0,235.0,50.0,50.0,1.0,1.0,3.0,1.0
482513,215412,benjyfishy,29873,TH,Team Heretics,1.51,0.77,284.0,161.0,12.0,6.0,8.0,7.0,1.0,1.0,75.0,60.0,201.0,118.0,50.0,33.0,1.0,0.0,1.0,3.0
482513,215412,Wo0t,21328,TH,Team Heretics,0.85,0.99,149.0,203.0,6.0,9.0,9.0,8.0,1.0,2.0,58.0,80.0,94.0,137.0,60.0,54.0,1.0,0.0,0.0,3.0
482513,215412,Boo,1144,TH,Team Heretics,0.53,0.98,124.0,164.0,4.0,5.0,11.0,5.0,7.0,4.0,58.0,90.0,70.0,136.0,40.0,39.0,0.0,1.0,1.0,0.0
482513,215412,RieNs,10971,TH,Team Heretics,0.05,0.97,73.0,218.0,2.0,7.0,12.0,8.0,1.0,5.0,42.0,90.0,55.0,164.0,60.0,41.0,0.0,1.0,4.0,0.0
482513,215413,kaajak,9554,FNC,FNATIC,1.27,1.82,292.0,332.0,13.0,15.0,10.0,7.0,2.0,4.0,69.0,92.0,189.0,199.0,29.0,11.0,3.0,4.0,5.0,0.0
482513,215413,Chronicle,458,FNC,FNATIC,0.84,1.11,122.0,180.0,5.0,8.0,8.0,8.0,3.0,8.0,69.0,92.0,87.0,110.0,25.0,13.0,0.0,2.0,0.0,1.0
482513,215413,crashies,4,FNC,FNATIC,0.94,0.97,154.0,184.0,7.0,7.0,9.0,8.0,4.0,7.0,62.0,85.0,100.0,122.0,18.0,24.0,1.0,1.0,0.0,1.0
482513,215413,Alfajer,9810,FNC,FNATIC,0.91,0.98,190.0,149.0,9.0,8.0,10.0,8.0,0.0,3.0,38.0,62.0,127.0,89.0,24.0,20.0,2.0,1.0,0.0,1.0
482513,215413,Boaster,438,FNC,FNATIC,0.48,1.1,93.0,243.0,3.0,12.0,9.0,9.0,4.0,6.0,69.0,77.0,83.0,158.0,24.0,24.0,0.0,0.0,2.0,2.0
482513,215413,Wo0t,21328,TH,Team Heretics,1.11,1.13,273.0,213.0,12.0,9.0,11.0,7.0,1.0,4.0,62.0,77.0,170.0,140.0,18.0,26.0,1.0,3.0,3.0,2.0
482513,215413,benjyfishy,29873,TH,Team Heretics,0.84,1.36,127.0,230.0,7.0,11.0,9.0,6.0,2.0,2.0,69.0,62.0,90.0,142.0,54.0,46.0,0.0,1.0,1.0,1.0
482513,215413,Boo,1144,TH,Team Heretics,0.64,1.23,108.0,180.0,4.0,10.0,9.0,7.0,7.0,2.0,92.0,85.0,58.0,100.0,15.0,16.0,0.0,1.0,0.0,1.0
482513,215413,RieNs,10971,TH,Team Heretics,0.71,0.97,186.0,217.0,8.0,10.0,11.0,9.0,5.0,5.0,69.0,77.0,123.0,146.0,15.0,38.0,0.0,0.0,1.0,0.0
482513,215413,MiniBoo,18350,TH,Team Heretics,0.74,0.75,198.0,149.0,9.0,6.0,10.0,8.0,3.0,3.0,62.0,62.0,118.0,90.0,29.0,50.0,4.0,2.0,3.0,2.0
482515,215416,RieNs,10971,TH,Team Heretics,1.12,0.87,200.0,264.0,8.0,7.0,8.0,7.0,6.0,0.0,67.0,86.0,145.0,147.0,21.0,55.0,2.0,0.0,2.0,0.0
482515,215416,Boo,1144,TH,Team Heretics,0.88,0.83,218.0,181.0,9.0,4.0,11.0,6.0,5.0,3.0,75.0,43.0,149.0,96.0,50.0,38.0,0.0,0.0,1.0,1.0
482515,215416,MiniBoo,18350,TH,Team Heretics,0.59,1.0,187.0,174.0,8.0,5.0,11.0,5.0,3.0,1.0,67.0,71.0,110.0,84.0,40.0,8.0,3.0,1.0,2.0,1.0
482515,215416,benjyfishy,29873,TH,Team Heretics,1.06,0.01,262.0,15.0,11.0,0.0,10.0,7.0,2.0,1.0,67.0,43.0,177.0,15.0,42.0,50.0,0.0,0.0,1.0,0.0
482515,215416,Wo0t,21328,TH,Team Heretics,0.47,0.48,124.0,144.0,5.0,3.0,10.0,5.0,0.0,2.0,42.0,57.0,95.0,89.0,32.0,43.0,0.0,2.0,1.0,2.0
482515,215416,kaajak,9554,FNC,FNATIC,1.44,1.61,322.0,247.0,8.0,12.0,5.0,7.0,1.0,1.0,100.0,83.0,171.0,169.0,26.0,52.0,2.0,3.0,0.0,1.0
482515,215416,Chronicle,458,FNC,FNATIC,1.05,1.68,145.0,296.0,5.0,11.0,3.0,6.0,2.0,11.0,86.0,100.0,81.0,199.0,9.0,28.0,0.0,1.0,1.0,0.0
482515,215416,Alfajer,9810,FNC,FNATIC,1.38,1.38,285.0,276.0,7.0,13.0,5.0,10.0,0.0,2.0,71.0,75.0,166.0,179.0,53.0,37.0,2.0,2.0,1.0,0.0
482515,215416,Boaster,438,FNC,FNATIC,1.19,0.99,220.0,218.0,6.0,9.0,4.0,9.0,2.0,6.0,71.0,83.0,144.0,147.0,16.0,28.0,0.0,0.0,1.0,4.0
482515,215416,crashies,4,FNC,FNATIC,1.21,0.58,158.0,115.0,4.0,5.0,2.0,9.0,3.0,5.0,100.0,83.0,119.0,89.0,21.0,24.0,0.0,1.0,0.0,0.0
482515,217080,RieNs,10971,TH,Team Heretics,1.43,0.61,279.0,116.0,11.0,4.0,9.0,8.0,4.0,1.0,75.0,33.0,203.0,85.0,38.0,30.0,0.0,0.0,1.0,1.0
482515,217080,benjyfishy,29873,TH,Team Heretics,0.92,1.01,191.0,241.0,9.0,8.0,10.0,7.0,0.0,0.0,67.0,78.0,116.0,143.0,33.0,69.0,1.0,3.0,3.0,0.0
482515,217080,Boo,1144,TH,Team Heretics,0.33,1.53,80.0,276.0,2.0,9.0,10.0,6.0,6.0,3.0,67.0,89.0,49.0,204.0,33.0,50.0,0.0,1.0,1.0,0.0
482515,217080,Wo0t,21328,TH,Team Heretics,1.14,0.19,200.0,94.0,10.0,2.0,8.0,9.0,0.0,2.0,67.0,44.0,153.0,67.0,23.0,17.0,0.0,0.0,0.0,0.0
482515,217080,MiniBoo,18350,TH,Team Heretics,0.48,0.67,175.0,178.0,6.0,5.0,12.0,8.0,4.0,2.0,67.0,67.0,113.0,124.0,33.0,36.0,3.0,1.0,3.0,3.0
482515,217080,crashies,4,FNC,FNATIC,1.14,1.23,288.0,259.0,10.0,12.0,6.0,7.0,2.0,3.0,89.0,92.0,170.0,177.0,25.0,22.0,2.0,3.0,0.0,1.0
482515,217080,kaajak,9554,FNC,FNATIC,1.09,1.24,235.0,231.0,7.0,11.0,6.0,6.0,3.0,1.0,78.0,92.0,133.0,161.0,40.0,39.0,1.0,1.0,1.0,1.0
482515,217080,Boaster,438,FNC,FNATIC,1.26,1.1,207.0,193.0,6.0,9.0,4.0,7.0,2.0,2.0,67.0,67.0,137.0,118.0,21.0,22.0,0.0,2.0,1.0,1.0
482515,217080,Alfajer,9810,FNC,FNATIC,0.97,1.29,236.0,266.0,9.0,11.0,7.0,9.0,0.0,5.0,67.0,83.0,174.0,197.0,60.0,38.0,0.0,2.0,2.0,1.0
482515,217080,Chronicle,458,FNC,FNATIC,1.21,0.69,183.0,138.0,6.0,6.0,5.0,9.0,2.0,6.0,78.0,67.0,107.0,119.0,12.0,23.0,1.0,0.0,1.0,0.0
