match_id,game_id,player,player_id,tag,team,rating_atk,rating_def,acs_atk,acs_def,k_atk,k_def,d_atk,d_def,a_atk,a_def,kast_atk,kast_def,adr_atk,adr_def,hs_atk,hs_def,fk_atk,fk_def,fd_atk,fd_def
509801,224713,mitch,612,C9,Cloud9,1.53,1.47,254.0,243.0,12.0,6.0,6.0,2.0,3.0,2.0,92.0,100.0,165.0,146.0,28.0,6.0,0.0,0.0,2.0,0.0
509801,224713,OXY,18796,C9,Cloud9,0.84,2.57,234.0,542.0,11.0,12.0,10.0,4.0,0.0,3.0,67.0,100.0,130.0,284.0,35.0,20.0,4.0,4.0,2.0,0.0
509801,224713,v1c,17433,C9,Cloud9,1.22,1.39,185.0,198.0,8.0,4.0,6.0,2.0,3.0,4.0,92.0,100.0,137.0,130.0,63.0,56.0,0.0,1.0,1.0,0.0
509801,224713,Xeppaa,7871,C9,Cloud9,1.17,1.25,246.0,173.0,9.0,4.0,8.0,2.0,4.0,1.0,100.0,100.0,172.0,136.0,19.0,36.0,1.0,1.0,0.0,0.0
509801,224713,neT,6582,C9,Cloud9,0.59,1.35,110.0,176.0,5.0,4.0,6.0,2.0,1.0,2.0,67.0,100.0,74.0,117.0,36.0,25.0,0.0,0.0,2.0,0.0
509801,224713,heat,8673,FUR,FURIA,0.62,1.07,175.0,178.0,4.0,8.0,6.0,9.0,1.0,2.0,50.0,58.0,106.0,111.0,38.0,44.0,0.0,1.0,2.0,1.0
509801,224713,adverso,3826,FUR,FURIA,0.86,0.93,227.0,204.0,4.0,8.0,6.0,8.0,2.0,2.0,83.0,83.0,154.0,157.0,17.0,30.0,0.0,0.0,0.0,0.0
509801,224713,Palla,15681,FUR,FURIA,0.06,1.09,54.0,240.0,1.0,10.0,6.0,10.0,1.0,1.0,33.0,67.0,28.0,172.0,50.0,35.0,0.0,2.0,1.0,1.0
509801,224713,tuyz,2408,FUR,FURIA,0.16,0.79,66.0,113.0,1.0,5.0,6.0,7.0,1.0,5.0,50.0,83.0,50.0,70.0,29.0,71.0,0.0,2.0,2.0,0.0
509801,224713,Urango,6238,FUR,FURIA,0.23,0.28,121.0,139.0,2.0,5.0,6.0,11.0,1.0,0.0,50.0,42.0,83.0,92.0,38.0,26.0,0.0,2.0,1.0,3.0
509801,224714,OXY,18796,C9,Cloud9,1.37,1.95,319.0,348.0,6.0,15.0,3.0,4.0,2.0,3.0,60.0,92.0,176.0,196.0,5.0,17.0,0.0,4.0,1.0,0.0
509801,224714,Xeppaa,7871,C9,Cloud9,1.1,1.87,248.0,403.0,6.0,16.0,3.0,7.0,0.0,7.0,60.0,100.0,135.0,259.0,29.0,32.0,2.0,3.0,0.0,0.0
509801,224714,v1c,17433,C9,Cloud9,1.54,1.46,294.0,164.0,5.0,8.0,3.0,2.0,1.0,8.0,100.0,92.0,168.0,127.0,23.0,25.0,1.0,0.0,0.0,1.0
509801,224714,neT,6582,C9,Cloud9,1.63,1.11,230.0,150.0,4.0,8.0,1.0,4.0,0.0,2.0,80.0,83.0,166.0,85.0,63.0,36.0,0.0,1.0,1.0,1.0
509801,224714,mitch,612,C9,Cloud9,1.05,1.0,125.0,135.0,2.0,4.0,2.0,5.0,3.0,7.0,80.0,92.0,76.0,103.0,22.0,18.0,0.0,1.0,0.0,1.0
509801,224714,tuyz,2408,FUR,FURIA,0.58,1.06,79.0,165.0,3.0,3.0,9.0,4.0,5.0,3.0,50.0,40.0,48.0,136.0,75.0,43.0,0.0,0.0,2.0,0.0
509801,224714,adverso,3826,FUR,FURIA,0.26,1.45,67.0,325.0,3.0,5.0,11.0,4.0,1.0,2.0,25.0,60.0,34.0,188.0,50.0,19.0,1.0,1.0,3.0,2.0
509801,224714,heat,8673,FUR,FURIA,0.52,0.76,106.0,155.0,4.0,2.0,10.0,5.0,2.0,1.0,58.0,40.0,77.0,150.0,31.0,25.0,0.0,0.0,1.0,0.0
509801,224714,Palla,15681,FUR,FURIA,0.72,0.21,190.0,103.0,7.0,1.0,11.0,5.0,1.0,2.0,33.0,40.0,127.0,74.0,23.0,0.0,0.0,1.0,2.0,1.0
509801,224714,Urango,6238,FUR,FURIA,0.58,0.02,127.0,46.0,5.0,1.0,10.0,5.0,4.0,0.0,58.0,20.0,60.0,26.0,11.0,50.0,2.0,0.0,1.0,0.0
509802,224716,Sato,21659,LEV,LEVIATÁN,1.69,2.03,410.0,343.0,15.0,16.0,8.0,7.0,3.0,1.0,100.0,67.0,249.0,230.0,53.0,41.0,5.0,3.0,0.0,1.0
509802,224716,Okeanos,8373,LEV,LEVIATÁN,0.94,1.12,196.0,244.0,8.0,10.0,8.0,9.0,5.0,6.0,91.0,67.0,109.0,139.0,40.0,50.0,1.0,2.0,0.0,1.0
509802,224716,tex,1818,LEV,LEVIATÁN,1.22,0.6,219.0,101.0,9.0,4.0,5.0,8.0,3.0,1.0,73.0,75.0,124.0,77.0,40.0,38.0,2.0,1.0,0.0,0.0
509802,224716,kiNgg,8549,LEV,LEVIATÁN,0.82,0.85,111.0,113.0,5.0,3.0,5.0,7.0,1.0,7.0,73.0,75.0,75.0,96.0,50.0,29.0,0.0,0.0,0.0,0.0
509802,224716,C0M,619,LEV,LEVIATÁN,1.1,0.41,175.0,77.0,8.0,2.0,5.0,9.0,3.0,5.0,73.0,58.0,113.0,60.0,31.0,45.0,2.0,0.0,1.0,4.0
509802,224716,Virtyy,3983,LOUD,LOUD,1.59,1.3,335.0,286.0,15.0,10.0,8.0,10.0,1.0,2.0,75.0,64.0,198.0,176.0,24.0,14.0,4.0,1.0,3.0,2.0
509802,224716,lukxo,28716,LOUD,LOUD,1.0,1.08,222.0,205.0,9.0,8.0,8.0,6.0,3.0,2.0,83.0,73.0,153.0,136.0,19.0,47.0,0.0,0.0,0.0,0.0
509802,224716,RobbieBk,5893,LOUD,LOUD,1.17,0.7,183.0,150.0,7.0,5.0,5.0,10.0,4.0,3.0,83.0,73.0,107.0,129.0,80.0,10.0,1.0,0.0,1.0,1.0
509802,224716,pANcada,683,LOUD,LOUD,0.65,0.67,110.0,105.0,5.0,4.0,7.0,8.0,3.0,4.0,67.0,55.0,67.0,69.0,50.0,8.0,1.0,0.0,0.0,3.0
509802,224716,cauanzin,6193,LOUD,LOUD,0.58,0.35,89.0,108.0,4.0,4.0,7.0,11.0,1.0,3.0,67.0,64.0,66.0,86.0,44.0,15.0,0.0,0.0,2.0,4.0
509802,224717,C0M,619,LEV,LEVIATÁN,1.11,2.06,176.0,377.0,6.0,16.0,7.0,5.0,2.0,3.0,64.0,83.0,119.0,228.0,28.0,13.0,0.0,1.0,0.0,0.0
509802,224717,Sato,21659,LEV,LEVIATÁN,0.61,1.42,170.0,265.0,6.0,11.0,10.0,7.0,1.0,3.0,45.0,67.0,102.0,180.0,60.0,39.0,2.0,2.0,6.0,1.0
509802,224717,tex,1818,LEV,LEVIATÁN,0.66,0.99,159.0,185.0,6.0,10.0,10.0,7.0,0.0,1.0,27.0,83.0,102.0,113.0,47.0,21.0,0.0,0.0,2.0,0.0
509802,224717,Okeanos,8373,LEV,LEVIATÁN,0.36,0.8,61.0,154.0,2.0,5.0,10.0,8.0,3.0,11.0,45.0,83.0,31.0,114.0,40.0,30.0,1.0,1.0,0.0,2.0
509802,224717,kiNgg,8549,LEV,LEVIATÁN,0.52,0.57,75.0,100.0,3.0,5.0,9.0,7.0,2.0,6.0,36.0,75.0,63.0,57.0,50.0,25.0,0.0,2.0,0.0,3.0
509802,224717,lukxo,28716,LOUD,LOUD,1.17,1.86,223.0,344.0,9.0,15.0,9.0,4.0,1.0,3.0,67.0,91.0,137.0,219.0,26.0,43.0,3.0,3.0,0.0,1.0
509802,224717,Virtyy,3983,LOUD,LOUD,1.01,1.77,208.0,306.0,8.0,11.0,9.0,3.0,3.0,4.0,58.0,91.0,141.0,176.0,35.0,11.0,3.0,4.0,3.0,1.0
509802,224717,cauanzin,6193,LOUD,LOUD,0.55,1.34,156.0,231.0,6.0,9.0,11.0,5.0,3.0,7.0,42.0,82.0,104.0,161.0,21.0,30.0,0.0,1.0,2.0,0.0
509802,224717,RobbieBk,5893,LOUD,LOUD,0.8,0.92,106.0,152.0,5.0,7.0,8.0,5.0,3.0,1.0,58.0,91.0,80.0,98.0,55.0,21.0,0.0,0.0,0.0,0.0
509802,224717,pANcada,683,LOUD,LOUD,0.57,0.69,145.0,118.0,6.0,4.0,10.0,6.0,2.0,4.0,67.0,82.0,97.0,79.0,54.0,27.0,0.0,0.0,1.0,1.0
509802,224718,kiNgg,8549,LEV,LEVIATÁN,1.72,1.41,331.0,229.0,12.0,9.0,8.0,6.0,3.0,4.0,92.0,83.0,208.0,150.0,32.0,24.0,0.0,0.0,1.0,0.0
509802,224718,Okeanos,8373,LEV,LEVIATÁN,0.85,1.49,175.0,308.0,7.0,13.0,9.0,8.0,3.0,4.0,50.0,92.0,109.0,178.0,58.0,57.0,0.0,1.0,2.0,0.0
509802,224718,tex,1818,LEV,LEVIATÁN,0.53,1.04,129.0,217.0,6.0,11.0,10.0,8.0,2.0,0.0,67.0,75.0,71.0,155.0,36.0,50.0,1.0,2.0,3.0,2.0
509802,224718,Sato,21659,LEV,LEVIATÁN,0.7,0.66,169.0,161.0,7.0,7.0,11.0,8.0,2.0,1.0,58.0,58.0,119.0,94.0,36.0,18.0,0.0,3.0,3.0,3.0
509802,224718,C0M,619,LEV,LEVIATÁN,0.22,0.74,75.0,184.0,2.0,9.0,11.0,10.0,1.0,2.0,33.0,75.0,55.0,140.0,13.0,30.0,0.0,1.0,2.0,0.0
509802,224718,pANcada,683,LOUD,LOUD,1.53,1.55,317.0,321.0,14.0,14.0,9.0,7.0,2.0,3.0,75.0,83.0,202.0,208.0,56.0,35.0,1.0,2.0,0.0,0.0
509802,224718,lukxo,28716,LOUD,LOUD,0.97,1.37,178.0,308.0,8.0,13.0,9.0,8.0,0.0,2.0,67.0,92.0,119.0,183.0,30.0,29.0,2.0,5.0,2.0,0.0
509802,224718,Virtyy,3983,LOUD,LOUD,0.53,1.41,164.0,239.0,6.0,11.0,11.0,4.0,2.0,3.0,58.0,100.0,107.0,147.0,29.0,17.0,0.0,3.0,3.0,1.0
509802,224718,RobbieBk,5893,LOUD,LOUD,0.8,0.57,196.0,108.0,8.0,5.0,11.0,7.0,0.0,1.0,50.0,58.0,133.0,78.0,26.0,33.0,2.0,0.0,0.0,0.0
509802,224718,cauanzin,6193,LOUD,LOUD,0.51,0.73,105.0,164.0,4.0,6.0,9.0,8.0,3.0,5.0,42.0,83.0,80.0,109.0,13.0,20.0,0.0,1.0,2.0,0.0
509803,224719,supamen,826,EG,Evil Geniuses,1.09,0.88,141.0,186.0,7.0,6.0,7.0,7.0,6.0,0.0,67.0,50.0,74.0,112.0,55.0,31.0,1.0,0.0,1.0,1.0
509803,224719,icy,8402,EG,Evil Geniuses,1.44,0.1,259.0,85.0,12.0,2.0,7.0,8.0,1.0,0.0,92.0,25.0,190.0,62.0,48.0,14.0,1.0,0.0,0.0,0.0
509803,224719,Derrek,1533,EG,Evil Geniuses,1.18,0.43,211.0,143.0,9.0,4.0,8.0,7.0,6.0,0.0,67.0,63.0,136.0,105.0,37.0,50.0,0.0,0.0,0.0,0.0
509803,224719,NaturE,4927,EG,Evil Geniuses,0.42,1.23,116.0,317.0,5.0,8.0,10.0,7.0,4.0,4.0,75.0,88.0,62.0,180.0,31.0,27.0,1.0,0.0,1.0,1.0
509803,224719,yay,881,EG,Evil Geniuses,0.78,0.47,180.0,134.0,6.0,3.0,9.0,8.0,3.0,4.0,58.0,50.0,119.0,110.0,17.0,30.0,3.0,3.0,4.0,3.0
509803,224719,spike,21661,2G,2Game Esports,1.46,2.01,291.0,415.0,10.0,17.0,4.0,7.0,1.0,2.0,88.0,75.0,170.0,282.0,23.0,35.0,0.0,3.0,0.0,3.0
509803,224719,lz,6195,2G,2Game Esports,1.7,1.34,273.0,248.0,8.0,10.0,4.0,7.0,4.0,7.0,88.0,75.0,170.0,146.0,43.0,43.0,3.0,1.0,1.0,2.0
509803,224719,gobera,14950,2G,2Game Esports,1.93,0.41,336.0,93.0,9.0,3.0,4.0,10.0,6.0,7.0,100.0,58.0,227.0,61.0,33.0,23.0,2.0,1.0,0.0,0.0
509803,224719,silentzz,11921,2G,2Game Esports,0.37,1.14,115.0,187.0,4.0,9.0,6.0,6.0,0.0,1.0,63.0,75.0,86.0,120.0,50.0,60.0,0.0,1.0,2.0,0.0
509803,224719,pryze,662,2G,2Game Esports,1.11,0.34,177.0,63.0,6.0,2.0,5.0,9.0,2.0,3.0,100.0,50.0,116.0,47.0,12.0,20.0,0.0,0.0,0.0,1.0
509803,224720,Derrek,1533,EG,Evil Geniuses,1.75,1.43,424.0,277.0,18.0,12.0,8.0,7.0,3.0,1.0,83.0,75.0,282.0,202.0,27.0,39.0,2.0,1.0,1.0,1.0
509803,224720,icy,8402,EG,Evil Geniuses,1.3,1.24,214.0,235.0,10.0,10.0,6.0,7.0,2.0,1.0,75.0,67.0,123.0,135.0,13.0,31.0,2.0,2.0,0.0,2.0
509803,224720,supamen,826,EG,Evil Geniuses,0.76,1.14,89.0,188.0,3.0,7.0,5.0,7.0,1.0,5.0,67.0,67.0,60.0,137.0,0.0,29.0,1.0,2.0,2.0,1.0
509803,224720,yay,881,EG,Evil Geniuses,0.79,0.69,211.0,198.0,8.0,9.0,9.0,10.0,3.0,5.0,67.0,75.0,147.0,135.0,22.0,47.0,0.0,1.0,2.0,1.0
509803,224720,NaturE,4927,EG,Evil Geniuses,0.7,0.54,86.0,120.0,3.0,5.0,7.0,9.0,7.0,4.0,67.0,58.0,64.0,68.0,25.0,14.0,0.0,0.0,2.0,1.0
509803,224720,lz,6195,2G,2Game Esports,1.0,1.26,195.0,239.0,7.0,9.0,8.0,8.0,8.0,5.0,67.0,58.0,121.0,156.0,26.0,73.0,1.0,4.0,3.0,2.0
509803,224720,pryze,662,2G,2Game Esports,0.85,1.38,174.0,263.0,7.0,11.0,9.0,8.0,5.0,4.0,67.0,67.0,130.0,168.0,22.0,17.0,0.0,0.0,1.0,0.0
509803,224720,spike,21661,2G,2Game Esports,1.45,0.63,284.0,168.0,12.0,7.0,8.0,10.0,2.0,0.0,67.0,42.0,183.0,117.0,19.0,24.0,3.0,3.0,0.0,2.0
509803,224720,silentzz,11921,2G,2Game Esports,1.17,0.68,220.0,98.0,9.0,4.0,9.0,9.0,3.0,2.0,67.0,50.0,135.0,75.0,64.0,17.0,1.0,0.0,1.0,1.0
509803,224720,gobera,14950,2G,2Game Esports,0.75,0.9,125.0,114.0,5.0,4.0,9.0,7.0,6.0,7.0,75.0,75.0,82.0,78.0,20.0,30.0,1.0,0.0,1.0,0.0
509803,224721,Derrek,1533,EG,Evil Geniuses,1.79,1.25,267.0,216.0,11.0,7.0,7.0,5.0,2.0,5.0,50.0,60.0,185.0,167.0,48.0,16.0,0.0,1.0,1.0,1.0
509803,224721,yay,881,EG,Evil Geniuses,0.5,2.01,122.0,362.0,5.0,14.0,10.0,5.0,1.0,2.0,42.0,90.0,80.0,224.0,50.0,22.0,1.0,3.0,6.0,1.0
509803,224721,NaturE,4927,EG,Evil Geniuses,0.83,1.54,168.0,307.0,6.0,11.0,10.0,5.0,6.0,6.0,67.0,100.0,121.0,198.0,32.0,27.0,0.0,2.0,0.0,1.0
509803,224721,icy,8402,EG,Evil Geniuses,0.58,1.07,131.0,83.0,5.0,3.0,10.0,2.0,2.0,4.0,50.0,80.0,86.0,46.0,60.0,29.0,0.0,0.0,1.0,0.0
509803,224721,supamen,826,EG,Evil Geniuses,0.45,1.11,103.0,213.0,4.0,7.0,9.0,6.0,2.0,4.0,67.0,80.0,54.0,144.0,71.0,47.0,1.0,1.0,2.0,0.0
509803,224721,silentzz,11921,2G,2Game Esports,0.8,2.44,194.0,409.0,7.0,19.0,8.0,3.0,0.0,1.0,50.0,100.0,138.0,233.0,40.0,19.0,0.0,7.0,1.0,0.0
509803,224721,spike,21661,2G,2Game Esports,1.01,1.01,178.0,196.0,6.0,8.0,8.0,7.0,7.0,6.0,70.0,75.0,101.0,113.0,17.0,19.0,1.0,0.0,2.0,0.0
509803,224721,pryze,662,2G,2Game Esports,0.75,1.0,175.0,199.0,6.0,8.0,8.0,7.0,3.0,2.0,70.0,67.0,124.0,126.0,14.0,19.0,0.0,2.0,2.0,1.0
509803,224721,lz,6195,2G,2Game Esports,0.57,0.98,119.0,182.0,3.0,8.0,9.0,6.0,5.0,6.0,70.0,83.0,75.0,110.0,27.0,40.0,2.0,1.0,0.0,0.0
509803,224721,gobera,14950,2G,2Game Esports,0.09,0.3,44.0,85.0,1.0,3.0,9.0,8.0,2.0,2.0,40.0,50.0,31.0,68.0,0.0,5.0,0.0,0.0,2.0,1.0
509804,224722,aspas,8480,MIBR,MIBR,0.68,1.85,145.0,286.0,5.0,12.0,7.0,4.0,0.0,2.0,50.0,75.0,95.0,195.0,33.0,3.0,1.0,4.0,2.0,1.0
509804,224722,Verno,21668,MIBR,MIBR,1.61,0.82,222.0,122.0,8.0,4.0,4.0,6.0,1.0,4.0,80.0,67.0,155.0,80.0,28.0,7.0,1.0,1.0,0.0,0.0
509804,224722,xenom,20240,MIBR,MIBR,1.0,1.15,137.0,155.0,4.0,6.0,5.0,5.0,4.0,10.0,70.0,92.0,81.0,114.0,12.0,41.0,0.0,2.0,0.0,1.0
509804,224722,cortezia,5395,MIBR,MIBR,0.57,1.42,98.0,271.0,4.0,11.0,8.0,5.0,2.0,3.0,40.0,92.0,87.0,169.0,75.0,55.0,0.0,0.0,1.0,0.0
509804,224722,artzin,5957,MIBR,MIBR,0.73,0.79,161.0,195.0,4.0,10.0,7.0,8.0,3.0,0.0,60.0,67.0,114.0,144.0,11.0,19.0,1.0,1.0,4.0,2.0
509804,224722,keznit,2462,KRÜ,VISA KRÜ (KRÜ Esports),0.89,1.32,164.0,250.0,6.0,7.0,9.0,5.0,3.0,4.0,75.0,80.0,95.0,177.0,33.0,30.0,2.0,2.0,0.0,0.0
509804,224722,Melser,1311,KRÜ,VISA KRÜ (KRÜ Esports),0.91,1.16,156.0,236.0,6.0,9.0,8.0,5.0,3.0,2.0,75.0,80.0,101.0,157.0,19.0,31.0,0.0,1.0,1.0,0.0
509804,224722,Mazino,7603,KRÜ,VISA KRÜ (KRÜ Esports),0.9,0.91,185.0,138.0,8.0,5.0,9.0,4.0,0.0,2.0,58.0,70.0,134.0,111.0,22.0,27.0,1.0,0.0,2.0,1.0
509804,224722,Shyy,24007,KRÜ,VISA KRÜ (KRÜ Esports),0.9,0.76,138.0,140.0,6.0,5.0,7.0,6.0,1.0,1.0,67.0,90.0,101.0,84.0,38.0,11.0,1.0,1.0,1.0,2.0
509804,224722,Dantedeu5,41135,KRÜ,VISA KRÜ (KRÜ Esports),0.17,0.79,49.0,150.0,2.0,5.0,10.0,5.0,1.0,0.0,42.0,80.0,35.0,115.0,33.0,43.0,0.0,3.0,4.0,0.0
509804,224723,aspas,8480,MIBR,MIBR,1.23,2.21,290.0,420.0,11.0,3.0,10.0,2.0,0.0,1.0,67.0,100.0,178.0,305.0,38.0,42.0,2.0,0.0,1.0,0.0
509804,224723,xenom,20240,MIBR,MIBR,0.73,0.19,175.0,139.0,6.0,1.0,11.0,2.0,5.0,0.0,67.0,50.0,122.0,81.0,39.0,100.0,0.0,1.0,2.0,0.0
509804,224723,cortezia,5395,MIBR,MIBR,0.51,0.25,98.0,148.0,4.0,1.0,10.0,2.0,0.0,1.0,50.0,50.0,66.0,98.0,17.0,25.0,0.0,0.0,0.0,0.0
509804,224723,artzin,5957,MIBR,MIBR,0.13,1.0,81.0,260.0,2.0,2.0,12.0,2.0,5.0,0.0,33.0,100.0,66.0,147.0,9.0,67.0,0.0,0.0,4.0,0.0
509804,224723,Verno,21668,MIBR,MIBR,0.19,0.01,86.0,,3.0,0.0,12.0,2.0,3.0,0.0,58.0,,52.0,,33.0,,0.0,0.0,3.0,1.0
509804,224723,keznit,2462,KRÜ,VISA KRÜ (KRÜ Esports),0.32,2.65,165.0,467.0,1.0,21.0,2.0,4.0,1.0,7.0,100.0,100.0,108.0,301.0,25.0,15.0,0.0,4.0,0.0,0.0
509804,224723,Melser,1311,KRÜ,VISA KRÜ (KRÜ Esports),0.81,1.68,187.0,210.0,2.0,10.0,2.0,3.0,1.0,7.0,100.0,92.0,100.0,147.0,0.0,30.0,0.0,2.0,0.0,0.0
509804,224723,Mazino,7603,KRÜ,VISA KRÜ (KRÜ Esports),2.73,1.03,459.0,233.0,4.0,9.0,1.0,7.0,0.0,4.0,100.0,75.0,318.0,151.0,42.0,24.0,0.0,1.0,0.0,1.0
509804,224723,Dantedeu5,41135,KRÜ,VISA KRÜ (KRÜ Esports),1.27,1.04,213.0,198.0,1.0,7.0,1.0,7.0,1.0,5.0,100.0,92.0,150.0,131.0,50.0,16.0,1.0,1.0,1.0,1.0
509804,224723,Shyy,24007,KRÜ,VISA KRÜ (KRÜ Esports),0.86,1.06,212.0,148.0,2.0,8.0,1.0,5.0,1.0,4.0,50.0,92.0,105.0,85.0,20.0,8.0,0.0,2.0,0.0,0.0
509804,224724,cortezia,5395,MIBR,MIBR,1.12,1.12,165.0,230.0,7.0,10.0,7.0,9.0,1.0,1.0,50.0,67.0,115.0,152.0,33.0,48.0,0.0,2.0,0.0,1.0
509804,224724,artzin,5957,MIBR,MIBR,0.87,1.02,244.0,223.0,8.0,9.0,10.0,8.0,4.0,1.0,50.0,67.0,148.0,155.0,15.0,31.0,1.0,1.0,2.0,0.0
509804,224724,xenom,20240,MIBR,MIBR,1.18,0.69,275.0,125.0,9.0,5.0,8.0,6.0,3.0,3.0,80.0,83.0,196.0,91.0,29.0,29.0,0.0,1.0,0.0,2.0
509804,224724,aspas,8480,MIBR,MIBR,0.32,1.05,116.0,179.0,3.0,7.0,9.0,6.0,2.0,1.0,40.0,83.0,96.0,109.0,23.0,27.0,1.0,3.0,3.0,0.0
509804,224724,Verno,21668,MIBR,MIBR,0.43,0.42,132.0,90.0,5.0,3.0,9.0,7.0,1.0,2.0,70.0,58.0,98.0,53.0,44.0,43.0,1.0,1.0,2.0,1.0
509804,224724,keznit,2462,KRÜ,VISA KRÜ (KRÜ Esports),2.14,1.08,337.0,216.0,15.0,7.0,4.0,7.0,4.0,6.0,92.0,90.0,217.0,175.0,23.0,20.0,1.0,1.0,1.0,1.0
509804,224724,Dantedeu5,41135,KRÜ,VISA KRÜ (KRÜ Esports),1.09,1.16,176.0,242.0,8.0,8.0,7.0,6.0,4.0,5.0,83.0,80.0,104.0,164.0,31.0,21.0,2.0,2.0,1.0,2.0
509804,224724,Melser,1311,KRÜ,VISA KRÜ (KRÜ Esports),0.54,1.83,111.0,302.0,4.0,12.0,9.0,6.0,5.0,5.0,83.0,90.0,84.0,192.0,25.0,22.0,0.0,1.0,3.0,0.0
509804,224724,Mazino,7603,KRÜ,VISA KRÜ (KRÜ Esports),0.66,1.59,161.0,297.0,6.0,10.0,8.0,6.0,3.0,5.0,75.0,100.0,105.0,198.0,14.0,47.0,1.0,3.0,3.0,0.0
509804,224724,Shyy,24007,KRÜ,VISA KRÜ (KRÜ Esports),0.62,0.98,74.0,168.0,3.0,6.0,6.0,7.0,2.0,5.0,83.0,80.0,53.0,131.0,8.0,29.0,0.0,0.0,0.0,0.0
509805,224725,Kess,9094,100T,100 Thieves,1.41,1.36,218.0,229.0,10.0,8.0,8.0,7.0,2.0,8.0,64.0,92.0,112.0,167.0,22.0,26.0,2.0,1.0,1.0,0.0
509805,224725,Cryocells,4147,100T,100 Thieves,1.01,1.28,235.0,183.0,9.0,9.0,9.0,5.0,1.0,2.0,73.0,75.0,149.0,128.0,24.0,41.0,0.0,1.0,0.0,2.0
509805,224725,zander,8082,100T,100 Thieves,0.46,1.56,113.0,240.0,4.0,12.0,9.0,5.0,2.0,2.0,55.0,92.0,79.0,146.0,20.0,21.0,1.0,2.0,1.0,0.0
509805,224725,Asuna,601,100T,100 Thieves,0.59,1.3,166.0,214.0,5.0,8.0,10.0,6.0,3.0,8.0,82.0,83.0,111.0,155.0,21.0,13.0,2.0,0.0,2.0,4.0
509805,224725,eeiu,796,100T,100 Thieves,0.54,1.19,147.0,189.0,5.0,11.0,10.0,5.0,3.0,1.0,73.0,75.0,96.0,95.0,58.0,10.0,1.0,1.0,1.0,1.0
509805,224725,Ethan,11225,NRG,NRG,0.98,1.33,227.0,223.0,10.0,8.0,11.0,6.0,3.0,8.0,83.0,91.0,146.0,129.0,29.0,30.0,1.0,1.0,1.0,1.0
509805,224725,skuba,11118,NRG,NRG,0.42,1.87,110.0,296.0,3.0,13.0,9.0,4.0,1.0,3.0,42.0,100.0,91.0,203.0,9.0,17.0,0.0,0.0,0.0,0.0
509805,224725,s0m,4164,NRG,NRG,0.74,1.32,138.0,280.0,4.0,11.0,9.0,7.0,12.0,5.0,83.0,91.0,84.0,188.0,15.0,22.0,0.0,2.0,2.0,1.0
509805,224725,brawk,2172,NRG,NRG,0.72,0.93,159.0,181.0,6.0,8.0,10.0,8.0,5.0,7.0,67.0,91.0,101.0,105.0,20.0,13.0,3.0,0.0,0.0,1.0
509805,224725,mada,5132,NRG,NRG,0.64,0.59,157.0,169.0,5.0,6.0,9.0,8.0,2.0,1.0,50.0,64.0,114.0,109.0,30.0,26.0,3.0,2.0,2.0,3.0
509805,224726,eeiu,796,100T,100 Thieves,1.34,1.99,147.0,338.0,3.0,16.0,2.0,4.0,1.0,4.0,100.0,75.0,118.0,218.0,27.0,38.0,0.0,3.0,0.0,2.0
509805,224726,zander,8082,100T,100 Thieves,1.77,1.26,333.0,187.0,7.0,9.0,3.0,4.0,0.0,4.0,80.0,92.0,191.0,120.0,42.0,35.0,0.0,1.0,0.0,0.0
509805,224726,Asuna,601,100T,100 Thieves,0.75,1.64,205.0,274.0,3.0,11.0,4.0,5.0,2.0,5.0,60.0,92.0,147.0,168.0,33.0,21.0,1.0,1.0,2.0,1.0
509805,224726,Kess,9094,100T,100 Thieves,0.79,1.4,205.0,236.0,4.0,11.0,4.0,3.0,1.0,2.0,60.0,100.0,107.0,148.0,80.0,29.0,1.0,1.0,0.0,0.0
509805,224726,Cryocells,4147,100T,100 Thieves,0.45,1.35,93.0,270.0,1.0,12.0,4.0,7.0,2.0,4.0,80.0,92.0,76.0,158.0,14.0,26.0,1.0,3.0,0.0,0.0
509805,224726,brawk,2172,NRG,NRG,0.87,0.99,237.0,223.0,8.0,5.0,12.0,4.0,2.0,1.0,58.0,60.0,185.0,139.0,10.0,27.0,0.0,0.0,1.0,0.0
509805,224726,skuba,11118,NRG,NRG,0.64,1.34,129.0,133.0,5.0,3.0,11.0,2.0,1.0,4.0,33.0,100.0,83.0,69.0,17.0,50.0,0.0,0.0,0.0,0.0
509805,224726,Ethan,11225,NRG,NRG,0.26,1.29,77.0,302.0,2.0,4.0,12.0,5.0,1.0,8.0,42.0,80.0,73.0,189.0,9.0,13.0,0.0,1.0,1.0,1.0
509805,224726,mada,5132,NRG,NRG,0.41,0.85,149.0,224.0,5.0,4.0,12.0,4.0,0.0,0.0,42.0,60.0,105.0,110.0,30.0,27.0,3.0,1.0,4.0,1.0
509805,224726,s0m,4164,NRG,NRG,0.05,0.71,72.0,102.0,3.0,1.0,12.0,3.0,2.0,1.0,33.0,80.0,39.0,120.0,100.0,50.0,0.0,0.0,3.0,1.0
509806,224728,N4RRATE,36245,SEN,Sentinels,1.52,1.13,236.0,255.0,10.0,7.0,5.0,8.0,6.0,3.0,100.0,78.0,134.0,168.0,26.0,60.0,3.0,2.0,0.0,1.0
509806,224728,zekken,4004,SEN,Sentinels,1.71,0.8,352.0,189.0,16.0,6.0,7.0,8.0,2.0,1.0,92.0,56.0,208.0,111.0,28.0,27.0,4.0,3.0,1.0,2.0
509806,224728,bang,3880,SEN,Sentinels,1.15,1.51,174.0,214.0,8.0,7.0,4.0,4.0,4.0,4.0,83.0,78.0,97.0,146.0,26.0,20.0,1.0,0.0,0.0,0.0
509806,224728,johnqt,1265,SEN,Sentinels,1.45,0.49,219.0,134.0,10.0,4.0,4.0,7.0,3.0,0.0,100.0,67.0,146.0,78.0,11.0,23.0,1.0,1.0,0.0,0.0
509806,224728,Zellsis,729,SEN,Sentinels,1.02,0.76,208.0,174.0,10.0,5.0,6.0,7.0,1.0,1.0,75.0,78.0,132.0,132.0,10.0,28.0,2.0,0.0,0.0,0.0
509806,224728,trent,15500,G2,G2 Esports,1.49,1.13,289.0,275.0,9.0,9.0,5.0,11.0,2.0,2.0,100.0,42.0,204.0,199.0,32.0,26.0,1.0,0.0,0.0,2.0
509806,224728,valyn,3885,G2,G2 Esports,1.12,0.68,187.0,135.0,7.0,5.0,5.0,10.0,4.0,4.0,67.0,50.0,118.0,96.0,27.0,15.0,0.0,0.0,2.0,2.0
509806,224728,JonahP,4581,G2,G2 Esports,0.98,0.64,110.0,145.0,4.0,5.0,4.0,11.0,3.0,2.0,78.0,75.0,86.0,99.0,36.0,26.0,1.0,1.0,2.0,1.0
509806,224728,jawgemo,3993,G2,G2 Esports,1.22,0.39,305.0,139.0,9.0,5.0,8.0,12.0,3.0,3.0,78.0,42.0,224.0,97.0,36.0,42.0,1.0,0.0,1.0,3.0
509806,224728,BABYBAY,2170,G2,G2 Esports,0.72,0.27,169.0,67.0,5.0,2.0,7.0,10.0,4.0,2.0,78.0,50.0,129.0,49.0,19.0,23.0,0.0,0.0,1.0,3.0
509806,224729,N4RRATE,36245,SEN,Sentinels,0.73,1.17,221.0,235.0,5.0,9.0,6.0,10.0,1.0,5.0,86.0,75.0,139.0,141.0,40.0,27.0,2.0,1.0,1.0,0.0
509806,224729,johnqt,1265,SEN,Sentinels,0.42,1.17,92.0,225.0,2.0,8.0,5.0,6.0,1.0,5.0,43.0,67.0,69.0,149.0,29.0,23.0,0.0,1.0,0.0,0.0
509806,224729,bang,3880,SEN,Sentinels,1.38,0.5,220.0,129.0,6.0,4.0,4.0,10.0,1.0,3.0,71.0,67.0,124.0,86.0,50.0,24.0,1.0,0.0,0.0,1.0
509806,224729,Zellsis,729,SEN,Sentinels,0.44,0.91,133.0,205.0,3.0,9.0,6.0,10.0,0.0,1.0,57.0,58.0,89.0,119.0,33.0,22.0,0.0,1.0,0.0,2.0
509806,224729,zekken,4004,SEN,Sentinels,0.54,0.4,148.0,120.0,4.0,5.0,6.0,10.0,1.0,1.0,71.0,50.0,98.0,86.0,43.0,36.0,1.0,2.0,2.0,4.0
509806,224729,trent,15500,G2,G2 Esports,1.63,2.07,263.0,395.0,11.0,10.0,6.0,4.0,5.0,3.0,92.0,86.0,177.0,220.0,50.0,24.0,1.0,2.0,0.0,0.0
509806,224729,JonahP,4581,G2,G2 Esports,1.23,1.33,213.0,179.0,9.0,5.0,6.0,3.0,3.0,1.0,83.0,86.0,140.0,108.0,17.0,45.0,0.0,1.0,0.0,0.0
509806,224729,valyn,3885,G2,G2 Esports,0.98,1.23,175.0,189.0,9.0,5.0,8.0,4.0,6.0,5.0,67.0,57.0,104.0,92.0,29.0,38.0,0.0,0.0,2.0,2.0
509806,224729,BABYBAY,2170,G2,G2 Esports,1.34,0.47,194.0,114.0,8.0,2.0,5.0,5.0,3.0,1.0,83.0,43.0,146.0,82.0,22.0,40.0,4.0,0.0,1.0,1.0
509806,224729,jawgemo,3993,G2,G2 Esports,0.61,1.18,212.0,194.0,9.0,5.0,10.0,4.0,4.0,4.0,67.0,86.0,137.0,145.0,33.0,31.0,2.0,0.0,2.0,1.0
509806,224730,Zellsis,729,SEN,Sentinels,1.59,0.87,234.0,149.0,12.0,6.0,9.0,7.0,1.0,5.0,54.0,77.0,152.0,107.0,34.0,29.0,0.0,2.0,1.0,1.0
509806,224730,zekken,4004,SEN,Sentinels,0.57,1.82,176.0,380.0,7.0,19.0,12.0,6.0,2.0,2.0,46.0,85.0,113.0,245.0,33.0,21.0,2.0,2.0,4.0,2.0
509806,224730,johnqt,1265,SEN,Sentinels,0.99,1.13,167.0,153.0,7.0,7.0,9.0,6.0,4.0,6.0,62.0,85.0,107.0,125.0,9.0,21.0,1.0,0.0,0.0,0.0
509806,224730,N4RRATE,36245,SEN,Sentinels,0.44,1.32,95.0,274.0,4.0,13.0,10.0,8.0,4.0,4.0,62.0,85.0,67.0,146.0,18.0,7.0,1.0,3.0,1.0,1.0
509806,224730,bang,3880,SEN,Sentinels,0.5,1.23,109.0,226.0,4.0,12.0,10.0,7.0,3.0,3.0,46.0,77.0,78.0,138.0,40.0,59.0,0.0,0.0,3.0,2.0
509806,224730,valyn,3885,G2,G2 Esports,1.03,1.8,238.0,313.0,10.0,16.0,12.0,5.0,3.0,5.0,62.0,92.0,154.0,208.0,21.0,25.0,2.0,1.0,0.0,0.0
509806,224730,jawgemo,3993,G2,G2 Esports,0.86,1.37,219.0,231.0,9.0,10.0,11.0,6.0,2.0,8.0,54.0,85.0,139.0,150.0,20.0,23.0,4.0,3.0,3.0,1.0
509806,224730,JonahP,4581,G2,G2 Esports,0.78,0.98,150.0,205.0,6.0,10.0,11.0,9.0,4.0,6.0,62.0,77.0,105.0,102.0,32.0,10.0,0.0,1.0,1.0,1.0
509806,224730,trent,15500,G2,G2 Esports,0.52,0.93,81.0,130.0,4.0,6.0,11.0,5.0,5.0,2.0,46.0,77.0,46.0,86.0,10.0,9.0,0.0,1.0,1.0,0.0
509806,224730,BABYBAY,2170,G2,G2 Esports,0.47,0.81,123.0,199.0,5.0,8.0,12.0,9.0,2.0,2.0,54.0,77.0,95.0,123.0,28.0,17.0,0.0,3.0,2.0,2.0
509807,224731,pryze,662,2G,2Game Esports,1.19,1.15,177.0,192.0,6.0,9.0,7.0,7.0,2.0,3.0,44.0,83.0,118.0,154.0,28.0,40.0,0.0,0.0,0.0,0.0
509807,224731,silentzz,11921,2G,2Game Esports,0.69,1.25,170.0,260.0,6.0,12.0,8.0,7.0,0.0,0.0,44.0,67.0,111.0,148.0,42.0,16.0,1.0,4.0,4.0,2.0
509807,224731,spike,21661,2G,2Game Esports,0.44,1.08,106.0,243.0,2.0,9.0,9.0,10.0,4.0,7.0,44.0,58.0,69.0,156.0,40.0,23.0,1.0,1.0,1.0,2.0
509807,224731,lz,6195,2G,2Game Esports,0.56,0.9,151.0,167.0,4.0,8.0,9.0,9.0,2.0,4.0,33.0,58.0,110.0,113.0,36.0,44.0,0.0,0.0,1.0,1.0
509807,224731,gobera,14950,2G,2Game Esports,0.13,0.47,97.0,139.0,2.0,5.0,9.0,10.0,2.0,4.0,33.0,67.0,72.0,90.0,20.0,53.0,1.0,0.0,0.0,2.0
509807,224731,jawgemo,3993,G2,G2 Esports,1.56,1.37,354.0,200.0,16.0,6.0,9.0,3.0,2.0,4.0,75.0,89.0,216.0,131.0,21.0,14.0,2.0,1.0,2.0,1.0
509807,224731,trent,15500,G2,G2 Esports,0.9,1.59,170.0,309.0,7.0,11.0,8.0,4.0,5.0,4.0,75.0,89.0,109.0,181.0,19.0,50.0,0.0,1.0,0.0,1.0
509807,224731,JonahP,4581,G2,G2 Esports,0.64,1.89,149.0,332.0,6.0,13.0,10.0,4.0,4.0,0.0,50.0,100.0,98.0,213.0,15.0,27.0,0.0,2.0,0.0,0.0
509807,224731,valyn,3885,G2,G2 Esports,0.85,1.2,121.0,199.0,5.0,6.0,7.0,4.0,6.0,4.0,75.0,89.0,69.0,116.0,15.0,50.0,1.0,1.0,0.0,0.0
509807,224731,BABYBAY,2170,G2,G2 Esports,0.95,0.87,200.0,172.0,9.0,6.0,9.0,5.0,2.0,3.0,75.0,78.0,121.0,108.0,16.0,20.0,4.0,1.0,3.0,1.0
509807,224732,silentzz,11921,2G,2Game Esports,0.82,0.8,208.0,199.0,8.0,4.0,10.0,6.0,0.0,2.0,75.0,83.0,148.0,140.0,26.0,40.0,2.0,0.0,2.0,0.0
509807,224732,pryze,662,2G,2Game Esports,0.6,1.16,152.0,199.0,5.0,4.0,11.0,5.0,1.0,2.0,58.0,50.0,115.0,163.0,19.0,36.0,2.0,0.0,0.0,0.0
509807,224732,spike,21661,2G,2Game Esports,0.96,0.32,238.0,158.0,10.0,3.0,10.0,6.0,2.0,1.0,58.0,50.0,167.0,104.0,48.0,44.0,2.0,1.0,0.0,3.0
509807,224732,gobera,14950,2G,2Game Esports,0.65,0.77,132.0,144.0,6.0,3.0,10.0,5.0,1.0,0.0,50.0,67.0,96.0,90.0,36.0,60.0,1.0,0.0,1.0,0.0
509807,224732,lz,6195,2G,2Game Esports,0.7,0.4,113.0,121.0,4.0,2.0,8.0,6.0,7.0,3.0,58.0,67.0,71.0,82.0,50.0,60.0,0.0,1.0,2.0,1.0
509807,224732,valyn,3885,G2,G2 Esports,2.05,1.67,340.0,347.0,8.0,15.0,2.0,7.0,2.0,5.0,100.0,83.0,212.0,198.0,30.0,14.0,0.0,1.0,0.0,1.0
509807,224732,JonahP,4581,G2,G2 Esports,2.13,1.58,355.0,265.0,7.0,12.0,2.0,6.0,6.0,4.0,100.0,83.0,229.0,159.0,19.0,20.0,1.0,2.0,0.0,1.0
509807,224732,trent,15500,G2,G2 Esports,2.12,1.04,423.0,151.0,11.0,8.0,4.0,6.0,4.0,1.0,100.0,83.0,205.0,104.0,17.0,32.0,2.0,1.0,0.0,1.0
509807,224732,BABYBAY,2170,G2,G2 Esports,0.54,0.93,68.0,160.0,1.0,7.0,3.0,6.0,2.0,6.0,67.0,75.0,56.0,102.0,0.0,20.0,0.0,0.0,1.0,3.0
509807,224732,jawgemo,3993,G2,G2 Esports,0.09,0.91,70.0,167.0,1.0,7.0,5.0,8.0,4.0,2.0,67.0,75.0,44.0,129.0,0.0,14.0,1.0,1.0,1.0,1.0
509808,224734,adverso,3826,FUR,FURIA,0.55,2.15,175.0,382.0,6.0,7.0,12.0,3.0,0.0,3.0,58.0,80.0,130.0,219.0,22.0,32.0,0.0,0.0,1.0,0.0
509808,224734,heat,8673,FUR,FURIA,0.69,0.54,151.0,176.0,7.0,3.0,9.0,4.0,0.0,0.0,50.0,100.0,94.0,133.0,17.0,36.0,0.0,0.0,1.0,0.0
509808,224734,tuyz,2408,FUR,FURIA,0.38,1.09,107.0,264.0,6.0,4.0,11.0,5.0,0.0,5.0,67.0,60.0,62.0,158.0,50.0,38.0,1.0,0.0,2.0,1.0
509808,224734,Palla,15681,FUR,FURIA,0.61,0.33,209.0,150.0,8.0,3.0,13.0,5.0,0.0,0.0,42.0,80.0,123.0,82.0,35.0,60.0,2.0,0.0,5.0,2.0
509808,224734,Urango,6238,FUR,FURIA,0.57,0.14,113.0,46.0,4.0,1.0,10.0,4.0,4.0,0.0,83.0,40.0,87.0,52.0,35.0,40.0,0.0,0.0,0.0,2.0
509808,224734,zekken,4004,SEN,Sentinels,1.25,1.97,312.0,435.0,6.0,18.0,4.0,8.0,1.0,2.0,80.0,92.0,177.0,262.0,29.0,16.0,1.0,6.0,0.0,0.0
509808,224734,N4RRATE,36245,SEN,Sentinels,1.4,1.58,280.0,288.0,5.0,12.0,4.0,6.0,3.0,6.0,80.0,100.0,192.0,197.0,33.0,35.0,2.0,2.0,0.0,1.0
509808,224734,Zellsis,729,SEN,Sentinels,1.08,1.45,176.0,217.0,3.0,9.0,3.0,6.0,2.0,13.0,100.0,100.0,95.0,156.0,33.0,24.0,0.0,0.0,0.0,0.0
509808,224734,bang,3880,SEN,Sentinels,0.24,1.51,131.0,242.0,2.0,11.0,5.0,6.0,1.0,7.0,60.0,100.0,83.0,155.0,29.0,43.0,2.0,1.0,0.0,1.0
509808,224734,johnqt,1265,SEN,Sentinels,1.78,0.76,255.0,97.0,5.0,5.0,2.0,5.0,0.0,3.0,80.0,67.0,179.0,57.0,50.0,15.0,0.0,0.0,0.0,1.0
509808,224735,heat,8673,FUR,FURIA,0.03,1.1,0.0,272.0,0.0,9.0,1.0,12.0,0.0,5.0,100.0,83.0,0.0,167.0,,35.0,0.0,3.0,0.0,1.0
509808,224735,Palla,15681,FUR,FURIA,0.02,1.0,84.0,235.0,0.0,9.0,1.0,11.0,1.0,1.0,100.0,67.0,84.0,150.0,100.0,32.0,0.0,2.0,1.0,0.0
509808,224735,adverso,3826,FUR,FURIA,2.8,0.59,714.0,107.0,3.0,5.0,1.0,11.0,0.0,1.0,100.0,42.0,292.0,79.0,14.0,18.0,0.0,0.0,0.0,0.0
509808,224735,tuyz,2408,FUR,FURIA,0.03,0.17,0.0,87.0,0.0,3.0,1.0,12.0,0.0,2.0,100.0,42.0,0.0,74.0,,30.0,0.0,0.0,0.0,2.0
509808,224735,Urango,6238,FUR,FURIA,0.03,0.15,130.0,92.0,0.0,3.0,1.0,12.0,1.0,1.0,100.0,42.0,130.0,71.0,0.0,13.0,0.0,0.0,0.0,4.0
509808,224735,N4RRATE,36245,SEN,Sentinels,1.63,3.3,294.0,393.0,13.0,2.0,4.0,0.0,4.0,0.0,100.0,100.0,200.0,225.0,38.0,25.0,0.0,0.0,0.0,0.0
509808,224735,Zellsis,729,SEN,Sentinels,1.57,1.85,314.0,535.0,15.0,2.0,7.0,1.0,3.0,0.0,83.0,100.0,199.0,213.0,20.0,50.0,1.0,1.0,2.0,0.0
509808,224735,bang,3880,SEN,Sentinels,1.4,0.93,278.0,30.0,11.0,0.0,6.0,0.0,5.0,0.0,92.0,100.0,166.0,30.0,17.0,0.0,3.0,0.0,1.0,0.0
509808,224735,johnqt,1265,SEN,Sentinels,1.33,0.17,168.0,99.0,9.0,0.0,4.0,1.0,6.0,2.0,92.0,100.0,115.0,74.0,32.0,0.0,0.0,0.0,0.0,0.0
509808,224735,zekken,4004,SEN,Sentinels,0.8,0.71,208.0,141.0,10.0,1.0,8.0,1.0,0.0,0.0,75.0,100.0,132.0,55.0,42.0,0.0,3.0,0.0,2.0,0.0
509809,224737,eeiu,796,100T,100 Thieves,1.59,1.42,253.0,306.0,5.0,13.0,2.0,7.0,1.0,3.0,100.0,75.0,160.0,217.0,43.0,42.0,0.0,1.0,0.0,1.0
509809,224737,Cryocells,4147,100T,100 Thieves,1.92,1.26,336.0,179.0,7.0,8.0,1.0,4.0,0.0,1.0,100.0,92.0,202.0,112.0,7.0,19.0,2.0,4.0,0.0,0.0
509809,224737,Kess,9094,100T,100 Thieves,2.07,1.12,256.0,191.0,6.0,8.0,0.0,6.0,1.0,3.0,100.0,75.0,153.0,111.0,23.0,28.0,0.0,1.0,0.0,0.0
509809,224737,Asuna,601,100T,100 Thieves,1.13,1.3,181.0,288.0,3.0,12.0,3.0,8.0,3.0,6.0,100.0,92.0,118.0,181.0,36.0,23.0,1.0,3.0,1.0,1.0
509809,224737,zander,8082,100T,100 Thieves,1.8,0.69,257.0,140.0,4.0,5.0,1.0,9.0,6.0,8.0,100.0,67.0,140.0,91.0,33.0,29.0,1.0,0.0,0.0,1.0
509809,224737,Dantedeu5,41135,KRÜ,VISA KRÜ (KRÜ Esports),1.07,0.28,247.0,120.0,10.0,1.0,10.0,5.0,3.0,1.0,75.0,40.0,147.0,93.0,22.0,50.0,2.0,0.0,3.0,1.0
509809,224737,keznit,2462,KRÜ,VISA KRÜ (KRÜ Esports),0.94,0.44,190.0,188.0,8.0,2.0,9.0,5.0,3.0,2.0,67.0,40.0,119.0,142.0,21.0,40.0,1.0,0.0,2.0,2.0
509809,224737,Shyy,24007,KRÜ,VISA KRÜ (KRÜ Esports),0.78,0.7,187.0,243.0,7.0,3.0,9.0,5.0,2.0,1.0,50.0,80.0,126.0,163.0,35.0,11.0,0.0,0.0,2.0,0.0
509809,224737,Melser,1311,KRÜ,VISA KRÜ (KRÜ Esports),0.66,0.19,93.0,52.0,3.0,1.0,8.0,5.0,6.0,0.0,58.0,20.0,61.0,31.0,17.0,100.0,0.0,1.0,1.0,1.0
509809,224737,Mazino,7603,KRÜ,VISA KRÜ (KRÜ Esports),0.65,0.03,164.0,11.0,6.0,0.0,10.0,5.0,5.0,1.0,67.0,40.0,88.0,6.0,31.0,0.0,0.0,0.0,1.0,0.0
509809,224738,Asuna,601,100T,100 Thieves,1.64,1.64,354.0,242.0,14.0,5.0,6.0,2.0,3.0,2.0,67.0,83.0,239.0,171.0,26.0,7.0,1.0,0.0,3.0,0.0
509809,224738,zander,8082,100T,100 Thieves,1.63,1.36,333.0,268.0,14.0,5.0,6.0,3.0,0.0,3.0,83.0,83.0,207.0,164.0,26.0,5.0,2.0,3.0,1.0,1.0
509809,224738,Kess,9094,100T,100 Thieves,1.09,1.4,108.0,221.0,4.0,5.0,5.0,2.0,8.0,3.0,75.0,100.0,68.0,119.0,44.0,27.0,0.0,0.0,0.0,0.0
509809,224738,eeiu,796,100T,100 Thieves,1.06,0.99,146.0,117.0,6.0,3.0,6.0,2.0,6.0,1.0,75.0,100.0,92.0,68.0,36.0,17.0,1.0,0.0,0.0,0.0
509809,224738,Cryocells,4147,100T,100 Thieves,0.56,1.31,125.0,203.0,5.0,6.0,8.0,3.0,3.0,2.0,75.0,67.0,76.0,119.0,3.0,50.0,1.0,2.0,3.0,0.0
509809,224738,Melser,1311,KRÜ,VISA KRÜ (KRÜ Esports),1.0,0.92,181.0,182.0,4.0,7.0,5.0,9.0,1.0,4.0,67.0,58.0,112.0,133.0,43.0,17.0,0.0,1.0,0.0,0.0
509809,224738,Dantedeu5,41135,KRÜ,VISA KRÜ (KRÜ Esports),0.47,0.99,121.0,205.0,2.0,8.0,5.0,9.0,1.0,2.0,67.0,58.0,72.0,142.0,11.0,39.0,1.0,3.0,2.0,4.0
509809,224738,Shyy,24007,KRÜ,VISA KRÜ (KRÜ Esports),0.34,1.03,65.0,177.0,1.0,7.0,5.0,8.0,1.0,2.0,33.0,75.0,65.0,134.0,25.0,24.0,0.0,2.0,1.0,0.0
509809,224738,keznit,2462,KRÜ,VISA KRÜ (KRÜ Esports),0.82,0.66,181.0,98.0,3.0,4.0,4.0,8.0,1.0,5.0,67.0,50.0,123.0,45.0,30.0,18.0,0.0,1.0,0.0,1.0
509809,224738,Mazino,7603,KRÜ,VISA KRÜ (KRÜ Esports),0.48,0.58,103.0,136.0,2.0,5.0,5.0,9.0,1.0,2.0,50.0,58.0,63.0,99.0,67.0,22.0,0.0,0.0,2.0,0.0
509810,224740,brawk,2172,NRG,NRG,1.34,2.17,215.0,492.0,10.0,9.0,6.0,2.0,0.0,2.0,83.0,100.0,154.0,271.0,24.0,23.0,1.0,2.0,0.0,0.0
509810,224740,mada,5132,NRG,NRG,1.35,1.57,249.0,173.0,12.0,4.0,7.0,1.0,1.0,0.0,58.0,80.0,144.0,118.0,24.0,57.0,2.0,0.0,2.0,1.0
509810,224740,s0m,4164,NRG,NRG,1.49,0.69,262.0,137.0,10.0,3.0,7.0,3.0,8.0,1.0,83.0,100.0,173.0,80.0,31.0,40.0,0.0,1.0,1.0,0.0
509810,224740,skuba,11118,NRG,NRG,1.19,0.87,150.0,124.0,7.0,2.0,5.0,3.0,0.0,2.0,75.0,80.0,102.0,98.0,38.0,33.0,0.0,0.0,1.0,1.0
509810,224740,Ethan,11225,NRG,NRG,0.54,2.26,131.0,328.0,3.0,7.0,9.0,1.0,8.0,0.0,75.0,100.0,87.0,196.0,20.0,11.0,0.0,0.0,5.0,0.0
509810,224740,lukxo,28716,LOUD,LOUD,0.53,1.2,181.0,201.0,3.0,9.0,5.0,5.0,1.0,3.0,60.0,75.0,129.0,122.0,38.0,13.0,1.0,1.0,0.0,1.0
509810,224740,Virtyy,3983,LOUD,LOUD,0.36,0.9,116.0,209.0,2.0,8.0,5.0,10.0,1.0,4.0,80.0,67.0,64.0,140.0,100.0,23.0,0.0,5.0,2.0,1.0
509810,224740,cauanzin,6193,LOUD,LOUD,0.73,0.7,158.0,123.0,2.0,5.0,5.0,8.0,1.0,1.0,60.0,58.0,138.0,85.0,21.0,13.0,1.0,2.0,0.0,0.0
509810,224740,pANcada,683,LOUD,LOUD,0.35,0.63,90.0,172.0,2.0,7.0,5.0,10.0,2.0,2.0,60.0,50.0,27.0,122.0,50.0,56.0,0.0,1.0,0.0,0.0
509810,224740,RobbieBk,5893,LOUD,LOUD,0.04,0.62,58.0,127.0,1.0,5.0,5.0,9.0,0.0,4.0,40.0,50.0,39.0,109.0,0.0,54.0,0.0,0.0,1.0,1.0
509810,224741,s0m,4164,NRG,NRG,1.38,1.34,225.0,230.0,10.0,8.0,7.0,5.0,8.0,7.0,67.0,80.0,145.0,174.0,16.0,47.0,1.0,1.0,2.0,1.0
509810,224741,brawk,2172,NRG,NRG,1.52,0.99,293.0,246.0,12.0,9.0,7.0,7.0,2.0,1.0,75.0,70.0,214.0,133.0,26.0,15.0,0.0,2.0,0.0,2.0
509810,224741,skuba,11118,NRG,NRG,1.02,1.55,171.0,238.0,8.0,10.0,7.0,3.0,2.0,1.0,67.0,100.0,125.0,127.0,30.0,31.0,1.0,1.0,1.0,0.0
509810,224741,mada,5132,NRG,NRG,0.55,1.62,118.0,324.0,4.0,11.0,9.0,5.0,3.0,3.0,67.0,70.0,76.0,218.0,25.0,21.0,2.0,2.0,4.0,0.0
509810,224741,Ethan,11225,NRG,NRG,0.96,0.91,157.0,96.0,6.0,2.0,7.0,4.0,6.0,6.0,75.0,100.0,85.0,67.0,20.0,11.0,1.0,1.0,0.0,0.0
509810,224741,cauanzin,6193,LOUD,LOUD,1.24,1.4,232.0,212.0,9.0,10.0,6.0,5.0,2.0,1.0,50.0,83.0,132.0,169.0,29.0,36.0,0.0,2.0,1.0,0.0
509810,224741,Virtyy,3983,LOUD,LOUD,0.5,1.07,146.0,260.0,4.0,11.0,9.0,9.0,3.0,2.0,50.0,67.0,82.0,148.0,9.0,43.0,3.0,2.0,3.0,2.0
509810,224741,lukxo,28716,LOUD,LOUD,0.96,0.39,201.0,107.0,7.0,3.0,7.0,10.0,1.0,3.0,50.0,42.0,138.0,75.0,36.0,22.0,0.0,1.0,2.0,2.0
509810,224741,pANcada,683,LOUD,LOUD,0.33,0.79,75.0,163.0,2.0,7.0,10.0,9.0,3.0,3.0,40.0,58.0,54.0,110.0,33.0,29.0,0.0,1.0,0.0,0.0
509810,224741,RobbieBk,5893,LOUD,LOUD,0.2,0.9,61.0,128.0,2.0,6.0,8.0,7.0,0.0,1.0,30.0,58.0,41.0,74.0,40.0,33.0,0.0,1.0,1.0,1.0
509811,224743,OXY,18796,C9,Cloud9,1.29,1.58,297.0,368.0,12.0,10.0,9.0,6.0,6.0,3.0,92.0,100.0,211.0,257.0,36.0,21.0,0.0,4.0,2.0,0.0
509811,224743,mitch,612,C9,Cloud9,0.92,2.1,187.0,329.0,8.0,8.0,9.0,3.0,6.0,6.0,83.0,100.0,127.0,205.0,23.0,21.0,2.0,1.0,2.0,0.0
509811,224743,v1c,17433,C9,Cloud9,1.31,1.42,241.0,180.0,12.0,6.0,8.0,3.0,7.0,4.0,75.0,100.0,154.0,135.0,31.0,29.0,0.0,0.0,0.0,0.0
509811,224743,neT,6582,C9,Cloud9,1.39,1.01,245.0,136.0,10.0,5.0,6.0,4.0,6.0,1.0,67.0,88.0,152.0,82.0,47.0,36.0,2.0,1.0,1.0,0.0
509811,224743,Xeppaa,7871,C9,Cloud9,1.23,1.19,207.0,183.0,9.0,6.0,8.0,4.0,6.0,3.0,92.0,100.0,160.0,114.0,38.0,25.0,0.0,2.0,3.0,0.0
509811,224743,Derrek,1533,EG,Evil Geniuses,1.03,0.69,226.0,129.0,4.0,6.0,6.0,9.0,5.0,2.0,63.0,58.0,173.0,96.0,22.0,29.0,0.0,0.0,0.0,0.0
509811,224743,yay,881,EG,Evil Geniuses,0.92,0.65,202.0,205.0,6.0,10.0,7.0,11.0,1.0,1.0,38.0,67.0,142.0,129.0,55.0,25.0,0.0,1.0,1.0,0.0
509811,224743,icy,8402,EG,Evil Geniuses,0.19,1.09,91.0,240.0,3.0,10.0,7.0,10.0,2.0,2.0,50.0,67.0,56.0,139.0,17.0,26.0,0.0,2.0,6.0,0.0
509811,224743,supamen,826,EG,Evil Geniuses,0.27,0.98,140.0,214.0,4.0,8.0,8.0,10.0,0.0,1.0,38.0,67.0,92.0,160.0,38.0,28.0,0.0,4.0,1.0,1.0
509811,224743,NaturE,4927,EG,Evil Geniuses,0.52,0.81,87.0,166.0,3.0,6.0,7.0,11.0,2.0,6.0,75.0,67.0,43.0,114.0,22.0,21.0,0.0,1.0,0.0,3.0
509811,224744,mitch,612,C9,Cloud9,1.6,0.7,284.0,184.0,9.0,6.0,4.0,9.0,11.0,4.0,82.0,58.0,186.0,122.0,23.0,10.0,0.0,2.0,0.0,1.0
509811,224744,v1c,17433,C9,Cloud9,1.2,1.02,234.0,230.0,9.0,9.0,6.0,9.0,3.0,8.0,73.0,58.0,149.0,137.0,32.0,21.0,1.0,1.0,3.0,0.0
509811,224744,neT,6582,C9,Cloud9,0.92,1.19,204.0,213.0,9.0,8.0,7.0,8.0,1.0,7.0,64.0,67.0,132.0,144.0,23.0,31.0,2.0,0.0,2.0,1.0
509811,224744,OXY,18796,C9,Cloud9,1.06,0.75,221.0,160.0,10.0,7.0,7.0,7.0,0.0,0.0,64.0,58.0,142.0,79.0,23.0,8.0,1.0,1.0,2.0,4.0
509811,224744,Xeppaa,7871,C9,Cloud9,0.88,0.62,165.0,143.0,7.0,6.0,8.0,9.0,3.0,1.0,73.0,50.0,109.0,82.0,15.0,6.0,0.0,2.0,0.0,0.0
509811,224744,Derrek,1533,EG,Evil Geniuses,1.06,1.69,133.0,363.0,6.0,13.0,7.0,8.0,3.0,4.0,67.0,73.0,111.0,261.0,22.0,29.0,2.0,2.0,0.0,0.0
509811,224744,yay,881,EG,Evil Geniuses,1.42,0.85,249.0,165.0,12.0,6.0,7.0,8.0,2.0,1.0,75.0,64.0,165.0,93.0,33.0,15.0,1.0,4.0,4.0,2.0
509811,224744,icy,8402,EG,Evil Geniuses,1.16,0.6,225.0,70.0,9.0,3.0,8.0,8.0,2.0,3.0,75.0,55.0,145.0,43.0,40.0,22.0,2.0,0.0,0.0,0.0
509811,224744,supamen,826,EG,Evil Geniuses,0.94,0.79,152.0,208.0,7.0,8.0,7.0,10.0,6.0,4.0,75.0,82.0,88.0,128.0,27.0,37.0,1.0,1.0,2.0,1.0
509811,224744,NaturE,4927,EG,Evil Geniuses,1.21,0.07,170.0,79.0,8.0,2.0,7.0,10.0,8.0,3.0,67.0,55.0,97.0,53.0,27.0,21.0,0.0,0.0,0.0,1.0
509812,224746,artzin,5957,MIBR,MIBR,0.68,1.41,180.0,274.0,6.0,12.0,7.0,8.0,0.0,4.0,56.0,67.0,120.0,172.0,21.0,20.0,2.0,2.0,3.0,3.0
509812,224746,cortezia,5395,MIBR,MIBR,0.9,0.83,199.0,170.0,6.0,8.0,7.0,8.0,1.0,1.0,56.0,67.0,140.0,109.0,25.0,38.0,1.0,1.0,1.0,1.0
509812,224746,xenom,20240,MIBR,MIBR,0.77,0.7,147.0,123.0,4.0,6.0,8.0,7.0,5.0,0.0,67.0,83.0,96.0,76.0,40.0,45.0,1.0,1.0,0.0,0.0
509812,224746,Verno,21668,MIBR,MIBR,0.69,0.59,131.0,132.0,3.0,6.0,8.0,8.0,5.0,2.0,67.0,67.0,90.0,75.0,24.0,25.0,0.0,1.0,0.0,1.0
509812,224746,aspas,8480,MIBR,MIBR,0.33,0.82,91.0,201.0,4.0,8.0,8.0,8.0,0.0,5.0,56.0,100.0,63.0,136.0,38.0,19.0,0.0,2.0,1.0,0.0
509812,224746,kiNgg,8549,LEV,LEVIATÁN,2.22,1.52,326.0,326.0,15.0,10.0,5.0,5.0,1.0,3.0,83.0,78.0,226.0,197.0,45.0,26.0,0.0,2.0,0.0,3.0
509812,224746,Sato,21659,LEV,LEVIATÁN,0.89,1.51,211.0,255.0,8.0,8.0,10.0,6.0,6.0,4.0,67.0,100.0,150.0,209.0,23.0,16.0,3.0,1.0,4.0,0.0
509812,224746,C0M,619,LEV,LEVIATÁN,1.09,0.96,124.0,100.0,6.0,2.0,6.0,3.0,5.0,5.0,92.0,78.0,88.0,68.0,38.0,56.0,0.0,0.0,1.0,0.0
509812,224746,Okeanos,8373,LEV,LEVIATÁN,0.48,1.6,118.0,247.0,5.0,9.0,9.0,3.0,2.0,5.0,67.0,100.0,81.0,144.0,45.0,27.0,0.0,1.0,2.0,0.0
509812,224746,tex,1818,LEV,LEVIATÁN,0.51,0.93,121.0,242.0,5.0,8.0,10.0,6.0,2.0,2.0,50.0,89.0,90.0,131.0,29.0,21.0,2.0,1.0,0.0,1.0
509812,224747,artzin,5957,MIBR,MIBR,0.87,1.1,295.0,217.0,4.0,9.0,4.0,8.0,0.0,2.0,75.0,75.0,146.0,142.0,44.0,33.0,2.0,3.0,1.0,2.0
509812,224747,xenom,20240,MIBR,MIBR,0.54,0.86,171.0,162.0,3.0,7.0,4.0,9.0,0.0,4.0,75.0,83.0,79.0,109.0,17.0,33.0,0.0,2.0,0.0,0.0
509812,224747,cortezia,5395,MIBR,MIBR,0.52,0.57,166.0,195.0,3.0,7.0,4.0,12.0,0.0,3.0,75.0,58.0,75.0,127.0,50.0,35.0,0.0,0.0,0.0,2.0
509812,224747,aspas,8480,MIBR,MIBR,0.14,0.7,127.0,136.0,1.0,6.0,4.0,9.0,1.0,1.0,50.0,67.0,105.0,96.0,20.0,18.0,0.0,1.0,1.0,0.0
509812,224747,Verno,21668,MIBR,MIBR,0.2,0.4,80.0,136.0,1.0,4.0,4.0,10.0,1.0,3.0,50.0,50.0,58.0,99.0,50.0,27.0,0.0,1.0,0.0,1.0
509812,224747,kiNgg,8549,LEV,LEVIATÁN,1.39,2.9,232.0,486.0,11.0,8.0,5.0,1.0,3.0,0.0,75.0,75.0,165.0,258.0,33.0,55.0,1.0,1.0,1.0,0.0
509812,224747,C0M,619,LEV,LEVIATÁN,1.13,1.91,133.0,423.0,8.0,4.0,6.0,1.0,2.0,1.0,75.0,100.0,125.0,168.0,24.0,11.0,0.0,0.0,0.0,0.0
509812,224747,tex,1818,LEV,LEVIATÁN,1.43,0.75,247.0,238.0,11.0,3.0,7.0,4.0,2.0,1.0,75.0,100.0,168.0,140.0,48.0,43.0,3.0,0.0,1.0,1.0
509812,224747,Sato,21659,LEV,LEVIATÁN,1.27,0.87,234.0,307.0,13.0,3.0,8.0,3.0,1.0,0.0,58.0,100.0,169.0,127.0,34.0,38.0,1.0,0.0,4.0,1.0
509812,224747,Okeanos,8373,LEV,LEVIATÁN,0.81,0.9,109.0,214.0,5.0,2.0,7.0,3.0,6.0,7.0,75.0,100.0,83.0,80.0,18.0,100.0,0.0,1.0,1.0,0.0
509813,224749,silentzz,11921,2G,2Game Esports,1.92,1.3,292.0,220.0,15.0,11.0,7.0,6.0,4.0,4.0,85.0,92.0,186.0,143.0,58.0,37.0,1.0,1.0,0.0,0.0
509813,224749,pryze,662,2G,2Game Esports,1.0,1.26,193.0,300.0,8.0,12.0,10.0,11.0,7.0,10.0,85.0,85.0,145.0,195.0,26.0,16.0,1.0,2.0,1.0,0.0
509813,224749,gobera,14950,2G,2Game Esports,0.4,1.18,128.0,199.0,5.0,10.0,11.0,6.0,4.0,1.0,62.0,77.0,85.0,128.0,14.0,31.0,0.0,2.0,0.0,1.0
509813,224749,spike,21661,2G,2Game Esports,0.65,0.89,234.0,283.0,10.0,12.0,13.0,12.0,2.0,5.0,77.0,77.0,135.0,168.0,21.0,14.0,6.0,3.0,1.0,2.0
509813,224749,lz,6195,2G,2Game Esports,0.18,1.01,49.0,181.0,2.0,9.0,10.0,8.0,4.0,4.0,54.0,77.0,23.0,120.0,11.0,45.0,0.0,2.0,3.0,0.0
509813,224749,adverso,3826,FUR,FURIA,1.1,1.23,259.0,255.0,11.0,10.0,12.0,9.0,6.0,7.0,85.0,100.0,170.0,168.0,26.0,16.0,1.0,1.0,2.0,3.0
509813,224749,tuyz,2408,FUR,FURIA,0.86,1.37,140.0,215.0,7.0,10.0,9.0,6.0,4.0,5.0,77.0,92.0,77.0,158.0,86.0,26.0,0.0,1.0,1.0,1.0
509813,224749,heat,8673,FUR,FURIA,0.56,1.61,106.0,276.0,5.0,13.0,10.0,7.0,3.0,4.0,54.0,92.0,86.0,166.0,40.0,39.0,0.0,2.0,2.0,0.0
509813,224749,Palla,15681,FUR,FURIA,0.83,1.25,249.0,290.0,10.0,14.0,13.0,10.0,3.0,3.0,77.0,77.0,142.0,175.0,22.0,31.0,2.0,1.0,3.0,1.0
509813,224749,Urango,6238,FUR,FURIA,1.26,0.58,235.0,81.0,10.0,4.0,10.0,8.0,8.0,5.0,85.0,62.0,127.0,51.0,25.0,22.0,0.0,0.0,2.0,3.0
509813,224750,silentzz,11921,2G,2Game Esports,2.73,1.52,342.0,234.0,7.0,12.0,0.0,5.0,0.0,0.0,100.0,83.0,250.0,152.0,58.0,57.0,1.0,3.0,0.0,1.0
509813,224750,gobera,14950,2G,2Game Esports,1.59,1.45,293.0,275.0,4.0,13.0,2.0,6.0,2.0,4.0,100.0,83.0,192.0,181.0,31.0,42.0,2.0,0.0,0.0,0.0
509813,224750,pryze,662,2G,2Game Esports,2.27,1.13,277.0,210.0,5.0,9.0,0.0,7.0,2.0,2.0,100.0,75.0,194.0,140.0,31.0,42.0,0.0,3.0,0.0,1.0
509813,224750,spike,21661,2G,2Game Esports,1.11,1.33,199.0,305.0,2.0,12.0,2.0,9.0,3.0,4.0,75.0,92.0,137.0,200.0,7.0,21.0,1.0,2.0,0.0,1.0
509813,224750,lz,6195,2G,2Game Esports,1.14,0.9,138.0,173.0,2.0,8.0,2.0,8.0,4.0,4.0,100.0,75.0,50.0,140.0,40.0,59.0,0.0,0.0,0.0,1.0
509813,224750,heat,8673,FUR,FURIA,1.05,0.34,261.0,90.0,10.0,1.0,11.0,4.0,2.0,0.0,67.0,25.0,172.0,54.0,46.0,17.0,0.0,0.0,1.0,1.0
509813,224750,adverso,3826,FUR,FURIA,0.9,0.44,201.0,152.0,8.0,2.0,11.0,4.0,4.0,1.0,67.0,50.0,137.0,96.0,6.0,33.0,2.0,0.0,0.0,0.0
509813,224750,Urango,6238,FUR,FURIA,0.88,0.01,184.0,29.0,8.0,0.0,11.0,4.0,4.0,0.0,75.0,,122.0,29.0,47.0,0.0,0.0,0.0,0.0,2.0
509813,224750,tuyz,2408,FUR,FURIA,0.52,0.65,140.0,149.0,4.0,2.0,10.0,4.0,7.0,1.0,58.0,75.0,94.0,94.0,22.0,33.0,1.0,0.0,3.0,0.0
509813,224750,Palla,15681,FUR,FURIA,0.25,0.02,133.0,76.0,5.0,1.0,11.0,4.0,2.0,0.0,50.0,25.0,86.0,48.0,18.0,0.0,1.0,0.0,4.0,1.0
509813,224751,gobera,14950,2G,2Game Esports,2.11,1.96,381.0,258.0,18.0,3.0,7.0,1.0,1.0,1.0,92.0,100.0,253.0,171.0,31.0,33.0,0.0,0.0,0.0,1.0
509813,224751,pryze,662,2G,2Game Esports,1.41,1.36,227.0,358.0,10.0,4.0,6.0,3.0,3.0,1.0,83.0,100.0,153.0,188.0,35.0,7.0,1.0,0.0,0.0,0.0
509813,224751,spike,21661,2G,2Game Esports,1.22,1.19,252.0,233.0,10.0,3.0,8.0,2.0,7.0,1.0,75.0,67.0,169.0,140.0,30.0,38.0,2.0,0.0,2.0,1.0
509813,224751,silentzz,11921,2G,2Game Esports,0.38,1.63,138.0,220.0,5.0,3.0,10.0,1.0,1.0,0.0,67.0,67.0,112.0,140.0,30.0,0.0,2.0,0.0,2.0,1.0
509813,224751,lz,6195,2G,2Game Esports,0.62,0.65,130.0,212.0,6.0,2.0,9.0,3.0,6.0,1.0,75.0,100.0,94.0,132.0,44.0,30.0,0.0,0.0,3.0,0.0
509813,224751,Urango,6238,FUR,FURIA,1.13,1.08,251.0,219.0,3.0,10.0,3.0,9.0,1.0,3.0,100.0,58.0,123.0,146.0,75.0,35.0,0.0,1.0,0.0,1.0
509813,224751,Palla,15681,FUR,FURIA,2.14,0.59,561.0,161.0,6.0,5.0,3.0,10.0,1.0,4.0,100.0,75.0,272.0,124.0,29.0,19.0,3.0,2.0,0.0,2.0
509813,224751,heat,8673,FUR,FURIA,0.01,1.09,29.0,228.0,0.0,9.0,3.0,10.0,1.0,4.0,33.0,75.0,29.0,163.0,25.0,18.0,0.0,0.0,0.0,1.0
509813,224751,tuyz,2408,FUR,FURIA,0.12,0.88,78.0,190.0,0.0,8.0,3.0,9.0,4.0,3.0,100.0,67.0,45.0,118.0,0.0,40.0,0.0,3.0,0.0,1.0
509813,224751,adverso,3826,FUR,FURIA,0.15,0.75,129.0,183.0,1.0,8.0,3.0,11.0,2.0,1.0,67.0,67.0,79.0,137.0,0.0,15.0,0.0,1.0,0.0,0.0
509814,224752,C0M,619,LEV,LEVIATÁN,0.7,1.19,97.0,219.0,4.0,6.0,8.0,4.0,3.0,0.0,50.0,63.0,61.0,142.0,7.0,27.0,1.0,0.0,1.0,0.0
509814,224752,Okeanos,8373,LEV,LEVIATÁN,0.95,0.6,194.0,164.0,9.0,4.0,9.0,8.0,2.0,2.0,75.0,75.0,112.0,127.0,30.0,38.0,2.0,2.0,2.0,1.0
509814,224752,kiNgg,8549,LEV,LEVIATÁN,0.5,1.24,134.0,199.0,5.0,5.0,10.0,5.0,2.0,1.0,50.0,88.0,89.0,145.0,15.0,20.0,0.0,1.0,1.0,0.0
509814,224752,Sato,21659,LEV,LEVIATÁN,1.12,0.23,238.0,150.0,10.0,4.0,9.0,8.0,2.0,0.0,83.0,63.0,151.0,89.0,20.0,40.0,3.0,2.0,1.0,2.0
509814,224752,tex,1818,LEV,LEVIATÁN,0.78,0.53,158.0,132.0,7.0,4.0,10.0,7.0,1.0,1.0,50.0,75.0,123.0,120.0,50.0,50.0,1.0,0.0,0.0,0.0
509814,224752,brawk,2172,NRG,NRG,2.13,1.16,282.0,166.0,8.0,7.0,1.0,6.0,2.0,5.0,100.0,83.0,208.0,121.0,25.0,37.0,0.0,1.0,0.0,0.0
509814,224752,s0m,4164,NRG,NRG,1.23,1.21,189.0,228.0,6.0,9.0,4.0,7.0,4.0,5.0,100.0,75.0,112.0,130.0,33.0,18.0,0.0,2.0,2.0,1.0
509814,224752,Ethan,11225,NRG,NRG,0.56,1.59,160.0,293.0,4.0,12.0,7.0,5.0,4.0,4.0,75.0,83.0,103.0,170.0,12.0,26.0,0.0,0.0,1.0,0.0
509814,224752,mada,5132,NRG,NRG,1.4,0.57,303.0,192.0,9.0,9.0,5.0,10.0,1.0,0.0,88.0,58.0,191.0,116.0,38.0,43.0,3.0,2.0,1.0,5.0
509814,224752,skuba,11118,NRG,NRG,0.6,0.95,161.0,192.0,5.0,9.0,6.0,7.0,0.0,3.0,50.0,92.0,90.0,153.0,27.0,26.0,0.0,0.0,1.0,1.0
509814,224753,Sato,21659,LEV,LEVIATÁN,1.4,1.9,322.0,343.0,16.0,19.0,10.0,8.0,2.0,1.0,69.0,69.0,189.0,205.0,23.0,31.0,2.0,3.0,4.0,0.0
509814,224753,C0M,619,LEV,LEVIATÁN,0.93,1.27,137.0,162.0,5.0,5.0,8.0,5.0,5.0,13.0,77.0,92.0,118.0,118.0,20.0,29.0,1.0,0.0,0.0,1.0
509814,224753,kiNgg,8549,LEV,LEVIATÁN,0.63,1.4,134.0,251.0,5.0,11.0,11.0,8.0,8.0,9.0,54.0,92.0,91.0,155.0,26.0,20.0,0.0,3.0,0.0,1.0
509814,224753,tex,1818,LEV,LEVIATÁN,0.69,0.9,114.0,122.0,5.0,7.0,9.0,6.0,3.0,1.0,54.0,69.0,83.0,90.0,38.0,32.0,0.0,1.0,3.0,1.0
509814,224753,Okeanos,8373,LEV,LEVIATÁN,1.09,0.39,222.0,86.0,11.0,4.0,10.0,10.0,1.0,3.0,54.0,69.0,134.0,53.0,26.0,23.0,1.0,0.0,2.0,3.0
509814,224753,mada,5132,NRG,NRG,0.99,1.45,240.0,320.0,11.0,14.0,10.0,9.0,0.0,0.0,69.0,77.0,139.0,222.0,28.0,29.0,6.0,5.0,2.0,2.0
509814,224753,skuba,11118,NRG,NRG,0.72,1.39,148.0,275.0,7.0,13.0,9.0,9.0,1.0,2.0,85.0,77.0,101.0,165.0,15.0,23.0,0.0,2.0,0.0,1.0
509814,224753,brawk,2172,NRG,NRG,1.04,1.04,171.0,196.0,7.0,9.0,8.0,8.0,5.0,3.0,85.0,69.0,136.0,139.0,17.0,48.0,0.0,2.0,0.0,1.0
509814,224753,s0m,4164,NRG,NRG,0.93,1.0,165.0,172.0,7.0,10.0,10.0,7.0,8.0,4.0,69.0,69.0,98.0,109.0,30.0,27.0,0.0,0.0,3.0,0.0
509814,224753,Ethan,11225,NRG,NRG,0.76,0.55,143.0,94.0,5.0,2.0,9.0,9.0,10.0,11.0,77.0,85.0,107.0,75.0,30.0,17.0,0.0,0.0,2.0,0.0
509814,224754,Sato,21659,LEV,LEVIATÁN,1.71,0.89,388.0,139.0,18.0,7.0,8.0,8.0,1.0,0.0,75.0,58.0,243.0,117.0,31.0,33.0,3.0,1.0,1.0,2.0
509814,224754,Okeanos,8373,LEV,LEVIATÁN,1.36,0.55,169.0,140.0,7.0,6.0,5.0,10.0,10.0,1.0,92.0,50.0,108.0,89.0,22.0,43.0,1.0,1.0,2.0,2.0
509814,224754,tex,1818,LEV,LEVIATÁN,1.0,0.86,197.0,187.0,9.0,9.0,7.0,9.0,0.0,3.0,83.0,75.0,129.0,138.0,38.0,27.0,1.0,0.0,2.0,1.0
509814,224754,kiNgg,8549,LEV,LEVIATÁN,0.51,1.03,110.0,210.0,4.0,6.0,9.0,9.0,3.0,8.0,58.0,75.0,84.0,142.0,11.0,21.0,0.0,2.0,1.0,1.0
509814,224754,C0M,619,LEV,LEVIATÁN,0.48,0.91,82.0,161.0,4.0,6.0,8.0,9.0,5.0,2.0,58.0,50.0,62.0,128.0,20.0,14.0,0.0,1.0,1.0,1.0
509814,224754,mada,5132,NRG,NRG,1.73,1.29,329.0,277.0,14.0,12.0,6.0,8.0,1.0,1.0,75.0,67.0,192.0,158.0,29.0,36.0,4.0,3.0,0.0,4.0
509814,224754,s0m,4164,NRG,NRG,0.68,1.56,131.0,312.0,6.0,12.0,8.0,7.0,1.0,4.0,67.0,67.0,91.0,184.0,35.0,34.0,2.0,2.0,2.0,0.0
509814,224754,skuba,11118,NRG,NRG,1.24,0.83,232.0,213.0,11.0,7.0,7.0,10.0,2.0,1.0,75.0,67.0,185.0,154.0,30.0,23.0,0.0,2.0,2.0,1.0
509814,224754,Ethan,11225,NRG,NRG,1.19,0.5,208.0,97.0,9.0,3.0,7.0,9.0,6.0,3.0,75.0,58.0,132.0,62.0,28.0,15.0,1.0,0.0,1.0,0.0
509814,224754,brawk,2172,NRG,NRG,0.86,0.55,131.0,75.0,5.0,3.0,6.0,8.0,8.0,4.0,75.0,58.0,90.0,57.0,3.0,38.0,0.0,0.0,0.0,0.0
509815,224755,zekken,4004,SEN,Sentinels,1.56,1.6,344.0,274.0,7.0,12.0,5.0,7.0,3.0,6.0,100.0,100.0,212.0,161.0,15.0,14.0,3.0,3.0,1.0,2.0
509815,224755,bang,3880,SEN,Sentinels,1.25,1.7,178.0,266.0,5.0,13.0,3.0,5.0,3.0,7.0,100.0,75.0,79.0,143.0,0.0,26.0,0.0,1.0,0.0,2.0
509815,224755,N4RRATE,36245,SEN,Sentinels,1.44,1.37,276.0,284.0,6.0,12.0,4.0,7.0,3.0,3.0,100.0,83.0,197.0,181.0,35.0,30.0,1.0,2.0,1.0,0.0
509815,224755,johnqt,1265,SEN,Sentinels,1.17,1.09,162.0,161.0,4.0,6.0,3.0,6.0,1.0,8.0,83.0,92.0,100.0,107.0,17.0,22.0,0.0,0.0,0.0,0.0
509815,224755,Zellsis,729,SEN,Sentinels,0.78,1.06,84.0,154.0,2.0,6.0,3.0,5.0,1.0,3.0,83.0,83.0,46.0,112.0,33.0,13.0,0.0,0.0,0.0,2.0
509815,224755,Xeppaa,7871,C9,Cloud9,0.95,1.2,189.0,222.0,8.0,4.0,9.0,4.0,2.0,3.0,83.0,100.0,111.0,161.0,24.0,17.0,2.0,1.0,0.0,1.0
509815,224755,mitch,612,C9,Cloud9,0.64,0.96,113.0,170.0,5.0,5.0,9.0,4.0,3.0,1.0,67.0,67.0,80.0,87.0,14.0,38.0,0.0,0.0,2.0,1.0
509815,224755,v1c,17433,C9,Cloud9,0.64,0.5,126.0,189.0,4.0,4.0,10.0,6.0,7.0,2.0,75.0,83.0,92.0,105.0,13.0,15.0,2.0,0.0,2.0,1.0
509815,224755,neT,6582,C9,Cloud9,0.62,0.29,132.0,24.0,5.0,1.0,9.0,4.0,3.0,0.0,58.0,67.0,92.0,5.0,30.0,0.0,0.0,0.0,0.0,1.0
509815,224755,OXY,18796,C9,Cloud9,0.47,0.58,185.0,165.0,8.0,4.0,12.0,6.0,0.0,1.0,58.0,100.0,117.0,127.0,24.0,75.0,2.0,1.0,2.0,0.0
509815,224756,N4RRATE,36245,SEN,Sentinels,1.46,1.8,254.0,321.0,10.0,10.0,7.0,5.0,5.0,3.0,92.0,80.0,179.0,209.0,27.0,14.0,4.0,0.0,1.0,2.0
509815,224756,bang,3880,SEN,Sentinels,1.35,0.99,207.0,110.0,10.0,4.0,6.0,6.0,9.0,8.0,92.0,90.0,127.0,54.0,53.0,14.0,1.0,0.0,0.0,2.0
509815,224756,johnqt,1265,SEN,Sentinels,1.43,0.87,227.0,185.0,9.0,5.0,4.0,5.0,6.0,6.0,92.0,70.0,138.0,135.0,7.0,15.0,1.0,0.0,0.0,0.0
509815,224756,Zellsis,729,SEN,Sentinels,1.3,0.42,231.0,130.0,11.0,4.0,6.0,7.0,0.0,3.0,67.0,70.0,146.0,93.0,25.0,17.0,1.0,0.0,0.0,2.0
509815,224756,zekken,4004,SEN,Sentinels,0.54,0.83,104.0,143.0,4.0,5.0,7.0,6.0,3.0,2.0,58.0,70.0,59.0,103.0,31.0,36.0,1.0,1.0,3.0,3.0
509815,224756,OXY,18796,C9,Cloud9,1.83,0.97,411.0,205.0,15.0,9.0,7.0,9.0,0.0,1.0,90.0,58.0,237.0,128.0,40.0,58.0,4.0,3.0,0.0,2.0
509815,224756,mitch,612,C9,Cloud9,1.02,0.84,135.0,201.0,4.0,6.0,4.0,10.0,5.0,6.0,70.0,58.0,89.0,148.0,31.0,10.0,1.0,0.0,1.0,2.0
509815,224756,Xeppaa,7871,C9,Cloud9,0.93,0.72,112.0,179.0,4.0,8.0,4.0,10.0,0.0,0.0,80.0,50.0,89.0,103.0,25.0,25.0,1.0,1.0,0.0,2.0
509815,224756,v1c,17433,C9,Cloud9,0.57,0.6,102.0,81.0,4.0,4.0,7.0,7.0,2.0,1.0,80.0,50.0,57.0,51.0,20.0,38.0,2.0,0.0,0.0,0.0
509815,224756,neT,6582,C9,Cloud9,0.35,0.6,64.0,86.0,2.0,3.0,6.0,8.0,0.0,5.0,50.0,58.0,42.0,55.0,11.0,29.0,1.0,0.0,0.0,2.0
509816,224758,aspas,8480,MIBR,MIBR,2.22,0.86,378.0,189.0,17.0,7.0,3.0,8.0,2.0,1.0,100.0,64.0,227.0,120.0,33.0,50.0,3.0,4.0,1.0,2.0
509816,224758,cortezia,5395,MIBR,MIBR,1.03,1.7,181.0,354.0,9.0,13.0,6.0,9.0,1.0,4.0,67.0,82.0,140.0,243.0,50.0,32.0,2.0,0.0,3.0,0.0
509816,224758,Verno,21668,MIBR,MIBR,1.2,0.66,206.0,124.0,9.0,3.0,6.0,8.0,3.0,1.0,100.0,64.0,128.0,94.0,28.0,25.0,1.0,0.0,0.0,1.0
509816,224758,artzin,5957,MIBR,MIBR,0.81,0.81,261.0,139.0,11.0,5.0,10.0,7.0,3.0,6.0,75.0,82.0,158.0,93.0,14.0,31.0,0.0,1.0,2.0,2.0
509816,224758,xenom,20240,MIBR,MIBR,0.58,0.88,127.0,151.0,4.0,7.0,8.0,8.0,4.0,1.0,67.0,55.0,95.0,91.0,63.0,31.0,0.0,0.0,0.0,1.0
509816,224758,Cryocells,4147,100T,100 Thieves,0.65,1.74,159.0,278.0,7.0,13.0,8.0,7.0,1.0,0.0,91.0,75.0,108.0,157.0,33.0,35.0,1.0,1.0,1.0,2.0
509816,224758,eeiu,796,100T,100 Thieves,1.16,0.7,218.0,144.0,9.0,5.0,7.0,10.0,1.0,3.0,91.0,58.0,143.0,91.0,29.0,42.0,0.0,0.0,1.0,0.0
509816,224758,Asuna,601,100T,100 Thieves,1.27,0.37,244.0,137.0,9.0,5.0,6.0,11.0,5.0,2.0,73.0,50.0,166.0,111.0,36.0,22.0,1.0,1.0,1.0,2.0
509816,224758,Kess,9094,100T,100 Thieves,0.82,0.67,142.0,160.0,6.0,6.0,6.0,10.0,0.0,1.0,82.0,58.0,102.0,106.0,38.0,29.0,0.0,3.0,2.0,0.0
509816,224758,zander,8082,100T,100 Thieves,0.83,0.23,226.0,123.0,9.0,4.0,8.0,12.0,2.0,1.0,100.0,33.0,143.0,81.0,29.0,13.0,4.0,1.0,0.0,2.0
509816,224759,cortezia,5395,MIBR,MIBR,2.12,0.94,376.0,183.0,20.0,8.0,5.0,9.0,0.0,2.0,85.0,54.0,218.0,119.0,42.0,32.0,2.0,0.0,1.0,2.0
509816,224759,xenom,20240,MIBR,MIBR,1.25,0.68,224.0,118.0,11.0,6.0,7.0,9.0,4.0,2.0,77.0,69.0,142.0,74.0,53.0,36.0,1.0,0.0,0.0,1.0
509816,224759,Verno,21668,MIBR,MIBR,0.98,0.94,183.0,208.0,7.0,8.0,8.0,11.0,9.0,3.0,85.0,38.0,114.0,135.0,37.0,55.0,2.0,0.0,0.0,3.0
509816,224759,aspas,8480,MIBR,MIBR,1.16,0.77,260.0,166.0,12.0,7.0,10.0,10.0,4.0,3.0,85.0,62.0,177.0,106.0,18.0,14.0,1.0,0.0,0.0,2.0
509816,224759,artzin,5957,MIBR,MIBR,0.35,0.24,123.0,79.0,6.0,3.0,11.0,12.0,3.0,3.0,77.0,54.0,83.0,51.0,25.0,5.0,2.0,0.0,4.0,5.0
509816,224759,Cryocells,4147,100T,100 Thieves,1.53,0.9,270.0,222.0,16.0,11.0,8.0,9.0,1.0,1.0,92.0,62.0,169.0,135.0,19.0,42.0,2.0,1.0,0.0,3.0
509816,224759,Asuna,601,100T,100 Thieves,1.26,1.1,258.0,292.0,11.0,11.0,7.0,12.0,4.0,3.0,100.0,69.0,161.0,212.0,19.0,15.0,5.0,3.0,0.0,0.0
509816,224759,eeiu,796,100T,100 Thieves,1.42,0.46,177.0,186.0,10.0,7.0,3.0,12.0,5.0,4.0,92.0,69.0,129.0,127.0,17.0,26.0,1.0,0.0,0.0,1.0
509816,224759,zander,8082,100T,100 Thieves,0.89,0.96,168.0,174.0,6.0,8.0,6.0,10.0,4.0,2.0,92.0,62.0,111.0,102.0,30.0,11.0,2.0,0.0,0.0,0.0
509816,224759,Kess,9094,100T,100 Thieves,0.91,0.34,179.0,122.0,8.0,4.0,8.0,13.0,7.0,7.0,85.0,46.0,133.0,77.0,26.0,33.0,3.0,1.0,0.0,4.0
509817,224761,JonahP,4581,G2,G2 Esports,1.59,1.24,328.0,234.0,13.0,10.0,8.0,7.0,3.0,0.0,83.0,67.0,189.0,140.0,25.0,56.0,2.0,0.0,0.0,2.0
509817,224761,valyn,3885,G2,G2 Esports,1.31,1.3,241.0,285.0,11.0,12.0,8.0,9.0,6.0,2.0,75.0,67.0,159.0,195.0,14.0,48.0,0.0,1.0,1.0,0.0
509817,224761,trent,15500,G2,G2 Esports,1.28,0.89,206.0,160.0,9.0,6.0,7.0,7.0,6.0,3.0,83.0,83.0,130.0,95.0,30.0,50.0,0.0,0.0,1.0,2.0
509817,224761,jawgemo,3993,G2,G2 Esports,0.64,0.74,146.0,197.0,6.0,7.0,10.0,10.0,4.0,2.0,67.0,67.0,89.0,130.0,23.0,27.0,2.0,3.0,2.0,2.0
509817,224761,BABYBAY,2170,G2,G2 Esports,0.64,0.46,153.0,122.0,6.0,5.0,9.0,10.0,2.0,0.0,75.0,50.0,86.0,79.0,13.0,30.0,2.0,1.0,2.0,1.0
509817,224761,yay,881,EG,Evil Geniuses,1.64,1.09,348.0,309.0,16.0,13.0,8.0,10.0,0.0,2.0,100.0,67.0,238.0,186.0,38.0,32.0,4.0,4.0,1.0,2.0
509817,224761,Derrek,1533,EG,Evil Geniuses,1.1,1.25,180.0,290.0,8.0,13.0,7.0,10.0,1.0,2.0,83.0,75.0,137.0,166.0,43.0,50.0,0.0,0.0,1.0,0.0
509817,224761,NaturE,4927,EG,Evil Geniuses,0.92,1.38,169.0,251.0,7.0,11.0,8.0,7.0,2.0,3.0,75.0,83.0,96.0,173.0,41.0,17.0,1.0,2.0,1.0,0.0
509817,224761,supamen,826,EG,Evil Geniuses,0.82,0.34,198.0,36.0,8.0,1.0,9.0,8.0,2.0,1.0,50.0,42.0,124.0,31.0,53.0,25.0,2.0,0.0,1.0,1.0
509817,224761,icy,8402,EG,Evil Geniuses,0.53,0.45,93.0,138.0,4.0,4.0,8.0,10.0,1.0,4.0,58.0,58.0,70.0,101.0,56.0,16.0,0.0,0.0,1.0,3.0
509817,224762,trent,15500,G2,G2 Esports,1.2,2.07,189.0,251.0,3.0,14.0,3.0,2.0,3.0,3.0,40.0,100.0,120.0,189.0,9.0,31.0,0.0,0.0,1.0,0.0
509817,224762,JonahP,4581,G2,G2 Esports,1.15,1.77,241.0,356.0,4.0,16.0,4.0,6.0,3.0,6.0,60.0,100.0,197.0,217.0,18.0,25.0,1.0,3.0,1.0,0.0
509817,224762,valyn,3885,G2,G2 Esports,1.85,0.96,283.0,218.0,6.0,8.0,3.0,9.0,1.0,6.0,80.0,83.0,209.0,159.0,40.0,31.0,0.0,3.0,0.0,1.0
509817,224762,jawgemo,3993,G2,G2 Esports,0.94,1.09,163.0,200.0,3.0,10.0,3.0,6.0,0.0,2.0,80.0,92.0,97.0,119.0,60.0,16.0,0.0,3.0,0.0,0.0
509817,224762,BABYBAY,2170,G2,G2 Esports,0.33,0.93,57.0,203.0,1.0,8.0,4.0,9.0,2.0,7.0,60.0,92.0,39.0,140.0,0.0,32.0,0.0,0.0,2.0,2.0
509817,224762,NaturE,4927,EG,Evil Geniuses,1.05,2.15,242.0,493.0,9.0,9.0,12.0,3.0,6.0,2.0,83.0,80.0,165.0,294.0,12.0,31.0,0.0,0.0,1.0,0.0
509817,224762,Derrek,1533,EG,Evil Geniuses,1.15,0.76,240.0,112.0,9.0,2.0,10.0,3.0,2.0,1.0,67.0,80.0,168.0,81.0,29.0,13.0,1.0,1.0,0.0,0.0
509817,224762,supamen,826,EG,Evil Geniuses,0.5,1.0,118.0,162.0,5.0,3.0,11.0,3.0,4.0,2.0,67.0,80.0,83.0,96.0,24.0,50.0,0.0,1.0,1.0,0.0
509817,224762,yay,881,EG,Evil Geniuses,0.56,0.39,178.0,122.0,7.0,2.0,12.0,4.0,1.0,0.0,58.0,60.0,129.0,99.0,15.0,43.0,2.0,2.0,5.0,1.0
509817,224762,icy,8402,EG,Evil Geniuses,0.22,0.4,75.0,62.0,2.0,1.0,11.0,4.0,1.0,2.0,33.0,80.0,57.0,43.0,50.0,40.0,0.0,0.0,2.0,0.0
509817,224763,valyn,3885,G2,G2 Esports,1.28,2.44,202.0,427.0,9.0,8.0,6.0,2.0,4.0,4.0,92.0,100.0,141.0,229.0,45.0,25.0,1.0,1.0,0.0,0.0
509817,224763,BABYBAY,2170,G2,G2 Esports,1.35,1.51,245.0,166.0,11.0,4.0,6.0,1.0,0.0,1.0,67.0,100.0,155.0,160.0,20.0,20.0,2.0,0.0,2.0,0.0
509817,224763,trent,15500,G2,G2 Esports,1.01,1.59,171.0,352.0,8.0,5.0,6.0,4.0,0.0,7.0,75.0,100.0,120.0,261.0,26.0,29.0,1.0,0.0,0.0,1.0
509817,224763,JonahP,4581,G2,G2 Esports,0.93,1.63,221.0,267.0,10.0,5.0,9.0,2.0,5.0,1.0,75.0,80.0,130.0,140.0,18.0,25.0,0.0,2.0,2.0,0.0
509817,224763,jawgemo,3993,G2,G2 Esports,1.16,0.49,228.0,75.0,9.0,2.0,8.0,3.0,5.0,1.0,92.0,60.0,138.0,43.0,18.0,50.0,2.0,0.0,2.0,1.0
509817,224763,NaturE,4927,EG,Evil Geniuses,1.44,1.08,235.0,261.0,4.0,9.0,4.0,10.0,3.0,9.0,100.0,75.0,123.0,157.0,26.0,19.0,0.0,1.0,0.0,1.0
509817,224763,yay,881,EG,Evil Geniuses,0.4,0.98,168.0,212.0,3.0,10.0,5.0,9.0,0.0,1.0,60.0,58.0,106.0,134.0,38.0,27.0,1.0,1.0,2.0,2.0
509817,224763,Derrek,1533,EG,Evil Geniuses,0.53,0.9,150.0,192.0,2.0,6.0,5.0,10.0,2.0,5.0,80.0,58.0,127.0,149.0,50.0,44.0,0.0,1.0,1.0,0.0
509817,224763,icy,8402,EG,Evil Geniuses,0.26,0.89,132.0,148.0,2.0,5.0,5.0,9.0,0.0,5.0,60.0,58.0,97.0,106.0,25.0,17.0,1.0,2.0,0.0,0.0
509817,224763,supamen,826,EG,Evil Geniuses,0.04,0.56,60.0,91.0,1.0,5.0,5.0,9.0,1.0,3.0,80.0,75.0,26.0,58.0,33.0,33.0,0.0,1.0,0.0,3.0
509818,224764,lukxo,28716,LOUD,LOUD,0.74,1.2,211.0,200.0,7.0,8.0,8.0,6.0,0.0,2.0,75.0,83.0,127.0,146.0,38.0,45.0,1.0,2.0,1.0,1.0
509818,224764,Virtyy,3983,LOUD,LOUD,0.72,1.01,207.0,230.0,5.0,10.0,8.0,10.0,1.0,1.0,50.0,67.0,140.0,145.0,31.0,27.0,1.0,2.0,1.0,3.0
509818,224764,RobbieBk,5893,LOUD,LOUD,0.2,1.2,100.0,215.0,2.0,10.0,8.0,7.0,3.0,1.0,38.0,75.0,72.0,153.0,25.0,35.0,0.0,0.0,0.0,1.0
509818,224764,cauanzin,6193,LOUD,LOUD,0.58,0.91,153.0,241.0,4.0,10.0,8.0,11.0,2.0,6.0,63.0,75.0,82.0,151.0,50.0,48.0,2.0,2.0,1.0,1.0
509818,224764,pANcada,683,LOUD,LOUD,0.49,0.95,71.0,181.0,2.0,7.0,7.0,9.0,3.0,6.0,38.0,75.0,46.0,124.0,33.0,53.0,0.0,0.0,1.0,0.0
509818,224764,Dantedeu5,41135,KRÜ,VISA KRÜ (KRÜ Esports),1.14,2.26,265.0,436.0,11.0,13.0,11.0,4.0,4.0,3.0,58.0,88.0,181.0,237.0,34.0,18.0,3.0,2.0,1.0,1.0
509818,224764,Shyy,24007,KRÜ,VISA KRÜ (KRÜ Esports),0.82,1.93,151.0,270.0,6.0,10.0,8.0,2.0,2.0,1.0,75.0,100.0,108.0,173.0,38.0,56.0,1.0,2.0,1.0,0.0
509818,224764,Melser,1311,KRÜ,VISA KRÜ (KRÜ Esports),1.33,1.05,226.0,138.0,11.0,4.0,7.0,3.0,3.0,1.0,92.0,75.0,139.0,115.0,27.0,27.0,0.0,0.0,1.0,1.0
509818,224764,keznit,2462,KRÜ,VISA KRÜ (KRÜ Esports),0.57,1.58,132.0,275.0,6.0,9.0,10.0,4.0,4.0,4.0,92.0,88.0,81.0,207.0,29.0,34.0,1.0,0.0,1.0,1.0
509818,224764,Mazino,7603,KRÜ,VISA KRÜ (KRÜ Esports),0.98,0.45,212.0,166.0,9.0,3.0,9.0,7.0,5.0,5.0,58.0,75.0,151.0,128.0,38.0,10.0,1.0,0.0,2.0,1.0
509818,224765,pANcada,683,LOUD,LOUD,1.23,1.31,237.0,255.0,8.0,10.0,7.0,8.0,5.0,11.0,70.0,83.0,146.0,188.0,44.0,52.0,1.0,0.0,0.0,1.0
509818,224765,Virtyy,3983,LOUD,LOUD,0.67,1.75,173.0,324.0,5.0,15.0,8.0,6.0,4.0,2.0,70.0,92.0,117.0,208.0,11.0,26.0,1.0,3.0,5.0,1.0
509818,224765,cauanzin,6193,LOUD,LOUD,0.84,1.42,150.0,269.0,6.0,11.0,7.0,8.0,3.0,4.0,60.0,92.0,92.0,151.0,13.0,37.0,0.0,2.0,1.0,1.0
509818,224765,RobbieBk,5893,LOUD,LOUD,1.15,1.0,190.0,246.0,7.0,10.0,6.0,9.0,1.0,4.0,60.0,58.0,130.0,144.0,47.0,42.0,0.0,1.0,1.0,2.0
509818,224765,lukxo,28716,LOUD,LOUD,1.55,0.65,313.0,115.0,12.0,5.0,6.0,9.0,1.0,3.0,70.0,75.0,199.0,90.0,37.0,38.0,1.0,1.0,0.0,0.0
509818,224765,Shyy,24007,KRÜ,VISA KRÜ (KRÜ Esports),1.01,1.64,238.0,257.0,10.0,10.0,9.0,6.0,3.0,4.0,75.0,80.0,147.0,188.0,25.0,67.0,2.0,1.0,0.0,0.0
509818,224765,Dantedeu5,41135,KRÜ,VISA KRÜ (KRÜ Esports),1.39,0.54,244.0,179.0,12.0,6.0,9.0,10.0,2.0,1.0,75.0,50.0,170.0,106.0,40.0,15.0,1.0,2.0,0.0,2.0
509818,224765,Mazino,7603,KRÜ,VISA KRÜ (KRÜ Esports),0.38,1.47,114.0,254.0,5.0,10.0,10.0,6.0,2.0,2.0,50.0,70.0,60.0,146.0,13.0,19.0,1.0,3.0,1.0,0.0
509818,224765,keznit,2462,KRÜ,VISA KRÜ (KRÜ Esports),0.78,0.45,215.0,153.0,7.0,4.0,11.0,8.0,6.0,1.0,75.0,40.0,143.0,123.0,13.0,31.0,1.0,1.0,4.0,0.0
509818,224765,Melser,1311,KRÜ,VISA KRÜ (KRÜ Esports),0.49,0.37,149.0,116.0,6.0,4.0,12.0,8.0,2.0,1.0,58.0,70.0,92.0,72.0,53.0,21.0,0.0,0.0,2.0,1.0
509818,224766,RobbieBk,5893,LOUD,LOUD,0.32,1.19,118.0,219.0,1.0,8.0,5.0,8.0,1.0,5.0,40.0,83.0,99.0,153.0,17.0,48.0,0.0,1.0,1.0,0.0
509818,224766,Virtyy,3983,LOUD,LOUD,0.03,1.31,66.0,175.0,1.0,8.0,5.0,4.0,0.0,1.0,40.0,83.0,48.0,109.0,33.0,27.0,1.0,3.0,1.0,1.0
509818,224766,cauanzin,6193,LOUD,LOUD,0.36,1.01,103.0,265.0,2.0,9.0,5.0,10.0,0.0,1.0,40.0,67.0,72.0,167.0,14.0,13.0,0.0,2.0,0.0,0.0
509818,224766,lukxo,28716,LOUD,LOUD,0.15,0.83,26.0,220.0,0.0,10.0,5.0,9.0,0.0,0.0,,58.0,26.0,135.0,0.0,56.0,0.0,3.0,0.0,1.0
509818,224766,pANcada,683,LOUD,LOUD,0.02,0.36,23.0,52.0,0.0,1.0,5.0,7.0,0.0,3.0,,58.0,23.0,44.0,0.0,14.0,0.0,0.0,2.0,1.0
509818,224766,keznit,2462,KRÜ,VISA KRÜ (KRÜ Esports),1.29,2.55,238.0,369.0,10.0,7.0,7.0,0.0,2.0,5.0,67.0,100.0,170.0,281.0,23.0,32.0,1.0,2.0,3.0,0.0
509818,224766,Mazino,7603,KRÜ,VISA KRÜ (KRÜ Esports),1.14,2.5,202.0,407.0,9.0,8.0,8.0,1.0,2.0,2.0,83.0,100.0,136.0,211.0,29.0,24.0,0.0,2.0,1.0,0.0
509818,224766,Dantedeu5,41135,KRÜ,VISA KRÜ (KRÜ Esports),1.2,1.67,205.0,278.0,9.0,5.0,6.0,2.0,2.0,3.0,67.0,100.0,124.0,162.0,17.0,32.0,1.0,0.0,2.0,1.0
509818,224766,Melser,1311,KRÜ,VISA KRÜ (KRÜ Esports),0.86,1.35,145.0,121.0,6.0,2.0,7.0,0.0,3.0,4.0,67.0,100.0,96.0,60.0,44.0,21.0,1.0,0.0,3.0,0.0
509818,224766,Shyy,24007,KRÜ,VISA KRÜ (KRÜ Esports),0.59,1.24,92.0,122.0,4.0,3.0,8.0,1.0,2.0,1.0,58.0,100.0,59.0,91.0,0.0,25.0,0.0,0.0,0.0,0.0
509819,224767,v1c,17433,C9,Cloud9,3.62,1.89,590.0,343.0,5.0,16.0,1.0,5.0,1.0,4.0,100.0,100.0,411.0,184.0,60.0,30.0,0.0,5.0,0.0,1.0
509819,224767,OXY,18796,C9,Cloud9,2.54,1.69,429.0,268.0,3.0,13.0,1.0,3.0,1.0,2.0,100.0,100.0,364.0,161.0,50.0,6.0,0.0,0.0,0.0,0.0
509819,224767,Xeppaa,7871,C9,Cloud9,0.34,1.9,125.0,299.0,1.0,13.0,2.0,3.0,0.0,7.0,50.0,100.0,109.0,178.0,33.0,20.0,0.0,1.0,0.0,0.0
509819,224767,mitch,612,C9,Cloud9,0.33,1.69,107.0,258.0,1.0,11.0,2.0,3.0,2.0,3.0,100.0,83.0,8.0,162.0,0.0,17.0,1.0,3.0,1.0,0.0
509819,224767,neT,6582,C9,Cloud9,0.49,1.01,49.0,153.0,0.0,7.0,1.0,5.0,1.0,7.0,100.0,92.0,37.0,97.0,0.0,17.0,0.0,1.0,0.0,1.0
509819,224767,pryze,662,2G,2Game Esports,0.44,2.25,111.0,492.0,4.0,4.0,12.0,2.0,1.0,0.0,50.0,100.0,67.0,258.0,15.0,31.0,0.0,0.0,0.0,0.0
509819,224767,lz,6195,2G,2Game Esports,0.38,0.59,121.0,232.0,4.0,1.0,12.0,2.0,3.0,2.0,58.0,100.0,73.0,189.0,38.0,50.0,0.0,1.0,0.0,0.0
509819,224767,spike,21661,2G,2Game Esports,0.4,0.23,138.0,130.0,5.0,1.0,12.0,2.0,2.0,1.0,33.0,50.0,85.0,78.0,44.0,0.0,0.0,0.0,4.0,1.0
509819,224767,gobera,14950,2G,2Game Esports,0.26,0.33,96.0,126.0,3.0,1.0,12.0,2.0,0.0,0.0,25.0,50.0,69.0,76.0,23.0,67.0,1.0,0.0,2.0,0.0
509819,224767,silentzz,11921,2G,2Game Esports,0.07,0.01,84.0,,3.0,0.0,12.0,2.0,1.0,0.0,25.0,,56.0,,7.0,,1.0,0.0,4.0,0.0
509819,224768,OXY,18796,C9,Cloud9,1.41,2.01,279.0,392.0,8.0,19.0,6.0,8.0,1.0,1.0,75.0,75.0,153.0,263.0,24.0,25.0,3.0,2.0,1.0,2.0
509819,224768,v1c,17433,C9,Cloud9,0.8,1.22,112.0,217.0,4.0,9.0,5.0,8.0,2.0,7.0,75.0,92.0,69.0,128.0,38.0,29.0,0.0,3.0,0.0,0.0
509819,224768,Xeppaa,7871,C9,Cloud9,0.9,1.01,190.0,172.0,5.0,8.0,5.0,8.0,2.0,2.0,63.0,67.0,144.0,97.0,24.0,10.0,0.0,0.0,1.0,0.0
509819,224768,mitch,612,C9,Cloud9,0.65,0.86,129.0,150.0,3.0,5.0,4.0,8.0,1.0,7.0,63.0,67.0,81.0,101.0,31.0,17.0,1.0,1.0,0.0,2.0
509819,224768,neT,6582,C9,Cloud9,1.03,0.59,150.0,155.0,3.0,5.0,3.0,10.0,1.0,3.0,75.0,58.0,103.0,115.0,21.0,29.0,1.0,1.0,1.0,1.0
509819,224768,lz,6195,2G,2Game Esports,1.44,0.82,301.0,178.0,14.0,5.0,9.0,5.0,6.0,2.0,83.0,88.0,181.0,94.0,46.0,33.0,1.0,1.0,1.0,0.0
509819,224768,spike,21661,2G,2Game Esports,0.61,1.43,178.0,328.0,7.0,10.0,10.0,4.0,3.0,0.0,83.0,63.0,136.0,207.0,21.0,46.0,3.0,0.0,4.0,3.0
509819,224768,gobera,14950,2G,2Game Esports,0.99,0.63,188.0,153.0,8.0,4.0,9.0,4.0,7.0,1.0,92.0,63.0,115.0,90.0,22.0,8.0,0.0,1.0,2.0,0.0
509819,224768,silentzz,11921,2G,2Game Esports,0.84,0.8,190.0,121.0,7.0,3.0,8.0,5.0,5.0,1.0,75.0,75.0,121.0,73.0,16.0,30.0,1.0,1.0,0.0,0.0
509819,224768,pryze,662,2G,2Game Esports,0.72,0.38,141.0,51.0,6.0,1.0,10.0,5.0,5.0,0.0,83.0,38.0,75.0,39.0,18.0,17.0,0.0,0.0,0.0,2.0
509820,224770,cortezia,5395,MIBR,MIBR,0.94,1.59,180.0,318.0,7.0,15.0,9.0,10.0,5.0,10.0,64.0,86.0,124.0,206.0,33.0,21.0,0.0,6.0,1.0,1.0
509820,224770,artzin,5957,MIBR,MIBR,1.21,0.86,248.0,161.0,13.0,9.0,10.0,9.0,1.0,4.0,79.0,79.0,125.0,112.0,21.0,30.0,3.0,2.0,2.0,1.0
509820,224770,aspas,8480,MIBR,MIBR,0.37,1.58,141.0,270.0,7.0,16.0,12.0,7.0,0.0,4.0,64.0,86.0,81.0,164.0,15.0,20.0,0.0,3.0,2.0,0.0
509820,224770,xenom,20240,MIBR,MIBR,1.11,0.76,196.0,122.0,9.0,7.0,9.0,9.0,8.0,8.0,71.0,71.0,120.0,84.0,27.0,64.0,0.0,0.0,1.0,0.0
509820,224770,Verno,21668,MIBR,MIBR,0.27,0.99,95.0,217.0,3.0,10.0,13.0,10.0,8.0,5.0,64.0,93.0,58.0,141.0,31.0,15.0,1.0,0.0,4.0,1.0
509820,224770,skuba,11118,NRG,NRG,1.53,1.24,270.0,193.0,14.0,12.0,9.0,6.0,2.0,2.0,86.0,79.0,172.0,122.0,34.0,18.0,0.0,2.0,0.0,1.0
509820,224770,brawk,2172,NRG,NRG,0.5,1.63,129.0,259.0,5.0,12.0,13.0,6.0,7.0,5.0,79.0,79.0,93.0,144.0,14.0,12.0,0.0,3.0,1.0,0.0
509820,224770,s0m,4164,NRG,NRG,0.98,1.12,196.0,245.0,10.0,10.0,11.0,10.0,4.0,9.0,57.0,79.0,125.0,163.0,36.0,19.0,1.0,2.0,3.0,0.0
509820,224770,Ethan,11225,NRG,NRG,1.12,0.57,239.0,132.0,11.0,7.0,11.0,10.0,4.0,2.0,64.0,71.0,148.0,83.0,22.0,29.0,1.0,0.0,1.0,3.0
509820,224770,mada,5132,NRG,NRG,0.3,1.39,125.0,242.0,5.0,12.0,13.0,7.0,2.0,2.0,50.0,79.0,79.0,144.0,28.0,18.0,1.0,3.0,6.0,0.0
509820,224771,aspas,8480,MIBR,MIBR,1.89,1.39,368.0,200.0,15.0,8.0,6.0,5.0,1.0,2.0,100.0,83.0,235.0,118.0,54.0,0.0,4.0,5.0,0.0,1.0
509820,224771,cortezia,5395,MIBR,MIBR,1.11,1.04,218.0,181.0,8.0,8.0,6.0,7.0,4.0,1.0,73.0,83.0,145.0,114.0,23.0,38.0,1.0,0.0,2.0,1.0
509820,224771,xenom,20240,MIBR,MIBR,0.55,1.03,102.0,191.0,4.0,8.0,8.0,8.0,2.0,5.0,64.0,67.0,70.0,123.0,27.0,24.0,0.0,0.0,0.0,1.0
509820,224771,artzin,5957,MIBR,MIBR,0.93,0.6,214.0,108.0,9.0,4.0,7.0,9.0,0.0,5.0,55.0,42.0,121.0,94.0,23.0,29.0,2.0,1.0,2.0,1.0
509820,224771,Verno,21668,MIBR,MIBR,0.48,0.55,64.0,122.0,2.0,4.0,7.0,9.0,4.0,4.0,82.0,75.0,40.0,95.0,13.0,33.0,0.0,1.0,0.0,1.0
509820,224771,s0m,4164,NRG,NRG,1.69,1.17,245.0,218.0,10.0,8.0,5.0,7.0,8.0,3.0,92.0,82.0,165.0,140.0,21.0,30.0,1.0,0.0,0.0,1.0
509820,224771,mada,5132,NRG,NRG,1.63,1.11,338.0,264.0,15.0,9.0,6.0,9.0,2.0,2.0,83.0,55.0,177.0,184.0,20.0,38.0,4.0,3.0,3.0,4.0
509820,224771,skuba,11118,NRG,NRG,0.76,1.14,123.0,215.0,5.0,8.0,7.0,5.0,2.0,4.0,58.0,73.0,75.0,140.0,11.0,30.0,0.0,1.0,1.0,1.0
509820,224771,brawk,2172,NRG,NRG,0.68,0.44,114.0,58.0,4.0,2.0,6.0,8.0,4.0,3.0,92.0,55.0,90.0,31.0,32.0,0.0,0.0,0.0,2.0,0.0
509820,224771,Ethan,11225,NRG,NRG,0.46,0.62,98.0,187.0,4.0,7.0,8.0,9.0,3.0,2.0,58.0,55.0,55.0,117.0,17.0,24.0,0.0,0.0,1.0,1.0
509821,224773,N4RRATE,36245,SEN,Sentinels,0.93,1.5,212.0,351.0,7.0,15.0,7.0,8.0,0.0,6.0,56.0,83.0,145.0,192.0,32.0,43.0,1.0,2.0,0.0,0.0
509821,224773,bang,3880,SEN,Sentinels,0.67,1.6,131.0,276.0,5.0,13.0,7.0,4.0,1.0,1.0,56.0,92.0,60.0,162.0,13.0,57.0,0.0,2.0,2.0,0.0
509821,224773,zekken,4004,SEN,Sentinels,0.59,1.53,173.0,256.0,5.0,12.0,8.0,5.0,2.0,1.0,100.0,75.0,114.0,178.0,8.0,32.0,3.0,2.0,1.0,2.0
509821,224773,johnqt,1265,SEN,Sentinels,1.36,0.94,245.0,96.0,7.0,4.0,6.0,5.0,6.0,7.0,89.0,92.0,157.0,69.0,25.0,21.0,1.0,0.0,0.0,0.0
509821,224773,Zellsis,729,SEN,Sentinels,1.22,1.02,212.0,192.0,7.0,8.0,5.0,7.0,3.0,5.0,89.0,75.0,148.0,113.0,20.0,7.0,0.0,2.0,1.0,2.0
509821,224773,supamen,826,EG,Evil Geniuses,0.3,1.95,72.0,315.0,3.0,12.0,11.0,5.0,2.0,2.0,33.0,78.0,57.0,187.0,38.0,41.0,0.0,0.0,0.0,0.0
509821,224773,icy,8402,EG,Evil Geniuses,0.97,0.66,207.0,133.0,9.0,4.0,10.0,6.0,1.0,2.0,58.0,78.0,142.0,103.0,50.0,17.0,2.0,2.0,5.0,4.0
509821,224773,NaturE,4927,EG,Evil Geniuses,0.5,1.23,139.0,246.0,5.0,8.0,11.0,6.0,2.0,3.0,50.0,89.0,100.0,151.0,25.0,19.0,1.0,0.0,0.0,0.0
509821,224773,Derrek,1533,EG,Evil Geniuses,1.04,0.37,194.0,143.0,8.0,3.0,9.0,7.0,4.0,5.0,75.0,78.0,129.0,108.0,32.0,14.0,0.0,1.0,0.0,0.0
509821,224773,yay,881,EG,Evil Geniuses,0.62,0.54,140.0,145.0,4.0,5.0,11.0,8.0,6.0,3.0,50.0,78.0,90.0,71.0,46.0,27.0,1.0,1.0,3.0,1.0
509821,224774,zekken,4004,SEN,Sentinels,2.49,2.08,460.0,377.0,9.0,16.0,2.0,7.0,2.0,5.0,100.0,83.0,262.0,246.0,20.0,31.0,2.0,4.0,1.0,1.0
509821,224774,Zellsis,729,SEN,Sentinels,1.8,1.4,245.0,231.0,5.0,10.0,2.0,5.0,1.0,3.0,80.0,92.0,156.0,134.0,24.0,25.0,1.0,2.0,0.0,0.0
509821,224774,johnqt,1265,SEN,Sentinels,0.88,1.47,174.0,228.0,2.0,11.0,3.0,4.0,2.0,4.0,80.0,92.0,135.0,144.0,33.0,43.0,0.0,2.0,0.0,0.0
509821,224774,bang,3880,SEN,Sentinels,0.61,1.25,185.0,202.0,3.0,9.0,4.0,5.0,3.0,5.0,80.0,75.0,103.0,125.0,6.0,21.0,1.0,1.0,0.0,2.0
509821,224774,N4RRATE,36245,SEN,Sentinels,0.68,0.69,88.0,173.0,2.0,8.0,4.0,9.0,1.0,4.0,80.0,75.0,51.0,100.0,75.0,22.0,0.0,0.0,0.0,0.0
509821,224774,Derrek,1533,EG,Evil Geniuses,1.0,1.15,214.0,238.0,10.0,5.0,10.0,4.0,1.0,0.0,67.0,40.0,140.0,118.0,40.0,29.0,1.0,0.0,2.0,0.0
509821,224774,yay,881,EG,Evil Geniuses,1.03,0.4,260.0,173.0,10.0,2.0,10.0,5.0,0.0,2.0,67.0,40.0,157.0,120.0,35.0,13.0,2.0,0.0,2.0,1.0
509821,224774,supamen,826,EG,Evil Geniuses,0.48,0.38,132.0,110.0,6.0,2.0,11.0,4.0,1.0,1.0,58.0,60.0,72.0,64.0,55.0,13.0,0.0,0.0,1.0,1.0
509821,224774,NaturE,4927,EG,Evil Geniuses,0.31,0.57,93.0,117.0,3.0,2.0,11.0,4.0,1.0,2.0,33.0,60.0,68.0,90.0,15.0,20.0,0.0,0.0,0.0,1.0
509821,224774,icy,8402,EG,Evil Geniuses,0.03,0.83,59.0,197.0,1.0,4.0,12.0,4.0,3.0,0.0,58.0,80.0,45.0,105.0,21.0,25.0,0.0,1.0,4.0,1.0
509822,224776,Okeanos,8373,LEV,LEVIATÁN,1.46,0.83,250.0,200.0,11.0,6.0,6.0,7.0,5.0,0.0,83.0,71.0,173.0,144.0,50.0,55.0,3.0,0.0,0.0,0.0
509822,224776,Sato,21659,LEV,LEVIATÁN,1.32,0.4,320.0,153.0,13.0,3.0,9.0,7.0,3.0,2.0,67.0,57.0,218.0,85.0,39.0,50.0,2.0,2.0,2.0,1.0
509822,224776,kiNgg,8549,LEV,LEVIATÁN,1.4,0.11,284.0,100.0,13.0,1.0,7.0,7.0,0.0,3.0,83.0,43.0,155.0,72.0,15.0,22.0,1.0,1.0,1.0,0.0
509822,224776,C0M,619,LEV,LEVIATÁN,0.93,0.74,132.0,186.0,5.0,4.0,7.0,7.0,5.0,1.0,75.0,57.0,86.0,116.0,26.0,33.0,0.0,1.0,1.0,0.0
509822,224776,tex,1818,LEV,LEVIATÁN,0.49,0.23,92.0,101.0,3.0,2.0,9.0,7.0,4.0,0.0,58.0,43.0,61.0,73.0,25.0,29.0,1.0,0.0,1.0,2.0
509822,224776,Mazino,7603,KRÜ,VISA KRÜ (KRÜ Esports),1.9,1.19,271.0,255.0,8.0,10.0,2.0,9.0,5.0,5.0,100.0,75.0,142.0,160.0,7.0,37.0,0.0,0.0,0.0,2.0
509822,224776,keznit,2462,KRÜ,VISA KRÜ (KRÜ Esports),1.44,1.26,288.0,262.0,8.0,11.0,4.0,9.0,0.0,3.0,71.0,67.0,174.0,167.0,33.0,22.0,1.0,3.0,2.0,2.0
509822,224776,Shyy,24007,KRÜ,VISA KRÜ (KRÜ Esports),1.63,0.79,283.0,171.0,7.0,7.0,3.0,8.0,2.0,1.0,86.0,75.0,193.0,95.0,47.0,21.0,0.0,0.0,1.0,1.0
509822,224776,Melser,1311,KRÜ,VISA KRÜ (KRÜ Esports),1.5,0.63,223.0,117.0,6.0,4.0,3.0,9.0,4.0,3.0,100.0,58.0,122.0,96.0,17.0,20.0,1.0,0.0,0.0,0.0
509822,224776,Dantedeu5,41135,KRÜ,VISA KRÜ (KRÜ Esports),1.1,0.59,223.0,145.0,6.0,6.0,4.0,10.0,3.0,3.0,86.0,67.0,138.0,106.0,38.0,26.0,1.0,2.0,1.0,2.0
509822,224777,C0M,619,LEV,LEVIATÁN,1.03,1.45,231.0,227.0,9.0,9.0,10.0,4.0,2.0,6.0,67.0,91.0,166.0,188.0,37.0,67.0,0.0,1.0,0.0,0.0
509822,224777,kiNgg,8549,LEV,LEVIATÁN,0.95,1.43,182.0,172.0,7.0,8.0,9.0,4.0,3.0,3.0,67.0,82.0,123.0,105.0,23.0,29.0,1.0,1.0,1.0,0.0
509822,224777,Okeanos,8373,LEV,LEVIATÁN,0.27,1.48,111.0,286.0,4.0,13.0,11.0,6.0,2.0,1.0,58.0,82.0,79.0,187.0,23.0,43.0,0.0,2.0,3.0,0.0
509822,224777,tex,1818,LEV,LEVIATÁN,0.32,1.21,128.0,208.0,6.0,7.0,12.0,5.0,1.0,5.0,58.0,91.0,70.0,158.0,33.0,19.0,2.0,1.0,2.0,0.0
509822,224777,Sato,21659,LEV,LEVIATÁN,0.36,0.92,130.0,253.0,5.0,9.0,11.0,7.0,3.0,2.0,67.0,64.0,92.0,159.0,15.0,50.0,1.0,3.0,2.0,3.0
509822,224777,Melser,1311,KRÜ,VISA KRÜ (KRÜ Esports),0.85,1.98,160.0,301.0,6.0,14.0,9.0,4.0,3.0,9.0,64.0,100.0,97.0,186.0,47.0,25.0,0.0,3.0,0.0,0.0
509822,224777,Mazino,7603,KRÜ,VISA KRÜ (KRÜ Esports),0.67,1.65,104.0,298.0,4.0,12.0,8.0,6.0,1.0,7.0,64.0,100.0,61.0,204.0,30.0,20.0,0.0,3.0,0.0,0.0
509822,224777,keznit,2462,KRÜ,VISA KRÜ (KRÜ Esports),0.84,1.45,188.0,289.0,7.0,13.0,9.0,7.0,2.0,4.0,55.0,100.0,118.0,194.0,41.0,32.0,0.0,0.0,2.0,0.0
509822,224777,Dantedeu5,41135,KRÜ,VISA KRÜ (KRÜ Esports),0.68,1.26,152.0,242.0,4.0,12.0,10.0,7.0,4.0,2.0,45.0,75.0,112.0,149.0,14.0,30.0,2.0,1.0,5.0,2.0
509822,224777,Shyy,24007,KRÜ,VISA KRÜ (KRÜ Esports),0.59,0.48,142.0,95.0,5.0,2.0,10.0,7.0,4.0,7.0,55.0,67.0,90.0,74.0,25.0,17.0,1.0,1.0,1.0,2.0
509822,224778,Sato,21659,LEV,LEVIATÁN,2.48,1.25,557.0,253.0,10.0,11.0,4.0,6.0,2.0,0.0,100.0,67.0,294.0,157.0,46.0,30.0,2.0,3.0,0.0,1.0
509822,224778,kiNgg,8549,LEV,LEVIATÁN,1.33,1.56,212.0,316.0,4.0,14.0,2.0,7.0,2.0,3.0,100.0,92.0,125.0,219.0,30.0,33.0,1.0,3.0,0.0,1.0
509822,224778,tex,1818,LEV,LEVIATÁN,0.7,1.55,61.0,284.0,1.0,15.0,2.0,5.0,1.0,3.0,80.0,83.0,43.0,189.0,0.0,28.0,0.0,0.0,1.0,0.0
509822,224778,Okeanos,8373,LEV,LEVIATÁN,2.47,0.62,390.0,159.0,8.0,6.0,0.0,7.0,4.0,7.0,100.0,83.0,235.0,96.0,23.0,29.0,1.0,3.0,0.0,1.0
509822,224778,C0M,619,LEV,LEVIATÁN,0.96,1.08,72.0,205.0,2.0,7.0,1.0,7.0,0.0,7.0,100.0,83.0,62.0,151.0,67.0,5.0,0.0,0.0,0.0,0.0
509822,224778,Shyy,24007,KRÜ,VISA KRÜ (KRÜ Esports),0.96,0.59,167.0,220.0,8.0,3.0,10.0,5.0,0.0,0.0,58.0,60.0,107.0,156.0,53.0,27.0,0.0,1.0,2.0,0.0
509822,224778,Dantedeu5,41135,KRÜ,VISA KRÜ (KRÜ Esports),0.69,1.17,191.0,323.0,6.0,5.0,12.0,5.0,5.0,1.0,75.0,80.0,134.0,215.0,17.0,45.0,1.0,0.0,3.0,1.0
509822,224778,keznit,2462,KRÜ,VISA KRÜ (KRÜ Esports),0.96,0.39,222.0,52.0,9.0,1.0,10.0,5.0,2.0,0.0,58.0,20.0,145.0,30.0,22.0,0.0,2.0,0.0,2.0,0.0
509822,224778,Melser,1311,KRÜ,VISA KRÜ (KRÜ Esports),0.76,0.01,161.0,16.0,6.0,0.0,10.0,5.0,5.0,1.0,75.0,20.0,109.0,11.0,21.0,100.0,0.0,0.0,1.0,3.0
509822,224778,Mazino,7603,KRÜ,VISA KRÜ (KRÜ Esports),0.33,0.04,105.0,49.0,3.0,0.0,11.0,5.0,2.0,2.0,42.0,20.0,78.0,49.0,11.0,0.0,0.0,0.0,1.0,0.0
509823,224779,heat,8673,FUR,FURIA,0.52,1.01,182.0,230.0,2.0,9.0,3.0,9.0,0.0,2.0,67.0,67.0,116.0,180.0,60.0,39.0,0.0,1.0,0.0,1.0
509823,224779,adverso,3826,FUR,FURIA,0.7,0.85,179.0,152.0,2.0,6.0,3.0,9.0,0.0,1.0,67.0,75.0,89.0,102.0,33.0,11.0,0.0,1.0,0.0,0.0
509823,224779,tuyz,2408,FUR,FURIA,0.21,0.82,100.0,135.0,1.0,5.0,3.0,8.0,0.0,3.0,33.0,83.0,54.0,95.0,67.0,13.0,1.0,1.0,1.0,0.0
509823,224779,Palla,15681,FUR,FURIA,0.01,0.91,59.0,254.0,0.0,10.0,3.0,11.0,0.0,2.0,,67.0,59.0,166.0,0.0,31.0,0.0,3.0,1.0,4.0
509823,224779,Urango,6238,FUR,FURIA,0.06,0.67,72.0,145.0,0.0,6.0,3.0,11.0,1.0,2.0,33.0,67.0,72.0,94.0,14.0,40.0,0.0,0.0,0.0,1.0
509823,224779,jawgemo,3993,G2,G2 Esports,1.19,2.35,308.0,422.0,12.0,5.0,10.0,2.0,4.0,0.0,92.0,100.0,189.0,243.0,32.0,45.0,4.0,1.0,3.0,0.0
509823,224779,BABYBAY,2170,G2,G2 Esports,1.31,1.88,324.0,319.0,14.0,4.0,7.0,1.0,4.0,2.0,92.0,100.0,196.0,181.0,39.0,20.0,2.0,1.0,1.0,0.0
509823,224779,trent,15500,G2,G2 Esports,1.19,1.73,159.0,179.0,9.0,2.0,5.0,0.0,8.0,2.0,92.0,100.0,81.0,92.0,31.0,29.0,0.0,0.0,0.0,0.0
509823,224779,valyn,3885,G2,G2 Esports,0.83,2.02,152.0,358.0,8.0,4.0,7.0,1.0,1.0,2.0,58.0,100.0,83.0,196.0,27.0,22.0,0.0,0.0,2.0,0.0
509823,224779,JonahP,4581,G2,G2 Esports,0.99,0.58,166.0,58.0,5.0,0.0,7.0,1.0,8.0,1.0,83.0,100.0,124.0,58.0,15.0,0.0,0.0,0.0,0.0,1.0
509823,224780,heat,8673,FUR,FURIA,0.72,1.57,125.0,312.0,3.0,12.0,5.0,7.0,0.0,1.0,33.0,75.0,72.0,191.0,0.0,21.0,0.0,4.0,0.0,1.0
509823,224780,adverso,3826,FUR,FURIA,1.33,0.79,215.0,212.0,5.0,8.0,4.0,9.0,1.0,1.0,67.0,58.0,141.0,134.0,31.0,32.0,0.0,1.0,1.0,2.0
509823,224780,tuyz,2408,FUR,FURIA,0.44,0.89,106.0,114.0,2.0,4.0,5.0,6.0,3.0,7.0,67.0,83.0,60.0,71.0,0.0,24.0,0.0,0.0,0.0,0.0
509823,224780,Urango,6238,FUR,FURIA,0.02,0.95,35.0,155.0,0.0,7.0,6.0,7.0,0.0,4.0,33.0,75.0,35.0,117.0,50.0,25.0,0.0,0.0,0.0,1.0
509823,224780,Palla,15681,FUR,FURIA,0.57,0.55,201.0,136.0,4.0,5.0,6.0,10.0,0.0,4.0,50.0,50.0,116.0,104.0,38.0,57.0,3.0,1.0,2.0,2.0
509823,224780,trent,15500,G2,G2 Esports,1.54,1.22,283.0,243.0,12.0,4.0,6.0,3.0,1.0,4.0,67.0,100.0,181.0,182.0,24.0,29.0,1.0,0.0,0.0,0.0
509823,224780,jawgemo,3993,G2,G2 Esports,1.14,1.43,208.0,261.0,8.0,6.0,7.0,3.0,5.0,2.0,75.0,100.0,150.0,183.0,33.0,53.0,1.0,2.0,2.0,0.0
509823,224780,valyn,3885,G2,G2 Esports,0.92,1.68,187.0,265.0,9.0,7.0,7.0,3.0,1.0,0.0,75.0,100.0,98.0,148.0,21.0,36.0,2.0,0.0,2.0,1.0
509823,224780,JonahP,4581,G2,G2 Esports,0.63,1.7,117.0,260.0,5.0,5.0,8.0,2.0,2.0,2.0,67.0,100.0,87.0,180.0,38.0,28.0,1.0,1.0,2.0,1.0
509823,224780,BABYBAY,2170,G2,G2 Esports,0.7,0.91,137.0,153.0,5.0,4.0,8.0,3.0,2.0,2.0,83.0,83.0,86.0,132.0,8.0,43.0,1.0,0.0,0.0,1.0
509824,224782,pANcada,683,LOUD,LOUD,1.25,3.03,200.0,621.0,9.0,7.0,5.0,1.0,5.0,2.0,92.0,100.0,121.0,403.0,30.0,75.0,1.0,2.0,0.0,0.0
509824,224782,lukxo,28716,LOUD,LOUD,1.79,0.5,368.0,119.0,16.0,1.0,8.0,2.0,3.0,2.0,100.0,100.0,261.0,122.0,38.0,60.0,3.0,0.0,0.0,0.0
509824,224782,Virtyy,3983,LOUD,LOUD,1.12,1.97,297.0,450.0,13.0,5.0,9.0,2.0,3.0,0.0,75.0,67.0,163.0,254.0,24.0,71.0,3.0,1.0,3.0,0.0
509824,224782,cauanzin,6193,LOUD,LOUD,1.3,0.69,194.0,83.0,8.0,1.0,5.0,1.0,7.0,2.0,100.0,67.0,117.0,45.0,22.0,50.0,0.0,0.0,0.0,0.0
509824,224782,RobbieBk,5893,LOUD,LOUD,0.74,1.31,102.0,35.0,5.0,1.0,6.0,0.0,2.0,0.0,67.0,100.0,76.0,62.0,50.0,50.0,0.0,0.0,2.0,0.0
509824,224782,Cryocells,4147,100T,100 Thieves,1.02,0.7,200.0,148.0,1.0,6.0,3.0,9.0,4.0,1.0,67.0,50.0,143.0,97.0,22.0,19.0,0.0,0.0,0.0,1.0
509824,224782,Asuna,601,100T,100 Thieves,0.02,0.96,21.0,209.0,0.0,9.0,3.0,10.0,0.0,3.0,33.0,67.0,21.0,131.0,0.0,37.0,0.0,2.0,1.0,1.0
509824,224782,Kess,9094,100T,100 Thieves,0.59,0.78,144.0,171.0,1.0,7.0,3.0,10.0,1.0,1.0,33.0,67.0,107.0,107.0,20.0,62.0,0.0,1.0,0.0,1.0
509824,224782,eeiu,796,100T,100 Thieves,0.67,0.57,128.0,162.0,2.0,6.0,3.0,11.0,0.0,3.0,33.0,42.0,66.0,115.0,25.0,17.0,0.0,1.0,1.0,0.0
509824,224782,zander,8082,100T,100 Thieves,0.62,0.52,165.0,166.0,2.0,5.0,3.0,11.0,0.0,7.0,67.0,75.0,84.0,107.0,11.0,16.0,0.0,1.0,1.0,4.0
509824,224783,cauanzin,6193,LOUD,LOUD,1.42,1.1,356.0,270.0,9.0,11.0,7.0,10.0,3.0,3.0,75.0,83.0,229.0,177.0,24.0,43.0,2.0,2.0,1.0,0.0
509824,224783,pANcada,683,LOUD,LOUD,0.3,1.47,39.0,248.0,0.0,11.0,7.0,6.0,6.0,5.0,50.0,92.0,21.0,180.0,0.0,46.0,0.0,1.0,0.0,0.0
509824,224783,Virtyy,3983,LOUD,LOUD,0.41,1.06,92.0,192.0,2.0,7.0,6.0,8.0,1.0,5.0,63.0,83.0,83.0,125.0,13.0,21.0,0.0,2.0,4.0,2.0
509824,224783,RobbieBk,5893,LOUD,LOUD,0.58,0.83,126.0,153.0,3.0,7.0,7.0,8.0,3.0,4.0,50.0,75.0,85.0,91.0,25.0,55.0,0.0,0.0,0.0,1.0
509824,224783,lukxo,28716,LOUD,LOUD,0.63,0.05,142.0,51.0,4.0,2.0,7.0,11.0,1.0,1.0,63.0,33.0,91.0,42.0,14.0,33.0,1.0,0.0,0.0,4.0
509824,224783,Asuna,601,100T,100 Thieves,1.55,1.17,353.0,226.0,15.0,6.0,8.0,4.0,2.0,3.0,83.0,63.0,187.0,138.0,24.0,17.0,5.0,1.0,2.0,1.0
509824,224783,zander,8082,100T,100 Thieves,0.66,2.21,134.0,403.0,6.0,12.0,7.0,3.0,0.0,2.0,75.0,88.0,88.0,245.0,43.0,29.0,0.0,3.0,1.0,1.0
509824,224783,Cryocells,4147,100T,100 Thieves,1.33,0.95,248.0,183.0,11.0,6.0,7.0,5.0,2.0,2.0,67.0,75.0,156.0,125.0,20.0,27.0,1.0,0.0,0.0,0.0
509824,224783,eeiu,796,100T,100 Thieves,0.85,1.42,126.0,165.0,5.0,6.0,7.0,2.0,4.0,2.0,75.0,75.0,79.0,116.0,33.0,31.0,0.0,1.0,1.0,1.0
509824,224783,Kess,9094,100T,100 Thieves,0.73,1.19,167.0,169.0,6.0,4.0,9.0,4.0,8.0,7.0,92.0,75.0,106.0,106.0,33.0,36.0,1.0,0.0,1.0,0.0
509824,224784,lukxo,28716,LOUD,LOUD,1.19,1.99,231.0,378.0,11.0,17.0,10.0,8.0,2.0,3.0,69.0,77.0,142.0,252.0,43.0,41.0,4.0,2.0,0.0,1.0
509824,224784,pANcada,683,LOUD,LOUD,1.35,0.41,227.0,72.0,11.0,2.0,9.0,9.0,3.0,3.0,54.0,62.0,150.0,49.0,31.0,44.0,0.0,0.0,0.0,1.0
509824,224784,RobbieBk,5893,LOUD,LOUD,0.9,0.59,230.0,105.0,9.0,2.0,11.0,9.0,5.0,12.0,62.0,85.0,136.0,77.0,26.0,18.0,0.0,0.0,0.0,1.0
509824,224784,cauanzin,6193,LOUD,LOUD,0.19,1.13,94.0,311.0,3.0,15.0,12.0,12.0,3.0,4.0,69.0,69.0,72.0,172.0,8.0,20.0,0.0,2.0,0.0,1.0
509824,224784,Virtyy,3983,LOUD,LOUD,0.46,0.78,165.0,164.0,7.0,8.0,12.0,9.0,1.0,0.0,46.0,54.0,94.0,94.0,29.0,13.0,3.0,2.0,6.0,3.0
509824,224784,Asuna,601,100T,100 Thieves,1.09,1.57,242.0,301.0,11.0,13.0,10.0,8.0,2.0,4.0,54.0,85.0,155.0,197.0,24.0,23.0,4.0,1.0,3.0,1.0
509824,224784,Kess,9094,100T,100 Thieves,1.22,1.04,227.0,234.0,11.0,12.0,7.0,8.0,1.0,2.0,77.0,69.0,153.0,153.0,28.0,22.0,1.0,0.0,1.0,1.0
509824,224784,eeiu,796,100T,100 Thieves,0.92,1.28,152.0,226.0,7.0,12.0,8.0,8.0,4.0,5.0,69.0,100.0,95.0,128.0,53.0,23.0,0.0,1.0,1.0,2.0
509824,224784,Cryocells,4147,100T,100 Thieves,0.95,1.08,228.0,192.0,11.0,7.0,11.0,8.0,0.0,9.0,85.0,92.0,150.0,121.0,45.0,24.0,1.0,3.0,1.0,1.0
509824,224784,zander,8082,100T,100 Thieves,0.94,0.91,155.0,208.0,7.0,10.0,8.0,9.0,6.0,0.0,62.0,62.0,106.0,139.0,24.0,30.0,1.0,1.0,0.0,2.0
509825,224785,Shyy,24007,KRÜ,VISA KRÜ (KRÜ Esports),3.28,0.78,607.0,165.0,16.0,7.0,2.0,9.0,1.0,3.0,71.0,83.0,396.0,111.0,59.0,32.0,1.0,1.0,2.0,3.0
509825,224785,Mazino,7603,KRÜ,VISA KRÜ (KRÜ Esports),0.82,1.78,101.0,292.0,2.0,13.0,4.0,6.0,2.0,5.0,71.0,67.0,80.0,207.0,33.0,24.0,0.0,2.0,0.0,0.0
509825,224785,keznit,2462,KRÜ,VISA KRÜ (KRÜ Esports),0.86,1.37,181.0,300.0,4.0,12.0,5.0,9.0,4.0,6.0,86.0,83.0,114.0,192.0,14.0,15.0,0.0,2.0,2.0,0.0
509825,224785,Melser,1311,KRÜ,VISA KRÜ (KRÜ Esports),1.56,0.95,164.0,79.0,5.0,5.0,2.0,4.0,7.0,6.0,86.0,83.0,88.0,64.0,20.0,23.0,0.0,0.0,0.0,0.0
509825,224785,Dantedeu5,41135,KRÜ,VISA KRÜ (KRÜ Esports),0.63,0.89,144.0,188.0,4.0,8.0,4.0,8.0,1.0,3.0,57.0,67.0,88.0,126.0,21.0,16.0,1.0,0.0,1.0,4.0
509825,224785,skuba,11118,NRG,NRG,1.07,1.0,164.0,257.0,6.0,7.0,8.0,6.0,10.0,0.0,75.0,43.0,124.0,145.0,33.0,29.0,1.0,1.0,0.0,0.0
509825,224785,mada,5132,NRG,NRG,0.97,0.95,213.0,209.0,9.0,4.0,10.0,6.0,2.0,3.0,58.0,71.0,131.0,161.0,39.0,28.0,4.0,3.0,4.0,1.0
509825,224785,brawk,2172,NRG,NRG,1.19,0.11,221.0,85.0,9.0,1.0,9.0,7.0,7.0,2.0,83.0,43.0,149.0,77.0,15.0,18.0,0.0,1.0,0.0,1.0
509825,224785,Ethan,11225,NRG,NRG,0.64,0.79,125.0,149.0,5.0,4.0,9.0,6.0,5.0,0.0,58.0,71.0,76.0,116.0,33.0,21.0,1.0,0.0,0.0,0.0
509825,224785,s0m,4164,NRG,NRG,0.73,0.24,154.0,101.0,7.0,1.0,9.0,6.0,3.0,1.0,67.0,29.0,107.0,86.0,28.0,12.0,1.0,0.0,1.0,0.0
509825,224786,keznit,2462,KRÜ,VISA KRÜ (KRÜ Esports),1.11,1.44,268.0,287.0,9.0,13.0,8.0,7.0,0.0,2.0,88.0,75.0,165.0,173.0,39.0,16.0,1.0,2.0,0.0,1.0
509825,224786,Melser,1311,KRÜ,VISA KRÜ (KRÜ Esports),0.12,1.59,67.0,322.0,1.0,14.0,8.0,8.0,2.0,3.0,50.0,92.0,65.0,216.0,30.0,29.0,1.0,4.0,2.0,0.0
509825,224786,Shyy,24007,KRÜ,VISA KRÜ (KRÜ Esports),1.29,0.57,261.0,94.0,8.0,4.0,7.0,7.0,1.0,2.0,75.0,67.0,147.0,72.0,19.0,36.0,0.0,0.0,0.0,0.0
509825,224786,Mazino,7603,KRÜ,VISA KRÜ (KRÜ Esports),0.02,0.73,64.0,163.0,1.0,5.0,8.0,9.0,3.0,10.0,50.0,83.0,46.0,93.0,9.0,13.0,0.0,0.0,2.0,1.0
509825,224786,Dantedeu5,41135,KRÜ,VISA KRÜ (KRÜ Esports),0.39,0.38,153.0,117.0,4.0,5.0,8.0,10.0,1.0,4.0,50.0,83.0,82.0,93.0,29.0,15.0,1.0,1.0,1.0,3.0
509825,224786,brawk,2172,NRG,NRG,2.08,1.51,326.0,247.0,14.0,8.0,6.0,4.0,5.0,4.0,92.0,75.0,203.0,152.0,14.0,13.0,1.0,0.0,0.0,1.0
509825,224786,skuba,11118,NRG,NRG,1.45,1.74,239.0,250.0,10.0,9.0,6.0,3.0,7.0,3.0,92.0,100.0,154.0,155.0,30.0,25.0,1.0,0.0,1.0,0.0
509825,224786,mada,5132,NRG,NRG,0.47,1.74,129.0,286.0,5.0,8.0,11.0,4.0,2.0,2.0,58.0,100.0,85.0,187.0,24.0,14.0,2.0,4.0,4.0,0.0
509825,224786,Ethan,11225,NRG,NRG,0.69,1.16,159.0,229.0,6.0,6.0,10.0,5.0,9.0,4.0,67.0,100.0,78.0,166.0,0.0,35.0,1.0,1.0,1.0,0.0
509825,224786,s0m,4164,NRG,NRG,0.73,0.9,113.0,262.0,6.0,8.0,8.0,7.0,2.0,3.0,67.0,100.0,64.0,157.0,29.0,21.0,0.0,0.0,1.0,2.0
509825,224787,Shyy,24007,KRÜ,VISA KRÜ (KRÜ Esports),0.73,1.61,163.0,290.0,6.0,7.0,11.0,3.0,2.0,0.0,50.0,67.0,132.0,165.0,23.0,57.0,0.0,0.0,0.0,0.0
509825,224787,keznit,2462,KRÜ,VISA KRÜ (KRÜ Esports),0.89,1.1,205.0,320.0,10.0,6.0,11.0,5.0,1.0,1.0,67.0,67.0,122.0,190.0,35.0,31.0,2.0,2.0,2.0,2.0
509825,224787,Mazino,7603,KRÜ,VISA KRÜ (KRÜ Esports),0.71,0.93,165.0,134.0,5.0,3.0,10.0,3.0,4.0,0.0,50.0,50.0,119.0,79.0,32.0,25.0,0.0,0.0,1.0,0.0
509825,224787,Melser,1311,KRÜ,VISA KRÜ (KRÜ Esports),0.55,0.39,136.0,90.0,5.0,2.0,11.0,4.0,6.0,1.0,75.0,33.0,82.0,56.0,46.0,0.0,2.0,0.0,1.0,1.0
509825,224787,Dantedeu5,41135,KRÜ,VISA KRÜ (KRÜ Esports),0.15,0.41,71.0,83.0,2.0,2.0,11.0,4.0,5.0,0.0,67.0,50.0,46.0,46.0,0.0,10.0,1.0,0.0,3.0,1.0
509825,224787,Ethan,11225,NRG,NRG,2.22,1.38,336.0,294.0,8.0,12.0,3.0,8.0,2.0,5.0,83.0,75.0,174.0,213.0,44.0,24.0,2.0,2.0,0.0,0.0
509825,224787,skuba,11118,NRG,NRG,0.94,1.49,162.0,266.0,3.0,13.0,4.0,5.0,4.0,3.0,83.0,75.0,130.0,181.0,24.0,21.0,0.0,0.0,0.0,1.0
509825,224787,s0m,4164,NRG,NRG,0.69,1.54,159.0,237.0,3.0,9.0,5.0,5.0,2.0,10.0,83.0,83.0,104.0,163.0,50.0,21.0,1.0,3.0,1.0,2.0
509825,224787,mada,5132,NRG,NRG,0.7,1.44,180.0,202.0,4.0,10.0,4.0,4.0,0.0,3.0,33.0,92.0,95.0,122.0,43.0,32.0,1.0,0.0,1.0,1.0
509825,224787,brawk,2172,NRG,NRG,0.46,1.43,60.0,206.0,1.0,10.0,4.0,6.0,0.0,5.0,50.0,92.0,51.0,127.0,20.0,17.0,0.0,2.0,0.0,1.0
509826,224788,Cryocells,4147,100T,100 Thieves,1.24,1.8,261.0,305.0,10.0,15.0,10.0,5.0,4.0,3.0,75.0,82.0,169.0,217.0,32.0,48.0,2.0,3.0,0.0,0.0
509826,224788,Kess,9094,100T,100 Thieves,1.06,1.38,206.0,201.0,9.0,9.0,10.0,4.0,3.0,2.0,67.0,100.0,133.0,120.0,53.0,40.0,1.0,1.0,0.0,0.0
509826,224788,eeiu,796,100T,100 Thieves,0.33,1.82,53.0,306.0,2.0,12.0,9.0,4.0,2.0,4.0,50.0,82.0,40.0,224.0,40.0,20.0,0.0,3.0,0.0,0.0
509826,224788,zander,8082,100T,100 Thieves,0.6,1.4,168.0,313.0,7.0,12.0,10.0,7.0,4.0,7.0,58.0,91.0,99.0,210.0,35.0,24.0,2.0,2.0,4.0,2.0
509826,224788,Asuna,601,100T,100 Thieves,0.41,0.83,132.0,115.0,4.0,4.0,11.0,6.0,1.0,3.0,58.0,82.0,98.0,92.0,12.0,16.0,1.0,0.0,2.0,0.0
509826,224788,tex,1818,LEV,LEVIATÁN,0.93,1.83,184.0,341.0,6.0,15.0,9.0,6.0,2.0,2.0,73.0,75.0,119.0,202.0,54.0,58.0,0.0,1.0,1.0,1.0
509826,224788,C0M,619,LEV,LEVIATÁN,0.39,1.69,145.0,265.0,5.0,11.0,11.0,5.0,2.0,6.0,45.0,83.0,110.0,185.0,33.0,48.0,0.0,2.0,1.0,0.0
509826,224788,Sato,21659,LEV,LEVIATÁN,1.03,0.66,222.0,182.0,9.0,7.0,10.0,9.0,2.0,3.0,64.0,75.0,143.0,120.0,56.0,44.0,1.0,1.0,2.0,3.0
509826,224788,kiNgg,8549,LEV,LEVIATÁN,0.55,1.09,130.0,122.0,4.0,5.0,11.0,5.0,4.0,7.0,64.0,83.0,87.0,82.0,22.0,22.0,0.0,0.0,0.0,2.0
509826,224788,Okeanos,8373,LEV,LEVIATÁN,0.11,1.23,96.0,272.0,2.0,12.0,11.0,7.0,3.0,2.0,45.0,58.0,75.0,195.0,19.0,31.0,1.0,2.0,5.0,0.0
509826,224789,Cryocells,4147,100T,100 Thieves,1.36,0.74,259.0,230.0,11.0,9.0,9.0,11.0,2.0,3.0,64.0,67.0,167.0,143.0,28.0,11.0,1.0,3.0,2.0,1.0
509826,224789,zander,8082,100T,100 Thieves,0.73,1.16,209.0,219.0,7.0,9.0,11.0,8.0,4.0,4.0,73.0,67.0,154.0,154.0,17.0,50.0,1.0,0.0,1.0,2.0
509826,224789,Asuna,601,100T,100 Thieves,0.6,1.04,182.0,203.0,7.0,8.0,9.0,8.0,0.0,4.0,55.0,75.0,101.0,115.0,19.0,20.0,2.0,1.0,1.0,3.0
509826,224789,Kess,9094,100T,100 Thieves,0.83,0.54,192.0,90.0,8.0,3.0,9.0,8.0,2.0,1.0,73.0,67.0,124.0,71.0,58.0,36.0,1.0,0.0,1.0,0.0
509826,224789,eeiu,796,100T,100 Thieves,0.43,0.74,100.0,165.0,4.0,7.0,9.0,9.0,0.0,4.0,55.0,83.0,89.0,100.0,21.0,29.0,0.0,1.0,1.0,1.0
509826,224789,Okeanos,8373,LEV,LEVIATÁN,1.62,1.17,237.0,200.0,10.0,7.0,6.0,7.0,13.0,8.0,92.0,82.0,142.0,162.0,24.0,29.0,0.0,0.0,0.0,0.0
509826,224789,Sato,21659,LEV,LEVIATÁN,0.89,1.67,234.0,342.0,10.0,13.0,9.0,8.0,3.0,6.0,75.0,91.0,134.0,233.0,30.0,38.0,3.0,0.0,2.0,1.0
509826,224789,C0M,619,LEV,LEVIATÁN,1.41,1.04,265.0,238.0,11.0,10.0,7.0,8.0,4.0,3.0,92.0,64.0,171.0,136.0,42.0,42.0,1.0,3.0,0.0,3.0
509826,224789,kiNgg,8549,LEV,LEVIATÁN,1.05,1.33,159.0,232.0,6.0,9.0,8.0,7.0,7.0,5.0,75.0,91.0,112.0,135.0,27.0,29.0,0.0,2.0,1.0,0.0
509826,224789,tex,1818,LEV,LEVIATÁN,1.08,1.0,138.0,219.0,7.0,8.0,6.0,7.0,2.0,5.0,83.0,82.0,102.0,150.0,33.0,38.0,3.0,1.0,2.0,1.0
509826,224790,Asuna,601,100T,100 Thieves,0.71,1.07,194.0,265.0,7.0,3.0,11.0,2.0,2.0,1.0,58.0,67.0,132.0,126.0,28.0,33.0,1.0,0.0,2.0,0.0
509826,224790,Cryocells,4147,100T,100 Thieves,0.83,0.18,164.0,110.0,7.0,1.0,9.0,3.0,0.0,0.0,50.0,33.0,112.0,75.0,41.0,25.0,1.0,0.0,2.0,0.0
509826,224790,zander,8082,100T,100 Thieves,0.58,0.36,182.0,119.0,6.0,1.0,12.0,3.0,4.0,0.0,58.0,33.0,107.0,76.0,32.0,13.0,0.0,0.0,1.0,0.0
509826,224790,eeiu,796,100T,100 Thieves,0.52,0.25,143.0,103.0,6.0,1.0,11.0,3.0,1.0,1.0,75.0,33.0,81.0,67.0,45.0,0.0,1.0,0.0,3.0,1.0
509826,224790,Kess,9094,100T,100 Thieves,0.35,0.07,114.0,142.0,4.0,1.0,11.0,3.0,2.0,0.0,50.0,33.0,79.0,100.0,33.0,11.0,0.0,0.0,1.0,2.0
509826,224790,Sato,21659,LEV,LEVIATÁN,2.29,2.23,424.0,457.0,5.0,19.0,1.0,6.0,0.0,2.0,100.0,75.0,259.0,287.0,42.0,29.0,2.0,1.0,0.0,1.0
509826,224790,tex,1818,LEV,LEVIATÁN,1.82,1.17,313.0,165.0,3.0,7.0,1.0,5.0,2.0,5.0,100.0,100.0,176.0,109.0,50.0,16.0,1.0,2.0,0.0,1.0
509826,224790,C0M,619,LEV,LEVIATÁN,0.96,1.36,83.0,221.0,1.0,9.0,1.0,6.0,1.0,5.0,100.0,83.0,51.0,186.0,25.0,37.0,0.0,2.0,0.0,0.0
509826,224790,Okeanos,8373,LEV,LEVIATÁN,1.6,1.11,255.0,199.0,4.0,10.0,1.0,7.0,0.0,3.0,100.0,75.0,167.0,142.0,36.0,29.0,0.0,2.0,0.0,1.0
509826,224790,kiNgg,8549,LEV,LEVIATÁN,0.64,1.12,143.0,168.0,1.0,9.0,3.0,6.0,2.0,5.0,100.0,83.0,103.0,84.0,13.0,15.0,0.0,2.0,0.0,0.0
509827,224791,adverso,3826,FUR,FURIA,0.44,1.24,158.0,239.0,4.0,9.0,7.0,8.0,2.0,6.0,71.0,67.0,75.0,157.0,17.0,20.0,1.0,1.0,0.0,0.0
509827,224791,Palla,15681,FUR,FURIA,1.28,0.75,289.0,167.0,7.0,7.0,6.0,10.0,1.0,4.0,57.0,67.0,189.0,122.0,35.0,35.0,1.0,2.0,3.0,4.0
509827,224791,Urango,6238,FUR,FURIA,1.15,0.65,213.0,176.0,5.0,8.0,6.0,11.0,4.0,2.0,100.0,58.0,108.0,121.0,43.0,53.0,0.0,0.0,0.0,3.0
509827,224791,tuyz,2408,FUR,FURIA,0.5,0.69,185.0,137.0,4.0,6.0,7.0,10.0,0.0,4.0,43.0,58.0,146.0,87.0,12.0,29.0,0.0,0.0,0.0,0.0
509827,224791,heat,8673,FUR,FURIA,0.01,0.39,48.0,72.0,1.0,3.0,8.0,10.0,1.0,2.0,43.0,42.0,38.0,66.0,100.0,25.0,0.0,1.0,2.0,1.0
509827,224791,NaturE,4927,EG,Evil Geniuses,1.24,1.65,231.0,252.0,9.0,5.0,7.0,2.0,4.0,11.0,83.0,100.0,164.0,158.0,30.0,13.0,1.0,1.0,0.0,0.0
509827,224791,yay,881,EG,Evil Geniuses,0.92,2.15,164.0,481.0,6.0,12.0,7.0,5.0,2.0,2.0,67.0,86.0,110.0,272.0,24.0,38.0,2.0,2.0,2.0,0.0
509827,224791,icy,8402,EG,Evil Geniuses,1.59,0.97,309.0,162.0,15.0,5.0,6.0,5.0,1.0,2.0,83.0,86.0,172.0,140.0,45.0,20.0,2.0,1.0,2.0,1.0
509827,224791,Derrek,1533,EG,Evil Geniuses,1.21,1.51,236.0,319.0,9.0,8.0,8.0,4.0,6.0,3.0,92.0,86.0,131.0,200.0,33.0,29.0,2.0,1.0,0.0,0.0
509827,224791,supamen,826,EG,Evil Geniuses,1.38,0.68,215.0,135.0,10.0,4.0,5.0,5.0,2.0,1.0,67.0,71.0,162.0,80.0,50.0,20.0,1.0,0.0,0.0,1.0
509827,224792,heat,8673,FUR,FURIA,0.99,1.35,171.0,240.0,8.0,8.0,9.0,6.0,4.0,2.0,83.0,60.0,102.0,165.0,8.0,31.0,2.0,2.0,1.0,3.0
509827,224792,Palla,15681,FUR,FURIA,1.4,0.84,293.0,139.0,11.0,6.0,9.0,6.0,3.0,1.0,83.0,50.0,185.0,92.0,50.0,38.0,2.0,2.0,2.0,2.0
509827,224792,tuyz,2408,FUR,FURIA,0.97,0.98,181.0,184.0,9.0,6.0,9.0,8.0,4.0,5.0,75.0,70.0,122.0,136.0,23.0,17.0,0.0,0.0,0.0,0.0
509827,224792,adverso,3826,FUR,FURIA,0.3,0.9,126.0,142.0,5.0,5.0,11.0,7.0,2.0,2.0,58.0,70.0,82.0,87.0,20.0,19.0,1.0,0.0,2.0,0.0
509827,224792,Urango,6238,FUR,FURIA,0.44,0.53,149.0,165.0,6.0,5.0,11.0,9.0,4.0,1.0,67.0,90.0,119.0,116.0,35.0,38.0,0.0,0.0,2.0,1.0
509827,224792,supamen,826,EG,Evil Geniuses,2.04,1.3,330.0,203.0,13.0,8.0,4.0,7.0,6.0,13.0,90.0,92.0,211.0,115.0,43.0,32.0,1.0,1.0,0.0,1.0
509827,224792,yay,881,EG,Evil Geniuses,1.11,1.37,269.0,357.0,9.0,14.0,7.0,10.0,3.0,3.0,70.0,58.0,181.0,233.0,25.0,17.0,4.0,2.0,2.0,4.0
509827,224792,icy,8402,EG,Evil Geniuses,0.77,1.57,133.0,264.0,5.0,13.0,7.0,7.0,2.0,3.0,80.0,83.0,96.0,159.0,42.0,18.0,0.0,2.0,1.0,0.0
509827,224792,Derrek,1533,EG,Evil Geniuses,0.88,1.07,112.0,225.0,4.0,9.0,5.0,9.0,2.0,7.0,80.0,75.0,102.0,158.0,20.0,12.0,0.0,1.0,1.0,0.0
509827,224792,NaturE,4927,EG,Evil Geniuses,0.91,0.95,164.0,117.0,5.0,4.0,7.0,6.0,10.0,10.0,100.0,83.0,101.0,83.0,8.0,4.0,1.0,1.0,0.0,0.0
509829,224794,spike,21661,2G,2Game Esports,1.54,1.2,344.0,271.0,12.0,12.0,6.0,9.0,3.0,4.0,90.0,83.0,201.0,160.0,17.0,21.0,5.0,5.0,1.0,4.0
509829,224794,pryze,662,2G,2Game Esports,1.3,1.11,242.0,215.0,9.0,7.0,6.0,9.0,2.0,8.0,70.0,67.0,167.0,144.0,38.0,28.0,1.0,1.0,0.0,0.0
509829,224794,silentzz,11921,2G,2Game Esports,1.44,0.89,212.0,191.0,8.0,9.0,4.0,9.0,2.0,3.0,80.0,67.0,142.0,139.0,47.0,50.0,0.0,0.0,1.0,0.0
509829,224794,gobera,14950,2G,2Game Esports,0.9,1.31,148.0,223.0,6.0,10.0,6.0,8.0,6.0,6.0,60.0,75.0,85.0,145.0,19.0,39.0,0.0,0.0,1.0,0.0
509829,224794,lz,6195,2G,2Game Esports,1.21,0.71,154.0,96.0,6.0,4.0,2.0,6.0,5.0,2.0,100.0,67.0,80.0,68.0,23.0,36.0,1.0,1.0,0.0,1.0
509829,224794,N4RRATE,36245,SEN,Sentinels,1.44,1.07,287.0,267.0,13.0,7.0,8.0,9.0,3.0,4.0,75.0,50.0,201.0,182.0,27.0,17.0,1.0,2.0,1.0,2.0
509829,224794,zekken,4004,SEN,Sentinels,1.49,0.26,323.0,33.0,14.0,1.0,8.0,7.0,2.0,1.0,75.0,40.0,216.0,40.0,29.0,10.0,2.0,0.0,3.0,3.0
509829,224794,johnqt,1265,SEN,Sentinels,0.79,0.88,179.0,153.0,7.0,6.0,9.0,7.0,3.0,2.0,58.0,70.0,138.0,109.0,21.0,46.0,0.0,0.0,3.0,0.0
509829,224794,bang,3880,SEN,Sentinels,0.51,0.84,126.0,245.0,4.0,8.0,9.0,9.0,4.0,4.0,58.0,80.0,81.0,133.0,14.0,19.0,1.0,0.0,0.0,0.0
509829,224794,Zellsis,729,SEN,Sentinels,0.69,0.3,89.0,69.0,3.0,2.0,8.0,9.0,6.0,4.0,75.0,50.0,49.0,50.0,30.0,10.0,1.0,1.0,0.0,2.0
509829,224795,silentzz,11921,2G,2Game Esports,0.63,1.68,106.0,236.0,3.0,5.0,9.0,3.0,4.0,1.0,58.0,100.0,85.0,163.0,21.0,33.0,0.0,0.0,0.0,0.0
509829,224795,lz,6195,2G,2Game Esports,0.94,0.11,194.0,24.0,8.0,0.0,10.0,4.0,4.0,2.0,58.0,60.0,105.0,19.0,27.0,50.0,0.0,0.0,2.0,1.0
509829,224795,spike,21661,2G,2Game Esports,0.19,1.23,113.0,340.0,3.0,6.0,11.0,4.0,1.0,1.0,25.0,80.0,74.0,190.0,11.0,31.0,1.0,2.0,8.0,1.0
509829,224795,pryze,662,2G,2Game Esports,0.53,0.38,189.0,151.0,6.0,2.0,12.0,5.0,2.0,2.0,33.0,40.0,132.0,105.0,23.0,7.0,0.0,0.0,1.0,1.0
509829,224795,gobera,14950,2G,2Game Esports,0.41,0.38,90.0,121.0,3.0,2.0,11.0,5.0,4.0,2.0,42.0,60.0,62.0,64.0,36.0,29.0,0.0,0.0,0.0,0.0
509829,224795,bang,3880,SEN,Sentinels,1.79,1.7,339.0,259.0,7.0,11.0,3.0,4.0,1.0,8.0,100.0,100.0,216.0,168.0,33.0,20.0,0.0,2.0,0.0,0.0
509829,224795,johnqt,1265,SEN,Sentinels,1.46,1.81,194.0,249.0,3.0,11.0,2.0,3.0,4.0,8.0,100.0,100.0,123.0,151.0,38.0,21.0,1.0,3.0,0.0,0.0
509829,224795,N4RRATE,36245,SEN,Sentinels,1.15,1.81,159.0,294.0,3.0,13.0,3.0,5.0,3.0,6.0,100.0,83.0,88.0,192.0,21.0,26.0,0.0,3.0,1.0,0.0
509829,224795,zekken,4004,SEN,Sentinels,1.69,1.19,355.0,264.0,6.0,11.0,3.0,6.0,1.0,2.0,100.0,75.0,208.0,164.0,24.0,14.0,2.0,2.0,0.0,1.0
509829,224795,Zellsis,729,SEN,Sentinels,0.18,1.06,89.0,139.0,2.0,7.0,4.0,5.0,0.0,6.0,40.0,75.0,78.0,68.0,50.0,19.0,0.0,1.0,1.0,0.0
509829,224796,silentzz,11921,2G,2Game Esports,1.5,1.07,335.0,255.0,6.0,10.0,4.0,9.0,0.0,1.0,60.0,58.0,214.0,179.0,55.0,62.0,1.0,1.0,1.0,3.0
509829,224796,spike,21661,2G,2Game Esports,0.57,1.09,123.0,248.0,3.0,10.0,4.0,9.0,0.0,0.0,40.0,58.0,78.0,151.0,50.0,39.0,1.0,3.0,1.0,3.0
509829,224796,lz,6195,2G,2Game Esports,0.41,0.93,72.0,134.0,1.0,5.0,5.0,8.0,2.0,4.0,60.0,67.0,39.0,97.0,50.0,43.0,1.0,0.0,0.0,1.0
509829,224796,gobera,14950,2G,2Game Esports,0.06,0.36,52.0,45.0,0.0,2.0,5.0,9.0,2.0,1.0,20.0,42.0,52.0,27.0,17.0,17.0,0.0,0.0,0.0,0.0
509829,224796,pryze,662,2G,2Game Esports,0.02,0.18,33.0,69.0,0.0,1.0,5.0,10.0,1.0,1.0,20.0,33.0,33.0,60.0,0.0,8.0,0.0,0.0,0.0,1.0
509829,224796,johnqt,1265,SEN,Sentinels,1.32,2.18,164.0,356.0,8.0,7.0,3.0,2.0,2.0,3.0,92.0,100.0,119.0,202.0,56.0,14.0,1.0,1.0,1.0,0.0
509829,224796,bang,3880,SEN,Sentinels,1.66,0.95,295.0,219.0,13.0,4.0,5.0,3.0,4.0,2.0,83.0,80.0,179.0,124.0,39.0,14.0,1.0,0.0,0.0,2.0
509829,224796,N4RRATE,36245,SEN,Sentinels,1.25,1.16,190.0,206.0,9.0,3.0,5.0,2.0,4.0,4.0,83.0,80.0,132.0,145.0,42.0,12.0,0.0,0.0,1.0,0.0
509829,224796,Zellsis,729,SEN,Sentinels,0.96,1.58,160.0,242.0,7.0,5.0,7.0,1.0,2.0,0.0,75.0,80.0,113.0,118.0,23.0,44.0,1.0,1.0,1.0,1.0
509829,224796,zekken,4004,SEN,Sentinels,0.92,1.65,199.0,220.0,8.0,4.0,8.0,2.0,1.0,3.0,58.0,100.0,112.0,137.0,41.0,0.0,5.0,0.0,1.0,0.0
509830,224797,BABYBAY,2170,G2,G2 Esports,1.61,1.41,292.0,206.0,13.0,8.0,8.0,4.0,0.0,1.0,67.0,89.0,187.0,141.0,24.0,0.0,1.0,2.0,1.0,0.0
509830,224797,jawgemo,3993,G2,G2 Esports,0.7,1.8,190.0,336.0,8.0,11.0,11.0,4.0,1.0,5.0,58.0,100.0,115.0,226.0,28.0,26.0,4.0,2.0,0.0,0.0
509830,224797,trent,15500,G2,G2 Esports,0.53,1.59,120.0,251.0,4.0,6.0,9.0,4.0,3.0,8.0,50.0,89.0,85.0,199.0,21.0,29.0,1.0,0.0,3.0,1.0
509830,224797,valyn,3885,G2,G2 Esports,0.9,1.08,177.0,175.0,7.0,6.0,9.0,5.0,5.0,5.0,75.0,89.0,107.0,98.0,29.0,9.0,0.0,1.0,1.0,1.0
509830,224797,JonahP,4581,G2,G2 Esports,0.34,1.39,141.0,195.0,6.0,7.0,11.0,3.0,1.0,4.0,67.0,67.0,87.0,115.0,8.0,15.0,0.0,1.0,1.0,1.0
509830,224797,OXY,18796,C9,Cloud9,0.84,1.79,206.0,357.0,6.0,16.0,8.0,7.0,2.0,0.0,56.0,92.0,137.0,195.0,40.0,53.0,2.0,3.0,3.0,1.0
509830,224797,v1c,17433,C9,Cloud9,0.81,0.86,111.0,219.0,4.0,10.0,6.0,9.0,3.0,1.0,67.0,75.0,60.0,140.0,25.0,31.0,0.0,1.0,0.0,1.0
509830,224797,Xeppaa,7871,C9,Cloud9,0.84,0.8,113.0,160.0,4.0,7.0,7.0,8.0,3.0,2.0,44.0,92.0,80.0,106.0,23.0,46.0,0.0,0.0,0.0,1.0
509830,224797,mitch,612,C9,Cloud9,0.04,1.23,64.0,238.0,1.0,9.0,8.0,7.0,3.0,1.0,56.0,75.0,48.0,167.0,10.0,26.0,1.0,2.0,2.0,1.0
509830,224797,neT,6582,C9,Cloud9,0.55,0.82,180.0,144.0,5.0,6.0,9.0,7.0,1.0,2.0,67.0,50.0,121.0,98.0,10.0,60.0,0.0,0.0,1.0,2.0
509830,224798,jawgemo,3993,G2,G2 Esports,1.1,1.57,224.0,351.0,9.0,15.0,7.0,9.0,1.0,7.0,80.0,92.0,141.0,207.0,38.0,16.0,1.0,3.0,1.0,1.0
509830,224798,BABYBAY,2170,G2,G2 Esports,0.86,1.4,180.0,270.0,5.0,11.0,7.0,7.0,4.0,4.0,50.0,83.0,115.0,165.0,19.0,16.0,1.0,2.0,2.0,1.0
509830,224798,valyn,3885,G2,G2 Esports,1.15,1.1,277.0,228.0,11.0,10.0,9.0,7.0,2.0,6.0,80.0,83.0,172.0,152.0,35.0,29.0,2.0,0.0,0.0,0.0
509830,224798,JonahP,4581,G2,G2 Esports,0.82,1.0,226.0,175.0,8.0,8.0,9.0,7.0,3.0,2.0,70.0,92.0,161.0,96.0,32.0,27.0,0.0,2.0,1.0,0.0
509830,224798,trent,15500,G2,G2 Esports,0.67,0.69,143.0,92.0,5.0,5.0,7.0,8.0,2.0,3.0,80.0,75.0,82.0,72.0,10.0,23.0,2.0,1.0,0.0,2.0
509830,224798,OXY,18796,C9,Cloud9,1.94,0.89,407.0,251.0,16.0,8.0,9.0,10.0,4.0,3.0,100.0,90.0,270.0,155.0,51.0,20.0,2.0,4.0,0.0,3.0
509830,224798,neT,6582,C9,Cloud9,0.69,1.52,116.0,237.0,5.0,10.0,9.0,6.0,2.0,1.0,58.0,100.0,74.0,129.0,15.0,33.0,2.0,0.0,4.0,0.0
509830,224798,v1c,17433,C9,Cloud9,0.84,1.03,173.0,266.0,7.0,9.0,10.0,7.0,5.0,3.0,67.0,70.0,109.0,207.0,17.0,30.0,0.0,0.0,0.0,1.0
509830,224798,Xeppaa,7871,C9,Cloud9,0.43,1.25,124.0,238.0,4.0,9.0,10.0,7.0,4.0,5.0,75.0,80.0,82.0,145.0,14.0,21.0,0.0,0.0,2.0,0.0
509830,224798,mitch,612,C9,Cloud9,0.49,0.45,151.0,119.0,6.0,3.0,11.0,8.0,3.0,5.0,58.0,80.0,105.0,72.0,19.0,6.0,0.0,0.0,2.0,2.0
509831,224800,xenom,20240,MIBR,MIBR,0.41,2.05,110.0,360.0,3.0,17.0,10.0,5.0,5.0,4.0,58.0,83.0,76.0,225.0,27.0,40.0,1.0,4.0,0.0,0.0
509831,224800,aspas,8480,MIBR,MIBR,1.2,1.24,294.0,257.0,11.0,11.0,11.0,6.0,3.0,1.0,67.0,92.0,196.0,155.0,48.0,35.0,3.0,4.0,0.0,0.0
509831,224800,cortezia,5395,MIBR,MIBR,0.47,1.06,59.0,245.0,2.0,9.0,9.0,8.0,3.0,5.0,58.0,92.0,54.0,171.0,25.0,21.0,0.0,1.0,3.0,0.0
509831,224800,artzin,5957,MIBR,MIBR,0.58,0.92,117.0,155.0,5.0,7.0,10.0,6.0,2.0,2.0,58.0,75.0,97.0,120.0,32.0,17.0,0.0,0.0,2.0,3.0
509831,224800,Verno,21668,MIBR,MIBR,0.74,0.7,161.0,81.0,8.0,4.0,10.0,5.0,1.0,1.0,50.0,75.0,96.0,52.0,27.0,25.0,1.0,0.0,2.0,0.0
509831,224800,cauanzin,6193,LOUD,LOUD,1.12,1.38,193.0,246.0,9.0,12.0,8.0,6.0,3.0,4.0,83.0,75.0,123.0,161.0,19.0,36.0,0.0,1.0,1.0,2.0
509831,224800,Virtyy,3983,LOUD,LOUD,0.75,1.57,165.0,233.0,7.0,11.0,10.0,4.0,0.0,1.0,58.0,92.0,115.0,159.0,35.0,56.0,2.0,2.0,4.0,0.0
509831,224800,pANcada,683,LOUD,LOUD,0.42,1.65,83.0,210.0,3.0,9.0,9.0,4.0,0.0,7.0,33.0,92.0,51.0,167.0,0.0,43.0,0.0,1.0,1.0,0.0
509831,224800,lukxo,28716,LOUD,LOUD,0.84,0.91,194.0,210.0,7.0,8.0,10.0,9.0,2.0,7.0,67.0,67.0,129.0,132.0,32.0,26.0,1.0,3.0,1.0,3.0
509831,224800,RobbieBk,5893,LOUD,LOUD,0.29,1.28,105.0,233.0,4.0,10.0,11.0,6.0,2.0,2.0,42.0,92.0,78.0,165.0,33.0,45.0,0.0,0.0,2.0,0.0
509831,224801,xenom,20240,MIBR,MIBR,1.29,1.38,164.0,231.0,7.0,11.0,5.0,6.0,3.0,2.0,91.0,83.0,105.0,147.0,38.0,27.0,2.0,1.0,0.0,0.0
509831,224801,aspas,8480,MIBR,MIBR,1.56,1.02,339.0,222.0,13.0,10.0,6.0,8.0,3.0,2.0,73.0,67.0,208.0,162.0,31.0,32.0,3.0,2.0,2.0,2.0
509831,224801,cortezia,5395,MIBR,MIBR,1.74,0.55,333.0,128.0,15.0,7.0,5.0,9.0,0.0,1.0,82.0,75.0,217.0,79.0,39.0,29.0,0.0,0.0,0.0,1.0
509831,224801,Verno,21668,MIBR,MIBR,0.96,1.14,169.0,255.0,6.0,9.0,6.0,8.0,4.0,8.0,73.0,83.0,133.0,166.0,17.0,33.0,0.0,3.0,0.0,1.0
509831,224801,artzin,5957,MIBR,MIBR,0.65,1.16,144.0,240.0,5.0,10.0,7.0,8.0,2.0,1.0,73.0,75.0,99.0,165.0,11.0,46.0,1.0,1.0,3.0,1.0
509831,224801,lukxo,28716,LOUD,LOUD,1.48,0.42,240.0,133.0,12.0,5.0,8.0,11.0,2.0,1.0,67.0,55.0,136.0,82.0,43.0,31.0,1.0,1.0,2.0,1.0
509831,224801,cauanzin,6193,LOUD,LOUD,0.98,0.93,239.0,179.0,9.0,7.0,10.0,9.0,6.0,8.0,75.0,64.0,161.0,95.0,32.0,18.0,1.0,1.0,0.0,0.0
509831,224801,Virtyy,3983,LOUD,LOUD,0.72,0.9,143.0,193.0,6.0,7.0,10.0,9.0,3.0,1.0,75.0,36.0,89.0,129.0,22.0,31.0,2.0,0.0,3.0,2.0
509831,224801,RobbieBk,5893,LOUD,LOUD,0.54,1.02,93.0,208.0,4.0,8.0,9.0,9.0,2.0,1.0,58.0,55.0,67.0,119.0,50.0,33.0,1.0,3.0,2.0,1.0
509831,224801,pANcada,683,LOUD,LOUD,1.09,0.35,199.0,74.0,8.0,2.0,10.0,8.0,7.0,1.0,83.0,55.0,149.0,66.0,45.0,30.0,0.0,0.0,0.0,2.0
530902,231348,kiNgg,8549,LEV,LEVIATÁN,0.69,1.71,160.0,309.0,5.0,14.0,10.0,4.0,2.0,4.0,64.0,92.0,120.0,173.0,30.0,38.0,0.0,2.0,2.0,0.0
530902,231348,Sato,21659,LEV,LEVIATÁN,0.94,1.0,256.0,245.0,9.0,12.0,10.0,8.0,0.0,0.0,55.0,83.0,168.0,157.0,36.0,50.0,2.0,2.0,4.0,1.0
530902,231348,Okeanos,8373,LEV,LEVIATÁN,0.55,1.32,145.0,281.0,4.0,12.0,10.0,8.0,4.0,7.0,55.0,92.0,99.0,200.0,17.0,35.0,0.0,1.0,0.0,0.0
530902,231348,tex,1818,LEV,LEVIATÁN,0.74,0.58,183.0,96.0,7.0,5.0,10.0,7.0,0.0,2.0,36.0,75.0,111.0,77.0,25.0,6.0,1.0,1.0,2.0,2.0
530902,231348,C0M,619,LEV,LEVIATÁN,0.07,0.94,35.0,207.0,1.0,8.0,10.0,7.0,2.0,4.0,27.0,92.0,23.0,128.0,0.0,23.0,0.0,3.0,0.0,0.0
530902,231348,neT,6582,C9,Cloud9,1.48,1.11,263.0,138.0,11.0,6.0,8.0,4.0,3.0,2.0,67.0,100.0,165.0,95.0,38.0,33.0,0.0,1.0,0.0,1.0
530902,231348,mitch,612,C9,Cloud9,0.8,1.75,166.0,299.0,6.0,11.0,10.0,5.0,5.0,12.0,75.0,91.0,98.0,176.0,32.0,15.0,1.0,0.0,4.0,1.0
530902,231348,v1c,17433,C9,Cloud9,1.04,1.13,203.0,184.0,8.0,7.0,10.0,6.0,1.0,7.0,83.0,100.0,136.0,131.0,50.0,21.0,1.0,1.0,1.0,0.0
530902,231348,OXY,18796,C9,Cloud9,0.05,2.17,66.0,397.0,2.0,16.0,12.0,5.0,1.0,4.0,58.0,91.0,48.0,264.0,25.0,32.0,1.0,4.0,4.0,1.0
530902,231348,Xeppaa,7871,C9,Cloud9,0.7,1.19,186.0,229.0,7.0,10.0,11.0,6.0,3.0,6.0,75.0,91.0,126.0,156.0,9.0,19.0,0.0,2.0,0.0,0.0
530902,231349,Sato,21659,LEV,LEVIATÁN,2.46,1.24,479.0,297.0,19.0,11.0,5.0,10.0,2.0,2.0,82.0,83.0,274.0,201.0,28.0,27.0,4.0,3.0,1.0,1.0
530902,231349,Okeanos,8373,LEV,LEVIATÁN,1.38,1.09,250.0,231.0,10.0,10.0,5.0,9.0,2.0,1.0,91.0,83.0,173.0,165.0,26.0,35.0,1.0,3.0,1.0,0.0
530902,231349,kiNgg,8549,LEV,LEVIATÁN,0.97,1.02,149.0,244.0,4.0,10.0,6.0,10.0,11.0,3.0,100.0,58.0,105.0,170.0,21.0,37.0,1.0,0.0,2.0,1.0
530902,231349,C0M,619,LEV,LEVIATÁN,1.35,0.64,196.0,151.0,11.0,6.0,4.0,6.0,1.0,1.0,100.0,67.0,117.0,108.0,26.0,33.0,1.0,0.0,0.0,2.0
530902,231349,tex,1818,LEV,LEVIATÁN,1.0,0.4,97.0,118.0,5.0,4.0,4.0,9.0,2.0,4.0,91.0,67.0,63.0,78.0,27.0,10.0,0.0,1.0,0.0,1.0
530902,231349,neT,6582,C9,Cloud9,1.49,0.5,288.0,177.0,12.0,6.0,8.0,11.0,3.0,2.0,83.0,55.0,170.0,115.0,38.0,55.0,2.0,1.0,0.0,2.0
530902,231349,OXY,18796,C9,Cloud9,1.63,0.24,343.0,77.0,16.0,2.0,7.0,11.0,2.0,3.0,83.0,45.0,207.0,55.0,58.0,33.0,3.0,1.0,1.0,2.0
530902,231349,v1c,17433,C9,Cloud9,0.26,0.94,63.0,200.0,2.0,8.0,9.0,9.0,5.0,0.0,67.0,64.0,45.0,138.0,9.0,53.0,0.0,2.0,2.0,0.0
530902,231349,Xeppaa,7871,C9,Cloud9,0.74,0.38,188.0,146.0,8.0,5.0,9.0,8.0,2.0,1.0,75.0,55.0,132.0,85.0,38.0,35.0,0.0,0.0,2.0,0.0
530902,231349,mitch,612,C9,Cloud9,0.79,0.17,117.0,100.0,6.0,3.0,8.0,10.0,4.0,2.0,83.0,45.0,82.0,71.0,7.0,20.0,0.0,0.0,2.0,3.0
530902,231350,Okeanos,8373,LEV,LEVIATÁN,2.13,1.35,410.0,289.0,18.0,12.0,7.0,9.0,4.0,4.0,92.0,58.0,293.0,160.0,23.0,48.0,0.0,3.0,2.0,2.0
530902,231350,kiNgg,8549,LEV,LEVIATÁN,1.14,0.63,217.0,155.0,9.0,6.0,8.0,10.0,5.0,3.0,83.0,58.0,145.0,107.0,30.0,13.0,2.0,0.0,0.0,2.0
530902,231350,tex,1818,LEV,LEVIATÁN,0.73,0.59,135.0,118.0,6.0,4.0,9.0,9.0,1.0,2.0,75.0,58.0,88.0,80.0,43.0,45.0,1.0,0.0,0.0,0.0
530902,231350,Sato,21659,LEV,LEVIATÁN,0.09,1.08,92.0,264.0,4.0,12.0,11.0,10.0,1.0,0.0,50.0,67.0,59.0,162.0,25.0,25.0,1.0,2.0,6.0,0.0
530902,231350,C0M,619,LEV,LEVIATÁN,0.74,0.32,137.0,121.0,7.0,4.0,7.0,10.0,1.0,3.0,92.0,75.0,98.0,85.0,26.0,44.0,0.0,2.0,0.0,1.0
530902,231350,v1c,17433,C9,Cloud9,1.51,0.98,240.0,165.0,11.0,7.0,6.0,8.0,5.0,4.0,92.0,75.0,162.0,108.0,26.0,37.0,0.0,1.0,0.0,1.0
530902,231350,Xeppaa,7871,C9,Cloud9,1.1,1.08,240.0,231.0,10.0,10.0,9.0,8.0,3.0,1.0,83.0,75.0,172.0,143.0,38.0,30.0,2.0,2.0,0.0,1.0
530902,231350,mitch,612,C9,Cloud9,0.98,1.13,165.0,211.0,6.0,9.0,8.0,7.0,9.0,3.0,83.0,92.0,113.0,133.0,50.0,41.0,0.0,2.0,3.0,0.0
530902,231350,OXY,18796,C9,Cloud9,1.44,0.6,275.0,171.0,12.0,7.0,7.0,11.0,3.0,2.0,100.0,75.0,184.0,106.0,18.0,26.0,2.0,2.0,3.0,2.0
530902,231350,neT,6582,C9,Cloud9,1.0,1.01,186.0,223.0,9.0,9.0,8.0,10.0,2.0,3.0,67.0,83.0,111.0,152.0,40.0,31.0,1.0,1.0,1.0,0.0
530903,231351,BABYBAY,2170,G2,G2 Esports,1.8,1.44,385.0,239.0,6.0,10.0,4.0,5.0,3.0,4.0,80.0,100.0,297.0,158.0,20.0,20.0,1.0,3.0,1.0,0.0
530903,231351,jawgemo,3993,G2,G2 Esports,1.4,1.59,269.0,315.0,5.0,13.0,3.0,8.0,0.0,4.0,80.0,92.0,138.0,206.0,23.0,41.0,2.0,5.0,0.0,0.0
530903,231351,valyn,3885,G2,G2 Esports,0.51,1.53,57.0,254.0,2.0,11.0,3.0,6.0,0.0,8.0,40.0,92.0,37.0,166.0,50.0,33.0,0.0,0.0,1.0,0.0
530903,231351,trent,15500,G2,G2 Esports,0.96,1.31,175.0,176.0,3.0,10.0,4.0,5.0,4.0,3.0,100.0,92.0,102.0,127.0,27.0,28.0,0.0,1.0,0.0,1.0
530903,231351,JonahP,4581,G2,G2 Esports,1.18,1.22,123.0,223.0,2.0,10.0,3.0,6.0,3.0,5.0,60.0,100.0,118.0,145.0,36.0,19.0,0.0,2.0,0.0,0.0
530903,231351,eeiu,796,100T,100 Thieves,1.25,0.51,258.0,110.0,12.0,2.0,10.0,4.0,1.0,1.0,75.0,80.0,179.0,76.0,52.0,20.0,1.0,0.0,0.0,1.0
530903,231351,Cryocells,4147,100T,100 Thieves,0.64,1.7,174.0,383.0,7.0,6.0,11.0,3.0,4.0,1.0,75.0,100.0,130.0,247.0,75.0,17.0,0.0,1.0,1.0,0.0
530903,231351,zander,8082,100T,100 Thieves,0.55,0.79,117.0,220.0,5.0,4.0,10.0,5.0,3.0,3.0,58.0,80.0,68.0,130.0,13.0,36.0,0.0,0.0,2.0,0.0
530903,231351,Asuna,601,100T,100 Thieves,0.21,0.86,103.0,179.0,3.0,3.0,12.0,3.0,5.0,2.0,75.0,60.0,82.0,121.0,32.0,17.0,0.0,1.0,7.0,1.0
530903,231351,Kess,9094,100T,100 Thieves,0.28,0.55,81.0,101.0,3.0,2.0,11.0,3.0,1.0,0.0,50.0,60.0,45.0,71.0,19.0,14.0,0.0,0.0,1.0,1.0
530903,231352,jawgemo,3993,G2,G2 Esports,2.02,1.15,425.0,187.0,20.0,5.0,6.0,3.0,4.0,0.0,92.0,83.0,241.0,105.0,16.0,20.0,1.0,0.0,1.0,0.0
530903,231352,JonahP,4581,G2,G2 Esports,1.32,1.24,207.0,224.0,10.0,5.0,6.0,3.0,2.0,2.0,100.0,83.0,115.0,129.0,17.0,36.0,3.0,3.0,0.0,1.0
530903,231352,BABYBAY,2170,G2,G2 Esports,1.16,1.51,222.0,274.0,9.0,6.0,7.0,4.0,3.0,4.0,83.0,100.0,149.0,178.0,22.0,26.0,3.0,2.0,0.0,0.0
530903,231352,trent,15500,G2,G2 Esports,0.74,1.63,146.0,238.0,6.0,6.0,9.0,2.0,3.0,2.0,83.0,100.0,120.0,155.0,18.0,38.0,0.0,0.0,1.0,0.0
530903,231352,valyn,3885,G2,G2 Esports,0.89,0.58,128.0,213.0,5.0,5.0,6.0,6.0,6.0,2.0,92.0,83.0,99.0,132.0,31.0,10.0,2.0,0.0,1.0,0.0
530903,231352,eeiu,796,100T,100 Thieves,0.96,1.43,192.0,289.0,5.0,13.0,5.0,10.0,0.0,1.0,100.0,75.0,105.0,186.0,30.0,50.0,0.0,1.0,2.0,0.0
530903,231352,Kess,9094,100T,100 Thieves,1.03,0.57,231.0,145.0,5.0,6.0,5.0,11.0,0.0,2.0,50.0,58.0,140.0,86.0,44.0,38.0,1.0,1.0,1.0,1.0
530903,231352,Cryocells,4147,100T,100 Thieves,0.97,0.5,266.0,123.0,5.0,5.0,6.0,10.0,3.0,3.0,83.0,67.0,186.0,75.0,31.0,33.0,0.0,1.0,0.0,4.0
530903,231352,zander,8082,100T,100 Thieves,0.75,0.52,156.0,142.0,3.0,5.0,5.0,11.0,2.0,8.0,67.0,67.0,118.0,96.0,17.0,26.0,0.0,0.0,1.0,1.0
530903,231352,Asuna,601,100T,100 Thieves,0.02,0.81,51.0,134.0,0.0,5.0,6.0,8.0,2.0,2.0,83.0,75.0,51.0,83.0,14.0,8.0,0.0,0.0,1.0,3.0
530904,231354,C0M,619,LEV,LEVIATÁN,0.8,1.88,97.0,351.0,5.0,15.0,7.0,7.0,1.0,5.0,54.0,85.0,60.0,240.0,31.0,21.0,1.0,1.0,0.0,0.0
530904,231354,Okeanos,8373,LEV,LEVIATÁN,1.39,1.14,249.0,147.0,12.0,7.0,9.0,6.0,5.0,7.0,77.0,85.0,162.0,95.0,34.0,54.0,3.0,0.0,2.0,1.0
530904,231354,kiNgg,8549,LEV,LEVIATÁN,1.5,0.94,237.0,150.0,10.0,6.0,7.0,6.0,4.0,1.0,54.0,85.0,150.0,101.0,24.0,28.0,0.0,0.0,0.0,0.0
530904,231354,Sato,21659,LEV,LEVIATÁN,1.03,1.25,253.0,290.0,11.0,13.0,11.0,10.0,3.0,1.0,69.0,77.0,168.0,196.0,30.0,44.0,3.0,3.0,2.0,3.0
530904,231354,tex,1818,LEV,LEVIATÁN,0.51,0.48,94.0,127.0,4.0,6.0,9.0,10.0,1.0,0.0,62.0,62.0,71.0,74.0,18.0,31.0,0.0,2.0,2.0,3.0
530904,231354,Mazino,7603,KRÜ,VISA KRÜ (KRÜ Esports),1.46,0.96,319.0,210.0,13.0,9.0,8.0,8.0,4.0,4.0,85.0,77.0,195.0,152.0,43.0,29.0,1.0,2.0,1.0,1.0
530904,231354,Dantedeu5,41135,KRÜ,VISA KRÜ (KRÜ Esports),0.68,1.28,167.0,284.0,7.0,13.0,10.0,8.0,1.0,2.0,62.0,69.0,93.0,185.0,38.0,38.0,4.0,2.0,1.0,2.0
530904,231354,Shyy,24007,KRÜ,VISA KRÜ (KRÜ Esports),0.98,0.81,168.0,165.0,8.0,7.0,7.0,9.0,2.0,3.0,69.0,62.0,111.0,104.0,47.0,32.0,0.0,1.0,1.0,1.0
530904,231354,keznit,2462,KRÜ,VISA KRÜ (KRÜ Esports),0.6,1.02,181.0,227.0,7.0,10.0,12.0,8.0,3.0,1.0,46.0,85.0,127.0,144.0,16.0,21.0,1.0,1.0,1.0,2.0
530904,231354,Melser,1311,KRÜ,VISA KRÜ (KRÜ Esports),0.43,0.54,88.0,68.0,4.0,4.0,10.0,9.0,4.0,3.0,69.0,62.0,63.0,36.0,23.0,20.0,1.0,0.0,2.0,1.0
530904,231355,Okeanos,8373,LEV,LEVIATÁN,0.66,1.57,138.0,304.0,3.0,12.0,6.0,10.0,3.0,8.0,71.0,92.0,112.0,212.0,50.0,36.0,0.0,2.0,0.0,1.0
530904,231355,kiNgg,8549,LEV,LEVIATÁN,1.24,0.94,247.0,221.0,7.0,9.0,5.0,9.0,3.0,5.0,57.0,92.0,119.0,141.0,16.0,42.0,0.0,0.0,1.0,1.0
530904,231355,tex,1818,LEV,LEVIATÁN,0.45,1.18,60.0,236.0,2.0,10.0,5.0,9.0,2.0,3.0,71.0,75.0,48.0,147.0,29.0,28.0,0.0,3.0,0.0,2.0
530904,231355,C0M,619,LEV,LEVIATÁN,0.6,0.84,116.0,181.0,2.0,7.0,5.0,9.0,3.0,1.0,71.0,58.0,68.0,111.0,20.0,17.0,0.0,0.0,1.0,1.0
530904,231355,Sato,21659,LEV,LEVIATÁN,1.16,0.43,266.0,123.0,6.0,5.0,5.0,11.0,2.0,3.0,71.0,75.0,165.0,85.0,17.0,31.0,3.0,1.0,2.0,1.0
530904,231355,keznit,2462,KRÜ,VISA KRÜ (KRÜ Esports),1.08,1.82,276.0,339.0,12.0,9.0,9.0,3.0,2.0,0.0,67.0,71.0,157.0,221.0,11.0,36.0,2.0,3.0,1.0,1.0
530904,231355,Shyy,24007,KRÜ,VISA KRÜ (KRÜ Esports),0.77,1.79,154.0,304.0,6.0,8.0,9.0,4.0,4.0,1.0,75.0,57.0,121.0,206.0,21.0,41.0,1.0,0.0,1.0,0.0
530904,231355,Mazino,7603,KRÜ,VISA KRÜ (KRÜ Esports),1.4,0.62,269.0,139.0,13.0,3.0,7.0,5.0,3.0,1.0,100.0,57.0,156.0,111.0,19.0,25.0,2.0,0.0,1.0,1.0
530904,231355,Melser,1311,KRÜ,VISA KRÜ (KRÜ Esports),1.28,0.48,220.0,56.0,11.0,1.0,8.0,4.0,7.0,1.0,83.0,57.0,138.0,55.0,23.0,11.0,0.0,0.0,0.0,1.0
530904,231355,Dantedeu5,41135,KRÜ,VISA KRÜ (KRÜ Esports),0.69,1.18,181.0,191.0,6.0,5.0,10.0,4.0,6.0,1.0,58.0,71.0,118.0,157.0,12.0,35.0,1.0,1.0,3.0,0.0
530904,231356,kiNgg,8549,LEV,LEVIATÁN,1.8,1.16,304.0,140.0,11.0,8.0,5.0,4.0,3.0,1.0,78.0,75.0,171.0,94.0,14.0,40.0,3.0,1.0,0.0,1.0
530904,231356,Sato,21659,LEV,LEVIATÁN,0.63,1.77,142.0,318.0,4.0,14.0,7.0,6.0,3.0,3.0,78.0,92.0,107.0,229.0,46.0,33.0,0.0,2.0,3.0,1.0
530904,231356,C0M,619,LEV,LEVIATÁN,1.03,1.34,209.0,205.0,6.0,10.0,5.0,6.0,4.0,4.0,78.0,83.0,134.0,129.0,26.0,31.0,0.0,1.0,1.0,1.0
530904,231356,tex,1818,LEV,LEVIATÁN,0.82,1.2,145.0,259.0,4.0,10.0,6.0,9.0,2.0,4.0,67.0,75.0,93.0,166.0,45.0,24.0,1.0,4.0,0.0,1.0
530904,231356,Okeanos,8373,LEV,LEVIATÁN,0.8,0.69,196.0,144.0,6.0,5.0,8.0,9.0,1.0,4.0,78.0,92.0,126.0,99.0,17.0,20.0,0.0,0.0,1.0,0.0
530904,231356,Melser,1311,KRÜ,VISA KRÜ (KRÜ Esports),0.83,1.52,168.0,231.0,8.0,9.0,9.0,4.0,3.0,3.0,83.0,78.0,89.0,148.0,38.0,26.0,0.0,0.0,1.0,1.0
530904,231356,Shyy,24007,KRÜ,VISA KRÜ (KRÜ Esports),1.35,0.31,305.0,144.0,11.0,3.0,9.0,9.0,3.0,7.0,83.0,67.0,202.0,114.0,27.0,13.0,3.0,1.0,0.0,1.0
530904,231356,Mazino,7603,KRÜ,VISA KRÜ (KRÜ Esports),0.95,0.78,181.0,197.0,8.0,5.0,9.0,7.0,1.0,4.0,67.0,67.0,125.0,148.0,19.0,19.0,1.0,1.0,1.0,0.0
530904,231356,Dantedeu5,41135,KRÜ,VISA KRÜ (KRÜ Esports),0.33,1.36,106.0,202.0,4.0,7.0,10.0,5.0,2.0,4.0,58.0,67.0,73.0,114.0,31.0,33.0,0.0,2.0,2.0,1.0
530904,231356,keznit,2462,KRÜ,VISA KRÜ (KRÜ Esports),0.33,1.18,102.0,204.0,3.0,7.0,10.0,6.0,3.0,1.0,50.0,67.0,81.0,136.0,4.0,73.0,0.0,1.0,4.0,1.0
530905,231357,Asuna,601,100T,100 Thieves,2.22,1.79,382.0,272.0,8.0,12.0,2.0,3.0,2.0,2.0,100.0,92.0,233.0,188.0,12.0,10.0,0.0,3.0,0.0,0.0
530905,231357,Cryocells,4147,100T,100 Thieves,1.44,1.24,266.0,198.0,5.0,10.0,3.0,5.0,2.0,2.0,100.0,83.0,158.0,115.0,18.0,14.0,3.0,0.0,1.0,1.0
530905,231357,Kess,9094,100T,100 Thieves,0.23,1.56,72.0,340.0,1.0,14.0,4.0,8.0,3.0,5.0,40.0,75.0,36.0,199.0,67.0,22.0,0.0,2.0,0.0,1.0
530905,231357,eeiu,796,100T,100 Thieves,1.29,1.04,158.0,146.0,4.0,6.0,2.0,5.0,2.0,9.0,60.0,75.0,100.0,86.0,20.0,31.0,0.0,2.0,0.0,2.0
530905,231357,zander,8082,100T,100 Thieves,1.23,0.82,239.0,151.0,4.0,6.0,3.0,7.0,1.0,3.0,100.0,67.0,162.0,111.0,33.0,39.0,1.0,1.0,0.0,0.0
530905,231357,icy,8402,EG,Evil Geniuses,0.82,1.23,181.0,232.0,6.0,4.0,11.0,4.0,3.0,1.0,50.0,40.0,128.0,157.0,29.0,20.0,1.0,1.0,3.0,0.0
530905,231357,yay,881,EG,Evil Geniuses,0.68,1.52,134.0,318.0,5.0,6.0,9.0,4.0,5.0,2.0,58.0,100.0,91.0,190.0,24.0,38.0,1.0,0.0,1.0,0.0
530905,231357,NaturE,4927,EG,Evil Geniuses,1.13,0.2,220.0,65.0,10.0,1.0,9.0,4.0,4.0,0.0,75.0,60.0,135.0,35.0,18.0,0.0,1.0,0.0,1.0,2.0
530905,231357,Derrek,1533,EG,Evil Geniuses,0.5,0.43,91.0,144.0,4.0,2.0,10.0,5.0,1.0,3.0,42.0,80.0,65.0,110.0,36.0,25.0,0.0,0.0,1.0,1.0
530905,231357,supamen,826,EG,Evil Geniuses,0.48,0.11,96.0,49.0,3.0,1.0,9.0,5.0,2.0,0.0,67.0,40.0,79.0,26.0,29.0,0.0,1.0,0.0,2.0,1.0
530905,231358,eeiu,796,100T,100 Thieves,1.56,1.2,295.0,239.0,14.0,12.0,7.0,9.0,4.0,2.0,92.0,69.0,179.0,142.0,25.0,29.0,1.0,1.0,1.0,1.0
530905,231358,Cryocells,4147,100T,100 Thieves,1.58,1.14,252.0,274.0,12.0,12.0,5.0,12.0,4.0,1.0,100.0,62.0,181.0,153.0,26.0,61.0,2.0,6.0,1.0,0.0
530905,231358,zander,8082,100T,100 Thieves,1.67,1.02,334.0,153.0,16.0,7.0,7.0,9.0,5.0,11.0,92.0,85.0,198.0,115.0,30.0,40.0,5.0,0.0,1.0,0.0
530905,231358,Kess,9094,100T,100 Thieves,0.93,0.93,143.0,212.0,6.0,8.0,7.0,11.0,6.0,6.0,85.0,69.0,94.0,143.0,15.0,16.0,1.0,0.0,0.0,1.0
530905,231358,Asuna,601,100T,100 Thieves,0.63,0.73,120.0,162.0,5.0,6.0,8.0,11.0,6.0,3.0,77.0,62.0,73.0,122.0,17.0,28.0,0.0,2.0,1.0,2.0
530905,231358,icy,8402,EG,Evil Geniuses,1.17,0.85,284.0,192.0,14.0,8.0,9.0,10.0,3.0,1.0,77.0,69.0,189.0,131.0,34.0,16.0,1.0,2.0,2.0,2.0
530905,231358,yay,881,EG,Evil Geniuses,1.15,0.82,219.0,169.0,12.0,8.0,9.0,11.0,1.0,0.0,62.0,46.0,144.0,99.0,47.0,38.0,1.0,1.0,5.0,2.0
530905,231358,Derrek,1533,EG,Evil Geniuses,0.79,1.03,188.0,213.0,10.0,8.0,10.0,11.0,3.0,5.0,69.0,69.0,118.0,141.0,29.0,50.0,2.0,1.0,1.0,1.0
530905,231358,supamen,826,EG,Evil Geniuses,1.19,0.5,263.0,131.0,10.0,5.0,9.0,11.0,5.0,2.0,77.0,31.0,155.0,104.0,40.0,28.0,0.0,0.0,0.0,1.0
530905,231358,NaturE,4927,EG,Evil Geniuses,0.7,0.5,131.0,120.0,6.0,5.0,8.0,10.0,5.0,3.0,85.0,62.0,87.0,85.0,17.0,23.0,0.0,0.0,1.0,3.0
530906,231360,johnqt,1265,SEN,Sentinels,1.5,1.27,251.0,212.0,11.0,7.0,6.0,6.0,3.0,5.0,83.0,82.0,158.0,135.0,30.0,20.0,0.0,2.0,0.0,0.0
530906,231360,zekken,4004,SEN,Sentinels,1.3,1.45,233.0,280.0,11.0,12.0,8.0,7.0,0.0,2.0,67.0,82.0,131.0,188.0,31.0,29.0,2.0,2.0,2.0,0.0
530906,231360,Zellsis,729,SEN,Sentinels,0.98,1.3,192.0,269.0,7.0,11.0,8.0,7.0,8.0,1.0,92.0,82.0,133.0,154.0,23.0,22.0,0.0,1.0,2.0,1.0
530906,231360,N4RRATE,36245,SEN,Sentinels,0.48,1.2,118.0,276.0,6.0,9.0,10.0,8.0,1.0,6.0,67.0,82.0,66.0,153.0,18.0,13.0,1.0,4.0,1.0,1.0
530906,231360,bang,3880,SEN,Sentinels,0.88,0.49,175.0,63.0,7.0,2.0,8.0,6.0,2.0,7.0,75.0,73.0,110.0,35.0,29.0,20.0,0.0,0.0,4.0,0.0
530906,231360,mitch,612,C9,Cloud9,1.3,1.12,236.0,205.0,9.0,9.0,7.0,7.0,6.0,3.0,73.0,83.0,127.0,142.0,19.0,23.0,0.0,1.0,1.0,0.0
530906,231360,Xeppaa,7871,C9,Cloud9,1.41,0.69,248.0,169.0,10.0,6.0,8.0,8.0,4.0,3.0,73.0,83.0,172.0,110.0,32.0,10.0,1.0,1.0,1.0,0.0
530906,231360,v1c,17433,C9,Cloud9,1.37,0.62,293.0,128.0,11.0,6.0,7.0,10.0,4.0,8.0,82.0,75.0,178.0,69.0,36.0,16.0,1.0,1.0,1.0,1.0
530906,231360,neT,6582,C9,Cloud9,0.48,0.95,57.0,198.0,2.0,9.0,8.0,9.0,5.0,2.0,73.0,92.0,30.0,118.0,0.0,22.0,0.0,2.0,1.0,1.0
530906,231360,OXY,18796,C9,Cloud9,0.02,1.43,61.0,302.0,2.0,10.0,11.0,8.0,0.0,6.0,27.0,92.0,43.0,201.0,18.0,24.0,0.0,4.0,5.0,1.0
530906,231361,Zellsis,729,SEN,Sentinels,0.76,1.61,151.0,329.0,6.0,11.0,7.0,8.0,2.0,2.0,75.0,70.0,104.0,211.0,24.0,26.0,0.0,3.0,0.0,1.0
530906,231361,bang,3880,SEN,Sentinels,1.01,1.18,160.0,272.0,6.0,9.0,7.0,9.0,1.0,2.0,75.0,60.0,108.0,195.0,27.0,32.0,2.0,1.0,0.0,2.0
530906,231361,N4RRATE,36245,SEN,Sentinels,0.72,0.84,102.0,147.0,4.0,6.0,7.0,6.0,4.0,0.0,67.0,50.0,64.0,88.0,40.0,20.0,1.0,0.0,1.0,0.0
530906,231361,johnqt,1265,SEN,Sentinels,0.76,0.71,156.0,108.0,6.0,3.0,8.0,7.0,1.0,7.0,67.0,80.0,108.0,64.0,35.0,25.0,1.0,0.0,0.0,1.0
530906,231361,zekken,4004,SEN,Sentinels,0.85,0.2,206.0,75.0,9.0,2.0,9.0,9.0,0.0,2.0,50.0,50.0,150.0,53.0,36.0,10.0,3.0,0.0,4.0,2.0
530906,231361,mitch,612,C9,Cloud9,0.91,1.69,205.0,252.0,8.0,10.0,6.0,5.0,2.0,2.0,80.0,75.0,133.0,166.0,15.0,41.0,1.0,0.0,0.0,0.0
530906,231361,Xeppaa,7871,C9,Cloud9,1.57,0.94,269.0,185.0,10.0,8.0,5.0,7.0,2.0,0.0,80.0,58.0,180.0,142.0,33.0,41.0,0.0,1.0,0.0,2.0
530906,231361,neT,6582,C9,Cloud9,1.24,1.22,248.0,157.0,9.0,7.0,5.0,4.0,4.0,5.0,80.0,75.0,167.0,93.0,26.0,18.0,2.0,2.0,2.0,1.0
530906,231361,v1c,17433,C9,Cloud9,0.69,1.08,143.0,187.0,4.0,8.0,6.0,7.0,1.0,2.0,70.0,58.0,97.0,114.0,38.0,31.0,3.0,0.0,2.0,0.0
530906,231361,OXY,18796,C9,Cloud9,0.82,0.75,213.0,132.0,8.0,5.0,9.0,8.0,1.0,2.0,80.0,50.0,144.0,104.0,39.0,22.0,0.0,2.0,0.0,4.0
530906,231362,N4RRATE,36245,SEN,Sentinels,1.45,1.54,232.0,212.0,12.0,9.0,5.0,6.0,1.0,6.0,75.0,82.0,143.0,154.0,28.0,31.0,1.0,0.0,0.0,0.0
530906,231362,zekken,4004,SEN,Sentinels,1.6,1.18,316.0,184.0,12.0,9.0,6.0,6.0,2.0,0.0,75.0,64.0,207.0,110.0,28.0,13.0,6.0,1.0,2.0,3.0
530906,231362,Zellsis,729,SEN,Sentinels,1.65,0.86,240.0,208.0,12.0,6.0,5.0,9.0,4.0,9.0,83.0,91.0,143.0,157.0,20.0,11.0,1.0,1.0,1.0,1.0
530906,231362,johnqt,1265,SEN,Sentinels,1.12,1.27,164.0,233.0,6.0,9.0,5.0,9.0,7.0,5.0,83.0,91.0,123.0,166.0,33.0,59.0,0.0,2.0,0.0,0.0
530906,231362,bang,3880,SEN,Sentinels,0.4,0.97,67.0,235.0,2.0,7.0,9.0,11.0,8.0,12.0,92.0,82.0,32.0,146.0,13.0,38.0,0.0,2.0,1.0,1.0
530906,231362,v1c,17433,C9,Cloud9,1.39,0.96,230.0,179.0,10.0,7.0,7.0,9.0,10.0,5.0,91.0,75.0,157.0,131.0,30.0,29.0,0.0,0.0,0.0,0.0
530906,231362,OXY,18796,C9,Cloud9,1.24,0.8,303.0,182.0,12.0,6.0,9.0,9.0,1.0,3.0,82.0,75.0,200.0,138.0,24.0,16.0,3.0,2.0,2.0,3.0
530906,231362,neT,6582,C9,Cloud9,1.1,0.87,193.0,143.0,9.0,7.0,7.0,8.0,5.0,3.0,82.0,67.0,116.0,98.0,35.0,31.0,1.0,0.0,1.0,2.0
530906,231362,Xeppaa,7871,C9,Cloud9,0.79,0.92,168.0,165.0,6.0,6.0,8.0,8.0,6.0,6.0,73.0,83.0,108.0,111.0,6.0,19.0,0.0,1.0,0.0,2.0
530906,231362,mitch,612,C9,Cloud9,0.54,0.44,145.0,102.0,4.0,4.0,9.0,10.0,7.0,1.0,91.0,50.0,99.0,69.0,0.0,11.0,1.0,1.0,3.0,1.0
530907,231363,s0m,4164,NRG,NRG,1.26,1.63,203.0,304.0,9.0,13.0,8.0,5.0,3.0,2.0,82.0,83.0,131.0,182.0,62.0,42.0,1.0,3.0,1.0,1.0
530907,231363,skuba,11118,NRG,NRG,1.05,1.43,211.0,302.0,7.0,12.0,8.0,7.0,7.0,5.0,64.0,100.0,121.0,181.0,18.0,29.0,0.0,3.0,1.0,0.0
530907,231363,Ethan,11225,NRG,NRG,1.39,0.7,284.0,138.0,9.0,5.0,9.0,8.0,8.0,8.0,73.0,75.0,188.0,105.0,16.0,24.0,1.0,0.0,1.0,1.0
530907,231363,mada,5132,NRG,NRG,0.63,1.16,141.0,261.0,5.0,12.0,9.0,7.0,1.0,0.0,55.0,75.0,130.0,170.0,23.0,13.0,1.0,2.0,4.0,1.0
530907,231363,brawk,2172,NRG,NRG,0.26,1.14,77.0,194.0,3.0,7.0,10.0,5.0,0.0,2.0,36.0,83.0,48.0,134.0,12.0,10.0,0.0,1.0,1.0,0.0
530907,231363,BABYBAY,2170,G2,G2 Esports,1.21,1.24,188.0,206.0,7.0,9.0,7.0,5.0,4.0,1.0,67.0,82.0,132.0,130.0,20.0,29.0,0.0,3.0,1.0,0.0
530907,231363,valyn,3885,G2,G2 Esports,1.02,1.1,230.0,298.0,10.0,12.0,11.0,9.0,2.0,4.0,58.0,82.0,125.0,183.0,27.0,29.0,2.0,2.0,3.0,1.0
530907,231363,JonahP,4581,G2,G2 Esports,0.68,1.26,75.0,217.0,3.0,9.0,9.0,6.0,7.0,5.0,58.0,82.0,53.0,127.0,22.0,21.0,0.0,2.0,1.0,0.0
530907,231363,jawgemo,3993,G2,G2 Esports,0.67,0.94,187.0,243.0,8.0,10.0,11.0,7.0,3.0,1.0,42.0,64.0,103.0,163.0,19.0,38.0,0.0,0.0,3.0,2.0
530907,231363,trent,15500,G2,G2 Esports,0.46,0.67,105.0,104.0,4.0,4.0,11.0,6.0,5.0,1.0,67.0,64.0,69.0,84.0,33.0,29.0,1.0,1.0,1.0,0.0
530907,231364,mada,5132,NRG,NRG,1.17,1.43,289.0,324.0,12.0,14.0,10.0,8.0,2.0,3.0,67.0,92.0,182.0,202.0,42.0,24.0,2.0,3.0,2.0,1.0
530907,231364,s0m,4164,NRG,NRG,1.13,1.44,254.0,266.0,10.0,12.0,10.0,8.0,4.0,4.0,67.0,75.0,172.0,159.0,39.0,26.0,1.0,3.0,3.0,2.0
530907,231364,Ethan,11225,NRG,NRG,0.6,1.68,111.0,285.0,4.0,11.0,10.0,5.0,2.0,8.0,50.0,92.0,80.0,188.0,44.0,31.0,0.0,1.0,0.0,1.0
530907,231364,brawk,2172,NRG,NRG,0.74,0.78,115.0,118.0,5.0,5.0,9.0,8.0,1.0,7.0,50.0,83.0,94.0,71.0,16.0,18.0,0.0,0.0,0.0,1.0
530907,231364,skuba,11118,NRG,NRG,0.23,0.93,68.0,184.0,2.0,8.0,10.0,7.0,3.0,5.0,50.0,92.0,62.0,114.0,21.0,21.0,0.0,0.0,4.0,0.0
530907,231364,JonahP,4581,G2,G2 Esports,1.44,1.26,214.0,216.0,10.0,9.0,7.0,6.0,1.0,7.0,75.0,75.0,152.0,112.0,45.0,41.0,0.0,3.0,0.0,1.0
530907,231364,BABYBAY,2170,G2,G2 Esports,0.89,1.57,241.0,284.0,11.0,12.0,11.0,7.0,1.0,4.0,92.0,75.0,162.0,160.0,36.0,14.0,2.0,3.0,2.0,1.0
530907,231364,valyn,3885,G2,G2 Esports,0.83,1.42,151.0,251.0,6.0,11.0,9.0,6.0,4.0,8.0,58.0,83.0,93.0,178.0,25.0,35.0,1.0,1.0,0.0,0.0
530907,231364,jawgemo,3993,G2,G2 Esports,0.4,1.05,116.0,233.0,5.0,11.0,11.0,8.0,1.0,3.0,50.0,92.0,71.0,153.0,33.0,18.0,2.0,1.0,3.0,0.0
530907,231364,trent,15500,G2,G2 Esports,0.12,0.95,84.0,147.0,4.0,6.0,12.0,6.0,0.0,2.0,58.0,58.0,55.0,100.0,29.0,14.0,0.0,1.0,2.0,1.0
530907,231365,s0m,4164,NRG,NRG,1.15,1.72,220.0,318.0,9.0,10.0,10.0,3.0,4.0,1.0,58.0,75.0,150.0,182.0,45.0,30.0,2.0,2.0,1.0,2.0
530907,231365,mada,5132,NRG,NRG,0.59,1.07,167.0,257.0,6.0,6.0,12.0,6.0,0.0,2.0,58.0,63.0,110.0,189.0,15.0,23.0,0.0,2.0,1.0,0.0
530907,231365,skuba,11118,NRG,NRG,0.75,0.71,199.0,97.0,9.0,3.0,12.0,4.0,2.0,1.0,58.0,75.0,129.0,62.0,13.0,14.0,1.0,1.0,2.0,1.0
530907,231365,Ethan,11225,NRG,NRG,0.31,1.04,63.0,205.0,2.0,6.0,11.0,5.0,7.0,3.0,75.0,63.0,37.0,115.0,27.0,8.0,0.0,0.0,3.0,0.0
530907,231365,brawk,2172,NRG,NRG,0.35,0.78,75.0,134.0,3.0,4.0,11.0,5.0,3.0,1.0,25.0,50.0,57.0,96.0,10.0,33.0,0.0,0.0,2.0,0.0
530907,231365,JonahP,4581,G2,G2 Esports,0.6,1.9,162.0,315.0,4.0,15.0,7.0,5.0,3.0,3.0,38.0,100.0,114.0,204.0,13.0,37.0,0.0,0.0,2.0,1.0
530907,231365,valyn,3885,G2,G2 Esports,0.73,1.64,78.0,380.0,3.0,17.0,5.0,8.0,3.0,3.0,75.0,92.0,43.0,257.0,17.0,33.0,0.0,4.0,0.0,1.0
530907,231365,trent,15500,G2,G2 Esports,1.23,1.16,200.0,193.0,5.0,9.0,5.0,6.0,2.0,6.0,63.0,100.0,128.0,125.0,12.0,14.0,1.0,3.0,0.0,0.0
530907,231365,BABYBAY,2170,G2,G2 Esports,1.11,0.95,209.0,136.0,6.0,6.0,5.0,5.0,0.0,2.0,88.0,83.0,119.0,88.0,50.0,8.0,1.0,0.0,0.0,1.0
530907,231365,jawgemo,3993,G2,G2 Esports,0.78,1.16,207.0,189.0,5.0,9.0,7.0,5.0,1.0,2.0,50.0,92.0,143.0,135.0,23.0,19.0,1.0,2.0,3.0,0.0
530908,231366,brawk,2172,NRG,NRG,2.8,1.4,489.0,261.0,5.0,11.0,1.0,6.0,3.0,2.0,100.0,75.0,374.0,206.0,60.0,22.0,1.0,1.0,0.0,0.0
530908,231366,mada,5132,NRG,NRG,0.51,1.63,62.0,289.0,1.0,13.0,2.0,5.0,1.0,0.0,67.0,100.0,37.0,178.0,0.0,28.0,0.0,6.0,0.0,0.0
530908,231366,Ethan,11225,NRG,NRG,2.5,1.1,411.0,166.0,5.0,8.0,1.0,6.0,1.0,4.0,100.0,92.0,274.0,99.0,40.0,18.0,0.0,0.0,0.0,1.0
530908,231366,s0m,4164,NRG,NRG,1.03,1.34,224.0,237.0,3.0,12.0,2.0,6.0,0.0,1.0,100.0,75.0,107.0,138.0,50.0,11.0,1.0,1.0,0.0,1.0
530908,231366,skuba,11118,NRG,NRG,0.42,1.31,69.0,194.0,1.0,8.0,2.0,5.0,1.0,3.0,67.0,83.0,58.0,155.0,0.0,25.0,0.0,1.0,1.0,1.0
530908,231366,Okeanos,8373,LEV,LEVIATÁN,1.02,0.8,234.0,198.0,10.0,2.0,10.0,3.0,1.0,3.0,58.0,100.0,161.0,113.0,50.0,29.0,0.0,0.0,0.0,0.0
530908,231366,tex,1818,LEV,LEVIATÁN,0.62,0.49,122.0,98.0,6.0,1.0,10.0,3.0,0.0,0.0,50.0,33.0,74.0,105.0,25.0,67.0,0.0,0.0,1.0,1.0
530908,231366,Sato,21659,LEV,LEVIATÁN,0.47,0.76,179.0,232.0,7.0,2.0,11.0,3.0,1.0,1.0,67.0,67.0,117.0,135.0,37.0,29.0,3.0,0.0,4.0,0.0
530908,231366,C0M,619,LEV,LEVIATÁN,0.43,0.88,101.0,194.0,3.0,2.0,11.0,3.0,3.0,2.0,58.0,67.0,68.0,114.0,7.0,20.0,0.0,0.0,2.0,0.0
530908,231366,kiNgg,8549,LEV,LEVIATÁN,0.32,0.32,61.0,162.0,2.0,1.0,10.0,3.0,2.0,1.0,33.0,33.0,44.0,112.0,18.0,38.0,0.0,1.0,2.0,1.0
530908,231367,Ethan,11225,NRG,NRG,2.14,1.65,276.0,251.0,3.0,11.0,0.0,5.0,2.0,9.0,100.0,92.0,133.0,165.0,11.0,14.0,1.0,1.0,0.0,1.0
530908,231367,brawk,2172,NRG,NRG,2.64,1.45,351.0,292.0,4.0,13.0,0.0,6.0,4.0,5.0,100.0,92.0,254.0,190.0,33.0,10.0,0.0,0.0,0.0,0.0
530908,231367,mada,5132,NRG,NRG,1.37,1.52,242.0,223.0,3.0,12.0,1.0,5.0,0.0,0.0,100.0,92.0,132.0,142.0,13.0,25.0,1.0,3.0,0.0,1.0
530908,231367,s0m,4164,NRG,NRG,1.35,1.13,249.0,243.0,3.0,11.0,1.0,7.0,0.0,3.0,67.0,92.0,183.0,152.0,57.0,18.0,0.0,3.0,1.0,0.0
530908,231367,skuba,11118,NRG,NRG,0.93,1.24,165.0,256.0,2.0,11.0,2.0,9.0,1.0,6.0,100.0,100.0,67.0,175.0,0.0,19.0,0.0,2.0,0.0,1.0
530908,231367,kiNgg,8549,LEV,LEVIATÁN,0.87,0.2,205.0,48.0,8.0,0.0,11.0,3.0,1.0,0.0,67.0,,154.0,48.0,34.0,0.0,1.0,0.0,2.0,0.0
530908,231367,C0M,619,LEV,LEVIATÁN,0.68,0.71,145.0,210.0,6.0,2.0,11.0,3.0,1.0,0.0,75.0,33.0,91.0,173.0,60.0,50.0,0.0,0.0,0.0,0.0
530908,231367,Okeanos,8373,LEV,LEVIATÁN,0.73,0.01,187.0,,8.0,0.0,12.0,3.0,3.0,0.0,75.0,,114.0,,64.0,,0.0,0.0,0.0,1.0
530908,231367,Sato,21659,LEV,LEVIATÁN,0.27,0.69,132.0,173.0,5.0,2.0,12.0,3.0,1.0,0.0,50.0,67.0,78.0,96.0,55.0,20.0,1.0,1.0,5.0,0.0
530908,231367,tex,1818,LEV,LEVIATÁN,0.39,0.02,130.0,,5.0,0.0,12.0,3.0,2.0,0.0,67.0,,86.0,,22.0,,1.0,0.0,2.0,1.0
530909,231369,OXY,18796,C9,Cloud9,1.49,0.82,311.0,133.0,14.0,5.0,8.0,6.0,0.0,1.0,92.0,70.0,164.0,75.0,27.0,25.0,3.0,2.0,2.0,2.0
530909,231369,v1c,17433,C9,Cloud9,1.1,1.2,196.0,201.0,7.0,8.0,7.0,7.0,9.0,3.0,83.0,60.0,136.0,125.0,17.0,38.0,1.0,1.0,0.0,0.0
530909,231369,mitch,612,C9,Cloud9,1.42,0.71,279.0,159.0,13.0,4.0,7.0,8.0,6.0,4.0,92.0,70.0,170.0,119.0,14.0,24.0,1.0,0.0,0.0,0.0
530909,231369,Xeppaa,7871,C9,Cloud9,0.69,1.42,176.0,326.0,7.0,11.0,9.0,8.0,0.0,5.0,75.0,70.0,123.0,196.0,19.0,17.0,2.0,0.0,1.0,1.0
530909,231369,neT,6582,C9,Cloud9,0.38,0.68,80.0,130.0,2.0,5.0,8.0,7.0,5.0,2.0,92.0,60.0,58.0,101.0,7.0,29.0,0.0,1.0,2.0,3.0
530909,231369,eeiu,796,100T,100 Thieves,0.87,1.86,164.0,354.0,6.0,14.0,7.0,8.0,4.0,3.0,70.0,75.0,117.0,268.0,56.0,47.0,0.0,0.0,0.0,0.0
530909,231369,zander,8082,100T,100 Thieves,1.62,0.71,303.0,139.0,10.0,6.0,6.0,9.0,6.0,4.0,90.0,58.0,176.0,87.0,27.0,19.0,4.0,1.0,0.0,1.0
530909,231369,Cryocells,4147,100T,100 Thieves,1.15,0.92,223.0,178.0,8.0,6.0,6.0,8.0,3.0,6.0,80.0,83.0,147.0,131.0,38.0,26.0,1.0,0.0,0.0,2.0
530909,231369,Asuna,601,100T,100 Thieves,0.55,1.26,86.0,244.0,3.0,11.0,6.0,8.0,1.0,0.0,70.0,83.0,56.0,139.0,20.0,34.0,0.0,4.0,3.0,1.0
530909,231369,Kess,9094,100T,100 Thieves,0.95,0.23,198.0,60.0,9.0,2.0,8.0,10.0,1.0,1.0,50.0,42.0,125.0,49.0,44.0,13.0,1.0,0.0,1.0,3.0
530909,231370,OXY,18796,C9,Cloud9,1.42,1.36,305.0,281.0,14.0,13.0,9.0,9.0,2.0,1.0,77.0,92.0,200.0,197.0,35.0,21.0,0.0,3.0,1.0,0.0
530909,231370,neT,6582,C9,Cloud9,0.99,1.3,231.0,283.0,9.0,13.0,12.0,9.0,3.0,5.0,62.0,92.0,134.0,185.0,33.0,39.0,0.0,3.0,1.0,0.0
530909,231370,v1c,17433,C9,Cloud9,0.55,1.4,158.0,288.0,7.0,14.0,11.0,8.0,1.0,3.0,62.0,92.0,109.0,196.0,15.0,32.0,2.0,2.0,6.0,2.0
530909,231370,mitch,612,C9,Cloud9,0.51,1.13,94.0,218.0,4.0,10.0,9.0,9.0,3.0,3.0,69.0,77.0,66.0,158.0,38.0,32.0,0.0,0.0,2.0,1.0
530909,231370,Xeppaa,7871,C9,Cloud9,0.74,0.64,170.0,116.0,6.0,5.0,11.0,9.0,4.0,2.0,69.0,69.0,139.0,105.0,24.0,21.0,0.0,1.0,1.0,1.0
530909,231370,Cryocells,4147,100T,100 Thieves,1.17,2.02,263.0,462.0,14.0,21.0,11.0,9.0,1.0,1.0,77.0,100.0,159.0,299.0,37.0,48.0,1.0,7.0,4.0,0.0
530909,231370,eeiu,796,100T,100 Thieves,1.33,0.54,291.0,80.0,14.0,1.0,10.0,8.0,4.0,9.0,69.0,46.0,177.0,61.0,33.0,33.0,1.0,1.0,0.0,0.0
530909,231370,Asuna,601,100T,100 Thieves,0.86,0.98,141.0,141.0,7.0,6.0,10.0,6.0,0.0,11.0,54.0,77.0,109.0,94.0,29.0,19.0,1.0,0.0,0.0,1.0
530909,231370,zander,8082,100T,100 Thieves,0.19,1.38,72.0,332.0,3.0,16.0,12.0,9.0,2.0,0.0,46.0,69.0,52.0,214.0,21.0,37.0,0.0,2.0,4.0,1.0
530909,231370,Kess,9094,100T,100 Thieves,0.63,0.92,166.0,174.0,6.0,7.0,12.0,8.0,5.0,4.0,69.0,62.0,132.0,127.0,14.0,23.0,1.0,1.0,1.0,0.0
530910,231372,bang,3880,SEN,Sentinels,1.58,0.62,350.0,71.0,16.0,1.0,9.0,5.0,2.0,2.0,75.0,78.0,201.0,60.0,44.0,17.0,2.0,0.0,0.0,0.0
530910,231372,zekken,4004,SEN,Sentinels,1.01,0.56,236.0,176.0,8.0,5.0,9.0,8.0,2.0,2.0,67.0,44.0,170.0,110.0,18.0,20.0,2.0,1.0,0.0,3.0
530910,231372,Zellsis,729,SEN,Sentinels,0.73,0.92,123.0,153.0,5.0,5.0,9.0,6.0,4.0,3.0,67.0,56.0,77.0,103.0,19.0,13.0,0.0,0.0,1.0,0.0
530910,231372,N4RRATE,36245,SEN,Sentinels,0.43,1.29,142.0,284.0,6.0,8.0,10.0,6.0,1.0,2.0,50.0,89.0,84.0,156.0,27.0,24.0,2.0,4.0,4.0,1.0
530910,231372,johnqt,1265,SEN,Sentinels,0.55,1.06,84.0,174.0,3.0,5.0,8.0,4.0,6.0,4.0,75.0,89.0,55.0,92.0,24.0,6.0,0.0,0.0,1.0,0.0
530910,231372,valyn,3885,G2,G2 Esports,0.93,1.41,156.0,226.0,5.0,10.0,5.0,6.0,2.0,5.0,78.0,92.0,98.0,155.0,12.0,41.0,0.0,1.0,0.0,2.0
530910,231372,JonahP,4581,G2,G2 Esports,0.48,1.69,44.0,293.0,1.0,13.0,4.0,5.0,2.0,8.0,67.0,92.0,28.0,167.0,25.0,29.0,0.0,1.0,1.0,0.0
530910,231372,leaf,7873,G2,G2 Esports,1.09,1.2,239.0,246.0,7.0,9.0,6.0,8.0,1.0,7.0,78.0,75.0,175.0,153.0,30.0,30.0,2.0,1.0,1.0,1.0
530910,231372,jawgemo,3993,G2,G2 Esports,1.77,0.62,333.0,150.0,11.0,7.0,4.0,10.0,1.0,4.0,89.0,75.0,180.0,97.0,16.0,27.0,1.0,2.0,2.0,1.0
530910,231372,trent,15500,G2,G2 Esports,0.84,0.75,154.0,137.0,5.0,6.0,5.0,9.0,3.0,3.0,67.0,58.0,87.0,105.0,16.0,35.0,1.0,1.0,1.0,2.0
530910,231373,johnqt,1265,SEN,Sentinels,1.02,1.5,157.0,303.0,7.0,13.0,6.0,10.0,3.0,1.0,80.0,67.0,112.0,205.0,27.0,41.0,0.0,4.0,0.0,0.0
530910,231373,Zellsis,729,SEN,Sentinels,1.67,0.78,336.0,184.0,13.0,5.0,6.0,10.0,4.0,10.0,100.0,83.0,209.0,136.0,48.0,12.0,0.0,0.0,0.0,1.0
530910,231373,bang,3880,SEN,Sentinels,1.1,1.12,183.0,188.0,6.0,9.0,6.0,8.0,5.0,1.0,70.0,67.0,124.0,120.0,58.0,31.0,0.0,1.0,0.0,0.0
530910,231373,N4RRATE,36245,SEN,Sentinels,1.16,0.82,277.0,192.0,9.0,7.0,8.0,10.0,5.0,5.0,80.0,75.0,174.0,122.0,18.0,10.0,3.0,2.0,2.0,1.0
530910,231373,zekken,4004,SEN,Sentinels,0.69,0.5,198.0,163.0,7.0,5.0,8.0,11.0,3.0,7.0,70.0,67.0,126.0,120.0,24.0,18.0,2.0,2.0,3.0,1.0
530910,231373,leaf,7873,G2,G2 Esports,1.85,0.65,325.0,137.0,15.0,4.0,7.0,8.0,1.0,2.0,83.0,60.0,213.0,95.0,29.0,5.0,1.0,0.0,1.0,1.0
530910,231373,trent,15500,G2,G2 Esports,1.29,1.03,236.0,207.0,9.0,6.0,8.0,7.0,8.0,8.0,92.0,70.0,161.0,137.0,38.0,31.0,0.0,0.0,0.0,0.0
530910,231373,JonahP,4581,G2,G2 Esports,1.05,0.95,191.0,201.0,9.0,7.0,7.0,8.0,3.0,1.0,67.0,70.0,109.0,147.0,16.0,30.0,1.0,0.0,2.0,0.0
530910,231373,jawgemo,3993,G2,G2 Esports,0.75,1.12,237.0,275.0,10.0,10.0,9.0,9.0,1.0,1.0,58.0,70.0,151.0,135.0,19.0,10.0,0.0,4.0,5.0,2.0
530910,231373,valyn,3885,G2,G2 Esports,0.66,0.72,124.0,205.0,6.0,7.0,8.0,10.0,3.0,5.0,67.0,80.0,77.0,125.0,33.0,32.0,1.0,1.0,1.0,2.0
530911,231376,mada,5132,NRG,NRG,2.43,1.89,401.0,332.0,5.0,16.0,0.0,5.0,1.0,3.0,100.0,83.0,212.0,227.0,14.0,47.0,1.0,1.0,0.0,1.0
530911,231376,brawk,2172,NRG,NRG,2.3,1.74,343.0,345.0,4.0,14.0,0.0,7.0,0.0,4.0,100.0,83.0,231.0,231.0,67.0,16.0,1.0,3.0,0.0,0.0
530911,231376,Ethan,11225,NRG,NRG,1.52,1.29,168.0,280.0,2.0,11.0,0.0,9.0,2.0,6.0,100.0,92.0,99.0,154.0,0.0,17.0,0.0,5.0,0.0,0.0
530911,231376,s0m,4164,NRG,NRG,1.75,0.96,173.0,119.0,2.0,5.0,0.0,6.0,4.0,8.0,100.0,83.0,94.0,78.0,0.0,31.0,0.0,1.0,0.0,0.0
530911,231376,skuba,11118,NRG,NRG,1.26,0.75,213.0,119.0,2.0,6.0,1.0,7.0,2.0,2.0,67.0,75.0,148.0,75.0,50.0,30.0,1.0,1.0,0.0,0.0
530911,231376,Xeppaa,7871,C9,Cloud9,0.98,0.14,198.0,68.0,9.0,0.0,10.0,3.0,3.0,0.0,67.0,,134.0,68.0,36.0,0.0,0.0,0.0,0.0,1.0
530911,231376,mitch,612,C9,Cloud9,0.85,0.04,174.0,21.0,7.0,0.0,11.0,3.0,2.0,1.0,58.0,33.0,106.0,21.0,26.0,0.0,0.0,0.0,1.0,1.0
530911,231376,neT,6582,C9,Cloud9,0.75,0.02,181.0,18.0,6.0,0.0,9.0,3.0,3.0,0.0,83.0,,146.0,18.0,39.0,0.0,0.0,0.0,3.0,1.0
530911,231376,v1c,17433,C9,Cloud9,0.71,0.02,186.0,9.0,7.0,0.0,11.0,3.0,7.0,0.0,67.0,,115.0,9.0,21.0,0.0,1.0,0.0,1.0,0.0
530911,231376,OXY,18796,C9,Cloud9,0.28,0.83,116.0,117.0,5.0,1.0,11.0,3.0,2.0,0.0,50.0,33.0,69.0,90.0,33.0,29.0,0.0,0.0,6.0,0.0
530911,231377,brawk,2172,NRG,NRG,1.62,1.19,310.0,179.0,14.0,7.0,5.0,7.0,2.0,8.0,91.0,75.0,188.0,123.0,9.0,25.0,0.0,1.0,1.0,0.0
530911,231377,Ethan,11225,NRG,NRG,1.17,1.46,232.0,305.0,9.0,14.0,7.0,9.0,4.0,4.0,82.0,92.0,135.0,166.0,22.0,20.0,0.0,4.0,2.0,0.0
530911,231377,s0m,4164,NRG,NRG,2.04,0.63,336.0,114.0,13.0,4.0,5.0,8.0,13.0,3.0,91.0,58.0,212.0,87.0,23.0,16.0,2.0,0.0,0.0,0.0
530911,231377,mada,5132,NRG,NRG,1.26,1.03,231.0,234.0,9.0,10.0,6.0,10.0,2.0,3.0,73.0,83.0,132.0,154.0,8.0,18.0,2.0,2.0,2.0,2.0
530911,231377,skuba,11118,NRG,NRG,0.32,1.33,77.0,221.0,2.0,9.0,8.0,8.0,4.0,9.0,64.0,92.0,44.0,170.0,0.0,25.0,0.0,2.0,2.0,1.0
530911,231377,v1c,17433,C9,Cloud9,1.65,1.01,307.0,197.0,13.0,7.0,6.0,10.0,3.0,3.0,83.0,73.0,174.0,131.0,48.0,42.0,0.0,2.0,2.0,1.0
530911,231377,OXY,18796,C9,Cloud9,0.82,1.35,193.0,320.0,9.0,13.0,10.0,9.0,2.0,2.0,58.0,82.0,130.0,197.0,33.0,31.0,1.0,3.0,1.0,2.0
530911,231377,mitch,612,C9,Cloud9,0.67,0.67,168.0,132.0,6.0,5.0,10.0,8.0,5.0,2.0,75.0,55.0,118.0,94.0,15.0,14.0,1.0,0.0,2.0,0.0
530911,231377,Xeppaa,7871,C9,Cloud9,0.89,0.29,200.0,92.0,10.0,3.0,9.0,10.0,2.0,2.0,67.0,55.0,132.0,70.0,36.0,20.0,0.0,2.0,2.0,0.0
530911,231377,neT,6582,C9,Cloud9,0.32,0.18,100.0,101.0,4.0,3.0,9.0,11.0,4.0,2.0,67.0,36.0,72.0,68.0,44.0,33.0,1.0,0.0,2.0,1.0
530911,233203,s0m,4164,NRG,NRG,1.25,1.27,243.0,240.0,11.0,8.0,9.0,7.0,2.0,8.0,58.0,73.0,164.0,190.0,33.0,37.0,0.0,1.0,0.0,2.0
530911,233203,skuba,11118,NRG,NRG,0.5,1.76,97.0,314.0,4.0,13.0,9.0,7.0,0.0,0.0,58.0,91.0,71.0,207.0,29.0,40.0,0.0,1.0,1.0,0.0
530911,233203,brawk,2172,NRG,NRG,0.61,1.05,152.0,180.0,5.0,8.0,11.0,6.0,4.0,3.0,50.0,82.0,100.0,119.0,17.0,24.0,0.0,1.0,1.0,1.0
530911,233203,mada,5132,NRG,NRG,0.37,1.31,111.0,304.0,4.0,11.0,12.0,8.0,1.0,5.0,42.0,82.0,82.0,199.0,10.0,52.0,2.0,2.0,4.0,1.0
530911,233203,Ethan,11225,NRG,NRG,0.91,0.66,232.0,165.0,9.0,7.0,10.0,10.0,2.0,5.0,75.0,82.0,153.0,110.0,32.0,16.0,2.0,1.0,2.0,1.0
530911,233203,OXY,18796,C9,Cloud9,1.19,1.42,283.0,265.0,11.0,13.0,10.0,6.0,4.0,0.0,64.0,75.0,156.0,148.0,9.0,25.0,3.0,2.0,3.0,0.0
530911,233203,Xeppaa,7871,C9,Cloud9,1.08,1.44,229.0,297.0,9.0,12.0,9.0,9.0,3.0,10.0,82.0,92.0,147.0,183.0,16.0,24.0,0.0,1.0,0.0,1.0
530911,233203,v1c,17433,C9,Cloud9,1.0,1.48,272.0,254.0,10.0,12.0,10.0,5.0,3.0,9.0,91.0,92.0,177.0,173.0,19.0,42.0,1.0,3.0,1.0,0.0
530911,233203,neT,6582,C9,Cloud9,0.88,1.24,159.0,236.0,8.0,10.0,8.0,7.0,0.0,3.0,73.0,83.0,89.0,156.0,58.0,33.0,1.0,2.0,2.0,1.0
530911,233203,mitch,612,C9,Cloud9,0.09,0.81,59.0,104.0,0.0,4.0,10.0,6.0,7.0,7.0,64.0,75.0,52.0,73.0,18.0,10.0,0.0,0.0,0.0,2.0
530912,231378,johnqt,1265,SEN,Sentinels,1.07,1.76,228.0,330.0,10.0,6.0,9.0,3.0,4.0,4.0,83.0,100.0,141.0,182.0,25.0,27.0,0.0,1.0,2.0,0.0
530912,231378,Zellsis,729,SEN,Sentinels,0.43,1.63,114.0,311.0,3.0,6.0,11.0,3.0,2.0,1.0,42.0,100.0,82.0,172.0,10.0,27.0,0.0,1.0,0.0,0.0
530912,231378,zekken,4004,SEN,Sentinels,0.66,0.56,195.0,61.0,7.0,2.0,12.0,3.0,2.0,0.0,42.0,60.0,120.0,31.0,22.0,0.0,1.0,0.0,4.0,0.0
530912,231378,bang,3880,SEN,Sentinels,0.5,0.5,106.0,124.0,4.0,2.0,10.0,4.0,1.0,1.0,50.0,80.0,69.0,81.0,29.0,29.0,1.0,1.0,2.0,0.0
530912,231378,N4RRATE,36245,SEN,Sentinels,0.5,0.46,151.0,126.0,5.0,1.0,10.0,4.0,2.0,4.0,50.0,100.0,97.0,88.0,24.0,10.0,2.0,1.0,0.0,1.0
530912,231378,brawk,2172,NRG,NRG,1.68,1.86,329.0,269.0,6.0,13.0,3.0,3.0,1.0,4.0,80.0,100.0,179.0,152.0,33.0,10.0,0.0,1.0,0.0,0.0
530912,231378,Ethan,11225,NRG,NRG,1.21,2.03,162.0,333.0,2.0,16.0,3.0,5.0,6.0,2.0,100.0,83.0,102.0,203.0,25.0,33.0,0.0,3.0,1.0,0.0
530912,231378,skuba,11118,NRG,NRG,1.64,1.14,213.0,219.0,4.0,10.0,2.0,6.0,4.0,5.0,80.0,83.0,159.0,138.0,29.0,26.0,0.0,2.0,0.0,1.0
530912,231378,s0m,4164,NRG,NRG,0.75,0.99,174.0,171.0,3.0,5.0,4.0,7.0,2.0,13.0,40.0,83.0,101.0,114.0,29.0,7.0,1.0,0.0,1.0,2.0
530912,231378,mada,5132,NRG,NRG,0.07,0.81,115.0,183.0,2.0,8.0,5.0,8.0,0.0,3.0,60.0,75.0,67.0,143.0,29.0,30.0,0.0,2.0,2.0,1.0
530912,231379,N4RRATE,36245,SEN,Sentinels,0.99,1.71,273.0,381.0,12.0,15.0,10.0,11.0,2.0,3.0,75.0,75.0,193.0,260.0,43.0,34.0,0.0,3.0,3.0,2.0
530912,231379,zekken,4004,SEN,Sentinels,1.48,1.2,308.0,235.0,15.0,12.0,9.0,9.0,1.0,0.0,100.0,67.0,206.0,145.0,41.0,33.0,4.0,1.0,0.0,1.0
530912,231379,bang,3880,SEN,Sentinels,1.1,0.52,174.0,149.0,7.0,5.0,5.0,11.0,2.0,5.0,83.0,50.0,118.0,107.0,35.0,26.0,1.0,0.0,1.0,3.0
530912,231379,Zellsis,729,SEN,Sentinels,1.39,0.21,260.0,75.0,12.0,2.0,6.0,9.0,2.0,3.0,83.0,50.0,186.0,57.0,26.0,7.0,1.0,0.0,2.0,0.0
530912,231379,johnqt,1265,SEN,Sentinels,0.31,0.87,71.0,131.0,2.0,6.0,10.0,8.0,10.0,7.0,67.0,75.0,32.0,70.0,13.0,16.0,0.0,1.0,0.0,1.0
530912,231379,brawk,2172,NRG,NRG,1.41,1.78,260.0,358.0,11.0,14.0,7.0,8.0,3.0,2.0,83.0,92.0,177.0,236.0,22.0,23.0,3.0,2.0,0.0,0.0
530912,231379,Ethan,11225,NRG,NRG,0.52,1.57,101.0,279.0,4.0,12.0,8.0,8.0,5.0,7.0,58.0,83.0,70.0,171.0,20.0,34.0,1.0,0.0,2.0,0.0
530912,231379,skuba,11118,NRG,NRG,1.85,0.19,321.0,99.0,15.0,2.0,6.0,12.0,5.0,4.0,83.0,58.0,227.0,76.0,58.0,9.0,0.0,0.0,0.0,3.0
530912,231379,mada,5132,NRG,NRG,1.03,0.91,247.0,175.0,10.0,8.0,9.0,9.0,2.0,2.0,92.0,58.0,156.0,109.0,41.0,31.0,2.0,3.0,2.0,2.0
530912,231379,s0m,4164,NRG,NRG,0.64,0.39,162.0,115.0,7.0,4.0,10.0,11.0,2.0,2.0,92.0,58.0,116.0,85.0,39.0,31.0,1.0,1.0,1.0,1.0
530912,231380,bang,3880,SEN,Sentinels,1.08,1.47,197.0,263.0,8.0,12.0,8.0,6.0,8.0,4.0,83.0,91.0,134.0,139.0,38.0,19.0,2.0,1.0,0.0,0.0
530912,231380,N4RRATE,36245,SEN,Sentinels,0.95,1.48,188.0,233.0,9.0,9.0,8.0,5.0,1.0,7.0,58.0,73.0,126.0,153.0,25.0,35.0,1.0,0.0,1.0,1.0
530912,231380,johnqt,1265,SEN,Sentinels,1.16,1.15,240.0,181.0,10.0,8.0,8.0,5.0,3.0,5.0,75.0,82.0,154.0,123.0,19.0,26.0,0.0,0.0,1.0,2.0
530912,231380,Zellsis,729,SEN,Sentinels,0.68,1.5,137.0,239.0,5.0,8.0,9.0,5.0,8.0,11.0,75.0,82.0,87.0,151.0,11.0,21.0,1.0,1.0,0.0,1.0
530912,231380,zekken,4004,SEN,Sentinels,1.01,1.09,211.0,267.0,9.0,11.0,9.0,8.0,2.0,2.0,75.0,82.0,137.0,152.0,25.0,13.0,3.0,4.0,3.0,1.0
530912,231380,brawk,2172,NRG,NRG,0.65,1.54,193.0,327.0,6.0,13.0,10.0,9.0,3.0,4.0,55.0,83.0,126.0,232.0,15.0,31.0,0.0,2.0,0.0,0.0
530912,231380,Ethan,11225,NRG,NRG,0.82,1.38,156.0,207.0,6.0,9.0,9.0,7.0,2.0,7.0,82.0,67.0,108.0,152.0,35.0,26.0,2.0,1.0,0.0,1.0
530912,231380,skuba,11118,NRG,NRG,0.67,1.14,139.0,187.0,6.0,8.0,9.0,6.0,2.0,4.0,73.0,58.0,79.0,130.0,33.0,27.0,0.0,0.0,0.0,0.0
530912,231380,mada,5132,NRG,NRG,0.88,0.73,216.0,141.0,7.0,6.0,10.0,9.0,7.0,3.0,82.0,58.0,138.0,71.0,45.0,20.0,3.0,1.0,3.0,3.0
530912,231380,s0m,4164,NRG,NRG,0.43,0.52,123.0,146.0,4.0,6.0,10.0,10.0,2.0,2.0,36.0,67.0,82.0,94.0,58.0,17.0,0.0,1.0,3.0,3.0
530912,231381,johnqt,1265,SEN,Sentinels,1.73,0.84,255.0,156.0,10.0,7.0,3.0,8.0,1.0,3.0,89.0,58.0,157.0,83.0,53.0,30.0,0.0,0.0,1.0,0.0
530912,231381,bang,3880,SEN,Sentinels,1.99,0.17,304.0,63.0,11.0,1.0,3.0,11.0,3.0,3.0,89.0,42.0,200.0,63.0,30.0,42.0,0.0,0.0,0.0,1.0
530912,231381,zekken,4004,SEN,Sentinels,0.9,0.62,205.0,190.0,6.0,7.0,6.0,12.0,2.0,1.0,78.0,58.0,151.0,139.0,29.0,32.0,3.0,3.0,3.0,4.0
530912,231381,N4RRATE,36245,SEN,Sentinels,0.62,0.59,86.0,129.0,3.0,4.0,5.0,10.0,2.0,4.0,89.0,50.0,56.0,86.0,10.0,12.0,0.0,1.0,1.0,2.0
530912,231381,Zellsis,729,SEN,Sentinels,0.45,0.67,162.0,167.0,5.0,6.0,7.0,10.0,6.0,1.0,78.0,67.0,103.0,110.0,18.0,33.0,0.0,0.0,1.0,1.0
530912,231381,brawk,2172,NRG,NRG,1.62,1.06,301.0,240.0,13.0,6.0,5.0,7.0,2.0,4.0,92.0,56.0,176.0,164.0,20.0,47.0,1.0,0.0,0.0,0.0
530912,231381,skuba,11118,NRG,NRG,1.54,0.62,243.0,106.0,10.0,4.0,2.0,7.0,5.0,1.0,92.0,67.0,141.0,63.0,47.0,18.0,2.0,1.0,1.0,0.0
530912,231381,mada,5132,NRG,NRG,1.1,1.17,219.0,232.0,10.0,7.0,7.0,6.0,3.0,3.0,92.0,67.0,138.0,148.0,50.0,20.0,3.0,2.0,2.0,1.0
530912,231381,Ethan,11225,NRG,NRG,1.65,0.28,257.0,71.0,10.0,2.0,5.0,7.0,7.0,2.0,100.0,33.0,197.0,47.0,26.0,22.0,1.0,1.0,0.0,1.0
530912,231381,s0m,4164,NRG,NRG,0.96,0.34,171.0,158.0,8.0,5.0,6.0,8.0,4.0,2.0,92.0,67.0,103.0,93.0,33.0,14.0,1.0,2.0,1.0,1.0
530913,231383,valyn,3885,G2,G2 Esports,0.4,1.8,83.0,295.0,2.0,13.0,10.0,5.0,4.0,11.0,50.0,92.0,55.0,195.0,25.0,29.0,0.0,3.0,0.0,0.0
530913,231383,jawgemo,3993,G2,G2 Esports,0.59,1.52,164.0,270.0,7.0,11.0,10.0,6.0,0.0,2.0,42.0,92.0,115.0,177.0,25.0,15.0,1.0,3.0,2.0,1.0
530913,231383,JonahP,4581,G2,G2 Esports,1.01,1.11,226.0,183.0,8.0,8.0,9.0,7.0,4.0,5.0,67.0,83.0,151.0,112.0,22.0,33.0,0.0,1.0,2.0,1.0
530913,231383,trent,15500,G2,G2 Esports,0.67,1.08,122.0,216.0,5.0,11.0,9.0,8.0,1.0,1.0,50.0,58.0,85.0,112.0,25.0,18.0,1.0,1.0,2.0,0.0
530913,231383,leaf,7873,G2,G2 Esports,0.46,1.03,125.0,216.0,5.0,10.0,11.0,8.0,0.0,5.0,25.0,67.0,74.0,145.0,56.0,23.0,3.0,1.0,1.0,1.0
530913,231383,Ethan,11225,NRG,NRG,1.11,1.36,240.0,188.0,10.0,8.0,10.0,5.0,6.0,6.0,58.0,75.0,155.0,114.0,25.0,24.0,0.0,2.0,0.0,2.0
530913,231383,skuba,11118,NRG,NRG,0.74,1.51,156.0,218.0,6.0,12.0,10.0,3.0,4.0,2.0,75.0,75.0,95.0,135.0,28.0,25.0,1.0,1.0,0.0,2.0
530913,231383,brawk,2172,NRG,NRG,1.08,1.08,233.0,179.0,9.0,8.0,10.0,6.0,6.0,2.0,58.0,75.0,144.0,127.0,28.0,23.0,0.0,1.0,0.0,1.0
530913,231383,s0m,4164,NRG,NRG,0.53,1.59,131.0,279.0,5.0,11.0,12.0,6.0,6.0,7.0,75.0,92.0,96.0,189.0,29.0,20.0,0.0,0.0,2.0,0.0
530913,231383,mada,5132,NRG,NRG,0.25,1.32,104.0,262.0,4.0,10.0,11.0,7.0,2.0,5.0,50.0,75.0,63.0,163.0,27.0,6.0,2.0,3.0,7.0,0.0
530913,231384,valyn,3885,G2,G2 Esports,1.88,0.75,356.0,153.0,13.0,5.0,6.0,8.0,2.0,5.0,78.0,75.0,222.0,109.0,33.0,20.0,1.0,0.0,0.0,0.0
530913,231384,jawgemo,3993,G2,G2 Esports,1.55,0.83,243.0,205.0,8.0,9.0,5.0,10.0,1.0,0.0,78.0,58.0,145.0,109.0,16.0,10.0,0.0,3.0,0.0,2.0
530913,231384,JonahP,4581,G2,G2 Esports,0.56,1.57,161.0,267.0,4.0,12.0,8.0,6.0,5.0,4.0,67.0,83.0,100.0,156.0,11.0,12.0,1.0,2.0,2.0,0.0
530913,231384,trent,15500,G2,G2 Esports,0.55,1.22,99.0,249.0,3.0,12.0,5.0,8.0,3.0,2.0,89.0,67.0,85.0,183.0,20.0,48.0,0.0,2.0,0.0,2.0
530913,231384,leaf,7873,G2,G2 Esports,0.91,0.92,170.0,162.0,6.0,7.0,5.0,7.0,2.0,1.0,56.0,75.0,109.0,117.0,33.0,17.0,2.0,1.0,3.0,0.0
530913,231384,s0m,4164,NRG,NRG,1.16,1.18,202.0,244.0,8.0,8.0,8.0,7.0,4.0,3.0,75.0,89.0,137.0,129.0,47.0,33.0,0.0,1.0,0.0,0.0
530913,231384,skuba,11118,NRG,NRG,1.55,0.64,275.0,138.0,12.0,5.0,7.0,6.0,5.0,1.0,67.0,67.0,159.0,100.0,19.0,50.0,1.0,1.0,3.0,0.0
530913,231384,Ethan,11225,NRG,NRG,0.87,0.53,193.0,151.0,8.0,5.0,9.0,7.0,2.0,3.0,83.0,44.0,125.0,122.0,16.0,27.0,0.0,0.0,0.0,1.0
530913,231384,mada,5132,NRG,NRG,0.54,0.94,147.0,280.0,6.0,7.0,10.0,9.0,1.0,3.0,50.0,56.0,96.0,177.0,28.0,10.0,2.0,3.0,3.0,3.0
530913,231384,brawk,2172,NRG,NRG,0.41,0.56,123.0,118.0,5.0,3.0,11.0,5.0,3.0,2.0,67.0,78.0,65.0,94.0,11.0,10.0,1.0,0.0,2.0,0.0
530913,231385,trent,15500,G2,G2 Esports,1.17,1.49,171.0,260.0,8.0,10.0,7.0,6.0,1.0,3.0,58.0,73.0,119.0,184.0,29.0,36.0,0.0,1.0,1.0,1.0
530913,231385,leaf,7873,G2,G2 Esports,1.52,0.91,331.0,142.0,14.0,6.0,9.0,6.0,2.0,1.0,67.0,73.0,200.0,106.0,35.0,22.0,4.0,1.0,1.0,2.0
530913,231385,valyn,3885,G2,G2 Esports,0.7,1.07,96.0,184.0,4.0,8.0,7.0,7.0,3.0,6.0,58.0,73.0,58.0,119.0,6.0,44.0,0.0,1.0,1.0,0.0
530913,231385,JonahP,4581,G2,G2 Esports,0.63,1.09,142.0,235.0,6.0,9.0,8.0,8.0,2.0,4.0,67.0,64.0,90.0,138.0,28.0,15.0,2.0,3.0,1.0,1.0
530913,231385,jawgemo,3993,G2,G2 Esports,0.32,1.12,106.0,204.0,4.0,8.0,10.0,7.0,3.0,2.0,58.0,91.0,71.0,127.0,20.0,27.0,0.0,1.0,2.0,0.0
530913,231385,brawk,2172,NRG,NRG,1.15,1.46,176.0,287.0,8.0,12.0,6.0,7.0,1.0,4.0,73.0,75.0,124.0,192.0,21.0,19.0,0.0,3.0,0.0,1.0
530913,231385,mada,5132,NRG,NRG,1.29,0.73,298.0,169.0,10.0,7.0,8.0,9.0,6.0,0.0,91.0,58.0,196.0,104.0,24.0,40.0,3.0,2.0,5.0,2.0
530913,231385,skuba,11118,NRG,NRG,0.6,1.38,111.0,204.0,5.0,9.0,8.0,6.0,2.0,6.0,55.0,83.0,73.0,125.0,40.0,39.0,1.0,0.0,2.0,0.0
530913,231385,Ethan,11225,NRG,NRG,0.87,0.99,146.0,215.0,5.0,7.0,8.0,8.0,6.0,7.0,73.0,67.0,103.0,160.0,25.0,34.0,0.0,0.0,0.0,1.0
530913,231385,s0m,4164,NRG,NRG,0.5,1.01,134.0,142.0,6.0,6.0,11.0,6.0,4.0,1.0,82.0,67.0,81.0,86.0,56.0,24.0,0.0,1.0,0.0,2.0
536985,232626,Sacy,659,ALP,Team Alpha,1.52,2.68,255.0,566.0,10.0,10.0,6.0,4.0,4.0,4.0,75.0,100.0,169.0,326.0,29.0,24.0,0.0,1.0,1.0,0.0
536985,232626,TinaKitten,58086,ALP,Team Alpha,1.26,1.85,179.0,285.0,9.0,6.0,6.0,2.0,6.0,2.0,83.0,100.0,94.0,136.0,11.0,4.0,0.0,0.0,0.0,0.0
536985,232626,Safiro,10543,ALP,Team Alpha,1.18,0.88,334.0,209.0,14.0,4.0,10.0,4.0,3.0,2.0,92.0,100.0,200.0,131.0,19.0,18.0,3.0,1.0,3.0,0.0
536985,232626,Coreano,28446,ALP,Team Alpha,0.75,1.08,140.0,226.0,6.0,5.0,7.0,4.0,2.0,1.0,67.0,80.0,100.0,147.0,24.0,22.0,1.0,1.0,2.0,0.0
536985,232626,Foolish,58089,ALP,Team Alpha,0.74,0.47,199.0,86.0,7.0,1.0,10.0,3.0,3.0,3.0,58.0,60.0,133.0,63.0,30.0,0.0,0.0,0.0,2.0,2.0
536985,232626,Grim,30594,OME,Team Omega,0.42,1.27,136.0,299.0,2.0,11.0,5.0,9.0,3.0,2.0,40.0,83.0,72.0,186.0,67.0,12.0,1.0,3.0,1.0,1.0
536985,232626,f0rsaken,12088,OME,Team Omega,0.93,1.01,281.0,194.0,5.0,6.0,5.0,9.0,0.0,7.0,100.0,58.0,167.0,143.0,27.0,27.0,1.0,1.0,0.0,1.0
536985,232626,Sidsity,48629,OME,Team Omega,0.78,1.06,180.0,224.0,3.0,9.0,5.0,8.0,2.0,6.0,80.0,83.0,124.0,128.0,50.0,15.0,0.0,1.0,1.0,0.0
536985,232626,vela,36666,OME,Team Omega,0.27,1.05,99.0,197.0,1.0,8.0,5.0,8.0,2.0,3.0,40.0,67.0,82.0,123.0,14.0,14.0,0.0,1.0,1.0,1.0
536985,232626,Suga,58087,OME,Team Omega,0.83,0.47,327.0,138.0,6.0,5.0,6.0,12.0,0.0,6.0,60.0,50.0,222.0,83.0,50.0,27.0,0.0,2.0,0.0,1.0
