match_id,game_id,player,player_id,tag,team,rating_atk,rating_def,acs_atk,acs_def,k_atk,k_def,d_atk,d_def,a_atk,a_def,kast_atk,kast_def,adr_atk,adr_def,hs_atk,hs_def,fk_atk,fk_def,fd_atk,fd_def
596398,244775,Darker,10557,LOUD,LOUD,0.91,1.45,225.0,303.0,9.0,9.0,10.0,6.0,4.0,2.0,50.0,100.0,146.0,197.0,29.0,32.0,0.0,2.0,1.0,0.0
596398,244775,cauanzin,6193,LOUD,LOUD,1.0,0.94,231.0,178.0,10.0,5.0,9.0,4.0,1.0,2.0,67.0,88.0,167.0,131.0,25.0,28.0,0.0,0.0,0.0,1.0
596398,244775,Virtyy,3983,LOUD,LOUD,0.44,1.08,153.0,217.0,7.0,7.0,11.0,5.0,3.0,1.0,50.0,63.0,83.0,131.0,22.0,54.0,0.0,2.0,3.0,0.0
596398,244775,pANcada,683,LOUD,LOUD,0.65,0.71,135.0,161.0,6.0,5.0,9.0,4.0,0.0,1.0,50.0,88.0,111.0,81.0,30.0,23.0,0.0,0.0,3.0,0.0
596398,244775,lukxo,28716,LOUD,LOUD,0.75,0.5,219.0,153.0,9.0,4.0,10.0,6.0,2.0,1.0,75.0,38.0,142.0,99.0,50.0,19.0,3.0,1.0,2.0,2.0
596398,244775,OXY,18796,C9,Cloud9,1.35,1.5,288.0,279.0,8.0,13.0,6.0,8.0,1.0,1.0,75.0,83.0,173.0,167.0,21.0,34.0,2.0,3.0,2.0,0.0
596398,244775,penny,7716,C9,Cloud9,1.29,1.19,179.0,220.0,5.0,10.0,4.0,8.0,2.0,5.0,75.0,83.0,125.0,138.0,50.0,17.0,1.0,2.0,0.0,2.0
596398,244775,v1c,17433,C9,Cloud9,0.99,1.08,149.0,231.0,5.0,9.0,5.0,8.0,2.0,5.0,75.0,83.0,91.0,171.0,44.0,21.0,0.0,1.0,1.0,1.0
596398,244775,Xeppaa,7871,C9,Cloud9,0.54,1.32,155.0,207.0,4.0,9.0,8.0,8.0,3.0,6.0,88.0,92.0,108.0,136.0,15.0,23.0,0.0,0.0,0.0,0.0
596398,244775,Zellsis,729,C9,Cloud9,0.36,1.12,134.0,187.0,3.0,8.0,7.0,9.0,1.0,0.0,50.0,83.0,99.0,140.0,24.0,18.0,0.0,3.0,2.0,0.0
596398,244776,lukxo,28716,LOUD,LOUD,1.6,1.31,323.0,272.0,15.0,12.0,7.0,9.0,0.0,3.0,75.0,75.0,194.0,156.0,53.0,21.0,3.0,1.0,1.0,1.0
596398,244776,Darker,10557,LOUD,LOUD,0.98,0.92,175.0,159.0,8.0,7.0,8.0,8.0,2.0,6.0,75.0,75.0,110.0,92.0,41.0,22.0,0.0,1.0,2.0,1.0
596398,244776,pANcada,683,LOUD,LOUD,1.09,0.53,163.0,66.0,8.0,3.0,6.0,7.0,3.0,6.0,83.0,75.0,91.0,41.0,64.0,60.0,1.0,0.0,0.0,1.0
596398,244776,cauanzin,6193,LOUD,LOUD,0.77,0.68,190.0,142.0,8.0,5.0,10.0,10.0,2.0,6.0,58.0,75.0,128.0,104.0,39.0,20.0,0.0,0.0,3.0,2.0
596398,244776,Virtyy,3983,LOUD,LOUD,0.43,0.95,136.0,205.0,5.0,8.0,10.0,9.0,2.0,1.0,50.0,75.0,90.0,136.0,15.0,27.0,0.0,4.0,2.0,1.0
596398,244776,penny,7716,C9,Cloud9,1.63,0.89,277.0,152.0,12.0,7.0,6.0,8.0,4.0,3.0,92.0,75.0,209.0,93.0,31.0,18.0,2.0,1.0,4.0,1.0
596398,244776,Xeppaa,7871,C9,Cloud9,1.08,1.22,180.0,247.0,8.0,11.0,6.0,8.0,3.0,3.0,75.0,83.0,114.0,160.0,53.0,17.0,0.0,0.0,0.0,0.0
596398,244776,v1c,17433,C9,Cloud9,1.15,1.0,190.0,250.0,7.0,10.0,6.0,10.0,4.0,4.0,92.0,75.0,110.0,138.0,28.0,17.0,1.0,4.0,0.0,1.0
596398,244776,Zellsis,729,C9,Cloud9,0.69,1.11,123.0,200.0,4.0,8.0,8.0,9.0,7.0,6.0,100.0,92.0,79.0,123.0,36.0,25.0,1.0,1.0,0.0,0.0
596398,244776,OXY,18796,C9,Cloud9,1.1,0.59,253.0,128.0,12.0,5.0,9.0,9.0,1.0,1.0,67.0,58.0,156.0,88.0,48.0,36.0,2.0,2.0,2.0,2.0
596399,244778,Rossy,1129,ENVY,ENVY,0.38,1.84,74.0,362.0,2.0,15.0,10.0,4.0,4.0,1.0,58.0,90.0,48.0,216.0,8.0,32.0,0.0,2.0,0.0,0.0
596399,244778,Inspire,53,ENVY,ENVY,0.4,1.79,130.0,356.0,5.0,12.0,12.0,5.0,0.0,1.0,42.0,90.0,82.0,227.0,31.0,23.0,1.0,2.0,2.0,0.0
596399,244778,keznit,2462,ENVY,ENVY,0.99,0.87,184.0,161.0,7.0,5.0,9.0,6.0,1.0,3.0,75.0,80.0,123.0,96.0,59.0,17.0,2.0,1.0,3.0,0.0
596399,244778,Eggsterr,35302,ENVY,ENVY,0.72,0.93,214.0,151.0,9.0,6.0,12.0,4.0,0.0,1.0,50.0,80.0,124.0,97.0,41.0,17.0,0.0,2.0,2.0,1.0
596399,244778,P0PPIN,21778,ENVY,ENVY,0.2,0.42,81.0,63.0,3.0,2.0,11.0,6.0,1.0,2.0,42.0,80.0,54.0,66.0,14.0,20.0,1.0,0.0,1.0,2.0
596399,244778,dgzin,8873,EG,Evil Geniuses,0.91,2.06,219.0,297.0,7.0,15.0,9.0,2.0,0.0,1.0,50.0,92.0,129.0,192.0,50.0,10.0,3.0,1.0,3.0,0.0
596399,244778,bao,34400,EG,Evil Geniuses,0.86,1.89,158.0,359.0,5.0,15.0,8.0,5.0,2.0,5.0,50.0,83.0,123.0,220.0,31.0,39.0,0.0,4.0,1.0,3.0
596399,244778,Okeanos,8373,EG,Evil Geniuses,0.5,1.47,102.0,242.0,4.0,11.0,9.0,6.0,4.0,8.0,70.0,83.0,54.0,164.0,60.0,36.0,0.0,0.0,1.0,0.0
596399,244778,C0M,619,EG,Evil Geniuses,0.77,1.17,142.0,207.0,5.0,9.0,8.0,6.0,3.0,4.0,60.0,92.0,105.0,155.0,27.0,22.0,0.0,2.0,2.0,1.0
596399,244778,supamen,826,EG,Evil Geniuses,0.85,0.59,137.0,98.0,4.0,4.0,7.0,7.0,4.0,4.0,60.0,83.0,89.0,65.0,45.0,31.0,0.0,1.0,0.0,0.0
596399,244779,Rossy,1129,ENVY,ENVY,1.39,1.32,241.0,217.0,9.0,10.0,7.0,8.0,5.0,6.0,73.0,83.0,142.0,142.0,16.0,55.0,0.0,0.0,0.0,0.0
596399,244779,Eggsterr,35302,ENVY,ENVY,1.07,1.24,182.0,225.0,9.0,11.0,7.0,7.0,2.0,1.0,82.0,67.0,106.0,143.0,44.0,19.0,2.0,2.0,0.0,1.0
596399,244779,Inspire,53,ENVY,ENVY,0.65,1.28,166.0,214.0,6.0,9.0,9.0,6.0,2.0,2.0,45.0,67.0,123.0,136.0,31.0,43.0,0.0,1.0,3.0,1.0
596399,244779,P0PPIN,21778,ENVY,ENVY,1.09,0.69,239.0,117.0,9.0,5.0,8.0,8.0,4.0,3.0,100.0,58.0,146.0,75.0,23.0,50.0,1.0,1.0,0.0,2.0
596399,244779,keznit,2462,ENVY,ENVY,0.77,0.82,150.0,207.0,5.0,9.0,8.0,10.0,3.0,1.0,55.0,83.0,99.0,137.0,29.0,37.0,1.0,2.0,4.0,2.0
596399,244779,Okeanos,8373,EG,Evil Geniuses,1.24,1.23,304.0,258.0,14.0,10.0,9.0,7.0,1.0,1.0,83.0,64.0,219.0,179.0,45.0,22.0,2.0,3.0,2.0,2.0
596399,244779,dgzin,8873,EG,Evil Geniuses,0.92,0.97,254.0,195.0,10.0,8.0,12.0,7.0,4.0,1.0,75.0,73.0,158.0,146.0,37.0,54.0,4.0,1.0,2.0,0.0
596399,244779,C0M,619,EG,Evil Geniuses,0.79,1.07,142.0,180.0,7.0,8.0,8.0,7.0,3.0,1.0,75.0,73.0,90.0,105.0,10.0,25.0,0.0,0.0,1.0,1.0
596399,244779,supamen,826,EG,Evil Geniuses,0.79,1.03,151.0,230.0,5.0,9.0,7.0,8.0,6.0,5.0,67.0,82.0,101.0,159.0,19.0,25.0,0.0,3.0,0.0,1.0
596399,244779,bao,34400,EG,Evil Geniuses,0.61,0.54,77.0,122.0,3.0,4.0,8.0,9.0,5.0,3.0,67.0,64.0,39.0,82.0,22.0,45.0,0.0,0.0,1.0,0.0
596399,244780,Eggsterr,35302,ENVY,ENVY,2.33,1.06,471.0,214.0,18.0,10.0,5.0,8.0,2.0,3.0,90.0,75.0,274.0,131.0,57.0,13.0,2.0,0.0,0.0,1.0
596399,244780,Inspire,53,ENVY,ENVY,1.1,1.46,225.0,268.0,8.0,13.0,6.0,7.0,3.0,3.0,80.0,92.0,157.0,142.0,38.0,36.0,1.0,3.0,1.0,2.0
596399,244780,keznit,2462,ENVY,ENVY,1.05,1.23,201.0,205.0,8.0,9.0,6.0,6.0,2.0,4.0,80.0,92.0,122.0,161.0,33.0,38.0,2.0,0.0,2.0,0.0
596399,244780,Rossy,1129,ENVY,ENVY,0.63,1.06,122.0,241.0,4.0,9.0,7.0,8.0,3.0,4.0,80.0,75.0,91.0,168.0,8.0,41.0,0.0,3.0,0.0,1.0
596399,244780,P0PPIN,21778,ENVY,ENVY,0.58,0.75,121.0,113.0,3.0,5.0,7.0,6.0,7.0,1.0,80.0,67.0,74.0,65.0,25.0,8.0,0.0,2.0,2.0,0.0
596399,244780,supamen,826,EG,Evil Geniuses,1.06,1.65,193.0,266.0,8.0,9.0,8.0,6.0,1.0,1.0,75.0,70.0,131.0,186.0,56.0,30.0,1.0,3.0,1.0,0.0
596399,244780,bao,34400,EG,Evil Geniuses,1.29,0.48,230.0,172.0,8.0,5.0,8.0,10.0,7.0,2.0,75.0,50.0,148.0,126.0,29.0,16.0,1.0,0.0,1.0,3.0
596399,244780,C0M,619,EG,Evil Geniuses,0.67,0.91,107.0,206.0,4.0,7.0,10.0,9.0,7.0,4.0,58.0,70.0,64.0,139.0,21.0,24.0,0.0,1.0,1.0,0.0
596399,244780,Okeanos,8373,EG,Evil Geniuses,0.88,0.61,225.0,143.0,9.0,6.0,10.0,9.0,2.0,1.0,50.0,50.0,136.0,107.0,24.0,20.0,2.0,0.0,3.0,1.0
596399,244780,dgzin,8873,EG,Evil Geniuses,0.61,0.67,159.0,100.0,6.0,4.0,10.0,7.0,4.0,1.0,42.0,50.0,109.0,69.0,26.0,55.0,0.0,1.0,2.0,1.0
596400,244781,benG,38857,KRÜ,KRÜ Esports,1.15,1.76,161.0,285.0,7.0,11.0,8.0,6.0,4.0,8.0,67.0,100.0,92.0,163.0,24.0,26.0,0.0,0.0,0.0,0.0
596400,244781,mta,36169,KRÜ,KRÜ Esports,0.72,1.32,154.0,218.0,7.0,8.0,10.0,6.0,2.0,2.0,58.0,91.0,92.0,145.0,21.0,44.0,1.0,2.0,2.0,1.0
596400,244781,NagZ,1294,KRÜ,KRÜ Esports,0.69,1.04,87.0,149.0,3.0,6.0,9.0,5.0,3.0,2.0,50.0,73.0,72.0,97.0,20.0,14.0,0.0,0.0,1.0,1.0
596400,244781,infiltrator,9063,KRÜ,KRÜ Esports,0.54,1.18,182.0,230.0,7.0,8.0,11.0,8.0,1.0,5.0,67.0,73.0,123.0,153.0,29.0,30.0,2.0,3.0,2.0,2.0
596400,244781,Governor,3980,KRÜ,KRÜ Esports,0.86,0.55,164.0,128.0,8.0,6.0,9.0,10.0,0.0,2.0,42.0,64.0,109.0,90.0,60.0,19.0,1.0,1.0,3.0,1.0
596400,244781,koalanoob,3722,FUR,FURIA,1.32,1.56,284.0,300.0,12.0,13.0,7.0,5.0,1.0,3.0,64.0,67.0,185.0,186.0,26.0,6.0,3.0,4.0,1.0,1.0
596400,244781,artzin,5957,FUR,FURIA,0.83,1.57,179.0,286.0,6.0,12.0,8.0,7.0,6.0,9.0,73.0,83.0,116.0,176.0,20.0,26.0,0.0,3.0,2.0,1.0
596400,244781,nerve,754,FUR,FURIA,0.66,1.28,108.0,212.0,3.0,9.0,7.0,7.0,6.0,8.0,64.0,92.0,77.0,145.0,20.0,53.0,0.0,0.0,1.0,0.0
596400,244781,eeiu,796,FUR,FURIA,0.72,1.08,147.0,203.0,7.0,9.0,7.0,5.0,2.0,6.0,73.0,83.0,79.0,155.0,17.0,45.0,0.0,0.0,1.0,1.0
596400,244781,alym,48025,FUR,FURIA,0.69,0.29,193.0,98.0,7.0,4.0,10.0,8.0,2.0,2.0,64.0,75.0,113.0,70.0,29.0,36.0,2.0,1.0,1.0,1.0
596400,244782,NagZ,1294,KRÜ,KRÜ Esports,1.76,0.6,269.0,103.0,12.0,3.0,5.0,7.0,0.0,2.0,67.0,56.0,200.0,81.0,19.0,22.0,2.0,2.0,1.0,1.0
596400,244782,mta,36169,KRÜ,KRÜ Esports,1.52,0.52,219.0,132.0,9.0,3.0,6.0,7.0,8.0,1.0,75.0,56.0,139.0,85.0,36.0,42.0,0.0,1.0,0.0,1.0
596400,244782,infiltrator,9063,KRÜ,KRÜ Esports,0.8,0.64,161.0,165.0,6.0,5.0,8.0,9.0,1.0,3.0,67.0,56.0,97.0,118.0,24.0,29.0,2.0,1.0,4.0,1.0
596400,244782,Governor,3980,KRÜ,KRÜ Esports,0.3,1.15,84.0,230.0,3.0,7.0,10.0,7.0,2.0,1.0,42.0,67.0,64.0,156.0,30.0,40.0,0.0,0.0,2.0,1.0
596400,244782,benG,38857,KRÜ,KRÜ Esports,0.84,0.43,141.0,132.0,7.0,4.0,8.0,9.0,0.0,2.0,58.0,44.0,97.0,70.0,60.0,31.0,0.0,0.0,1.0,1.0
596400,244782,artzin,5957,FUR,FURIA,1.55,1.35,234.0,266.0,10.0,12.0,4.0,7.0,2.0,1.0,89.0,58.0,145.0,159.0,31.0,33.0,0.0,2.0,0.0,0.0
596400,244782,alym,48025,FUR,FURIA,2.09,0.59,370.0,134.0,12.0,6.0,3.0,8.0,1.0,4.0,89.0,67.0,230.0,99.0,30.0,55.0,4.0,2.0,1.0,2.0
596400,244782,koalanoob,3722,FUR,FURIA,0.53,1.43,158.0,309.0,5.0,13.0,7.0,8.0,1.0,2.0,78.0,75.0,97.0,179.0,27.0,13.0,1.0,3.0,2.0,0.0
596400,244782,eeiu,796,FUR,FURIA,1.12,0.72,191.0,102.0,6.0,4.0,4.0,6.0,3.0,3.0,89.0,67.0,129.0,82.0,29.0,20.0,0.0,1.0,0.0,1.0
596400,244782,nerve,754,FUR,FURIA,1.19,0.38,180.0,74.0,6.0,2.0,4.0,8.0,5.0,2.0,89.0,50.0,108.0,65.0,4.0,29.0,0.0,0.0,1.0,1.0
596400,244783,infiltrator,9063,KRÜ,KRÜ Esports,1.47,0.99,308.0,233.0,13.0,5.0,9.0,6.0,2.0,1.0,92.0,83.0,190.0,176.0,28.0,50.0,1.0,1.0,1.0,0.0
596400,244783,mta,36169,KRÜ,KRÜ Esports,0.81,0.67,167.0,142.0,5.0,3.0,9.0,5.0,7.0,1.0,75.0,50.0,109.0,94.0,21.0,36.0,1.0,0.0,1.0,1.0
596400,244783,Governor,3980,KRÜ,KRÜ Esports,0.79,0.5,102.0,110.0,5.0,2.0,8.0,5.0,3.0,2.0,50.0,67.0,80.0,80.0,80.0,29.0,1.0,0.0,2.0,0.0
596400,244783,NagZ,1294,KRÜ,KRÜ Esports,0.75,0.43,151.0,92.0,6.0,2.0,11.0,5.0,3.0,1.0,75.0,50.0,102.0,70.0,31.0,20.0,2.0,0.0,2.0,1.0
596400,244783,benG,38857,KRÜ,KRÜ Esports,0.42,0.51,100.0,159.0,3.0,3.0,9.0,6.0,3.0,2.0,75.0,50.0,73.0,96.0,24.0,50.0,0.0,1.0,1.0,2.0
596400,244783,alym,48025,FUR,FURIA,1.45,1.26,273.0,231.0,6.0,10.0,3.0,6.0,2.0,3.0,67.0,75.0,165.0,130.0,22.0,16.0,2.0,2.0,0.0,0.0
596400,244783,koalanoob,3722,FUR,FURIA,1.32,1.3,331.0,252.0,7.0,11.0,5.0,8.0,4.0,5.0,67.0,92.0,183.0,165.0,12.0,45.0,2.0,2.0,2.0,1.0
596400,244783,artzin,5957,FUR,FURIA,1.45,1.18,173.0,181.0,4.0,8.0,2.0,6.0,3.0,6.0,100.0,67.0,101.0,115.0,33.0,35.0,0.0,2.0,0.0,2.0
596400,244783,eeiu,796,FUR,FURIA,1.78,0.7,267.0,142.0,7.0,6.0,2.0,8.0,2.0,4.0,100.0,83.0,167.0,97.0,50.0,50.0,0.0,1.0,0.0,1.0
596400,244783,nerve,754,FUR,FURIA,0.88,1.05,127.0,228.0,3.0,10.0,3.0,8.0,1.0,3.0,83.0,75.0,94.0,155.0,38.0,31.0,0.0,0.0,0.0,1.0
596401,244784,Cryocells,4147,100T,100 Thieves,1.35,1.52,279.0,351.0,14.0,12.0,6.0,8.0,0.0,2.0,83.0,80.0,173.0,209.0,7.0,30.0,1.0,2.0,1.0,2.0
596401,244784,bang,3880,100T,100 Thieves,1.57,0.5,236.0,112.0,11.0,4.0,5.0,8.0,1.0,1.0,75.0,50.0,137.0,79.0,38.0,31.0,1.0,0.0,1.0,0.0
596401,244784,vora,20140,100T,100 Thieves,1.27,0.87,187.0,165.0,8.0,6.0,4.0,7.0,7.0,1.0,100.0,70.0,118.0,111.0,35.0,47.0,0.0,1.0,0.0,0.0
596401,244784,Asuna,601,100T,100 Thieves,1.01,1.14,167.0,205.0,7.0,7.0,6.0,7.0,5.0,4.0,83.0,60.0,101.0,135.0,55.0,32.0,2.0,1.0,0.0,0.0
596401,244784,Timotino,29893,100T,100 Thieves,1.03,0.6,226.0,153.0,8.0,5.0,9.0,8.0,5.0,2.0,100.0,60.0,142.0,89.0,18.0,15.0,4.0,2.0,2.0,2.0
596401,244784,PxS,13823,LEV,LEVIATÁN,1.59,0.91,279.0,149.0,9.0,6.0,5.0,8.0,1.0,3.0,60.0,58.0,177.0,104.0,27.0,13.0,2.0,1.0,0.0,1.0
596401,244784,Sato,21659,LEV,LEVIATÁN,1.01,0.88,178.0,191.0,7.0,8.0,6.0,10.0,1.0,2.0,60.0,67.0,145.0,158.0,42.0,50.0,1.0,0.0,3.0,3.0
596401,244784,kiNgg,8549,LEV,LEVIATÁN,1.52,0.34,286.0,97.0,12.0,3.0,6.0,11.0,4.0,3.0,70.0,50.0,193.0,71.0,41.0,56.0,0.0,0.0,2.0,0.0
596401,244784,blowz,21251,LEV,LEVIATÁN,0.58,0.72,92.0,122.0,4.0,6.0,7.0,9.0,3.0,2.0,70.0,58.0,46.0,92.0,0.0,42.0,0.0,0.0,0.0,4.0
596401,244784,spike,21661,LEV,LEVIATÁN,0.42,0.75,190.0,163.0,6.0,7.0,10.0,10.0,1.0,0.0,60.0,67.0,105.0,99.0,22.0,24.0,1.0,3.0,1.0,0.0
596401,244785,Asuna,601,100T,100 Thieves,1.23,1.42,210.0,228.0,8.0,11.0,7.0,7.0,9.0,3.0,67.0,82.0,119.0,134.0,23.0,45.0,1.0,0.0,2.0,0.0
596401,244785,vora,20140,100T,100 Thieves,1.28,0.93,204.0,168.0,8.0,5.0,8.0,8.0,8.0,5.0,58.0,82.0,132.0,107.0,32.0,33.0,1.0,2.0,0.0,1.0
596401,244785,bang,3880,100T,100 Thieves,1.09,0.97,137.0,181.0,6.0,7.0,6.0,8.0,5.0,1.0,75.0,73.0,86.0,107.0,26.0,26.0,0.0,1.0,0.0,1.0
596401,244785,Timotino,29893,100T,100 Thieves,0.55,1.1,178.0,310.0,7.0,10.0,11.0,10.0,1.0,5.0,50.0,73.0,119.0,199.0,23.0,31.0,1.0,4.0,5.0,1.0
596401,244785,Cryocells,4147,100T,100 Thieves,0.8,0.46,193.0,116.0,8.0,4.0,10.0,8.0,2.0,2.0,50.0,64.0,123.0,74.0,38.0,30.0,0.0,1.0,2.0,0.0
596401,244785,kiNgg,8549,LEV,LEVIATÁN,0.68,1.53,77.0,290.0,3.0,13.0,6.0,5.0,6.0,3.0,55.0,83.0,53.0,178.0,17.0,34.0,0.0,0.0,1.0,1.0
596401,244785,spike,21661,LEV,LEVIATÁN,1.05,1.11,216.0,203.0,10.0,7.0,8.0,9.0,4.0,14.0,82.0,75.0,120.0,103.0,15.0,29.0,0.0,3.0,1.0,0.0
596401,244785,Sato,21659,LEV,LEVIATÁN,0.88,1.24,212.0,291.0,8.0,12.0,8.0,9.0,5.0,4.0,64.0,75.0,131.0,205.0,35.0,40.0,1.0,4.0,5.0,1.0
596401,244785,PxS,13823,LEV,LEVIATÁN,1.15,0.89,201.0,112.0,8.0,5.0,7.0,6.0,3.0,1.0,100.0,75.0,151.0,78.0,27.0,33.0,1.0,2.0,0.0,0.0
596401,244785,blowz,21251,LEV,LEVIATÁN,1.39,0.49,315.0,123.0,12.0,5.0,8.0,8.0,3.0,0.0,73.0,50.0,213.0,88.0,27.0,14.0,1.0,0.0,1.0,1.0
596401,244786,vora,20140,100T,100 Thieves,1.07,1.64,209.0,299.0,9.0,11.0,9.0,6.0,3.0,4.0,75.0,90.0,121.0,208.0,16.0,32.0,0.0,2.0,1.0,0.0
596401,244786,bang,3880,100T,100 Thieves,1.0,1.22,182.0,267.0,7.0,9.0,8.0,7.0,5.0,5.0,67.0,90.0,118.0,159.0,48.0,18.0,0.0,1.0,0.0,0.0
596401,244786,Timotino,29893,100T,100 Thieves,0.86,1.23,271.0,211.0,11.0,8.0,10.0,6.0,1.0,1.0,67.0,70.0,184.0,137.0,15.0,20.0,4.0,3.0,3.0,0.0
596401,244786,Cryocells,4147,100T,100 Thieves,0.95,0.63,162.0,204.0,7.0,7.0,7.0,10.0,0.0,3.0,58.0,70.0,106.0,138.0,43.0,33.0,1.0,1.0,1.0,0.0
596401,244786,Asuna,601,100T,100 Thieves,0.7,0.85,131.0,147.0,5.0,6.0,9.0,7.0,7.0,4.0,83.0,90.0,87.0,97.0,19.0,25.0,0.0,1.0,2.0,2.0
596401,244786,Sato,21659,LEV,LEVIATÁN,1.44,1.43,284.0,286.0,11.0,13.0,6.0,8.0,0.0,2.0,50.0,83.0,189.0,172.0,48.0,20.0,0.0,3.0,4.0,0.0
596401,244786,PxS,13823,LEV,LEVIATÁN,0.59,1.55,169.0,303.0,6.0,12.0,9.0,9.0,2.0,6.0,80.0,67.0,119.0,209.0,33.0,22.0,0.0,0.0,1.0,0.0
596401,244786,kiNgg,8549,LEV,LEVIATÁN,1.1,0.9,245.0,204.0,9.0,7.0,9.0,8.0,2.0,4.0,80.0,67.0,144.0,135.0,27.0,43.0,1.0,1.0,1.0,3.0
596401,244786,blowz,21251,LEV,LEVIATÁN,0.66,0.84,140.0,144.0,4.0,6.0,8.0,6.0,4.0,2.0,100.0,83.0,98.0,109.0,16.0,18.0,0.0,0.0,0.0,1.0
596401,244786,spike,21661,LEV,LEVIATÁN,0.66,0.74,183.0,121.0,6.0,5.0,9.0,8.0,2.0,3.0,70.0,83.0,110.0,82.0,47.0,36.0,1.0,3.0,2.0,1.0
596402,244787,brawk,2172,NRG,NRG,2.09,1.73,347.0,314.0,17.0,4.0,5.0,1.0,2.0,0.0,83.0,100.0,211.0,163.0,22.0,10.0,0.0,0.0,1.0,0.0
596402,244787,keiko,11494,NRG,NRG,1.19,2.5,174.0,440.0,8.0,5.0,6.0,1.0,3.0,2.0,83.0,100.0,95.0,259.0,25.0,18.0,3.0,2.0,0.0,0.0
596402,244787,mada,5132,NRG,NRG,1.02,2.16,214.0,272.0,10.0,3.0,8.0,0.0,2.0,2.0,75.0,100.0,135.0,209.0,38.0,14.0,3.0,1.0,1.0,0.0
596402,244787,Ethan,11225,NRG,NRG,1.2,0.78,264.0,79.0,11.0,1.0,9.0,1.0,2.0,0.0,92.0,100.0,186.0,50.0,24.0,0.0,2.0,0.0,0.0,0.0
596402,244787,skuba,11118,NRG,NRG,0.6,1.2,95.0,165.0,4.0,2.0,7.0,1.0,2.0,1.0,83.0,100.0,62.0,115.0,30.0,6.0,1.0,0.0,1.0,0.0
596402,244787,Xeppaa,7871,C9,Cloud9,0.14,1.59,103.0,416.0,1.0,16.0,3.0,11.0,0.0,3.0,33.0,75.0,65.0,258.0,17.0,26.0,0.0,1.0,0.0,2.0
596402,244787,v1c,17433,C9,Cloud9,0.28,0.81,82.0,186.0,0.0,8.0,3.0,11.0,1.0,5.0,33.0,50.0,82.0,109.0,14.0,25.0,0.0,0.0,1.0,1.0
596402,244787,penny,7716,C9,Cloud9,0.47,0.68,50.0,124.0,0.0,6.0,3.0,8.0,2.0,1.0,33.0,92.0,50.0,79.0,25.0,0.0,0.0,0.0,0.0,1.0
596402,244787,Zellsis,729,C9,Cloud9,0.87,0.48,254.0,102.0,3.0,3.0,3.0,9.0,0.0,6.0,33.0,67.0,110.0,80.0,22.0,18.0,0.0,1.0,0.0,1.0
596402,244787,OXY,18796,C9,Cloud9,0.01,0.02,0.0,46.0,0.0,2.0,3.0,11.0,0.0,0.0,,42.0,0.0,32.0,,50.0,0.0,1.0,2.0,4.0
596402,244788,keiko,11494,NRG,NRG,0.97,1.72,231.0,297.0,8.0,15.0,9.0,5.0,2.0,2.0,60.0,92.0,137.0,183.0,19.0,23.0,1.0,1.0,2.0,1.0
596402,244788,skuba,11118,NRG,NRG,1.05,1.37,141.0,270.0,5.0,12.0,7.0,6.0,2.0,2.0,50.0,92.0,98.0,166.0,38.0,30.0,0.0,1.0,1.0,0.0
596402,244788,mada,5132,NRG,NRG,0.22,1.63,80.0,224.0,3.0,10.0,9.0,3.0,0.0,5.0,30.0,92.0,54.0,133.0,25.0,33.0,1.0,2.0,4.0,1.0
596402,244788,brawk,2172,NRG,NRG,0.65,1.19,173.0,190.0,5.0,8.0,9.0,6.0,1.0,6.0,60.0,92.0,114.0,122.0,20.0,13.0,0.0,3.0,0.0,1.0
596402,244788,Ethan,11225,NRG,NRG,0.25,1.38,50.0,234.0,1.0,10.0,10.0,5.0,2.0,6.0,60.0,92.0,30.0,155.0,14.0,24.0,1.0,0.0,0.0,2.0
596402,244788,v1c,17433,C9,Cloud9,1.05,1.11,228.0,161.0,9.0,6.0,9.0,3.0,0.0,1.0,50.0,70.0,159.0,91.0,23.0,60.0,0.0,1.0,0.0,1.0
596402,244788,OXY,18796,C9,Cloud9,0.22,2.08,110.0,471.0,4.0,18.0,12.0,6.0,2.0,5.0,58.0,90.0,73.0,275.0,56.0,25.0,3.0,2.0,6.0,1.0
596402,244788,penny,7716,C9,Cloud9,0.65,1.53,188.0,283.0,7.0,11.0,11.0,4.0,0.0,2.0,50.0,80.0,123.0,187.0,32.0,13.0,0.0,3.0,1.0,0.0
596402,244788,Xeppaa,7871,C9,Cloud9,0.41,1.16,94.0,155.0,4.0,6.0,11.0,4.0,0.0,2.0,50.0,100.0,62.0,97.0,30.0,33.0,2.0,1.0,0.0,1.0
596402,244788,Zellsis,729,C9,Cloud9,0.23,0.54,54.0,63.0,1.0,3.0,12.0,5.0,5.0,2.0,50.0,60.0,39.0,42.0,22.0,29.0,0.0,0.0,0.0,0.0
596403,244790,aspas,8480,MIBR,MIBR,1.35,1.87,242.0,292.0,7.0,13.0,5.0,3.0,1.0,2.0,88.0,100.0,142.0,187.0,36.0,15.0,0.0,2.0,3.0,0.0
596403,244790,Mazino,7603,MIBR,MIBR,1.45,1.35,324.0,258.0,9.0,10.0,7.0,6.0,3.0,8.0,88.0,92.0,171.0,195.0,48.0,23.0,1.0,3.0,1.0,2.0
596403,244790,Verno,21668,MIBR,MIBR,1.15,1.38,229.0,252.0,6.0,12.0,6.0,6.0,2.0,5.0,75.0,92.0,146.0,166.0,47.0,10.0,1.0,2.0,0.0,0.0
596403,244790,tex,1818,MIBR,MIBR,0.04,1.58,58.0,263.0,1.0,13.0,8.0,5.0,1.0,6.0,63.0,100.0,40.0,145.0,10.0,22.0,0.0,2.0,2.0,0.0
596403,244790,zekken,4004,MIBR,MIBR,0.91,0.9,85.0,151.0,3.0,6.0,4.0,7.0,1.0,10.0,50.0,75.0,66.0,93.0,60.0,38.0,0.0,1.0,0.0,0.0
596403,244790,Rossy,1129,ENVY,ENVY,1.23,1.46,221.0,294.0,9.0,8.0,9.0,4.0,0.0,4.0,58.0,88.0,132.0,159.0,16.0,56.0,0.0,1.0,0.0,0.0
596403,244790,P0PPIN,21778,ENVY,ENVY,0.42,1.42,82.0,341.0,4.0,9.0,10.0,6.0,1.0,2.0,33.0,75.0,52.0,233.0,10.0,47.0,0.0,4.0,1.0,0.0
596403,244790,Inspire,53,ENVY,ENVY,0.68,0.99,196.0,162.0,6.0,5.0,12.0,4.0,0.0,0.0,33.0,63.0,138.0,113.0,33.0,36.0,1.0,0.0,1.0,0.0
596403,244790,keznit,2462,ENVY,ENVY,0.38,0.79,132.0,202.0,5.0,6.0,12.0,6.0,1.0,4.0,67.0,75.0,79.0,112.0,27.0,31.0,0.0,1.0,1.0,0.0
596403,244790,Eggsterr,35302,ENVY,ENVY,0.27,0.21,101.0,65.0,3.0,2.0,11.0,6.0,2.0,1.0,33.0,88.0,71.0,34.0,11.0,100.0,1.0,0.0,7.0,2.0
596403,244791,Verno,21668,MIBR,MIBR,1.67,1.15,248.0,244.0,11.0,10.0,4.0,10.0,2.0,4.0,92.0,92.0,176.0,170.0,55.0,33.0,0.0,4.0,0.0,0.0
596403,244791,aspas,8480,MIBR,MIBR,1.84,0.78,321.0,221.0,15.0,9.0,6.0,9.0,4.0,1.0,75.0,67.0,220.0,157.0,46.0,31.0,2.0,3.0,2.0,0.0
596403,244791,tex,1818,MIBR,MIBR,1.02,1.37,223.0,295.0,10.0,11.0,8.0,9.0,2.0,7.0,83.0,92.0,126.0,200.0,33.0,29.0,2.0,1.0,3.0,3.0
596403,244791,zekken,4004,MIBR,MIBR,1.33,0.64,228.0,142.0,10.0,5.0,7.0,9.0,8.0,6.0,75.0,83.0,149.0,94.0,24.0,25.0,0.0,0.0,1.0,0.0
596403,244791,Mazino,7603,MIBR,MIBR,1.14,0.69,204.0,164.0,9.0,8.0,9.0,11.0,10.0,4.0,83.0,83.0,144.0,79.0,21.0,36.0,0.0,1.0,2.0,0.0
596403,244791,keznit,2462,ENVY,ENVY,1.57,0.76,345.0,224.0,16.0,7.0,8.0,11.0,2.0,5.0,67.0,58.0,225.0,161.0,33.0,16.0,1.0,1.0,2.0,0.0
596403,244791,Inspire,53,ENVY,ENVY,1.05,1.0,163.0,180.0,8.0,8.0,7.0,10.0,2.0,3.0,75.0,75.0,121.0,130.0,44.0,56.0,0.0,2.0,2.0,1.0
596403,244791,Rossy,1129,ENVY,ENVY,1.07,0.48,211.0,131.0,10.0,4.0,9.0,11.0,6.0,5.0,75.0,50.0,140.0,90.0,32.0,32.0,0.0,1.0,2.0,1.0
596403,244791,Eggsterr,35302,ENVY,ENVY,0.71,0.66,210.0,173.0,8.0,8.0,11.0,12.0,6.0,1.0,75.0,67.0,146.0,119.0,28.0,19.0,2.0,3.0,1.0,0.0
596403,244791,P0PPIN,21778,ENVY,ENVY,0.72,0.46,148.0,165.0,6.0,7.0,8.0,11.0,5.0,2.0,58.0,58.0,102.0,111.0,33.0,40.0,0.0,1.0,2.0,2.0
596404,244793,johnqt,1265,SEN,Sentinels,1.15,0.81,231.0,154.0,9.0,3.0,11.0,4.0,2.0,2.0,67.0,83.0,165.0,103.0,34.0,17.0,1.0,0.0,2.0,1.0
596404,244793,cortezia,5395,SEN,Sentinels,0.85,0.98,209.0,202.0,7.0,5.0,10.0,4.0,5.0,2.0,67.0,83.0,165.0,144.0,21.0,45.0,0.0,1.0,2.0,0.0
596404,244793,Reduxx,8419,SEN,Sentinels,0.47,1.47,123.0,227.0,4.0,5.0,12.0,4.0,3.0,2.0,58.0,67.0,80.0,140.0,50.0,10.0,1.0,2.0,2.0,0.0
596404,244793,Kyu,30470,SEN,Sentinels,0.82,0.59,146.0,170.0,7.0,3.0,10.0,5.0,1.0,1.0,50.0,67.0,103.0,104.0,33.0,7.0,0.0,0.0,1.0,1.0
596404,244793,N4RRATE,36245,SEN,Sentinels,0.54,0.49,146.0,175.0,6.0,4.0,11.0,5.0,0.0,2.0,58.0,83.0,81.0,115.0,30.0,7.0,0.0,0.0,3.0,1.0
596404,244793,koalanoob,3722,FUR,FURIA,2.23,1.35,386.0,218.0,9.0,10.0,3.0,5.0,2.0,0.0,67.0,83.0,295.0,128.0,27.0,22.0,1.0,3.0,1.0,1.0
596404,244793,eeiu,796,FUR,FURIA,2.09,0.81,395.0,152.0,9.0,7.0,4.0,7.0,3.0,4.0,83.0,83.0,256.0,119.0,21.0,30.0,1.0,2.0,0.0,0.0
596404,244793,artzin,5957,FUR,FURIA,0.45,1.55,44.0,315.0,1.0,16.0,4.0,7.0,1.0,6.0,83.0,92.0,30.0,195.0,50.0,29.0,0.0,1.0,1.0,1.0
596404,244793,nerve,754,FUR,FURIA,0.36,1.45,87.0,267.0,2.0,11.0,4.0,5.0,0.0,9.0,83.0,100.0,72.0,169.0,50.0,15.0,0.0,1.0,1.0,0.0
596404,244793,alym,48025,FUR,FURIA,0.48,0.91,101.0,218.0,1.0,10.0,5.0,9.0,4.0,2.0,83.0,100.0,78.0,137.0,11.0,45.0,1.0,3.0,0.0,0.0
596404,244794,johnqt,1265,SEN,Sentinels,1.93,1.57,324.0,184.0,15.0,10.0,4.0,4.0,2.0,3.0,92.0,92.0,219.0,122.0,42.0,35.0,0.0,0.0,0.0,0.0
596404,244794,N4RRATE,36245,SEN,Sentinels,0.4,1.55,139.0,282.0,6.0,13.0,10.0,7.0,0.0,2.0,42.0,67.0,89.0,200.0,31.0,43.0,1.0,2.0,5.0,1.0
596404,244794,Kyu,30470,SEN,Sentinels,1.38,0.52,246.0,149.0,10.0,5.0,7.0,11.0,3.0,5.0,67.0,58.0,162.0,110.0,38.0,17.0,0.0,1.0,1.0,1.0
596404,244794,cortezia,5395,SEN,Sentinels,0.65,0.8,130.0,197.0,5.0,8.0,8.0,9.0,1.0,2.0,58.0,67.0,87.0,140.0,43.0,58.0,1.0,3.0,0.0,0.0
596404,244794,Reduxx,8419,SEN,Sentinels,0.37,0.44,81.0,120.0,3.0,3.0,9.0,9.0,1.0,3.0,58.0,58.0,46.0,99.0,50.0,29.0,2.0,1.0,2.0,3.0
596404,244794,koalanoob,3722,FUR,FURIA,1.18,1.28,215.0,260.0,9.0,10.0,9.0,9.0,3.0,2.0,67.0,92.0,136.0,155.0,25.0,19.0,2.0,2.0,4.0,1.0
596404,244794,artzin,5957,FUR,FURIA,0.91,1.36,148.0,242.0,7.0,11.0,7.0,7.0,2.0,4.0,58.0,67.0,94.0,147.0,28.0,27.0,0.0,1.0,1.0,1.0
596404,244794,alym,48025,FUR,FURIA,1.18,0.74,237.0,164.0,11.0,6.0,8.0,8.0,4.0,2.0,67.0,75.0,117.0,113.0,26.0,32.0,2.0,3.0,2.0,2.0
596404,244794,nerve,754,FUR,FURIA,1.13,0.68,213.0,152.0,6.0,6.0,7.0,8.0,8.0,1.0,83.0,75.0,167.0,91.0,15.0,10.0,0.0,2.0,0.0,0.0
596404,244794,eeiu,796,FUR,FURIA,0.88,0.78,148.0,121.0,7.0,5.0,8.0,7.0,2.0,2.0,75.0,75.0,119.0,79.0,46.0,25.0,1.0,0.0,0.0,0.0
596405,244796,BABYBAY,2170,G2,G2 Esports,1.54,1.67,289.0,281.0,14.0,12.0,6.0,6.0,2.0,0.0,92.0,58.0,188.0,174.0,13.0,13.0,4.0,0.0,0.0,2.0
596405,244796,trent,15500,G2,G2 Esports,1.22,1.16,210.0,176.0,10.0,7.0,7.0,8.0,5.0,4.0,67.0,67.0,139.0,124.0,27.0,37.0,0.0,1.0,0.0,1.0
596405,244796,valyn,3885,G2,G2 Esports,1.56,0.45,247.0,131.0,11.0,5.0,5.0,11.0,5.0,1.0,92.0,58.0,159.0,84.0,22.0,35.0,1.0,2.0,0.0,1.0
596405,244796,leaf,7873,G2,G2 Esports,1.04,0.4,212.0,112.0,9.0,4.0,8.0,11.0,2.0,1.0,75.0,50.0,164.0,80.0,30.0,15.0,1.0,0.0,2.0,0.0
596405,244796,jawgemo,3993,G2,G2 Esports,0.38,0.59,147.0,176.0,6.0,6.0,11.0,10.0,3.0,3.0,75.0,50.0,90.0,113.0,23.0,30.0,1.0,2.0,3.0,3.0
596405,244796,Cryocells,4147,100T,100 Thieves,1.75,1.07,317.0,199.0,15.0,9.0,5.0,9.0,1.0,1.0,92.0,50.0,199.0,129.0,21.0,19.0,2.0,1.0,1.0,3.0
596405,244796,bang,3880,100T,100 Thieves,1.32,0.93,242.0,188.0,10.0,7.0,6.0,9.0,3.0,3.0,83.0,58.0,145.0,133.0,58.0,40.0,2.0,0.0,2.0,1.0
596405,244796,Timotino,29893,100T,100 Thieves,0.74,1.09,154.0,229.0,6.0,9.0,8.0,10.0,2.0,2.0,50.0,75.0,119.0,151.0,29.0,25.0,1.0,0.0,1.0,1.0
596405,244796,Asuna,601,100T,100 Thieves,1.25,0.52,223.0,184.0,10.0,6.0,6.0,12.0,6.0,4.0,83.0,58.0,122.0,114.0,27.0,25.0,2.0,2.0,0.0,1.0
596405,244796,vora,20140,100T,100 Thieves,0.45,0.74,106.0,179.0,5.0,6.0,9.0,10.0,2.0,4.0,67.0,75.0,74.0,119.0,29.0,25.0,0.0,2.0,1.0,1.0
596405,244797,leaf,7873,G2,G2 Esports,0.71,2.38,123.0,586.0,5.0,8.0,11.0,3.0,3.0,2.0,67.0,100.0,84.0,356.0,26.0,26.0,0.0,2.0,0.0,0.0
596405,244797,valyn,3885,G2,G2 Esports,0.77,0.77,189.0,226.0,8.0,3.0,11.0,3.0,1.0,1.0,58.0,75.0,119.0,110.0,19.0,33.0,2.0,0.0,1.0,0.0
596405,244797,BABYBAY,2170,G2,G2 Esports,0.46,0.57,102.0,68.0,3.0,2.0,10.0,2.0,1.0,0.0,67.0,50.0,73.0,42.0,25.0,0.0,0.0,0.0,3.0,1.0
596405,244797,trent,15500,G2,G2 Esports,0.47,0.15,130.0,47.0,3.0,0.0,11.0,3.0,4.0,0.0,50.0,75.0,104.0,47.0,17.0,0.0,0.0,0.0,1.0,0.0
596405,244797,jawgemo,3993,G2,G2 Esports,0.14,0.69,78.0,128.0,2.0,2.0,11.0,3.0,1.0,1.0,42.0,75.0,54.0,95.0,13.0,38.0,0.0,0.0,5.0,1.0
596405,244797,Cryocells,4147,100T,100 Thieves,1.89,1.51,331.0,248.0,5.0,12.0,2.0,5.0,1.0,0.0,100.0,92.0,250.0,167.0,42.0,35.0,0.0,1.0,0.0,0.0
596405,244797,vora,20140,100T,100 Thieves,1.0,1.76,204.0,306.0,3.0,14.0,4.0,4.0,1.0,1.0,75.0,92.0,147.0,208.0,44.0,34.0,2.0,3.0,1.0,0.0
596405,244797,Asuna,601,100T,100 Thieves,0.69,1.79,116.0,245.0,2.0,10.0,3.0,2.0,1.0,5.0,50.0,92.0,59.0,145.0,13.0,20.0,0.0,2.0,0.0,1.0
596405,244797,bang,3880,100T,100 Thieves,1.37,1.0,214.0,113.0,3.0,5.0,3.0,4.0,2.0,7.0,75.0,92.0,127.0,60.0,17.0,56.0,0.0,1.0,0.0,0.0
596405,244797,Timotino,29893,100T,100 Thieves,0.4,1.22,104.0,272.0,1.0,13.0,3.0,6.0,1.0,3.0,50.0,83.0,79.0,162.0,0.0,18.0,0.0,3.0,1.0,1.0
596405,244798,leaf,7873,G2,G2 Esports,2.36,1.11,400.0,233.0,19.0,7.0,5.0,9.0,6.0,5.0,83.0,78.0,255.0,156.0,46.0,48.0,1.0,1.0,1.0,0.0
596405,244798,trent,15500,G2,G2 Esports,1.33,1.09,210.0,242.0,10.0,6.0,7.0,7.0,3.0,4.0,83.0,67.0,142.0,167.0,39.0,17.0,1.0,1.0,0.0,2.0
596405,244798,jawgemo,3993,G2,G2 Esports,0.62,1.57,145.0,306.0,7.0,9.0,9.0,8.0,2.0,4.0,42.0,78.0,104.0,216.0,14.0,18.0,2.0,2.0,4.0,0.0
596405,244798,valyn,3885,G2,G2 Esports,1.04,0.79,166.0,196.0,6.0,7.0,7.0,7.0,4.0,0.0,83.0,67.0,108.0,112.0,21.0,25.0,0.0,0.0,1.0,1.0
596405,244798,BABYBAY,2170,G2,G2 Esports,1.23,0.04,255.0,51.0,10.0,1.0,8.0,8.0,10.0,1.0,83.0,33.0,162.0,38.0,22.0,11.0,1.0,1.0,1.0,1.0
596405,244798,bang,3880,100T,100 Thieves,1.32,1.09,213.0,235.0,7.0,10.0,5.0,10.0,6.0,3.0,89.0,75.0,132.0,159.0,47.0,41.0,0.0,1.0,1.0,0.0
596405,244798,Cryocells,4147,100T,100 Thieves,1.63,0.78,324.0,235.0,11.0,9.0,5.0,11.0,2.0,3.0,78.0,83.0,230.0,157.0,41.0,20.0,2.0,1.0,1.0,0.0
596405,244798,vora,20140,100T,100 Thieves,1.36,0.97,277.0,228.0,9.0,8.0,5.0,10.0,3.0,4.0,89.0,75.0,197.0,154.0,31.0,29.0,0.0,2.0,0.0,1.0
596405,244798,Asuna,601,100T,100 Thieves,1.43,0.44,214.0,133.0,7.0,5.0,5.0,11.0,8.0,3.0,100.0,67.0,146.0,80.0,21.0,8.0,0.0,1.0,0.0,0.0
596405,244798,Timotino,29893,100T,100 Thieves,0.17,0.41,178.0,125.0,5.0,4.0,10.0,10.0,1.0,0.0,67.0,42.0,102.0,92.0,27.0,35.0,2.0,2.0,3.0,4.0
596406,244799,brawk,2172,NRG,NRG,1.18,1.23,160.0,260.0,7.0,6.0,5.0,6.0,5.0,0.0,100.0,43.0,104.0,160.0,27.0,31.0,0.0,2.0,0.0,1.0
596406,244799,keiko,11494,NRG,NRG,1.5,0.68,232.0,101.0,11.0,2.0,4.0,6.0,2.0,1.0,100.0,29.0,144.0,64.0,35.0,22.0,2.0,0.0,0.0,0.0
596406,244799,skuba,11118,NRG,NRG,1.69,0.27,292.0,47.0,14.0,1.0,4.0,6.0,3.0,0.0,83.0,43.0,201.0,29.0,34.0,0.0,2.0,1.0,0.0,0.0
596406,244799,Ethan,11225,NRG,NRG,1.64,0.18,206.0,52.0,10.0,0.0,3.0,6.0,6.0,1.0,92.0,29.0,120.0,52.0,15.0,13.0,2.0,0.0,1.0,1.0
596406,244799,mada,5132,NRG,NRG,1.15,0.26,251.0,53.0,10.0,1.0,7.0,5.0,3.0,0.0,83.0,43.0,160.0,37.0,31.0,0.0,3.0,0.0,2.0,2.0
596406,244799,Verno,21668,MIBR,MIBR,1.95,0.78,358.0,177.0,10.0,5.0,2.0,10.0,1.0,3.0,86.0,50.0,216.0,129.0,33.0,40.0,0.0,2.0,1.0,1.0
596406,244799,Mazino,7603,MIBR,MIBR,1.21,0.79,251.0,157.0,7.0,6.0,3.0,10.0,3.0,2.0,71.0,42.0,137.0,104.0,41.0,30.0,2.0,0.0,1.0,1.0
596406,244799,zekken,4004,MIBR,MIBR,1.1,0.82,108.0,173.0,2.0,7.0,1.0,10.0,2.0,1.0,100.0,67.0,72.0,111.0,22.0,25.0,0.0,1.0,1.0,0.0
596406,244799,tex,1818,MIBR,MIBR,1.78,0.03,220.0,47.0,6.0,2.0,1.0,12.0,1.0,1.0,100.0,33.0,137.0,30.0,42.0,13.0,1.0,0.0,0.0,2.0
596406,244799,aspas,8480,MIBR,MIBR,0.76,0.3,117.0,88.0,4.0,3.0,3.0,10.0,0.0,0.0,71.0,33.0,81.0,55.0,25.0,36.0,1.0,0.0,0.0,5.0
596406,244800,mada,5132,NRG,NRG,1.18,2.12,238.0,349.0,8.0,15.0,8.0,4.0,5.0,1.0,58.0,100.0,160.0,237.0,27.0,38.0,1.0,3.0,2.0,0.0
596406,244800,Ethan,11225,NRG,NRG,0.45,1.33,133.0,224.0,4.0,9.0,11.0,6.0,7.0,6.0,67.0,83.0,81.0,149.0,9.0,19.0,2.0,1.0,4.0,1.0
596406,244800,skuba,11118,NRG,NRG,0.79,1.0,169.0,217.0,7.0,9.0,10.0,9.0,2.0,1.0,75.0,75.0,110.0,149.0,33.0,28.0,1.0,1.0,1.0,1.0
596406,244800,keiko,11494,NRG,NRG,0.76,0.96,101.0,150.0,5.0,8.0,8.0,6.0,4.0,3.0,75.0,67.0,65.0,80.0,27.0,41.0,0.0,0.0,1.0,3.0
596406,244800,brawk,2172,NRG,NRG,1.08,0.48,181.0,123.0,9.0,4.0,8.0,9.0,2.0,4.0,75.0,67.0,115.0,94.0,20.0,24.0,0.0,0.0,0.0,2.0
596406,244800,zekken,4004,MIBR,MIBR,1.48,1.15,275.0,196.0,11.0,9.0,8.0,6.0,4.0,1.0,92.0,83.0,166.0,98.0,37.0,0.0,4.0,4.0,0.0,1.0
596406,244800,Verno,21668,MIBR,MIBR,1.04,1.4,215.0,218.0,8.0,9.0,9.0,5.0,7.0,3.0,100.0,92.0,134.0,146.0,32.0,18.0,1.0,1.0,0.0,0.0
596406,244800,Mazino,7603,MIBR,MIBR,0.82,1.12,180.0,239.0,9.0,10.0,9.0,7.0,2.0,6.0,67.0,83.0,133.0,160.0,42.0,20.0,0.0,2.0,1.0,0.0
596406,244800,tex,1818,MIBR,MIBR,0.53,1.04,59.0,205.0,3.0,10.0,8.0,9.0,1.0,3.0,58.0,75.0,43.0,122.0,29.0,35.0,0.0,0.0,2.0,0.0
596406,244800,aspas,8480,MIBR,MIBR,0.23,1.0,88.0,168.0,3.0,7.0,11.0,6.0,2.0,3.0,67.0,67.0,55.0,108.0,27.0,32.0,2.0,1.0,2.0,3.0
596406,244801,brawk,2172,NRG,NRG,1.29,0.9,242.0,197.0,7.0,7.0,6.0,9.0,3.0,2.0,67.0,58.0,185.0,139.0,23.0,31.0,0.0,0.0,0.0,0.0
596406,244801,mada,5132,NRG,NRG,0.65,1.27,173.0,286.0,6.0,11.0,8.0,8.0,0.0,3.0,56.0,58.0,125.0,169.0,43.0,34.0,0.0,1.0,1.0,4.0
596406,244801,Ethan,11225,NRG,NRG,1.17,0.64,225.0,149.0,8.0,7.0,6.0,11.0,5.0,2.0,89.0,50.0,175.0,84.0,21.0,12.0,2.0,1.0,1.0,2.0
596406,244801,skuba,11118,NRG,NRG,0.8,0.87,169.0,184.0,6.0,7.0,6.0,10.0,1.0,1.0,67.0,67.0,109.0,131.0,31.0,47.0,0.0,2.0,3.0,1.0
596406,244801,keiko,11494,NRG,NRG,0.82,0.65,188.0,138.0,6.0,5.0,7.0,10.0,1.0,2.0,56.0,67.0,137.0,95.0,31.0,32.0,0.0,0.0,2.0,1.0
596406,244801,zekken,4004,MIBR,MIBR,1.32,1.48,252.0,255.0,11.0,9.0,7.0,7.0,4.0,1.0,75.0,89.0,176.0,167.0,31.0,33.0,2.0,2.0,3.0,0.0
596406,244801,aspas,8480,MIBR,MIBR,1.1,1.16,262.0,221.0,11.0,8.0,8.0,5.0,2.0,0.0,83.0,89.0,193.0,153.0,24.0,50.0,4.0,1.0,0.0,0.0
596406,244801,Verno,21668,MIBR,MIBR,1.17,0.91,187.0,183.0,8.0,5.0,6.0,6.0,5.0,4.0,92.0,56.0,131.0,123.0,47.0,33.0,0.0,1.0,0.0,1.0
596406,244801,Mazino,7603,MIBR,MIBR,0.94,1.14,170.0,249.0,9.0,8.0,7.0,7.0,2.0,1.0,75.0,56.0,111.0,172.0,27.0,29.0,1.0,1.0,0.0,1.0
596406,244801,tex,1818,MIBR,MIBR,0.78,0.36,169.0,108.0,9.0,3.0,9.0,8.0,0.0,2.0,75.0,44.0,111.0,81.0,33.0,50.0,1.0,2.0,1.0,0.0
596407,244802,alym,48025,FUR,FURIA,1.49,1.58,289.0,281.0,8.0,13.0,5.0,7.0,5.0,5.0,88.0,92.0,173.0,174.0,34.0,45.0,3.0,2.0,1.0,2.0
596407,244802,nerve,754,FUR,FURIA,1.38,1.45,169.0,236.0,7.0,11.0,4.0,6.0,0.0,3.0,63.0,83.0,127.0,165.0,38.0,32.0,1.0,0.0,0.0,2.0
596407,244802,artzin,5957,FUR,FURIA,1.12,1.29,157.0,230.0,4.0,10.0,5.0,7.0,5.0,4.0,75.0,83.0,119.0,157.0,33.0,50.0,0.0,2.0,0.0,2.0
596407,244802,eeiu,796,FUR,FURIA,0.73,1.21,96.0,151.0,3.0,6.0,5.0,5.0,2.0,6.0,75.0,75.0,74.0,99.0,29.0,29.0,0.0,0.0,0.0,0.0
596407,244802,koalanoob,3722,FUR,FURIA,1.17,0.86,292.0,187.0,8.0,9.0,6.0,8.0,1.0,1.0,50.0,75.0,178.0,132.0,32.0,32.0,1.0,1.0,2.0,1.0
596407,244802,trent,15500,G2,G2 Esports,1.13,1.34,229.0,328.0,9.0,9.0,8.0,6.0,0.0,2.0,58.0,75.0,146.0,200.0,20.0,25.0,1.0,0.0,2.0,0.0
596407,244802,BABYBAY,2170,G2,G2 Esports,0.93,1.18,267.0,300.0,11.0,7.0,11.0,6.0,1.0,2.0,58.0,63.0,180.0,176.0,32.0,39.0,3.0,3.0,1.0,1.0
596407,244802,leaf,7873,G2,G2 Esports,0.47,0.73,137.0,126.0,5.0,4.0,11.0,5.0,3.0,2.0,67.0,63.0,79.0,91.0,33.0,23.0,2.0,0.0,0.0,0.0
596407,244802,valyn,3885,G2,G2 Esports,0.59,0.37,87.0,64.0,4.0,2.0,9.0,6.0,2.0,2.0,58.0,63.0,61.0,44.0,40.0,29.0,0.0,0.0,0.0,2.0
596407,244802,jawgemo,3993,G2,G2 Esports,0.42,0.53,118.0,109.0,4.0,3.0,10.0,7.0,3.0,3.0,75.0,63.0,89.0,82.0,33.0,17.0,1.0,0.0,2.0,2.0
596407,244803,eeiu,796,FUR,FURIA,1.26,1.18,301.0,201.0,8.0,8.0,7.0,8.0,0.0,3.0,86.0,67.0,156.0,139.0,28.0,29.0,1.0,0.0,1.0,1.0
596407,244803,koalanoob,3722,FUR,FURIA,0.41,1.38,146.0,246.0,3.0,11.0,7.0,8.0,0.0,1.0,43.0,75.0,94.0,154.0,13.0,33.0,1.0,3.0,1.0,0.0
596407,244803,nerve,754,FUR,FURIA,0.42,0.76,65.0,138.0,1.0,5.0,5.0,7.0,1.0,2.0,29.0,75.0,48.0,97.0,15.0,21.0,0.0,0.0,0.0,0.0
596407,244803,alym,48025,FUR,FURIA,0.51,0.47,92.0,119.0,3.0,5.0,6.0,9.0,1.0,0.0,57.0,58.0,44.0,74.0,5.0,50.0,1.0,2.0,1.0,3.0
596407,244803,artzin,5957,FUR,FURIA,0.41,0.46,107.0,160.0,2.0,6.0,7.0,10.0,2.0,1.0,57.0,58.0,77.0,101.0,38.0,36.0,1.0,2.0,0.0,1.0
596407,244803,valyn,3885,G2,G2 Esports,1.66,1.68,292.0,276.0,12.0,6.0,6.0,2.0,4.0,5.0,83.0,100.0,201.0,146.0,26.0,29.0,0.0,1.0,0.0,0.0
596407,244803,trent,15500,G2,G2 Esports,1.13,1.98,160.0,348.0,8.0,10.0,6.0,3.0,2.0,4.0,92.0,86.0,85.0,242.0,19.0,56.0,0.0,0.0,0.0,0.0
596407,244803,leaf,7873,G2,G2 Esports,1.26,1.19,264.0,243.0,11.0,6.0,6.0,4.0,4.0,2.0,75.0,86.0,168.0,157.0,27.0,35.0,1.0,2.0,4.0,2.0
596407,244803,BABYBAY,2170,G2,G2 Esports,0.76,1.62,169.0,264.0,7.0,8.0,8.0,3.0,0.0,2.0,58.0,100.0,107.0,174.0,8.0,14.0,1.0,0.0,1.0,0.0
596407,244803,jawgemo,3993,G2,G2 Esports,0.42,0.43,108.0,110.0,4.0,2.0,9.0,5.0,1.0,3.0,83.0,57.0,70.0,84.0,12.0,15.0,3.0,0.0,2.0,2.0
596407,244804,eeiu,796,FUR,FURIA,2.05,0.65,321.0,101.0,15.0,2.0,4.0,2.0,6.0,0.0,83.0,75.0,199.0,62.0,18.0,17.0,1.0,0.0,1.0,1.0
596407,244804,alym,48025,FUR,FURIA,1.0,2.17,261.0,279.0,11.0,4.0,10.0,0.0,2.0,1.0,83.0,100.0,177.0,196.0,23.0,60.0,2.0,1.0,1.0,0.0
596407,244804,artzin,5957,FUR,FURIA,1.16,1.41,148.0,245.0,7.0,4.0,5.0,2.0,7.0,2.0,83.0,100.0,83.0,167.0,17.0,23.0,0.0,0.0,0.0,0.0
596407,244804,koalanoob,3722,FUR,FURIA,0.4,2.53,116.0,409.0,5.0,6.0,9.0,1.0,2.0,1.0,67.0,100.0,94.0,308.0,13.0,33.0,2.0,2.0,3.0,0.0
596407,244804,nerve,754,FUR,FURIA,0.86,1.09,175.0,257.0,8.0,4.0,9.0,3.0,3.0,2.0,67.0,100.0,102.0,134.0,28.0,4.0,1.0,0.0,1.0,0.0
596407,244804,jawgemo,3993,G2,G2 Esports,0.14,1.78,90.0,264.0,1.0,11.0,4.0,7.0,1.0,4.0,50.0,83.0,58.0,180.0,11.0,26.0,0.0,4.0,1.0,1.0
596407,244804,valyn,3885,G2,G2 Esports,0.38,1.14,99.0,286.0,1.0,11.0,4.0,10.0,3.0,4.0,75.0,83.0,49.0,174.0,17.0,21.0,0.0,1.0,0.0,1.0
596407,244804,leaf,7873,G2,G2 Esports,0.5,0.82,146.0,189.0,2.0,7.0,4.0,10.0,0.0,4.0,25.0,75.0,67.0,134.0,20.0,11.0,1.0,1.0,1.0,0.0
596407,244804,trent,15500,G2,G2 Esports,0.64,0.53,144.0,105.0,2.0,3.0,4.0,9.0,0.0,3.0,50.0,75.0,105.0,79.0,33.0,19.0,0.0,0.0,0.0,2.0
596407,244804,BABYBAY,2170,G2,G2 Esports,0.44,0.45,183.0,144.0,2.0,5.0,4.0,10.0,1.0,3.0,50.0,67.0,122.0,92.0,13.0,10.0,0.0,0.0,1.0,2.0
596408,244805,Mazino,7603,MIBR,MIBR,0.89,1.44,165.0,275.0,6.0,11.0,6.0,7.0,4.0,3.0,78.0,67.0,104.0,181.0,11.0,23.0,0.0,2.0,0.0,1.0
596408,244805,zekken,4004,MIBR,MIBR,1.95,0.61,301.0,78.0,10.0,3.0,3.0,6.0,4.0,1.0,100.0,75.0,176.0,46.0,32.0,14.0,1.0,2.0,0.0,1.0
596408,244805,tex,1818,MIBR,MIBR,1.37,0.97,273.0,212.0,8.0,8.0,5.0,10.0,3.0,6.0,89.0,67.0,167.0,139.0,27.0,16.0,3.0,0.0,0.0,2.0
596408,244805,Verno,21668,MIBR,MIBR,1.24,0.88,137.0,221.0,5.0,9.0,3.0,9.0,4.0,3.0,100.0,75.0,96.0,109.0,36.0,19.0,1.0,2.0,1.0,0.0
596408,244805,aspas,8480,MIBR,MIBR,0.98,0.67,160.0,147.0,6.0,6.0,5.0,8.0,1.0,1.0,78.0,42.0,147.0,105.0,19.0,17.0,2.0,1.0,1.0,1.0
596408,244805,eeiu,796,FUR,FURIA,1.94,0.82,291.0,160.0,12.0,5.0,4.0,7.0,3.0,1.0,75.0,44.0,188.0,96.0,29.0,38.0,1.0,0.0,1.0,1.0
596408,244805,nerve,754,FUR,FURIA,0.84,1.28,141.0,236.0,5.0,7.0,8.0,6.0,8.0,4.0,67.0,89.0,99.0,166.0,47.0,20.0,1.0,0.0,0.0,0.0
596408,244805,koalanoob,3722,FUR,FURIA,1.4,0.3,288.0,68.0,13.0,2.0,9.0,7.0,1.0,0.0,67.0,44.0,167.0,47.0,24.0,50.0,2.0,1.0,1.0,2.0
596408,244805,alym,48025,FUR,FURIA,0.86,0.29,170.0,119.0,8.0,3.0,8.0,8.0,3.0,1.0,58.0,44.0,106.0,76.0,17.0,57.0,1.0,1.0,3.0,3.0
596408,244805,artzin,5957,FUR,FURIA,0.44,0.33,75.0,161.0,2.0,5.0,8.0,7.0,8.0,1.0,67.0,78.0,53.0,121.0,15.0,58.0,0.0,0.0,2.0,1.0
596408,244806,Mazino,7603,MIBR,MIBR,1.02,0.96,221.0,167.0,6.0,7.0,6.0,9.0,2.0,2.0,67.0,42.0,136.0,123.0,42.0,44.0,3.0,0.0,2.0,2.0
596408,244806,tex,1818,MIBR,MIBR,1.33,0.63,225.0,177.0,8.0,7.0,4.0,10.0,2.0,2.0,78.0,75.0,119.0,116.0,40.0,35.0,1.0,1.0,0.0,2.0
596408,244806,aspas,8480,MIBR,MIBR,1.04,0.83,166.0,195.0,6.0,8.0,4.0,9.0,1.0,0.0,78.0,58.0,110.0,121.0,31.0,21.0,0.0,1.0,1.0,1.0
596408,244806,Verno,21668,MIBR,MIBR,1.1,0.69,171.0,159.0,6.0,6.0,5.0,9.0,2.0,2.0,78.0,67.0,155.0,113.0,16.0,39.0,0.0,0.0,0.0,0.0
596408,244806,zekken,4004,MIBR,MIBR,0.75,0.45,163.0,177.0,5.0,6.0,6.0,11.0,2.0,3.0,78.0,67.0,124.0,117.0,21.0,23.0,1.0,1.0,1.0,4.0
596408,244806,koalanoob,3722,FUR,FURIA,1.44,1.52,330.0,279.0,14.0,9.0,9.0,5.0,6.0,1.0,100.0,78.0,203.0,162.0,22.0,25.0,6.0,1.0,1.0,2.0
596408,244806,alym,48025,FUR,FURIA,1.5,0.61,264.0,94.0,12.0,2.0,7.0,6.0,3.0,4.0,100.0,56.0,169.0,71.0,33.0,12.0,3.0,0.0,1.0,0.0
596408,244806,artzin,5957,FUR,FURIA,0.8,1.33,93.0,312.0,4.0,10.0,5.0,7.0,3.0,0.0,83.0,67.0,66.0,170.0,27.0,32.0,0.0,2.0,0.0,2.0
596408,244806,nerve,754,FUR,FURIA,1.57,0.29,288.0,82.0,14.0,2.0,6.0,8.0,2.0,2.0,92.0,56.0,174.0,51.0,12.0,11.0,0.0,1.0,0.0,1.0
596408,244806,eeiu,796,FUR,FURIA,0.74,0.86,99.0,91.0,4.0,2.0,7.0,5.0,4.0,4.0,83.0,78.0,72.0,79.0,7.0,17.0,0.0,0.0,1.0,0.0
596408,244807,Mazino,7603,MIBR,MIBR,0.91,1.26,246.0,258.0,11.0,10.0,10.0,8.0,1.0,2.0,75.0,58.0,137.0,199.0,12.0,19.0,1.0,1.0,0.0,1.0
596408,244807,zekken,4004,MIBR,MIBR,0.85,1.29,203.0,209.0,8.0,8.0,8.0,5.0,3.0,2.0,67.0,92.0,129.0,130.0,21.0,41.0,0.0,3.0,3.0,1.0
596408,244807,tex,1818,MIBR,MIBR,0.68,1.07,155.0,237.0,6.0,10.0,8.0,8.0,1.0,1.0,67.0,67.0,110.0,149.0,29.0,38.0,0.0,1.0,1.0,0.0
596408,244807,Verno,21668,MIBR,MIBR,0.92,0.72,200.0,107.0,9.0,4.0,8.0,7.0,2.0,2.0,75.0,83.0,138.0,78.0,28.0,8.0,1.0,0.0,1.0,1.0
596408,244807,aspas,8480,MIBR,MIBR,0.45,0.66,137.0,106.0,6.0,5.0,10.0,7.0,1.0,3.0,42.0,75.0,87.0,71.0,31.0,25.0,2.0,2.0,3.0,2.0
596408,244807,artzin,5957,FUR,FURIA,0.94,1.68,130.0,232.0,5.0,11.0,6.0,5.0,4.0,2.0,75.0,75.0,91.0,175.0,24.0,33.0,0.0,1.0,1.0,0.0
596408,244807,alym,48025,FUR,FURIA,1.0,1.43,220.0,257.0,9.0,10.0,9.0,8.0,1.0,5.0,75.0,75.0,141.0,169.0,23.0,31.0,3.0,2.0,3.0,0.0
596408,244807,nerve,754,FUR,FURIA,0.86,1.17,149.0,195.0,6.0,8.0,8.0,9.0,3.0,3.0,67.0,75.0,97.0,133.0,12.0,18.0,0.0,3.0,0.0,0.0
596408,244807,eeiu,796,FUR,FURIA,1.0,0.96,136.0,167.0,6.0,8.0,6.0,8.0,4.0,5.0,67.0,50.0,92.0,108.0,19.0,25.0,0.0,1.0,0.0,1.0
596408,244807,koalanoob,3722,FUR,FURIA,1.07,0.63,199.0,177.0,9.0,7.0,8.0,10.0,4.0,3.0,75.0,58.0,105.0,117.0,38.0,39.0,2.0,1.0,3.0,3.0
596408,244808,aspas,8480,MIBR,MIBR,0.05,2.24,57.0,355.0,1.0,17.0,3.0,3.0,0.0,1.0,33.0,92.0,29.0,228.0,0.0,35.0,0.0,2.0,1.0,1.0
596408,244808,zekken,4004,MIBR,MIBR,0.59,1.86,73.0,360.0,1.0,16.0,2.0,6.0,0.0,6.0,33.0,100.0,59.0,197.0,25.0,27.0,0.0,5.0,1.0,0.0
596408,244808,Verno,21668,MIBR,MIBR,0.32,1.66,17.0,222.0,0.0,9.0,2.0,3.0,1.0,7.0,100.0,100.0,9.0,151.0,0.0,53.0,0.0,1.0,0.0,0.0
596408,244808,Mazino,7603,MIBR,MIBR,1.89,1.1,493.0,188.0,5.0,9.0,3.0,7.0,0.0,7.0,67.0,100.0,291.0,134.0,42.0,56.0,0.0,1.0,0.0,1.0
596408,244808,tex,1818,MIBR,MIBR,0.46,1.29,139.0,166.0,1.0,8.0,3.0,3.0,1.0,1.0,33.0,83.0,99.0,125.0,50.0,39.0,1.0,1.0,0.0,0.0
596408,244808,koalanoob,3722,FUR,FURIA,0.57,1.62,177.0,313.0,7.0,4.0,12.0,2.0,2.0,0.0,50.0,100.0,103.0,201.0,30.0,17.0,1.0,1.0,4.0,0.0
596408,244808,artzin,5957,FUR,FURIA,0.52,1.35,148.0,205.0,5.0,2.0,11.0,1.0,3.0,2.0,75.0,100.0,94.0,121.0,29.0,60.0,0.0,0.0,0.0,0.0
596408,244808,eeiu,796,FUR,FURIA,0.61,0.71,153.0,80.0,6.0,1.0,12.0,2.0,1.0,1.0,67.0,67.0,90.0,70.0,36.0,50.0,0.0,0.0,1.0,0.0
596408,244808,nerve,754,FUR,FURIA,0.05,1.42,76.0,152.0,1.0,2.0,12.0,1.0,3.0,1.0,33.0,100.0,65.0,85.0,21.0,20.0,0.0,0.0,0.0,0.0
596408,244808,alym,48025,FUR,FURIA,0.04,1.23,67.0,330.0,3.0,4.0,12.0,2.0,1.0,0.0,42.0,67.0,34.0,244.0,11.0,50.0,1.0,1.0,5.0,1.0
596408,244809,zekken,4004,MIBR,MIBR,1.11,1.27,231.0,317.0,10.0,10.0,9.0,7.0,5.0,1.0,83.0,56.0,138.0,217.0,22.0,28.0,3.0,3.0,1.0,0.0
596408,244809,Mazino,7603,MIBR,MIBR,1.78,0.31,302.0,105.0,13.0,1.0,6.0,8.0,6.0,7.0,100.0,67.0,186.0,86.0,18.0,10.0,1.0,0.0,0.0,1.0
596408,244809,aspas,8480,MIBR,MIBR,1.21,0.73,235.0,163.0,11.0,6.0,8.0,7.0,1.0,1.0,92.0,67.0,163.0,102.0,38.0,8.0,2.0,1.0,4.0,1.0
596408,244809,tex,1818,MIBR,MIBR,0.62,0.88,117.0,240.0,6.0,7.0,9.0,7.0,1.0,1.0,67.0,78.0,67.0,153.0,8.0,33.0,0.0,2.0,1.0,0.0
596408,244809,Verno,21668,MIBR,MIBR,0.77,0.57,142.0,141.0,5.0,4.0,7.0,7.0,6.0,1.0,75.0,67.0,102.0,98.0,14.0,4.0,0.0,0.0,0.0,1.0
596408,244809,koalanoob,3722,FUR,FURIA,0.92,1.71,175.0,281.0,5.0,13.0,7.0,6.0,5.0,0.0,89.0,83.0,98.0,172.0,9.0,25.0,1.0,2.0,2.0,1.0
596408,244809,artzin,5957,FUR,FURIA,1.49,0.78,251.0,204.0,8.0,7.0,6.0,10.0,5.0,6.0,78.0,83.0,160.0,145.0,29.0,18.0,0.0,2.0,1.0,1.0
596408,244809,eeiu,796,FUR,FURIA,1.06,1.05,204.0,190.0,7.0,9.0,6.0,8.0,0.0,1.0,56.0,75.0,143.0,123.0,40.0,11.0,1.0,1.0,1.0,0.0
596408,244809,nerve,754,FUR,FURIA,1.33,0.51,166.0,170.0,7.0,7.0,3.0,11.0,1.0,2.0,78.0,58.0,92.0,129.0,25.0,21.0,0.0,1.0,0.0,2.0
596408,244809,alym,48025,FUR,FURIA,1.27,0.35,296.0,114.0,9.0,3.0,6.0,10.0,1.0,3.0,89.0,50.0,170.0,90.0,36.0,24.0,1.0,0.0,2.0,2.0
596409,244810,pANcada,683,LOUD,LOUD,1.0,1.25,168.0,211.0,7.0,9.0,8.0,7.0,7.0,3.0,67.0,75.0,109.0,167.0,20.0,23.0,0.0,1.0,0.0,0.0
596409,244810,Virtyy,3983,LOUD,LOUD,0.91,1.27,207.0,261.0,9.0,14.0,10.0,8.0,1.0,0.0,75.0,67.0,123.0,158.0,31.0,12.0,0.0,2.0,3.0,1.0
596409,244810,Darker,10557,LOUD,LOUD,1.05,1.07,206.0,169.0,9.0,7.0,9.0,7.0,1.0,4.0,58.0,92.0,132.0,125.0,14.0,25.0,0.0,2.0,2.0,1.0
596409,244810,lukxo,28716,LOUD,LOUD,0.79,1.3,159.0,203.0,7.0,9.0,9.0,7.0,2.0,3.0,58.0,92.0,113.0,140.0,46.0,28.0,1.0,1.0,5.0,2.0
596409,244810,cauanzin,6193,LOUD,LOUD,1.13,0.72,226.0,185.0,10.0,8.0,8.0,9.0,3.0,3.0,67.0,75.0,145.0,119.0,11.0,35.0,1.0,1.0,0.0,1.0
596409,244810,Cryocells,4147,100T,100 Thieves,1.92,0.34,341.0,96.0,16.0,4.0,7.0,10.0,1.0,1.0,75.0,50.0,218.0,81.0,45.0,50.0,2.0,1.0,0.0,0.0
596409,244810,Timotino,29893,100T,100 Thieves,0.61,1.33,172.0,322.0,7.0,14.0,11.0,10.0,2.0,0.0,58.0,75.0,119.0,211.0,23.0,38.0,1.0,4.0,5.0,1.0
596409,244810,vora,20140,100T,100 Thieves,0.82,1.05,165.0,201.0,7.0,9.0,10.0,7.0,6.0,0.0,83.0,58.0,119.0,120.0,25.0,22.0,1.0,3.0,0.0,0.0
596409,244810,bang,3880,100T,100 Thieves,0.56,1.16,112.0,273.0,4.0,11.0,9.0,9.0,3.0,4.0,67.0,67.0,80.0,196.0,50.0,32.0,0.0,0.0,0.0,0.0
596409,244810,Asuna,601,100T,100 Thieves,0.45,1.21,120.0,158.0,4.0,6.0,10.0,6.0,5.0,11.0,58.0,83.0,67.0,100.0,13.0,31.0,1.0,2.0,2.0,1.0
596409,244812,lukxo,28716,LOUD,LOUD,1.32,1.06,296.0,193.0,12.0,5.0,9.0,4.0,3.0,2.0,75.0,71.0,181.0,129.0,27.0,24.0,4.0,0.0,1.0,0.0
596409,244812,Virtyy,3983,LOUD,LOUD,0.78,1.03,152.0,207.0,6.0,6.0,9.0,5.0,4.0,3.0,67.0,71.0,115.0,116.0,16.0,43.0,1.0,1.0,0.0,2.0
596409,244812,cauanzin,6193,LOUD,LOUD,0.67,0.84,110.0,184.0,5.0,4.0,9.0,5.0,3.0,1.0,75.0,57.0,58.0,111.0,26.0,17.0,1.0,0.0,1.0,0.0
596409,244812,pANcada,683,LOUD,LOUD,0.7,0.75,149.0,188.0,5.0,4.0,10.0,7.0,8.0,0.0,75.0,57.0,113.0,144.0,31.0,45.0,2.0,0.0,0.0,0.0
596409,244812,Darker,10557,LOUD,LOUD,0.58,0.49,174.0,129.0,7.0,3.0,11.0,6.0,2.0,1.0,58.0,43.0,118.0,79.0,47.0,8.0,2.0,1.0,0.0,3.0
596409,244812,bang,3880,100T,100 Thieves,1.11,1.48,162.0,258.0,4.0,11.0,3.0,6.0,1.0,2.0,71.0,83.0,138.0,176.0,63.0,52.0,0.0,0.0,1.0,2.0
596409,244812,Timotino,29893,100T,100 Thieves,1.34,1.34,237.0,236.0,6.0,11.0,4.0,7.0,1.0,2.0,86.0,67.0,147.0,158.0,24.0,33.0,2.0,1.0,0.0,3.0
596409,244812,Cryocells,4147,100T,100 Thieves,1.83,1.01,340.0,177.0,9.0,8.0,4.0,6.0,2.0,1.0,100.0,75.0,195.0,114.0,31.0,14.0,3.0,1.0,0.0,1.0
596409,244812,vora,20140,100T,100 Thieves,0.68,1.16,175.0,245.0,4.0,11.0,6.0,9.0,8.0,3.0,71.0,75.0,100.0,146.0,31.0,34.0,0.0,0.0,1.0,2.0
596409,244812,Asuna,601,100T,100 Thieves,0.78,1.02,148.0,161.0,4.0,7.0,5.0,7.0,0.0,6.0,57.0,75.0,139.0,112.0,29.0,9.0,0.0,0.0,0.0,2.0
596409,249108,lukxo,28716,LOUD,LOUD,1.07,0.21,232.0,80.0,11.0,1.0,9.0,3.0,0.0,1.0,50.0,67.0,147.0,39.0,34.0,0.0,0.0,0.0,3.0,0.0
596409,249108,pANcada,683,LOUD,LOUD,0.85,0.84,139.0,231.0,5.0,3.0,8.0,3.0,3.0,0.0,83.0,67.0,105.0,134.0,41.0,50.0,0.0,0.0,1.0,0.0
596409,249108,Virtyy,3983,LOUD,LOUD,0.63,0.77,153.0,206.0,6.0,2.0,10.0,3.0,2.0,1.0,58.0,67.0,85.0,123.0,9.0,38.0,1.0,0.0,3.0,1.0
596409,249108,cauanzin,6193,LOUD,LOUD,0.21,1.15,74.0,218.0,3.0,2.0,11.0,3.0,1.0,3.0,50.0,100.0,49.0,117.0,30.0,14.0,0.0,1.0,4.0,0.0
596409,249108,Darker,10557,LOUD,LOUD,0.38,0.06,65.0,101.0,2.0,1.0,10.0,3.0,3.0,0.0,67.0,67.0,54.0,59.0,7.0,0.0,0.0,1.0,0.0,0.0
596409,249108,bang,3880,100T,100 Thieves,1.41,1.93,170.0,264.0,2.0,12.0,1.0,3.0,1.0,12.0,100.0,92.0,113.0,151.0,75.0,33.0,0.0,2.0,0.0,0.0
596409,249108,Asuna,601,100T,100 Thieves,1.51,1.45,279.0,224.0,3.0,10.0,2.0,5.0,1.0,5.0,100.0,83.0,171.0,141.0,14.0,25.0,1.0,1.0,0.0,0.0
596409,249108,Timotino,29893,100T,100 Thieves,1.67,1.26,414.0,261.0,5.0,11.0,2.0,7.0,0.0,4.0,67.0,100.0,288.0,186.0,44.0,40.0,0.0,2.0,1.0,0.0
596409,249108,Cryocells,4147,100T,100 Thieves,0.03,1.52,72.0,229.0,1.0,10.0,3.0,4.0,0.0,0.0,33.0,83.0,78.0,166.0,33.0,24.0,0.0,5.0,1.0,1.0
596409,249108,vora,20140,100T,100 Thieves,2.31,0.71,339.0,143.0,4.0,5.0,1.0,8.0,2.0,3.0,100.0,58.0,219.0,102.0,44.0,18.0,0.0,1.0,0.0,0.0
596410,244813,bao,34400,EG,Evil Geniuses,0.75,1.26,209.0,223.0,7.0,11.0,7.0,8.0,1.0,0.0,89.0,75.0,145.0,119.0,25.0,37.0,0.0,1.0,1.0,3.0
596410,244813,Okeanos,8373,EG,Evil Geniuses,1.31,0.42,205.0,95.0,8.0,4.0,6.0,10.0,4.0,1.0,89.0,42.0,153.0,65.0,53.0,44.0,0.0,0.0,0.0,1.0
596410,244813,C0M,619,EG,Evil Geniuses,0.91,0.6,186.0,142.0,5.0,4.0,6.0,10.0,3.0,3.0,78.0,67.0,120.0,97.0,57.0,14.0,1.0,0.0,0.0,0.0
596410,244813,dgzin,8873,EG,Evil Geniuses,0.7,0.54,193.0,128.0,7.0,5.0,7.0,10.0,1.0,2.0,89.0,83.0,113.0,69.0,42.0,25.0,2.0,2.0,3.0,1.0
596410,244813,supamen,826,EG,Evil Geniuses,0.36,0.2,69.0,61.0,2.0,2.0,7.0,11.0,3.0,4.0,67.0,58.0,50.0,43.0,29.0,29.0,0.0,0.0,1.0,3.0
596410,244813,johnqt,1265,SEN,Sentinels,1.52,2.07,258.0,346.0,11.0,13.0,4.0,5.0,1.0,0.0,92.0,89.0,181.0,213.0,45.0,40.0,1.0,0.0,0.0,0.0
596410,244813,Reduxx,8419,SEN,Sentinels,1.34,1.1,285.0,156.0,13.0,5.0,7.0,5.0,1.0,4.0,75.0,78.0,190.0,115.0,59.0,55.0,2.0,2.0,1.0,0.0
596410,244813,Kyu,30470,SEN,Sentinels,0.82,1.22,101.0,190.0,5.0,7.0,5.0,6.0,3.0,3.0,67.0,89.0,54.0,106.0,10.0,18.0,0.0,1.0,0.0,0.0
596410,244813,N4RRATE,36245,SEN,Sentinels,1.19,0.57,198.0,206.0,8.0,5.0,6.0,9.0,3.0,3.0,92.0,78.0,152.0,135.0,23.0,30.0,4.0,0.0,2.0,0.0
596410,244813,cortezia,5395,SEN,Sentinels,1.22,0.26,134.0,108.0,6.0,3.0,4.0,9.0,4.0,1.0,92.0,44.0,97.0,81.0,36.0,40.0,1.0,2.0,0.0,3.0
596410,244814,bao,34400,EG,Evil Geniuses,0.88,1.3,176.0,302.0,7.0,12.0,9.0,10.0,1.0,4.0,67.0,83.0,112.0,233.0,27.0,23.0,1.0,3.0,0.0,1.0
596410,244814,dgzin,8873,EG,Evil Geniuses,0.76,1.41,190.0,214.0,8.0,11.0,10.0,6.0,2.0,2.0,58.0,83.0,114.0,147.0,18.0,22.0,2.0,2.0,1.0,1.0
596410,244814,supamen,826,EG,Evil Geniuses,0.95,1.15,122.0,180.0,5.0,8.0,6.0,8.0,4.0,3.0,67.0,75.0,76.0,106.0,75.0,35.0,0.0,1.0,0.0,1.0
596410,244814,C0M,619,EG,Evil Geniuses,0.95,0.9,143.0,126.0,6.0,6.0,8.0,6.0,2.0,2.0,58.0,67.0,111.0,86.0,21.0,25.0,0.0,0.0,2.0,1.0
596410,244814,Okeanos,8373,EG,Evil Geniuses,0.25,1.08,118.0,211.0,5.0,9.0,11.0,7.0,0.0,3.0,42.0,75.0,81.0,147.0,17.0,30.0,2.0,2.0,4.0,0.0
596410,244814,johnqt,1265,SEN,Sentinels,0.98,1.51,177.0,255.0,9.0,13.0,8.0,5.0,5.0,4.0,83.0,100.0,116.0,142.0,29.0,23.0,1.0,1.0,0.0,0.0
596410,244814,Reduxx,8419,SEN,Sentinels,1.05,1.32,269.0,215.0,11.0,9.0,9.0,7.0,2.0,4.0,58.0,83.0,173.0,126.0,34.0,19.0,2.0,5.0,3.0,0.0
596410,244814,Kyu,30470,SEN,Sentinels,1.03,1.08,231.0,212.0,9.0,8.0,8.0,7.0,3.0,6.0,92.0,83.0,152.0,141.0,30.0,19.0,1.0,1.0,1.0,2.0
596410,244814,cortezia,5395,SEN,Sentinels,0.32,1.39,96.0,211.0,3.0,8.0,10.0,5.0,1.0,5.0,42.0,83.0,72.0,175.0,24.0,35.0,0.0,0.0,2.0,2.0
596410,244814,N4RRATE,36245,SEN,Sentinels,0.54,0.73,141.0,140.0,5.0,6.0,11.0,7.0,3.0,3.0,58.0,67.0,113.0,87.0,23.0,18.0,0.0,0.0,2.0,1.0
596411,244816,infiltrator,9063,KRÜ,KRÜ Esports,1.32,1.53,272.0,346.0,12.0,13.0,7.0,8.0,2.0,1.0,92.0,80.0,161.0,219.0,27.0,39.0,0.0,3.0,0.0,1.0
596411,244816,NagZ,1294,KRÜ,KRÜ Esports,1.66,0.82,238.0,111.0,12.0,3.0,5.0,6.0,9.0,7.0,92.0,80.0,146.0,71.0,24.0,25.0,0.0,0.0,1.0,1.0
596411,244816,mta,36169,KRÜ,KRÜ Esports,1.12,1.34,214.0,260.0,10.0,9.0,7.0,7.0,2.0,2.0,100.0,80.0,126.0,168.0,43.0,36.0,3.0,1.0,0.0,0.0
596411,244816,benG,38857,KRÜ,KRÜ Esports,1.27,0.71,212.0,151.0,8.0,5.0,5.0,8.0,3.0,3.0,75.0,60.0,119.0,84.0,27.0,36.0,4.0,2.0,0.0,0.0
596411,244816,Governor,3980,KRÜ,KRÜ Esports,0.52,0.66,153.0,131.0,5.0,5.0,10.0,7.0,7.0,3.0,75.0,80.0,98.0,101.0,12.0,46.0,2.0,0.0,2.0,2.0
596411,244816,P0PPIN,21778,ENVY,ENVY,0.77,1.28,154.0,278.0,5.0,12.0,7.0,11.0,1.0,1.0,80.0,58.0,97.0,177.0,17.0,32.0,0.0,1.0,0.0,2.0
596411,244816,Inspire,53,ENVY,ENVY,1.24,0.7,222.0,126.0,8.0,5.0,7.0,9.0,4.0,5.0,80.0,50.0,118.0,85.0,22.0,27.0,1.0,0.0,1.0,2.0
596411,244816,keznit,2462,ENVY,ENVY,0.9,0.87,197.0,135.0,7.0,6.0,7.0,8.0,2.0,2.0,70.0,58.0,143.0,91.0,24.0,42.0,1.0,1.0,2.0,2.0
596411,244816,Rossy,1129,ENVY,ENVY,1.03,0.7,181.0,139.0,8.0,6.0,6.0,8.0,1.0,0.0,90.0,50.0,89.0,99.0,20.0,33.0,1.0,0.0,0.0,2.0
596411,244816,Eggsterr,35302,ENVY,ENVY,0.51,0.46,156.0,152.0,5.0,5.0,8.0,11.0,3.0,2.0,90.0,33.0,99.0,96.0,31.0,21.0,1.0,1.0,3.0,1.0
596411,244817,mta,36169,KRÜ,KRÜ Esports,0.29,2.67,107.0,538.0,4.0,13.0,12.0,3.0,2.0,1.0,50.0,83.0,62.0,295.0,29.0,43.0,1.0,1.0,2.0,0.0
596411,244817,benG,38857,KRÜ,KRÜ Esports,0.72,1.25,156.0,238.0,6.0,5.0,12.0,4.0,2.0,2.0,58.0,83.0,101.0,147.0,40.0,21.0,1.0,1.0,0.0,0.0
596411,244817,NagZ,1294,KRÜ,KRÜ Esports,0.9,0.84,176.0,155.0,7.0,2.0,10.0,4.0,2.0,3.0,58.0,83.0,142.0,128.0,45.0,26.0,0.0,1.0,1.0,0.0
596411,244817,Governor,3980,KRÜ,KRÜ Esports,0.38,0.85,108.0,176.0,4.0,5.0,12.0,4.0,3.0,1.0,50.0,67.0,66.0,95.0,11.0,8.0,1.0,1.0,2.0,1.0
596411,244817,infiltrator,9063,KRÜ,KRÜ Esports,0.45,0.16,133.0,88.0,4.0,1.0,12.0,5.0,3.0,1.0,50.0,50.0,88.0,69.0,18.0,7.0,1.0,0.0,3.0,1.0
596411,244817,Rossy,1129,ENVY,ENVY,0.98,1.8,159.0,284.0,3.0,13.0,5.0,4.0,5.0,8.0,67.0,92.0,99.0,205.0,6.0,30.0,0.0,2.0,0.0,1.0
596411,244817,Eggsterr,35302,ENVY,ENVY,1.08,1.56,237.0,249.0,5.0,11.0,4.0,4.0,2.0,4.0,83.0,92.0,111.0,147.0,57.0,35.0,1.0,3.0,1.0,0.0
596411,244817,P0PPIN,21778,ENVY,ENVY,0.98,1.47,247.0,316.0,5.0,13.0,6.0,7.0,3.0,7.0,83.0,100.0,174.0,188.0,45.0,19.0,1.0,1.0,1.0,0.0
596411,244817,Inspire,53,ENVY,ENVY,0.85,1.21,177.0,115.0,4.0,6.0,5.0,2.0,0.0,3.0,50.0,92.0,123.0,83.0,33.0,16.0,0.0,0.0,0.0,1.0
596411,244817,keznit,2462,ENVY,ENVY,0.45,1.32,180.0,310.0,3.0,15.0,6.0,8.0,1.0,2.0,67.0,92.0,143.0,203.0,21.0,25.0,0.0,2.0,2.0,2.0
596411,244818,benG,38857,KRÜ,KRÜ Esports,1.14,1.03,204.0,197.0,8.0,8.0,8.0,8.0,3.0,1.0,70.0,75.0,110.0,136.0,31.0,42.0,2.0,0.0,0.0,1.0
596411,244818,Governor,3980,KRÜ,KRÜ Esports,0.81,1.05,160.0,239.0,5.0,10.0,9.0,9.0,1.0,4.0,80.0,75.0,105.0,146.0,8.0,16.0,0.0,1.0,0.0,2.0
596411,244818,infiltrator,9063,KRÜ,KRÜ Esports,0.69,0.83,220.0,238.0,7.0,10.0,10.0,10.0,3.0,3.0,70.0,75.0,138.0,135.0,39.0,29.0,2.0,2.0,2.0,2.0
596411,244818,mta,36169,KRÜ,KRÜ Esports,0.07,1.34,72.0,268.0,2.0,13.0,10.0,7.0,1.0,0.0,50.0,75.0,45.0,160.0,43.0,12.0,0.0,2.0,2.0,0.0
596411,244818,NagZ,1294,KRÜ,KRÜ Esports,0.07,0.97,63.0,118.0,2.0,5.0,10.0,6.0,2.0,2.0,40.0,83.0,42.0,86.0,38.0,25.0,0.0,1.0,2.0,1.0
596411,244818,Inspire,53,ENVY,ENVY,1.18,2.04,236.0,370.0,10.0,14.0,8.0,4.0,0.0,6.0,75.0,90.0,146.0,237.0,53.0,32.0,0.0,0.0,0.0,0.0
596411,244818,keznit,2462,ENVY,ENVY,1.45,1.11,312.0,255.0,13.0,9.0,9.0,7.0,1.0,1.0,67.0,80.0,186.0,159.0,68.0,13.0,5.0,3.0,2.0,2.0
596411,244818,Rossy,1129,ENVY,ENVY,0.82,1.27,169.0,231.0,7.0,9.0,9.0,4.0,0.0,2.0,67.0,80.0,124.0,144.0,50.0,22.0,1.0,0.0,1.0,2.0
596411,244818,Eggsterr,35302,ENVY,ENVY,0.42,1.33,94.0,170.0,4.0,7.0,10.0,3.0,2.0,3.0,58.0,80.0,75.0,111.0,36.0,21.0,0.0,1.0,2.0,0.0
596411,244818,P0PPIN,21778,ENVY,ENVY,0.52,1.04,148.0,211.0,6.0,8.0,10.0,6.0,4.0,1.0,75.0,100.0,95.0,126.0,75.0,44.0,0.0,2.0,1.0,0.0
596412,244819,PxS,13823,LEV,LEVIATÁN,0.82,1.77,146.0,221.0,6.0,5.0,8.0,2.0,0.0,0.0,58.0,50.0,86.0,127.0,14.0,29.0,2.0,1.0,2.0,0.0
596412,244819,blowz,21251,LEV,LEVIATÁN,0.77,1.13,149.0,285.0,6.0,4.0,9.0,4.0,0.0,4.0,75.0,100.0,100.0,177.0,31.0,23.0,0.0,0.0,0.0,0.0
596412,244819,Sato,21659,LEV,LEVIATÁN,0.65,0.73,159.0,166.0,6.0,2.0,10.0,2.0,1.0,2.0,58.0,75.0,121.0,125.0,27.0,50.0,2.0,0.0,4.0,1.0
596412,244819,spike,21661,LEV,LEVIATÁN,0.46,1.03,116.0,206.0,4.0,3.0,10.0,3.0,7.0,2.0,67.0,75.0,69.0,121.0,28.0,14.0,0.0,1.0,1.0,0.0
596412,244819,kiNgg,8549,LEV,LEVIATÁN,0.49,0.03,109.0,25.0,4.0,0.0,10.0,4.0,2.0,3.0,50.0,50.0,65.0,6.0,44.0,0.0,0.0,0.0,1.0,1.0
596412,244819,Xeppaa,7871,C9,Cloud9,0.92,2.08,192.0,318.0,3.0,16.0,3.0,3.0,1.0,2.0,75.0,92.0,99.0,199.0,29.0,17.0,0.0,0.0,0.0,0.0
596412,244819,Demon1,26171,C9,Cloud9,0.94,1.59,129.0,336.0,2.0,15.0,2.0,7.0,2.0,1.0,100.0,83.0,102.0,217.0,50.0,39.0,0.0,5.0,1.0,0.0
596412,244819,v1c,17433,C9,Cloud9,1.03,1.08,194.0,120.0,3.0,4.0,3.0,4.0,0.0,3.0,75.0,83.0,104.0,77.0,18.0,36.0,1.0,0.0,0.0,1.0
596412,244819,Zellsis,729,C9,Cloud9,1.36,0.93,263.0,125.0,4.0,4.0,3.0,5.0,3.0,16.0,75.0,75.0,165.0,74.0,27.0,29.0,0.0,1.0,0.0,0.0
596412,244819,penny,7716,C9,Cloud9,0.98,0.98,219.0,206.0,3.0,8.0,3.0,7.0,0.0,4.0,25.0,67.0,123.0,133.0,25.0,29.0,1.0,2.0,1.0,3.0
596412,244820,blowz,21251,LEV,LEVIATÁN,1.17,1.25,272.0,235.0,8.0,10.0,7.0,8.0,1.0,1.0,78.0,67.0,168.0,155.0,27.0,22.0,0.0,1.0,0.0,1.0
596412,244820,kiNgg,8549,LEV,LEVIATÁN,1.22,0.87,221.0,159.0,7.0,7.0,7.0,8.0,3.0,1.0,78.0,67.0,151.0,91.0,41.0,14.0,0.0,3.0,1.0,0.0
596412,244820,Sato,21659,LEV,LEVIATÁN,0.28,1.22,118.0,295.0,3.0,12.0,8.0,9.0,3.0,3.0,67.0,83.0,79.0,190.0,33.0,48.0,1.0,3.0,3.0,0.0
596412,244820,PxS,13823,LEV,LEVIATÁN,0.55,0.67,124.0,75.0,4.0,3.0,6.0,5.0,1.0,3.0,56.0,58.0,72.0,53.0,8.0,38.0,0.0,0.0,1.0,1.0
596412,244820,spike,21661,LEV,LEVIATÁN,0.3,0.09,115.0,76.0,3.0,3.0,8.0,11.0,1.0,1.0,44.0,17.0,77.0,53.0,11.0,26.0,2.0,0.0,1.0,3.0
596412,244820,Xeppaa,7871,C9,Cloud9,1.39,1.62,196.0,261.0,8.0,9.0,5.0,4.0,8.0,3.0,83.0,100.0,129.0,198.0,42.0,30.0,0.0,0.0,2.0,0.0
596412,244820,Zellsis,729,C9,Cloud9,1.44,1.29,219.0,231.0,9.0,9.0,6.0,5.0,9.0,1.0,83.0,89.0,120.0,121.0,13.0,16.0,2.0,2.0,1.0,0.0
596412,244820,Demon1,26171,C9,Cloud9,0.99,1.63,238.0,253.0,10.0,8.0,9.0,4.0,1.0,1.0,58.0,78.0,141.0,185.0,56.0,54.0,1.0,3.0,2.0,0.0
596412,244820,penny,7716,C9,Cloud9,1.08,0.91,210.0,213.0,9.0,8.0,8.0,7.0,2.0,1.0,67.0,67.0,132.0,121.0,23.0,21.0,1.0,1.0,1.0,2.0
596412,244820,v1c,17433,C9,Cloud9,0.68,0.66,119.0,104.0,5.0,2.0,7.0,5.0,4.0,7.0,83.0,78.0,80.0,84.0,20.0,11.0,1.0,0.0,1.0,1.0
596413,244822,Timotino,29893,100T,100 Thieves,0.85,1.9,216.0,361.0,9.0,15.0,11.0,7.0,1.0,6.0,75.0,75.0,154.0,242.0,69.0,41.0,1.0,4.0,2.0,1.0
596413,244822,bang,3880,100T,100 Thieves,1.09,1.15,208.0,167.0,9.0,7.0,9.0,6.0,1.0,5.0,67.0,92.0,121.0,112.0,44.0,53.0,1.0,1.0,1.0,1.0
596413,244822,Cryocells,4147,100T,100 Thieves,0.85,1.18,189.0,216.0,9.0,12.0,11.0,6.0,0.0,0.0,67.0,67.0,127.0,125.0,69.0,34.0,2.0,1.0,3.0,1.0
596413,244822,Asuna,601,100T,100 Thieves,0.76,1.07,132.0,177.0,5.0,7.0,8.0,6.0,5.0,7.0,67.0,67.0,90.0,102.0,23.0,18.0,0.0,1.0,1.0,1.0
596413,244822,vora,20140,100T,100 Thieves,0.58,1.1,149.0,206.0,6.0,8.0,10.0,6.0,3.0,6.0,75.0,92.0,115.0,145.0,35.0,21.0,0.0,0.0,1.0,1.0
596413,244822,johnqt,1265,SEN,Sentinels,1.47,1.99,283.0,372.0,12.0,18.0,8.0,7.0,3.0,1.0,67.0,83.0,173.0,236.0,18.0,35.0,1.0,2.0,0.0,0.0
596413,244822,Kyu,30470,SEN,Sentinels,0.55,1.5,137.0,257.0,4.0,12.0,10.0,6.0,3.0,4.0,50.0,75.0,105.0,143.0,16.0,14.0,0.0,2.0,2.0,0.0
596413,244822,cortezia,5395,SEN,Sentinels,0.5,1.43,108.0,319.0,3.0,13.0,10.0,7.0,1.0,5.0,50.0,92.0,81.0,245.0,15.0,33.0,1.0,1.0,1.0,0.0
596413,244822,N4RRATE,36245,SEN,Sentinels,0.95,0.26,217.0,49.0,8.0,1.0,10.0,9.0,5.0,5.0,58.0,75.0,152.0,38.0,17.0,13.0,1.0,0.0,0.0,2.0
596413,244822,Reduxx,8419,SEN,Sentinels,0.39,0.58,121.0,126.0,4.0,5.0,11.0,9.0,3.0,6.0,42.0,67.0,78.0,80.0,29.0,50.0,2.0,3.0,4.0,2.0
596413,244823,Timotino,29893,100T,100 Thieves,1.54,0.82,352.0,198.0,19.0,10.0,10.0,14.0,2.0,3.0,80.0,53.0,226.0,134.0,36.0,21.0,6.0,2.0,1.0,5.0
596413,244823,Cryocells,4147,100T,100 Thieves,1.14,1.21,225.0,221.0,12.0,12.0,9.0,10.0,5.0,1.0,80.0,73.0,138.0,139.0,19.0,30.0,3.0,1.0,2.0,1.0
596413,244823,bang,3880,100T,100 Thieves,1.76,0.43,257.0,106.0,15.0,5.0,6.0,13.0,6.0,3.0,100.0,47.0,169.0,77.0,41.0,44.0,1.0,1.0,0.0,2.0
596413,244823,vora,20140,100T,100 Thieves,1.29,0.85,199.0,194.0,10.0,9.0,7.0,13.0,7.0,7.0,93.0,73.0,129.0,121.0,29.0,42.0,0.0,1.0,0.0,1.0
596413,244823,Asuna,601,100T,100 Thieves,0.92,0.56,138.0,176.0,7.0,9.0,8.0,14.0,7.0,1.0,93.0,53.0,85.0,108.0,23.0,31.0,0.0,0.0,2.0,1.0
596413,244823,Reduxx,8419,SEN,Sentinels,1.86,0.83,384.0,206.0,23.0,11.0,9.0,13.0,3.0,3.0,93.0,60.0,258.0,134.0,50.0,14.0,5.0,1.0,1.0,4.0
596413,244823,johnqt,1265,SEN,Sentinels,2.07,0.59,330.0,110.0,19.0,3.0,6.0,11.0,8.0,6.0,100.0,60.0,207.0,99.0,39.0,16.0,1.0,0.0,0.0,2.0
596413,244823,cortezia,5395,SEN,Sentinels,0.95,0.73,183.0,218.0,9.0,10.0,9.0,10.0,5.0,1.0,80.0,73.0,106.0,145.0,22.0,18.0,2.0,0.0,0.0,1.0
596413,244823,Kyu,30470,SEN,Sentinels,0.57,0.69,89.0,199.0,4.0,10.0,9.0,15.0,6.0,1.0,80.0,53.0,69.0,120.0,16.0,15.0,0.0,1.0,1.0,1.0
596413,244823,N4RRATE,36245,SEN,Sentinels,0.77,0.43,186.0,139.0,9.0,6.0,12.0,14.0,8.0,2.0,93.0,53.0,119.0,94.0,14.0,15.0,2.0,3.0,3.0,2.0
596414,244825,Inspire,53,ENVY,ENVY,0.94,1.65,163.0,289.0,9.0,18.0,13.0,10.0,4.0,7.0,47.0,79.0,121.0,219.0,17.0,35.0,0.0,3.0,2.0,2.0
596414,244825,P0PPIN,21778,ENVY,ENVY,0.84,1.34,199.0,275.0,14.0,17.0,16.0,12.0,2.0,9.0,68.0,84.0,124.0,180.0,56.0,25.0,3.0,5.0,2.0,1.0
596414,244825,Rossy,1129,ENVY,ENVY,1.01,1.02,159.0,167.0,12.0,11.0,11.0,12.0,6.0,11.0,68.0,68.0,94.0,100.0,17.0,15.0,1.0,0.0,0.0,1.0
596414,244825,keznit,2462,ENVY,ENVY,0.76,1.0,183.0,215.0,12.0,15.0,15.0,13.0,3.0,3.0,63.0,68.0,122.0,151.0,24.0,25.0,0.0,3.0,4.0,1.0
596414,244825,Eggsterr,35302,ENVY,ENVY,0.82,0.61,209.0,115.0,14.0,7.0,17.0,13.0,3.0,7.0,63.0,68.0,144.0,84.0,38.0,19.0,2.0,1.0,5.0,2.0
596414,244825,Demon1,26171,C9,Cloud9,1.04,1.45,236.0,300.0,17.0,20.0,15.0,11.0,2.0,4.0,63.0,84.0,150.0,202.0,37.0,34.0,4.0,4.0,3.0,0.0
596414,244825,v1c,17433,C9,Cloud9,1.0,1.14,193.0,197.0,12.0,14.0,13.0,13.0,8.0,6.0,68.0,79.0,120.0,144.0,31.0,30.0,0.0,3.0,1.0,0.0
596414,244825,Xeppaa,7871,C9,Cloud9,1.22,0.89,222.0,168.0,16.0,9.0,13.0,12.0,2.0,6.0,74.0,63.0,138.0,140.0,22.0,28.0,0.0,2.0,2.0,1.0
596414,244825,penny,7716,C9,Cloud9,0.87,1.25,201.0,295.0,13.0,18.0,14.0,14.0,4.0,6.0,58.0,89.0,126.0,202.0,20.0,18.0,3.0,4.0,5.0,2.0
596414,244825,Zellsis,729,C9,Cloud9,0.44,1.03,58.0,164.0,2.0,11.0,13.0,11.0,9.0,12.0,68.0,79.0,38.0,104.0,0.0,18.0,0.0,0.0,1.0,3.0
596414,244826,keznit,2462,ENVY,ENVY,1.46,1.29,312.0,239.0,14.0,8.0,8.0,5.0,1.0,1.0,83.0,78.0,185.0,133.0,30.0,6.0,4.0,2.0,2.0,0.0
596414,244826,Rossy,1129,ENVY,ENVY,1.19,1.59,215.0,292.0,9.0,10.0,7.0,5.0,4.0,1.0,83.0,78.0,144.0,173.0,19.0,17.0,1.0,2.0,1.0,0.0
596414,244826,P0PPIN,21778,ENVY,ENVY,0.9,1.44,192.0,263.0,9.0,9.0,9.0,5.0,2.0,2.0,92.0,78.0,109.0,172.0,36.0,53.0,0.0,2.0,0.0,2.0
596414,244826,Inspire,53,ENVY,ENVY,0.79,0.91,159.0,119.0,7.0,4.0,8.0,4.0,3.0,2.0,67.0,67.0,93.0,102.0,31.0,31.0,1.0,0.0,0.0,0.0
596414,244826,Eggsterr,35302,ENVY,ENVY,0.8,0.6,131.0,120.0,5.0,4.0,8.0,6.0,4.0,2.0,67.0,78.0,96.0,72.0,29.0,57.0,1.0,1.0,2.0,0.0
596414,244826,v1c,17433,C9,Cloud9,1.02,1.11,258.0,159.0,8.0,9.0,7.0,7.0,3.0,3.0,67.0,75.0,155.0,103.0,29.0,40.0,0.0,0.0,2.0,2.0
596414,244826,Demon1,26171,C9,Cloud9,0.06,1.68,81.0,346.0,2.0,14.0,8.0,8.0,1.0,3.0,33.0,83.0,54.0,224.0,50.0,30.0,0.0,2.0,4.0,1.0
596414,244826,Xeppaa,7871,C9,Cloud9,0.8,1.08,127.0,221.0,4.0,10.0,6.0,9.0,1.0,4.0,78.0,83.0,85.0,141.0,33.0,22.0,0.0,1.0,0.0,0.0
596414,244826,penny,7716,C9,Cloud9,1.2,0.66,216.0,129.0,7.0,6.0,6.0,8.0,2.0,1.0,56.0,58.0,126.0,79.0,17.0,29.0,2.0,2.0,1.0,2.0
596414,244826,Zellsis,729,C9,Cloud9,0.64,0.08,129.0,97.0,4.0,1.0,8.0,12.0,2.0,8.0,44.0,50.0,65.0,80.0,7.0,10.0,0.0,0.0,0.0,2.0
596414,244827,keznit,2462,ENVY,ENVY,1.78,1.24,319.0,186.0,15.0,7.0,8.0,7.0,1.0,4.0,83.0,83.0,213.0,125.0,41.0,17.0,3.0,2.0,1.0,1.0
596414,244827,Inspire,53,ENVY,ENVY,1.3,0.66,260.0,158.0,11.0,7.0,7.0,10.0,4.0,2.0,92.0,75.0,178.0,95.0,52.0,41.0,3.0,2.0,1.0,0.0
596414,244827,P0PPIN,21778,ENVY,ENVY,0.67,0.84,106.0,207.0,4.0,8.0,8.0,10.0,5.0,1.0,75.0,42.0,72.0,118.0,29.0,9.0,0.0,2.0,0.0,1.0
596414,244827,Rossy,1129,ENVY,ENVY,0.86,0.52,167.0,125.0,7.0,5.0,8.0,9.0,5.0,3.0,67.0,42.0,114.0,83.0,17.0,16.0,0.0,1.0,1.0,2.0
596414,244827,Eggsterr,35302,ENVY,ENVY,0.61,0.65,117.0,185.0,4.0,8.0,8.0,10.0,3.0,2.0,67.0,58.0,84.0,97.0,38.0,14.0,1.0,0.0,2.0,1.0
596414,244827,penny,7716,C9,Cloud9,1.58,1.16,277.0,260.0,12.0,10.0,6.0,9.0,4.0,4.0,100.0,67.0,187.0,155.0,24.0,22.0,2.0,1.0,1.0,2.0
596414,244827,Xeppaa,7871,C9,Cloud9,1.57,0.96,255.0,182.0,10.0,7.0,5.0,7.0,9.0,6.0,92.0,75.0,149.0,107.0,14.0,29.0,0.0,0.0,0.0,0.0
596414,244827,Demon1,26171,C9,Cloud9,0.88,1.27,207.0,254.0,8.0,11.0,10.0,7.0,2.0,1.0,83.0,67.0,142.0,179.0,35.0,29.0,1.0,1.0,2.0,2.0
596414,244827,Zellsis,729,C9,Cloud9,1.46,0.61,280.0,101.0,13.0,3.0,7.0,8.0,3.0,4.0,83.0,67.0,184.0,79.0,23.0,9.0,2.0,0.0,0.0,2.0
596414,244827,v1c,17433,C9,Cloud9,0.61,0.9,78.0,182.0,3.0,8.0,7.0,10.0,6.0,4.0,67.0,83.0,55.0,125.0,15.0,30.0,0.0,3.0,4.0,1.0
596415,244828,skuba,11118,NRG,NRG,1.09,1.52,138.0,234.0,6.0,9.0,5.0,5.0,3.0,1.0,75.0,80.0,108.0,173.0,38.0,21.0,2.0,2.0,2.0,0.0
596415,244828,mada,5132,NRG,NRG,1.04,1.44,197.0,227.0,9.0,10.0,7.0,6.0,0.0,1.0,67.0,60.0,114.0,166.0,20.0,38.0,3.0,1.0,1.0,1.0
596415,244828,keiko,11494,NRG,NRG,1.15,0.91,184.0,128.0,8.0,4.0,7.0,6.0,1.0,4.0,67.0,60.0,129.0,89.0,62.0,63.0,0.0,0.0,1.0,0.0
596415,244828,brawk,2172,NRG,NRG,0.7,1.23,93.0,233.0,3.0,8.0,7.0,7.0,3.0,4.0,58.0,70.0,60.0,155.0,0.0,17.0,0.0,1.0,0.0,1.0
596415,244828,Ethan,11225,NRG,NRG,0.78,0.83,131.0,188.0,5.0,6.0,7.0,8.0,2.0,7.0,75.0,90.0,79.0,145.0,46.0,42.0,2.0,2.0,1.0,2.0
596415,244828,Cryocells,4147,100T,100 Thieves,1.52,1.2,274.0,214.0,11.0,8.0,6.0,5.0,0.0,2.0,70.0,92.0,163.0,126.0,52.0,42.0,1.0,2.0,1.0,2.0
596415,244828,Timotino,29893,100T,100 Thieves,0.55,1.1,222.0,280.0,7.0,12.0,9.0,9.0,2.0,2.0,60.0,67.0,148.0,179.0,35.0,30.0,2.0,2.0,3.0,2.0
596415,244828,Asuna,601,100T,100 Thieves,0.59,0.92,120.0,140.0,4.0,5.0,8.0,6.0,2.0,9.0,70.0,83.0,69.0,73.0,44.0,14.0,1.0,0.0,1.0,1.0
596415,244828,bang,3880,100T,100 Thieves,0.85,0.63,123.0,71.0,5.0,4.0,6.0,5.0,2.0,1.0,70.0,67.0,82.0,51.0,27.0,38.0,0.0,1.0,1.0,1.0
596415,244828,vora,20140,100T,100 Thieves,0.48,0.76,158.0,94.0,5.0,4.0,8.0,6.0,0.0,3.0,60.0,83.0,95.0,63.0,38.0,50.0,0.0,0.0,0.0,1.0
596415,244829,brawk,2172,NRG,NRG,1.29,1.81,228.0,328.0,10.0,13.0,7.0,6.0,0.0,3.0,50.0,92.0,141.0,200.0,24.0,10.0,0.0,4.0,2.0,0.0
596415,244829,skuba,11118,NRG,NRG,0.56,1.69,111.0,219.0,4.0,11.0,10.0,3.0,4.0,3.0,58.0,92.0,84.0,156.0,28.0,38.0,1.0,1.0,0.0,0.0
596415,244829,mada,5132,NRG,NRG,0.91,1.07,188.0,186.0,7.0,7.0,9.0,6.0,5.0,3.0,67.0,100.0,113.0,113.0,26.0,10.0,4.0,3.0,2.0,1.0
596415,244829,keiko,11494,NRG,NRG,1.01,0.95,249.0,224.0,10.0,10.0,9.0,10.0,1.0,6.0,67.0,67.0,168.0,125.0,48.0,35.0,2.0,2.0,0.0,1.0
596415,244829,Ethan,11225,NRG,NRG,0.86,0.63,154.0,108.0,6.0,3.0,9.0,8.0,8.0,7.0,58.0,67.0,95.0,81.0,21.0,25.0,0.0,0.0,1.0,0.0
596415,244829,bang,3880,100T,100 Thieves,1.24,1.6,264.0,242.0,12.0,12.0,9.0,6.0,3.0,3.0,83.0,75.0,150.0,151.0,36.0,60.0,1.0,1.0,2.0,0.0
596415,244829,Asuna,601,100T,100 Thieves,0.91,1.3,181.0,233.0,7.0,10.0,8.0,6.0,7.0,4.0,83.0,92.0,113.0,143.0,27.0,27.0,0.0,1.0,1.0,1.0
596415,244829,Cryocells,4147,100T,100 Thieves,0.45,1.17,98.0,232.0,4.0,10.0,9.0,7.0,0.0,1.0,67.0,83.0,64.0,187.0,45.0,38.0,1.0,0.0,1.0,0.0
596415,244829,vora,20140,100T,100 Thieves,1.03,0.38,135.0,114.0,7.0,4.0,7.0,10.0,5.0,3.0,92.0,58.0,74.0,84.0,40.0,15.0,0.0,1.0,2.0,3.0
596415,244829,Timotino,29893,100T,100 Thieves,0.34,0.82,124.0,185.0,3.0,8.0,11.0,8.0,4.0,3.0,50.0,67.0,95.0,98.0,29.0,17.0,0.0,2.0,4.0,3.0
596416,244831,trent,15500,G2,G2 Esports,1.49,0.89,251.0,186.0,11.0,6.0,6.0,9.0,5.0,9.0,92.0,83.0,160.0,132.0,36.0,36.0,1.0,0.0,0.0,0.0
596416,244831,jawgemo,3993,G2,G2 Esports,1.36,0.95,257.0,172.0,11.0,6.0,8.0,6.0,4.0,4.0,75.0,75.0,160.0,108.0,21.0,7.0,2.0,3.0,0.0,3.0
596416,244831,leaf,7873,G2,G2 Esports,1.4,0.9,264.0,244.0,11.0,9.0,6.0,8.0,2.0,3.0,75.0,75.0,170.0,156.0,19.0,10.0,0.0,2.0,2.0,1.0
596416,244831,BABYBAY,2170,G2,G2 Esports,0.63,1.27,204.0,251.0,7.0,12.0,10.0,8.0,5.0,2.0,58.0,75.0,146.0,160.0,20.0,33.0,2.0,1.0,5.0,0.0
596416,244831,valyn,3885,G2,G2 Esports,0.56,1.25,120.0,220.0,4.0,10.0,8.0,6.0,6.0,3.0,58.0,92.0,86.0,123.0,19.0,30.0,0.0,2.0,0.0,0.0
596416,244831,penny,7716,C9,Cloud9,1.29,1.38,272.0,273.0,11.0,11.0,9.0,8.0,3.0,1.0,83.0,50.0,170.0,166.0,16.0,20.0,1.0,1.0,2.0,2.0
596416,244831,OXY,18796,C9,Cloud9,0.93,0.89,220.0,189.0,11.0,8.0,9.0,10.0,0.0,1.0,75.0,58.0,125.0,145.0,27.0,60.0,1.0,3.0,3.0,0.0
596416,244831,Zellsis,729,C9,Cloud9,0.85,0.93,161.0,171.0,6.0,6.0,9.0,8.0,6.0,6.0,67.0,67.0,99.0,103.0,13.0,10.0,0.0,0.0,2.0,0.0
596416,244831,v1c,17433,C9,Cloud9,0.85,0.81,133.0,179.0,4.0,7.0,8.0,9.0,8.0,4.0,67.0,67.0,85.0,111.0,31.0,20.0,1.0,1.0,0.0,1.0
596416,244831,Xeppaa,7871,C9,Cloud9,0.81,0.71,106.0,160.0,5.0,6.0,8.0,9.0,8.0,4.0,58.0,67.0,66.0,100.0,21.0,35.0,1.0,2.0,1.0,2.0
596416,244832,BABYBAY,2170,G2,G2 Esports,1.27,1.92,224.0,252.0,10.0,11.0,8.0,2.0,1.0,1.0,75.0,90.0,134.0,167.0,0.0,14.0,2.0,2.0,2.0,0.0
596416,244832,leaf,7873,G2,G2 Esports,1.07,1.73,232.0,244.0,10.0,10.0,9.0,2.0,2.0,3.0,67.0,100.0,146.0,155.0,26.0,24.0,0.0,0.0,1.0,0.0
596416,244832,valyn,3885,G2,G2 Esports,1.14,1.43,209.0,318.0,9.0,10.0,9.0,7.0,4.0,6.0,75.0,80.0,138.0,191.0,24.0,28.0,1.0,3.0,0.0,0.0
596416,244832,trent,15500,G2,G2 Esports,0.74,0.78,148.0,131.0,6.0,4.0,10.0,6.0,6.0,5.0,75.0,80.0,107.0,100.0,17.0,35.0,0.0,1.0,0.0,0.0
596416,244832,jawgemo,3993,G2,G2 Esports,0.78,0.58,185.0,137.0,7.0,4.0,10.0,6.0,3.0,3.0,67.0,80.0,132.0,91.0,13.0,19.0,3.0,1.0,3.0,3.0
596416,244832,v1c,17433,C9,Cloud9,1.04,1.53,217.0,260.0,8.0,12.0,9.0,6.0,0.0,4.0,70.0,83.0,150.0,154.0,42.0,31.0,2.0,2.0,1.0,0.0
596416,244832,OXY,18796,C9,Cloud9,0.68,1.26,149.0,306.0,5.0,13.0,7.0,11.0,1.0,1.0,40.0,83.0,94.0,194.0,40.0,37.0,0.0,2.0,2.0,1.0
596416,244832,penny,7716,C9,Cloud9,0.73,0.82,146.0,221.0,5.0,10.0,8.0,10.0,2.0,2.0,50.0,75.0,87.0,146.0,25.0,39.0,1.0,1.0,2.0,3.0
596416,244832,Xeppaa,7871,C9,Cloud9,0.85,0.58,146.0,159.0,4.0,7.0,8.0,8.0,9.0,2.0,80.0,50.0,93.0,98.0,28.0,50.0,0.0,1.0,0.0,1.0
596416,244832,Zellsis,729,C9,Cloud9,0.5,0.76,68.0,108.0,1.0,4.0,7.0,7.0,6.0,7.0,60.0,83.0,59.0,71.0,6.0,16.0,0.0,0.0,2.0,1.0
596417,244834,keiko,11494,NRG,NRG,1.02,1.66,261.0,229.0,10.0,4.0,12.0,2.0,1.0,1.0,67.0,100.0,189.0,184.0,35.0,50.0,1.0,0.0,0.0,0.0
596417,244834,skuba,11118,NRG,NRG,1.15,1.04,244.0,187.0,11.0,2.0,11.0,3.0,2.0,5.0,83.0,75.0,145.0,93.0,63.0,17.0,0.0,0.0,0.0,1.0
596417,244834,mada,5132,NRG,NRG,0.24,1.53,108.0,404.0,4.0,6.0,12.0,3.0,3.0,2.0,67.0,100.0,69.0,210.0,58.0,22.0,0.0,1.0,6.0,0.0
596417,244834,Ethan,11225,NRG,NRG,0.27,1.06,132.0,278.0,4.0,3.0,12.0,4.0,3.0,1.0,58.0,50.0,93.0,181.0,22.0,31.0,1.0,2.0,3.0,0.0
596417,244834,brawk,2172,NRG,NRG,0.25,0.15,100.0,31.0,2.0,0.0,12.0,3.0,5.0,1.0,50.0,50.0,80.0,26.0,7.0,0.0,0.0,0.0,1.0,0.0
596417,244834,trent,15500,G2,G2 Esports,0.86,1.94,151.0,292.0,2.0,16.0,3.0,3.0,3.0,4.0,75.0,92.0,123.0,176.0,22.0,18.0,0.0,0.0,0.0,0.0
596417,244834,BABYBAY,2170,G2,G2 Esports,1.07,1.69,219.0,249.0,2.0,13.0,3.0,4.0,4.0,4.0,75.0,92.0,153.0,174.0,20.0,33.0,1.0,0.0,0.0,0.0
596417,244834,jawgemo,3993,G2,G2 Esports,2.57,0.91,439.0,284.0,7.0,10.0,2.0,11.0,1.0,11.0,50.0,92.0,286.0,178.0,37.0,17.0,0.0,6.0,1.0,0.0
596417,244834,valyn,3885,G2,G2 Esports,0.89,1.4,190.0,227.0,3.0,11.0,3.0,6.0,2.0,3.0,75.0,83.0,136.0,157.0,33.0,26.0,0.0,1.0,0.0,1.0
596417,244834,leaf,7873,G2,G2 Esports,0.06,1.16,90.0,206.0,1.0,9.0,4.0,7.0,1.0,4.0,50.0,83.0,86.0,138.0,40.0,16.0,0.0,3.0,2.0,1.0
596417,244835,keiko,11494,NRG,NRG,1.0,0.95,187.0,237.0,7.0,9.0,9.0,7.0,5.0,2.0,67.0,89.0,118.0,113.0,44.0,42.0,1.0,0.0,1.0,0.0
596417,244835,mada,5132,NRG,NRG,0.88,0.87,202.0,170.0,8.0,6.0,10.0,7.0,2.0,2.0,58.0,67.0,126.0,119.0,47.0,36.0,1.0,1.0,3.0,3.0
596417,244835,brawk,2172,NRG,NRG,0.8,0.88,128.0,195.0,5.0,5.0,9.0,7.0,0.0,6.0,25.0,67.0,105.0,143.0,25.0,20.0,0.0,1.0,1.0,1.0
596417,244835,skuba,11118,NRG,NRG,0.55,1.01,122.0,203.0,4.0,6.0,10.0,6.0,1.0,3.0,42.0,89.0,93.0,132.0,18.0,10.0,1.0,0.0,2.0,2.0
596417,244835,Ethan,11225,NRG,NRG,0.63,0.79,100.0,142.0,4.0,4.0,10.0,7.0,3.0,2.0,58.0,67.0,62.0,83.0,44.0,4.0,1.0,1.0,1.0,0.0
596417,244835,valyn,3885,G2,G2 Esports,2.05,1.15,314.0,201.0,11.0,7.0,4.0,5.0,7.0,5.0,78.0,92.0,222.0,130.0,43.0,19.0,1.0,1.0,0.0,0.0
596417,244835,jawgemo,3993,G2,G2 Esports,1.34,1.5,321.0,272.0,10.0,13.0,7.0,5.0,3.0,2.0,89.0,75.0,173.0,160.0,16.0,17.0,3.0,2.0,1.0,1.0
596417,244835,BABYBAY,2170,G2,G2 Esports,0.5,1.66,159.0,336.0,5.0,15.0,8.0,6.0,0.0,5.0,56.0,83.0,91.0,197.0,25.0,10.0,2.0,5.0,1.0,1.0
596417,244835,trent,15500,G2,G2 Esports,0.89,1.09,134.0,181.0,4.0,9.0,5.0,5.0,2.0,2.0,78.0,92.0,87.0,124.0,50.0,29.0,0.0,0.0,1.0,0.0
596417,244835,leaf,7873,G2,G2 Esports,0.72,0.63,135.0,108.0,4.0,4.0,6.0,7.0,1.0,3.0,56.0,75.0,92.0,76.0,25.0,24.0,0.0,0.0,0.0,2.0
596418,244837,Verno,21668,MIBR,MIBR,1.46,0.6,252.0,159.0,11.0,3.0,8.0,6.0,2.0,2.0,75.0,57.0,175.0,111.0,29.0,50.0,0.0,1.0,1.0,1.0
596418,244837,zekken,4004,MIBR,MIBR,1.05,0.66,159.0,156.0,6.0,3.0,8.0,6.0,2.0,3.0,67.0,86.0,115.0,98.0,18.0,31.0,0.0,2.0,1.0,1.0
596418,244837,Mazino,7603,MIBR,MIBR,0.48,1.09,86.0,283.0,4.0,7.0,9.0,5.0,2.0,2.0,50.0,71.0,52.0,178.0,9.0,38.0,0.0,0.0,0.0,0.0
596418,244837,tex,1818,MIBR,MIBR,0.84,0.38,191.0,129.0,8.0,3.0,10.0,7.0,1.0,1.0,58.0,71.0,124.0,94.0,56.0,43.0,2.0,0.0,3.0,1.0
596418,244837,aspas,8480,MIBR,MIBR,0.59,0.54,141.0,149.0,6.0,4.0,10.0,6.0,2.0,0.0,50.0,43.0,92.0,78.0,46.0,100.0,2.0,1.0,3.0,0.0
596418,244837,valyn,3885,G2,G2 Esports,2.3,1.77,443.0,276.0,12.0,13.0,2.0,5.0,1.0,9.0,100.0,100.0,294.0,182.0,22.0,32.0,0.0,1.0,0.0,0.0
596418,244837,BABYBAY,2170,G2,G2 Esports,1.1,0.95,228.0,138.0,6.0,5.0,5.0,6.0,0.0,4.0,86.0,75.0,126.0,116.0,27.0,20.0,2.0,3.0,1.0,1.0
596418,244837,jawgemo,3993,G2,G2 Esports,0.99,0.91,286.0,267.0,7.0,10.0,7.0,10.0,1.0,3.0,86.0,58.0,194.0,168.0,35.0,28.0,1.0,4.0,1.0,2.0
596418,244837,leaf,7873,G2,G2 Esports,1.03,0.88,123.0,158.0,4.0,8.0,3.0,7.0,1.0,1.0,71.0,67.0,73.0,95.0,60.0,25.0,0.0,0.0,0.0,1.0
596418,244837,trent,15500,G2,G2 Esports,0.55,1.09,42.0,210.0,1.0,9.0,3.0,7.0,0.0,4.0,86.0,75.0,31.0,164.0,100.0,60.0,0.0,0.0,2.0,0.0
596418,244838,zekken,4004,MIBR,MIBR,1.1,1.4,320.0,257.0,5.0,11.0,5.0,9.0,1.0,7.0,100.0,75.0,204.0,160.0,32.0,46.0,0.0,1.0,0.0,2.0
596418,244838,Verno,21668,MIBR,MIBR,0.5,1.59,107.0,312.0,2.0,14.0,5.0,8.0,1.0,2.0,60.0,92.0,72.0,183.0,67.0,21.0,0.0,2.0,1.0,1.0
596418,244838,aspas,8480,MIBR,MIBR,0.49,0.61,160.0,191.0,2.0,7.0,5.0,11.0,1.0,3.0,60.0,67.0,130.0,140.0,13.0,10.0,0.0,1.0,0.0,1.0
596418,244838,tex,1818,MIBR,MIBR,0.18,0.65,62.0,158.0,1.0,5.0,5.0,10.0,1.0,4.0,80.0,58.0,51.0,109.0,33.0,25.0,1.0,0.0,2.0,3.0
596418,244838,Mazino,7603,MIBR,MIBR,0.33,0.37,110.0,102.0,1.0,3.0,5.0,11.0,3.0,4.0,40.0,50.0,88.0,77.0,9.0,13.0,0.0,1.0,1.0,0.0
596418,244838,valyn,3885,G2,G2 Esports,1.68,1.43,399.0,260.0,18.0,5.0,9.0,2.0,5.0,0.0,83.0,100.0,254.0,165.0,32.0,33.0,2.0,1.0,1.0,0.0
596418,244838,BABYBAY,2170,G2,G2 Esports,1.51,1.5,264.0,244.0,12.0,4.0,6.0,2.0,0.0,3.0,75.0,100.0,151.0,147.0,21.0,7.0,2.0,2.0,0.0,1.0
596418,244838,trent,15500,G2,G2 Esports,0.88,2.12,169.0,365.0,7.0,8.0,7.0,2.0,3.0,1.0,67.0,100.0,113.0,201.0,37.0,22.0,2.0,0.0,0.0,0.0
596418,244838,leaf,7873,G2,G2 Esports,0.67,1.62,153.0,236.0,6.0,5.0,9.0,2.0,4.0,2.0,83.0,100.0,129.0,171.0,47.0,17.0,0.0,0.0,1.0,0.0
596418,244838,jawgemo,3993,G2,G2 Esports,0.45,0.96,133.0,168.0,6.0,3.0,9.0,3.0,1.0,3.0,50.0,100.0,72.0,138.0,14.0,6.0,1.0,1.0,3.0,0.0
596418,244839,Mazino,7603,MIBR,MIBR,1.38,1.5,303.0,345.0,9.0,14.0,5.0,10.0,1.0,4.0,75.0,58.0,194.0,208.0,50.0,31.0,0.0,1.0,2.0,2.0
596418,244839,zekken,4004,MIBR,MIBR,1.36,0.94,305.0,210.0,9.0,8.0,6.0,9.0,4.0,3.0,88.0,75.0,227.0,129.0,30.0,34.0,1.0,0.0,1.0,3.0
596418,244839,Verno,21668,MIBR,MIBR,0.55,1.02,121.0,242.0,4.0,9.0,6.0,10.0,1.0,3.0,75.0,83.0,87.0,151.0,42.0,38.0,0.0,2.0,0.0,1.0
596418,244839,aspas,8480,MIBR,MIBR,1.0,0.16,244.0,50.0,8.0,2.0,6.0,11.0,0.0,1.0,88.0,58.0,149.0,35.0,38.0,25.0,1.0,1.0,0.0,1.0
596418,244839,tex,1818,MIBR,MIBR,0.28,0.62,164.0,109.0,4.0,5.0,8.0,10.0,1.0,3.0,50.0,58.0,101.0,93.0,29.0,29.0,1.0,0.0,2.0,1.0
596418,244839,leaf,7873,G2,G2 Esports,1.19,1.46,182.0,244.0,9.0,8.0,6.0,6.0,1.0,2.0,67.0,75.0,125.0,171.0,64.0,14.0,2.0,0.0,2.0,0.0
596418,244839,trent,15500,G2,G2 Esports,0.96,1.66,175.0,267.0,8.0,8.0,7.0,6.0,5.0,4.0,67.0,75.0,108.0,148.0,21.0,58.0,3.0,1.0,1.0,0.0
596418,244839,valyn,3885,G2,G2 Esports,0.94,1.29,180.0,320.0,9.0,8.0,8.0,7.0,2.0,3.0,67.0,88.0,124.0,189.0,37.0,23.0,0.0,2.0,0.0,0.0
596418,244839,BABYBAY,2170,G2,G2 Esports,1.33,0.62,275.0,141.0,12.0,4.0,8.0,7.0,3.0,2.0,75.0,63.0,180.0,102.0,14.0,30.0,0.0,1.0,1.0,1.0
596418,244839,jawgemo,3993,G2,G2 Esports,1.22,0.51,294.0,147.0,12.0,3.0,9.0,8.0,4.0,5.0,92.0,75.0,166.0,117.0,26.0,38.0,3.0,1.0,0.0,2.0
596419,244842,Darker,10557,LOUD,LOUD,1.14,1.33,297.0,272.0,12.0,6.0,10.0,5.0,1.0,3.0,67.0,100.0,170.0,161.0,29.0,29.0,2.0,1.0,2.0,0.0
596419,244842,lukxo,28716,LOUD,LOUD,0.83,1.43,199.0,275.0,7.0,6.0,11.0,4.0,1.0,1.0,58.0,100.0,155.0,168.0,26.0,19.0,0.0,1.0,3.0,0.0
596419,244842,pANcada,683,LOUD,LOUD,0.75,0.79,145.0,209.0,5.0,4.0,10.0,6.0,4.0,3.0,75.0,100.0,111.0,123.0,32.0,23.0,1.0,1.0,0.0,0.0
596419,244842,cauanzin,6193,LOUD,LOUD,0.54,0.86,114.0,155.0,4.0,4.0,10.0,5.0,3.0,3.0,67.0,100.0,84.0,87.0,15.0,40.0,0.0,0.0,0.0,1.0
596419,244842,Virtyy,3983,LOUD,LOUD,0.13,0.72,74.0,151.0,3.0,3.0,11.0,4.0,1.0,1.0,58.0,67.0,48.0,96.0,18.0,10.0,1.0,0.0,3.0,2.0
596419,244842,C0M,619,EG,Evil Geniuses,1.54,1.48,272.0,247.0,6.0,11.0,3.0,6.0,1.0,5.0,83.0,92.0,163.0,190.0,44.0,28.0,1.0,2.0,0.0,1.0
596419,244842,dgzin,8873,EG,Evil Geniuses,0.98,1.44,285.0,221.0,6.0,10.0,5.0,5.0,1.0,1.0,67.0,92.0,172.0,128.0,25.0,6.0,2.0,3.0,2.0,1.0
596419,244842,supamen,826,EG,Evil Geniuses,1.36,1.16,327.0,210.0,7.0,9.0,5.0,6.0,0.0,2.0,67.0,67.0,232.0,125.0,39.0,35.0,0.0,1.0,0.0,1.0
596419,244842,Okeanos,8373,EG,Evil Geniuses,0.04,1.64,95.0,272.0,2.0,12.0,6.0,5.0,3.0,6.0,67.0,83.0,39.0,160.0,10.0,52.0,0.0,1.0,1.0,0.0
596419,244842,bao,34400,EG,Evil Geniuses,0.78,0.84,109.0,222.0,3.0,10.0,4.0,9.0,1.0,2.0,67.0,75.0,71.0,152.0,29.0,25.0,0.0,1.0,0.0,1.0
596419,244843,lukxo,28716,LOUD,LOUD,1.41,1.4,287.0,205.0,13.0,10.0,8.0,4.0,1.0,1.0,69.0,85.0,194.0,154.0,33.0,42.0,2.0,2.0,4.0,2.0
596419,244843,pANcada,683,LOUD,LOUD,0.96,1.09,161.0,179.0,7.0,7.0,9.0,6.0,5.0,3.0,92.0,77.0,114.0,133.0,35.0,17.0,1.0,1.0,0.0,0.0
596419,244843,Darker,10557,LOUD,LOUD,0.8,1.21,174.0,212.0,8.0,10.0,11.0,8.0,8.0,5.0,69.0,62.0,103.0,123.0,18.0,17.0,0.0,2.0,0.0,1.0
596419,244843,cauanzin,6193,LOUD,LOUD,1.16,0.8,227.0,158.0,10.0,7.0,8.0,9.0,4.0,4.0,92.0,62.0,137.0,103.0,28.0,26.0,1.0,2.0,2.0,1.0
596419,244843,Virtyy,3983,LOUD,LOUD,0.64,0.96,134.0,234.0,7.0,11.0,10.0,9.0,1.0,3.0,77.0,62.0,84.0,135.0,13.0,28.0,1.0,0.0,2.0,2.0
596419,244843,supamen,826,EG,Evil Geniuses,1.84,0.91,273.0,213.0,14.0,8.0,6.0,9.0,1.0,9.0,77.0,62.0,191.0,119.0,72.0,38.0,1.0,1.0,0.0,0.0
596419,244843,dgzin,8873,EG,Evil Geniuses,1.39,0.83,266.0,266.0,14.0,9.0,9.0,10.0,1.0,1.0,69.0,77.0,189.0,125.0,36.0,35.0,3.0,4.0,2.0,1.0
596419,244843,bao,34400,EG,Evil Geniuses,0.44,1.3,122.0,261.0,5.0,12.0,11.0,10.0,0.0,2.0,46.0,85.0,74.0,176.0,67.0,33.0,2.0,2.0,1.0,0.0
596419,244843,Okeanos,8373,EG,Evil Geniuses,0.45,1.02,79.0,183.0,3.0,9.0,9.0,8.0,4.0,6.0,62.0,69.0,46.0,99.0,23.0,39.0,0.0,0.0,1.0,2.0
596419,244843,C0M,619,EG,Evil Geniuses,0.2,1.03,9.0,175.0,0.0,8.0,10.0,8.0,3.0,3.0,46.0,69.0,28.0,125.0,17.0,36.0,0.0,1.0,3.0,2.0
596420,244845,NagZ,1294,KRÜ,KRÜ Esports,1.08,1.08,179.0,267.0,8.0,5.0,9.0,4.0,1.0,0.0,50.0,60.0,101.0,153.0,32.0,42.0,0.0,0.0,0.0,0.0
596420,244845,Governor,3980,KRÜ,KRÜ Esports,0.76,0.59,166.0,114.0,6.0,2.0,10.0,4.0,2.0,4.0,58.0,60.0,111.0,64.0,30.0,25.0,0.0,0.0,0.0,0.0
596420,244845,benG,38857,KRÜ,KRÜ Esports,0.58,0.54,95.0,147.0,3.0,2.0,8.0,4.0,5.0,1.0,50.0,60.0,57.0,99.0,18.0,17.0,0.0,1.0,1.0,0.0
596420,244845,infiltrator,9063,KRÜ,KRÜ Esports,0.46,0.54,118.0,193.0,4.0,3.0,10.0,5.0,0.0,2.0,33.0,60.0,73.0,133.0,27.0,38.0,2.0,1.0,4.0,3.0
596420,244845,mta,36169,KRÜ,KRÜ Esports,0.22,0.62,50.0,126.0,2.0,2.0,9.0,4.0,0.0,1.0,42.0,60.0,34.0,69.0,33.0,20.0,0.0,0.0,5.0,0.0
596420,244845,Neon,29243,LEV,LEVIATÁN,2.29,1.61,339.0,272.0,7.0,12.0,2.0,3.0,2.0,1.0,100.0,92.0,219.0,165.0,30.0,6.0,2.0,3.0,0.0,0.0
596420,244845,kiNgg,8549,LEV,LEVIATÁN,1.53,1.44,327.0,265.0,6.0,12.0,4.0,4.0,1.0,3.0,80.0,83.0,185.0,199.0,21.0,50.0,0.0,0.0,1.0,1.0
596420,244845,blowz,21251,LEV,LEVIATÁN,1.32,1.33,199.0,173.0,3.0,7.0,2.0,4.0,3.0,5.0,80.0,83.0,146.0,110.0,27.0,32.0,1.0,1.0,0.0,0.0
596420,244845,Sato,21659,LEV,LEVIATÁN,0.8,1.2,158.0,193.0,3.0,9.0,3.0,5.0,0.0,0.0,60.0,83.0,116.0,140.0,25.0,44.0,0.0,4.0,1.0,1.0
596420,244845,spike,21661,LEV,LEVIATÁN,0.65,1.01,84.0,160.0,2.0,6.0,3.0,7.0,1.0,7.0,60.0,83.0,52.0,108.0,15.0,38.0,0.0,2.0,0.0,0.0
596420,244846,mta,36169,KRÜ,KRÜ Esports,1.08,1.2,240.0,200.0,9.0,9.0,10.0,7.0,2.0,0.0,75.0,82.0,147.0,110.0,24.0,16.0,2.0,3.0,2.0,0.0
596420,244846,NagZ,1294,KRÜ,KRÜ Esports,1.05,0.92,148.0,197.0,7.0,9.0,8.0,7.0,2.0,0.0,67.0,64.0,148.0,132.0,44.0,24.0,1.0,0.0,1.0,2.0
596420,244846,infiltrator,9063,KRÜ,KRÜ Esports,1.08,0.65,215.0,196.0,9.0,8.0,9.0,10.0,4.0,3.0,75.0,55.0,140.0,125.0,26.0,14.0,2.0,0.0,2.0,3.0
596420,244846,Governor,3980,KRÜ,KRÜ Esports,0.68,0.99,169.0,160.0,6.0,5.0,10.0,6.0,5.0,6.0,67.0,73.0,117.0,108.0,14.0,45.0,0.0,0.0,1.0,1.0
596420,244846,benG,38857,KRÜ,KRÜ Esports,0.88,0.77,153.0,164.0,7.0,6.0,10.0,7.0,3.0,2.0,67.0,55.0,105.0,119.0,33.0,43.0,0.0,0.0,1.0,2.0
596420,244846,spike,21661,LEV,LEVIATÁN,1.77,0.98,271.0,226.0,12.0,10.0,5.0,8.0,2.0,2.0,73.0,75.0,167.0,141.0,17.0,14.0,1.0,1.0,0.0,1.0
596420,244846,Neon,29243,LEV,LEVIATÁN,1.03,1.2,227.0,239.0,10.0,10.0,8.0,8.0,1.0,2.0,73.0,83.0,144.0,126.0,38.0,13.0,4.0,4.0,1.0,1.0
596420,244846,blowz,21251,LEV,LEVIATÁN,0.54,1.12,147.0,233.0,5.0,11.0,9.0,8.0,4.0,2.0,82.0,92.0,88.0,160.0,20.0,39.0,0.0,0.0,1.0,1.0
596420,244846,Sato,21659,LEV,LEVIATÁN,0.94,0.77,177.0,200.0,7.0,8.0,8.0,8.0,2.0,3.0,64.0,67.0,98.0,132.0,33.0,30.0,3.0,1.0,1.0,1.0
596420,244846,kiNgg,8549,LEV,LEVIATÁN,0.57,1.03,86.0,175.0,3.0,8.0,7.0,6.0,2.0,3.0,64.0,83.0,54.0,100.0,18.0,28.0,0.0,1.0,0.0,1.0
596421,244848,Eggsterr,35302,ENVY,ENVY,0.54,1.65,157.0,273.0,7.0,16.0,13.0,7.0,2.0,4.0,67.0,73.0,100.0,185.0,11.0,22.0,0.0,3.0,2.0,2.0
596421,244848,Demon1,26171,ENVY,ENVY,0.98,1.1,222.0,243.0,12.0,13.0,13.0,7.0,0.0,6.0,80.0,80.0,139.0,145.0,39.0,40.0,0.0,1.0,2.0,2.0
596421,244848,Rossy,1129,ENVY,ENVY,0.4,1.4,79.0,224.0,3.0,12.0,13.0,7.0,4.0,2.0,53.0,73.0,58.0,155.0,26.0,33.0,0.0,0.0,0.0,1.0
596421,244848,P0PPIN,21778,ENVY,ENVY,0.41,1.14,157.0,186.0,6.0,10.0,14.0,6.0,3.0,6.0,40.0,80.0,108.0,122.0,19.0,20.0,2.0,2.0,2.0,0.0
596421,244848,keznit,2462,ENVY,ENVY,0.42,0.89,124.0,180.0,6.0,9.0,13.0,9.0,2.0,5.0,40.0,87.0,77.0,108.0,22.0,24.0,1.0,3.0,6.0,1.0
596421,244848,bao,34400,EG,Evil Geniuses,1.32,1.67,255.0,279.0,12.0,18.0,11.0,6.0,1.0,5.0,53.0,80.0,186.0,208.0,21.0,25.0,1.0,0.0,1.0,1.0
596421,244848,dgzin,8873,EG,Evil Geniuses,0.66,2.31,138.0,372.0,7.0,21.0,12.0,6.0,2.0,7.0,47.0,93.0,100.0,247.0,32.0,25.0,1.0,6.0,4.0,0.0
596421,244848,C0M,619,EG,Evil Geniuses,0.51,1.4,121.0,229.0,5.0,10.0,12.0,6.0,2.0,8.0,53.0,100.0,83.0,152.0,38.0,10.0,0.0,2.0,1.0,0.0
596421,244848,supamen,826,EG,Evil Geniuses,0.78,1.12,100.0,171.0,6.0,8.0,11.0,9.0,5.0,14.0,53.0,100.0,66.0,111.0,33.0,26.0,1.0,3.0,0.0,0.0
596421,244848,Okeanos,8373,EG,Evil Geniuses,0.32,1.07,114.0,165.0,6.0,9.0,14.0,7.0,1.0,7.0,60.0,80.0,69.0,105.0,50.0,29.0,3.0,1.0,3.0,2.0
596421,244849,keznit,2462,ENVY,ENVY,1.11,0.75,227.0,174.0,9.0,3.0,9.0,5.0,3.0,2.0,75.0,50.0,124.0,129.0,14.0,13.0,3.0,0.0,1.0,0.0
596421,244849,Demon1,26171,ENVY,ENVY,0.7,1.12,124.0,175.0,5.0,5.0,9.0,5.0,0.0,1.0,50.0,100.0,82.0,153.0,33.0,33.0,0.0,0.0,1.0,1.0
596421,244849,Eggsterr,35302,ENVY,ENVY,0.18,1.65,55.0,421.0,1.0,8.0,10.0,6.0,6.0,1.0,75.0,83.0,40.0,256.0,11.0,44.0,1.0,2.0,3.0,1.0
596421,244849,Rossy,1129,ENVY,ENVY,0.79,0.41,139.0,143.0,6.0,2.0,9.0,6.0,4.0,4.0,58.0,67.0,78.0,107.0,45.0,25.0,0.0,0.0,0.0,1.0
596421,244849,P0PPIN,21778,ENVY,ENVY,0.75,0.13,189.0,45.0,8.0,1.0,10.0,6.0,4.0,3.0,75.0,33.0,96.0,28.0,50.0,33.0,2.0,0.0,1.0,1.0
596421,244849,dgzin,8873,EG,Evil Geniuses,2.96,2.11,468.0,386.0,12.0,18.0,2.0,5.0,0.0,4.0,83.0,83.0,331.0,240.0,35.0,22.0,1.0,2.0,0.0,1.0
596421,244849,supamen,826,EG,Evil Geniuses,2.06,1.99,316.0,408.0,7.0,18.0,2.0,6.0,3.0,1.0,100.0,92.0,263.0,274.0,42.0,36.0,1.0,3.0,1.0,0.0
596421,244849,C0M,619,EG,Evil Geniuses,0.67,0.97,207.0,168.0,4.0,5.0,5.0,6.0,1.0,4.0,83.0,75.0,141.0,114.0,21.0,10.0,0.0,1.0,0.0,0.0
596421,244849,Okeanos,8373,EG,Evil Geniuses,0.62,0.75,205.0,60.0,4.0,3.0,5.0,5.0,1.0,0.0,83.0,58.0,115.0,44.0,40.0,60.0,2.0,0.0,1.0,2.0
596421,244849,bao,34400,EG,Evil Geniuses,0.04,0.49,53.0,79.0,1.0,3.0,5.0,8.0,3.0,8.0,83.0,67.0,29.0,63.0,0.0,23.0,0.0,0.0,0.0,3.0
596422,244851,Reduxx,8419,SEN,Sentinels,0.59,1.8,102.0,258.0,4.0,11.0,8.0,4.0,3.0,1.0,75.0,82.0,83.0,163.0,17.0,14.0,2.0,2.0,5.0,1.0
596422,244851,Kyu,30470,SEN,Sentinels,1.06,1.25,227.0,250.0,8.0,10.0,9.0,7.0,3.0,2.0,58.0,73.0,157.0,157.0,26.0,26.0,1.0,2.0,2.0,0.0
596422,244851,N4RRATE,36245,SEN,Sentinels,0.92,1.13,214.0,286.0,9.0,11.0,9.0,9.0,3.0,2.0,50.0,91.0,131.0,182.0,28.0,21.0,1.0,4.0,0.0,1.0
596422,244851,johnqt,1265,SEN,Sentinels,1.01,0.54,181.0,67.0,7.0,2.0,9.0,6.0,8.0,7.0,58.0,91.0,124.0,43.0,26.0,18.0,0.0,0.0,0.0,0.0
596422,244851,cortezia,5395,SEN,Sentinels,0.9,0.55,157.0,120.0,7.0,5.0,10.0,8.0,0.0,2.0,58.0,73.0,106.0,87.0,50.0,27.0,1.0,0.0,0.0,1.0
596422,244851,Sato,21659,LEV,LEVIATÁN,0.98,1.6,215.0,353.0,8.0,15.0,9.0,9.0,2.0,3.0,55.0,75.0,133.0,196.0,19.0,16.0,1.0,3.0,2.0,2.0
596422,244851,blowz,21251,LEV,LEVIATÁN,1.05,1.23,124.0,207.0,6.0,8.0,5.0,6.0,1.0,4.0,73.0,50.0,74.0,125.0,23.0,23.0,0.0,0.0,1.0,1.0
596422,244851,spike,21661,LEV,LEVIATÁN,1.27,0.78,255.0,197.0,9.0,7.0,7.0,8.0,3.0,7.0,82.0,75.0,160.0,158.0,45.0,39.0,0.0,2.0,1.0,2.0
596422,244851,Neon,29243,LEV,LEVIATÁN,0.74,0.94,167.0,142.0,7.0,7.0,8.0,6.0,2.0,1.0,64.0,67.0,108.0,107.0,27.0,13.0,1.0,1.0,3.0,0.0
596422,244851,kiNgg,8549,LEV,LEVIATÁN,0.39,1.11,111.0,173.0,4.0,8.0,10.0,6.0,1.0,4.0,55.0,75.0,64.0,91.0,38.0,36.0,1.0,1.0,1.0,0.0
596422,244852,N4RRATE,36245,SEN,Sentinels,1.12,1.15,290.0,207.0,12.0,9.0,13.0,7.0,0.0,2.0,62.0,85.0,175.0,134.0,19.0,23.0,4.0,4.0,3.0,1.0
596422,244852,cortezia,5395,SEN,Sentinels,0.43,1.46,93.0,326.0,4.0,16.0,11.0,8.0,2.0,1.0,38.0,77.0,57.0,226.0,44.0,36.0,0.0,1.0,2.0,1.0
596422,244852,Reduxx,8419,SEN,Sentinels,0.39,1.32,72.0,311.0,3.0,15.0,10.0,8.0,1.0,1.0,46.0,77.0,45.0,202.0,38.0,31.0,0.0,2.0,1.0,3.0
596422,244852,Kyu,30470,SEN,Sentinels,0.39,1.03,109.0,150.0,5.0,7.0,11.0,6.0,1.0,8.0,38.0,92.0,61.0,94.0,50.0,17.0,0.0,0.0,3.0,1.0
596422,244852,johnqt,1265,SEN,Sentinels,0.35,0.93,82.0,96.0,2.0,5.0,11.0,6.0,2.0,3.0,46.0,77.0,63.0,64.0,25.0,21.0,0.0,0.0,0.0,0.0
596422,244852,kiNgg,8549,LEV,LEVIATÁN,1.01,1.63,220.0,281.0,9.0,15.0,10.0,5.0,3.0,5.0,69.0,85.0,143.0,177.0,56.0,42.0,2.0,1.0,2.0,0.0
596422,244852,Neon,29243,LEV,LEVIATÁN,0.69,1.63,138.0,239.0,6.0,12.0,10.0,4.0,2.0,2.0,46.0,92.0,88.0,153.0,20.0,38.0,2.0,5.0,1.0,0.0
596422,244852,spike,21661,LEV,LEVIATÁN,0.98,1.04,192.0,215.0,8.0,9.0,10.0,7.0,1.0,8.0,62.0,100.0,136.0,148.0,27.0,38.0,1.0,1.0,1.0,0.0
596422,244852,blowz,21251,LEV,LEVIATÁN,0.53,1.31,126.0,163.0,5.0,9.0,11.0,3.0,3.0,5.0,62.0,85.0,82.0,119.0,36.0,33.0,0.0,0.0,0.0,0.0
596422,244852,Sato,21659,LEV,LEVIATÁN,0.63,1.12,150.0,240.0,7.0,11.0,11.0,7.0,2.0,5.0,62.0,92.0,94.0,149.0,38.0,32.0,1.0,2.0,3.0,4.0
596423,244854,Cryocells,4147,100T,100 Thieves,1.58,0.77,290.0,148.0,14.0,6.0,5.0,9.0,1.0,0.0,75.0,58.0,209.0,100.0,32.0,35.0,0.0,1.0,1.0,2.0
596423,244854,vora,20140,100T,100 Thieves,1.18,0.98,179.0,202.0,7.0,7.0,6.0,10.0,5.0,4.0,83.0,58.0,116.0,146.0,33.0,23.0,1.0,1.0,1.0,1.0
596423,244854,bang,3880,100T,100 Thieves,0.87,0.99,175.0,200.0,8.0,8.0,7.0,11.0,1.0,6.0,67.0,67.0,104.0,133.0,22.0,22.0,2.0,0.0,2.0,3.0
596423,244854,Timotino,29893,100T,100 Thieves,1.09,0.78,213.0,191.0,9.0,7.0,7.0,11.0,1.0,5.0,67.0,58.0,126.0,126.0,38.0,52.0,3.0,2.0,1.0,1.0
596423,244854,Asuna,601,100T,100 Thieves,1.19,0.27,149.0,77.0,7.0,2.0,4.0,11.0,5.0,3.0,67.0,17.0,87.0,53.0,23.0,13.0,0.0,0.0,1.0,1.0
596423,244854,C0M,619,EG,Evil Geniuses,1.48,0.82,245.0,154.0,12.0,6.0,5.0,8.0,5.0,1.0,83.0,42.0,137.0,95.0,27.0,14.0,2.0,2.0,0.0,2.0
596423,244854,dgzin,8873,EG,Evil Geniuses,1.07,1.16,226.0,264.0,11.0,11.0,8.0,9.0,2.0,0.0,75.0,58.0,163.0,163.0,30.0,5.0,2.0,3.0,3.0,2.0
596423,244854,Okeanos,8373,EG,Evil Geniuses,1.1,0.84,175.0,150.0,8.0,6.0,6.0,9.0,5.0,4.0,75.0,42.0,111.0,91.0,29.0,33.0,1.0,1.0,1.0,1.0
596423,244854,supamen,826,EG,Evil Geniuses,1.23,0.64,251.0,145.0,11.0,5.0,7.0,10.0,4.0,3.0,92.0,58.0,154.0,123.0,40.0,33.0,2.0,0.0,0.0,1.0
596423,244854,bao,34400,EG,Evil Geniuses,1.44,0.31,229.0,64.0,10.0,1.0,4.0,9.0,2.0,4.0,100.0,58.0,161.0,52.0,43.0,13.0,1.0,0.0,0.0,0.0
596423,244855,Cryocells,4147,100T,100 Thieves,1.44,1.4,267.0,252.0,13.0,14.0,9.0,8.0,0.0,1.0,71.0,79.0,160.0,156.0,27.0,22.0,4.0,4.0,3.0,2.0
596423,244855,Asuna,601,100T,100 Thieves,0.74,1.66,148.0,285.0,6.0,13.0,11.0,6.0,8.0,7.0,79.0,86.0,107.0,186.0,15.0,36.0,0.0,2.0,0.0,1.0
596423,244855,Timotino,29893,100T,100 Thieves,0.77,1.18,167.0,273.0,7.0,14.0,12.0,11.0,6.0,3.0,57.0,64.0,110.0,186.0,60.0,23.0,1.0,2.0,3.0,2.0
596423,244855,vora,20140,100T,100 Thieves,1.16,0.74,196.0,129.0,10.0,6.0,9.0,10.0,4.0,9.0,50.0,71.0,117.0,79.0,25.0,24.0,0.0,0.0,0.0,0.0
596423,244855,bang,3880,100T,100 Thieves,0.66,0.94,102.0,153.0,4.0,8.0,10.0,8.0,2.0,3.0,64.0,71.0,73.0,94.0,21.0,38.0,1.0,1.0,2.0,0.0
596423,244855,dgzin,8873,EG,Evil Geniuses,1.02,1.63,200.0,337.0,11.0,18.0,10.0,7.0,0.0,3.0,64.0,93.0,144.0,222.0,38.0,43.0,3.0,5.0,2.0,2.0
596423,244855,Okeanos,8373,EG,Evil Geniuses,0.91,1.08,196.0,233.0,9.0,12.0,11.0,8.0,6.0,1.0,64.0,86.0,116.0,138.0,32.0,41.0,0.0,3.0,0.0,1.0
596423,244855,supamen,826,EG,Evil Geniuses,0.87,0.95,194.0,111.0,10.0,5.0,11.0,7.0,3.0,7.0,64.0,79.0,123.0,78.0,47.0,33.0,1.0,0.0,3.0,0.0
596423,244855,bao,34400,EG,Evil Geniuses,1.03,0.69,199.0,186.0,8.0,8.0,11.0,10.0,10.0,3.0,71.0,71.0,149.0,129.0,31.0,33.0,0.0,0.0,2.0,3.0
596423,244855,C0M,619,EG,Evil Geniuses,0.36,0.96,102.0,151.0,5.0,8.0,12.0,8.0,3.0,5.0,64.0,64.0,56.0,121.0,20.0,22.0,1.0,0.0,2.0,0.0
596424,244857,v1c,17433,C9,Cloud9,2.83,1.46,509.0,239.0,12.0,11.0,2.0,5.0,0.0,5.0,83.0,100.0,311.0,143.0,43.0,43.0,0.0,2.0,0.0,1.0
596424,244857,Zellsis,729,C9,Cloud9,0.72,1.53,117.0,316.0,2.0,15.0,3.0,7.0,3.0,2.0,67.0,67.0,80.0,185.0,25.0,46.0,0.0,2.0,1.0,0.0
596424,244857,OXY,18796,C9,Cloud9,0.04,1.72,55.0,290.0,1.0,13.0,5.0,4.0,1.0,0.0,33.0,75.0,43.0,153.0,33.0,13.0,0.0,6.0,3.0,0.0
596424,244857,penny,7716,C9,Cloud9,1.0,0.8,248.0,111.0,5.0,4.0,4.0,7.0,1.0,5.0,67.0,58.0,159.0,103.0,24.0,20.0,2.0,0.0,0.0,1.0
596424,244857,Xeppaa,7871,C9,Cloud9,0.79,0.67,130.0,84.0,2.0,3.0,4.0,6.0,3.0,5.0,67.0,75.0,99.0,54.0,15.0,6.0,0.0,0.0,0.0,0.0
596424,244857,blowz,21251,LEV,LEVIATÁN,1.08,1.02,175.0,224.0,7.0,5.0,8.0,5.0,3.0,0.0,58.0,67.0,102.0,143.0,25.0,45.0,2.0,1.0,0.0,0.0
596424,244857,kiNgg,8549,LEV,LEVIATÁN,0.78,1.09,157.0,243.0,6.0,5.0,9.0,5.0,0.0,1.0,58.0,50.0,100.0,158.0,11.0,23.0,0.0,0.0,1.0,0.0
596424,244857,spike,21661,LEV,LEVIATÁN,1.07,0.49,218.0,146.0,9.0,2.0,9.0,4.0,1.0,2.0,67.0,83.0,134.0,123.0,26.0,22.0,0.0,0.0,2.0,1.0
596424,244857,Neon,29243,LEV,LEVIATÁN,0.6,1.03,155.0,199.0,6.0,4.0,10.0,4.0,3.0,0.0,75.0,83.0,107.0,132.0,31.0,11.0,0.0,3.0,2.0,0.0
596424,244857,Sato,21659,LEV,LEVIATÁN,0.03,0.61,27.0,125.0,1.0,2.0,10.0,4.0,2.0,2.0,42.0,33.0,22.0,93.0,33.0,10.0,0.0,0.0,5.0,1.0
596424,244858,v1c,17433,C9,Cloud9,2.04,1.03,274.0,134.0,10.0,6.0,2.0,5.0,3.0,4.0,88.0,83.0,189.0,105.0,32.0,26.0,0.0,0.0,1.0,0.0
596424,244858,OXY,18796,C9,Cloud9,1.0,1.54,214.0,344.0,6.0,14.0,6.0,9.0,1.0,3.0,50.0,92.0,144.0,219.0,14.0,6.0,2.0,4.0,1.0,0.0
596424,244858,Zellsis,729,C9,Cloud9,0.59,1.4,126.0,220.0,3.0,11.0,6.0,6.0,4.0,5.0,63.0,75.0,83.0,123.0,7.0,23.0,0.0,1.0,2.0,0.0
596424,244858,Xeppaa,7871,C9,Cloud9,1.16,0.91,208.0,187.0,5.0,8.0,5.0,7.0,5.0,2.0,88.0,75.0,149.0,117.0,12.0,30.0,0.0,0.0,1.0,0.0
596424,244858,penny,7716,C9,Cloud9,1.46,0.54,259.0,128.0,9.0,5.0,4.0,8.0,5.0,3.0,100.0,58.0,155.0,92.0,20.0,31.0,1.0,2.0,0.0,5.0
596424,244858,kiNgg,8549,LEV,LEVIATÁN,1.73,0.87,257.0,172.0,12.0,5.0,6.0,7.0,1.0,2.0,67.0,63.0,155.0,116.0,33.0,56.0,3.0,0.0,0.0,0.0
596424,244858,Neon,29243,LEV,LEVIATÁN,1.43,1.0,258.0,200.0,11.0,5.0,7.0,7.0,1.0,1.0,67.0,75.0,181.0,144.0,31.0,50.0,1.0,2.0,3.0,1.0
596424,244858,blowz,21251,LEV,LEVIATÁN,0.69,0.61,152.0,176.0,7.0,4.0,10.0,6.0,1.0,0.0,58.0,38.0,92.0,119.0,33.0,8.0,0.0,1.0,0.0,0.0
596424,244858,Sato,21659,LEV,LEVIATÁN,0.32,0.61,53.0,130.0,2.0,4.0,10.0,6.0,3.0,1.0,75.0,50.0,53.0,91.0,30.0,27.0,0.0,1.0,1.0,1.0
596424,244858,spike,21661,LEV,LEVIATÁN,0.21,0.7,95.0,186.0,3.0,5.0,11.0,7.0,3.0,0.0,50.0,63.0,68.0,118.0,13.0,42.0,1.0,1.0,3.0,1.0
596425,244860,bang,3880,100T,100 Thieves,1.68,1.41,280.0,212.0,13.0,11.0,7.0,7.0,6.0,4.0,92.0,85.0,216.0,133.0,41.0,41.0,0.0,1.0,0.0,0.0
596425,244860,Asuna,601,100T,100 Thieves,0.84,1.23,169.0,188.0,7.0,8.0,11.0,6.0,11.0,7.0,85.0,85.0,106.0,116.0,18.0,26.0,0.0,0.0,1.0,0.0
596425,244860,vora,20140,100T,100 Thieves,0.89,0.93,183.0,202.0,8.0,9.0,10.0,10.0,6.0,6.0,77.0,62.0,134.0,142.0,29.0,11.0,0.0,1.0,1.0,2.0
596425,244860,Cryocells,4147,100T,100 Thieves,0.64,1.16,190.0,220.0,9.0,10.0,11.0,9.0,0.0,4.0,77.0,77.0,122.0,152.0,19.0,26.0,4.0,2.0,1.0,2.0
596425,244860,Timotino,29893,100T,100 Thieves,0.8,0.9,212.0,212.0,10.0,8.0,11.0,11.0,2.0,7.0,85.0,62.0,155.0,140.0,36.0,11.0,4.0,3.0,2.0,2.0
596425,244860,OXY,18796,C9,Cloud9,1.26,1.18,281.0,224.0,14.0,11.0,8.0,8.0,1.0,1.0,69.0,69.0,182.0,143.0,23.0,13.0,2.0,4.0,2.0,3.0
596425,244860,Xeppaa,7871,C9,Cloud9,1.03,1.11,195.0,266.0,11.0,12.0,10.0,10.0,1.0,3.0,85.0,77.0,125.0,185.0,18.0,32.0,2.0,0.0,1.0,0.0
596425,244860,v1c,17433,C9,Cloud9,1.23,0.68,239.0,159.0,10.0,7.0,9.0,8.0,7.0,3.0,85.0,77.0,146.0,98.0,21.0,14.0,0.0,0.0,0.0,1.0
596425,244860,Zellsis,729,C9,Cloud9,0.59,1.27,105.0,210.0,4.0,10.0,9.0,9.0,8.0,12.0,69.0,100.0,59.0,114.0,13.0,22.0,1.0,1.0,1.0,2.0
596425,244860,penny,7716,C9,Cloud9,0.45,0.82,100.0,205.0,4.0,10.0,10.0,12.0,4.0,3.0,62.0,77.0,84.0,127.0,19.0,26.0,1.0,0.0,3.0,2.0
596425,244861,bang,3880,100T,100 Thieves,1.42,1.26,204.0,255.0,9.0,11.0,7.0,8.0,3.0,2.0,83.0,83.0,127.0,175.0,42.0,33.0,0.0,2.0,1.0,0.0
596425,244861,Timotino,29893,100T,100 Thieves,1.27,0.66,288.0,131.0,11.0,5.0,10.0,8.0,2.0,3.0,83.0,58.0,199.0,89.0,29.0,18.0,6.0,0.0,2.0,1.0
596425,244861,Asuna,601,100T,100 Thieves,0.94,0.94,181.0,183.0,7.0,7.0,9.0,10.0,6.0,5.0,92.0,83.0,102.0,122.0,13.0,17.0,0.0,0.0,2.0,2.0
596425,244861,Cryocells,4147,100T,100 Thieves,1.02,0.57,176.0,153.0,8.0,7.0,9.0,11.0,2.0,1.0,75.0,67.0,96.0,107.0,10.0,14.0,0.0,1.0,0.0,2.0
596425,244861,vora,20140,100T,100 Thieves,0.67,0.83,135.0,182.0,5.0,7.0,10.0,10.0,6.0,3.0,75.0,50.0,85.0,141.0,43.0,35.0,0.0,2.0,1.0,2.0
596425,244861,v1c,17433,C9,Cloud9,1.62,1.41,329.0,292.0,14.0,12.0,7.0,7.0,5.0,3.0,92.0,92.0,199.0,200.0,29.0,34.0,3.0,2.0,2.0,1.0
596425,244861,OXY,18796,C9,Cloud9,1.24,1.67,211.0,323.0,10.0,15.0,8.0,6.0,1.0,2.0,83.0,83.0,142.0,202.0,10.0,26.0,3.0,3.0,0.0,0.0
596425,244861,Xeppaa,7871,C9,Cloud9,1.14,0.89,201.0,240.0,8.0,10.0,7.0,10.0,5.0,6.0,83.0,83.0,126.0,149.0,37.0,23.0,1.0,0.0,0.0,0.0
596425,244861,Zellsis,729,C9,Cloud9,1.16,0.37,204.0,108.0,9.0,3.0,7.0,9.0,4.0,7.0,75.0,75.0,126.0,67.0,19.0,10.0,0.0,1.0,1.0,3.0
596425,244861,penny,7716,C9,Cloud9,0.57,0.55,142.0,133.0,6.0,5.0,8.0,8.0,1.0,3.0,67.0,83.0,82.0,94.0,14.0,11.0,0.0,0.0,2.0,2.0
596425,244862,vora,20140,100T,100 Thieves,2.22,0.65,358.0,218.0,17.0,2.0,3.0,3.0,1.0,2.0,92.0,100.0,226.0,151.0,31.0,25.0,1.0,1.0,0.0,1.0
596425,244862,Asuna,601,100T,100 Thieves,1.05,2.43,149.0,296.0,7.0,3.0,6.0,0.0,11.0,4.0,92.0,100.0,102.0,186.0,18.0,23.0,0.0,0.0,1.0,0.0
596425,244862,bang,3880,100T,100 Thieves,1.23,1.54,191.0,137.0,9.0,1.0,6.0,1.0,5.0,7.0,92.0,100.0,118.0,59.0,24.0,0.0,0.0,0.0,0.0,0.0
596425,244862,Cryocells,4147,100T,100 Thieves,1.06,1.94,201.0,218.0,9.0,3.0,7.0,0.0,2.0,1.0,83.0,100.0,126.0,166.0,19.0,17.0,4.0,0.0,2.0,0.0
596425,244862,Timotino,29893,100T,100 Thieves,0.74,2.96,185.0,454.0,8.0,6.0,9.0,1.0,0.0,3.0,75.0,100.0,141.0,245.0,26.0,45.0,2.0,1.0,2.0,0.0
596425,244862,OXY,18796,C9,Cloud9,0.68,0.87,215.0,241.0,2.0,10.0,3.0,12.0,1.0,1.0,67.0,67.0,133.0,154.0,20.0,48.0,0.0,4.0,0.0,4.0
596425,244862,v1c,17433,C9,Cloud9,0.29,0.82,101.0,188.0,1.0,8.0,3.0,10.0,2.0,4.0,67.0,83.0,45.0,120.0,0.0,27.0,0.0,1.0,0.0,1.0
596425,244862,Xeppaa,7871,C9,Cloud9,0.08,0.7,92.0,169.0,1.0,6.0,3.0,9.0,0.0,1.0,33.0,67.0,49.0,131.0,0.0,26.0,0.0,0.0,0.0,1.0
596425,244862,Zellsis,729,C9,Cloud9,0.14,0.56,26.0,108.0,0.0,4.0,3.0,10.0,2.0,4.0,67.0,58.0,17.0,65.0,0.0,29.0,0.0,0.0,0.0,0.0
596425,244862,penny,7716,C9,Cloud9,0.18,0.29,91.0,81.0,1.0,3.0,3.0,10.0,0.0,2.0,67.0,42.0,48.0,61.0,0.0,6.0,1.0,0.0,2.0,1.0
596426,244863,brawk,2172,NRG,NRG,1.52,2.81,205.0,454.0,10.0,8.0,4.0,1.0,3.0,2.0,100.0,100.0,154.0,281.0,24.0,43.0,0.0,2.0,1.0,0.0
596426,244863,keiko,11494,NRG,NRG,1.84,0.3,298.0,115.0,15.0,1.0,5.0,3.0,0.0,2.0,100.0,75.0,194.0,97.0,39.0,22.0,1.0,1.0,0.0,0.0
596426,244863,mada,5132,NRG,NRG,1.28,0.8,330.0,138.0,15.0,2.0,9.0,2.0,2.0,0.0,92.0,75.0,198.0,58.0,38.0,67.0,3.0,0.0,1.0,0.0
596426,244863,skuba,11118,NRG,NRG,1.06,1.1,158.0,183.0,6.0,3.0,7.0,2.0,7.0,2.0,92.0,100.0,111.0,115.0,33.0,25.0,2.0,0.0,1.0,0.0
596426,244863,Ethan,11225,NRG,NRG,0.57,2.34,97.0,377.0,4.0,6.0,6.0,1.0,3.0,1.0,67.0,100.0,60.0,259.0,7.0,38.0,1.0,0.0,2.0,1.0
596426,244863,Cryocells,4147,100T,100 Thieves,1.61,0.77,337.0,171.0,5.0,7.0,4.0,9.0,0.0,0.0,50.0,58.0,191.0,106.0,71.0,32.0,0.0,2.0,1.0,1.0
596426,244863,vora,20140,100T,100 Thieves,0.48,0.84,105.0,207.0,2.0,9.0,4.0,10.0,0.0,0.0,50.0,58.0,62.0,123.0,25.0,53.0,0.0,1.0,0.0,2.0
596426,244863,bang,3880,100T,100 Thieves,0.02,0.92,43.0,220.0,0.0,9.0,4.0,9.0,2.0,3.0,75.0,83.0,36.0,133.0,25.0,42.0,0.0,1.0,0.0,1.0
596426,244863,Timotino,29893,100T,100 Thieves,0.57,0.21,137.0,108.0,2.0,4.0,4.0,12.0,0.0,0.0,75.0,42.0,81.0,76.0,100.0,40.0,1.0,1.0,1.0,3.0
596426,244863,Asuna,601,100T,100 Thieves,0.02,0.32,39.0,73.0,0.0,2.0,4.0,10.0,3.0,3.0,75.0,58.0,20.0,48.0,0.0,7.0,0.0,0.0,1.0,0.0
596426,244864,skuba,11118,NRG,NRG,1.62,1.41,243.0,219.0,8.0,9.0,3.0,6.0,1.0,6.0,89.0,83.0,147.0,145.0,12.0,50.0,0.0,1.0,0.0,0.0
596426,244864,Ethan,11225,NRG,NRG,0.87,1.58,165.0,261.0,5.0,12.0,5.0,7.0,2.0,3.0,56.0,83.0,121.0,173.0,36.0,36.0,1.0,1.0,2.0,1.0
596426,244864,mada,5132,NRG,NRG,1.73,0.91,367.0,179.0,13.0,8.0,5.0,10.0,1.0,3.0,89.0,67.0,239.0,119.0,44.0,19.0,4.0,1.0,0.0,0.0
596426,244864,keiko,11494,NRG,NRG,1.3,1.09,164.0,263.0,5.0,12.0,4.0,10.0,5.0,3.0,89.0,75.0,117.0,155.0,62.0,52.0,0.0,4.0,0.0,2.0
596426,244864,brawk,2172,NRG,NRG,1.25,0.46,125.0,129.0,6.0,4.0,3.0,9.0,1.0,2.0,67.0,50.0,92.0,100.0,40.0,20.0,1.0,0.0,1.0,2.0
596426,244864,Asuna,601,100T,100 Thieves,0.85,1.17,146.0,274.0,5.0,9.0,8.0,8.0,12.0,2.0,75.0,78.0,83.0,158.0,22.0,19.0,0.0,1.0,1.0,1.0
596426,244864,vora,20140,100T,100 Thieves,1.16,0.46,262.0,73.0,12.0,2.0,9.0,7.0,2.0,1.0,92.0,44.0,151.0,69.0,33.0,15.0,0.0,0.0,0.0,1.0
596426,244864,Timotino,29893,100T,100 Thieves,0.94,0.55,225.0,157.0,10.0,4.0,9.0,8.0,4.0,3.0,67.0,56.0,128.0,100.0,71.0,14.0,2.0,2.0,5.0,4.0
596426,244864,Cryocells,4147,100T,100 Thieves,0.9,0.34,225.0,46.0,9.0,1.0,10.0,6.0,3.0,0.0,67.0,44.0,144.0,41.0,24.0,20.0,3.0,0.0,0.0,0.0
596426,244864,bang,3880,100T,100 Thieves,0.69,0.48,142.0,108.0,6.0,4.0,9.0,8.0,2.0,4.0,67.0,33.0,99.0,70.0,19.0,21.0,0.0,0.0,1.0,0.0
596427,244866,aspas,8480,MIBR,MIBR,2.02,1.33,308.0,280.0,12.0,12.0,4.0,6.0,2.0,2.0,90.0,75.0,227.0,175.0,33.0,22.0,0.0,2.0,1.0,2.0
596427,244866,Verno,21668,MIBR,MIBR,1.28,1.5,229.0,290.0,9.0,13.0,5.0,5.0,3.0,2.0,70.0,83.0,137.0,166.0,30.0,50.0,1.0,1.0,0.0,0.0
596427,244866,tex,1818,MIBR,MIBR,1.35,0.99,193.0,146.0,7.0,6.0,5.0,6.0,3.0,4.0,80.0,83.0,147.0,97.0,24.0,31.0,0.0,2.0,0.0,0.0
596427,244866,zekken,4004,MIBR,MIBR,0.44,1.29,139.0,235.0,6.0,11.0,8.0,8.0,2.0,5.0,60.0,83.0,76.0,169.0,11.0,32.0,2.0,1.0,3.0,0.0
596427,244866,Mazino,7603,MIBR,MIBR,0.8,0.55,172.0,122.0,5.0,5.0,7.0,9.0,5.0,4.0,80.0,67.0,113.0,74.0,21.0,40.0,0.0,2.0,3.0,2.0
596427,244866,skuba,11118,NRG,NRG,1.24,0.99,265.0,209.0,10.0,7.0,8.0,7.0,2.0,1.0,58.0,70.0,177.0,137.0,29.0,36.0,1.0,0.0,1.0,2.0
596427,244866,mada,5132,NRG,NRG,0.8,1.02,189.0,240.0,8.0,8.0,10.0,8.0,3.0,1.0,42.0,50.0,110.0,141.0,30.0,28.0,2.0,5.0,2.0,1.0
596427,244866,keiko,11494,NRG,NRG,1.09,0.64,209.0,148.0,9.0,5.0,9.0,9.0,1.0,2.0,67.0,60.0,122.0,110.0,56.0,40.0,1.0,0.0,2.0,0.0
596427,244866,brawk,2172,NRG,NRG,0.58,0.89,131.0,186.0,5.0,5.0,10.0,7.0,1.0,4.0,67.0,70.0,83.0,132.0,31.0,16.0,0.0,1.0,1.0,0.0
596427,244866,Ethan,11225,NRG,NRG,0.24,0.64,55.0,136.0,2.0,4.0,10.0,8.0,1.0,3.0,42.0,70.0,37.0,98.0,25.0,43.0,0.0,1.0,2.0,0.0
596427,244867,Mazino,7603,MIBR,MIBR,1.41,1.96,261.0,377.0,11.0,9.0,7.0,3.0,5.0,2.0,58.0,83.0,180.0,240.0,34.0,24.0,0.0,0.0,2.0,0.0
596427,244867,aspas,8480,MIBR,MIBR,0.99,2.01,194.0,257.0,9.0,6.0,6.0,1.0,0.0,2.0,83.0,83.0,132.0,151.0,22.0,32.0,2.0,1.0,2.0,0.0
596427,244867,Verno,21668,MIBR,MIBR,1.0,1.1,175.0,198.0,7.0,4.0,6.0,4.0,3.0,4.0,75.0,67.0,121.0,124.0,39.0,42.0,0.0,1.0,0.0,1.0
596427,244867,tex,1818,MIBR,MIBR,1.03,1.0,199.0,220.0,9.0,5.0,8.0,4.0,1.0,2.0,58.0,83.0,114.0,127.0,32.0,25.0,1.0,2.0,2.0,0.0
596427,244867,zekken,4004,MIBR,MIBR,0.9,0.78,155.0,183.0,7.0,4.0,9.0,4.0,3.0,1.0,75.0,83.0,95.0,133.0,50.0,19.0,2.0,0.0,1.0,1.0
596427,244867,Ethan,11225,NRG,NRG,0.82,1.1,255.0,271.0,5.0,11.0,6.0,10.0,1.0,4.0,67.0,75.0,175.0,170.0,50.0,38.0,0.0,5.0,1.0,1.0
596427,244867,mada,5132,NRG,NRG,0.14,1.35,80.0,255.0,2.0,11.0,6.0,7.0,0.0,3.0,33.0,50.0,44.0,157.0,10.0,48.0,1.0,1.0,1.0,2.0
596427,244867,skuba,11118,NRG,NRG,0.75,0.87,148.0,133.0,2.0,6.0,5.0,7.0,3.0,3.0,83.0,100.0,111.0,117.0,33.0,35.0,0.0,0.0,0.0,1.0
596427,244867,brawk,2172,NRG,NRG,0.87,0.74,180.0,158.0,4.0,6.0,5.0,9.0,0.0,6.0,50.0,67.0,130.0,97.0,50.0,29.0,0.0,1.0,0.0,0.0
596427,244867,keiko,11494,NRG,NRG,0.54,0.15,157.0,71.0,3.0,2.0,6.0,10.0,1.0,2.0,67.0,42.0,104.0,54.0,38.0,10.0,1.0,0.0,2.0,1.0
596427,244868,aspas,8480,MIBR,MIBR,1.6,0.75,333.0,166.0,15.0,6.0,5.0,8.0,1.0,0.0,92.0,73.0,212.0,109.0,16.0,10.0,1.0,1.0,1.0,2.0
596427,244868,Verno,21668,MIBR,MIBR,1.51,0.3,287.0,117.0,13.0,4.0,6.0,10.0,4.0,2.0,92.0,45.0,161.0,85.0,21.0,36.0,1.0,0.0,0.0,2.0
596427,244868,zekken,4004,MIBR,MIBR,0.98,0.68,221.0,192.0,9.0,6.0,9.0,10.0,4.0,1.0,75.0,45.0,156.0,133.0,24.0,16.0,3.0,0.0,3.0,0.0
596427,244868,tex,1818,MIBR,MIBR,0.85,0.41,168.0,141.0,7.0,5.0,6.0,10.0,2.0,0.0,58.0,55.0,104.0,113.0,32.0,29.0,1.0,1.0,2.0,3.0
596427,244868,Mazino,7603,MIBR,MIBR,0.99,0.18,101.0,59.0,5.0,2.0,4.0,11.0,3.0,2.0,75.0,36.0,78.0,37.0,31.0,31.0,0.0,0.0,0.0,2.0
596427,244868,brawk,2172,NRG,NRG,2.01,0.88,293.0,153.0,13.0,5.0,2.0,9.0,3.0,5.0,100.0,75.0,226.0,113.0,35.0,20.0,1.0,0.0,0.0,0.0
596427,244868,skuba,11118,NRG,NRG,1.42,0.96,248.0,185.0,11.0,8.0,5.0,8.0,1.0,2.0,91.0,58.0,139.0,104.0,21.0,23.0,1.0,2.0,0.0,0.0
596427,244868,mada,5132,NRG,NRG,1.2,0.97,220.0,237.0,9.0,9.0,6.0,11.0,2.0,2.0,82.0,83.0,136.0,141.0,17.0,21.0,5.0,4.0,1.0,2.0
596427,244868,Ethan,11225,NRG,NRG,1.07,0.71,187.0,155.0,6.0,6.0,6.0,10.0,6.0,4.0,91.0,50.0,132.0,100.0,29.0,27.0,2.0,0.0,1.0,2.0
596427,244868,keiko,11494,NRG,NRG,1.38,0.31,226.0,98.0,10.0,2.0,4.0,11.0,1.0,4.0,82.0,58.0,145.0,87.0,56.0,25.0,0.0,0.0,0.0,2.0
596427,244869,Verno,21668,MIBR,MIBR,1.09,1.79,235.0,369.0,10.0,7.0,10.0,4.0,3.0,0.0,58.0,100.0,138.0,202.0,40.0,25.0,0.0,0.0,2.0,0.0
596427,244869,zekken,4004,MIBR,MIBR,1.31,0.34,302.0,107.0,11.0,1.0,10.0,5.0,7.0,5.0,75.0,60.0,180.0,83.0,44.0,8.0,4.0,0.0,2.0,2.0
596427,244869,aspas,8480,MIBR,MIBR,0.66,0.92,150.0,226.0,6.0,4.0,10.0,5.0,2.0,1.0,58.0,60.0,103.0,133.0,29.0,33.0,0.0,2.0,2.0,1.0
596427,244869,tex,1818,MIBR,MIBR,0.8,0.01,107.0,5.0,4.0,0.0,9.0,5.0,10.0,0.0,67.0,40.0,70.0,,24.0,,0.0,0.0,0.0,0.0
596427,244869,Mazino,7603,MIBR,MIBR,0.39,0.32,91.0,71.0,2.0,1.0,11.0,4.0,9.0,0.0,75.0,60.0,61.0,48.0,23.0,13.0,0.0,0.0,2.0,0.0
596427,244869,brawk,2172,NRG,NRG,1.75,1.35,282.0,225.0,6.0,11.0,2.0,6.0,4.0,3.0,100.0,75.0,197.0,143.0,18.0,30.0,1.0,1.0,0.0,1.0
596427,244869,keiko,11494,NRG,NRG,1.26,1.43,197.0,265.0,3.0,13.0,4.0,6.0,5.0,4.0,100.0,83.0,101.0,169.0,33.0,35.0,0.0,2.0,0.0,1.0
596427,244869,Ethan,11225,NRG,NRG,1.42,1.27,346.0,210.0,6.0,9.0,3.0,5.0,2.0,4.0,100.0,92.0,266.0,161.0,11.0,36.0,1.0,1.0,0.0,0.0
596427,244869,mada,5132,NRG,NRG,1.14,1.1,247.0,236.0,4.0,9.0,3.0,8.0,3.0,4.0,80.0,83.0,163.0,157.0,33.0,13.0,1.0,2.0,2.0,2.0
596427,244869,skuba,11118,NRG,NRG,1.09,1.05,112.0,207.0,3.0,8.0,2.0,8.0,0.0,5.0,60.0,83.0,73.0,158.0,14.0,40.0,0.0,2.0,0.0,0.0
596427,244870,tex,1818,MIBR,MIBR,0.23,2.01,71.0,338.0,3.0,9.0,10.0,2.0,0.0,0.0,50.0,100.0,44.0,196.0,75.0,27.0,0.0,1.0,3.0,0.0
596427,244870,aspas,8480,MIBR,MIBR,0.25,1.94,106.0,338.0,4.0,8.0,12.0,2.0,2.0,1.0,42.0,83.0,62.0,222.0,36.0,20.0,1.0,3.0,2.0,0.0
596427,244870,Verno,21668,MIBR,MIBR,0.55,1.33,128.0,246.0,4.0,5.0,10.0,3.0,4.0,3.0,67.0,100.0,91.0,161.0,23.0,17.0,0.0,0.0,2.0,0.0
596427,244870,Mazino,7603,MIBR,MIBR,0.72,0.73,165.0,102.0,7.0,2.0,12.0,3.0,1.0,3.0,50.0,100.0,101.0,67.0,20.0,29.0,2.0,0.0,0.0,0.0
596427,244870,zekken,4004,MIBR,MIBR,0.44,0.5,133.0,105.0,4.0,1.0,11.0,4.0,2.0,3.0,42.0,67.0,91.0,89.0,8.0,18.0,1.0,0.0,1.0,2.0
596427,244870,keiko,11494,NRG,NRG,1.37,1.83,216.0,249.0,5.0,12.0,4.0,3.0,2.0,5.0,67.0,92.0,129.0,185.0,30.0,29.0,0.0,2.0,0.0,1.0
596427,244870,mada,5132,NRG,NRG,0.72,1.72,142.0,319.0,3.0,14.0,4.0,6.0,0.0,3.0,67.0,100.0,88.0,192.0,83.0,23.0,1.0,3.0,2.0,0.0
596427,244870,brawk,2172,NRG,NRG,0.3,1.61,44.0,273.0,1.0,11.0,6.0,4.0,0.0,5.0,50.0,100.0,23.0,172.0,0.0,23.0,0.0,3.0,0.0,1.0
596427,244870,skuba,11118,NRG,NRG,0.7,1.35,173.0,171.0,3.0,8.0,5.0,3.0,2.0,2.0,50.0,92.0,121.0,144.0,20.0,32.0,0.0,0.0,0.0,1.0
596427,244870,Ethan,11225,NRG,NRG,0.22,1.21,103.0,210.0,2.0,10.0,6.0,6.0,1.0,6.0,50.0,83.0,65.0,122.0,17.0,11.0,1.0,0.0,2.0,1.0
