match_id,game_id,player,player_id,tag,team,rating_atk,rating_def,acs_atk,acs_def,k_atk,k_def,d_atk,d_def,a_atk,a_def,kast_atk,kast_def,adr_atk,adr_def,hs_atk,hs_def,fk_atk,fk_def,fd_atk,fd_def
598921,245198,f4ngeer,21216,AG,All Gamers,,,,,,,,,,,,,,,,,,,,
598921,245198,Au1,55038,AG,All Gamers,,,,,,,,,,,,,,,,,,,,
598921,245198,K1ra,46748,AG,All Gamers,,,,,,,,,,,,,,,,,,,,
598921,245198,Shr1mp,25494,AG,All Gamers,,,,,,,,,,,,,,,,,,,,
598921,245198,iamgrq,58959,AG,All Gamers,,,,,,,,,,,,,,,,,,,,
598921,245198,GuanG,41054,NOVA,Nova Esports,,,,,,,,,,,,,,,,,,,,
598921,245198,GREEN,34181,NOVA,Nova Esports,,,,,,,,,,,,,,,,,,,,
598921,245198,Ezeir,46460,NOVA,Nova Esports,,,,,,,,,,,,,,,,,,,,
598921,245198,heybay,4712,NOVA,Nova Esports,,,,,,,,,,,,,,,,,,,,
598921,245198,OBONE,36670,NOVA,Nova Esports,,,,,,,,,,,,,,,,,,,,
598921,245199,f4ngeer,21216,AG,All Gamers,,,,,,,,,,,,,,,,,,,,
598921,245199,iamgrq,58959,AG,All Gamers,,,,,,,,,,,,,,,,,,,,
598921,245199,Au1,55038,AG,All Gamers,,,,,,,,,,,,,,,,,,,,
598921,245199,K1ra,46748,AG,All Gamers,,,,,,,,,,,,,,,,,,,,
598921,245199,Shr1mp,25494,AG,All Gamers,,,,,,,,,,,,,,,,,,,,
598921,245199,GREEN,34181,NOVA,Nova Esports,,,,,,,,,,,,,,,,,,,,
598921,245199,GuanG,41054,NOVA,Nova Esports,,,,,,,,,,,,,,,,,,,,
598921,245199,heybay,4712,NOVA,Nova Esports,,,,,,,,,,,,,,,,,,,,
598921,245199,OBONE,36670,NOVA,Nova Esports,,,,,,,,,,,,,,,,,,,,
598921,245199,Ezeir,46460,NOVA,Nova Esports,,,,,,,,,,,,,,,,,,,,
598922,245201,zhe,49476,JDG,JD Mall JDG Esports (JD Gaming),,,,,,,,,,,,,,,,,,,,
598922,245201,stew,16924,JDG,JD Mall JDG Esports (JD Gaming),,,,,,,,,,,,,,,,,,,,
598922,245201,jkuro,3519,JDG,JD Mall JDG Esports (JD Gaming),,,,,,,,,,,,,,,,,,,,
598922,245201,Yuicaw,11218,JDG,JD Mall JDG Esports (JD Gaming),,,,,,,,,,,,,,,,,,,,
598922,245201,coconut,12365,JDG,JD Mall JDG Esports (JD Gaming),,,,,,,,,,,,,,,,,,,,
598922,245201,lucas,19677,TEC,Wuxi Titan Esports Club (Titan Esports Club),,,,,,,,,,,,,,,,,,,,
598922,245201,Haodong,4720,TEC,Wuxi Titan Esports Club (Titan Esports Club),,,,,,,,,,,,,,,,,,,,
598922,245201,Abo,5011,TEC,Wuxi Titan Esports Club (Titan Esports Club),,,,,,,,,,,,,,,,,,,,
598922,245201,Coco,47629,TEC,Wuxi Titan Esports Club (Titan Esports Club),,,,,,,,,,,,,,,,,,,,
598922,245201,Dynamite,42235,TEC,Wuxi Titan Esports Club (Titan Esports Club),,,,,,,,,,,,,,,,,,,,
598922,245202,Yuicaw,11218,JDG,JD Mall JDG Esports (JD Gaming),,,,,,,,,,,,,,,,,,,,
598922,245202,jkuro,3519,JDG,JD Mall JDG Esports (JD Gaming),,,,,,,,,,,,,,,,,,,,
598922,245202,coconut,12365,JDG,JD Mall JDG Esports (JD Gaming),,,,,,,,,,,,,,,,,,,,
598922,245202,zhe,49476,JDG,JD Mall JDG Esports (JD Gaming),,,,,,,,,,,,,,,,,,,,
598922,245202,stew,16924,JDG,JD Mall JDG Esports (JD Gaming),,,,,,,,,,,,,,,,,,,,
598922,245202,Abo,5011,TEC,Wuxi Titan Esports Club (Titan Esports Club),,,,,,,,,,,,,,,,,,,,
598922,245202,Dynamite,42235,TEC,Wuxi Titan Esports Club (Titan Esports Club),,,,,,,,,,,,,,,,,,,,
598922,245202,Coco,47629,TEC,Wuxi Titan Esports Club (Titan Esports Club),,,,,,,,,,,,,,,,,,,,
598922,245202,lucas,19677,TEC,Wuxi Titan Esports Club (Titan Esports Club),,,,,,,,,,,,,,,,,,,,
598922,245202,Haodong,4720,TEC,Wuxi Titan Esports Club (Titan Esports Club),,,,,,,,,,,,,,,,,,,,
598922,245203,stew,16924,JDG,JD Mall JDG Esports (JD Gaming),,,,,,,,,,,,,,,,,,,,
598922,245203,Yuicaw,11218,JDG,JD Mall JDG Esports (JD Gaming),,,,,,,,,,,,,,,,,,,,
598922,245203,zhe,49476,JDG,JD Mall JDG Esports (JD Gaming),,,,,,,,,,,,,,,,,,,,
598922,245203,jkuro,3519,JDG,JD Mall JDG Esports (JD Gaming),,,,,,,,,,,,,,,,,,,,
598922,245203,coconut,12365,JDG,JD Mall JDG Esports (JD Gaming),,,,,,,,,,,,,,,,,,,,
598922,245203,Coco,47629,TEC,Wuxi Titan Esports Club (Titan Esports Club),,,,,,,,,,,,,,,,,,,,
598922,245203,lucas,19677,TEC,Wuxi Titan Esports Club (Titan Esports Club),,,,,,,,,,,,,,,,,,,,
598922,245203,Dynamite,42235,TEC,Wuxi Titan Esports Club (Titan Esports Club),,,,,,,,,,,,,,,,,,,,
598922,245203,Abo,5011,TEC,Wuxi Titan Esports Club (Titan Esports Club),,,,,,,,,,,,,,,,,,,,
598922,245203,Haodong,4720,TEC,Wuxi Titan Esports Club (Titan Esports Club),,,,,,,,,,,,,,,,,,,,
598923,245204,Kai,37494,TE,Trace Esports,,,,,,,,,,,,,,,,,,,,
598923,245204,deLb,10821,TE,Trace Esports,,,,,,,,,,,,,,,,,,,,
598923,245204,FengF,4770,TE,Trace Esports,,,,,,,,,,,,,,,,,,,,
598923,245204,LuoK1ng,3045,TE,Trace Esports,,,,,,,,,,,,,,,,,,,,
598923,245204,Viva,36415,TE,Trace Esports,,,,,,,,,,,,,,,,,,,,
598923,245204,Spring,14125,WOL,Wolves Esports,,,,,,,,,,,,,,,,,,,,
598923,245204,jowa,19292,WOL,Wolves Esports,,,,,,,,,,,,,,,,,,,,
598923,245204,SiuFatBB,7849,WOL,Wolves Esports,,,,,,,,,,,,,,,,,,,,
598923,245204,qiutiaN,43007,WOL,Wolves Esports,,,,,,,,,,,,,,,,,,,,
598923,245204,yosemite,6022,WOL,Wolves Esports,,,,,,,,,,,,,,,,,,,,
598923,245205,FengF,4770,TE,Trace Esports,,,,,,,,,,,,,,,,,,,,
598923,245205,deLb,10821,TE,Trace Esports,,,,,,,,,,,,,,,,,,,,
598923,245205,Kai,37494,TE,Trace Esports,,,,,,,,,,,,,,,,,,,,
598923,245205,Viva,36415,TE,Trace Esports,,,,,,,,,,,,,,,,,,,,
598923,245205,LuoK1ng,3045,TE,Trace Esports,,,,,,,,,,,,,,,,,,,,
598923,245205,jowa,19292,WOL,Wolves Esports,,,,,,,,,,,,,,,,,,,,
598923,245205,Spring,14125,WOL,Wolves Esports,,,,,,,,,,,,,,,,,,,,
598923,245205,yosemite,6022,WOL,Wolves Esports,,,,,,,,,,,,,,,,,,,,
598923,245205,qiutiaN,43007,WOL,Wolves Esports,,,,,,,,,,,,,,,,,,,,
598923,245205,SiuFatBB,7849,WOL,Wolves Esports,,,,,,,,,,,,,,,,,,,,
598923,245206,FengF,4770,TE,Trace Esports,,,,,,,,,,,,,,,,,,,,
598923,245206,Viva,36415,TE,Trace Esports,,,,,,,,,,,,,,,,,,,,
598923,245206,LuoK1ng,3045,TE,Trace Esports,,,,,,,,,,,,,,,,,,,,
598923,245206,deLb,10821,TE,Trace Esports,,,,,,,,,,,,,,,,,,,,
598923,245206,Kai,37494,TE,Trace Esports,,,,,,,,,,,,,,,,,,,,
598923,245206,yosemite,6022,WOL,Wolves Esports,,,,,,,,,,,,,,,,,,,,
598923,245206,jowa,19292,WOL,Wolves Esports,,,,,,,,,,,,,,,,,,,,
598923,245206,qiutiaN,43007,WOL,Wolves Esports,,,,,,,,,,,,,,,,,,,,
598923,245206,Spring,14125,WOL,Wolves Esports,,,,,,,,,,,,,,,,,,,,
598923,245206,SiuFatBB,7849,WOL,Wolves Esports,,,,,,,,,,,,,,,,,,,,
598924,245207,Life,3028,FPX,FunPlus Phoenix,,,,,,,,,,,,,,,,,,,,
598924,245207,Setrod,50025,FPX,FunPlus Phoenix,,,,,,,,,,,,,,,,,,,,
598924,245207,AAAAY,19530,FPX,FunPlus Phoenix,,,,,,,,,,,,,,,,,,,,
598924,245207,BerLIN,7857,FPX,FunPlus Phoenix,,,,,,,,,,,,,,,,,,,,
598924,245207,sScary,4382,FPX,FunPlus Phoenix,,,,,,,,,,,,,,,,,,,,
598924,245207,splash,36685,TYL,TYLOO,,,,,,,,,,,,,,,,,,,,
598924,245207,Erv,55085,TYL,TYLOO,,,,,,,,,,,,,,,,,,,,
598924,245207,slowly,41739,TYL,TYLOO,,,,,,,,,,,,,,,,,,,,
598924,245207,sword9,3049,TYL,TYLOO,,,,,,,,,,,,,,,,,,,,
598924,245207,Scales,39485,TYL,TYLOO,,,,,,,,,,,,,,,,,,,,
598924,245208,sScary,4382,FPX,FunPlus Phoenix,,,,,,,,,,,,,,,,,,,,
598924,245208,BerLIN,7857,FPX,FunPlus Phoenix,,,,,,,,,,,,,,,,,,,,
598924,245208,Setrod,50025,FPX,FunPlus Phoenix,,,,,,,,,,,,,,,,,,,,
598924,245208,AAAAY,19530,FPX,FunPlus Phoenix,,,,,,,,,,,,,,,,,,,,
598924,245208,Life,3028,FPX,FunPlus Phoenix,,,,,,,,,,,,,,,,,,,,
598924,245208,slowly,41739,TYL,TYLOO,,,,,,,,,,,,,,,,,,,,
598924,245208,Erv,55085,TYL,TYLOO,,,,,,,,,,,,,,,,,,,,
598924,245208,splash,36685,TYL,TYLOO,,,,,,,,,,,,,,,,,,,,
598924,245208,Scales,39485,TYL,TYLOO,,,,,,,,,,,,,,,,,,,,
598924,245208,sword9,3049,TYL,TYLOO,,,,,,,,,,,,,,,,,,,,
598925,245210,nephh,10698,BLG,Guangzhou Huadu Bilibili Gaming (Bilibili Gaming),0.89,1.7,166.0,306.0,7.0,13.0,7.0,8.0,5.0,2.0,73.0,67.0,96.0,198.0,17.0,31.0,1.0,0.0,1.0,1.0
598925,245210,rushia,48878,BLG,Guangzhou Huadu Bilibili Gaming (Bilibili Gaming),1.5,0.92,276.0,186.0,12.0,8.0,6.0,10.0,2.0,1.0,73.0,75.0,206.0,124.0,38.0,15.0,2.0,0.0,1.0,1.0
598925,245210,Knight,4774,BLG,Guangzhou Huadu Bilibili Gaming (Bilibili Gaming),0.78,1.01,121.0,173.0,5.0,5.0,6.0,9.0,2.0,4.0,82.0,50.0,96.0,144.0,24.0,21.0,0.0,0.0,0.0,1.0
598925,245210,whzy,4885,BLG,Guangzhou Huadu Bilibili Gaming (Bilibili Gaming),0.56,0.56,191.0,132.0,7.0,5.0,10.0,10.0,1.0,2.0,64.0,50.0,99.0,78.0,25.0,12.0,2.0,2.0,3.0,5.0
598925,245210,bud,56260,BLG,Guangzhou Huadu Bilibili Gaming (Bilibili Gaming),0.68,0.38,156.0,72.0,5.0,2.0,9.0,11.0,5.0,5.0,73.0,50.0,109.0,46.0,25.0,33.0,0.0,0.0,1.0,2.0
598925,245210,f4ngeer,21216,AG,All Gamers,0.94,1.9,229.0,294.0,9.0,13.0,9.0,6.0,4.0,3.0,83.0,91.0,167.0,184.0,36.0,32.0,3.0,5.0,1.0,1.0
598925,245210,K1ra,46748,AG,All Gamers,1.22,1.09,331.0,237.0,16.0,9.0,8.0,8.0,0.0,2.0,75.0,82.0,179.0,148.0,25.0,24.0,3.0,0.0,1.0,0.0
598925,245210,iamgrq,58959,AG,All Gamers,0.89,1.29,141.0,214.0,4.0,8.0,6.0,6.0,11.0,4.0,83.0,91.0,91.0,139.0,9.0,38.0,0.0,0.0,0.0,1.0
598925,245210,Shr1mp,25494,AG,All Gamers,1.28,0.73,193.0,105.0,9.0,3.0,5.0,7.0,6.0,2.0,83.0,55.0,121.0,67.0,35.0,24.0,4.0,0.0,0.0,1.0
598925,245210,Au1,55038,AG,All Gamers,1.24,0.69,202.0,154.0,10.0,5.0,5.0,9.0,1.0,8.0,67.0,73.0,149.0,118.0,28.0,16.0,0.0,1.0,0.0,2.0
598925,245211,whzy,4885,BLG,Guangzhou Huadu Bilibili Gaming (Bilibili Gaming),1.18,0.66,201.0,176.0,3.0,7.0,2.0,11.0,0.0,1.0,75.0,58.0,107.0,112.0,50.0,53.0,1.0,3.0,1.0,2.0
598925,245211,nephh,10698,BLG,Guangzhou Huadu Bilibili Gaming (Bilibili Gaming),0.28,0.81,7.0,179.0,0.0,6.0,2.0,11.0,0.0,4.0,75.0,67.0,7.0,128.0,0.0,23.0,0.0,2.0,0.0,0.0
598925,245211,Knight,4774,BLG,Guangzhou Huadu Bilibili Gaming (Bilibili Gaming),0.5,0.74,42.0,141.0,1.0,6.0,2.0,10.0,0.0,1.0,75.0,33.0,26.0,79.0,100.0,15.0,0.0,0.0,0.0,3.0
598925,245211,rushia,48878,BLG,Guangzhou Huadu Bilibili Gaming (Bilibili Gaming),1.4,0.4,223.0,104.0,4.0,3.0,2.0,10.0,0.0,1.0,100.0,58.0,141.0,81.0,57.0,22.0,0.0,0.0,0.0,2.0
598925,245211,bud,56260,BLG,Guangzhou Huadu Bilibili Gaming (Bilibili Gaming),0.3,0.37,52.0,81.0,0.0,3.0,3.0,11.0,2.0,3.0,100.0,42.0,52.0,59.0,0.0,14.0,0.0,0.0,1.0,0.0
598925,245211,iamgrq,58959,AG,All Gamers,1.78,1.48,309.0,205.0,15.0,3.0,5.0,3.0,4.0,1.0,92.0,50.0,207.0,127.0,26.0,11.0,0.0,1.0,1.0,0.0
598925,245211,K1ra,46748,AG,All Gamers,1.44,1.58,220.0,200.0,10.0,3.0,4.0,2.0,3.0,2.0,92.0,75.0,134.0,118.0,28.0,14.0,0.0,0.0,0.0,0.0
598925,245211,Shr1mp,25494,AG,All Gamers,1.2,1.18,195.0,107.0,9.0,2.0,5.0,2.0,2.0,1.0,83.0,75.0,128.0,88.0,26.0,14.0,0.0,1.0,2.0,0.0
598925,245211,f4ngeer,21216,AG,All Gamers,1.07,1.38,224.0,252.0,9.0,3.0,7.0,3.0,6.0,1.0,92.0,75.0,169.0,177.0,20.0,43.0,1.0,0.0,2.0,0.0
598925,245211,Au1,55038,AG,All Gamers,1.41,0.35,218.0,22.0,10.0,0.0,4.0,3.0,1.0,1.0,83.0,50.0,141.0,49.0,33.0,0.0,6.0,0.0,0.0,1.0
598926,245213,vo0kashu,3741,DRG,Dragon Ranger Gaming,1.2,0.98,185.0,155.0,7.0,6.0,7.0,6.0,5.0,2.0,58.0,67.0,119.0,97.0,10.0,26.0,1.0,0.0,0.0,0.0
598926,245213,Akeman,52904,DRG,Dragon Ranger Gaming,0.36,1.59,139.0,231.0,6.0,10.0,10.0,6.0,1.0,1.0,50.0,67.0,97.0,139.0,45.0,40.0,2.0,1.0,5.0,1.0
598926,245213,SpiritZ1,31753,DRG,Dragon Ranger Gaming,0.96,0.66,206.0,198.0,10.0,8.0,9.0,10.0,0.0,1.0,42.0,75.0,142.0,110.0,48.0,50.0,0.0,4.0,2.0,2.0
598926,245213,Nicc,11524,DRG,Dragon Ranger Gaming,0.7,0.81,110.0,124.0,4.0,5.0,7.0,7.0,1.0,0.0,67.0,58.0,80.0,78.0,29.0,42.0,1.0,0.0,0.0,0.0
598926,245213,Flex1n,4705,DRG,Dragon Ranger Gaming,0.48,0.57,98.0,128.0,4.0,5.0,9.0,10.0,4.0,0.0,50.0,58.0,68.0,88.0,40.0,36.0,0.0,2.0,1.0,2.0
598926,245213,jkuro,3519,JDG,JD Mall JDG Esports (JD Gaming),1.28,1.47,202.0,236.0,9.0,9.0,6.0,6.0,5.0,9.0,83.0,75.0,134.0,142.0,30.0,30.0,1.0,2.0,1.0,2.0
598926,245213,Yuicaw,11218,JDG,JD Mall JDG Esports (JD Gaming),1.04,1.45,242.0,218.0,9.0,9.0,9.0,6.0,3.0,3.0,67.0,75.0,155.0,131.0,45.0,21.0,3.0,2.0,1.0,1.0
598926,245213,coconut,12365,JDG,JD Mall JDG Esports (JD Gaming),1.47,0.89,216.0,132.0,10.0,4.0,6.0,6.0,1.0,5.0,67.0,67.0,177.0,101.0,52.0,36.0,1.0,1.0,1.0,1.0
598926,245213,zhe,49476,JDG,JD Mall JDG Esports (JD Gaming),0.69,1.26,135.0,209.0,5.0,10.0,8.0,6.0,2.0,2.0,67.0,83.0,97.0,127.0,27.0,17.0,0.0,1.0,2.0,0.0
598926,245213,stew,16924,JDG,JD Mall JDG Esports (JD Gaming),0.54,1.2,125.0,199.0,6.0,10.0,9.0,7.0,2.0,3.0,75.0,67.0,76.0,134.0,20.0,23.0,0.0,2.0,2.0,0.0
598926,245214,SpiritZ1,31753,DRG,Dragon Ranger Gaming,1.46,1.13,315.0,215.0,11.0,10.0,6.0,6.0,2.0,1.0,78.0,67.0,197.0,129.0,25.0,42.0,0.0,4.0,1.0,1.0
598926,245214,Nicc,11524,DRG,Dragon Ranger Gaming,1.28,0.89,246.0,202.0,8.0,8.0,5.0,8.0,3.0,4.0,89.0,83.0,149.0,144.0,50.0,35.0,1.0,1.0,0.0,1.0
598926,245214,Akeman,52904,DRG,Dragon Ranger Gaming,0.84,1.23,168.0,203.0,5.0,10.0,6.0,6.0,2.0,1.0,78.0,75.0,106.0,134.0,31.0,33.0,2.0,2.0,2.0,0.0
598926,245214,Flex1n,4705,DRG,Dragon Ranger Gaming,0.72,0.88,141.0,174.0,5.0,8.0,6.0,7.0,1.0,4.0,78.0,75.0,95.0,121.0,23.0,30.0,1.0,0.0,0.0,2.0
598926,245214,vo0kashu,3741,DRG,Dragon Ranger Gaming,0.14,1.28,75.0,164.0,2.0,8.0,7.0,4.0,1.0,2.0,44.0,92.0,79.0,116.0,7.0,38.0,0.0,1.0,2.0,0.0
598926,245214,stew,16924,JDG,JD Mall JDG Esports (JD Gaming),1.63,0.9,327.0,166.0,13.0,4.0,9.0,7.0,2.0,2.0,75.0,89.0,189.0,112.0,50.0,23.0,4.0,1.0,1.0,0.0
598926,245214,coconut,12365,JDG,JD Mall JDG Esports (JD Gaming),1.02,1.31,153.0,111.0,6.0,5.0,9.0,4.0,4.0,2.0,83.0,78.0,115.0,66.0,10.0,50.0,0.0,0.0,0.0,0.0
598926,245214,Yuicaw,11218,JDG,JD Mall JDG Esports (JD Gaming),0.56,1.42,103.0,278.0,4.0,9.0,9.0,6.0,4.0,4.0,67.0,78.0,76.0,167.0,12.0,17.0,0.0,2.0,2.0,2.0
598926,245214,jkuro,3519,JDG,JD Mall JDG Esports (JD Gaming),0.61,1.26,106.0,227.0,4.0,7.0,9.0,6.0,3.0,4.0,67.0,67.0,92.0,132.0,22.0,25.0,0.0,1.0,2.0,0.0
598926,245214,zhe,49476,JDG,JD Mall JDG Esports (JD Gaming),0.68,0.58,120.0,185.0,4.0,5.0,8.0,8.0,2.0,3.0,50.0,67.0,90.0,116.0,28.0,31.0,0.0,1.0,3.0,2.0
598926,245215,vo0kashu,3741,DRG,Dragon Ranger Gaming,0.86,2.34,190.0,344.0,8.0,14.0,9.0,1.0,0.0,1.0,67.0,100.0,125.0,206.0,33.0,56.0,2.0,1.0,0.0,0.0
598926,245215,Flex1n,4705,DRG,Dragon Ranger Gaming,1.03,1.22,211.0,255.0,8.0,9.0,8.0,6.0,9.0,7.0,92.0,90.0,131.0,173.0,23.0,14.0,2.0,2.0,0.0,0.0
598926,245215,SpiritZ1,31753,DRG,Dragon Ranger Gaming,0.71,1.4,206.0,320.0,9.0,13.0,10.0,6.0,1.0,2.0,75.0,80.0,121.0,169.0,41.0,27.0,2.0,1.0,0.0,0.0
598926,245215,Akeman,52904,DRG,Dragon Ranger Gaming,1.34,0.22,327.0,98.0,14.0,3.0,9.0,8.0,2.0,1.0,83.0,60.0,199.0,76.0,33.0,27.0,5.0,2.0,1.0,2.0
598926,245215,Nicc,11524,DRG,Dragon Ranger Gaming,0.71,0.31,97.0,79.0,4.0,2.0,7.0,7.0,4.0,4.0,75.0,50.0,73.0,55.0,31.0,6.0,0.0,0.0,0.0,2.0
598926,245215,Yuicaw,11218,JDG,JD Mall JDG Esports (JD Gaming),1.23,1.61,221.0,296.0,7.0,11.0,8.0,8.0,2.0,9.0,70.0,92.0,124.0,194.0,38.0,30.0,0.0,1.0,0.0,2.0
598926,245215,stew,16924,JDG,JD Mall JDG Esports (JD Gaming),0.59,1.64,148.0,313.0,5.0,13.0,9.0,8.0,2.0,4.0,60.0,75.0,81.0,180.0,43.0,21.0,1.0,0.0,4.0,2.0
598926,245215,coconut,12365,JDG,JD Mall JDG Esports (JD Gaming),1.09,0.64,196.0,130.0,7.0,6.0,7.0,10.0,2.0,1.0,60.0,58.0,116.0,81.0,26.0,31.0,0.0,0.0,0.0,0.0
598926,245215,zhe,49476,JDG,JD Mall JDG Esports (JD Gaming),0.57,0.97,124.0,152.0,4.0,8.0,9.0,7.0,2.0,1.0,70.0,67.0,82.0,93.0,11.0,15.0,1.0,0.0,2.0,2.0
598926,245215,jkuro,3519,JDG,JD Mall JDG Esports (JD Gaming),0.86,0.4,144.0,109.0,5.0,5.0,8.0,10.0,5.0,3.0,70.0,42.0,105.0,61.0,45.0,15.0,2.0,0.0,0.0,5.0
598927,245216,Rarga,22047,XLG,Xi Lai Gaming,1.94,1.58,431.0,295.0,21.0,4.0,8.0,1.0,3.0,1.0,85.0,67.0,254.0,207.0,44.0,43.0,4.0,1.0,1.0,0.0
598927,245216,happywei,37927,XLG,Xi Lai Gaming,0.69,2.75,129.0,417.0,5.0,9.0,8.0,0.0,4.0,2.0,69.0,83.0,97.0,309.0,28.0,69.0,0.0,2.0,0.0,0.0
598927,245216,Lysoar,37489,XLG,Xi Lai Gaming,1.48,0.7,181.0,99.0,9.0,1.0,3.0,3.0,4.0,3.0,85.0,83.0,121.0,77.0,14.0,60.0,0.0,0.0,0.0,0.0
598927,245216,WsLeo,24308,XLG,Xi Lai Gaming,1.21,1.09,155.0,298.0,7.0,4.0,5.0,4.0,6.0,3.0,77.0,83.0,133.0,209.0,21.0,27.0,1.0,1.0,1.0,-1.0
598927,245216,NoMan,11527,XLG,Xi Lai Gaming,0.89,0.76,181.0,86.0,10.0,-1.0,9.0,1.0,0.0,0.0,69.0,83.0,147.0,84.0,47.0,13.0,2.0,1.0,4.0,0.0
598927,245216,Spring,14125,WOL,Wolves Esports,1.32,0.73,224.0,104.0,4.0,4.0,4.0,8.0,0.0,5.0,67.0,69.0,173.0,66.0,50.0,12.0,0.0,1.0,0.0,1.0
598927,245216,SiuFatBB,7849,WOL,Wolves Esports,0.44,1.02,67.0,190.0,1.0,8.0,4.0,8.0,1.0,1.0,67.0,54.0,44.0,123.0,20.0,12.0,0.0,2.0,0.0,0.0
598927,245216,jowa,19292,WOL,Wolves Esports,0.67,0.89,164.0,211.0,3.0,10.0,6.0,8.0,2.0,1.0,67.0,54.0,114.0,127.0,80.0,29.0,0.0,0.0,1.0,3.0
598927,245216,qiutiaN,43007,WOL,Wolves Esports,1.09,0.56,217.0,137.0,4.0,4.0,5.0,10.0,2.0,3.0,67.0,46.0,141.0,93.0,25.0,29.0,0.0,1.0,1.0,1.0
598927,245216,yosemite,6022,WOL,Wolves Esports,0.27,0.77,56.0,110.0,3.0,1.0,5.0,11.0,0.0,3.0,33.0,54.0,79.0,137.0,80.0,25.0,0.0,1.0,4.0,1.0
598927,245217,happywei,37927,XLG,Xi Lai Gaming,2.18,1.72,336.0,322.0,16.0,9.0,5.0,3.0,4.0,4.0,83.0,100.0,219.0,246.0,56.0,33.0,0.0,0.0,0.0,0.0
598927,245217,Rarga,22047,XLG,Xi Lai Gaming,0.61,2.4,168.0,391.0,7.0,13.0,9.0,3.0,1.0,0.0,58.0,86.0,102.0,276.0,14.0,47.0,1.0,2.0,1.0,1.0
598927,245217,WsLeo,24308,XLG,Xi Lai Gaming,1.15,1.04,193.0,166.0,6.0,4.0,7.0,3.0,8.0,3.0,83.0,57.0,148.0,124.0,15.0,20.0,2.0,0.0,0.0,0.0
598927,245217,Lysoar,37489,XLG,Xi Lai Gaming,1.12,0.69,213.0,145.0,10.0,3.0,7.0,4.0,2.0,4.0,83.0,71.0,126.0,93.0,16.0,31.0,0.0,1.0,0.0,1.0
598927,245217,NoMan,11527,XLG,Xi Lai Gaming,0.02,0.85,42.0,172.0,1.0,4.0,10.0,4.0,2.0,1.0,33.0,86.0,30.0,106.0,14.0,27.0,1.0,2.0,6.0,0.0
598927,245217,yosemite,6022,WOL,Wolves Esports,0.67,1.7,216.0,378.0,5.0,16.0,7.0,10.0,0.0,1.0,43.0,75.0,150.0,234.0,42.0,41.0,0.0,2.0,2.0,1.0
598927,245217,qiutiaN,43007,WOL,Wolves Esports,0.38,1.15,112.0,210.0,2.0,9.0,7.0,9.0,2.0,1.0,43.0,58.0,92.0,151.0,27.0,32.0,0.0,2.0,2.0,2.0
598927,245217,jowa,19292,WOL,Wolves Esports,0.67,0.84,108.0,133.0,2.0,4.0,6.0,8.0,2.0,4.0,57.0,67.0,76.0,89.0,27.0,42.0,1.0,2.0,1.0,0.0
598927,245217,SiuFatBB,7849,WOL,Wolves Esports,1.08,0.59,223.0,93.0,5.0,4.0,7.0,9.0,1.0,2.0,71.0,50.0,125.0,92.0,50.0,38.0,0.0,0.0,0.0,0.0
598927,245217,Spring,14125,WOL,Wolves Esports,0.6,0.76,110.0,121.0,3.0,5.0,6.0,9.0,2.0,4.0,57.0,67.0,75.0,80.0,18.0,33.0,1.0,1.0,0.0,1.0
598928,245219,Smoggy,4742,EDG,EDward Gaming,1.75,1.25,323.0,197.0,14.0,4.0,6.0,2.0,4.0,2.0,83.0,83.0,217.0,133.0,56.0,50.0,1.0,0.0,0.0,0.0
598928,245219,CHICHOO,15559,EDG,EDward Gaming,1.14,2.36,155.0,482.0,7.0,11.0,6.0,2.0,8.0,2.0,83.0,83.0,98.0,314.0,29.0,37.0,1.0,1.0,0.0,0.0
598928,245219,ZmjjKK,3520,EDG,EDward Gaming,1.03,1.06,306.0,150.0,12.0,4.0,10.0,2.0,2.0,0.0,67.0,100.0,201.0,93.0,30.0,33.0,3.0,2.0,3.0,0.0
598928,245219,cb,39697,EDG,EDward Gaming,0.86,1.02,182.0,188.0,8.0,5.0,8.0,4.0,5.0,1.0,58.0,83.0,114.0,111.0,22.0,40.0,0.0,0.0,4.0,0.0
598928,245219,nobody,3017,EDG,EDward Gaming,0.34,0.8,121.0,181.0,5.0,3.0,9.0,4.0,0.0,1.0,50.0,67.0,84.0,117.0,27.0,17.0,0.0,2.0,0.0,1.0
598928,245219,Erv,55085,TYL,TYLOO,0.58,1.44,101.0,256.0,1.0,11.0,5.0,9.0,4.0,4.0,50.0,83.0,68.0,145.0,22.0,56.0,0.0,2.0,0.0,0.0
598928,245219,splash,36685,TYL,TYLOO,0.89,1.24,186.0,248.0,4.0,11.0,5.0,8.0,2.0,2.0,50.0,75.0,128.0,158.0,23.0,45.0,0.0,3.0,3.0,2.0
598928,245219,slowly,41739,TYL,TYLOO,0.81,1.2,158.0,220.0,4.0,9.0,6.0,9.0,1.0,2.0,67.0,67.0,99.0,143.0,27.0,28.0,1.0,2.0,1.0,2.0
598928,245219,Scales,39485,TYL,TYLOO,1.01,0.59,204.0,146.0,4.0,6.0,5.0,10.0,2.0,2.0,67.0,42.0,154.0,100.0,31.0,44.0,0.0,0.0,0.0,1.0
598928,245219,sword9,3049,TYL,TYLOO,0.16,0.46,59.0,86.0,1.0,2.0,6.0,10.0,1.0,4.0,50.0,58.0,34.0,69.0,67.0,27.0,0.0,0.0,1.0,0.0
598928,245220,CHICHOO,15559,EDG,EDward Gaming,1.5,1.22,248.0,242.0,13.0,10.0,8.0,8.0,0.0,3.0,77.0,69.0,179.0,145.0,30.0,36.0,1.0,3.0,1.0,0.0
598928,245220,cb,39697,EDG,EDward Gaming,0.86,1.43,194.0,228.0,9.0,12.0,9.0,7.0,3.0,5.0,62.0,69.0,109.0,157.0,40.0,23.0,0.0,2.0,3.0,2.0
598928,245220,ZmjjKK,3520,EDG,EDward Gaming,1.03,1.1,230.0,272.0,10.0,14.0,10.0,9.0,1.0,1.0,77.0,77.0,151.0,185.0,14.0,11.0,3.0,2.0,2.0,3.0
598928,245220,Smoggy,4742,EDG,EDward Gaming,0.81,1.1,160.0,168.0,7.0,6.0,11.0,8.0,4.0,10.0,62.0,85.0,107.0,111.0,53.0,36.0,1.0,0.0,1.0,0.0
598928,245220,nobody,3017,EDG,EDward Gaming,0.86,0.86,180.0,210.0,8.0,10.0,9.0,9.0,5.0,2.0,77.0,69.0,108.0,154.0,27.0,31.0,0.0,0.0,1.0,1.0
598928,245220,splash,36685,TYL,TYLOO,1.1,1.67,264.0,408.0,11.0,17.0,11.0,11.0,2.0,3.0,54.0,77.0,176.0,254.0,29.0,21.0,3.0,3.0,4.0,2.0
598928,245220,slowly,41739,TYL,TYLOO,1.14,0.97,228.0,184.0,10.0,8.0,10.0,9.0,5.0,7.0,69.0,62.0,157.0,129.0,40.0,24.0,2.0,2.0,1.0,0.0
598928,245220,sword9,3049,TYL,TYLOO,0.89,1.1,183.0,227.0,8.0,11.0,10.0,9.0,2.0,0.0,54.0,85.0,121.0,171.0,36.0,21.0,0.0,1.0,2.0,0.0
598928,245220,Scales,39485,TYL,TYLOO,0.78,0.51,177.0,113.0,9.0,4.0,10.0,9.0,0.0,4.0,62.0,46.0,121.0,85.0,47.0,14.0,1.0,1.0,0.0,2.0
598928,245220,Erv,55085,TYL,TYLOO,0.48,0.82,78.0,156.0,3.0,7.0,11.0,9.0,4.0,6.0,62.0,85.0,57.0,109.0,42.0,23.0,0.0,1.0,0.0,1.0
598929,245222,f4ngeer,21216,AG,All Gamers,0.78,1.66,231.0,288.0,7.0,12.0,7.0,7.0,0.0,2.0,88.0,67.0,142.0,174.0,33.0,37.0,3.0,5.0,1.0,0.0
598929,245222,Shr1mp,25494,AG,All Gamers,1.22,1.28,255.0,252.0,8.0,10.0,6.0,10.0,1.0,4.0,88.0,67.0,150.0,170.0,9.0,24.0,0.0,1.0,0.0,0.0
598929,245222,K1ra,46748,AG,All Gamers,0.82,1.02,190.0,182.0,5.0,7.0,7.0,8.0,3.0,6.0,75.0,83.0,100.0,138.0,31.0,44.0,2.0,1.0,1.0,0.0
598929,245222,iamgrq,58959,AG,All Gamers,0.87,0.74,207.0,144.0,5.0,5.0,7.0,9.0,3.0,4.0,75.0,75.0,146.0,109.0,36.0,37.0,0.0,1.0,0.0,0.0
598929,245222,Au1,55038,AG,All Gamers,0.09,0.36,78.0,116.0,2.0,4.0,8.0,10.0,1.0,5.0,50.0,58.0,58.0,78.0,10.0,23.0,0.0,0.0,1.0,4.0
598929,245222,vo0kashu,3741,DRG,Dragon Ranger Gaming,1.46,1.38,282.0,252.0,13.0,8.0,6.0,5.0,1.0,0.0,92.0,63.0,173.0,148.0,26.0,23.0,1.0,1.0,0.0,0.0
598929,245222,Nicc,11524,DRG,Dragon Ranger Gaming,0.99,1.64,148.0,243.0,7.0,8.0,6.0,4.0,2.0,4.0,67.0,88.0,97.0,150.0,26.0,40.0,0.0,1.0,1.0,1.0
598929,245222,Flex1n,4705,DRG,Dragon Ranger Gaming,1.17,1.13,219.0,229.0,9.0,6.0,8.0,5.0,3.0,4.0,67.0,75.0,134.0,129.0,43.0,14.0,0.0,0.0,1.0,0.0
598929,245222,SpiritZ1,31753,DRG,Dragon Ranger Gaming,0.76,1.27,209.0,267.0,8.0,8.0,9.0,6.0,4.0,1.0,67.0,63.0,141.0,189.0,36.0,32.0,1.0,0.0,3.0,2.0
598929,245222,Akeman,52904,DRG,Dragon Ranger Gaming,0.67,0.57,158.0,171.0,7.0,5.0,9.0,7.0,2.0,3.0,50.0,63.0,105.0,100.0,26.0,18.0,2.0,1.0,3.0,2.0
598929,245223,iamgrq,58959,AG,All Gamers,1.69,1.41,313.0,301.0,14.0,15.0,8.0,11.0,12.0,3.0,86.0,79.0,222.0,172.0,43.0,20.0,0.0,2.0,2.0,1.0
598929,245223,Au1,55038,AG,All Gamers,1.14,1.25,166.0,258.0,10.0,12.0,7.0,11.0,3.0,6.0,86.0,86.0,119.0,175.0,28.0,16.0,0.0,1.0,0.0,0.0
598929,245223,K1ra,46748,AG,All Gamers,0.95,0.81,220.0,166.0,12.0,7.0,12.0,10.0,2.0,4.0,57.0,71.0,150.0,126.0,19.0,25.0,1.0,1.0,4.0,1.0
598929,245223,f4ngeer,21216,AG,All Gamers,0.88,0.6,217.0,117.0,10.0,6.0,11.0,10.0,3.0,3.0,64.0,64.0,144.0,72.0,31.0,36.0,4.0,2.0,2.0,3.0
598929,245223,Shr1mp,25494,AG,All Gamers,0.64,0.81,119.0,165.0,5.0,8.0,11.0,11.0,5.0,4.0,64.0,57.0,77.0,89.0,35.0,19.0,1.0,2.0,0.0,1.0
598929,245223,vo0kashu,3741,DRG,Dragon Ranger Gaming,1.69,1.16,318.0,260.0,16.0,13.0,8.0,11.0,3.0,1.0,71.0,71.0,228.0,160.0,25.0,21.0,0.0,0.0,1.0,1.0
598929,245223,SpiritZ1,31753,DRG,Dragon Ranger Gaming,0.73,1.58,167.0,297.0,8.0,15.0,11.0,9.0,2.0,1.0,71.0,64.0,109.0,171.0,25.0,33.0,2.0,3.0,1.0,1.0
598929,245223,Akeman,52904,DRG,Dragon Ranger Gaming,1.15,0.73,239.0,153.0,13.0,7.0,9.0,11.0,0.0,5.0,57.0,71.0,162.0,110.0,31.0,27.0,2.0,3.0,3.0,1.0
598929,245223,Flex1n,4705,DRG,Dragon Ranger Gaming,0.94,0.72,202.0,178.0,10.0,7.0,10.0,12.0,6.0,11.0,86.0,79.0,111.0,131.0,57.0,24.0,2.0,0.0,2.0,1.0
598929,245223,Nicc,11524,DRG,Dragon Ranger Gaming,0.57,0.76,114.0,134.0,6.0,7.0,10.0,8.0,6.0,2.0,86.0,64.0,69.0,93.0,24.0,30.0,0.0,2.0,1.0,2.0
598929,245224,iamgrq,58959,AG,All Gamers,1.55,1.38,326.0,213.0,13.0,12.0,7.0,6.0,2.0,1.0,91.0,83.0,204.0,133.0,27.0,25.0,4.0,0.0,0.0,0.0
598929,245224,Shr1mp,25494,AG,All Gamers,1.18,1.59,203.0,287.0,9.0,13.0,5.0,6.0,2.0,3.0,91.0,67.0,122.0,181.0,33.0,33.0,1.0,0.0,0.0,1.0
598929,245224,K1ra,46748,AG,All Gamers,1.56,1.0,251.0,144.0,11.0,5.0,5.0,7.0,4.0,7.0,100.0,67.0,173.0,87.0,26.0,38.0,1.0,2.0,0.0,2.0
598929,245224,f4ngeer,21216,AG,All Gamers,0.79,0.77,174.0,189.0,8.0,8.0,6.0,9.0,1.0,1.0,73.0,67.0,122.0,95.0,50.0,21.0,1.0,2.0,4.0,2.0
598929,245224,Au1,55038,AG,All Gamers,0.83,0.73,169.0,127.0,7.0,4.0,7.0,8.0,3.0,3.0,82.0,75.0,126.0,92.0,13.0,16.0,0.0,1.0,0.0,2.0
598929,245224,Nicc,11524,DRG,Dragon Ranger Gaming,0.57,1.64,100.0,376.0,4.0,13.0,7.0,9.0,1.0,2.0,67.0,73.0,66.0,265.0,80.0,44.0,0.0,0.0,1.0,1.0
598929,245224,Flex1n,4705,DRG,Dragon Ranger Gaming,1.22,0.93,170.0,153.0,8.0,5.0,6.0,9.0,5.0,3.0,67.0,73.0,109.0,128.0,23.0,21.0,0.0,3.0,0.0,0.0
598929,245224,SpiritZ1,31753,DRG,Dragon Ranger Gaming,1.08,0.79,303.0,180.0,13.0,7.0,11.0,10.0,0.0,1.0,58.0,45.0,186.0,115.0,55.0,47.0,5.0,1.0,4.0,1.0
598929,245224,vo0kashu,3741,DRG,Dragon Ranger Gaming,0.77,0.66,149.0,90.0,6.0,4.0,9.0,9.0,1.0,1.0,58.0,45.0,105.0,72.0,13.0,27.0,1.0,0.0,0.0,1.0
598929,245224,Akeman,52904,DRG,Dragon Ranger Gaming,0.62,0.03,148.0,41.0,5.0,1.0,9.0,11.0,3.0,1.0,50.0,36.0,109.0,40.0,31.0,29.0,1.0,0.0,0.0,4.0
598930,245225,happywei,37927,XLG,Xi Lai Gaming,1.99,1.5,318.0,275.0,8.0,12.0,1.0,7.0,1.0,6.0,83.0,67.0,221.0,182.0,42.0,22.0,2.0,1.0,0.0,1.0
598930,245225,Lysoar,37489,XLG,Xi Lai Gaming,1.96,1.29,309.0,257.0,7.0,9.0,2.0,9.0,2.0,7.0,100.0,83.0,165.0,188.0,20.0,17.0,0.0,1.0,0.0,0.0
598930,245225,WsLeo,24308,XLG,Xi Lai Gaming,1.51,0.88,170.0,172.0,5.0,9.0,1.0,9.0,0.0,1.0,100.0,67.0,122.0,106.0,33.0,25.0,0.0,0.0,0.0,1.0
598930,245225,NoMan,11527,XLG,Xi Lai Gaming,1.06,0.86,174.0,161.0,4.0,8.0,3.0,9.0,0.0,1.0,83.0,75.0,115.0,111.0,33.0,38.0,2.0,3.0,1.0,3.0
598930,245225,Rarga,22047,XLG,Xi Lai Gaming,0.53,0.76,161.0,217.0,3.0,9.0,4.0,10.0,2.0,1.0,83.0,75.0,98.0,139.0,11.0,56.0,0.0,1.0,1.0,1.0
598930,245225,CHICHOO,15559,EDG,EDward Gaming,0.81,1.24,177.0,204.0,7.0,4.0,10.0,4.0,2.0,3.0,75.0,100.0,125.0,65.0,24.0,30.0,1.0,0.0,1.0,0.0
598930,245225,nobody,3017,EDG,EDward Gaming,1.06,0.54,215.0,134.0,10.0,2.0,9.0,5.0,3.0,1.0,83.0,67.0,114.0,87.0,31.0,40.0,3.0,1.0,0.0,1.0
598930,245225,cb,39697,EDG,EDward Gaming,0.96,0.35,214.0,142.0,9.0,2.0,10.0,6.0,3.0,1.0,92.0,33.0,152.0,122.0,43.0,6.0,0.0,1.0,2.0,3.0
598930,245225,ZmjjKK,3520,EDG,EDward Gaming,1.03,0.12,247.0,46.0,11.0,1.0,9.0,6.0,2.0,0.0,67.0,17.0,148.0,40.0,23.0,25.0,1.0,0.0,2.0,0.0
598930,245225,Smoggy,4742,EDG,EDward Gaming,0.78,0.29,172.0,79.0,7.0,2.0,9.0,6.0,2.0,3.0,58.0,67.0,127.0,28.0,23.0,67.0,1.0,0.0,1.0,0.0
598930,245226,happywei,37927,XLG,Xi Lai Gaming,1.59,1.76,300.0,245.0,8.0,12.0,4.0,5.0,4.0,6.0,71.0,92.0,186.0,164.0,33.0,44.0,1.0,1.0,0.0,0.0
598930,245226,Lysoar,37489,XLG,Xi Lai Gaming,1.12,1.4,232.0,261.0,5.0,11.0,5.0,7.0,3.0,2.0,86.0,83.0,158.0,164.0,13.0,24.0,0.0,1.0,0.0,0.0
598930,245226,NoMan,11527,XLG,Xi Lai Gaming,1.33,0.86,196.0,256.0,6.0,10.0,4.0,10.0,1.0,2.0,71.0,75.0,153.0,170.0,42.0,38.0,0.0,5.0,0.0,3.0
598930,245226,WsLeo,24308,XLG,Xi Lai Gaming,0.92,1.04,238.0,198.0,7.0,9.0,6.0,7.0,0.0,3.0,86.0,83.0,135.0,126.0,33.0,30.0,0.0,1.0,1.0,0.0
598930,245226,Rarga,22047,XLG,Xi Lai Gaming,0.54,0.92,140.0,207.0,3.0,10.0,6.0,8.0,2.0,1.0,86.0,83.0,86.0,148.0,30.0,25.0,2.0,0.0,3.0,1.0
598930,245226,CHICHOO,15559,EDG,EDward Gaming,1.14,1.12,254.0,276.0,12.0,6.0,10.0,6.0,1.0,2.0,75.0,71.0,145.0,194.0,35.0,28.0,2.0,2.0,0.0,1.0
598930,245226,nobody,3017,EDG,EDward Gaming,1.13,1.01,237.0,131.0,9.0,4.0,10.0,4.0,2.0,2.0,75.0,43.0,142.0,109.0,42.0,36.0,0.0,0.0,0.0,0.0
598930,245226,Smoggy,4742,EDG,EDward Gaming,0.39,1.61,101.0,321.0,4.0,8.0,11.0,6.0,3.0,3.0,42.0,100.0,70.0,227.0,28.0,42.0,0.0,0.0,1.0,0.0
598930,245226,cb,39697,EDG,EDward Gaming,0.79,0.45,187.0,163.0,8.0,4.0,10.0,7.0,1.0,2.0,33.0,29.0,124.0,127.0,39.0,36.0,0.0,0.0,3.0,2.0
598930,245226,ZmjjKK,3520,EDG,EDward Gaming,0.32,0.53,112.0,145.0,4.0,3.0,11.0,6.0,3.0,1.0,50.0,71.0,68.0,111.0,29.0,33.0,2.0,2.0,4.0,0.0
598931,245228,Shr1mp,25494,AG,All Gamers,0.93,2.33,170.0,437.0,4.0,20.0,5.0,5.0,0.0,6.0,50.0,92.0,125.0,262.0,44.0,35.0,0.0,2.0,0.0,0.0
598931,245228,f4ngeer,21216,AG,All Gamers,0.93,1.24,194.0,155.0,3.0,8.0,5.0,4.0,1.0,3.0,50.0,83.0,132.0,114.0,31.0,43.0,0.0,1.0,2.0,1.0
598931,245228,Au1,55038,AG,All Gamers,1.04,0.95,149.0,212.0,3.0,8.0,4.0,8.0,0.0,5.0,33.0,75.0,103.0,153.0,44.0,16.0,0.0,1.0,0.0,1.0
598931,245228,K1ra,46748,AG,All Gamers,0.61,1.11,151.0,148.0,3.0,6.0,5.0,5.0,0.0,7.0,33.0,83.0,84.0,108.0,100.0,46.0,0.0,1.0,2.0,1.0
598931,245228,iamgrq,58959,AG,All Gamers,0.13,1.29,37.0,258.0,0.0,11.0,6.0,6.0,2.0,3.0,33.0,75.0,29.0,142.0,0.0,30.0,0.0,3.0,2.0,1.0
598931,245228,Rarga,22047,XLG,Xi Lai Gaming,1.28,1.62,281.0,272.0,11.0,6.0,10.0,2.0,0.0,1.0,83.0,83.0,170.0,158.0,57.0,54.0,2.0,2.0,0.0,0.0
598931,245228,happywei,37927,XLG,Xi Lai Gaming,0.63,2.27,120.0,435.0,5.0,10.0,10.0,2.0,2.0,5.0,58.0,83.0,72.0,258.0,63.0,41.0,0.0,1.0,2.0,0.0
598931,245228,NoMan,11527,XLG,Xi Lai Gaming,0.43,0.92,130.0,226.0,5.0,5.0,11.0,3.0,0.0,1.0,33.0,83.0,82.0,112.0,54.0,20.0,2.0,2.0,3.0,0.0
598931,245228,WsLeo,24308,XLG,Xi Lai Gaming,0.22,0.84,76.0,151.0,4.0,3.0,11.0,3.0,1.0,3.0,42.0,83.0,48.0,114.0,6.0,33.0,0.0,1.0,3.0,0.0
598931,245228,Lysoar,37489,XLG,Xi Lai Gaming,0.38,0.46,91.0,43.0,3.0,1.0,11.0,3.0,3.0,0.0,67.0,83.0,71.0,35.0,25.0,43.0,0.0,0.0,0.0,0.0
598931,245229,K1ra,46748,AG,All Gamers,1.42,1.51,374.0,346.0,15.0,16.0,10.0,6.0,0.0,1.0,58.0,75.0,210.0,212.0,23.0,16.0,3.0,3.0,2.0,1.0
598931,245229,f4ngeer,21216,AG,All Gamers,0.52,1.5,131.0,241.0,5.0,11.0,10.0,4.0,1.0,1.0,50.0,83.0,84.0,148.0,42.0,13.0,3.0,2.0,2.0,0.0
598931,245229,iamgrq,58959,AG,All Gamers,0.68,1.3,173.0,241.0,7.0,11.0,10.0,6.0,3.0,8.0,67.0,92.0,124.0,142.0,21.0,11.0,0.0,2.0,1.0,0.0
598931,245229,Au1,55038,AG,All Gamers,0.6,1.21,100.0,224.0,4.0,9.0,9.0,7.0,5.0,9.0,50.0,92.0,70.0,148.0,31.0,25.0,0.0,2.0,1.0,1.0
598931,245229,Shr1mp,25494,AG,All Gamers,0.63,0.74,113.0,107.0,4.0,5.0,10.0,6.0,5.0,2.0,67.0,83.0,77.0,77.0,16.0,25.0,0.0,1.0,0.0,0.0
598931,245229,NoMan,11527,XLG,Xi Lai Gaming,0.44,2.21,89.0,407.0,3.0,18.0,10.0,5.0,2.0,3.0,50.0,92.0,73.0,233.0,17.0,24.0,1.0,4.0,6.0,1.0
598931,245229,Lysoar,37489,XLG,Xi Lai Gaming,1.03,1.04,172.0,260.0,8.0,11.0,9.0,9.0,3.0,1.0,75.0,83.0,111.0,191.0,23.0,26.0,0.0,1.0,0.0,2.0
598931,245229,happywei,37927,XLG,Xi Lai Gaming,1.15,0.79,235.0,95.0,10.0,4.0,11.0,7.0,1.0,4.0,58.0,67.0,171.0,77.0,57.0,38.0,0.0,1.0,2.0,0.0
598931,245229,WsLeo,24308,XLG,Xi Lai Gaming,0.51,1.09,78.0,204.0,3.0,9.0,11.0,6.0,1.0,2.0,42.0,75.0,59.0,135.0,14.0,20.0,0.0,0.0,0.0,3.0
598931,245229,Rarga,22047,XLG,Xi Lai Gaming,0.52,0.99,141.0,191.0,5.0,7.0,11.0,8.0,3.0,2.0,50.0,75.0,89.0,139.0,21.0,35.0,1.0,0.0,2.0,0.0
598931,245230,Au1,55038,AG,All Gamers,0.63,1.12,116.0,226.0,4.0,8.0,6.0,10.0,1.0,4.0,63.0,50.0,94.0,179.0,33.0,24.0,0.0,0.0,0.0,0.0
598931,245230,iamgrq,58959,AG,All Gamers,1.14,0.78,225.0,158.0,6.0,6.0,6.0,10.0,3.0,6.0,75.0,67.0,139.0,87.0,27.0,21.0,0.0,0.0,0.0,3.0
598931,245230,f4ngeer,21216,AG,All Gamers,0.99,0.81,275.0,135.0,7.0,6.0,8.0,9.0,3.0,1.0,75.0,67.0,169.0,96.0,20.0,40.0,3.0,2.0,0.0,2.0
598931,245230,K1ra,46748,AG,All Gamers,0.87,0.8,227.0,184.0,6.0,7.0,6.0,10.0,0.0,1.0,38.0,58.0,145.0,137.0,55.0,21.0,1.0,1.0,4.0,4.0
598931,245230,Shr1mp,25494,AG,All Gamers,0.66,0.69,178.0,113.0,6.0,4.0,7.0,9.0,0.0,3.0,75.0,58.0,122.0,74.0,36.0,70.0,0.0,0.0,0.0,0.0
598931,245230,happywei,37927,XLG,Xi Lai Gaming,1.23,2.04,206.0,381.0,10.0,11.0,5.0,5.0,0.0,3.0,83.0,75.0,121.0,206.0,27.0,41.0,1.0,2.0,0.0,0.0
598931,245230,Rarga,22047,XLG,Xi Lai Gaming,1.16,1.4,268.0,273.0,11.0,9.0,7.0,5.0,2.0,1.0,83.0,75.0,161.0,191.0,36.0,37.0,3.0,1.0,2.0,0.0
598931,245230,NoMan,11527,XLG,Xi Lai Gaming,1.36,0.6,229.0,167.0,10.0,5.0,5.0,6.0,3.0,1.0,75.0,50.0,141.0,104.0,42.0,44.0,2.0,1.0,1.0,2.0
598931,245230,Lysoar,37489,XLG,Xi Lai Gaming,0.93,0.8,158.0,126.0,7.0,3.0,7.0,5.0,3.0,2.0,75.0,75.0,106.0,81.0,19.0,9.0,3.0,0.0,0.0,1.0
598931,245230,WsLeo,24308,XLG,Xi Lai Gaming,0.96,0.75,197.0,192.0,10.0,5.0,7.0,8.0,3.0,6.0,75.0,75.0,127.0,120.0,27.0,11.0,0.0,0.0,0.0,1.0
598931,245231,f4ngeer,21216,AG,All Gamers,1.46,1.63,285.0,328.0,8.0,13.0,5.0,8.0,0.0,1.0,57.0,75.0,167.0,202.0,54.0,36.0,2.0,1.0,2.0,2.0
598931,245231,Shr1mp,25494,AG,All Gamers,0.82,1.76,207.0,313.0,5.0,14.0,7.0,7.0,2.0,1.0,71.0,75.0,133.0,207.0,29.0,50.0,0.0,3.0,0.0,0.0
598931,245231,Au1,55038,AG,All Gamers,0.43,0.65,86.0,122.0,1.0,5.0,6.0,9.0,2.0,2.0,43.0,67.0,71.0,95.0,43.0,25.0,0.0,0.0,1.0,1.0
598931,245231,K1ra,46748,AG,All Gamers,0.7,0.33,174.0,93.0,3.0,3.0,6.0,11.0,3.0,5.0,57.0,75.0,115.0,56.0,36.0,15.0,0.0,1.0,0.0,3.0
598931,245231,iamgrq,58959,AG,All Gamers,0.13,0.55,46.0,103.0,1.0,4.0,6.0,10.0,0.0,2.0,29.0,67.0,26.0,70.0,50.0,25.0,0.0,0.0,2.0,1.0
598931,245231,happywei,37927,XLG,Xi Lai Gaming,1.02,2.23,156.0,351.0,7.0,7.0,7.0,2.0,6.0,11.0,83.0,100.0,104.0,240.0,14.0,40.0,0.0,1.0,0.0,0.0
598931,245231,Rarga,22047,XLG,Xi Lai Gaming,1.42,1.19,316.0,102.0,14.0,4.0,8.0,2.0,2.0,1.0,75.0,71.0,199.0,104.0,48.0,67.0,3.0,0.0,1.0,1.0
598931,245231,Lysoar,37489,XLG,Xi Lai Gaming,1.1,1.64,233.0,363.0,10.0,11.0,7.0,5.0,5.0,2.0,75.0,100.0,147.0,196.0,25.0,34.0,2.0,2.0,2.0,0.0
598931,245231,WsLeo,24308,XLG,Xi Lai Gaming,1.03,0.92,218.0,166.0,9.0,3.0,8.0,4.0,4.0,4.0,83.0,86.0,127.0,116.0,21.0,18.0,1.0,2.0,0.0,0.0
598931,245231,NoMan,11527,XLG,Xi Lai Gaming,0.45,0.71,125.0,163.0,5.0,5.0,10.0,5.0,2.0,1.0,75.0,71.0,85.0,90.0,16.0,13.0,1.0,0.0,2.0,1.0
598931,245232,Shr1mp,25494,AG,All Gamers,1.3,1.76,225.0,267.0,10.0,11.0,5.0,7.0,0.0,2.0,73.0,75.0,139.0,193.0,29.0,34.0,1.0,0.0,1.0,0.0
598931,245232,K1ra,46748,AG,All Gamers,1.45,1.14,249.0,170.0,10.0,8.0,6.0,7.0,8.0,3.0,82.0,67.0,164.0,107.0,33.0,20.0,1.0,0.0,2.0,1.0
598931,245232,f4ngeer,21216,AG,All Gamers,1.59,1.0,337.0,203.0,14.0,7.0,6.0,9.0,0.0,3.0,91.0,50.0,205.0,138.0,35.0,50.0,3.0,3.0,1.0,5.0
598931,245232,Au1,55038,AG,All Gamers,1.04,1.18,183.0,223.0,7.0,9.0,7.0,10.0,8.0,5.0,73.0,75.0,124.0,143.0,26.0,22.0,1.0,1.0,0.0,1.0
598931,245232,iamgrq,58959,AG,All Gamers,0.88,0.28,180.0,73.0,7.0,1.0,8.0,9.0,6.0,5.0,73.0,58.0,127.0,60.0,25.0,6.0,1.0,0.0,0.0,1.0
598931,245232,WsLeo,24308,XLG,Xi Lai Gaming,1.41,0.69,260.0,172.0,10.0,5.0,5.0,10.0,4.0,2.0,92.0,64.0,165.0,121.0,13.0,13.0,2.0,0.0,1.0,2.0
598931,245232,happywei,37927,XLG,Xi Lai Gaming,0.74,1.22,156.0,252.0,7.0,10.0,8.0,9.0,4.0,3.0,83.0,64.0,104.0,146.0,18.0,34.0,1.0,1.0,0.0,1.0
598931,245232,Rarga,22047,XLG,Xi Lai Gaming,0.82,0.78,307.0,169.0,13.0,7.0,11.0,9.0,1.0,1.0,83.0,45.0,171.0,96.0,32.0,17.0,4.0,2.0,2.0,4.0
598931,245232,Lysoar,37489,XLG,Xi Lai Gaming,0.56,0.98,87.0,229.0,4.0,8.0,7.0,10.0,3.0,5.0,75.0,73.0,59.0,138.0,20.0,26.0,0.0,0.0,1.0,0.0
598931,245232,NoMan,11527,XLG,Xi Lai Gaming,1.12,0.11,170.0,68.0,8.0,2.0,5.0,10.0,1.0,1.0,58.0,36.0,100.0,44.0,23.0,14.0,1.0,1.0,0.0,0.0
598932,245233,GuanG,41054,NOVA,Nova Esports,1.35,1.37,269.0,265.0,11.0,10.0,8.0,6.0,4.0,4.0,67.0,64.0,174.0,147.0,41.0,32.0,1.0,1.0,2.0,1.0
598932,245233,GREEN,34181,NOVA,Nova Esports,0.57,1.69,172.0,295.0,7.0,12.0,11.0,6.0,0.0,0.0,50.0,82.0,99.0,195.0,31.0,40.0,2.0,2.0,4.0,0.0
598932,245233,Ezeir,46460,NOVA,Nova Esports,1.43,0.5,214.0,124.0,9.0,4.0,7.0,9.0,5.0,1.0,67.0,45.0,129.0,75.0,26.0,18.0,1.0,0.0,0.0,0.0
598932,245233,OBONE,36670,NOVA,Nova Esports,1.25,0.64,223.0,154.0,8.0,5.0,8.0,9.0,8.0,3.0,75.0,55.0,162.0,103.0,25.0,31.0,0.0,0.0,1.0,3.0
598932,245233,heybay,4712,NOVA,Nova Esports,0.53,0.3,112.0,85.0,4.0,3.0,9.0,9.0,4.0,4.0,50.0,73.0,71.0,65.0,24.0,25.0,0.0,1.0,1.0,3.0
598932,245233,splash,36685,TYL,TYLOO,1.19,1.46,239.0,285.0,10.0,12.0,8.0,8.0,1.0,4.0,82.0,75.0,158.0,170.0,38.0,27.0,3.0,2.0,2.0,0.0
598932,245233,Erv,55085,TYL,TYLOO,0.94,1.22,140.0,190.0,5.0,8.0,6.0,6.0,3.0,7.0,64.0,67.0,114.0,127.0,29.0,39.0,1.0,2.0,1.0,1.0
598932,245233,sword9,3049,TYL,TYLOO,1.22,0.89,235.0,229.0,9.0,9.0,5.0,8.0,4.0,3.0,73.0,67.0,143.0,156.0,30.0,14.0,0.0,2.0,1.0,1.0
598932,245233,Scales,39485,TYL,TYLOO,0.84,1.07,153.0,205.0,5.0,10.0,7.0,6.0,3.0,2.0,73.0,75.0,113.0,111.0,38.0,35.0,1.0,0.0,0.0,0.0
598932,245233,slowly,41739,TYL,TYLOO,1.26,0.52,252.0,154.0,10.0,4.0,8.0,11.0,4.0,6.0,82.0,83.0,139.0,103.0,29.0,11.0,2.0,2.0,0.0,2.0
598932,245234,OBONE,36670,NOVA,Nova Esports,1.15,0.94,258.0,143.0,5.0,7.0,4.0,10.0,1.0,1.0,80.0,67.0,175.0,82.0,42.0,55.0,0.0,1.0,0.0,1.0
598932,245234,heybay,4712,NOVA,Nova Esports,1.01,0.98,195.0,250.0,4.0,9.0,3.0,10.0,0.0,0.0,40.0,58.0,115.0,160.0,29.0,32.0,0.0,0.0,2.0,1.0
598932,245234,GREEN,34181,NOVA,Nova Esports,1.07,0.47,240.0,115.0,3.0,5.0,4.0,10.0,4.0,3.0,60.0,50.0,168.0,79.0,12.0,29.0,1.0,0.0,0.0,3.0
598932,245234,Ezeir,46460,NOVA,Nova Esports,0.59,0.46,128.0,108.0,2.0,4.0,4.0,11.0,0.0,2.0,20.0,50.0,88.0,64.0,20.0,33.0,0.0,1.0,0.0,1.0
598932,245234,GuanG,41054,NOVA,Nova Esports,0.02,0.68,54.0,179.0,1.0,6.0,5.0,11.0,1.0,3.0,40.0,58.0,39.0,121.0,50.0,33.0,0.0,2.0,2.0,2.0
598932,245234,splash,36685,TYL,TYLOO,1.81,0.56,392.0,130.0,18.0,2.0,7.0,4.0,2.0,1.0,83.0,60.0,223.0,90.0,27.0,22.0,3.0,2.0,0.0,1.0
598932,245234,sword9,3049,TYL,TYLOO,1.45,1.3,140.0,225.0,7.0,4.0,3.0,3.0,3.0,1.0,83.0,100.0,102.0,153.0,35.0,46.0,0.0,1.0,0.0,0.0
598932,245234,Scales,39485,TYL,TYLOO,1.03,1.99,219.0,314.0,10.0,6.0,7.0,2.0,3.0,2.0,58.0,100.0,132.0,180.0,50.0,33.0,3.0,0.0,2.0,0.0
598932,245234,Erv,55085,TYL,TYLOO,1.09,0.96,184.0,153.0,8.0,3.0,5.0,3.0,5.0,1.0,83.0,80.0,111.0,125.0,26.0,33.0,0.0,0.0,0.0,0.0
598932,245234,slowly,41739,TYL,TYLOO,0.79,1.35,216.0,274.0,9.0,5.0,9.0,3.0,4.0,0.0,83.0,60.0,137.0,140.0,57.0,16.0,2.0,1.0,2.0,0.0
598933,245236,Haodong,4720,TEC,Wuxi Titan Esports Club (Titan Esports Club),2.05,1.34,352.0,226.0,15.0,10.0,6.0,6.0,5.0,6.0,75.0,92.0,222.0,146.0,38.0,31.0,0.0,1.0,0.0,0.0
598933,245236,Coco,47629,TEC,Wuxi Titan Esports Club (Titan Esports Club),0.94,1.58,145.0,273.0,7.0,12.0,9.0,4.0,4.0,4.0,75.0,92.0,118.0,190.0,50.0,43.0,0.0,2.0,1.0,0.0
598933,245236,lucas,19677,TEC,Wuxi Titan Esports Club (Titan Esports Club),1.22,0.96,236.0,212.0,11.0,9.0,9.0,7.0,4.0,4.0,92.0,67.0,153.0,165.0,33.0,16.0,0.0,1.0,1.0,2.0
598933,245236,Abo,5011,TEC,Wuxi Titan Esports Club (Titan Esports Club),0.55,1.61,197.0,309.0,7.0,14.0,11.0,7.0,2.0,3.0,58.0,92.0,137.0,183.0,37.0,28.0,3.0,4.0,6.0,1.0
598933,245236,Dynamite,42235,TEC,Wuxi Titan Esports Club (Titan Esports Club),0.55,1.41,127.0,177.0,4.0,9.0,11.0,3.0,4.0,2.0,50.0,83.0,85.0,135.0,17.0,31.0,0.0,0.0,1.0,1.0
598933,245236,Spring,14125,WOL,Wolves Esports,0.68,1.52,166.0,252.0,6.0,11.0,11.0,8.0,2.0,3.0,33.0,92.0,103.0,173.0,21.0,36.0,1.0,1.0,3.0,0.0
598933,245236,SiuFatBB,7849,WOL,Wolves Esports,0.98,0.75,192.0,182.0,8.0,8.0,10.0,9.0,2.0,2.0,67.0,83.0,123.0,135.0,47.0,50.0,1.0,2.0,0.0,0.0
598933,245236,qiutiaN,43007,WOL,Wolves Esports,0.76,0.81,169.0,221.0,6.0,10.0,10.0,9.0,2.0,1.0,50.0,83.0,119.0,137.0,35.0,10.0,1.0,4.0,2.0,0.0
598933,245236,jowa,19292,WOL,Wolves Esports,0.23,1.16,70.0,262.0,2.0,11.0,11.0,9.0,4.0,3.0,42.0,75.0,40.0,200.0,10.0,41.0,1.0,2.0,1.0,1.0
598933,245236,yosemite,6022,WOL,Wolves Esports,0.5,0.67,134.0,158.0,5.0,6.0,12.0,9.0,1.0,5.0,25.0,75.0,104.0,110.0,26.0,33.0,0.0,0.0,2.0,2.0
598933,245237,Haodong,4720,TEC,Wuxi Titan Esports Club (Titan Esports Club),1.59,0.9,242.0,187.0,11.0,5.0,7.0,8.0,1.0,2.0,50.0,75.0,175.0,115.0,53.0,31.0,2.0,2.0,0.0,1.0
598933,245237,lucas,19677,TEC,Wuxi Titan Esports Club (Titan Esports Club),0.99,0.95,185.0,230.0,7.0,6.0,9.0,7.0,1.0,2.0,50.0,50.0,131.0,146.0,9.0,12.0,0.0,0.0,1.0,0.0
598933,245237,Dynamite,42235,TEC,Wuxi Titan Esports Club (Titan Esports Club),0.74,0.73,173.0,188.0,7.0,6.0,11.0,8.0,2.0,1.0,42.0,50.0,120.0,125.0,19.0,40.0,1.0,0.0,5.0,3.0
598933,245237,Coco,47629,TEC,Wuxi Titan Esports Club (Titan Esports Club),0.44,1.06,75.0,145.0,3.0,4.0,10.0,6.0,2.0,2.0,33.0,63.0,55.0,108.0,33.0,36.0,0.0,0.0,1.0,0.0
598933,245237,Abo,5011,TEC,Wuxi Titan Esports Club (Titan Esports Club),0.45,0.32,93.0,121.0,3.0,3.0,9.0,8.0,2.0,2.0,58.0,63.0,76.0,84.0,17.0,31.0,0.0,1.0,2.0,1.0
598933,245237,jowa,19292,WOL,Wolves Esports,1.39,1.51,303.0,313.0,8.0,14.0,5.0,6.0,6.0,7.0,100.0,83.0,174.0,179.0,33.0,54.0,2.0,1.0,3.0,1.0
598933,245237,qiutiaN,43007,WOL,Wolves Esports,1.61,1.13,293.0,176.0,9.0,8.0,4.0,6.0,3.0,2.0,88.0,92.0,196.0,124.0,22.0,7.0,1.0,5.0,0.0,0.0
598933,245237,yosemite,6022,WOL,Wolves Esports,1.37,1.25,296.0,236.0,9.0,9.0,5.0,6.0,1.0,3.0,75.0,75.0,169.0,144.0,17.0,36.0,0.0,3.0,0.0,1.0
598933,245237,SiuFatBB,7849,WOL,Wolves Esports,0.95,0.99,114.0,149.0,5.0,7.0,4.0,6.0,4.0,2.0,88.0,83.0,64.0,97.0,27.0,29.0,0.0,0.0,0.0,1.0
598933,245237,Spring,14125,WOL,Wolves Esports,0.64,0.71,206.0,154.0,6.0,8.0,6.0,7.0,1.0,3.0,75.0,67.0,123.0,93.0,40.0,24.0,2.0,0.0,0.0,0.0
598933,245238,Dynamite,42235,TEC,Wuxi Titan Esports Club (Titan Esports Club),1.37,1.45,229.0,248.0,11.0,8.0,6.0,5.0,2.0,2.0,67.0,89.0,146.0,153.0,57.0,22.0,0.0,1.0,3.0,1.0
598933,245238,Coco,47629,TEC,Wuxi Titan Esports Club (Titan Esports Club),1.19,1.6,222.0,367.0,9.0,12.0,6.0,7.0,5.0,7.0,83.0,89.0,130.0,235.0,47.0,29.0,2.0,2.0,0.0,0.0
598933,245238,lucas,19677,TEC,Wuxi Titan Esports Club (Titan Esports Club),1.35,0.8,205.0,198.0,7.0,7.0,5.0,7.0,5.0,2.0,92.0,78.0,137.0,130.0,14.0,17.0,0.0,1.0,0.0,1.0
598933,245238,Abo,5011,TEC,Wuxi Titan Esports Club (Titan Esports Club),1.1,1.03,200.0,184.0,9.0,6.0,6.0,5.0,1.0,2.0,67.0,89.0,129.0,122.0,24.0,16.0,3.0,0.0,3.0,0.0
598933,245238,Haodong,4720,TEC,Wuxi Titan Esports Club (Titan Esports Club),0.77,0.73,128.0,177.0,5.0,6.0,8.0,6.0,6.0,2.0,67.0,56.0,106.0,99.0,22.0,17.0,1.0,2.0,0.0,1.0
598933,245238,qiutiaN,43007,WOL,Wolves Esports,1.55,0.92,340.0,181.0,10.0,7.0,7.0,8.0,3.0,1.0,78.0,75.0,225.0,108.0,28.0,21.0,1.0,3.0,3.0,1.0
598933,245238,jowa,19292,WOL,Wolves Esports,1.01,1.22,217.0,159.0,7.0,7.0,8.0,6.0,7.0,1.0,89.0,67.0,125.0,118.0,18.0,15.0,0.0,0.0,1.0,2.0
598933,245238,yosemite,6022,WOL,Wolves Esports,0.78,0.99,340.0,113.0,3.0,10.0,8.0,9.0,2.0,3.0,33.0,58.0,225.0,113.0,15.0,29.0,0.0,1.0,1.0,0.0
598933,245238,Spring,14125,WOL,Wolves Esports,0.89,0.49,181.0,134.0,6.0,5.0,8.0,10.0,2.0,1.0,78.0,67.0,120.0,87.0,28.0,33.0,0.0,1.0,1.0,2.0
598933,245238,SiuFatBB,7849,WOL,Wolves Esports,0.62,0.38,132.0,59.0,4.0,2.0,8.0,8.0,1.0,1.0,89.0,33.0,97.0,39.0,45.0,20.0,2.0,1.0,0.0,1.0
598934,245239,FengF,4770,TE,Trace Esports,0.97,1.18,206.0,254.0,9.0,11.0,9.0,8.0,2.0,2.0,75.0,67.0,129.0,175.0,48.0,37.0,3.0,1.0,1.0,3.0
598934,245239,LuoK1ng,3045,TE,Trace Esports,0.96,1.18,205.0,221.0,9.0,10.0,9.0,7.0,1.0,1.0,83.0,58.0,131.0,161.0,56.0,30.0,1.0,0.0,0.0,0.0
598934,245239,Kai,37494,TE,Trace Esports,0.98,1.03,225.0,211.0,10.0,8.0,10.0,9.0,4.0,2.0,75.0,67.0,118.0,130.0,13.0,26.0,2.0,3.0,1.0,0.0
598934,245239,deLb,10821,TE,Trace Esports,1.19,0.54,221.0,169.0,10.0,7.0,6.0,10.0,2.0,2.0,83.0,67.0,163.0,125.0,53.0,37.0,1.0,2.0,1.0,2.0
598934,245239,Viva,36415,TE,Trace Esports,0.83,0.76,85.0,143.0,3.0,6.0,7.0,8.0,8.0,3.0,75.0,83.0,56.0,98.0,25.0,40.0,1.0,0.0,1.0,1.0
598934,245239,zhe,49476,JDG,JD Mall JDG Esports (JD Gaming),1.56,0.74,280.0,136.0,12.0,5.0,8.0,8.0,6.0,3.0,83.0,67.0,165.0,95.0,23.0,18.0,2.0,1.0,0.0,2.0
598934,245239,coconut,12365,JDG,JD Mall JDG Esports (JD Gaming),1.33,0.95,215.0,173.0,9.0,7.0,7.0,9.0,6.0,3.0,83.0,67.0,141.0,107.0,30.0,19.0,0.0,0.0,0.0,4.0
598934,245239,Yuicaw,11218,JDG,JD Mall JDG Esports (JD Gaming),0.92,1.22,146.0,264.0,6.0,11.0,8.0,8.0,4.0,2.0,67.0,92.0,113.0,177.0,23.0,42.0,2.0,1.0,3.0,1.0
598934,245239,jkuro,3519,JDG,JD Mall JDG Esports (JD Gaming),0.74,1.21,141.0,205.0,6.0,9.0,9.0,8.0,4.0,6.0,67.0,83.0,124.0,124.0,23.0,35.0,0.0,1.0,0.0,0.0
598934,245239,stew,16924,JDG,JD Mall JDG Esports (JD Gaming),0.88,0.9,220.0,224.0,9.0,9.0,10.0,9.0,2.0,2.0,75.0,67.0,128.0,146.0,19.0,23.0,2.0,1.0,3.0,1.0
598934,245240,deLb,10821,TE,Trace Esports,1.11,1.0,305.0,208.0,5.0,8.0,3.0,11.0,0.0,1.0,25.0,67.0,144.0,145.0,100.0,35.0,0.0,1.0,1.0,1.0
598934,245240,Viva,36415,TE,Trace Esports,0.34,0.89,154.0,177.0,2.0,6.0,4.0,11.0,2.0,4.0,50.0,67.0,79.0,146.0,25.0,13.0,0.0,0.0,2.0,0.0
598934,245240,Kai,37494,TE,Trace Esports,0.72,0.52,131.0,143.0,2.0,6.0,3.0,11.0,0.0,2.0,75.0,50.0,65.0,84.0,67.0,22.0,0.0,1.0,0.0,2.0
598934,245240,LuoK1ng,3045,TE,Trace Esports,1.05,0.2,98.0,89.0,2.0,2.0,2.0,11.0,1.0,2.0,50.0,50.0,48.0,60.0,17.0,13.0,0.0,2.0,0.0,3.0
598934,245240,FengF,4770,TE,Trace Esports,0.08,0.36,18.0,101.0,0.0,3.0,3.0,10.0,0.0,1.0,25.0,50.0,18.0,87.0,0.0,16.0,0.0,0.0,1.0,2.0
598934,245240,jkuro,3519,JDG,JD Mall JDG Esports (JD Gaming),2.29,1.17,339.0,155.0,15.0,2.0,2.0,2.0,7.0,4.0,100.0,75.0,214.0,122.0,44.0,15.0,1.0,0.0,0.0,0.0
598934,245240,Yuicaw,11218,JDG,JD Mall JDG Esports (JD Gaming),1.73,1.36,263.0,239.0,12.0,4.0,3.0,2.0,3.0,1.0,75.0,75.0,169.0,137.0,26.0,8.0,0.0,1.0,0.0,0.0
598934,245240,coconut,12365,JDG,JD Mall JDG Esports (JD Gaming),1.28,0.71,208.0,88.0,8.0,1.0,6.0,3.0,6.0,3.0,92.0,75.0,154.0,50.0,30.0,0.0,2.0,0.0,0.0,0.0
598934,245240,stew,16924,JDG,JD Mall JDG Esports (JD Gaming),0.94,1.75,201.0,357.0,11.0,5.0,7.0,2.0,2.0,0.0,100.0,75.0,112.0,200.0,36.0,40.0,3.0,2.0,2.0,0.0
598934,245240,zhe,49476,JDG,JD Mall JDG Esports (JD Gaming),0.92,1.32,196.0,212.0,8.0,3.0,7.0,2.0,5.0,2.0,92.0,75.0,131.0,103.0,23.0,33.0,2.0,1.0,2.0,0.0
598934,245241,FengF,4770,TE,Trace Esports,1.59,1.69,290.0,256.0,14.0,5.0,6.0,3.0,4.0,0.0,100.0,40.0,171.0,185.0,37.0,36.0,2.0,0.0,1.0,0.0
598934,245241,deLb,10821,TE,Trace Esports,1.4,1.07,246.0,202.0,11.0,3.0,7.0,4.0,6.0,2.0,92.0,80.0,164.0,144.0,26.0,23.0,2.0,0.0,3.0,1.0
598934,245241,Viva,36415,TE,Trace Esports,1.32,1.03,190.0,248.0,8.0,4.0,5.0,4.0,4.0,0.0,75.0,60.0,143.0,146.0,47.0,20.0,1.0,2.0,1.0,1.0
598934,245241,Kai,37494,TE,Trace Esports,0.95,1.1,227.0,179.0,10.0,4.0,7.0,3.0,2.0,0.0,75.0,80.0,146.0,129.0,56.0,57.0,1.0,0.0,0.0,0.0
598934,245241,LuoK1ng,3045,TE,Trace Esports,1.24,0.38,175.0,73.0,8.0,1.0,5.0,4.0,6.0,2.0,92.0,40.0,111.0,33.0,12.0,67.0,0.0,0.0,1.0,1.0
598934,245241,zhe,49476,JDG,JD Mall JDG Esports (JD Gaming),0.9,0.95,160.0,193.0,3.0,8.0,3.0,10.0,1.0,1.0,80.0,67.0,99.0,99.0,38.0,7.0,1.0,1.0,1.0,2.0
598934,245241,Yuicaw,11218,JDG,JD Mall JDG Esports (JD Gaming),0.56,0.85,140.0,158.0,2.0,6.0,4.0,10.0,2.0,2.0,40.0,42.0,103.0,127.0,20.0,62.0,0.0,0.0,0.0,0.0
598934,245241,jkuro,3519,JDG,JD Mall JDG Esports (JD Gaming),0.91,0.65,202.0,172.0,4.0,7.0,4.0,10.0,3.0,2.0,80.0,67.0,105.0,105.0,56.0,19.0,1.0,3.0,0.0,1.0
598934,245241,coconut,12365,JDG,JD Mall JDG Esports (JD Gaming),0.36,0.78,72.0,195.0,1.0,8.0,3.0,11.0,2.0,1.0,80.0,50.0,42.0,128.0,0.0,40.0,0.0,1.0,1.0,1.0
598934,245241,stew,16924,JDG,JD Mall JDG Esports (JD Gaming),1.76,0.15,406.0,45.0,8.0,1.0,3.0,10.0,0.0,1.0,80.0,50.0,232.0,37.0,56.0,25.0,1.0,1.0,0.0,2.0
598935,245242,BerLIN,7857,FPX,FunPlus Phoenix,1.95,1.15,312.0,228.0,11.0,8.0,5.0,9.0,9.0,6.0,80.0,67.0,213.0,154.0,24.0,39.0,0.0,1.0,0.0,3.0
598935,245242,sScary,4382,FPX,FunPlus Phoenix,1.3,0.96,217.0,204.0,7.0,8.0,6.0,11.0,9.0,5.0,100.0,75.0,141.0,125.0,19.0,27.0,0.0,0.0,0.0,0.0
598935,245242,Setrod,50025,FPX,FunPlus Phoenix,0.8,1.15,156.0,222.0,4.0,9.0,7.0,9.0,4.0,1.0,90.0,75.0,142.0,157.0,20.0,32.0,1.0,2.0,1.0,0.0
598935,245242,AAAAY,19530,FPX,FunPlus Phoenix,0.58,1.14,123.0,248.0,5.0,11.0,8.0,8.0,1.0,0.0,60.0,58.0,89.0,153.0,22.0,34.0,1.0,3.0,0.0,0.0
598935,245242,Life,3028,FPX,FunPlus Phoenix,0.49,0.13,208.0,45.0,8.0,2.0,9.0,10.0,1.0,1.0,70.0,50.0,128.0,31.0,67.0,14.0,2.0,1.0,5.0,2.0
598935,245242,rushia,48878,BLG,Guangzhou Huadu Bilibili Gaming (Bilibili Gaming),1.33,1.62,256.0,278.0,11.0,9.0,8.0,6.0,4.0,8.0,83.0,90.0,195.0,162.0,26.0,27.0,0.0,3.0,1.0,0.0
598935,245242,Knight,4774,BLG,Guangzhou Huadu Bilibili Gaming (Bilibili Gaming),1.32,1.25,269.0,216.0,11.0,9.0,7.0,7.0,3.0,3.0,67.0,70.0,173.0,155.0,38.0,13.0,1.0,0.0,3.0,2.0
598935,245242,whzy,4885,BLG,Guangzhou Huadu Bilibili Gaming (Bilibili Gaming),0.75,1.5,200.0,295.0,9.0,10.0,10.0,7.0,1.0,5.0,75.0,90.0,139.0,205.0,38.0,29.0,2.0,2.0,2.0,1.0
598935,245242,nephh,10698,BLG,Guangzhou Huadu Bilibili Gaming (Bilibili Gaming),1.19,0.77,218.0,148.0,10.0,5.0,6.0,7.0,2.0,2.0,83.0,60.0,133.0,102.0,42.0,8.0,2.0,1.0,1.0,1.0
598935,245242,bud,56260,BLG,Guangzhou Huadu Bilibili Gaming (Bilibili Gaming),0.86,0.3,126.0,45.0,6.0,2.0,7.0,8.0,4.0,1.0,83.0,70.0,97.0,27.0,11.0,0.0,0.0,0.0,0.0,0.0
598935,245243,AAAAY,19530,FPX,FunPlus Phoenix,1.45,1.02,279.0,181.0,16.0,10.0,10.0,10.0,2.0,3.0,63.0,69.0,179.0,125.0,42.0,37.0,2.0,0.0,0.0,0.0
598935,245243,Setrod,50025,FPX,FunPlus Phoenix,0.94,1.15,193.0,303.0,11.0,16.0,13.0,13.0,4.0,2.0,94.0,69.0,117.0,193.0,41.0,47.0,3.0,4.0,2.0,2.0
598935,245243,BerLIN,7857,FPX,FunPlus Phoenix,0.85,1.0,186.0,156.0,11.0,9.0,11.0,10.0,2.0,5.0,69.0,81.0,141.0,91.0,52.0,47.0,1.0,3.0,2.0,0.0
598935,245243,Life,3028,FPX,FunPlus Phoenix,0.93,0.91,220.0,216.0,11.0,12.0,13.0,13.0,3.0,2.0,81.0,75.0,139.0,141.0,28.0,37.0,2.0,3.0,4.0,3.0
598935,245243,sScary,4382,FPX,FunPlus Phoenix,0.64,0.64,121.0,107.0,5.0,6.0,12.0,10.0,8.0,3.0,50.0,63.0,91.0,67.0,19.0,21.0,0.0,0.0,0.0,1.0
598935,245243,whzy,4885,BLG,Guangzhou Huadu Bilibili Gaming (Bilibili Gaming),1.34,2.04,291.0,389.0,17.0,23.0,12.0,10.0,2.0,6.0,75.0,88.0,166.0,236.0,34.0,18.0,3.0,3.0,3.0,1.0
598935,245243,rushia,48878,BLG,Guangzhou Huadu Bilibili Gaming (Bilibili Gaming),1.25,0.82,262.0,190.0,15.0,11.0,11.0,12.0,1.0,5.0,69.0,69.0,168.0,144.0,28.0,36.0,3.0,1.0,0.0,2.0
598935,245243,nephh,10698,BLG,Guangzhou Huadu Bilibili Gaming (Bilibili Gaming),1.07,0.96,179.0,215.0,8.0,11.0,10.0,12.0,12.0,6.0,81.0,69.0,120.0,136.0,23.0,37.0,0.0,3.0,2.0,2.0
598935,245243,Knight,4774,BLG,Guangzhou Huadu Bilibili Gaming (Bilibili Gaming),1.31,0.53,239.0,125.0,15.0,5.0,9.0,12.0,4.0,4.0,88.0,44.0,145.0,85.0,28.0,14.0,0.0,1.0,2.0,2.0
598935,245243,bud,56260,BLG,Guangzhou Huadu Bilibili Gaming (Bilibili Gaming),0.25,1.04,40.0,150.0,1.0,9.0,11.0,8.0,9.0,8.0,56.0,94.0,29.0,97.0,12.0,23.0,0.0,0.0,3.0,1.0
598936,245245,splash,36685,TYL,TYLOO,1.71,1.21,298.0,311.0,13.0,12.0,7.0,13.0,2.0,4.0,73.0,75.0,160.0,183.0,28.0,28.0,2.0,3.0,1.0,0.0
598936,245245,slowly,41739,TYL,TYLOO,0.73,1.32,188.0,269.0,5.0,16.0,9.0,11.0,1.0,0.0,73.0,67.0,115.0,151.0,33.0,34.0,2.0,3.0,2.0,1.0
598936,245245,Erv,55085,TYL,TYLOO,1.0,1.03,182.0,194.0,7.0,9.0,7.0,10.0,6.0,11.0,73.0,67.0,100.0,113.0,17.0,24.0,1.0,0.0,0.0,2.0
598936,245245,sword9,3049,TYL,TYLOO,0.88,0.68,129.0,123.0,5.0,6.0,7.0,10.0,4.0,0.0,64.0,67.0,70.0,89.0,17.0,33.0,1.0,1.0,2.0,1.0
598936,245245,Scales,39485,TYL,TYLOO,0.85,0.7,139.0,89.0,6.0,3.0,6.0,8.0,1.0,2.0,82.0,83.0,77.0,71.0,75.0,33.0,0.0,0.0,0.0,2.0
598936,245245,Haodong,4720,TEC,Wuxi Titan Esports Club (Titan Esports Club),0.85,1.86,180.0,293.0,8.0,13.0,8.0,5.0,2.0,5.0,75.0,100.0,104.0,179.0,30.0,44.0,0.0,1.0,1.0,0.0
598936,245245,Coco,47629,TEC,Wuxi Titan Esports Club (Titan Esports Club),1.36,1.13,266.0,327.0,11.0,14.0,7.0,8.0,5.0,0.0,75.0,64.0,171.0,215.0,48.0,41.0,1.0,0.0,0.0,3.0
598936,245245,Dynamite,42235,TEC,Wuxi Titan Esports Club (Titan Esports Club),0.72,1.07,197.0,222.0,8.0,9.0,10.0,8.0,4.0,2.0,67.0,73.0,122.0,124.0,37.0,27.0,3.0,4.0,2.0,0.0
598936,245245,Abo,5011,TEC,Wuxi Titan Esports Club (Titan Esports Club),0.91,0.26,206.0,51.0,9.0,3.0,9.0,9.0,3.0,1.0,92.0,55.0,137.0,28.0,60.0,25.0,1.0,0.0,1.0,1.0
598936,245245,lucas,19677,TEC,Wuxi Titan Esports Club (Titan Esports Club),1.08,0.04,223.0,104.0,9.0,4.0,8.0,10.0,2.0,3.0,75.0,64.0,166.0,64.0,26.0,10.0,1.0,0.0,2.0,3.0
598936,245246,splash,36685,TYL,TYLOO,1.97,0.69,426.0,193.0,15.0,9.0,6.0,11.0,2.0,0.0,80.0,67.0,279.0,125.0,30.0,42.0,4.0,4.0,2.0,1.0
598936,245246,Erv,55085,TYL,TYLOO,1.35,0.96,159.0,176.0,6.0,8.0,3.0,8.0,3.0,2.0,90.0,67.0,113.0,139.0,67.0,29.0,1.0,1.0,0.0,1.0
598936,245246,Scales,39485,TYL,TYLOO,0.91,1.26,139.0,225.0,5.0,9.0,5.0,8.0,3.0,2.0,90.0,83.0,85.0,175.0,22.0,42.0,1.0,0.0,0.0,1.0
598936,245246,sword9,3049,TYL,TYLOO,0.47,1.47,79.0,259.0,3.0,11.0,6.0,6.0,2.0,2.0,80.0,58.0,41.0,173.0,38.0,18.0,1.0,0.0,0.0,1.0
598936,245246,slowly,41739,TYL,TYLOO,1.55,0.55,277.0,189.0,12.0,6.0,4.0,12.0,1.0,3.0,80.0,75.0,155.0,142.0,50.0,39.0,1.0,2.0,0.0,1.0
598936,245246,lucas,19677,TEC,Wuxi Titan Esports Club (Titan Esports Club),1.44,1.08,263.0,237.0,12.0,8.0,7.0,8.0,3.0,0.0,58.0,50.0,168.0,139.0,32.0,27.0,0.0,0.0,0.0,1.0
598936,245246,Abo,5011,TEC,Wuxi Titan Esports Club (Titan Esports Club),1.53,0.35,340.0,111.0,13.0,3.0,10.0,10.0,4.0,3.0,92.0,50.0,196.0,75.0,29.0,14.0,4.0,1.0,2.0,0.0
598936,245246,Coco,47629,TEC,Wuxi Titan Esports Club (Titan Esports Club),1.12,0.84,258.0,133.0,10.0,5.0,9.0,7.0,5.0,2.0,75.0,70.0,209.0,92.0,29.0,17.0,1.0,0.0,2.0,2.0
598936,245246,Dynamite,42235,TEC,Wuxi Titan Esports Club (Titan Esports Club),0.48,0.79,113.0,168.0,5.0,5.0,9.0,8.0,0.0,2.0,42.0,70.0,86.0,132.0,21.0,18.0,0.0,1.0,2.0,1.0
598936,245246,Haodong,4720,TEC,Wuxi Titan Esports Club (Titan Esports Club),0.69,0.42,100.0,98.0,5.0,3.0,8.0,8.0,6.0,2.0,67.0,60.0,73.0,64.0,30.0,23.0,0.0,0.0,1.0,4.0
598936,245247,slowly,41739,TYL,TYLOO,0.85,1.52,182.0,320.0,6.0,13.0,7.0,7.0,3.0,2.0,60.0,75.0,113.0,210.0,12.0,22.0,2.0,4.0,1.0,2.0
598936,245247,Erv,55085,TYL,TYLOO,0.92,1.37,181.0,260.0,6.0,11.0,7.0,9.0,4.0,5.0,60.0,83.0,125.0,167.0,44.0,43.0,1.0,1.0,1.0,0.0
598936,245247,splash,36685,TYL,TYLOO,1.25,1.04,294.0,169.0,10.0,9.0,8.0,8.0,7.0,0.0,80.0,67.0,179.0,102.0,19.0,67.0,1.0,1.0,1.0,2.0
598936,245247,Scales,39485,TYL,TYLOO,1.46,0.55,268.0,125.0,10.0,5.0,6.0,10.0,0.0,7.0,80.0,67.0,173.0,74.0,63.0,15.0,2.0,0.0,0.0,0.0
598936,245247,sword9,3049,TYL,TYLOO,0.63,1.24,62.0,201.0,2.0,8.0,6.0,6.0,6.0,4.0,50.0,75.0,39.0,134.0,0.0,32.0,0.0,0.0,1.0,2.0
598936,245247,lucas,19677,TEC,Wuxi Titan Esports Club (Titan Esports Club),1.4,0.92,265.0,166.0,12.0,5.0,7.0,8.0,3.0,2.0,83.0,80.0,158.0,149.0,35.0,22.0,0.0,0.0,0.0,2.0
598936,245247,Dynamite,42235,TEC,Wuxi Titan Esports Club (Titan Esports Club),0.99,1.39,258.0,269.0,10.0,10.0,10.0,6.0,5.0,0.0,67.0,70.0,164.0,166.0,19.0,47.0,2.0,3.0,1.0,0.0
598936,245247,Coco,47629,TEC,Wuxi Titan Esports Club (Titan Esports Club),0.41,1.31,122.0,258.0,4.0,9.0,11.0,6.0,5.0,2.0,67.0,80.0,91.0,157.0,22.0,29.0,1.0,0.0,1.0,1.0
598936,245247,Haodong,4720,TEC,Wuxi Titan Esports Club (Titan Esports Club),0.59,0.82,104.0,227.0,5.0,8.0,8.0,7.0,3.0,0.0,67.0,50.0,70.0,132.0,21.0,13.0,0.0,1.0,1.0,2.0
598936,245247,Abo,5011,TEC,Wuxi Titan Esports Club (Titan Esports Club),0.9,0.43,213.0,68.0,9.0,2.0,10.0,7.0,1.0,1.0,58.0,50.0,123.0,48.0,35.0,50.0,3.0,0.0,3.0,1.0
598937,245248,deLb,10821,TE,Trace Esports,2.12,1.09,497.0,206.0,18.0,8.0,7.0,10.0,1.0,1.0,100.0,50.0,301.0,157.0,51.0,35.0,6.0,1.0,0.0,1.0
598937,245248,Kai,37494,TE,Trace Esports,0.8,1.29,151.0,201.0,6.0,9.0,6.0,8.0,2.0,0.0,73.0,58.0,96.0,136.0,27.0,58.0,1.0,2.0,0.0,2.0
598937,245248,LuoK1ng,3045,TE,Trace Esports,0.7,1.35,111.0,239.0,5.0,10.0,6.0,10.0,1.0,4.0,82.0,58.0,70.0,160.0,45.0,33.0,1.0,1.0,2.0,2.0
598937,245248,Viva,36415,TE,Trace Esports,0.71,0.56,117.0,134.0,3.0,5.0,7.0,10.0,6.0,2.0,82.0,50.0,95.0,95.0,10.0,29.0,0.0,1.0,0.0,1.0
598937,245248,FengF,4770,TE,Trace Esports,0.81,0.29,112.0,51.0,5.0,1.0,5.0,11.0,4.0,6.0,73.0,50.0,57.0,46.0,50.0,11.0,0.0,0.0,1.0,0.0
598937,245248,whzy,4885,BLG,Guangzhou Huadu Bilibili Gaming (Bilibili Gaming),1.17,1.57,227.0,304.0,10.0,11.0,7.0,7.0,1.0,3.0,83.0,100.0,144.0,190.0,35.0,33.0,3.0,1.0,2.0,1.0
598937,245248,nephh,10698,BLG,Guangzhou Huadu Bilibili Gaming (Bilibili Gaming),1.03,1.22,187.0,160.0,8.0,7.0,7.0,6.0,4.0,3.0,75.0,73.0,122.0,93.0,32.0,43.0,0.0,2.0,0.0,1.0
598937,245248,bud,56260,BLG,Guangzhou Huadu Bilibili Gaming (Bilibili Gaming),1.22,1.0,217.0,171.0,10.0,6.0,6.0,7.0,4.0,2.0,92.0,45.0,145.0,114.0,50.0,38.0,1.0,0.0,1.0,1.0
598937,245248,rushia,48878,BLG,Guangzhou Huadu Bilibili Gaming (Bilibili Gaming),1.09,0.37,203.0,65.0,9.0,3.0,7.0,8.0,1.0,2.0,75.0,45.0,139.0,47.0,47.0,33.0,1.0,0.0,0.0,4.0
598937,245248,Knight,4774,BLG,Guangzhou Huadu Bilibili Gaming (Bilibili Gaming),0.89,0.52,138.0,105.0,6.0,4.0,6.0,9.0,5.0,2.0,75.0,64.0,93.0,70.0,15.0,17.0,1.0,0.0,2.0,1.0
598937,245249,LuoK1ng,3045,TE,Trace Esports,0.53,1.92,125.0,319.0,4.0,15.0,10.0,5.0,3.0,4.0,50.0,92.0,83.0,205.0,20.0,37.0,0.0,2.0,3.0,1.0
598937,245249,FengF,4770,TE,Trace Esports,1.04,1.0,229.0,193.0,10.0,8.0,10.0,7.0,2.0,5.0,75.0,75.0,146.0,126.0,24.0,33.0,0.0,1.0,1.0,3.0
598937,245249,Kai,37494,TE,Trace Esports,0.76,1.0,213.0,169.0,9.0,9.0,11.0,6.0,2.0,0.0,58.0,75.0,127.0,95.0,37.0,36.0,1.0,2.0,4.0,1.0
598937,245249,deLb,10821,TE,Trace Esports,0.56,1.01,157.0,247.0,6.0,9.0,11.0,9.0,3.0,6.0,67.0,67.0,103.0,171.0,29.0,22.0,2.0,2.0,1.0,0.0
598937,245249,Viva,36415,TE,Trace Esports,0.36,0.86,74.0,120.0,2.0,4.0,11.0,6.0,8.0,6.0,58.0,67.0,45.0,103.0,22.0,14.0,0.0,0.0,0.0,0.0
598937,245249,whzy,4885,BLG,Guangzhou Huadu Bilibili Gaming (Bilibili Gaming),1.1,1.82,207.0,313.0,8.0,15.0,9.0,7.0,5.0,2.0,67.0,100.0,126.0,200.0,21.0,35.0,2.0,5.0,3.0,0.0
598937,245249,Knight,4774,BLG,Guangzhou Huadu Bilibili Gaming (Bilibili Gaming),1.1,1.24,207.0,217.0,7.0,9.0,9.0,5.0,5.0,4.0,50.0,100.0,151.0,153.0,30.0,32.0,2.0,1.0,0.0,0.0
598937,245249,rushia,48878,BLG,Guangzhou Huadu Bilibili Gaming (Bilibili Gaming),1.13,1.14,208.0,148.0,9.0,7.0,9.0,4.0,4.0,1.0,100.0,92.0,140.0,96.0,40.0,7.0,1.0,1.0,2.0,2.0
598937,245249,nephh,10698,BLG,Guangzhou Huadu Bilibili Gaming (Bilibili Gaming),0.78,1.21,155.0,239.0,6.0,9.0,9.0,7.0,6.0,6.0,75.0,83.0,107.0,189.0,12.0,20.0,0.0,2.0,1.0,0.0
598937,245249,bud,56260,BLG,Guangzhou Huadu Bilibili Gaming (Bilibili Gaming),0.43,1.31,78.0,248.0,3.0,13.0,9.0,8.0,3.0,0.0,67.0,67.0,46.0,148.0,8.0,33.0,0.0,0.0,1.0,1.0
598938,245251,vo0kashu,3741,DRG,Dragon Ranger Gaming,0.72,1.45,163.0,265.0,6.0,12.0,10.0,6.0,5.0,2.0,45.0,75.0,100.0,169.0,5.0,26.0,1.0,2.0,1.0,0.0
598938,245251,SpiritZ1,31753,DRG,Dragon Ranger Gaming,0.33,1.36,89.0,302.0,4.0,12.0,11.0,8.0,1.0,10.0,36.0,83.0,64.0,179.0,50.0,28.0,1.0,3.0,4.0,1.0
598938,245251,Akeman,52904,DRG,Dragon Ranger Gaming,0.77,0.74,193.0,201.0,7.0,7.0,11.0,9.0,3.0,5.0,45.0,75.0,117.0,129.0,22.0,11.0,0.0,3.0,2.0,1.0
598938,245251,Flex1n,4705,DRG,Dragon Ranger Gaming,0.63,0.86,169.0,161.0,5.0,7.0,11.0,7.0,4.0,6.0,55.0,58.0,105.0,99.0,24.0,27.0,0.0,1.0,0.0,0.0
598938,245251,Nicc,11524,DRG,Dragon Ranger Gaming,0.23,1.12,73.0,173.0,2.0,9.0,10.0,6.0,1.0,3.0,27.0,75.0,60.0,102.0,8.0,29.0,0.0,1.0,2.0,0.0
598938,245251,Scales,39485,TYL,TYLOO,1.7,1.22,303.0,259.0,13.0,9.0,8.0,6.0,3.0,3.0,75.0,82.0,196.0,156.0,52.0,30.0,0.0,3.0,1.0,0.0
598938,245251,slowly,41739,TYL,TYLOO,1.28,1.64,314.0,253.0,13.0,11.0,10.0,3.0,0.0,3.0,67.0,91.0,203.0,184.0,35.0,32.0,1.0,1.0,4.0,0.0
598938,245251,Erv,55085,TYL,TYLOO,0.88,1.95,129.0,300.0,5.0,14.0,9.0,5.0,6.0,11.0,58.0,91.0,79.0,175.0,42.0,21.0,0.0,1.0,1.0,0.0
598938,245251,splash,36685,TYL,TYLOO,0.35,1.66,104.0,307.0,3.0,11.0,11.0,5.0,3.0,6.0,50.0,91.0,81.0,198.0,36.0,42.0,0.0,4.0,3.0,1.0
598938,245251,sword9,3049,TYL,TYLOO,0.39,1.1,56.0,171.0,2.0,7.0,9.0,5.0,2.0,4.0,58.0,82.0,33.0,115.0,0.0,30.0,1.0,0.0,1.0,1.0
598938,245252,Nicc,11524,DRG,Dragon Ranger Gaming,1.79,2.36,335.0,408.0,16.0,11.0,6.0,3.0,3.0,2.0,83.0,100.0,215.0,272.0,33.0,48.0,0.0,4.0,0.0,0.0
598938,245252,vo0kashu,3741,DRG,Dragon Ranger Gaming,1.44,0.68,220.0,122.0,10.0,3.0,4.0,4.0,1.0,2.0,92.0,86.0,150.0,90.0,25.0,38.0,0.0,0.0,0.0,0.0
598938,245252,SpiritZ1,31753,DRG,Dragon Ranger Gaming,1.31,0.74,230.0,203.0,11.0,6.0,6.0,5.0,4.0,1.0,100.0,71.0,156.0,134.0,26.0,27.0,1.0,1.0,1.0,0.0
598938,245252,Akeman,52904,DRG,Dragon Ranger Gaming,0.69,0.97,194.0,178.0,8.0,4.0,9.0,4.0,4.0,1.0,75.0,86.0,138.0,130.0,32.0,23.0,2.0,0.0,5.0,0.0
598938,245252,Flex1n,4705,DRG,Dragon Ranger Gaming,0.75,0.76,174.0,171.0,7.0,4.0,9.0,6.0,7.0,3.0,75.0,71.0,96.0,123.0,19.0,33.0,2.0,1.0,1.0,1.0
598938,245252,Scales,39485,TYL,TYLOO,1.82,1.73,188.0,324.0,6.0,13.0,3.0,9.0,0.0,5.0,71.0,75.0,164.0,205.0,33.0,42.0,0.0,3.0,0.0,1.0
598938,245252,Erv,55085,TYL,TYLOO,1.33,0.64,289.0,151.0,7.0,7.0,6.0,12.0,5.0,1.0,86.0,50.0,206.0,100.0,26.0,60.0,0.0,1.0,0.0,2.0
598938,245252,slowly,41739,TYL,TYLOO,0.68,0.52,191.0,129.0,4.0,5.0,7.0,12.0,3.0,2.0,43.0,58.0,138.0,97.0,32.0,40.0,0.0,1.0,2.0,1.0
598938,245252,sword9,3049,TYL,TYLOO,0.64,0.47,122.0,84.0,3.0,3.0,6.0,9.0,4.0,3.0,71.0,75.0,60.0,54.0,38.0,15.0,0.0,1.0,0.0,0.0
598938,245252,splash,36685,TYL,TYLOO,0.35,0.62,119.0,170.0,2.0,6.0,6.0,10.0,3.0,1.0,57.0,50.0,75.0,105.0,5.0,53.0,1.0,1.0,4.0,1.0
598938,245253,Flex1n,4705,DRG,Dragon Ranger Gaming,0.29,2.18,36.0,307.0,1.0,14.0,4.0,5.0,3.0,7.0,57.0,92.0,34.0,192.0,50.0,29.0,0.0,1.0,1.0,0.0
598938,245253,vo0kashu,3741,DRG,Dragon Ranger Gaming,2.15,1.03,282.0,200.0,9.0,6.0,1.0,8.0,1.0,5.0,86.0,67.0,167.0,142.0,35.0,26.0,0.0,1.0,0.0,0.0
598938,245253,Nicc,11524,DRG,Dragon Ranger Gaming,1.93,0.59,270.0,145.0,7.0,5.0,2.0,11.0,4.0,4.0,100.0,58.0,213.0,102.0,65.0,12.0,2.0,2.0,0.0,2.0
598938,245253,SpiritZ1,31753,DRG,Dragon Ranger Gaming,0.63,1.25,221.0,259.0,5.0,11.0,7.0,10.0,4.0,3.0,86.0,75.0,149.0,200.0,17.0,41.0,0.0,2.0,1.0,0.0
598938,245253,Akeman,52904,DRG,Dragon Ranger Gaming,1.33,0.63,337.0,150.0,9.0,7.0,6.0,10.0,1.0,1.0,86.0,67.0,203.0,94.0,22.0,56.0,2.0,2.0,1.0,2.0
598938,245253,Erv,55085,TYL,TYLOO,1.06,1.2,165.0,236.0,7.0,6.0,6.0,5.0,6.0,1.0,83.0,57.0,107.0,175.0,35.0,55.0,0.0,0.0,0.0,1.0
598938,245253,slowly,41739,TYL,TYLOO,0.59,1.44,213.0,218.0,8.0,6.0,11.0,5.0,2.0,2.0,58.0,100.0,157.0,146.0,30.0,0.0,1.0,0.0,2.0,0.0
598938,245253,splash,36685,TYL,TYLOO,1.07,0.39,293.0,165.0,12.0,3.0,9.0,7.0,1.0,1.0,75.0,43.0,171.0,109.0,39.0,10.0,3.0,2.0,5.0,2.0
598938,245253,sword9,3049,TYL,TYLOO,0.75,0.8,162.0,203.0,7.0,4.0,8.0,7.0,2.0,4.0,67.0,86.0,103.0,138.0,22.0,20.0,0.0,0.0,0.0,0.0
598938,245253,Scales,39485,TYL,TYLOO,0.99,0.11,217.0,73.0,10.0,1.0,9.0,7.0,0.0,2.0,67.0,29.0,136.0,60.0,35.0,22.0,0.0,1.0,1.0,1.0
598939,245254,ZmjjKK,3520,EDG,EDward Gaming,0.93,0.99,243.0,248.0,11.0,8.0,10.0,8.0,0.0,0.0,75.0,75.0,117.0,175.0,24.0,31.0,4.0,1.0,2.0,1.0
598939,245254,cb,39697,EDG,EDward Gaming,0.71,1.13,127.0,257.0,6.0,7.0,8.0,7.0,1.0,1.0,67.0,75.0,120.0,120.0,60.0,38.0,0.0,2.0,0.0,1.0
598939,245254,Smoggy,4742,EDG,EDward Gaming,1.14,0.49,193.0,148.0,8.0,4.0,7.0,8.0,3.0,3.0,92.0,63.0,112.0,112.0,50.0,23.0,1.0,1.0,1.0,1.0
598939,245254,CHICHOO,15559,EDG,EDward Gaming,1.01,0.56,187.0,122.0,8.0,2.0,6.0,7.0,1.0,4.0,50.0,63.0,106.0,106.0,50.0,27.0,1.0,1.0,1.0,0.0
598939,245254,nobody,3017,EDG,EDward Gaming,0.67,0.7,116.0,119.0,4.0,3.0,8.0,6.0,3.0,0.0,58.0,38.0,80.0,80.0,60.0,57.0,1.0,0.0,1.0,0.0
598939,245254,nephh,10698,BLG,Guangzhou Huadu Bilibili Gaming (Bilibili Gaming),2.05,1.13,373.0,230.0,12.0,9.0,3.0,9.0,0.0,0.0,88.0,42.0,182.0,182.0,24.0,25.0,0.0,1.0,1.0,3.0
598939,245254,Knight,4774,BLG,Guangzhou Huadu Bilibili Gaming (Bilibili Gaming),1.81,0.94,311.0,154.0,10.0,6.0,2.0,6.0,1.0,2.0,100.0,75.0,134.0,134.0,40.0,26.0,1.0,0.0,0.0,0.0
598939,245254,whzy,4885,BLG,Guangzhou Huadu Bilibili Gaming (Bilibili Gaming),1.02,1.1,195.0,203.0,6.0,9.0,5.0,7.0,0.0,3.0,75.0,75.0,200.0,82.0,46.0,18.0,2.0,1.0,3.0,2.0
598939,245254,rushia,48878,BLG,Guangzhou Huadu Bilibili Gaming (Bilibili Gaming),0.88,1.07,243.0,181.0,6.0,7.0,7.0,7.0,4.0,5.0,75.0,75.0,128.0,128.0,29.0,41.0,0.0,3.0,0.0,1.0
598939,245254,bud,56260,BLG,Guangzhou Huadu Bilibili Gaming (Bilibili Gaming),0.12,1.0,85.0,190.0,2.0,8.0,7.0,8.0,3.0,5.0,50.0,67.0,98.0,98.0,60.0,41.0,0.0,0.0,1.0,1.0
598939,245255,CHICHOO,15559,EDG,EDward Gaming,1.34,1.45,206.0,226.0,7.0,11.0,6.0,6.0,1.0,3.0,70.0,75.0,125.0,164.0,26.0,27.0,0.0,0.0,0.0,0.0
598939,245255,nobody,3017,EDG,EDward Gaming,0.69,1.97,122.0,338.0,5.0,16.0,8.0,5.0,2.0,1.0,60.0,83.0,87.0,223.0,38.0,52.0,0.0,0.0,3.0,0.0
598939,245255,Smoggy,4742,EDG,EDward Gaming,1.54,0.33,249.0,128.0,8.0,5.0,7.0,10.0,5.0,4.0,60.0,75.0,163.0,84.0,21.0,26.0,1.0,0.0,1.0,1.0
598939,245255,ZmjjKK,3520,EDG,EDward Gaming,0.88,0.75,228.0,246.0,7.0,10.0,9.0,11.0,2.0,3.0,60.0,58.0,148.0,150.0,23.0,21.0,1.0,1.0,2.0,3.0
598939,245255,cb,39697,EDG,EDward Gaming,0.03,1.21,45.0,261.0,1.0,11.0,10.0,8.0,2.0,2.0,20.0,75.0,30.0,160.0,14.0,41.0,0.0,6.0,2.0,1.0
598939,245255,whzy,4885,BLG,Guangzhou Huadu Bilibili Gaming (Bilibili Gaming),1.48,0.9,322.0,234.0,13.0,9.0,11.0,7.0,3.0,1.0,83.0,90.0,193.0,136.0,39.0,13.0,2.0,3.0,1.0,1.0
598939,245255,bud,56260,BLG,Guangzhou Huadu Bilibili Gaming (Bilibili Gaming),0.9,1.46,169.0,255.0,8.0,8.0,9.0,5.0,3.0,7.0,67.0,90.0,127.0,171.0,35.0,17.0,0.0,1.0,0.0,0.0
598939,245255,Knight,4774,BLG,Guangzhou Huadu Bilibili Gaming (Bilibili Gaming),0.72,1.08,168.0,219.0,7.0,7.0,11.0,5.0,4.0,3.0,83.0,70.0,128.0,157.0,26.0,41.0,1.0,1.0,1.0,0.0
598939,245255,nephh,10698,BLG,Guangzhou Huadu Bilibili Gaming (Bilibili Gaming),0.75,0.94,178.0,220.0,7.0,9.0,11.0,7.0,6.0,1.0,83.0,80.0,115.0,135.0,56.0,38.0,1.0,2.0,2.0,1.0
598939,245255,rushia,48878,BLG,Guangzhou Huadu Bilibili Gaming (Bilibili Gaming),0.47,1.11,126.0,192.0,5.0,7.0,11.0,4.0,0.0,0.0,42.0,70.0,97.0,119.0,18.0,35.0,1.0,1.0,3.0,0.0
598939,245256,CHICHOO,15559,EDG,EDward Gaming,1.18,1.37,162.0,264.0,4.0,10.0,3.0,9.0,1.0,4.0,83.0,67.0,84.0,179.0,33.0,26.0,1.0,0.0,0.0,0.0
598939,245256,ZmjjKK,3520,EDG,EDward Gaming,1.29,0.69,330.0,143.0,7.0,7.0,5.0,10.0,1.0,0.0,83.0,50.0,226.0,93.0,30.0,12.0,1.0,1.0,1.0,2.0
598939,245256,nobody,3017,EDG,EDward Gaming,1.42,0.35,284.0,130.0,6.0,3.0,4.0,12.0,4.0,6.0,100.0,50.0,166.0,96.0,31.0,18.0,1.0,1.0,0.0,1.0
598939,245256,Smoggy,4742,EDG,EDward Gaming,0.22,0.9,95.0,128.0,2.0,5.0,5.0,9.0,2.0,5.0,33.0,58.0,49.0,75.0,50.0,16.0,0.0,2.0,1.0,2.0
598939,245256,cb,39697,EDG,EDward Gaming,0.17,0.39,64.0,121.0,2.0,5.0,5.0,11.0,0.0,0.0,50.0,42.0,57.0,63.0,20.0,5.0,0.0,1.0,1.0,2.0
598939,245256,nephh,10698,BLG,Guangzhou Huadu Bilibili Gaming (Bilibili Gaming),1.54,1.28,249.0,270.0,12.0,5.0,5.0,5.0,3.0,2.0,100.0,67.0,183.0,198.0,23.0,36.0,1.0,0.0,0.0,0.0
598939,245256,Knight,4774,BLG,Guangzhou Huadu Bilibili Gaming (Bilibili Gaming),1.99,0.37,282.0,66.0,13.0,1.0,3.0,4.0,3.0,2.0,100.0,50.0,185.0,56.0,27.0,25.0,3.0,0.0,0.0,1.0
598939,245256,rushia,48878,BLG,Guangzhou Huadu Bilibili Gaming (Bilibili Gaming),1.24,1.6,279.0,207.0,13.0,5.0,8.0,3.0,2.0,3.0,100.0,83.0,199.0,154.0,32.0,21.0,2.0,0.0,1.0,1.0
598939,245256,whzy,4885,BLG,Guangzhou Huadu Bilibili Gaming (Bilibili Gaming),1.05,1.32,230.0,200.0,10.0,5.0,7.0,4.0,2.0,1.0,67.0,83.0,166.0,130.0,38.0,40.0,1.0,2.0,2.0,0.0
598939,245256,bud,56260,BLG,Guangzhou Huadu Bilibili Gaming (Bilibili Gaming),0.46,1.24,78.0,294.0,3.0,6.0,7.0,5.0,3.0,2.0,75.0,100.0,52.0,205.0,13.0,46.0,0.0,1.0,2.0,1.0
598940,245257,Akeman,52904,DRG,Dragon Ranger Gaming,0.63,1.77,120.0,372.0,3.0,16.0,6.0,8.0,1.0,1.0,71.0,92.0,88.0,248.0,33.0,28.0,2.0,5.0,2.0,0.0
598940,245257,Nicc,11524,DRG,Dragon Ranger Gaming,0.67,1.3,154.0,236.0,4.0,11.0,6.0,9.0,0.0,4.0,57.0,83.0,109.0,160.0,27.0,35.0,0.0,1.0,0.0,0.0
598940,245257,SpiritZ1,31753,DRG,Dragon Ranger Gaming,0.48,0.67,138.0,140.0,3.0,6.0,6.0,8.0,1.0,3.0,29.0,58.0,81.0,87.0,67.0,16.0,1.0,1.0,2.0,1.0
598940,245257,vo0kashu,3741,DRG,Dragon Ranger Gaming,0.71,0.49,188.0,103.0,5.0,3.0,6.0,8.0,0.0,5.0,57.0,67.0,132.0,86.0,45.0,31.0,0.0,0.0,0.0,1.0
598940,245257,Flex1n,4705,DRG,Dragon Ranger Gaming,0.48,0.59,117.0,185.0,2.0,6.0,6.0,11.0,2.0,4.0,57.0,75.0,96.0,126.0,6.0,38.0,0.0,2.0,0.0,1.0
598940,245257,bud,56260,BLG,Guangzhou Huadu Bilibili Gaming (Bilibili Gaming),0.97,1.95,180.0,256.0,8.0,9.0,9.0,2.0,2.0,1.0,50.0,71.0,120.0,139.0,62.0,11.0,0.0,0.0,3.0,0.0
598940,245257,whzy,4885,BLG,Guangzhou Huadu Bilibili Gaming (Bilibili Gaming),1.06,1.76,220.0,239.0,10.0,6.0,8.0,2.0,3.0,3.0,67.0,86.0,149.0,138.0,32.0,29.0,0.0,1.0,1.0,0.0
598940,245257,nephh,10698,BLG,Guangzhou Huadu Bilibili Gaming (Bilibili Gaming),1.43,0.77,289.0,58.0,13.0,1.0,8.0,3.0,3.0,5.0,83.0,86.0,185.0,41.0,38.0,14.0,0.0,0.0,1.0,1.0
598940,245257,rushia,48878,BLG,Guangzhou Huadu Bilibili Gaming (Bilibili Gaming),1.1,1.06,199.0,340.0,8.0,7.0,8.0,6.0,3.0,4.0,67.0,57.0,118.0,189.0,29.0,17.0,3.0,2.0,2.0,2.0
598940,245257,Knight,4774,BLG,Guangzhou Huadu Bilibili Gaming (Bilibili Gaming),0.64,1.35,119.0,257.0,5.0,7.0,9.0,4.0,2.0,1.0,67.0,86.0,68.0,190.0,31.0,33.0,0.0,1.0,2.0,0.0
598940,245258,vo0kashu,3741,DRG,Dragon Ranger Gaming,1.4,0.02,337.0,32.0,13.0,0.0,11.0,3.0,2.0,0.0,75.0,,194.0,34.0,29.0,0.0,1.0,0.0,0.0,0.0
598940,245258,Nicc,11524,DRG,Dragon Ranger Gaming,0.98,0.88,132.0,232.0,7.0,2.0,9.0,3.0,3.0,0.0,75.0,67.0,82.0,157.0,29.0,14.0,0.0,0.0,0.0,0.0
598940,245258,SpiritZ1,31753,DRG,Dragon Ranger Gaming,0.51,0.92,145.0,210.0,6.0,2.0,12.0,3.0,1.0,1.0,50.0,67.0,87.0,127.0,29.0,50.0,1.0,1.0,4.0,1.0
598940,245258,Flex1n,4705,DRG,Dragon Ranger Gaming,0.44,0.63,87.0,147.0,3.0,2.0,10.0,3.0,2.0,0.0,58.0,33.0,53.0,83.0,8.0,50.0,0.0,0.0,0.0,0.0
598940,245258,Akeman,52904,DRG,Dragon Ranger Gaming,0.31,0.02,90.0,35.0,2.0,0.0,11.0,3.0,4.0,1.0,50.0,33.0,68.0,38.0,56.0,50.0,1.0,0.0,5.0,1.0
598940,245258,nephh,10698,BLG,Guangzhou Huadu Bilibili Gaming (Bilibili Gaming),1.54,1.57,279.0,309.0,4.0,14.0,1.0,6.0,0.0,7.0,67.0,100.0,166.0,169.0,50.0,19.0,0.0,1.0,0.0,1.0
598940,245258,whzy,4885,BLG,Guangzhou Huadu Bilibili Gaming (Bilibili Gaming),2.14,1.4,475.0,260.0,5.0,12.0,2.0,6.0,1.0,3.0,100.0,83.0,256.0,151.0,27.0,19.0,1.0,3.0,0.0,2.0
598940,245258,rushia,48878,BLG,Guangzhou Huadu Bilibili Gaming (Bilibili Gaming),1.86,1.06,337.0,287.0,4.0,12.0,1.0,8.0,0.0,4.0,100.0,100.0,200.0,164.0,30.0,38.0,1.0,5.0,0.0,0.0
598940,245258,Knight,4774,BLG,Guangzhou Huadu Bilibili Gaming (Bilibili Gaming),0.98,1.17,120.0,149.0,2.0,7.0,1.0,4.0,0.0,4.0,67.0,100.0,85.0,115.0,33.0,11.0,0.0,0.0,1.0,0.0
598940,245258,bud,56260,BLG,Guangzhou Huadu Bilibili Gaming (Bilibili Gaming),0.9,1.09,52.0,185.0,0.0,8.0,1.0,7.0,3.0,7.0,67.0,92.0,44.0,128.0,25.0,56.0,0.0,0.0,0.0,0.0
598941,245260,NoMan,11527,XLG,Xi Lai Gaming,1.23,1.31,265.0,281.0,15.0,15.0,8.0,12.0,2.0,2.0,73.0,67.0,143.0,187.0,24.0,20.0,4.0,0.0,2.0,3.0
598941,245260,happywei,37927,XLG,Xi Lai Gaming,1.34,1.18,197.0,239.0,10.0,13.0,6.0,10.0,5.0,2.0,93.0,67.0,122.0,156.0,20.0,25.0,0.0,0.0,0.0,3.0
598941,245260,Lysoar,37489,XLG,Xi Lai Gaming,1.07,0.81,161.0,155.0,8.0,8.0,8.0,10.0,8.0,1.0,93.0,73.0,101.0,97.0,18.0,13.0,1.0,1.0,0.0,0.0
598941,245260,Rarga,22047,XLG,Xi Lai Gaming,1.02,0.66,270.0,178.0,15.0,9.0,12.0,12.0,1.0,3.0,67.0,60.0,171.0,117.0,39.0,36.0,5.0,2.0,3.0,1.0
598941,245260,WsLeo,24308,XLG,Xi Lai Gaming,0.89,0.62,143.0,169.0,7.0,8.0,8.0,12.0,4.0,3.0,73.0,73.0,108.0,104.0,29.0,43.0,0.0,3.0,0.0,2.0
598941,245260,bud,56260,BLG,Guangzhou Huadu Bilibili Gaming (Bilibili Gaming),1.88,0.61,294.0,116.0,18.0,5.0,7.0,12.0,3.0,5.0,73.0,60.0,183.0,85.0,39.0,33.0,1.0,0.0,2.0,1.0
598941,245260,rushia,48878,BLG,Guangzhou Huadu Bilibili Gaming (Bilibili Gaming),0.97,1.07,215.0,179.0,11.0,10.0,11.0,9.0,6.0,1.0,73.0,60.0,143.0,105.0,42.0,33.0,3.0,2.0,1.0,4.0
598941,245260,Biank,3021,BLG,Guangzhou Huadu Bilibili Gaming (Bilibili Gaming),1.07,0.76,180.0,176.0,10.0,8.0,9.0,13.0,2.0,2.0,93.0,67.0,135.0,127.0,14.0,19.0,2.0,1.0,1.0,1.0
598941,245260,nephh,10698,BLG,Guangzhou Huadu Bilibili Gaming (Bilibili Gaming),0.86,0.94,199.0,179.0,8.0,9.0,13.0,11.0,11.0,5.0,80.0,60.0,137.0,127.0,33.0,10.0,2.0,0.0,1.0,2.0
598941,245260,whzy,4885,BLG,Guangzhou Huadu Bilibili Gaming (Bilibili Gaming),0.81,0.97,212.0,192.0,9.0,10.0,13.0,11.0,7.0,3.0,73.0,67.0,157.0,121.0,23.0,32.0,1.0,2.0,1.0,2.0
598941,245261,Lysoar,37489,XLG,Xi Lai Gaming,1.45,1.91,213.0,274.0,11.0,5.0,5.0,2.0,4.0,3.0,75.0,100.0,140.0,181.0,30.0,20.0,0.0,1.0,0.0,0.0
598941,245261,Rarga,22047,XLG,Xi Lai Gaming,1.46,0.92,367.0,180.0,15.0,4.0,9.0,4.0,2.0,1.0,83.0,80.0,214.0,132.0,23.0,11.0,4.0,0.0,1.0,0.0
598941,245261,happywei,37927,XLG,Xi Lai Gaming,0.93,1.79,129.0,265.0,6.0,5.0,6.0,2.0,2.0,3.0,92.0,80.0,94.0,176.0,42.0,38.0,0.0,0.0,1.0,0.0
598941,245261,WsLeo,24308,XLG,Xi Lai Gaming,1.1,1.02,214.0,268.0,9.0,4.0,7.0,4.0,5.0,2.0,92.0,100.0,145.0,182.0,24.0,22.0,1.0,1.0,0.0,1.0
598941,245261,NoMan,11527,XLG,Xi Lai Gaming,0.84,0.84,146.0,170.0,7.0,4.0,7.0,3.0,3.0,0.0,58.0,60.0,106.0,123.0,56.0,27.0,2.0,1.0,3.0,1.0
598941,245261,rushia,48878,BLG,Guangzhou Huadu Bilibili Gaming (Bilibili Gaming),0.74,1.48,179.0,297.0,3.0,14.0,4.0,9.0,0.0,0.0,40.0,83.0,126.0,174.0,25.0,21.0,0.0,2.0,0.0,1.0
598941,245261,whzy,4885,BLG,Guangzhou Huadu Bilibili Gaming (Bilibili Gaming),1.33,0.86,276.0,219.0,4.0,8.0,4.0,11.0,1.0,2.0,60.0,67.0,220.0,135.0,14.0,24.0,0.0,2.0,0.0,4.0
598941,245261,bud,56260,BLG,Guangzhou Huadu Bilibili Gaming (Bilibili Gaming),1.06,0.72,267.0,135.0,5.0,5.0,5.0,10.0,0.0,6.0,80.0,58.0,157.0,110.0,50.0,45.0,0.0,1.0,0.0,1.0
598941,245261,nephh,10698,BLG,Guangzhou Huadu Bilibili Gaming (Bilibili Gaming),0.56,0.53,174.0,133.0,2.0,4.0,5.0,10.0,4.0,5.0,100.0,58.0,115.0,87.0,23.0,36.0,1.0,0.0,1.0,1.0
598941,245261,Biank,3021,BLG,Guangzhou Huadu Bilibili Gaming (Bilibili Gaming),0.09,0.59,61.0,99.0,1.0,3.0,4.0,9.0,1.0,1.0,60.0,50.0,28.0,76.0,0.0,21.0,1.0,0.0,2.0,0.0
598941,245262,happywei,37927,XLG,Xi Lai Gaming,1.58,0.87,276.0,224.0,13.0,10.0,7.0,11.0,4.0,3.0,77.0,69.0,179.0,157.0,30.0,43.0,2.0,0.0,1.0,0.0
598941,245262,WsLeo,24308,XLG,Xi Lai Gaming,0.8,1.48,160.0,316.0,6.0,14.0,9.0,9.0,5.0,4.0,85.0,77.0,110.0,210.0,15.0,27.0,0.0,2.0,2.0,0.0
598941,245262,Lysoar,37489,XLG,Xi Lai Gaming,0.72,1.09,144.0,184.0,7.0,8.0,10.0,8.0,5.0,5.0,54.0,62.0,81.0,119.0,9.0,19.0,0.0,2.0,0.0,1.0
598941,245262,NoMan,11527,XLG,Xi Lai Gaming,0.62,0.56,169.0,145.0,7.0,6.0,10.0,9.0,3.0,2.0,62.0,46.0,119.0,101.0,41.0,33.0,2.0,0.0,3.0,3.0
598941,245262,Rarga,22047,XLG,Xi Lai Gaming,0.61,0.47,135.0,103.0,7.0,5.0,9.0,9.0,2.0,1.0,62.0,62.0,86.0,76.0,22.0,33.0,1.0,1.0,2.0,4.0
598941,245262,Biank,3021,BLG,Guangzhou Huadu Bilibili Gaming (Bilibili Gaming),1.22,1.42,238.0,240.0,10.0,12.0,8.0,8.0,1.0,2.0,92.0,77.0,155.0,151.0,36.0,17.0,0.0,2.0,0.0,1.0
598941,245262,whzy,4885,BLG,Guangzhou Huadu Bilibili Gaming (Bilibili Gaming),1.47,0.98,317.0,189.0,14.0,8.0,10.0,9.0,1.0,2.0,77.0,69.0,179.0,123.0,36.0,19.0,5.0,3.0,2.0,2.0
598941,245262,rushia,48878,BLG,Guangzhou Huadu Bilibili Gaming (Bilibili Gaming),1.12,1.1,255.0,173.0,11.0,7.0,9.0,6.0,4.0,3.0,77.0,77.0,153.0,123.0,29.0,35.0,3.0,1.0,1.0,1.0
598941,245262,nephh,10698,BLG,Guangzhou Huadu Bilibili Gaming (Bilibili Gaming),0.96,1.1,94.0,244.0,5.0,10.0,6.0,9.0,3.0,4.0,85.0,85.0,62.0,156.0,35.0,23.0,0.0,1.0,0.0,0.0
598941,245262,bud,56260,BLG,Guangzhou Huadu Bilibili Gaming (Bilibili Gaming),0.63,1.05,116.0,152.0,6.0,8.0,10.0,8.0,2.0,2.0,62.0,77.0,91.0,127.0,28.0,47.0,0.0,1.0,2.0,1.0
598941,245263,happywei,37927,XLG,Xi Lai Gaming,1.08,1.56,205.0,279.0,8.0,11.0,9.0,7.0,7.0,9.0,83.0,83.0,143.0,191.0,40.0,22.0,2.0,1.0,1.0,0.0
598941,245263,NoMan,11527,XLG,Xi Lai Gaming,1.2,0.89,257.0,181.0,10.0,7.0,9.0,8.0,4.0,6.0,75.0,67.0,166.0,106.0,42.0,23.0,2.0,2.0,2.0,0.0
598941,245263,Lysoar,37489,XLG,Xi Lai Gaming,0.74,1.32,120.0,282.0,5.0,13.0,8.0,8.0,0.0,2.0,58.0,83.0,105.0,183.0,21.0,22.0,0.0,0.0,1.0,2.0
598941,245263,Rarga,22047,XLG,Xi Lai Gaming,0.79,1.08,216.0,210.0,9.0,11.0,12.0,8.0,1.0,1.0,75.0,75.0,151.0,145.0,50.0,25.0,1.0,3.0,3.0,1.0
598941,245263,WsLeo,24308,XLG,Xi Lai Gaming,0.61,1.09,91.0,221.0,3.0,10.0,7.0,8.0,3.0,3.0,50.0,83.0,71.0,137.0,16.0,52.0,0.0,2.0,0.0,1.0
598941,245263,nephh,10698,BLG,Guangzhou Huadu Bilibili Gaming (Bilibili Gaming),0.9,1.41,171.0,227.0,7.0,10.0,10.0,7.0,1.0,5.0,67.0,92.0,117.0,179.0,26.0,21.0,1.0,2.0,1.0,1.0
598941,245263,Biank,3021,BLG,Guangzhou Huadu Bilibili Gaming (Bilibili Gaming),0.84,1.41,219.0,229.0,8.0,12.0,11.0,7.0,2.0,2.0,67.0,83.0,153.0,157.0,23.0,43.0,2.0,2.0,1.0,0.0
598941,245263,whzy,4885,BLG,Guangzhou Huadu Bilibili Gaming (Bilibili Gaming),1.09,0.98,217.0,213.0,9.0,9.0,9.0,9.0,3.0,7.0,58.0,92.0,142.0,136.0,17.0,4.0,1.0,0.0,2.0,1.0
598941,245263,rushia,48878,BLG,Guangzhou Huadu Bilibili Gaming (Bilibili Gaming),0.89,0.97,220.0,166.0,10.0,7.0,11.0,6.0,4.0,4.0,58.0,83.0,162.0,98.0,36.0,9.0,0.0,3.0,3.0,3.0
598941,245263,bud,56260,BLG,Guangzhou Huadu Bilibili Gaming (Bilibili Gaming),0.43,1.05,134.0,184.0,5.0,7.0,11.0,6.0,1.0,2.0,33.0,83.0,90.0,136.0,29.0,12.0,0.0,0.0,1.0,0.0
598941,245264,NoMan,11527,XLG,Xi Lai Gaming,2.13,1.5,433.0,300.0,9.0,13.0,2.0,5.0,0.0,2.0,80.0,100.0,243.0,184.0,50.0,29.0,0.0,2.0,1.0,0.0
598941,245264,Rarga,22047,XLG,Xi Lai Gaming,0.93,1.83,111.0,302.0,2.0,14.0,2.0,4.0,2.0,2.0,80.0,100.0,59.0,196.0,14.0,24.0,0.0,2.0,1.0,1.0
598941,245264,WsLeo,24308,XLG,Xi Lai Gaming,1.04,0.96,169.0,190.0,2.0,9.0,3.0,7.0,6.0,3.0,80.0,67.0,161.0,126.0,14.0,75.0,0.0,2.0,1.0,0.0
598941,245264,happywei,37927,XLG,Xi Lai Gaming,1.54,0.71,402.0,209.0,8.0,8.0,3.0,9.0,0.0,4.0,100.0,58.0,223.0,130.0,38.0,42.0,2.0,2.0,0.0,3.0
598941,245264,Lysoar,37489,XLG,Xi Lai Gaming,1.29,0.8,93.0,174.0,2.0,8.0,1.0,7.0,4.0,3.0,100.0,83.0,38.0,102.0,17.0,15.0,0.0,0.0,0.0,0.0
598941,245264,bud,56260,BLG,Guangzhou Huadu Bilibili Gaming (Bilibili Gaming),1.38,0.65,240.0,165.0,11.0,1.0,10.0,5.0,1.0,2.0,67.0,60.0,147.0,140.0,35.0,19.0,1.0,0.0,0.0,0.0
598941,245264,Biank,3021,BLG,Guangzhou Huadu Bilibili Gaming (Bilibili Gaming),0.7,0.88,106.0,191.0,4.0,3.0,9.0,4.0,3.0,1.0,67.0,80.0,61.0,105.0,12.0,15.0,1.0,2.0,0.0,0.0
598941,245264,whzy,4885,BLG,Guangzhou Huadu Bilibili Gaming (Bilibili Gaming),0.66,0.83,173.0,227.0,6.0,3.0,12.0,5.0,4.0,4.0,67.0,80.0,119.0,133.0,26.0,10.0,1.0,1.0,5.0,1.0
598941,245264,nephh,10698,BLG,Guangzhou Huadu Bilibili Gaming (Bilibili Gaming),0.88,0.28,160.0,95.0,7.0,1.0,9.0,5.0,3.0,1.0,83.0,20.0,90.0,87.0,24.0,14.0,0.0,0.0,1.0,0.0
598941,245264,rushia,48878,BLG,Guangzhou Huadu Bilibili Gaming (Bilibili Gaming),0.26,0.73,86.0,130.0,4.0,3.0,12.0,4.0,0.0,0.0,42.0,40.0,63.0,63.0,29.0,14.0,1.0,0.0,2.0,1.0
598942,245265,GREEN,34181,NOVA,Nova Esports,2.08,0.99,487.0,180.0,11.0,8.0,5.0,7.0,0.0,1.0,100.0,75.0,283.0,136.0,32.0,40.0,1.0,3.0,0.0,0.0
598942,245265,heybay,4712,NOVA,Nova Esports,1.57,1.16,212.0,158.0,4.0,7.0,2.0,7.0,6.0,5.0,100.0,67.0,142.0,111.0,20.0,26.0,0.0,1.0,0.0,1.0
598942,245265,GuanG,41054,NOVA,Nova Esports,0.48,1.38,193.0,219.0,4.0,10.0,5.0,6.0,2.0,1.0,83.0,67.0,115.0,130.0,25.0,44.0,2.0,0.0,3.0,1.0
598942,245265,OBONE,36670,NOVA,Nova Esports,1.35,0.92,134.0,181.0,4.0,7.0,2.0,8.0,4.0,2.0,83.0,50.0,55.0,112.0,33.0,64.0,0.0,1.0,0.0,1.0
598942,245265,Ezeir,46460,NOVA,Nova Esports,0.86,1.05,190.0,210.0,5.0,9.0,5.0,9.0,1.0,3.0,83.0,58.0,136.0,148.0,42.0,38.0,0.0,3.0,0.0,1.0
598942,245265,SiuFatBB,7849,WOL,Wolves Esports,0.91,0.99,119.0,191.0,5.0,4.0,7.0,5.0,2.0,1.0,67.0,83.0,88.0,127.0,45.0,25.0,0.0,0.0,0.0,0.0
598942,245265,jowa,19292,WOL,Wolves Esports,1.19,0.19,258.0,57.0,10.0,1.0,9.0,6.0,7.0,2.0,67.0,67.0,158.0,26.0,41.0,50.0,1.0,1.0,0.0,1.0
598942,245265,yosemite,6022,WOL,Wolves Esports,1.08,0.39,261.0,180.0,10.0,4.0,9.0,6.0,1.0,0.0,67.0,83.0,160.0,112.0,27.0,80.0,2.0,2.0,1.0,1.0
598942,245265,qiutiaN,43007,WOL,Wolves Esports,0.48,1.41,111.0,345.0,4.0,7.0,8.0,5.0,3.0,1.0,58.0,100.0,71.0,203.0,17.0,35.0,1.0,0.0,4.0,0.0
598942,245265,Spring,14125,WOL,Wolves Esports,0.77,0.67,127.0,172.0,5.0,3.0,8.0,6.0,6.0,3.0,50.0,50.0,64.0,124.0,57.0,46.0,0.0,0.0,3.0,1.0
598942,245266,Ezeir,46460,NOVA,Nova Esports,1.13,0.87,228.0,268.0,8.0,3.0,9.0,4.0,5.0,2.0,67.0,75.0,173.0,181.0,35.0,23.0,1.0,0.0,1.0,0.0
598942,245266,OBONE,36670,NOVA,Nova Esports,0.87,0.35,159.0,139.0,6.0,2.0,10.0,4.0,3.0,1.0,58.0,50.0,115.0,75.0,32.0,17.0,0.0,0.0,2.0,0.0
598942,245266,heybay,4712,NOVA,Nova Esports,0.75,0.23,209.0,69.0,7.0,1.0,11.0,4.0,5.0,0.0,75.0,25.0,151.0,63.0,23.0,33.0,0.0,0.0,1.0,1.0
598942,245266,GuanG,41054,NOVA,Nova Esports,0.65,0.11,165.0,89.0,8.0,1.0,11.0,4.0,1.0,0.0,42.0,25.0,119.0,63.0,47.0,33.0,0.0,1.0,3.0,0.0
598942,245266,GREEN,34181,NOVA,Nova Esports,0.33,0.93,126.0,206.0,4.0,3.0,12.0,4.0,5.0,1.0,67.0,75.0,97.0,173.0,9.0,43.0,1.0,1.0,3.0,1.0
598942,245266,Spring,14125,WOL,Wolves Esports,0.96,2.2,182.0,442.0,3.0,20.0,2.0,7.0,1.0,2.0,75.0,83.0,134.0,297.0,29.0,19.0,0.0,3.0,1.0,1.0
598942,245266,jowa,19292,WOL,Wolves Esports,2.38,0.98,434.0,215.0,7.0,8.0,2.0,9.0,1.0,13.0,100.0,92.0,220.0,152.0,33.0,13.0,1.0,1.0,0.0,0.0
598942,245266,yosemite,6022,WOL,Wolves Esports,1.48,1.27,239.0,248.0,4.0,9.0,2.0,7.0,0.0,6.0,100.0,100.0,136.0,152.0,40.0,25.0,1.0,2.0,0.0,0.0
598942,245266,SiuFatBB,7849,WOL,Wolves Esports,1.79,1.16,234.0,175.0,5.0,8.0,1.0,5.0,0.0,3.0,100.0,75.0,137.0,125.0,27.0,67.0,0.0,1.0,0.0,0.0
598942,245266,qiutiaN,43007,WOL,Wolves Esports,0.5,1.3,94.0,177.0,1.0,8.0,3.0,5.0,2.0,1.0,100.0,75.0,72.0,128.0,29.0,30.0,0.0,3.0,1.0,1.0
598942,245267,OBONE,36670,NOVA,Nova Esports,0.78,1.69,173.0,373.0,7.0,16.0,10.0,7.0,3.0,6.0,67.0,83.0,125.0,229.0,30.0,31.0,0.0,4.0,2.0,0.0
598942,245267,GuanG,41054,NOVA,Nova Esports,0.42,1.6,161.0,251.0,6.0,12.0,12.0,4.0,3.0,1.0,50.0,83.0,113.0,147.0,23.0,29.0,0.0,3.0,5.0,1.0
598942,245267,GREEN,34181,NOVA,Nova Esports,0.69,1.21,127.0,285.0,5.0,12.0,11.0,7.0,2.0,1.0,42.0,67.0,107.0,153.0,38.0,41.0,0.0,1.0,0.0,0.0
598942,245267,Ezeir,46460,NOVA,Nova Esports,0.6,1.19,117.0,181.0,4.0,8.0,10.0,5.0,5.0,3.0,42.0,83.0,79.0,127.0,17.0,39.0,1.0,0.0,2.0,1.0
598942,245267,heybay,4712,NOVA,Nova Esports,0.49,0.54,123.0,63.0,5.0,2.0,11.0,6.0,3.0,4.0,67.0,75.0,81.0,37.0,35.0,0.0,0.0,0.0,2.0,2.0
598942,245267,yosemite,6022,WOL,Wolves Esports,1.01,1.81,188.0,360.0,7.0,17.0,9.0,6.0,5.0,4.0,75.0,100.0,131.0,231.0,28.0,17.0,0.0,2.0,2.0,0.0
598942,245267,qiutiaN,43007,WOL,Wolves Esports,0.86,1.93,176.0,314.0,7.0,12.0,10.0,5.0,4.0,9.0,67.0,100.0,114.0,248.0,29.0,32.0,2.0,4.0,2.0,0.0
598942,245267,SiuFatBB,7849,WOL,Wolves Esports,0.28,1.74,67.0,197.0,4.0,9.0,10.0,3.0,0.0,13.0,42.0,92.0,34.0,140.0,0.0,26.0,0.0,0.0,1.0,0.0
598942,245267,Spring,14125,WOL,Wolves Esports,0.51,1.43,143.0,239.0,6.0,11.0,11.0,5.0,3.0,4.0,50.0,83.0,88.0,140.0,24.0,25.0,1.0,3.0,2.0,1.0
598942,245267,jowa,19292,WOL,Wolves Esports,0.93,0.66,149.0,117.0,5.0,5.0,10.0,8.0,5.0,2.0,75.0,83.0,101.0,95.0,40.0,20.0,1.0,2.0,1.0,0.0
598943,245268,Yuicaw,11218,JDG,JD Mall JDG Esports (JD Gaming),1.01,1.25,204.0,255.0,9.0,5.0,8.0,6.0,0.0,1.0,42.0,67.0,157.0,178.0,24.0,36.0,1.0,1.0,1.0,1.0
598943,245268,stew,16924,JDG,JD Mall JDG Esports (JD Gaming),1.02,0.68,181.0,193.0,8.0,3.0,8.0,6.0,1.0,3.0,58.0,67.0,118.0,142.0,59.0,16.0,1.0,1.0,2.0,0.0
598943,245268,jkuro,3519,JDG,JD Mall JDG Esports (JD Gaming),0.85,0.54,143.0,179.0,6.0,4.0,9.0,6.0,4.0,1.0,58.0,83.0,91.0,112.0,41.0,50.0,0.0,0.0,0.0,0.0
598943,245268,coconut,12365,JDG,JD Mall JDG Esports (JD Gaming),0.56,0.54,137.0,131.0,6.0,3.0,9.0,6.0,1.0,1.0,67.0,50.0,84.0,111.0,21.0,43.0,2.0,0.0,1.0,0.0
598943,245268,zhe,49476,JDG,JD Mall JDG Esports (JD Gaming),0.53,0.02,158.0,38.0,5.0,1.0,10.0,6.0,4.0,0.0,75.0,17.0,115.0,34.0,10.0,33.0,3.0,0.0,1.0,3.0
598943,245268,AAAAY,19530,FPX,FunPlus Phoenix,2.25,1.88,384.0,329.0,9.0,16.0,2.0,5.0,0.0,1.0,83.0,67.0,250.0,211.0,43.0,30.0,0.0,0.0,0.0,3.0
598943,245268,BerLIN,7857,FPX,FunPlus Phoenix,1.39,1.36,296.0,175.0,7.0,7.0,4.0,6.0,3.0,12.0,100.0,92.0,188.0,98.0,41.0,26.0,1.0,1.0,1.0,0.0
598943,245268,sScary,4382,FPX,FunPlus Phoenix,1.59,1.12,216.0,188.0,5.0,8.0,3.0,6.0,5.0,4.0,100.0,83.0,173.0,116.0,33.0,24.0,0.0,3.0,0.0,1.0
598943,245268,Life,3028,FPX,FunPlus Phoenix,1.35,0.84,322.0,210.0,7.0,7.0,4.0,10.0,2.0,5.0,83.0,67.0,209.0,151.0,82.0,27.0,3.0,1.0,1.0,2.0
598943,245268,Setrod,50025,FPX,FunPlus Phoenix,0.65,0.98,74.0,127.0,2.0,6.0,3.0,7.0,1.0,6.0,83.0,75.0,54.0,105.0,40.0,29.0,0.0,0.0,0.0,1.0
598943,245269,Yuicaw,11218,JDG,JD Mall JDG Esports (JD Gaming),1.81,1.74,323.0,350.0,5.0,15.0,1.0,6.0,1.0,6.0,100.0,92.0,188.0,199.0,27.0,36.0,0.0,4.0,0.0,1.0
598943,245269,zhe,49476,JDG,JD Mall JDG Esports (JD Gaming),1.56,1.55,224.0,231.0,3.0,10.0,1.0,3.0,1.0,2.0,75.0,92.0,120.0,137.0,14.0,27.0,1.0,3.0,1.0,0.0
598943,245269,stew,16924,JDG,JD Mall JDG Esports (JD Gaming),1.7,1.05,350.0,233.0,6.0,11.0,2.0,7.0,0.0,2.0,100.0,100.0,245.0,144.0,40.0,25.0,1.0,2.0,0.0,0.0
598943,245269,jkuro,3519,JDG,JD Mall JDG Esports (JD Gaming),0.99,1.12,176.0,205.0,3.0,10.0,2.0,7.0,1.0,8.0,75.0,100.0,90.0,134.0,50.0,33.0,1.0,0.0,0.0,0.0
598943,245269,coconut,12365,JDG,JD Mall JDG Esports (JD Gaming),0.45,1.01,59.0,143.0,1.0,6.0,2.0,5.0,0.0,6.0,50.0,83.0,38.0,97.0,25.0,33.0,0.0,2.0,0.0,0.0
598943,245269,Setrod,50025,FPX,FunPlus Phoenix,0.93,1.81,163.0,319.0,7.0,5.0,9.0,3.0,2.0,0.0,58.0,50.0,111.0,187.0,62.0,25.0,0.0,0.0,3.0,0.0
598943,245269,BerLIN,7857,FPX,FunPlus Phoenix,0.82,0.38,147.0,87.0,7.0,1.0,10.0,3.0,1.0,0.0,75.0,50.0,94.0,50.0,33.0,50.0,0.0,0.0,3.0,2.0
598943,245269,sScary,4382,FPX,FunPlus Phoenix,0.75,0.47,161.0,141.0,5.0,1.0,11.0,4.0,7.0,1.0,75.0,25.0,114.0,110.0,22.0,50.0,1.0,0.0,0.0,0.0
598943,245269,AAAAY,19530,FPX,FunPlus Phoenix,0.9,0.02,153.0,29.0,7.0,0.0,10.0,4.0,0.0,0.0,58.0,,118.0,26.0,35.0,0.0,0.0,0.0,0.0,0.0
598943,245269,Life,3028,FPX,FunPlus Phoenix,0.17,0.33,90.0,82.0,2.0,1.0,12.0,4.0,4.0,0.0,67.0,25.0,65.0,57.0,15.0,50.0,0.0,1.0,5.0,1.0
598943,245270,stew,16924,JDG,JD Mall JDG Esports (JD Gaming),,,202.0,359.0,5.0,16.0,7.0,8.0,2.0,0.0,50.0,75.0,123.0,211.0,11.0,25.0,0.0,5.0,1.0,3.0
598943,245270,jkuro,3519,JDG,JD Mall JDG Esports (JD Gaming),,,308.0,215.0,10.0,9.0,4.0,9.0,3.0,3.0,100.0,67.0,235.0,120.0,24.0,48.0,0.0,1.0,0.0,1.0
598943,245270,zhe,49476,JDG,JD Mall JDG Esports (JD Gaming),,,333.0,173.0,11.0,7.0,6.0,8.0,1.0,2.0,88.0,75.0,179.0,112.0,9.0,5.0,2.0,1.0,1.0,0.0
598943,245270,Yuicaw,11218,JDG,JD Mall JDG Esports (JD Gaming),,,261.0,153.0,7.0,4.0,6.0,7.0,3.0,7.0,88.0,75.0,174.0,107.0,31.0,21.0,2.0,0.0,1.0,1.0
598943,245270,coconut,12365,JDG,JD Mall JDG Esports (JD Gaming),,,123.0,165.0,4.0,7.0,6.0,7.0,1.0,2.0,63.0,75.0,87.0,112.0,27.0,26.0,1.0,0.0,0.0,0.0
598943,245270,Setrod,50025,FPX,FunPlus Phoenix,,,290.0,138.0,13.0,4.0,8.0,7.0,5.0,1.0,83.0,50.0,188.0,91.0,38.0,44.0,0.0,0.0,2.0,0.0
598943,245270,sScary,4382,FPX,FunPlus Phoenix,,,157.0,322.0,7.0,9.0,8.0,8.0,2.0,2.0,58.0,75.0,97.0,170.0,28.0,28.0,3.0,2.0,3.0,0.0
598943,245270,AAAAY,19530,FPX,FunPlus Phoenix,,,153.0,323.0,6.0,10.0,7.0,6.0,0.0,0.0,67.0,63.0,99.0,197.0,35.0,47.0,1.0,0.0,2.0,0.0
598943,245270,Life,3028,FPX,FunPlus Phoenix,,,205.0,168.0,8.0,4.0,11.0,8.0,4.0,1.0,58.0,25.0,144.0,114.0,33.0,29.0,0.0,1.0,0.0,2.0
598943,245270,BerLIN,7857,FPX,FunPlus Phoenix,,,117.0,107.0,5.0,2.0,9.0,8.0,2.0,2.0,58.0,38.0,82.0,77.0,33.0,22.0,1.0,0.0,0.0,3.0
598944,245271,Viva,36415,TE,Trace Esports,0.87,1.46,208.0,256.0,10.0,12.0,9.0,9.0,2.0,4.0,77.0,77.0,121.0,171.0,33.0,35.0,0.0,1.0,0.0,0.0
598944,245271,FengF,4770,TE,Trace Esports,1.15,1.11,249.0,243.0,11.0,10.0,9.0,11.0,6.0,6.0,77.0,92.0,174.0,176.0,32.0,43.0,1.0,1.0,2.0,0.0
598944,245271,Kai,37494,TE,Trace Esports,0.93,0.89,249.0,207.0,11.0,11.0,11.0,11.0,1.0,1.0,77.0,54.0,156.0,128.0,34.0,35.0,2.0,0.0,1.0,2.0
598944,245271,LuoK1ng,3045,TE,Trace Esports,0.95,0.76,204.0,144.0,10.0,7.0,9.0,10.0,7.0,7.0,77.0,85.0,159.0,85.0,37.0,19.0,2.0,0.0,0.0,3.0
598944,245271,deLb,10821,TE,Trace Esports,0.9,0.63,187.0,145.0,10.0,6.0,9.0,12.0,3.0,5.0,54.0,62.0,119.0,97.0,58.0,25.0,2.0,3.0,3.0,3.0
598944,245271,SiuFatBB,7849,WOL,Wolves Esports,1.39,1.73,237.0,273.0,10.0,11.0,7.0,8.0,4.0,8.0,85.0,69.0,168.0,212.0,29.0,41.0,1.0,1.0,1.0,0.0
598944,245271,yosemite,6022,WOL,Wolves Esports,1.42,1.36,317.0,289.0,17.0,13.0,10.0,11.0,1.0,3.0,77.0,85.0,195.0,189.0,33.0,29.0,1.0,1.0,1.0,0.0
598944,245271,jowa,19292,WOL,Wolves Esports,0.79,1.51,177.0,327.0,9.0,15.0,10.0,10.0,6.0,3.0,92.0,77.0,95.0,195.0,26.0,38.0,2.0,3.0,1.0,0.0
598944,245271,qiutiaN,43007,WOL,Wolves Esports,1.02,0.53,220.0,92.0,8.0,4.0,10.0,10.0,11.0,4.0,92.0,62.0,140.0,68.0,29.0,29.0,1.0,1.0,0.0,4.0
598944,245271,Spring,14125,WOL,Wolves Esports,0.81,0.38,200.0,98.0,9.0,4.0,9.0,13.0,5.0,6.0,85.0,62.0,117.0,57.0,13.0,18.0,3.0,0.0,2.0,3.0
598944,245272,Viva,36415,TE,Trace Esports,1.86,0.99,216.0,167.0,8.0,7.0,2.0,8.0,3.0,3.0,89.0,100.0,146.0,104.0,22.0,28.0,0.0,2.0,0.0,0.0
598944,245272,FengF,4770,TE,Trace Esports,1.34,1.29,239.0,311.0,8.0,13.0,5.0,9.0,0.0,2.0,78.0,75.0,158.0,184.0,37.0,33.0,2.0,3.0,3.0,0.0
598944,245272,Kai,37494,TE,Trace Esports,1.96,0.65,385.0,191.0,11.0,7.0,4.0,11.0,3.0,4.0,89.0,83.0,244.0,136.0,34.0,29.0,2.0,2.0,0.0,2.0
598944,245272,LuoK1ng,3045,TE,Trace Esports,1.1,1.26,167.0,200.0,5.0,9.0,5.0,7.0,6.0,5.0,89.0,75.0,126.0,130.0,25.0,40.0,0.0,1.0,0.0,0.0
598944,245272,deLb,10821,TE,Trace Esports,0.57,1.13,112.0,231.0,4.0,9.0,6.0,8.0,1.0,4.0,67.0,83.0,100.0,144.0,33.0,45.0,0.0,1.0,2.0,1.0
598944,245272,jowa,19292,WOL,Wolves Esports,1.18,1.36,225.0,274.0,10.0,8.0,8.0,6.0,5.0,2.0,92.0,56.0,152.0,185.0,23.0,30.0,1.0,0.0,1.0,1.0
598944,245272,yosemite,6022,WOL,Wolves Esports,1.26,0.54,260.0,183.0,10.0,5.0,8.0,8.0,1.0,2.0,58.0,67.0,177.0,114.0,26.0,13.0,0.0,2.0,1.0,2.0
598944,245272,qiutiaN,43007,WOL,Wolves Esports,0.9,0.92,270.0,207.0,11.0,6.0,11.0,7.0,2.0,0.0,75.0,56.0,166.0,136.0,27.0,25.0,2.0,2.0,3.0,1.0
598944,245272,SiuFatBB,7849,WOL,Wolves Esports,0.99,0.28,146.0,92.0,7.0,2.0,8.0,8.0,10.0,4.0,92.0,56.0,75.0,59.0,21.0,18.0,0.0,0.0,1.0,0.0
598944,245272,Spring,14125,WOL,Wolves Esports,0.47,0.26,115.0,68.0,5.0,1.0,10.0,7.0,2.0,2.0,58.0,44.0,64.0,52.0,3.0,38.0,0.0,1.0,3.0,0.0
598944,245273,Kai,37494,TE,Trace Esports,1.9,1.19,395.0,189.0,18.0,5.0,6.0,3.0,2.0,0.0,92.0,57.0,217.0,114.0,26.0,13.0,8.0,0.0,1.0,2.0
598944,245273,deLb,10821,TE,Trace Esports,1.38,1.9,189.0,395.0,9.0,10.0,4.0,4.0,2.0,0.0,75.0,86.0,130.0,228.0,50.0,45.0,0.0,1.0,0.0,1.0
598944,245273,Viva,36415,TE,Trace Esports,1.29,1.17,165.0,168.0,6.0,4.0,5.0,4.0,8.0,2.0,83.0,86.0,123.0,131.0,39.0,60.0,0.0,1.0,0.0,0.0
598944,245273,LuoK1ng,3045,TE,Trace Esports,1.25,0.38,189.0,102.0,10.0,2.0,4.0,7.0,4.0,4.0,75.0,57.0,116.0,51.0,24.0,11.0,1.0,0.0,0.0,0.0
598944,245273,FengF,4770,TE,Trace Esports,0.87,0.82,202.0,161.0,8.0,4.0,9.0,5.0,4.0,0.0,67.0,43.0,131.0,109.0,25.0,18.0,1.0,1.0,1.0,1.0
598944,245273,SiuFatBB,7849,WOL,Wolves Esports,0.64,1.02,93.0,201.0,2.0,8.0,4.0,9.0,2.0,4.0,86.0,75.0,79.0,122.0,6.0,26.0,0.0,0.0,0.0,1.0
598944,245273,qiutiaN,43007,WOL,Wolves Esports,1.04,0.67,252.0,143.0,7.0,5.0,6.0,9.0,0.0,1.0,57.0,50.0,161.0,98.0,31.0,15.0,1.0,0.0,0.0,1.0
598944,245273,Spring,14125,WOL,Wolves Esports,1.19,0.53,264.0,153.0,6.0,6.0,4.0,12.0,2.0,2.0,71.0,58.0,163.0,114.0,31.0,19.0,1.0,1.0,1.0,3.0
598944,245273,yosemite,6022,WOL,Wolves Esports,0.41,0.81,94.0,178.0,2.0,7.0,5.0,10.0,1.0,1.0,57.0,42.0,63.0,115.0,43.0,19.0,1.0,1.0,1.0,2.0
598944,245273,jowa,19292,WOL,Wolves Esports,1.03,0.21,234.0,84.0,6.0,2.0,6.0,11.0,5.0,2.0,71.0,25.0,113.0,66.0,31.0,31.0,1.0,0.0,1.0,3.0
598945,245274,Abo,5011,TEC,Wuxi Titan Esports Club (Titan Esports Club),2.04,1.47,369.0,255.0,17.0,6.0,3.0,4.0,0.0,1.0,100.0,83.0,216.0,162.0,22.0,21.0,7.0,2.0,0.0,0.0
598945,245274,Coco,47629,TEC,Wuxi Titan Esports Club (Titan Esports Club),1.36,1.23,240.0,198.0,11.0,3.0,4.0,3.0,0.0,5.0,83.0,67.0,150.0,153.0,50.0,56.0,1.0,0.0,0.0,1.0
598945,245274,Haodong,4720,TEC,Wuxi Titan Esports Club (Titan Esports Club),1.13,1.61,189.0,267.0,8.0,6.0,3.0,3.0,3.0,2.0,92.0,100.0,135.0,171.0,32.0,60.0,1.0,0.0,0.0,0.0
598945,245274,lucas,19677,TEC,Wuxi Titan Esports Club (Titan Esports Club),0.98,0.98,144.0,180.0,7.0,5.0,4.0,4.0,1.0,0.0,100.0,83.0,90.0,96.0,19.0,67.0,2.0,2.0,0.0,1.0
598945,245274,Dynamite,42235,TEC,Wuxi Titan Esports Club (Titan Esports Club),1.04,0.44,164.0,119.0,7.0,2.0,4.0,5.0,0.0,1.0,92.0,50.0,113.0,77.0,32.0,10.0,1.0,0.0,0.0,0.0
598945,245274,jkuro,3519,JDG,JD Mall JDG Esports (JD Gaming),1.58,0.59,237.0,120.0,5.0,4.0,3.0,11.0,5.0,2.0,83.0,42.0,156.0,93.0,50.0,38.0,0.0,0.0,0.0,2.0
598945,245274,coconut,12365,JDG,JD Mall JDG Esports (JD Gaming),1.44,0.63,262.0,100.0,5.0,3.0,4.0,12.0,2.0,5.0,83.0,42.0,156.0,69.0,33.0,33.0,0.0,0.0,0.0,1.0
598945,245274,Yuicaw,11218,JDG,JD Mall JDG Esports (JD Gaming),0.48,0.97,163.0,175.0,3.0,7.0,5.0,9.0,2.0,1.0,83.0,50.0,113.0,130.0,25.0,42.0,1.0,0.0,0.0,0.0
598945,245274,stew,16924,JDG,JD Mall JDG Esports (JD Gaming),0.76,0.73,204.0,84.0,5.0,3.0,5.0,8.0,0.0,0.0,83.0,33.0,123.0,62.0,14.0,36.0,1.0,0.0,2.0,0.0
598945,245274,zhe,49476,JDG,JD Mall JDG Esports (JD Gaming),0.07,0.04,50.0,28.0,1.0,1.0,5.0,10.0,1.0,0.0,33.0,25.0,40.0,15.0,25.0,0.0,0.0,0.0,2.0,9.0
598945,245275,lucas,19677,TEC,Wuxi Titan Esports Club (Titan Esports Club),0.98,1.33,241.0,312.0,10.0,13.0,11.0,8.0,1.0,2.0,75.0,91.0,148.0,181.0,28.0,33.0,1.0,4.0,2.0,0.0
598945,245275,Abo,5011,TEC,Wuxi Titan Esports Club (Titan Esports Club),0.72,1.25,148.0,177.0,6.0,6.0,8.0,7.0,0.0,5.0,50.0,64.0,28.0,199.0,28.0,22.0,1.0,1.0,0.0,0.0
598945,245275,Coco,47629,TEC,Wuxi Titan Esports Club (Titan Esports Club),1.41,0.44,222.0,117.0,10.0,5.0,7.0,8.0,2.0,4.0,83.0,55.0,178.0,88.0,48.0,30.0,1.0,0.0,1.0,2.0
598945,245275,Dynamite,42235,TEC,Wuxi Titan Esports Club (Titan Esports Club),0.37,1.31,115.0,217.0,6.0,9.0,11.0,7.0,3.0,2.0,67.0,82.0,56.0,161.0,4.0,29.0,0.0,2.0,5.0,0.0
598945,245275,Haodong,4720,TEC,Wuxi Titan Esports Club (Titan Esports Club),0.78,0.59,143.0,89.0,5.0,3.0,10.0,7.0,9.0,4.0,75.0,73.0,96.0,58.0,24.0,19.0,0.0,1.0,1.0,1.0
598945,245275,zhe,49476,JDG,JD Mall JDG Esports (JD Gaming),1.69,0.98,254.0,160.0,11.0,8.0,6.0,6.0,4.0,2.0,82.0,83.0,180.0,119.0,54.0,50.0,0.0,2.0,0.0,2.0
598945,245275,Yuicaw,11218,JDG,JD Mall JDG Esports (JD Gaming),1.42,1.17,239.0,251.0,9.0,10.0,6.0,8.0,2.0,4.0,73.0,100.0,159.0,174.0,50.0,21.0,1.0,3.0,0.0,0.0
598945,245275,stew,16924,JDG,JD Mall JDG Esports (JD Gaming),1.28,1.28,305.0,255.0,12.0,13.0,8.0,7.0,2.0,2.0,73.0,92.0,184.0,140.0,37.0,34.0,1.0,1.0,2.0,1.0
598945,245275,jkuro,3519,JDG,JD Mall JDG Esports (JD Gaming),0.71,1.57,123.0,263.0,4.0,11.0,8.0,7.0,7.0,9.0,82.0,92.0,73.0,163.0,11.0,24.0,1.0,1.0,2.0,0.0
598945,245275,coconut,12365,JDG,JD Mall JDG Esports (JD Gaming),0.28,0.7,46.0,142.0,1.0,5.0,8.0,9.0,3.0,6.0,55.0,75.0,37.0,112.0,17.0,25.0,0.0,2.0,4.0,0.0
598945,245276,Dynamite,42235,TEC,Wuxi Titan Esports Club (Titan Esports Club),1.09,2.3,224.0,427.0,9.0,16.0,9.0,3.0,2.0,1.0,58.0,89.0,134.0,239.0,39.0,26.0,0.0,3.0,3.0,0.0
598945,245276,Haodong,4720,TEC,Wuxi Titan Esports Club (Titan Esports Club),0.91,1.16,155.0,195.0,7.0,6.0,10.0,4.0,0.0,6.0,58.0,78.0,87.0,110.0,14.0,22.0,0.0,1.0,0.0,1.0
598945,245276,lucas,19677,TEC,Wuxi Titan Esports Club (Titan Esports Club),0.88,0.63,124.0,140.0,5.0,4.0,9.0,6.0,5.0,1.0,58.0,78.0,86.0,91.0,21.0,23.0,0.0,1.0,1.0,0.0
598945,245276,Abo,5011,TEC,Wuxi Titan Esports Club (Titan Esports Club),0.41,1.07,100.0,242.0,4.0,8.0,10.0,7.0,0.0,3.0,42.0,78.0,56.0,159.0,80.0,22.0,0.0,2.0,2.0,1.0
598945,245276,Coco,47629,TEC,Wuxi Titan Esports Club (Titan Esports Club),0.4,0.53,169.0,104.0,5.0,3.0,11.0,5.0,3.0,2.0,42.0,89.0,110.0,61.0,27.0,57.0,1.0,0.0,5.0,0.0
598945,245276,Yuicaw,11218,JDG,JD Mall JDG Esports (JD Gaming),1.28,1.4,243.0,217.0,8.0,11.0,7.0,5.0,2.0,5.0,67.0,92.0,144.0,120.0,54.0,19.0,0.0,1.0,0.0,0.0
598945,245276,zhe,49476,JDG,JD Mall JDG Esports (JD Gaming),0.68,1.5,166.0,271.0,4.0,11.0,8.0,5.0,3.0,6.0,56.0,83.0,107.0,151.0,19.0,22.0,1.0,6.0,2.0,1.0
598945,245276,coconut,12365,JDG,JD Mall JDG Esports (JD Gaming),0.76,1.4,152.0,261.0,6.0,12.0,7.0,6.0,1.0,3.0,56.0,75.0,107.0,179.0,60.0,46.0,0.0,0.0,2.0,0.0
598945,245276,stew,16924,JDG,JD Mall JDG Esports (JD Gaming),0.97,0.96,156.0,231.0,4.0,9.0,7.0,8.0,2.0,1.0,44.0,75.0,142.0,151.0,29.0,14.0,1.0,3.0,3.0,0.0
598945,245276,jkuro,3519,JDG,JD Mall JDG Esports (JD Gaming),0.6,0.83,122.0,136.0,3.0,6.0,8.0,6.0,5.0,5.0,67.0,75.0,79.0,86.0,45.0,31.0,0.0,1.0,0.0,0.0
598946,245277,Scales,39485,TYL,TYLOO,1.66,1.29,267.0,250.0,12.0,8.0,7.0,5.0,5.0,0.0,92.0,88.0,192.0,142.0,30.0,50.0,2.0,1.0,0.0,0.0
598946,245277,sword9,3049,TYL,TYLOO,1.75,0.91,289.0,104.0,14.0,4.0,6.0,4.0,4.0,2.0,75.0,63.0,186.0,69.0,37.0,50.0,2.0,1.0,1.0,1.0
598946,245277,splash,36685,TYL,TYLOO,0.81,1.14,260.0,225.0,12.0,5.0,11.0,6.0,0.0,5.0,67.0,50.0,174.0,199.0,42.0,26.0,1.0,1.0,2.0,2.0
598946,245277,slowly,41739,TYL,TYLOO,0.6,1.1,143.0,141.0,5.0,5.0,9.0,3.0,3.0,1.0,67.0,88.0,123.0,106.0,25.0,20.0,0.0,0.0,2.0,1.0
598946,245277,Erv,55085,TYL,TYLOO,0.76,0.75,150.0,55.0,7.0,1.0,8.0,3.0,2.0,5.0,75.0,75.0,87.0,30.0,43.0,0.0,1.0,1.0,1.0,0.0
598946,245277,Kai,37494,TE,Trace Esports,0.87,1.56,168.0,308.0,4.0,14.0,5.0,8.0,3.0,2.0,75.0,83.0,103.0,200.0,36.0,27.0,2.0,2.0,3.0,2.0
598946,245277,deLb,10821,TE,Trace Esports,1.62,0.99,320.0,218.0,9.0,9.0,4.0,10.0,1.0,2.0,63.0,75.0,185.0,138.0,50.0,22.0,2.0,1.0,0.0,1.0
598946,245277,FengF,4770,TE,Trace Esports,0.64,0.82,68.0,191.0,2.0,7.0,4.0,11.0,0.0,1.0,88.0,67.0,46.0,146.0,40.0,21.0,0.0,1.0,0.0,1.0
598946,245277,Viva,36415,TE,Trace Esports,0.76,0.69,101.0,169.0,2.0,6.0,4.0,10.0,3.0,4.0,75.0,67.0,69.0,137.0,50.0,21.0,0.0,1.0,1.0,1.0
598946,245277,LuoK1ng,3045,TE,Trace Esports,0.89,0.46,139.0,142.0,4.0,5.0,6.0,11.0,4.0,3.0,75.0,67.0,88.0,103.0,57.0,25.0,0.0,1.0,0.0,1.0
598946,245278,splash,36685,TYL,TYLOO,1.87,0.92,404.0,210.0,18.0,9.0,9.0,10.0,3.0,4.0,85.0,75.0,230.0,159.0,36.0,38.0,4.0,2.0,1.0,1.0
598946,245278,Erv,55085,TYL,TYLOO,1.47,1.21,242.0,182.0,12.0,9.0,7.0,8.0,3.0,4.0,77.0,67.0,169.0,127.0,20.0,35.0,0.0,0.0,1.0,2.0
598946,245278,sword9,3049,TYL,TYLOO,1.34,0.79,204.0,183.0,11.0,8.0,8.0,10.0,3.0,2.0,85.0,67.0,123.0,115.0,16.0,30.0,0.0,0.0,1.0,3.0
598946,245278,Scales,39485,TYL,TYLOO,0.3,1.41,103.0,232.0,4.0,11.0,11.0,8.0,2.0,1.0,69.0,58.0,74.0,166.0,24.0,26.0,0.0,1.0,3.0,0.0
598946,245278,slowly,41739,TYL,TYLOO,0.4,1.3,89.0,314.0,3.0,13.0,10.0,10.0,4.0,3.0,54.0,83.0,69.0,196.0,11.0,47.0,0.0,3.0,3.0,1.0
598946,245278,Viva,36415,TE,Trace Esports,0.87,1.38,198.0,252.0,9.0,12.0,9.0,9.0,2.0,3.0,67.0,62.0,152.0,162.0,53.0,33.0,1.0,2.0,0.0,1.0
598946,245278,LuoK1ng,3045,TE,Trace Esports,1.21,0.94,182.0,207.0,9.0,10.0,6.0,11.0,3.0,2.0,75.0,77.0,118.0,137.0,29.0,42.0,1.0,3.0,0.0,1.0
598946,245278,deLb,10821,TE,Trace Esports,0.66,1.1,198.0,267.0,9.0,12.0,10.0,12.0,0.0,2.0,67.0,46.0,152.0,165.0,39.0,48.0,3.0,3.0,2.0,0.0
598946,245278,FengF,4770,TE,Trace Esports,0.72,0.72,216.0,151.0,9.0,6.0,10.0,12.0,5.0,6.0,75.0,77.0,155.0,124.0,39.0,47.0,0.0,0.0,1.0,1.0
598946,245278,Kai,37494,TE,Trace Esports,0.88,0.44,200.0,112.0,10.0,5.0,10.0,12.0,2.0,2.0,92.0,54.0,140.0,86.0,41.0,24.0,2.0,1.0,3.0,1.0
598947,245280,cb,39697,EDG,EDward Gaming,,,,,,,,,,,,,,,,,,,,
598947,245280,ZmjjKK,3520,EDG,EDward Gaming,,,,,,,,,,,,,,,,,,,,
598947,245280,CHICHOO,15559,EDG,EDward Gaming,,,,,,,,,,,,,,,,,,,,
598947,245280,Smoggy,4742,EDG,EDward Gaming,,,,,,,,,,,,,,,,,,,,
598947,245280,nobody,3017,EDG,EDward Gaming,,,,,,,,,,,,,,,,,,,,
598947,245280,zhe,49476,JDG,JD Mall JDG Esports (JD Gaming),,,,,,,,,,,,,,,,,,,,
598947,245280,jkuro,3519,JDG,JD Mall JDG Esports (JD Gaming),,,,,,,,,,,,,,,,,,,,
598947,245280,coconut,12365,JDG,JD Mall JDG Esports (JD Gaming),,,,,,,,,,,,,,,,,,,,
598947,245280,stew,16924,JDG,JD Mall JDG Esports (JD Gaming),,,,,,,,,,,,,,,,,,,,
598947,245280,Yuicaw,11218,JDG,JD Mall JDG Esports (JD Gaming),,,,,,,,,,,,,,,,,,,,
598947,245281,nobody,3017,EDG,EDward Gaming,,,,,,,,,,,,,,,,,,,,
598947,245281,ZmjjKK,3520,EDG,EDward Gaming,,,,,,,,,,,,,,,,,,,,
598947,245281,CHICHOO,15559,EDG,EDward Gaming,,,,,,,,,,,,,,,,,,,,
598947,245281,Smoggy,4742,EDG,EDward Gaming,,,,,,,,,,,,,,,,,,,,
598947,245281,cb,39697,EDG,EDward Gaming,,,,,,,,,,,,,,,,,,,,
598947,245281,zhe,49476,JDG,JD Mall JDG Esports (JD Gaming),,,,,,,,,,,,,,,,,,,,
598947,245281,jkuro,3519,JDG,JD Mall JDG Esports (JD Gaming),,,,,,,,,,,,,,,,,,,,
598947,245281,stew,16924,JDG,JD Mall JDG Esports (JD Gaming),,,,,,,,,,,,,,,,,,,,
598947,245281,Yuicaw,11218,JDG,JD Mall JDG Esports (JD Gaming),,,,,,,,,,,,,,,,,,,,
598947,245281,coconut,12365,JDG,JD Mall JDG Esports (JD Gaming),,,,,,,,,,,,,,,,,,,,
598947,245282,Smoggy,4742,EDG,EDward Gaming,,,,,,,,,,,,,,,,,,,,
598947,245282,nobody,3017,EDG,EDward Gaming,,,,,,,,,,,,,,,,,,,,
598947,245282,ZmjjKK,3520,EDG,EDward Gaming,,,,,,,,,,,,,,,,,,,,
598947,245282,CHICHOO,15559,EDG,EDward Gaming,,,,,,,,,,,,,,,,,,,,
598947,245282,cb,39697,EDG,EDward Gaming,,,,,,,,,,,,,,,,,,,,
598947,245282,coconut,12365,JDG,JD Mall JDG Esports (JD Gaming),,,,,,,,,,,,,,,,,,,,
598947,245282,jkuro,3519,JDG,JD Mall JDG Esports (JD Gaming),,,,,,,,,,,,,,,,,,,,
598947,245282,stew,16924,JDG,JD Mall JDG Esports (JD Gaming),,,,,,,,,,,,,,,,,,,,
598947,245282,zhe,49476,JDG,JD Mall JDG Esports (JD Gaming),,,,,,,,,,,,,,,,,,,,
598947,245282,Yuicaw,11218,JDG,JD Mall JDG Esports (JD Gaming),,,,,,,,,,,,,,,,,,,,
598948,245283,sword9,3049,TYL,TYLOO,2.17,1.8,267.0,367.0,4.0,16.0,0.0,6.0,2.0,4.0,100.0,100.0,153.0,257.0,40.0,45.0,0.0,3.0,0.0,0.0
598948,245283,Scales,39485,TYL,TYLOO,1.83,1.5,293.0,290.0,4.0,13.0,1.0,5.0,1.0,3.0,100.0,92.0,181.0,174.0,50.0,29.0,2.0,3.0,0.0,0.0
598948,245283,splash,36685,TYL,TYLOO,1.7,1.2,268.0,204.0,4.0,9.0,1.0,6.0,2.0,3.0,100.0,92.0,166.0,142.0,15.0,16.0,0.0,1.0,0.0,0.0
598948,245283,slowly,41739,TYL,TYLOO,1.41,1.17,274.0,162.0,5.0,7.0,2.0,6.0,0.0,6.0,100.0,75.0,153.0,133.0,50.0,33.0,1.0,2.0,1.0,2.0
598948,245283,Erv,55085,TYL,TYLOO,0.62,0.95,179.0,182.0,3.0,8.0,3.0,8.0,2.0,5.0,75.0,83.0,108.0,108.0,13.0,33.0,0.0,1.0,0.0,0.0
598948,245283,CHICHOO,15559,EDG,EDward Gaming,1.25,0.31,245.0,117.0,10.0,1.0,9.0,4.0,1.0,0.0,83.0,25.0,184.0,88.0,38.0,13.0,0.0,0.0,0.0,1.0
598948,245283,cb,39697,EDG,EDward Gaming,0.67,1.53,162.0,282.0,5.0,4.0,11.0,4.0,5.0,0.0,33.0,50.0,120.0,208.0,33.0,50.0,0.0,0.0,4.0,0.0
598948,245283,Smoggy,4742,EDG,EDward Gaming,1.05,0.34,176.0,100.0,8.0,1.0,9.0,4.0,1.0,1.0,33.0,25.0,124.0,80.0,30.0,50.0,0.0,0.0,0.0,1.0
598948,245283,ZmjjKK,3520,EDG,EDward Gaming,0.5,0.02,147.0,67.0,7.0,1.0,12.0,4.0,0.0,0.0,58.0,25.0,69.0,33.0,14.0,100.0,2.0,1.0,4.0,1.0
598948,245283,nobody,3017,EDG,EDward Gaming,0.02,0.03,36.0,48.0,1.0,0.0,12.0,4.0,1.0,0.0,17.0,25.0,25.0,49.0,0.0,43.0,0.0,0.0,2.0,0.0
598948,245284,Erv,55085,TYL,TYLOO,2.23,0.62,434.0,161.0,19.0,5.0,6.0,9.0,7.0,2.0,75.0,60.0,267.0,98.0,33.0,25.0,2.0,1.0,2.0,2.0
598948,245284,sword9,3049,TYL,TYLOO,0.88,0.84,146.0,179.0,7.0,5.0,7.0,9.0,3.0,2.0,83.0,60.0,92.0,140.0,24.0,28.0,0.0,0.0,1.0,0.0
598948,245284,slowly,41739,TYL,TYLOO,0.92,0.66,221.0,181.0,9.0,6.0,8.0,10.0,1.0,0.0,67.0,30.0,131.0,122.0,36.0,31.0,0.0,1.0,2.0,2.0
598948,245284,Scales,39485,TYL,TYLOO,0.78,0.41,147.0,105.0,6.0,3.0,9.0,9.0,3.0,3.0,83.0,40.0,104.0,73.0,36.0,15.0,2.0,0.0,0.0,1.0
598948,245284,splash,36685,TYL,TYLOO,0.47,0.49,157.0,109.0,6.0,4.0,10.0,10.0,3.0,5.0,58.0,60.0,96.0,72.0,27.0,27.0,2.0,0.0,1.0,3.0
598948,245284,Smoggy,4742,EDG,EDward Gaming,2.06,0.91,316.0,184.0,12.0,7.0,1.0,9.0,2.0,3.0,90.0,67.0,196.0,117.0,45.0,47.0,1.0,1.0,1.0,1.0
598948,245284,ZmjjKK,3520,EDG,EDward Gaming,1.45,0.92,307.0,248.0,12.0,10.0,6.0,10.0,0.0,0.0,90.0,58.0,181.0,143.0,15.0,0.0,5.0,5.0,1.0,3.0
598948,245284,CHICHOO,15559,EDG,EDward Gaming,1.53,0.73,245.0,126.0,10.0,6.0,5.0,8.0,3.0,1.0,90.0,67.0,167.0,74.0,24.0,23.0,0.0,0.0,0.0,0.0
598948,245284,nobody,3017,EDG,EDward Gaming,0.96,1.22,175.0,256.0,5.0,11.0,6.0,10.0,6.0,2.0,100.0,58.0,133.0,166.0,26.0,19.0,1.0,0.0,0.0,1.0
598948,245284,cb,39697,EDG,EDward Gaming,1.01,0.87,187.0,185.0,8.0,6.0,5.0,10.0,3.0,7.0,90.0,67.0,141.0,132.0,31.0,14.0,1.0,0.0,0.0,1.0
598948,245285,slowly,41739,TYL,TYLOO,1.05,1.12,227.0,209.0,7.0,7.0,6.0,9.0,0.0,4.0,75.0,58.0,123.0,145.0,43.0,24.0,1.0,3.0,1.0,1.0
598948,245285,Erv,55085,TYL,TYLOO,0.87,1.13,178.0,266.0,5.0,11.0,6.0,10.0,1.0,5.0,63.0,83.0,114.0,146.0,54.0,26.0,0.0,1.0,0.0,2.0
598948,245285,Scales,39485,TYL,TYLOO,0.91,0.94,193.0,188.0,5.0,8.0,6.0,8.0,0.0,0.0,38.0,58.0,171.0,126.0,31.0,39.0,0.0,1.0,2.0,2.0
598948,245285,sword9,3049,TYL,TYLOO,0.94,0.47,144.0,71.0,4.0,3.0,5.0,8.0,1.0,2.0,50.0,50.0,100.0,52.0,13.0,6.0,0.0,0.0,0.0,1.0
598948,245285,splash,36685,TYL,TYLOO,0.02,1.12,53.0,306.0,1.0,12.0,7.0,11.0,0.0,1.0,38.0,67.0,44.0,191.0,17.0,19.0,0.0,0.0,4.0,1.0
598948,245285,cb,39697,EDG,EDward Gaming,1.52,1.36,262.0,292.0,11.0,8.0,6.0,5.0,6.0,1.0,92.0,88.0,157.0,150.0,13.0,17.0,3.0,4.0,0.0,0.0
598948,245285,CHICHOO,15559,EDG,EDward Gaming,1.35,1.26,199.0,212.0,10.0,6.0,6.0,4.0,4.0,0.0,83.0,63.0,139.0,152.0,22.0,40.0,0.0,1.0,1.0,0.0
598948,245285,Smoggy,4742,EDG,EDward Gaming,1.07,1.25,199.0,164.0,10.0,5.0,8.0,4.0,4.0,3.0,75.0,88.0,113.0,123.0,33.0,17.0,1.0,0.0,0.0,0.0
598948,245285,ZmjjKK,3520,EDG,EDward Gaming,0.96,1.05,255.0,198.0,10.0,6.0,11.0,5.0,5.0,3.0,75.0,63.0,185.0,133.0,32.0,31.0,3.0,2.0,2.0,1.0
598948,245285,nobody,3017,EDG,EDward Gaming,0.39,1.03,137.0,182.0,5.0,5.0,10.0,4.0,3.0,1.0,50.0,75.0,96.0,124.0,33.0,26.0,0.0,0.0,2.0,0.0
598949,245286,vo0kashu,3741,DRG,Dragon Ranger Gaming,1.41,1.43,225.0,211.0,10.0,10.0,6.0,6.0,1.0,3.0,67.0,100.0,162.0,144.0,33.0,41.0,0.0,0.0,0.0,0.0
598949,245286,Flex1n,4705,DRG,Dragon Ranger Gaming,0.54,1.54,158.0,344.0,7.0,15.0,9.0,10.0,1.0,6.0,58.0,83.0,83.0,215.0,46.0,42.0,0.0,2.0,0.0,3.0
598949,245286,Nicc,11524,DRG,Dragon Ranger Gaming,1.01,1.02,155.0,215.0,7.0,9.0,7.0,10.0,3.0,7.0,67.0,75.0,104.0,134.0,29.0,39.0,1.0,0.0,1.0,0.0
598949,245286,SpiritZ1,31753,DRG,Dragon Ranger Gaming,0.96,0.97,244.0,204.0,10.0,9.0,9.0,8.0,2.0,2.0,58.0,67.0,150.0,144.0,26.0,27.0,3.0,2.0,3.0,2.0
598949,245286,Akeman,52904,DRG,Dragon Ranger Gaming,0.77,1.12,191.0,239.0,7.0,9.0,9.0,9.0,3.0,7.0,67.0,83.0,117.0,161.0,26.0,38.0,2.0,2.0,2.0,1.0
598949,245286,cb,39697,EDG,EDward Gaming,0.85,1.38,218.0,204.0,8.0,10.0,10.0,7.0,3.0,1.0,58.0,58.0,145.0,129.0,23.0,21.0,0.0,2.0,3.0,1.0
598949,245286,ZmjjKK,3520,EDG,EDward Gaming,1.2,0.79,269.0,151.0,12.0,6.0,10.0,8.0,4.0,1.0,58.0,67.0,181.0,85.0,18.0,35.0,3.0,1.0,1.0,1.0
598949,245286,Smoggy,4742,EDG,EDward Gaming,0.54,1.38,158.0,306.0,7.0,12.0,11.0,9.0,5.0,3.0,67.0,67.0,104.0,182.0,43.0,40.0,0.0,3.0,0.0,2.0
598949,245286,CHICHOO,15559,EDG,EDward Gaming,1.18,0.49,203.0,127.0,11.0,4.0,9.0,9.0,1.0,2.0,58.0,42.0,142.0,96.0,36.0,36.0,1.0,0.0,1.0,1.0
598949,245286,nobody,3017,EDG,EDward Gaming,0.34,0.91,137.0,163.0,5.0,8.0,12.0,8.0,1.0,2.0,50.0,75.0,78.0,116.0,19.0,37.0,2.0,0.0,1.0,1.0
598949,245287,vo0kashu,3741,DRG,Dragon Ranger Gaming,2.19,1.51,427.0,302.0,6.0,13.0,2.0,11.0,0.0,3.0,67.0,83.0,224.0,194.0,29.0,35.0,1.0,2.0,0.0,1.0
598949,245287,SpiritZ1,31753,DRG,Dragon Ranger Gaming,0.46,0.94,156.0,184.0,1.0,7.0,3.0,11.0,4.0,4.0,67.0,75.0,92.0,116.0,17.0,29.0,0.0,0.0,0.0,3.0
598949,245287,Nicc,11524,DRG,Dragon Ranger Gaming,0.15,0.92,161.0,162.0,2.0,8.0,3.0,11.0,1.0,2.0,67.0,75.0,95.0,114.0,17.0,17.0,0.0,0.0,0.0,0.0
598949,245287,Akeman,52904,DRG,Dragon Ranger Gaming,0.68,0.55,306.0,159.0,3.0,5.0,3.0,12.0,0.0,4.0,33.0,75.0,170.0,118.0,25.0,25.0,0.0,2.0,1.0,3.0
598949,245287,Flex1n,4705,DRG,Dragon Ranger Gaming,0.16,0.6,126.0,152.0,1.0,6.0,3.0,11.0,2.0,4.0,100.0,75.0,63.0,101.0,0.0,29.0,1.0,0.0,0.0,1.0
598949,245287,cb,39697,EDG,EDward Gaming,1.57,0.85,320.0,185.0,15.0,2.0,8.0,3.0,5.0,0.0,83.0,67.0,214.0,89.0,20.0,33.0,1.0,0.0,1.0,1.0
598949,245287,ZmjjKK,3520,EDG,EDward Gaming,1.45,0.73,352.0,222.0,16.0,2.0,8.0,3.0,0.0,2.0,92.0,67.0,201.0,141.0,25.0,14.0,4.0,0.0,0.0,1.0
598949,245287,Smoggy,4742,EDG,EDward Gaming,0.69,3.53,147.0,417.0,7.0,6.0,8.0,1.0,6.0,5.0,92.0,100.0,82.0,222.0,19.0,57.0,1.0,0.0,0.0,0.0
598949,245287,nobody,3017,EDG,EDward Gaming,0.88,1.95,153.0,483.0,8.0,4.0,7.0,3.0,2.0,3.0,75.0,100.0,126.0,296.0,50.0,38.0,0.0,1.0,0.0,0.0
598949,245287,CHICHOO,15559,EDG,EDward Gaming,0.96,0.01,245.0,15.0,10.0,0.0,8.0,3.0,2.0,0.0,83.0,33.0,199.0,19.0,40.0,0.0,2.0,0.0,3.0,0.0
598949,245288,vo0kashu,3741,DRG,Dragon Ranger Gaming,1.13,1.32,260.0,252.0,11.0,6.0,9.0,5.0,0.0,3.0,67.0,71.0,163.0,204.0,35.0,35.0,0.0,0.0,0.0,0.0
598949,245288,Nicc,11524,DRG,Dragon Ranger Gaming,0.83,1.36,150.0,272.0,6.0,7.0,8.0,6.0,2.0,4.0,67.0,86.0,106.0,177.0,35.0,50.0,0.0,0.0,0.0,0.0
598949,245288,Akeman,52904,DRG,Dragon Ranger Gaming,0.95,0.87,176.0,195.0,7.0,5.0,9.0,6.0,2.0,1.0,50.0,86.0,108.0,119.0,19.0,60.0,2.0,2.0,2.0,1.0
598949,245288,Flex1n,4705,DRG,Dragon Ranger Gaming,0.28,1.16,89.0,233.0,3.0,6.0,11.0,5.0,2.0,2.0,42.0,57.0,52.0,144.0,14.0,46.0,0.0,1.0,1.0,1.0
598949,245288,SpiritZ1,31753,DRG,Dragon Ranger Gaming,0.59,0.14,165.0,78.0,6.0,1.0,10.0,7.0,3.0,3.0,42.0,43.0,120.0,63.0,16.0,14.0,2.0,0.0,5.0,2.0
598949,245288,nobody,3017,EDG,EDward Gaming,1.65,1.46,300.0,279.0,8.0,12.0,4.0,7.0,3.0,3.0,71.0,83.0,164.0,180.0,37.0,16.0,1.0,1.0,0.0,0.0
598949,245288,CHICHOO,15559,EDG,EDward Gaming,0.95,1.65,171.0,263.0,4.0,13.0,5.0,5.0,5.0,0.0,100.0,83.0,105.0,160.0,24.0,30.0,1.0,1.0,0.0,1.0
598949,245288,Smoggy,4742,EDG,EDward Gaming,1.1,1.14,188.0,136.0,5.0,6.0,4.0,4.0,4.0,5.0,71.0,83.0,130.0,89.0,23.0,22.0,0.0,1.0,0.0,1.0
598949,245288,cb,39697,EDG,EDward Gaming,1.13,0.96,289.0,189.0,8.0,9.0,6.0,7.0,1.0,2.0,57.0,67.0,182.0,111.0,19.0,17.0,1.0,1.0,3.0,2.0
598949,245288,ZmjjKK,3520,EDG,EDward Gaming,0.6,0.75,171.0,203.0,4.0,7.0,6.0,10.0,1.0,4.0,57.0,75.0,97.0,132.0,20.0,35.0,1.0,4.0,0.0,0.0
598950,245289,nephh,10698,BLG,Guangzhou Huadu Bilibili Gaming (Bilibili Gaming),1.29,1.65,298.0,287.0,12.0,10.0,8.0,5.0,3.0,2.0,83.0,90.0,183.0,209.0,14.0,23.0,0.0,2.0,0.0,0.0
598950,245289,Biank,3021,BLG,Guangzhou Huadu Bilibili Gaming (Bilibili Gaming),1.42,0.82,222.0,187.0,10.0,6.0,6.0,8.0,3.0,1.0,83.0,70.0,137.0,106.0,35.0,10.0,1.0,0.0,2.0,0.0
598950,245289,rushia,48878,BLG,Guangzhou Huadu Bilibili Gaming (Bilibili Gaming),1.06,1.18,168.0,144.0,6.0,5.0,7.0,5.0,6.0,5.0,67.0,90.0,107.0,87.0,17.0,5.0,0.0,2.0,1.0,0.0
598950,245289,bud,56260,BLG,Guangzhou Huadu Bilibili Gaming (Bilibili Gaming),0.3,1.34,86.0,277.0,4.0,9.0,10.0,6.0,0.0,1.0,50.0,80.0,66.0,218.0,13.0,31.0,1.0,3.0,4.0,1.0
598950,245289,whzy,4885,BLG,Guangzhou Huadu Bilibili Gaming (Bilibili Gaming),0.46,0.72,146.0,166.0,6.0,6.0,11.0,6.0,2.0,0.0,67.0,70.0,92.0,107.0,25.0,36.0,2.0,1.0,1.0,1.0
598950,245289,ZmjjKK,3520,EDG,EDward Gaming,1.31,1.76,298.0,366.0,10.0,16.0,7.0,8.0,2.0,1.0,80.0,83.0,182.0,235.0,24.0,23.0,2.0,5.0,3.0,2.0
598950,245289,CHICHOO,15559,EDG,EDward Gaming,0.92,1.22,164.0,195.0,7.0,9.0,7.0,5.0,2.0,0.0,80.0,92.0,132.0,121.0,36.0,18.0,0.0,1.0,1.0,0.0
598950,245289,cb,39697,EDG,EDward Gaming,0.93,0.79,177.0,166.0,5.0,6.0,7.0,9.0,3.0,4.0,70.0,75.0,115.0,128.0,21.0,33.0,0.0,1.0,2.0,0.0
598950,245289,Smoggy,4742,EDG,EDward Gaming,0.83,0.66,136.0,109.0,4.0,5.0,6.0,7.0,2.0,2.0,60.0,67.0,88.0,70.0,24.0,36.0,0.0,0.0,1.0,1.0
598950,245289,nobody,3017,EDG,EDward Gaming,0.23,0.78,110.0,150.0,4.0,6.0,9.0,9.0,1.0,2.0,50.0,58.0,60.0,91.0,20.0,41.0,0.0,1.0,1.0,1.0
598950,245290,rushia,48878,BLG,Guangzhou Huadu Bilibili Gaming (Bilibili Gaming),1.36,1.18,197.0,203.0,9.0,9.0,7.0,6.0,1.0,3.0,55.0,67.0,113.0,130.0,33.0,21.0,1.0,2.0,0.0,0.0
598950,245290,whzy,4885,BLG,Guangzhou Huadu Bilibili Gaming (Bilibili Gaming),0.55,1.73,160.0,356.0,4.0,16.0,10.0,7.0,3.0,1.0,55.0,92.0,114.0,214.0,26.0,27.0,2.0,3.0,2.0,0.0
598950,245290,bud,56260,BLG,Guangzhou Huadu Bilibili Gaming (Bilibili Gaming),1.05,0.79,196.0,173.0,7.0,7.0,8.0,9.0,4.0,3.0,82.0,58.0,127.0,137.0,35.0,20.0,2.0,1.0,0.0,2.0
598950,245290,Biank,3021,BLG,Guangzhou Huadu Bilibili Gaming (Bilibili Gaming),0.66,0.65,79.0,131.0,3.0,5.0,7.0,8.0,1.0,3.0,73.0,75.0,51.0,97.0,16.0,19.0,0.0,0.0,2.0,1.0
598950,245290,nephh,10698,BLG,Guangzhou Huadu Bilibili Gaming (Bilibili Gaming),0.44,0.42,158.0,131.0,5.0,5.0,10.0,10.0,5.0,2.0,55.0,67.0,102.0,83.0,6.0,19.0,0.0,1.0,2.0,2.0
598950,245290,CHICHOO,15559,EDG,EDward Gaming,1.12,1.42,174.0,253.0,7.0,10.0,7.0,6.0,6.0,5.0,75.0,73.0,111.0,184.0,47.0,38.0,1.0,0.0,1.0,1.0
598950,245290,cb,39697,EDG,EDward Gaming,1.25,1.18,240.0,188.0,10.0,7.0,7.0,5.0,1.0,1.0,75.0,73.0,151.0,115.0,22.0,25.0,0.0,3.0,1.0,0.0
598950,245290,Smoggy,4742,EDG,EDward Gaming,1.43,1.0,239.0,197.0,10.0,8.0,8.0,6.0,5.0,5.0,100.0,82.0,154.0,141.0,38.0,29.0,2.0,0.0,0.0,2.0
598950,245290,ZmjjKK,3520,EDG,EDward Gaming,0.55,1.4,150.0,232.0,6.0,10.0,10.0,4.0,1.0,1.0,42.0,73.0,93.0,135.0,17.0,33.0,2.0,3.0,4.0,2.0
598950,245290,nobody,3017,EDG,EDward Gaming,0.9,1.0,176.0,220.0,7.0,7.0,10.0,7.0,3.0,4.0,67.0,91.0,161.0,146.0,32.0,32.0,0.0,0.0,1.0,0.0
598950,245291,bud,56260,BLG,Guangzhou Huadu Bilibili Gaming (Bilibili Gaming),0.93,1.23,213.0,221.0,11.0,10.0,10.0,7.0,3.0,3.0,67.0,64.0,134.0,157.0,24.0,47.0,0.0,0.0,2.0,1.0
598950,245291,nephh,10698,BLG,Guangzhou Huadu Bilibili Gaming (Bilibili Gaming),1.24,0.87,160.0,162.0,6.0,8.0,6.0,9.0,7.0,4.0,75.0,91.0,113.0,109.0,18.0,14.0,1.0,3.0,0.0,0.0
598950,245291,rushia,48878,BLG,Guangzhou Huadu Bilibili Gaming (Bilibili Gaming),1.28,0.52,254.0,108.0,10.0,2.0,7.0,8.0,2.0,7.0,67.0,73.0,159.0,77.0,14.0,13.0,0.0,0.0,1.0,1.0
598950,245291,whzy,4885,BLG,Guangzhou Huadu Bilibili Gaming (Bilibili Gaming),0.8,1.01,225.0,212.0,9.0,9.0,11.0,9.0,3.0,2.0,75.0,64.0,142.0,140.0,24.0,33.0,2.0,2.0,3.0,1.0
598950,245291,Biank,3021,BLG,Guangzhou Huadu Bilibili Gaming (Bilibili Gaming),0.37,1.1,116.0,208.0,5.0,7.0,10.0,7.0,1.0,2.0,58.0,55.0,78.0,124.0,13.0,28.0,1.0,2.0,2.0,1.0
598950,245291,ZmjjKK,3520,EDG,EDward Gaming,1.69,1.44,398.0,362.0,15.0,15.0,8.0,10.0,1.0,2.0,73.0,92.0,235.0,222.0,33.0,31.0,4.0,4.0,3.0,0.0
598950,245291,Smoggy,4742,EDG,EDward Gaming,1.55,0.8,268.0,99.0,10.0,5.0,6.0,7.0,6.0,2.0,73.0,50.0,200.0,77.0,50.0,21.0,0.0,1.0,0.0,1.0
598950,245291,cb,39697,EDG,EDward Gaming,0.9,1.3,157.0,261.0,6.0,12.0,7.0,9.0,2.0,2.0,64.0,75.0,122.0,180.0,23.0,31.0,0.0,1.0,2.0,1.0
598950,245291,CHICHOO,15559,EDG,EDward Gaming,0.66,0.97,141.0,174.0,6.0,7.0,8.0,9.0,3.0,6.0,73.0,67.0,99.0,111.0,24.0,22.0,0.0,2.0,1.0,1.0
598950,245291,nobody,3017,EDG,EDward Gaming,0.65,0.91,75.0,144.0,3.0,5.0,7.0,7.0,2.0,4.0,64.0,67.0,76.0,111.0,29.0,25.0,0.0,0.0,1.0,1.0
598950,253654,whzy,4885,BLG,Guangzhou Huadu Bilibili Gaming (Bilibili Gaming),0.53,1.58,136.0,329.0,3.0,14.0,6.0,8.0,1.0,1.0,71.0,83.0,80.0,227.0,30.0,14.0,1.0,0.0,3.0,1.0
598950,253654,bud,56260,BLG,Guangzhou Huadu Bilibili Gaming (Bilibili Gaming),1.24,1.14,216.0,178.0,5.0,9.0,6.0,7.0,0.0,1.0,29.0,67.0,147.0,122.0,27.0,41.0,0.0,0.0,0.0,1.0
598950,253654,rushia,48878,BLG,Guangzhou Huadu Bilibili Gaming (Bilibili Gaming),0.03,1.5,27.0,282.0,0.0,10.0,7.0,8.0,0.0,8.0,,83.0,27.0,189.0,0.0,21.0,0.0,1.0,1.0,1.0
598950,253654,Biank,3021,BLG,Guangzhou Huadu Bilibili Gaming (Bilibili Gaming),0.6,0.49,145.0,67.0,3.0,3.0,7.0,8.0,2.0,3.0,43.0,58.0,83.0,48.0,100.0,25.0,0.0,0.0,0.0,3.0
598950,253654,nephh,10698,BLG,Guangzhou Huadu Bilibili Gaming (Bilibili Gaming),0.65,0.04,182.0,59.0,4.0,2.0,7.0,12.0,3.0,3.0,86.0,42.0,112.0,44.0,29.0,22.0,2.0,1.0,0.0,4.0
598950,253654,nobody,3017,EDG,EDward Gaming,1.69,1.49,260.0,284.0,12.0,7.0,5.0,3.0,1.0,0.0,83.0,71.0,183.0,186.0,29.0,54.0,2.0,1.0,0.0,0.0
598950,253654,CHICHOO,15559,EDG,EDward Gaming,1.1,1.36,235.0,221.0,9.0,6.0,8.0,3.0,2.0,4.0,83.0,86.0,163.0,117.0,25.0,25.0,5.0,0.0,0.0,1.0
598950,253654,cb,39697,EDG,EDward Gaming,0.9,1.28,189.0,222.0,8.0,6.0,8.0,2.0,2.0,1.0,58.0,86.0,109.0,142.0,22.0,22.0,3.0,0.0,1.0,0.0
598950,253654,Smoggy,4742,EDG,EDward Gaming,0.78,1.47,128.0,228.0,5.0,6.0,8.0,2.0,9.0,3.0,83.0,100.0,75.0,135.0,25.0,54.0,0.0,1.0,0.0,1.0
598950,253654,ZmjjKK,3520,EDG,EDward Gaming,0.95,1.07,241.0,295.0,9.0,8.0,9.0,5.0,5.0,0.0,67.0,71.0,152.0,155.0,14.0,7.0,0.0,2.0,1.0,1.0
