match_id,game_id,player,player_id,tag,team,rating_atk,rating_def,acs_atk,acs_def,k_atk,k_def,d_atk,d_def,a_atk,a_def,kast_atk,kast_def,adr_atk,adr_def,hs_atk,hs_def,fk_atk,fk_def,fd_atk,fd_def
698884,273205,Karon,34974,GEN,Gen.G,0.89,1.43,130.0,324.0,4.0,14.0,3.0,8.0,3.0,2.0,75.0,83.0,83.0,197.0,22.0,38.0,0.0,0.0,0.0,0.0
698884,273205,t3xture,9196,GEN,Gen.G,1.58,0.84,356.0,235.0,11.0,10.0,5.0,8.0,0.0,2.0,88.0,67.0,218.0,140.0,31.0,29.0,3.0,2.0,1.0,1.0
698884,273205,Efina,985,GEN,Gen.G,1.51,0.57,220.0,95.0,8.0,4.0,3.0,9.0,0.0,6.0,88.0,67.0,133.0,68.0,9.0,33.0,0.0,0.0,0.0,0.0
698884,273205,Raxcal,48925,GEN,Gen.G,1.26,0.72,238.0,198.0,6.0,7.0,4.0,10.0,3.0,7.0,63.0,67.0,169.0,132.0,39.0,11.0,1.0,1.0,0.0,3.0
698884,273205,Ash,25017,GEN,Gen.G,0.4,1.19,136.0,243.0,4.0,9.0,6.0,9.0,1.0,3.0,38.0,83.0,101.0,143.0,62.0,18.0,1.0,2.0,2.0,3.0
698884,273205,eKo,1960,ZETA,ZETA DIVISION,1.28,1.55,202.0,322.0,8.0,9.0,8.0,6.0,8.0,1.0,75.0,88.0,128.0,186.0,41.0,60.0,1.0,1.0,0.0,0.0
698884,273205,Xdll,25221,ZETA,ZETA DIVISION,1.13,1.19,215.0,243.0,11.0,7.0,10.0,6.0,4.0,2.0,67.0,63.0,130.0,128.0,26.0,21.0,1.0,1.0,2.0,1.0
698884,273205,SyouTa,12990,ZETA,ZETA DIVISION,0.99,0.65,217.0,194.0,8.0,3.0,9.0,7.0,5.0,4.0,92.0,63.0,139.0,142.0,37.0,25.0,2.0,1.0,0.0,3.0
698884,273205,Absol,34776,ZETA,ZETA DIVISION,0.98,0.3,243.0,68.0,9.0,2.0,9.0,7.0,2.0,0.0,67.0,38.0,142.0,46.0,19.0,25.0,2.0,0.0,2.0,1.0
698884,273205,SugarZ3ro,6668,ZETA,ZETA DIVISION,1.05,0.11,182.0,26.0,8.0,0.0,8.0,7.0,5.0,3.0,67.0,25.0,128.0,20.0,32.0,0.0,1.0,0.0,1.0,0.0
698884,273206,Karon,34974,GEN,Gen.G,2.04,1.27,345.0,272.0,19.0,15.0,7.0,11.0,8.0,3.0,80.0,80.0,213.0,192.0,46.0,58.0,1.0,3.0,0.0,0.0
698884,273206,t3xture,9196,GEN,Gen.G,1.23,0.82,233.0,168.0,13.0,9.0,9.0,10.0,2.0,1.0,80.0,53.0,147.0,114.0,24.0,29.0,1.0,3.0,1.0,3.0
698884,273206,Raxcal,48925,GEN,Gen.G,0.97,0.88,168.0,162.0,9.0,9.0,10.0,9.0,5.0,1.0,87.0,73.0,105.0,116.0,30.0,20.0,0.0,0.0,1.0,1.0
698884,273206,Efina,985,GEN,Gen.G,0.82,0.94,134.0,214.0,7.0,11.0,10.0,10.0,5.0,3.0,73.0,93.0,100.0,143.0,23.0,33.0,2.0,1.0,0.0,1.0
698884,273206,Ash,25017,GEN,Gen.G,0.98,0.52,281.0,127.0,14.0,5.0,14.0,11.0,4.0,3.0,73.0,67.0,193.0,97.0,29.0,35.0,2.0,1.0,7.0,2.0
698884,273206,eKo,1960,ZETA,ZETA DIVISION,1.23,1.35,190.0,264.0,9.0,13.0,8.0,11.0,7.0,5.0,80.0,73.0,128.0,175.0,50.0,31.0,1.0,1.0,0.0,0.0
698884,273206,SyouTa,12990,ZETA,ZETA DIVISION,1.6,0.8,330.0,200.0,19.0,11.0,9.0,13.0,1.0,2.0,73.0,73.0,206.0,125.0,30.0,26.0,0.0,2.0,2.0,0.0
698884,273206,Xdll,25221,ZETA,ZETA DIVISION,1.14,0.51,165.0,122.0,10.0,6.0,9.0,12.0,2.0,5.0,80.0,67.0,107.0,78.0,56.0,18.0,2.0,0.0,2.0,1.0
698884,273206,Absol,34776,ZETA,ZETA DIVISION,0.74,0.81,181.0,238.0,8.0,12.0,12.0,14.0,4.0,3.0,73.0,60.0,109.0,151.0,20.0,19.0,3.0,3.0,3.0,4.0
698884,273206,SugarZ3ro,6668,ZETA,ZETA DIVISION,0.67,0.68,125.0,179.0,5.0,8.0,11.0,12.0,7.0,8.0,80.0,87.0,85.0,110.0,39.0,28.0,1.0,3.0,1.0,1.0
698885,273208,STYRON,11704,TS,Team Secret,1.11,0.96,235.0,194.0,9.0,5.0,10.0,6.0,4.0,3.0,50.0,71.0,169.0,143.0,25.0,38.0,0.0,0.0,1.0,2.0
698885,273208,Zeus,46135,TS,Team Secret,0.59,1.83,203.0,296.0,7.0,8.0,12.0,4.0,1.0,2.0,75.0,71.0,130.0,196.0,33.0,43.0,4.0,1.0,4.0,0.0
698885,273208,Sylvan,4056,TS,Team Secret,0.63,0.75,184.0,181.0,7.0,4.0,11.0,6.0,3.0,5.0,75.0,71.0,131.0,112.0,38.0,40.0,0.0,1.0,1.0,2.0
698885,273208,natz,7049,TS,Team Secret,0.19,1.33,96.0,212.0,3.0,6.0,12.0,4.0,2.0,2.0,50.0,100.0,90.0,131.0,25.0,20.0,0.0,1.0,2.0,0.0
698885,273208,kellyS,7437,TS,Team Secret,0.53,0.4,119.0,134.0,5.0,3.0,11.0,6.0,2.0,1.0,67.0,43.0,69.0,91.0,5.0,13.0,0.0,0.0,0.0,0.0
698885,273208,Foxy9,11600,VL,VARREL,1.64,2.46,330.0,410.0,9.0,18.0,4.0,4.0,2.0,5.0,71.0,100.0,192.0,266.0,54.0,25.0,0.0,2.0,0.0,1.0
698885,273208,Zexy,37532,VL,VARREL,1.38,1.39,262.0,291.0,6.0,13.0,5.0,7.0,4.0,0.0,86.0,75.0,192.0,175.0,33.0,42.0,1.0,3.0,0.0,1.0
698885,273208,XuNa,42733,VL,VARREL,0.95,1.37,177.0,238.0,5.0,11.0,5.0,6.0,1.0,3.0,71.0,83.0,96.0,182.0,30.0,37.0,1.0,1.0,0.0,0.0
698885,273208,oonzmlp,34926,VL,VARREL,0.16,1.49,56.0,268.0,1.0,11.0,6.0,7.0,4.0,11.0,29.0,100.0,36.0,173.0,25.0,23.0,0.0,2.0,3.0,0.0
698885,273208,C1ndeR,2149,VL,VARREL,0.79,0.57,209.0,73.0,5.0,3.0,6.0,7.0,2.0,5.0,86.0,67.0,127.0,62.0,18.0,36.0,2.0,0.0,0.0,2.0
698885,273209,Zeus,46135,TS,Team Secret,1.44,1.59,282.0,308.0,11.0,12.0,7.0,7.0,2.0,3.0,100.0,83.0,187.0,196.0,38.0,24.0,3.0,4.0,1.0,2.0
698885,273209,Sylvan,4056,TS,Team Secret,1.06,1.21,209.0,258.0,8.0,11.0,7.0,7.0,1.0,1.0,80.0,75.0,132.0,195.0,57.0,36.0,0.0,2.0,0.0,0.0
698885,273209,STYRON,11704,TS,Team Secret,0.71,1.23,190.0,185.0,6.0,8.0,8.0,6.0,4.0,2.0,80.0,75.0,115.0,122.0,7.0,10.0,1.0,1.0,2.0,0.0
698885,273209,natz,7049,TS,Team Secret,1.27,0.61,249.0,98.0,10.0,4.0,7.0,7.0,1.0,1.0,70.0,83.0,156.0,74.0,33.0,24.0,0.0,0.0,1.0,1.0
698885,273209,kellyS,7437,TS,Team Secret,0.83,0.95,183.0,169.0,6.0,7.0,8.0,7.0,6.0,4.0,80.0,75.0,142.0,134.0,30.0,17.0,1.0,1.0,1.0,1.0
698885,273209,XuNa,42733,VL,VARREL,1.39,1.19,249.0,301.0,10.0,10.0,7.0,8.0,4.0,1.0,58.0,80.0,159.0,213.0,23.0,43.0,0.0,0.0,1.0,1.0
698885,273209,Foxy9,11600,VL,VARREL,1.01,1.14,192.0,265.0,9.0,10.0,9.0,8.0,0.0,1.0,67.0,70.0,113.0,145.0,57.0,26.0,2.0,2.0,1.0,1.0
698885,273209,oonzmlp,34926,VL,VARREL,0.85,0.82,146.0,228.0,6.0,7.0,8.0,10.0,4.0,5.0,67.0,90.0,128.0,168.0,19.0,22.0,1.0,1.0,2.0,1.0
698885,273209,Zexy,37532,VL,VARREL,0.53,0.87,123.0,136.0,5.0,5.0,10.0,6.0,2.0,0.0,50.0,40.0,82.0,79.0,5.0,20.0,1.0,1.0,2.0,0.0
698885,273209,C1ndeR,2149,VL,VARREL,0.62,0.66,91.0,145.0,4.0,5.0,8.0,9.0,6.0,3.0,67.0,50.0,48.0,101.0,22.0,26.0,0.0,1.0,2.0,2.0
698885,273210,Zeus,46135,TS,Team Secret,1.68,1.12,365.0,217.0,16.0,10.0,9.0,7.0,2.0,1.0,83.0,75.0,202.0,177.0,39.0,26.0,2.0,3.0,1.0,2.0
698885,273210,Sylvan,4056,TS,Team Secret,1.46,0.98,244.0,149.0,11.0,8.0,8.0,8.0,6.0,3.0,92.0,67.0,169.0,90.0,52.0,36.0,1.0,0.0,1.0,0.0
698885,273210,kellyS,7437,TS,Team Secret,0.52,1.51,127.0,300.0,5.0,11.0,9.0,8.0,3.0,5.0,67.0,83.0,89.0,197.0,19.0,32.0,1.0,1.0,3.0,1.0
698885,273210,STYRON,11704,TS,Team Secret,0.62,0.79,138.0,162.0,5.0,5.0,9.0,10.0,3.0,7.0,67.0,83.0,85.0,115.0,5.0,8.0,1.0,2.0,1.0,0.0
698885,273210,natz,7049,TS,Team Secret,0.63,0.44,167.0,84.0,7.0,4.0,10.0,8.0,1.0,2.0,50.0,50.0,126.0,68.0,28.0,23.0,1.0,1.0,0.0,1.0
698885,273210,oonzmlp,34926,VL,VARREL,1.39,1.45,222.0,297.0,10.0,11.0,6.0,8.0,0.0,7.0,67.0,83.0,159.0,190.0,48.0,21.0,0.0,2.0,0.0,0.0
698885,273210,Zexy,37532,VL,VARREL,0.59,1.46,147.0,327.0,6.0,14.0,9.0,9.0,1.0,2.0,67.0,75.0,81.0,204.0,31.0,24.0,3.0,3.0,5.0,1.0
698885,273210,XuNa,42733,VL,VARREL,1.05,0.98,160.0,203.0,6.0,8.0,7.0,10.0,4.0,8.0,83.0,75.0,148.0,150.0,42.0,26.0,0.0,1.0,2.0,1.0
698885,273210,C1ndeR,2149,VL,VARREL,0.85,0.81,143.0,143.0,6.0,7.0,7.0,9.0,3.0,7.0,75.0,58.0,88.0,81.0,31.0,24.0,0.0,0.0,0.0,1.0
698885,273210,Foxy9,11600,VL,VARREL,0.84,0.62,185.0,116.0,8.0,5.0,9.0,8.0,1.0,1.0,58.0,67.0,121.0,83.0,39.0,24.0,1.0,0.0,0.0,3.0
698886,273211,Killua,13784,FS,FULL SENSE,0.52,1.39,146.0,243.0,2.0,11.0,4.0,8.0,0.0,5.0,25.0,75.0,79.0,157.0,9.0,45.0,0.0,0.0,0.0,0.0
698886,273211,JitBoyS,13788,FS,FULL SENSE,0.41,1.02,167.0,246.0,2.0,9.0,4.0,9.0,0.0,2.0,25.0,58.0,158.0,163.0,80.0,35.0,0.0,3.0,2.0,3.0
698886,273211,seph1roth,27244,FS,FULL SENSE,0.51,0.65,184.0,98.0,3.0,4.0,4.0,8.0,0.0,3.0,75.0,75.0,105.0,63.0,18.0,18.0,1.0,1.0,1.0,1.0
698886,273211,Crws,3977,FS,FULL SENSE,0.11,0.46,85.0,142.0,0.0,5.0,4.0,11.0,3.0,3.0,75.0,42.0,80.0,89.0,13.0,22.0,0.0,2.0,0.0,0.0
698886,273211,primmie,25255,FS,FULL SENSE,0.11,0.35,66.0,113.0,1.0,5.0,4.0,10.0,1.0,1.0,50.0,50.0,33.0,82.0,33.0,38.0,0.0,0.0,0.0,2.0
698886,273211,Rb,488,NS,Nongshim RedForce,1.63,1.94,303.0,269.0,15.0,3.0,5.0,1.0,3.0,6.0,92.0,100.0,167.0,140.0,27.0,17.0,0.0,0.0,1.0,1.0
698886,273211,Francis,31828,NS,Nongshim RedForce,0.81,3.86,126.0,582.0,4.0,10.0,8.0,1.0,5.0,2.0,67.0,100.0,93.0,444.0,38.0,42.0,1.0,1.0,1.0,0.0
698886,273211,Xross,42772,NS,Nongshim RedForce,1.45,1.16,212.0,213.0,10.0,3.0,5.0,2.0,4.0,3.0,75.0,75.0,133.0,141.0,17.0,50.0,2.0,1.0,1.0,0.0
698886,273211,Ivy,31829,NS,Nongshim RedForce,1.03,1.48,179.0,185.0,8.0,3.0,7.0,1.0,0.0,2.0,58.0,100.0,113.0,133.0,38.0,6.0,1.0,1.0,3.0,0.0
698886,273211,Dambi,31827,NS,Nongshim RedForce,0.92,0.63,210.0,87.0,9.0,1.0,9.0,3.0,4.0,2.0,67.0,100.0,126.0,80.0,11.0,14.0,2.0,0.0,0.0,0.0
698886,273212,JitBoyS,13788,FS,FULL SENSE,1.86,1.42,438.0,228.0,19.0,9.0,9.0,5.0,4.0,2.0,92.0,83.0,273.0,135.0,22.0,0.0,6.0,4.0,1.0,1.0
698886,273212,Killua,13784,FS,FULL SENSE,1.59,1.38,212.0,287.0,9.0,12.0,5.0,7.0,15.0,5.0,100.0,83.0,130.0,204.0,24.0,34.0,0.0,1.0,0.0,0.0
698886,273212,Crws,3977,FS,FULL SENSE,1.33,0.72,195.0,102.0,9.0,3.0,6.0,8.0,1.0,7.0,75.0,67.0,114.0,65.0,29.0,15.0,2.0,1.0,0.0,1.0
698886,273212,seph1roth,27244,FS,FULL SENSE,0.69,1.33,160.0,219.0,7.0,9.0,8.0,5.0,1.0,4.0,75.0,83.0,100.0,140.0,20.0,76.0,1.0,0.0,0.0,0.0
698886,273212,primmie,25255,FS,FULL SENSE,0.59,0.81,98.0,167.0,3.0,7.0,8.0,8.0,5.0,4.0,92.0,58.0,85.0,108.0,27.0,32.0,1.0,1.0,1.0,3.0
698886,273212,Xross,42772,NS,Nongshim RedForce,0.63,1.52,129.0,300.0,5.0,12.0,8.0,9.0,2.0,5.0,58.0,83.0,88.0,211.0,29.0,17.0,1.0,1.0,2.0,2.0
698886,273212,Dambi,31827,NS,Nongshim RedForce,1.57,0.48,336.0,92.0,15.0,4.0,8.0,9.0,2.0,3.0,67.0,58.0,165.0,70.0,19.0,7.0,3.0,1.0,1.0,3.0
698886,273212,Rb,488,NS,Nongshim RedForce,1.06,0.51,205.0,121.0,9.0,5.0,6.0,10.0,5.0,4.0,92.0,75.0,117.0,66.0,44.0,23.0,0.0,0.0,1.0,4.0
698886,273212,Francis,31828,NS,Nongshim RedForce,0.85,0.68,116.0,154.0,3.0,6.0,7.0,10.0,5.0,8.0,67.0,75.0,96.0,92.0,16.0,16.0,0.0,0.0,1.0,1.0
698886,273212,Ivy,31829,NS,Nongshim RedForce,0.02,1.15,42.0,247.0,1.0,9.0,11.0,9.0,1.0,4.0,42.0,83.0,30.0,153.0,0.0,15.0,1.0,0.0,2.0,0.0
698886,273213,JitBoyS,13788,FS,FULL SENSE,1.09,1.73,232.0,378.0,9.0,11.0,8.0,6.0,6.0,9.0,67.0,78.0,142.0,214.0,27.0,22.0,2.0,2.0,0.0,0.0
698886,273213,primmie,25255,FS,FULL SENSE,1.12,1.43,257.0,243.0,12.0,9.0,9.0,4.0,0.0,1.0,67.0,89.0,171.0,158.0,23.0,27.0,1.0,2.0,2.0,0.0
698886,273213,Crws,3977,FS,FULL SENSE,0.91,1.28,137.0,141.0,6.0,5.0,8.0,2.0,6.0,3.0,58.0,78.0,85.0,87.0,8.0,55.0,0.0,2.0,1.0,1.0
698886,273213,Killua,13784,FS,FULL SENSE,0.44,1.49,70.0,192.0,3.0,7.0,9.0,3.0,4.0,3.0,50.0,89.0,51.0,166.0,25.0,43.0,0.0,1.0,0.0,0.0
698886,273213,seph1roth,27244,FS,FULL SENSE,0.63,0.98,156.0,148.0,6.0,4.0,10.0,5.0,2.0,2.0,50.0,67.0,95.0,106.0,22.0,33.0,3.0,0.0,3.0,1.0
698886,273213,Francis,31828,NS,Nongshim RedForce,1.03,1.61,241.0,352.0,6.0,13.0,7.0,8.0,2.0,8.0,33.0,83.0,161.0,233.0,22.0,25.0,0.0,0.0,1.0,1.0
698886,273213,Rb,488,NS,Nongshim RedForce,1.11,1.02,207.0,177.0,6.0,8.0,7.0,8.0,7.0,5.0,67.0,58.0,134.0,127.0,24.0,62.0,0.0,2.0,0.0,2.0
698886,273213,Xross,42772,NS,Nongshim RedForce,0.57,1.31,107.0,291.0,3.0,11.0,7.0,7.0,3.0,3.0,67.0,67.0,50.0,183.0,10.0,23.0,1.0,3.0,1.0,1.0
698886,273213,Ivy,31829,NS,Nongshim RedForce,0.73,1.06,149.0,145.0,4.0,6.0,7.0,6.0,3.0,4.0,67.0,75.0,98.0,102.0,33.0,22.0,1.0,0.0,1.0,0.0
698886,273213,Dambi,31827,NS,Nongshim RedForce,0.04,0.82,65.0,124.0,1.0,6.0,8.0,7.0,1.0,0.0,33.0,50.0,53.0,81.0,8.0,21.0,0.0,1.0,4.0,2.0
698887,273214,MaKo,4462,KRX,KIWOOM DRX,1.43,1.24,243.0,215.0,12.0,8.0,6.0,6.0,2.0,2.0,75.0,67.0,177.0,135.0,38.0,35.0,2.0,0.0,0.0,1.0
698887,273214,BeYN,4678,KRX,KIWOOM DRX,1.47,0.75,241.0,184.0,11.0,7.0,6.0,9.0,7.0,3.0,83.0,58.0,137.0,106.0,30.0,58.0,1.0,2.0,1.0,2.0
698887,273214,HYUNMIN,28400,KRX,KIWOOM DRX,0.9,0.72,198.0,190.0,6.0,6.0,8.0,9.0,9.0,3.0,92.0,58.0,148.0,129.0,16.0,22.0,1.0,0.0,1.0,1.0
698887,273214,free1ng,1916,KRX,KIWOOM DRX,0.92,0.69,216.0,141.0,11.0,7.0,9.0,9.0,2.0,1.0,75.0,75.0,151.0,80.0,30.0,29.0,0.0,2.0,2.0,3.0
698887,273214,Flicker,51100,KRX,KIWOOM DRX,0.73,0.8,178.0,175.0,8.0,7.0,9.0,9.0,3.0,2.0,67.0,67.0,102.0,114.0,15.0,19.0,2.0,1.0,2.0,0.0
698887,273214,Meiy,6672,DFM,DetonatioN FocusMe,1.66,1.42,269.0,274.0,13.0,11.0,5.0,8.0,0.0,1.0,83.0,67.0,184.0,180.0,44.0,18.0,3.0,3.0,1.0,2.0
698887,273214,Akame,13002,DFM,DetonatioN FocusMe,1.17,1.26,170.0,233.0,7.0,10.0,6.0,9.0,4.0,5.0,92.0,58.0,114.0,153.0,42.0,26.0,2.0,0.0,0.0,0.0
698887,273214,SSeeS,21438,DFM,DetonatioN FocusMe,1.36,0.87,233.0,154.0,9.0,6.0,6.0,9.0,7.0,4.0,75.0,75.0,146.0,115.0,48.0,23.0,1.0,0.0,1.0,3.0
698887,273214,yatsuka,29843,DFM,DetonatioN FocusMe,1.38,0.81,256.0,230.0,10.0,7.0,8.0,11.0,2.0,2.0,92.0,58.0,200.0,157.0,32.0,15.0,0.0,1.0,2.0,1.0
698887,273214,Caedye,29841,DFM,DetonatioN FocusMe,0.23,0.53,86.0,124.0,3.0,4.0,10.0,11.0,4.0,4.0,42.0,50.0,54.0,92.0,15.0,31.0,1.0,2.0,1.0,0.0
698887,273215,free1ng,1916,KRX,KIWOOM DRX,1.02,3.03,260.0,458.0,11.0,14.0,10.0,1.0,1.0,1.0,58.0,100.0,154.0,290.0,29.0,35.0,3.0,1.0,4.0,0.0
698887,273215,MaKo,4462,KRX,KIWOOM DRX,0.83,1.79,120.0,241.0,5.0,7.0,8.0,2.0,4.0,3.0,58.0,100.0,93.0,137.0,46.0,32.0,0.0,0.0,2.0,0.0
698887,273215,HYUNMIN,28400,KRX,KIWOOM DRX,1.24,0.85,220.0,206.0,9.0,4.0,7.0,5.0,3.0,6.0,75.0,86.0,148.0,130.0,23.0,18.0,1.0,1.0,0.0,1.0
698887,273215,BeYN,4678,KRX,KIWOOM DRX,0.92,1.1,120.0,210.0,5.0,5.0,6.0,4.0,0.0,3.0,75.0,86.0,75.0,171.0,36.0,29.0,0.0,1.0,0.0,0.0
698887,273215,Flicker,51100,KRX,KIWOOM DRX,0.64,0.8,147.0,187.0,6.0,5.0,10.0,5.0,1.0,2.0,50.0,57.0,90.0,113.0,27.0,27.0,1.0,1.0,1.0,2.0
698887,273215,Caedye,29841,DFM,DetonatioN FocusMe,1.59,1.16,381.0,287.0,9.0,12.0,7.0,9.0,1.0,5.0,71.0,83.0,252.0,188.0,43.0,31.0,2.0,2.0,0.0,1.0
698887,273215,yatsuka,29843,DFM,DetonatioN FocusMe,0.03,1.48,38.0,219.0,1.0,10.0,7.0,6.0,1.0,5.0,29.0,67.0,17.0,149.0,0.0,63.0,0.0,2.0,2.0,2.0
698887,273215,SSeeS,21438,DFM,DetonatioN FocusMe,0.69,0.84,161.0,110.0,3.0,4.0,7.0,6.0,4.0,5.0,57.0,83.0,111.0,66.0,40.0,33.0,0.0,0.0,0.0,1.0
698887,273215,Akame,13002,DFM,DetonatioN FocusMe,0.48,0.92,180.0,196.0,3.0,7.0,7.0,7.0,2.0,2.0,57.0,92.0,144.0,130.0,27.0,18.0,0.0,1.0,1.0,0.0
698887,273215,Meiy,6672,DFM,DetonatioN FocusMe,0.03,0.87,77.0,189.0,1.0,8.0,7.0,8.0,0.0,2.0,14.0,75.0,59.0,126.0,13.0,23.0,1.0,2.0,1.0,1.0
698887,273216,BeYN,4678,KRX,KIWOOM DRX,1.23,1.59,221.0,253.0,10.0,8.0,8.0,3.0,6.0,1.0,83.0,88.0,137.0,155.0,44.0,35.0,0.0,1.0,2.0,0.0
698887,273216,free1ng,1916,KRX,KIWOOM DRX,0.67,1.86,220.0,354.0,9.0,11.0,11.0,3.0,0.0,0.0,58.0,88.0,133.0,197.0,23.0,25.0,2.0,2.0,4.0,0.0
698887,273216,HYUNMIN,28400,KRX,KIWOOM DRX,1.13,0.75,230.0,169.0,10.0,5.0,9.0,5.0,3.0,2.0,75.0,75.0,165.0,115.0,22.0,58.0,0.0,0.0,3.0,2.0
698887,273216,MaKo,4462,KRX,KIWOOM DRX,0.82,1.16,164.0,203.0,8.0,6.0,9.0,5.0,3.0,8.0,83.0,100.0,111.0,130.0,25.0,33.0,0.0,1.0,0.0,0.0
698887,273216,Flicker,51100,KRX,KIWOOM DRX,0.87,1.05,163.0,162.0,7.0,5.0,10.0,4.0,2.0,3.0,83.0,88.0,118.0,126.0,31.0,18.0,1.0,0.0,0.0,2.0
698887,273216,Akame,13002,DFM,DetonatioN FocusMe,1.24,1.65,307.0,384.0,9.0,15.0,7.0,9.0,0.0,5.0,75.0,92.0,188.0,241.0,30.0,23.0,1.0,3.0,1.0,1.0
698887,273216,Meiy,6672,DFM,DetonatioN FocusMe,0.67,1.3,157.0,297.0,4.0,12.0,7.0,10.0,0.0,5.0,50.0,92.0,93.0,182.0,11.0,28.0,1.0,3.0,0.0,1.0
698887,273216,yatsuka,29843,DFM,DetonatioN FocusMe,0.96,0.88,134.0,154.0,3.0,7.0,6.0,8.0,2.0,6.0,50.0,75.0,113.0,108.0,29.0,44.0,0.0,1.0,0.0,1.0
698887,273216,Caedye,29841,DFM,DetonatioN FocusMe,0.36,0.84,120.0,159.0,3.0,7.0,8.0,7.0,0.0,2.0,38.0,75.0,76.0,112.0,50.0,32.0,2.0,1.0,1.0,0.0
698887,273216,SSeeS,21438,DFM,DetonatioN FocusMe,0.2,0.6,67.0,139.0,1.0,6.0,7.0,10.0,3.0,4.0,50.0,58.0,58.0,73.0,11.0,9.0,0.0,1.0,2.0,0.0
698888,273217,Monyet,8497,RRQ,Rex Regum Qeon,1.08,1.11,202.0,216.0,8.0,7.0,9.0,7.0,6.0,6.0,58.0,90.0,146.0,139.0,29.0,20.0,0.0,0.0,0.0,0.0
698888,273217,Jemkin,24895,RRQ,Rex Regum Qeon,0.68,1.58,151.0,357.0,6.0,11.0,10.0,8.0,1.0,2.0,58.0,70.0,104.0,230.0,43.0,8.0,4.0,1.0,4.0,0.0
698888,273217,xffero,4871,RRQ,Rex Regum Qeon,1.28,0.42,226.0,93.0,10.0,3.0,8.0,8.0,1.0,0.0,67.0,60.0,136.0,79.0,15.0,27.0,0.0,2.0,0.0,3.0
698888,273217,Kushy,4866,RRQ,Rex Regum Qeon,0.67,0.83,189.0,208.0,8.0,7.0,11.0,9.0,2.0,1.0,67.0,50.0,126.0,132.0,47.0,35.0,0.0,1.0,2.0,0.0
698888,273217,crazyguy,1430,RRQ,Rex Regum Qeon,1.0,0.04,158.0,40.0,6.0,1.0,8.0,9.0,4.0,3.0,50.0,30.0,120.0,24.0,40.0,0.0,0.0,0.0,2.0,3.0
698888,273217,Kr1stal,5796,GE,Global Esports,1.94,0.89,238.0,183.0,9.0,8.0,2.0,7.0,2.0,1.0,80.0,75.0,183.0,120.0,50.0,25.0,0.0,2.0,0.0,0.0
698888,273217,PatMen,13744,GE,Global Esports,1.61,0.89,344.0,151.0,12.0,6.0,8.0,7.0,7.0,8.0,80.0,67.0,223.0,105.0,29.0,39.0,2.0,1.0,1.0,1.0
698888,273217,Autumn,872,GE,Global Esports,1.09,1.21,206.0,252.0,8.0,11.0,6.0,8.0,3.0,1.0,80.0,92.0,142.0,170.0,44.0,38.0,1.0,1.0,1.0,1.0
698888,273217,xavi8k,7754,GE,Global Esports,0.78,1.2,172.0,193.0,6.0,8.0,6.0,6.0,3.0,5.0,80.0,75.0,103.0,116.0,38.0,15.0,0.0,1.0,2.0,0.0
698888,273217,UdoTan,4428,GE,Global Esports,0.87,1.11,176.0,313.0,6.0,13.0,7.0,10.0,4.0,1.0,70.0,50.0,110.0,180.0,20.0,26.0,3.0,3.0,0.0,2.0
698888,273218,Jemkin,24895,RRQ,Rex Regum Qeon,0.98,1.48,200.0,221.0,10.0,12.0,13.0,5.0,2.0,4.0,53.0,93.0,128.0,143.0,32.0,20.0,1.0,5.0,2.0,2.0
698888,273218,crazyguy,1430,RRQ,Rex Regum Qeon,0.96,1.35,162.0,259.0,9.0,13.0,11.0,9.0,2.0,6.0,40.0,87.0,95.0,163.0,64.0,17.0,0.0,1.0,2.0,0.0
698888,273218,xffero,4871,RRQ,Rex Regum Qeon,0.59,1.63,132.0,291.0,6.0,18.0,13.0,8.0,2.0,4.0,47.0,73.0,94.0,202.0,29.0,33.0,0.0,0.0,1.0,1.0
698888,273218,Monyet,8497,RRQ,Rex Regum Qeon,0.68,1.41,145.0,277.0,8.0,14.0,13.0,8.0,4.0,7.0,40.0,87.0,102.0,174.0,65.0,39.0,0.0,2.0,2.0,0.0
698888,273218,Kushy,4866,RRQ,Rex Regum Qeon,0.14,0.48,97.0,154.0,4.0,8.0,15.0,12.0,3.0,4.0,33.0,67.0,59.0,118.0,40.0,32.0,0.0,1.0,7.0,3.0
698888,273218,xavi8k,7754,GE,Global Esports,1.14,1.63,229.0,326.0,11.0,17.0,12.0,8.0,5.0,6.0,73.0,87.0,161.0,212.0,15.0,25.0,2.0,3.0,0.0,0.0
698888,273218,UdoTan,4428,GE,Global Esports,0.61,1.49,180.0,313.0,8.0,17.0,14.0,8.0,3.0,2.0,53.0,87.0,114.0,208.0,32.0,31.0,2.0,5.0,3.0,0.0
698888,273218,Kr1stal,5796,GE,Global Esports,0.91,1.06,192.0,149.0,11.0,8.0,12.0,6.0,0.0,5.0,73.0,73.0,120.0,107.0,21.0,16.0,0.0,2.0,1.0,1.0
698888,273218,Autumn,872,GE,Global Esports,0.5,1.19,121.0,214.0,6.0,11.0,13.0,8.0,2.0,2.0,47.0,80.0,81.0,137.0,17.0,23.0,1.0,1.0,4.0,0.0
698888,273218,PatMen,13744,GE,Global Esports,0.42,1.14,131.0,194.0,6.0,12.0,14.0,7.0,1.0,6.0,40.0,87.0,88.0,112.0,24.0,32.0,1.0,3.0,1.0,0.0
698889,273220,something,17086,PRX,Paper Rex,1.15,1.11,252.0,169.0,10.0,8.0,9.0,6.0,7.0,4.0,92.0,69.0,167.0,127.0,38.0,22.0,1.0,0.0,2.0,3.0
698889,273220,invy,8504,PRX,Paper Rex,1.0,1.22,224.0,213.0,9.0,8.0,10.0,7.0,6.0,6.0,69.0,77.0,151.0,145.0,44.0,14.0,1.0,1.0,1.0,1.0
698889,273220,d4v41,9803,PRX,Paper Rex,0.75,1.35,136.0,251.0,6.0,13.0,9.0,7.0,3.0,1.0,62.0,92.0,92.0,166.0,40.0,37.0,0.0,2.0,3.0,0.0
698889,273220,Jinggg,7378,PRX,Paper Rex,1.29,0.69,257.0,168.0,13.0,6.0,10.0,10.0,1.0,3.0,69.0,69.0,180.0,118.0,24.0,11.0,1.0,3.0,1.0,1.0
698889,273220,f0rsakeN,9801,PRX,Paper Rex,0.63,0.9,145.0,187.0,6.0,8.0,11.0,8.0,4.0,4.0,69.0,69.0,84.0,118.0,16.0,40.0,0.0,1.0,3.0,1.0
698889,273220,Meteor,13039,T1,T1,1.32,1.5,229.0,301.0,11.0,15.0,7.0,8.0,0.0,1.0,69.0,77.0,144.0,205.0,28.0,24.0,2.0,5.0,2.0,1.0
698889,273220,Munchkin,2489,T1,T1,0.78,1.46,97.0,287.0,5.0,13.0,9.0,7.0,3.0,4.0,69.0,85.0,76.0,185.0,19.0,16.0,0.0,0.0,0.0,0.0
698889,273220,BuZz,804,T1,T1,1.08,0.89,205.0,198.0,9.0,7.0,9.0,10.0,3.0,5.0,69.0,85.0,144.0,151.0,30.0,29.0,2.0,1.0,0.0,0.0
698889,273220,iZu,29833,T1,T1,0.79,0.94,186.0,203.0,8.0,9.0,10.0,9.0,2.0,3.0,54.0,69.0,116.0,130.0,26.0,22.0,1.0,3.0,4.0,2.0
698889,273220,DH,43057,T1,T1,0.8,0.76,138.0,132.0,5.0,5.0,8.0,10.0,5.0,8.0,69.0,69.0,92.0,84.0,16.0,32.0,1.0,1.0,1.0,0.0
698889,273221,something,17086,PRX,Paper Rex,1.7,1.12,264.0,230.0,13.0,10.0,7.0,7.0,0.0,1.0,58.0,75.0,172.0,138.0,32.0,16.0,1.0,4.0,3.0,2.0
698889,273221,f0rsakeN,9801,PRX,Paper Rex,0.92,1.39,201.0,223.0,7.0,9.0,10.0,6.0,7.0,9.0,83.0,75.0,129.0,117.0,23.0,18.0,0.0,0.0,1.0,0.0
698889,273221,Jinggg,7378,PRX,Paper Rex,1.25,0.87,213.0,150.0,9.0,6.0,8.0,8.0,2.0,4.0,67.0,100.0,145.0,94.0,29.0,21.0,1.0,0.0,0.0,2.0
698889,273221,invy,8504,PRX,Paper Rex,0.64,1.26,161.0,262.0,7.0,11.0,10.0,7.0,4.0,4.0,83.0,83.0,108.0,184.0,26.0,16.0,1.0,2.0,0.0,0.0
698889,273221,d4v41,9803,PRX,Paper Rex,0.42,1.17,159.0,225.0,7.0,9.0,11.0,8.0,1.0,3.0,50.0,75.0,98.0,147.0,42.0,17.0,2.0,2.0,3.0,0.0
698889,273221,Meteor,13039,T1,T1,0.9,1.71,238.0,355.0,10.0,16.0,10.0,10.0,2.0,1.0,58.0,75.0,154.0,225.0,32.0,40.0,2.0,4.0,4.0,2.0
698889,273221,iZu,29833,T1,T1,1.25,0.81,265.0,161.0,11.0,6.0,9.0,8.0,1.0,8.0,67.0,83.0,195.0,110.0,31.0,30.0,0.0,0.0,1.0,2.0
698889,273221,BuZz,804,T1,T1,0.73,1.03,131.0,225.0,4.0,9.0,9.0,10.0,7.0,8.0,58.0,92.0,85.0,153.0,9.0,19.0,0.0,1.0,0.0,0.0
698889,273221,DH,43057,T1,T1,0.79,0.95,187.0,144.0,8.0,7.0,10.0,6.0,3.0,2.0,75.0,67.0,141.0,97.0,26.0,18.0,2.0,0.0,3.0,1.0
698889,273221,Munchkin,2489,T1,T1,0.75,0.87,78.0,196.0,3.0,8.0,7.0,9.0,5.0,12.0,67.0,67.0,48.0,125.0,8.0,6.0,0.0,2.0,0.0,0.0
698889,273222,Jinggg,7378,PRX,Paper Rex,1.36,0.94,237.0,221.0,14.0,13.0,9.0,13.0,2.0,5.0,75.0,75.0,166.0,142.0,36.0,30.0,3.0,1.0,2.0,0.0
698889,273222,invy,8504,PRX,Paper Rex,1.23,0.82,180.0,145.0,11.0,8.0,8.0,10.0,2.0,3.0,63.0,81.0,127.0,122.0,35.0,26.0,2.0,0.0,0.0,2.0
698889,273222,f0rsakeN,9801,PRX,Paper Rex,0.93,0.98,166.0,212.0,8.0,12.0,9.0,12.0,3.0,4.0,63.0,63.0,110.0,131.0,25.0,39.0,2.0,2.0,1.0,2.0
698889,273222,d4v41,9803,PRX,Paper Rex,0.78,1.05,149.0,203.0,9.0,12.0,12.0,10.0,3.0,5.0,69.0,81.0,95.0,153.0,47.0,33.0,3.0,1.0,1.0,0.0
698889,273222,something,17086,PRX,Paper Rex,0.63,0.85,141.0,220.0,8.0,12.0,12.0,12.0,0.0,0.0,69.0,69.0,96.0,129.0,17.0,17.0,1.0,6.0,1.0,2.0
698889,273222,iZu,29833,T1,T1,1.35,1.17,269.0,200.0,16.0,10.0,11.0,9.0,4.0,5.0,75.0,63.0,170.0,138.0,35.0,22.0,2.0,1.0,0.0,2.0
698889,273222,BuZz,804,T1,T1,1.3,0.68,235.0,141.0,13.0,7.0,11.0,11.0,7.0,8.0,69.0,63.0,155.0,102.0,55.0,19.0,1.0,1.0,3.0,4.0
698889,273222,Meteor,13039,T1,T1,0.98,0.99,211.0,216.0,12.0,11.0,12.0,12.0,3.0,2.0,63.0,69.0,127.0,146.0,38.0,43.0,2.0,2.0,5.0,4.0
698889,273222,Munchkin,2489,T1,T1,0.47,1.38,114.0,248.0,6.0,15.0,13.0,9.0,4.0,3.0,56.0,81.0,68.0,169.0,20.0,21.0,1.0,1.0,1.0,0.0
698889,273222,DH,43057,T1,T1,1.07,0.7,179.0,110.0,10.0,7.0,10.0,9.0,3.0,1.0,75.0,63.0,109.0,82.0,53.0,29.0,0.0,0.0,1.0,1.0
698890,273223,Xross,42772,NS,Nongshim RedForce,1.38,1.87,202.0,372.0,10.0,16.0,6.0,8.0,2.0,6.0,92.0,83.0,149.0,215.0,35.0,34.0,0.0,4.0,1.0,0.0
698890,273223,Dambi,31827,NS,Nongshim RedForce,1.32,0.89,266.0,245.0,10.0,10.0,6.0,11.0,4.0,4.0,92.0,75.0,160.0,166.0,27.0,31.0,1.0,2.0,2.0,1.0
698890,273223,Ivy,31829,NS,Nongshim RedForce,1.23,0.67,281.0,158.0,13.0,7.0,9.0,9.0,2.0,0.0,75.0,67.0,158.0,109.0,38.0,35.0,3.0,0.0,1.0,2.0
698890,273223,Rb,488,NS,Nongshim RedForce,0.68,0.68,104.0,104.0,5.0,4.0,7.0,8.0,3.0,3.0,67.0,67.0,66.0,69.0,63.0,7.0,0.0,0.0,2.0,1.0
698890,273223,Francis,31828,NS,Nongshim RedForce,0.79,0.19,143.0,53.0,6.0,1.0,8.0,9.0,3.0,3.0,83.0,50.0,112.0,53.0,41.0,20.0,1.0,0.0,1.0,2.0
698890,273223,Raxcal,48925,GEN,Gen.G,1.21,1.27,193.0,253.0,8.0,9.0,6.0,8.0,2.0,2.0,75.0,83.0,131.0,214.0,30.0,29.0,1.0,2.0,2.0,0.0
698890,273223,Ash,25017,GEN,Gen.G,1.62,0.58,345.0,159.0,15.0,6.0,9.0,10.0,1.0,4.0,83.0,92.0,214.0,95.0,26.0,8.0,3.0,2.0,1.0,2.0
698890,273223,Efina,985,GEN,Gen.G,1.25,0.78,210.0,192.0,8.0,7.0,6.0,10.0,5.0,3.0,83.0,67.0,143.0,137.0,16.0,19.0,0.0,1.0,0.0,0.0
698890,273223,Karon,34974,GEN,Gen.G,0.65,1.28,70.0,194.0,3.0,8.0,8.0,7.0,6.0,5.0,58.0,67.0,45.0,125.0,29.0,53.0,0.0,1.0,1.0,0.0
698890,273223,t3xture,9196,GEN,Gen.G,1.09,0.76,270.0,141.0,11.0,6.0,9.0,9.0,3.0,2.0,75.0,67.0,196.0,93.0,29.0,6.0,2.0,1.0,2.0,3.0
698890,273224,Dambi,31827,NS,Nongshim RedForce,1.54,1.3,253.0,269.0,10.0,6.0,6.0,6.0,6.0,7.0,75.0,75.0,161.0,202.0,9.0,15.0,2.0,1.0,1.0,3.0
698890,273224,Francis,31828,NS,Nongshim RedForce,1.02,1.52,173.0,263.0,7.0,8.0,6.0,5.0,4.0,0.0,92.0,88.0,115.0,170.0,20.0,24.0,0.0,0.0,0.0,0.0
698890,273224,Rb,488,NS,Nongshim RedForce,1.36,0.9,223.0,166.0,11.0,5.0,5.0,6.0,4.0,4.0,75.0,100.0,127.0,103.0,22.0,25.0,1.0,0.0,1.0,0.0
698890,273224,Xross,42772,NS,Nongshim RedForce,1.07,1.3,222.0,285.0,9.0,7.0,7.0,6.0,3.0,2.0,100.0,88.0,151.0,189.0,16.0,10.0,3.0,2.0,1.0,0.0
698890,273224,Ivy,31829,NS,Nongshim RedForce,0.96,0.5,192.0,170.0,8.0,4.0,7.0,7.0,2.0,2.0,67.0,50.0,119.0,123.0,39.0,18.0,1.0,1.0,2.0,1.0
698890,273224,t3xture,9196,GEN,Gen.G,1.68,0.68,331.0,173.0,10.0,7.0,5.0,10.0,3.0,1.0,63.0,42.0,219.0,116.0,19.0,17.0,2.0,2.0,1.0,3.0
698890,273224,Ash,25017,GEN,Gen.G,0.42,1.28,149.0,271.0,5.0,11.0,7.0,10.0,0.0,3.0,75.0,75.0,103.0,166.0,42.0,27.0,0.0,3.0,1.0,0.0
698890,273224,Karon,34974,GEN,Gen.G,1.04,0.84,188.0,168.0,5.0,7.0,6.0,9.0,6.0,3.0,75.0,83.0,135.0,100.0,33.0,23.0,0.0,0.0,0.0,0.0
698890,273224,Raxcal,48925,GEN,Gen.G,1.32,0.4,254.0,48.0,7.0,1.0,6.0,8.0,4.0,4.0,88.0,67.0,188.0,44.0,43.0,8.0,2.0,0.0,2.0,2.0
698890,273224,Efina,985,GEN,Gen.G,0.5,0.81,73.0,141.0,3.0,5.0,6.0,8.0,2.0,1.0,63.0,75.0,37.0,100.0,0.0,19.0,0.0,0.0,0.0,2.0
698890,273225,Xross,42772,NS,Nongshim RedForce,1.35,0.15,215.0,106.0,10.0,1.0,8.0,5.0,3.0,0.0,83.0,20.0,139.0,78.0,14.0,50.0,1.0,0.0,1.0,1.0
698890,273225,Ivy,31829,NS,Nongshim RedForce,0.81,0.88,172.0,273.0,7.0,4.0,10.0,5.0,2.0,0.0,58.0,60.0,111.0,187.0,54.0,60.0,1.0,0.0,1.0,1.0
698890,273225,Francis,31828,NS,Nongshim RedForce,0.66,0.02,188.0,19.0,6.0,0.0,11.0,5.0,3.0,0.0,75.0,20.0,117.0,19.0,21.0,0.0,0.0,0.0,1.0,1.0
698890,273225,Rb,488,NS,Nongshim RedForce,0.54,0.05,138.0,10.0,5.0,0.0,10.0,5.0,3.0,0.0,67.0,,93.0,10.0,23.0,0.0,0.0,0.0,0.0,1.0
698890,273225,Dambi,31827,NS,Nongshim RedForce,0.55,0.02,160.0,27.0,5.0,0.0,11.0,5.0,6.0,0.0,67.0,,116.0,27.0,39.0,0.0,2.0,0.0,5.0,1.0
698890,273225,Raxcal,48925,GEN,Gen.G,2.45,1.45,385.0,279.0,8.0,11.0,0.0,8.0,3.0,8.0,100.0,92.0,222.0,182.0,31.0,26.0,1.0,1.0,0.0,0.0
698890,273225,Ash,25017,GEN,Gen.G,2.72,1.18,540.0,268.0,11.0,12.0,1.0,8.0,0.0,2.0,100.0,75.0,307.0,162.0,38.0,27.0,3.0,3.0,0.0,2.0
698890,273225,t3xture,9196,GEN,Gen.G,1.12,1.33,158.0,216.0,3.0,11.0,2.0,5.0,1.0,1.0,100.0,83.0,105.0,139.0,17.0,11.0,0.0,1.0,0.0,0.0
698890,273225,Karon,34974,GEN,Gen.G,1.38,1.19,121.0,191.0,2.0,8.0,1.0,5.0,5.0,6.0,100.0,100.0,64.0,139.0,17.0,48.0,1.0,2.0,0.0,1.0
698890,273225,Efina,985,GEN,Gen.G,1.26,1.17,89.0,200.0,1.0,8.0,1.0,7.0,6.0,5.0,100.0,67.0,43.0,133.0,0.0,8.0,0.0,1.0,0.0,1.0
698891,273226,BeYN,4678,KRX,KIWOOM DRX,1.16,0.42,165.0,114.0,8.0,2.0,8.0,5.0,2.0,1.0,83.0,40.0,120.0,75.0,32.0,67.0,0.0,1.0,1.0,0.0
698891,273226,HYUNMIN,28400,KRX,KIWOOM DRX,1.0,0.43,244.0,167.0,8.0,2.0,11.0,5.0,7.0,2.0,83.0,80.0,164.0,117.0,48.0,7.0,1.0,0.0,3.0,2.0
698891,273226,MaKo,4462,KRX,KIWOOM DRX,1.06,0.2,204.0,103.0,9.0,2.0,10.0,5.0,4.0,0.0,67.0,40.0,113.0,57.0,30.0,40.0,1.0,0.0,0.0,1.0
698891,273226,free1ng,1916,KRX,KIWOOM DRX,0.59,0.7,182.0,186.0,6.0,3.0,12.0,5.0,5.0,1.0,75.0,80.0,136.0,121.0,32.0,50.0,1.0,0.0,3.0,1.0
698891,273226,Flicker,51100,KRX,KIWOOM DRX,0.57,0.25,135.0,91.0,6.0,1.0,11.0,5.0,1.0,2.0,67.0,60.0,99.0,85.0,26.0,29.0,1.0,0.0,1.0,0.0
698891,273226,Zeus,46135,TS,Team Secret,2.11,1.43,418.0,282.0,8.0,12.0,4.0,7.0,2.0,4.0,100.0,92.0,287.0,200.0,25.0,26.0,2.0,2.0,0.0,2.0
698891,273226,STYRON,11704,TS,Team Secret,1.03,1.47,79.0,310.0,2.0,14.0,1.0,7.0,1.0,1.0,80.0,83.0,50.0,216.0,20.0,31.0,0.0,3.0,0.0,1.0
698891,273226,kellyS,7437,TS,Team Secret,1.99,0.99,311.0,249.0,6.0,11.0,1.0,10.0,3.0,4.0,100.0,83.0,207.0,144.0,8.0,27.0,1.0,2.0,0.0,0.0
698891,273226,natz,7049,TS,Team Secret,1.2,1.31,222.0,219.0,5.0,9.0,3.0,5.0,0.0,4.0,60.0,92.0,144.0,139.0,57.0,23.0,1.0,1.0,1.0,0.0
698891,273226,Sylvan,4056,TS,Team Secret,1.7,0.74,188.0,138.0,4.0,6.0,1.0,8.0,3.0,9.0,100.0,67.0,136.0,85.0,14.0,22.0,0.0,0.0,0.0,1.0
698891,273227,BeYN,4678,KRX,KIWOOM DRX,0.82,1.52,209.0,332.0,5.0,14.0,7.0,8.0,2.0,3.0,63.0,67.0,138.0,190.0,14.0,25.0,0.0,1.0,0.0,1.0
698891,273227,HYUNMIN,28400,KRX,KIWOOM DRX,1.11,1.1,261.0,189.0,7.0,8.0,6.0,8.0,0.0,3.0,50.0,67.0,146.0,136.0,44.0,71.0,0.0,0.0,1.0,1.0
698891,273227,free1ng,1916,KRX,KIWOOM DRX,0.9,1.14,215.0,302.0,6.0,12.0,6.0,9.0,0.0,2.0,38.0,58.0,129.0,189.0,50.0,43.0,1.0,1.0,0.0,3.0
698891,273227,MaKo,4462,KRX,KIWOOM DRX,0.93,0.87,141.0,195.0,3.0,7.0,6.0,9.0,3.0,3.0,63.0,58.0,111.0,120.0,22.0,41.0,0.0,2.0,0.0,0.0
698891,273227,Flicker,51100,KRX,KIWOOM DRX,0.02,0.77,63.0,150.0,1.0,6.0,8.0,9.0,1.0,3.0,50.0,58.0,46.0,117.0,17.0,19.0,1.0,2.0,5.0,1.0
698891,273227,Sylvan,4056,TS,Team Secret,1.37,1.32,204.0,192.0,10.0,6.0,7.0,4.0,5.0,4.0,83.0,50.0,143.0,123.0,21.0,35.0,0.0,1.0,1.0,0.0
698891,273227,STYRON,11704,TS,Team Secret,0.98,1.33,165.0,206.0,7.0,6.0,8.0,4.0,3.0,5.0,67.0,88.0,97.0,133.0,18.0,63.0,0.0,1.0,0.0,0.0
698891,273227,kellyS,7437,TS,Team Secret,1.0,0.93,259.0,203.0,9.0,5.0,11.0,5.0,6.0,6.0,75.0,75.0,185.0,141.0,15.0,21.0,1.0,1.0,0.0,1.0
698891,273227,Zeus,46135,TS,Team Secret,0.61,1.47,168.0,253.0,8.0,8.0,10.0,4.0,0.0,2.0,58.0,63.0,101.0,181.0,40.0,44.0,3.0,0.0,2.0,1.0
698891,273227,natz,7049,TS,Team Secret,0.6,1.44,210.0,290.0,9.0,8.0,11.0,5.0,2.0,2.0,50.0,100.0,144.0,171.0,39.0,30.0,2.0,3.0,3.0,0.0
698892,273229,Autumn,872,GE,Global Esports,1.43,1.52,316.0,243.0,10.0,11.0,6.0,5.0,2.0,2.0,63.0,75.0,228.0,174.0,26.0,26.0,0.0,2.0,2.0,1.0
698892,273229,PatMen,13744,GE,Global Esports,1.94,0.77,315.0,154.0,10.0,7.0,4.0,9.0,2.0,4.0,88.0,58.0,186.0,109.0,32.0,44.0,1.0,2.0,0.0,2.0
698892,273229,Kr1stal,5796,GE,Global Esports,1.99,0.67,282.0,180.0,9.0,7.0,2.0,9.0,2.0,4.0,100.0,58.0,164.0,124.0,9.0,8.0,1.0,1.0,0.0,1.0
698892,273229,xavi8k,7754,GE,Global Esports,0.89,1.38,150.0,305.0,3.0,11.0,5.0,8.0,4.0,7.0,63.0,75.0,130.0,199.0,42.0,14.0,0.0,0.0,2.0,2.0
698892,273229,UdoTan,4428,GE,Global Esports,0.15,1.62,51.0,258.0,1.0,11.0,6.0,6.0,2.0,1.0,63.0,100.0,36.0,177.0,17.0,46.0,0.0,1.0,2.0,0.0
698892,273229,Crws,3977,FS,FULL SENSE,1.31,0.6,236.0,174.0,9.0,3.0,8.0,6.0,5.0,4.0,67.0,75.0,161.0,154.0,11.0,18.0,0.0,0.0,0.0,0.0
698892,273229,seph1roth,27244,FS,FULL SENSE,0.74,1.34,140.0,256.0,6.0,8.0,9.0,6.0,1.0,1.0,58.0,88.0,103.0,174.0,40.0,29.0,0.0,0.0,0.0,0.0
698892,273229,primmie,25255,FS,FULL SENSE,1.22,0.24,263.0,91.0,12.0,2.0,9.0,7.0,1.0,1.0,75.0,50.0,159.0,62.0,42.0,13.0,6.0,1.0,3.0,2.0
698892,273229,JitBoyS,13788,FS,FULL SENSE,0.42,1.37,148.0,312.0,6.0,9.0,11.0,7.0,2.0,0.0,50.0,100.0,108.0,198.0,29.0,33.0,0.0,4.0,3.0,0.0
698892,273229,Killua,13784,FS,FULL SENSE,0.54,0.09,143.0,46.0,4.0,1.0,10.0,7.0,2.0,1.0,58.0,50.0,115.0,31.0,31.0,50.0,0.0,1.0,0.0,0.0
698892,273230,Autumn,872,GE,Global Esports,1.79,1.96,278.0,291.0,4.0,14.0,2.0,2.0,2.0,0.0,75.0,83.0,198.0,189.0,40.0,25.0,0.0,4.0,0.0,1.0
698892,273230,PatMen,13744,GE,Global Esports,1.45,1.86,387.0,345.0,6.0,17.0,4.0,3.0,1.0,3.0,100.0,92.0,183.0,196.0,19.0,33.0,2.0,3.0,0.0,0.0
698892,273230,UdoTan,4428,GE,Global Esports,0.92,1.28,187.0,224.0,3.0,9.0,3.0,6.0,1.0,5.0,75.0,83.0,148.0,163.0,20.0,34.0,0.0,2.0,0.0,1.0
698892,273230,xavi8k,7754,GE,Global Esports,0.23,1.37,67.0,224.0,0.0,10.0,3.0,5.0,2.0,6.0,100.0,83.0,67.0,143.0,13.0,27.0,0.0,0.0,2.0,1.0
698892,273230,Kr1stal,5796,GE,Global Esports,1.14,0.94,124.0,70.0,2.0,2.0,2.0,3.0,3.0,2.0,75.0,75.0,80.0,53.0,17.0,30.0,0.0,0.0,0.0,0.0
698892,273230,primmie,25255,FS,FULL SENSE,1.16,1.55,256.0,245.0,10.0,4.0,10.0,2.0,2.0,0.0,58.0,75.0,156.0,156.0,46.0,29.0,1.0,0.0,2.0,0.0
698892,273230,Crws,3977,FS,FULL SENSE,0.47,1.7,121.0,313.0,3.0,5.0,11.0,3.0,3.0,2.0,33.0,75.0,98.0,167.0,22.0,21.0,1.0,1.0,2.0,0.0
698892,273230,Killua,13784,FS,FULL SENSE,0.45,0.03,69.0,23.0,3.0,0.0,10.0,3.0,1.0,1.0,42.0,50.0,61.0,23.0,30.0,0.0,0.0,0.0,0.0,0.0
698892,273230,JitBoyS,13788,FS,FULL SENSE,0.19,0.54,73.0,133.0,3.0,2.0,11.0,3.0,0.0,0.0,33.0,75.0,41.0,109.0,10.0,40.0,1.0,1.0,3.0,2.0
698892,273230,seph1roth,27244,FS,FULL SENSE,0.05,0.59,12.0,196.0,0.0,3.0,10.0,4.0,1.0,0.0,25.0,75.0,12.0,114.0,0.0,38.0,0.0,0.0,2.0,0.0
698893,273232,BuZz,804,T1,T1,0.99,1.57,231.0,299.0,10.0,15.0,11.0,6.0,3.0,0.0,69.0,85.0,155.0,186.0,20.0,29.0,1.0,4.0,2.0,1.0
698893,273232,iZu,29833,T1,T1,1.6,0.75,306.0,158.0,14.0,7.0,9.0,8.0,7.0,2.0,77.0,77.0,210.0,115.0,44.0,27.0,2.0,0.0,0.0,0.0
698893,273232,Meteor,13039,T1,T1,1.08,1.09,218.0,211.0,9.0,9.0,10.0,9.0,1.0,4.0,69.0,85.0,160.0,162.0,27.0,19.0,1.0,3.0,0.0,1.0
698893,273232,Munchkin,2489,T1,T1,0.72,1.0,170.0,190.0,8.0,8.0,11.0,8.0,2.0,14.0,62.0,77.0,106.0,113.0,19.0,16.0,0.0,1.0,4.0,2.0
698893,273232,DH,43057,T1,T1,0.38,0.97,124.0,184.0,5.0,9.0,12.0,8.0,3.0,6.0,62.0,77.0,95.0,124.0,22.0,25.0,1.0,1.0,2.0,0.0
698893,273232,XuNa,42733,VL,VARREL,0.92,1.51,138.0,306.0,6.0,15.0,9.0,9.0,4.0,3.0,69.0,77.0,98.0,168.0,29.0,30.0,1.0,4.0,0.0,0.0
698893,273232,Foxy9,11600,VL,VARREL,1.39,0.9,279.0,208.0,13.0,8.0,10.0,9.0,2.0,3.0,54.0,77.0,158.0,150.0,37.0,47.0,2.0,1.0,2.0,2.0
698893,273232,Zexy,37532,VL,VARREL,0.77,1.15,174.0,300.0,8.0,14.0,11.0,11.0,0.0,2.0,62.0,85.0,109.0,191.0,38.0,36.0,0.0,2.0,3.0,1.0
698893,273232,oonzmlp,34926,VL,VARREL,0.75,1.14,126.0,192.0,5.0,9.0,9.0,8.0,6.0,9.0,62.0,77.0,77.0,119.0,38.0,45.0,0.0,0.0,0.0,0.0
698893,273232,C1ndeR,2149,VL,VARREL,0.94,0.8,149.0,157.0,7.0,7.0,9.0,9.0,5.0,7.0,62.0,69.0,109.0,113.0,26.0,32.0,1.0,1.0,4.0,2.0
698893,273233,Meteor,13039,T1,T1,1.48,1.06,302.0,165.0,13.0,8.0,7.0,7.0,1.0,2.0,73.0,75.0,201.0,100.0,32.0,30.0,2.0,3.0,1.0,1.0
698893,273233,BuZz,804,T1,T1,1.04,1.17,183.0,272.0,8.0,10.0,7.0,9.0,3.0,6.0,82.0,92.0,120.0,196.0,21.0,42.0,0.0,2.0,0.0,2.0
698893,273233,DH,43057,T1,T1,1.02,1.08,207.0,227.0,7.0,10.0,8.0,9.0,6.0,5.0,64.0,67.0,122.0,152.0,17.0,19.0,1.0,1.0,1.0,0.0
698893,273233,Munchkin,2489,T1,T1,1.07,0.59,205.0,151.0,8.0,6.0,6.0,9.0,4.0,1.0,82.0,58.0,137.0,103.0,3.0,19.0,1.0,0.0,1.0,0.0
698893,273233,iZu,29833,T1,T1,0.5,0.56,142.0,187.0,6.0,7.0,9.0,11.0,2.0,4.0,82.0,58.0,82.0,117.0,20.0,6.0,1.0,1.0,3.0,2.0
698893,273233,Foxy9,11600,VL,VARREL,2.29,0.68,371.0,191.0,17.0,6.0,6.0,9.0,2.0,3.0,75.0,82.0,228.0,125.0,41.0,44.0,3.0,2.0,1.0,1.0
698893,273233,Klaus,4426,VL,VARREL,1.11,1.81,236.0,235.0,11.0,10.0,9.0,6.0,2.0,9.0,75.0,64.0,134.0,144.0,22.0,50.0,1.0,1.0,2.0,0.0
698893,273233,XuNa,42733,VL,VARREL,0.94,0.98,130.0,209.0,5.0,6.0,6.0,8.0,3.0,5.0,92.0,55.0,93.0,156.0,22.0,56.0,0.0,0.0,0.0,1.0
698893,273233,oonzmlp,34926,VL,VARREL,0.82,1.07,195.0,208.0,7.0,8.0,10.0,9.0,7.0,6.0,83.0,64.0,126.0,140.0,40.0,26.0,0.0,1.0,3.0,1.0
698893,273233,Zexy,37532,VL,VARREL,0.53,0.63,140.0,197.0,5.0,7.0,10.0,10.0,4.0,1.0,75.0,45.0,96.0,106.0,19.0,8.0,1.0,2.0,1.0,2.0
698894,273235,Xan,11737,RRQ,Rex Regum Qeon,0.8,1.14,176.0,251.0,6.0,12.0,9.0,8.0,1.0,0.0,50.0,58.0,117.0,132.0,22.0,23.0,1.0,3.0,0.0,0.0
698894,273235,Monyet,8497,RRQ,Rex Regum Qeon,0.47,1.29,128.0,216.0,4.0,9.0,8.0,7.0,1.0,3.0,60.0,75.0,82.0,148.0,27.0,33.0,0.0,1.0,2.0,0.0
698894,273235,xffero,4871,RRQ,Rex Regum Qeon,0.16,1.48,38.0,308.0,1.0,12.0,8.0,9.0,1.0,4.0,60.0,67.0,27.0,217.0,40.0,17.0,0.0,2.0,4.0,0.0
698894,273235,Jemkin,24895,RRQ,Rex Regum Qeon,0.69,0.77,123.0,176.0,3.0,8.0,8.0,9.0,3.0,1.0,50.0,58.0,84.0,120.0,14.0,33.0,0.0,0.0,2.0,3.0
698894,273235,crazyguy,1430,RRQ,Rex Regum Qeon,0.81,0.38,203.0,118.0,6.0,2.0,8.0,10.0,2.0,7.0,60.0,67.0,143.0,105.0,28.0,25.0,0.0,0.0,1.0,3.0
698894,273235,eKo,1960,ZETA,ZETA DIVISION,1.32,1.89,300.0,302.0,13.0,11.0,9.0,3.0,2.0,1.0,67.0,100.0,187.0,181.0,37.0,28.0,2.0,2.0,2.0,0.0
698894,273235,SugarZ3ro,6668,ZETA,ZETA DIVISION,1.34,1.45,262.0,245.0,11.0,10.0,8.0,4.0,3.0,6.0,75.0,90.0,158.0,150.0,19.0,40.0,1.0,2.0,0.0,0.0
698894,273235,Absol,34776,ZETA,ZETA DIVISION,0.65,2.06,135.0,452.0,5.0,16.0,9.0,5.0,2.0,4.0,50.0,80.0,88.0,281.0,21.0,16.0,2.0,3.0,2.0,1.0
698894,273235,SyouTa,12990,ZETA,ZETA DIVISION,0.91,0.81,129.0,39.0,6.0,1.0,8.0,3.0,2.0,0.0,50.0,90.0,111.0,27.0,60.0,17.0,1.0,1.0,2.0,0.0
698894,273235,Xdll,25221,ZETA,ZETA DIVISION,0.87,0.81,205.0,101.0,8.0,3.0,9.0,5.0,9.0,8.0,67.0,80.0,115.0,57.0,14.0,33.0,0.0,1.0,0.0,0.0
698894,273236,Monyet,8497,RRQ,Rex Regum Qeon,1.18,1.37,300.0,228.0,6.0,11.0,5.0,9.0,1.0,4.0,67.0,75.0,198.0,153.0,31.0,32.0,1.0,0.0,1.0,0.0
698894,273236,crazyguy,1430,RRQ,Rex Regum Qeon,1.25,1.29,245.0,241.0,6.0,9.0,5.0,8.0,1.0,4.0,67.0,67.0,155.0,184.0,20.0,22.0,0.0,1.0,1.0,1.0
698894,273236,xffero,4871,RRQ,Rex Regum Qeon,0.29,0.75,100.0,132.0,2.0,6.0,5.0,8.0,0.0,2.0,50.0,58.0,58.0,93.0,0.0,35.0,0.0,0.0,1.0,0.0
698894,273236,Jemkin,24895,RRQ,Rex Regum Qeon,0.28,0.71,88.0,200.0,2.0,8.0,5.0,11.0,0.0,2.0,50.0,75.0,46.0,131.0,14.0,26.0,0.0,1.0,2.0,2.0
698894,273236,Xan,11737,RRQ,Rex Regum Qeon,0.06,0.59,51.0,169.0,0.0,7.0,6.0,11.0,3.0,2.0,50.0,75.0,51.0,91.0,14.0,6.0,0.0,3.0,0.0,4.0
698894,273236,SyouTa,12990,ZETA,ZETA DIVISION,1.5,1.56,367.0,291.0,16.0,7.0,9.0,4.0,3.0,1.0,92.0,83.0,214.0,210.0,42.0,29.0,4.0,0.0,0.0,0.0
698894,273236,eKo,1960,ZETA,ZETA DIVISION,1.18,1.52,209.0,228.0,8.0,5.0,7.0,3.0,7.0,1.0,83.0,100.0,141.0,169.0,21.0,25.0,0.0,2.0,1.0,0.0
698894,273236,Xdll,25221,ZETA,ZETA DIVISION,0.64,1.87,117.0,345.0,5.0,8.0,8.0,2.0,1.0,1.0,75.0,83.0,92.0,193.0,15.0,33.0,0.0,1.0,1.0,0.0
698894,273236,Absol,34776,ZETA,ZETA DIVISION,0.93,1.27,201.0,222.0,9.0,5.0,9.0,3.0,2.0,0.0,83.0,67.0,129.0,159.0,23.0,46.0,2.0,2.0,2.0,1.0
698894,273236,SugarZ3ro,6668,ZETA,ZETA DIVISION,0.98,0.46,213.0,64.0,9.0,1.0,8.0,4.0,6.0,3.0,83.0,83.0,136.0,38.0,28.0,25.0,1.0,0.0,1.0,0.0
698895,273238,yatsuka,29843,DFM,DetonatioN FocusMe,1.31,1.05,287.0,202.0,11.0,8.0,9.0,8.0,3.0,4.0,73.0,67.0,163.0,121.0,43.0,59.0,1.0,1.0,1.0,0.0
698895,273238,Akame,13002,DFM,DetonatioN FocusMe,0.99,1.13,193.0,235.0,7.0,10.0,10.0,7.0,5.0,1.0,64.0,75.0,126.0,149.0,38.0,45.0,0.0,1.0,0.0,3.0
698895,273238,SSeeS,21438,DFM,DetonatioN FocusMe,0.33,1.4,100.0,222.0,4.0,10.0,10.0,6.0,1.0,6.0,73.0,83.0,67.0,135.0,31.0,29.0,0.0,1.0,3.0,0.0
698895,273238,Meiy,6672,DFM,DetonatioN FocusMe,0.65,0.89,250.0,159.0,9.0,6.0,12.0,8.0,1.0,3.0,64.0,67.0,167.0,111.0,17.0,13.0,2.0,2.0,1.0,3.0
698895,273238,Caedye,29841,DFM,DetonatioN FocusMe,0.51,0.96,135.0,159.0,6.0,7.0,10.0,6.0,0.0,1.0,55.0,75.0,77.0,98.0,50.0,26.0,1.0,0.0,2.0,1.0
698895,273238,something,17086,PRX,Paper Rex,1.44,1.15,251.0,239.0,11.0,10.0,8.0,6.0,4.0,4.0,75.0,82.0,171.0,153.0,50.0,44.0,1.0,2.0,0.0,2.0
698895,273238,f0rsakeN,9801,PRX,Paper Rex,0.94,1.3,179.0,263.0,7.0,11.0,9.0,7.0,7.0,3.0,75.0,82.0,114.0,174.0,39.0,43.0,2.0,1.0,0.0,0.0
698895,273238,d4v41,9803,PRX,Paper Rex,0.93,1.25,155.0,234.0,6.0,10.0,6.0,7.0,3.0,3.0,83.0,82.0,107.0,145.0,70.0,57.0,1.0,1.0,2.0,1.0
698895,273238,invy,8504,PRX,Paper Rex,0.83,1.02,139.0,254.0,6.0,10.0,8.0,9.0,1.0,2.0,67.0,91.0,125.0,169.0,37.0,48.0,0.0,1.0,0.0,1.0
698895,273238,Jinggg,7378,PRX,Paper Rex,0.47,1.16,145.0,241.0,5.0,10.0,10.0,8.0,2.0,2.0,67.0,100.0,100.0,155.0,20.0,39.0,3.0,2.0,3.0,0.0
698895,273239,Meiy,6672,DFM,DetonatioN FocusMe,1.09,1.5,274.0,323.0,15.0,16.0,15.0,12.0,0.0,6.0,50.0,81.0,185.0,208.0,26.0,28.0,1.0,7.0,3.0,0.0
698895,273239,Akame,13002,DFM,DetonatioN FocusMe,0.92,1.09,184.0,221.0,9.0,12.0,11.0,10.0,4.0,2.0,69.0,63.0,124.0,157.0,38.0,34.0,0.0,2.0,1.0,0.0
698895,273239,Caedye,29841,DFM,DetonatioN FocusMe,0.94,0.86,187.0,121.0,10.0,8.0,12.0,9.0,5.0,4.0,75.0,75.0,137.0,83.0,31.0,27.0,0.0,1.0,0.0,1.0
698895,273239,yatsuka,29843,DFM,DetonatioN FocusMe,0.39,1.39,124.0,271.0,5.0,16.0,14.0,11.0,4.0,2.0,50.0,81.0,80.0,173.0,15.0,26.0,3.0,4.0,8.0,1.0
698895,273239,SSeeS,21438,DFM,DetonatioN FocusMe,0.83,0.91,159.0,189.0,10.0,11.0,12.0,11.0,9.0,8.0,81.0,69.0,71.0,120.0,19.0,26.0,0.0,0.0,0.0,0.0
698895,273239,invy,8504,PRX,Paper Rex,1.39,1.23,242.0,213.0,14.0,11.0,11.0,9.0,8.0,7.0,75.0,81.0,161.0,173.0,23.0,35.0,0.0,0.0,3.0,1.0
698895,273239,something,17086,PRX,Paper Rex,0.68,1.56,188.0,259.0,10.0,16.0,13.0,8.0,3.0,0.0,44.0,81.0,117.0,175.0,25.0,39.0,1.0,2.0,6.0,2.0
698895,273239,d4v41,9803,PRX,Paper Rex,0.67,1.47,151.0,318.0,9.0,19.0,12.0,10.0,3.0,3.0,50.0,94.0,100.0,196.0,18.0,12.0,0.0,7.0,1.0,1.0
698895,273239,f0rsakeN,9801,PRX,Paper Rex,0.82,0.94,209.0,162.0,12.0,8.0,14.0,9.0,4.0,9.0,69.0,75.0,136.0,104.0,36.0,43.0,1.0,2.0,3.0,0.0
698895,273239,Jinggg,7378,PRX,Paper Rex,0.77,0.82,143.0,168.0,8.0,10.0,13.0,13.0,5.0,8.0,75.0,81.0,101.0,107.0,21.0,21.0,0.0,1.0,1.0,0.0
698897,273241,Xross,42772,NS,Nongshim RedForce,0.95,1.59,190.0,296.0,7.0,8.0,9.0,4.0,2.0,2.0,50.0,71.0,130.0,207.0,28.0,32.0,0.0,1.0,2.0,1.0
698897,273241,Francis,31828,NS,Nongshim RedForce,0.5,2.08,96.0,405.0,4.0,12.0,10.0,5.0,3.0,2.0,67.0,100.0,64.0,258.0,25.0,53.0,0.0,1.0,1.0,0.0
698897,273241,Ivy,31829,NS,Nongshim RedForce,1.32,0.46,282.0,94.0,11.0,2.0,10.0,5.0,1.0,2.0,67.0,71.0,176.0,64.0,42.0,33.0,2.0,0.0,0.0,0.0
698897,273241,Dambi,31827,NS,Nongshim RedForce,0.53,0.75,160.0,193.0,6.0,4.0,11.0,5.0,3.0,2.0,67.0,71.0,102.0,124.0,47.0,31.0,0.0,1.0,4.0,3.0
698897,273241,Rb,488,NS,Nongshim RedForce,0.07,0.43,103.0,91.0,4.0,2.0,12.0,5.0,0.0,1.0,42.0,71.0,62.0,54.0,36.0,17.0,0.0,0.0,3.0,0.0
698897,273241,PatMen,13744,GE,Global Esports,1.49,1.35,280.0,245.0,7.0,11.0,5.0,6.0,2.0,7.0,71.0,83.0,194.0,151.0,44.0,27.0,0.0,2.0,0.0,0.0
698897,273241,Autumn,872,GE,Global Esports,1.42,1.38,227.0,270.0,7.0,13.0,4.0,7.0,0.0,1.0,57.0,83.0,130.0,148.0,29.0,29.0,0.0,2.0,1.0,1.0
698897,273241,UdoTan,4428,GE,Global Esports,0.4,1.53,164.0,281.0,4.0,13.0,7.0,7.0,0.0,3.0,57.0,83.0,102.0,192.0,44.0,40.0,2.0,5.0,1.0,1.0
698897,273241,xavi8k,7754,GE,Global Esports,0.67,1.17,167.0,173.0,4.0,7.0,6.0,6.0,0.0,5.0,57.0,83.0,122.0,126.0,36.0,14.0,2.0,0.0,1.0,0.0
698897,273241,Kr1stal,5796,GE,Global Esports,0.41,1.04,108.0,187.0,2.0,8.0,6.0,6.0,1.0,2.0,71.0,67.0,76.0,129.0,22.0,32.0,0.0,1.0,0.0,0.0
698897,273243,Dambi,31827,NS,Nongshim RedForce,1.4,1.84,310.0,295.0,9.0,14.0,5.0,7.0,0.0,4.0,75.0,83.0,194.0,205.0,19.0,33.0,4.0,0.0,0.0,0.0
698897,273243,Rb,488,NS,Nongshim RedForce,1.71,1.13,294.0,277.0,8.0,13.0,4.0,8.0,3.0,3.0,88.0,75.0,219.0,165.0,39.0,8.0,1.0,1.0,0.0,3.0
698897,273243,Ivy,31829,NS,Nongshim RedForce,0.64,1.71,149.0,306.0,4.0,13.0,5.0,7.0,1.0,5.0,63.0,83.0,124.0,187.0,50.0,24.0,1.0,3.0,0.0,1.0
698897,273243,Xross,42772,NS,Nongshim RedForce,1.25,0.86,180.0,214.0,5.0,8.0,4.0,8.0,2.0,3.0,75.0,75.0,144.0,145.0,33.0,15.0,1.0,1.0,0.0,2.0
698897,273243,Francis,31828,NS,Nongshim RedForce,0.6,0.56,126.0,109.0,3.0,4.0,5.0,8.0,3.0,6.0,75.0,58.0,91.0,69.0,13.0,13.0,0.0,1.0,1.0,0.0
698897,273243,xavi8k,7754,GE,Global Esports,1.78,1.27,380.0,166.0,15.0,5.0,9.0,4.0,0.0,0.0,58.0,50.0,232.0,113.0,23.0,14.0,2.0,0.0,0.0,2.0
698897,273243,UdoTan,4428,GE,Global Esports,0.63,1.19,162.0,255.0,6.0,7.0,10.0,6.0,3.0,3.0,50.0,63.0,94.0,184.0,26.0,14.0,2.0,1.0,3.0,1.0
698897,273243,Autumn,872,GE,Global Esports,0.54,1.22,131.0,207.0,6.0,6.0,11.0,5.0,1.0,5.0,58.0,75.0,85.0,139.0,11.0,14.0,1.0,0.0,2.0,1.0
698897,273243,Kr1stal,5796,GE,Global Esports,0.6,0.42,135.0,78.0,5.0,2.0,10.0,6.0,4.0,1.0,58.0,50.0,91.0,63.0,33.0,0.0,0.0,0.0,0.0,1.0
698897,273243,PatMen,13744,GE,Global Esports,0.4,0.57,160.0,129.0,6.0,3.0,12.0,8.0,5.0,4.0,67.0,63.0,96.0,88.0,26.0,21.0,1.0,0.0,1.0,2.0
698897,278340,Rb,488,NS,Nongshim RedForce,0.79,2.31,153.0,389.0,4.0,18.0,7.0,4.0,1.0,5.0,50.0,92.0,119.0,237.0,25.0,20.0,0.0,2.0,0.0,0.0
698897,278340,Francis,31828,NS,Nongshim RedForce,1.39,1.61,300.0,300.0,7.0,13.0,6.0,4.0,6.0,4.0,75.0,92.0,214.0,187.0,23.0,13.0,0.0,0.0,0.0,1.0
698897,278340,Xross,42772,NS,Nongshim RedForce,1.02,1.26,170.0,219.0,5.0,10.0,6.0,6.0,2.0,3.0,63.0,100.0,117.0,152.0,42.0,29.0,1.0,1.0,1.0,2.0
698897,278340,Ivy,31829,NS,Nongshim RedForce,0.78,0.81,164.0,115.0,5.0,4.0,6.0,5.0,0.0,4.0,50.0,75.0,111.0,80.0,15.0,20.0,1.0,1.0,2.0,0.0
698897,278340,Dambi,31827,NS,Nongshim RedForce,0.18,1.19,91.0,232.0,2.0,11.0,7.0,6.0,1.0,5.0,38.0,83.0,57.0,141.0,11.0,15.0,0.0,3.0,3.0,2.0
698897,278340,Autumn,872,GE,Global Esports,0.67,1.73,168.0,338.0,6.0,10.0,12.0,4.0,2.0,1.0,50.0,63.0,128.0,191.0,35.0,17.0,2.0,2.0,0.0,0.0
698897,278340,Kr1stal,5796,GE,Global Esports,0.75,1.14,103.0,176.0,5.0,5.0,10.0,4.0,1.0,3.0,42.0,75.0,82.0,125.0,44.0,15.0,0.0,1.0,0.0,0.0
698897,278340,PatMen,13744,GE,Global Esports,0.43,1.14,146.0,257.0,5.0,7.0,12.0,7.0,1.0,4.0,50.0,88.0,98.0,149.0,43.0,11.0,2.0,1.0,2.0,0.0
698897,278340,UdoTan,4428,GE,Global Esports,0.71,0.72,170.0,139.0,6.0,4.0,11.0,5.0,1.0,3.0,33.0,63.0,125.0,112.0,50.0,6.0,1.0,0.0,2.0,1.0
698897,278340,xavi8k,7754,GE,Global Esports,0.25,1.34,98.0,189.0,3.0,6.0,11.0,3.0,2.0,4.0,42.0,88.0,66.0,132.0,23.0,55.0,0.0,2.0,3.0,1.0
698898,273244,Sylvan,4056,TS,Team Secret,1.38,1.1,218.0,217.0,5.0,9.0,3.0,10.0,2.0,1.0,67.0,67.0,155.0,146.0,45.0,20.0,0.0,1.0,0.0,2.0
698898,273244,kellyS,7437,TS,Team Secret,1.23,0.85,284.0,193.0,7.0,6.0,5.0,11.0,0.0,7.0,83.0,75.0,194.0,132.0,31.0,29.0,1.0,2.0,0.0,0.0
698898,273244,natz,7049,TS,Team Secret,0.17,0.91,29.0,198.0,0.0,9.0,4.0,11.0,1.0,0.0,50.0,58.0,29.0,131.0,0.0,26.0,0.0,1.0,1.0,0.0
698898,273244,STYRON,11704,TS,Team Secret,0.81,0.51,134.0,121.0,3.0,4.0,4.0,12.0,2.0,5.0,67.0,67.0,89.0,75.0,43.0,9.0,1.0,1.0,0.0,1.0
698898,273244,Zeus,46135,TS,Team Secret,0.46,0.55,168.0,148.0,3.0,6.0,6.0,11.0,1.0,2.0,67.0,58.0,110.0,87.0,27.0,11.0,2.0,0.0,1.0,4.0
698898,273244,iZu,29833,T1,T1,1.77,2.25,294.0,404.0,14.0,8.0,4.0,2.0,1.0,4.0,92.0,100.0,195.0,215.0,31.0,38.0,1.0,1.0,1.0,0.0
698898,273244,BuZz,804,T1,T1,1.62,1.07,304.0,222.0,15.0,4.0,6.0,5.0,3.0,4.0,92.0,100.0,195.0,154.0,26.0,27.0,0.0,1.0,0.0,0.0
698898,273244,Munchkin,2489,T1,T1,0.74,1.67,129.0,258.0,5.0,6.0,7.0,3.0,7.0,5.0,75.0,83.0,89.0,198.0,17.0,35.0,0.0,0.0,1.0,1.0
698898,273244,DH,43057,T1,T1,0.88,0.69,211.0,131.0,10.0,3.0,8.0,4.0,2.0,1.0,75.0,67.0,153.0,87.0,35.0,33.0,2.0,0.0,1.0,1.0
698898,273244,Meteor,13039,T1,T1,1.0,0.46,253.0,89.0,11.0,1.0,9.0,4.0,1.0,3.0,92.0,50.0,143.0,77.0,25.0,0.0,4.0,0.0,2.0,2.0
698898,273245,STYRON,11704,TS,Team Secret,0.54,1.37,156.0,250.0,3.0,9.0,6.0,8.0,0.0,4.0,17.0,58.0,86.0,173.0,22.0,21.0,0.0,3.0,0.0,0.0
698898,273245,Sylvan,4056,TS,Team Secret,0.02,1.66,38.0,246.0,1.0,12.0,6.0,7.0,0.0,0.0,17.0,50.0,16.0,190.0,0.0,37.0,0.0,1.0,2.0,1.0
698898,273245,kellyS,7437,TS,Team Secret,0.78,0.89,187.0,175.0,3.0,6.0,6.0,9.0,2.0,5.0,67.0,58.0,141.0,127.0,20.0,33.0,0.0,1.0,0.0,0.0
698898,273245,natz,7049,TS,Team Secret,0.51,0.61,178.0,189.0,3.0,7.0,6.0,10.0,1.0,1.0,33.0,50.0,99.0,126.0,80.0,45.0,1.0,0.0,0.0,2.0
698898,273245,Zeus,46135,TS,Team Secret,0.24,0.04,88.0,18.0,2.0,0.0,6.0,10.0,0.0,2.0,83.0,33.0,45.0,18.0,14.0,0.0,0.0,0.0,3.0,4.0
698898,273245,Munchkin,2489,T1,T1,1.29,1.77,200.0,260.0,9.0,6.0,5.0,2.0,2.0,1.0,67.0,100.0,149.0,169.0,30.0,50.0,0.0,1.0,1.0,0.0
698898,273245,BuZz,804,T1,T1,1.38,1.37,290.0,209.0,12.0,5.0,7.0,2.0,5.0,2.0,83.0,83.0,194.0,120.0,15.0,56.0,1.0,1.0,0.0,0.0
698898,273245,Meteor,13039,T1,T1,1.03,2.01,183.0,371.0,9.0,8.0,6.0,2.0,1.0,3.0,58.0,100.0,106.0,242.0,25.0,6.0,1.0,1.0,0.0,0.0
698898,273245,DH,43057,T1,T1,1.14,1.25,191.0,228.0,7.0,6.0,8.0,3.0,7.0,0.0,83.0,83.0,151.0,137.0,29.0,55.0,1.0,1.0,1.0,1.0
698898,273245,iZu,29833,T1,T1,0.8,1.2,187.0,224.0,7.0,5.0,8.0,3.0,2.0,1.0,67.0,100.0,117.0,141.0,19.0,18.0,4.0,1.0,3.0,0.0
698899,273247,something,17086,PRX,Paper Rex,0.91,2.19,119.0,320.0,1.0,14.0,1.0,2.0,1.0,3.0,100.0,100.0,91.0,186.0,20.0,43.0,0.0,3.0,0.0,0.0
698899,273247,d4v41,9803,PRX,Paper Rex,2.54,1.84,384.0,283.0,3.0,13.0,0.0,2.0,1.0,3.0,100.0,92.0,213.0,211.0,67.0,38.0,1.0,1.0,0.0,0.0
698899,273247,invy,8504,PRX,Paper Rex,2.18,1.16,324.0,138.0,3.0,7.0,0.0,3.0,0.0,1.0,100.0,75.0,142.0,80.0,40.0,33.0,0.0,1.0,0.0,1.0
698899,273247,f0rsakeN,9801,PRX,Paper Rex,1.99,1.16,240.0,240.0,2.0,11.0,0.0,8.0,1.0,4.0,100.0,83.0,205.0,160.0,67.0,43.0,0.0,0.0,0.0,2.0
698899,273247,Jinggg,7378,PRX,Paper Rex,1.02,0.96,183.0,241.0,1.0,10.0,2.0,10.0,1.0,5.0,100.0,75.0,109.0,196.0,0.0,22.0,1.0,1.0,0.0,3.0
698899,273247,MaKo,4462,KRX,KIWOOM DRX,0.88,1.0,225.0,293.0,10.0,2.0,11.0,2.0,2.0,1.0,67.0,100.0,135.0,152.0,43.0,50.0,1.0,0.0,0.0,0.0
698899,273247,BeYN,4678,KRX,KIWOOM DRX,0.82,0.01,202.0,13.0,7.0,0.0,11.0,2.0,2.0,0.0,42.0,,129.0,13.0,21.0,0.0,0.0,0.0,1.0,1.0
698899,273247,free1ng,1916,KRX,KIWOOM DRX,0.52,0.17,130.0,40.0,5.0,0.0,11.0,2.0,1.0,1.0,50.0,50.0,78.0,28.0,57.0,0.0,2.0,0.0,2.0,0.0
698899,273247,Flicker,51100,KRX,KIWOOM DRX,0.19,0.56,78.0,165.0,2.0,1.0,11.0,2.0,1.0,0.0,42.0,50.0,52.0,109.0,11.0,50.0,2.0,0.0,1.0,0.0
698899,273247,HYUNMIN,28400,KRX,KIWOOM DRX,0.17,0.01,47.0,62.0,1.0,0.0,11.0,2.0,4.0,0.0,58.0,,32.0,62.0,33.0,40.0,1.0,0.0,2.0,1.0
698899,278415,something,17086,PRX,Paper Rex,1.48,1.51,289.0,271.0,12.0,7.0,7.0,4.0,3.0,1.0,83.0,71.0,179.0,197.0,24.0,43.0,4.0,2.0,2.0,1.0
698899,278415,d4v41,9803,PRX,Paper Rex,1.12,2.06,193.0,332.0,9.0,8.0,7.0,2.0,1.0,4.0,67.0,100.0,123.0,197.0,41.0,19.0,1.0,1.0,1.0,0.0
698899,278415,invy,8504,PRX,Paper Rex,1.07,1.29,185.0,182.0,8.0,5.0,7.0,3.0,4.0,2.0,75.0,71.0,134.0,117.0,26.0,67.0,0.0,0.0,1.0,1.0
698899,278415,f0rsakeN,9801,PRX,Paper Rex,1.0,1.19,248.0,225.0,10.0,5.0,9.0,4.0,4.0,4.0,75.0,86.0,165.0,174.0,28.0,38.0,1.0,0.0,0.0,0.0
698899,278415,Jinggg,7378,PRX,Paper Rex,1.11,0.59,185.0,139.0,7.0,3.0,7.0,6.0,5.0,2.0,92.0,71.0,122.0,114.0,56.0,56.0,2.0,1.0,0.0,1.0
698899,278415,HYUNMIN,28400,KRX,KIWOOM DRX,1.3,1.2,261.0,217.0,6.0,9.0,6.0,8.0,2.0,3.0,71.0,75.0,203.0,143.0,60.0,50.0,0.0,2.0,0.0,0.0
698899,278415,free1ng,1916,KRX,KIWOOM DRX,0.88,1.09,131.0,236.0,4.0,9.0,4.0,10.0,2.0,5.0,71.0,67.0,67.0,182.0,50.0,27.0,2.0,0.0,2.0,1.0
698899,278415,Flicker,51100,KRX,KIWOOM DRX,0.46,0.97,160.0,206.0,4.0,9.0,7.0,10.0,1.0,2.0,57.0,67.0,109.0,140.0,38.0,31.0,0.0,1.0,1.0,2.0
698899,278415,BeYN,4678,KRX,KIWOOM DRX,0.96,0.65,194.0,166.0,5.0,6.0,5.0,10.0,0.0,6.0,71.0,50.0,124.0,104.0,27.0,20.0,1.0,1.0,0.0,2.0
698899,278415,MaKo,4462,KRX,KIWOOM DRX,0.05,0.47,36.0,79.0,0.0,4.0,6.0,8.0,5.0,1.0,43.0,67.0,25.0,55.0,0.0,15.0,0.0,0.0,1.0,3.0
698901,273250,Raxcal,48925,GEN,Gen.G,1.18,0.92,219.0,202.0,6.0,7.0,6.0,11.0,1.0,4.0,63.0,75.0,138.0,145.0,13.0,30.0,2.0,0.0,1.0,2.0
698901,273250,t3xture,9196,GEN,Gen.G,1.2,0.81,285.0,131.0,7.0,6.0,7.0,9.0,1.0,1.0,88.0,50.0,185.0,97.0,25.0,45.0,3.0,0.0,0.0,4.0
698901,273250,Karon,34974,GEN,Gen.G,0.33,0.72,97.0,168.0,2.0,7.0,8.0,10.0,3.0,2.0,38.0,67.0,59.0,118.0,33.0,37.0,0.0,0.0,1.0,0.0
698901,273250,Ash,25017,GEN,Gen.G,0.46,0.59,145.0,190.0,4.0,6.0,7.0,10.0,1.0,0.0,75.0,50.0,104.0,131.0,60.0,11.0,0.0,2.0,0.0,4.0
698901,273250,Efina,985,GEN,Gen.G,0.05,0.68,42.0,119.0,1.0,5.0,7.0,9.0,2.0,2.0,50.0,42.0,27.0,97.0,0.0,26.0,0.0,0.0,1.0,0.0
698901,273250,Xan,11737,RRQ,Rex Regum Qeon,1.75,1.02,362.0,174.0,14.0,5.0,6.0,4.0,2.0,2.0,100.0,63.0,238.0,90.0,24.0,18.0,6.0,2.0,1.0,2.0
698901,273250,Monyet,8497,RRQ,Rex Regum Qeon,1.06,1.75,135.0,321.0,5.0,9.0,5.0,4.0,7.0,4.0,92.0,88.0,86.0,184.0,20.0,32.0,1.0,1.0,0.0,1.0
698901,273250,crazyguy,1430,RRQ,Rex Regum Qeon,1.37,1.26,200.0,239.0,9.0,6.0,5.0,3.0,3.0,2.0,83.0,88.0,133.0,146.0,24.0,8.0,0.0,0.0,0.0,2.0
698901,273250,xffero,4871,RRQ,Rex Regum Qeon,1.16,1.59,238.0,297.0,12.0,10.0,7.0,5.0,3.0,1.0,75.0,100.0,159.0,209.0,33.0,33.0,0.0,0.0,1.0,0.0
698901,273250,Kushy,4866,RRQ,Rex Regum Qeon,1.02,1.05,229.0,152.0,9.0,5.0,8.0,4.0,6.0,3.0,83.0,88.0,137.0,103.0,21.0,18.0,3.0,0.0,0.0,0.0
698901,273251,Ash,25017,GEN,Gen.G,1.19,1.8,334.0,369.0,16.0,16.0,11.0,8.0,0.0,2.0,67.0,67.0,191.0,222.0,34.0,21.0,5.0,1.0,1.0,1.0
698901,273251,Raxcal,48925,GEN,Gen.G,1.7,0.88,234.0,240.0,10.0,9.0,3.0,10.0,6.0,2.0,92.0,75.0,138.0,159.0,35.0,14.0,1.0,1.0,0.0,1.0
698901,273251,t3xture,9196,GEN,Gen.G,0.54,1.06,113.0,190.0,4.0,9.0,7.0,8.0,3.0,0.0,75.0,92.0,81.0,127.0,11.0,25.0,1.0,4.0,2.0,1.0
698901,273251,Karon,34974,GEN,Gen.G,1.36,0.14,259.0,112.0,11.0,4.0,7.0,12.0,4.0,5.0,92.0,67.0,147.0,65.0,27.0,24.0,1.0,0.0,0.0,2.0
698901,273251,Efina,985,GEN,Gen.G,1.02,0.26,122.0,118.0,4.0,3.0,4.0,11.0,8.0,3.0,83.0,33.0,86.0,101.0,8.0,17.0,0.0,0.0,1.0,1.0
698901,273251,Monyet,8497,RRQ,Rex Regum Qeon,1.66,1.15,261.0,216.0,12.0,9.0,7.0,9.0,4.0,4.0,83.0,83.0,180.0,131.0,39.0,48.0,1.0,0.0,1.0,1.0
698901,273251,Kushy,4866,RRQ,Rex Regum Qeon,1.17,0.9,232.0,188.0,9.0,6.0,8.0,9.0,6.0,4.0,75.0,75.0,156.0,133.0,33.0,23.0,1.0,0.0,0.0,2.0
698901,273251,Xan,11737,RRQ,Rex Regum Qeon,1.2,0.76,238.0,172.0,10.0,7.0,9.0,10.0,2.0,2.0,92.0,67.0,150.0,104.0,45.0,13.0,3.0,2.0,0.0,3.0
698901,273251,crazyguy,1430,RRQ,Rex Regum Qeon,1.08,0.76,213.0,183.0,9.0,6.0,8.0,10.0,4.0,3.0,83.0,67.0,161.0,126.0,19.0,17.0,0.0,2.0,2.0,1.0
698901,273251,xffero,4871,RRQ,Rex Regum Qeon,0.8,0.73,203.0,116.0,9.0,4.0,9.0,7.0,2.0,3.0,75.0,58.0,110.0,82.0,20.0,27.0,1.0,0.0,3.0,1.0
698901,273252,t3xture,9196,GEN,Gen.G,1.5,2.06,281.0,332.0,13.0,8.0,8.0,2.0,1.0,0.0,67.0,83.0,191.0,211.0,35.0,26.0,3.0,0.0,0.0,0.0
698901,273252,Raxcal,48925,GEN,Gen.G,1.82,0.86,341.0,138.0,14.0,3.0,7.0,3.0,4.0,1.0,83.0,100.0,210.0,118.0,36.0,6.0,2.0,1.0,0.0,0.0
698901,273252,Karon,34974,GEN,Gen.G,1.1,2.09,172.0,427.0,8.0,11.0,8.0,3.0,5.0,0.0,83.0,67.0,116.0,226.0,43.0,63.0,1.0,3.0,2.0,1.0
698901,273252,Efina,985,GEN,Gen.G,0.89,1.08,119.0,208.0,5.0,4.0,8.0,3.0,5.0,4.0,83.0,100.0,80.0,127.0,23.0,9.0,0.0,0.0,0.0,0.0
698901,273252,Ash,25017,GEN,Gen.G,0.41,1.42,132.0,182.0,5.0,4.0,12.0,2.0,3.0,1.0,75.0,100.0,111.0,121.0,23.0,12.0,1.0,1.0,3.0,0.0
698901,273252,Monyet,8497,RRQ,Rex Regum Qeon,0.98,1.74,263.0,342.0,5.0,14.0,6.0,7.0,1.0,5.0,67.0,83.0,158.0,222.0,31.0,37.0,0.0,0.0,2.0,0.0
698901,273252,xffero,4871,RRQ,Rex Regum Qeon,0.25,1.2,103.0,262.0,2.0,11.0,6.0,9.0,0.0,2.0,33.0,83.0,71.0,167.0,25.0,25.0,0.0,2.0,0.0,0.0
698901,273252,crazyguy,1430,RRQ,Rex Regum Qeon,0.64,0.74,186.0,179.0,4.0,7.0,6.0,9.0,1.0,4.0,67.0,50.0,107.0,114.0,27.0,30.0,0.0,2.0,1.0,0.0
698901,273252,Xan,11737,RRQ,Rex Regum Qeon,0.24,0.43,97.0,131.0,2.0,5.0,6.0,10.0,2.0,5.0,50.0,58.0,49.0,98.0,17.0,18.0,1.0,0.0,2.0,3.0
698901,273252,Kushy,4866,RRQ,Rex Regum Qeon,0.02,0.46,9.0,158.0,0.0,6.0,6.0,10.0,0.0,4.0,33.0,67.0,9.0,116.0,0.0,33.0,0.0,1.0,0.0,4.0
698902,273253,XuNa,42733,VL,VARREL,1.09,1.63,192.0,293.0,9.0,13.0,10.0,8.0,2.0,7.0,75.0,83.0,131.0,205.0,47.0,39.0,0.0,2.0,0.0,1.0
698902,273253,oonzmlp,34926,VL,VARREL,1.07,0.78,176.0,125.0,7.0,7.0,8.0,7.0,3.0,1.0,58.0,58.0,107.0,82.0,24.0,24.0,0.0,1.0,1.0,1.0
698902,273253,C1ndeR,2149,VL,VARREL,0.66,1.12,175.0,229.0,7.0,8.0,11.0,9.0,4.0,7.0,58.0,83.0,122.0,146.0,19.0,28.0,0.0,0.0,3.0,1.0
698902,273253,Zexy,37532,VL,VARREL,1.04,0.68,260.0,184.0,10.0,7.0,11.0,9.0,4.0,1.0,67.0,58.0,179.0,114.0,27.0,12.0,2.0,2.0,2.0,1.0
698902,273253,Foxy9,11600,VL,VARREL,0.52,1.16,156.0,264.0,7.0,11.0,11.0,10.0,2.0,4.0,67.0,83.0,103.0,158.0,46.0,38.0,2.0,3.0,2.0,0.0
698902,273253,yatsuka,29843,DFM,DetonatioN FocusMe,1.74,1.32,338.0,275.0,14.0,11.0,7.0,9.0,2.0,4.0,75.0,92.0,224.0,164.0,36.0,25.0,1.0,3.0,2.0,1.0
698902,273253,Akame,13002,DFM,DetonatioN FocusMe,1.1,1.63,179.0,339.0,7.0,16.0,8.0,8.0,5.0,6.0,58.0,83.0,123.0,214.0,35.0,35.0,1.0,1.0,0.0,0.0
698902,273253,Caedye,29841,DFM,DetonatioN FocusMe,0.46,1.37,117.0,238.0,6.0,11.0,10.0,7.0,5.0,4.0,67.0,83.0,80.0,152.0,31.0,33.0,0.0,1.0,2.0,0.0
698902,273253,Meiy,6672,DFM,DetonatioN FocusMe,0.99,0.77,232.0,197.0,10.0,9.0,10.0,9.0,1.0,1.0,83.0,83.0,166.0,122.0,31.0,20.0,2.0,2.0,2.0,1.0
698902,273253,SSeeS,21438,DFM,DetonatioN FocusMe,0.38,0.6,161.0,116.0,6.0,4.0,11.0,7.0,3.0,5.0,33.0,58.0,92.0,90.0,14.0,29.0,0.0,1.0,2.0,2.0
698902,273255,oonzmlp,34926,VL,VARREL,1.1,1.12,191.0,187.0,9.0,7.0,8.0,8.0,2.0,8.0,71.0,79.0,136.0,135.0,29.0,30.0,0.0,2.0,2.0,0.0
698902,273255,Foxy9,11600,VL,VARREL,0.94,1.26,187.0,275.0,9.0,15.0,10.0,10.0,0.0,1.0,79.0,57.0,136.0,196.0,41.0,34.0,1.0,5.0,3.0,2.0
698902,273255,Klaus,4426,VL,VARREL,1.34,0.78,190.0,175.0,10.0,8.0,7.0,11.0,7.0,6.0,93.0,64.0,116.0,120.0,43.0,52.0,1.0,0.0,0.0,1.0
698902,273255,XuNa,42733,VL,VARREL,0.99,0.91,194.0,197.0,9.0,8.0,10.0,10.0,3.0,5.0,64.0,71.0,133.0,144.0,36.0,17.0,1.0,1.0,1.0,2.0
698902,273255,Zexy,37532,VL,VARREL,0.51,0.79,145.0,129.0,7.0,7.0,11.0,9.0,0.0,6.0,57.0,57.0,92.0,75.0,16.0,19.0,1.0,0.0,4.0,1.0
698902,273255,SSeeS,21438,DFM,DetonatioN FocusMe,1.7,1.18,211.0,178.0,11.0,7.0,5.0,6.0,12.0,6.0,71.0,79.0,126.0,116.0,23.0,19.0,2.0,2.0,0.0,0.0
698902,273255,Akame,13002,DFM,DetonatioN FocusMe,1.45,1.0,290.0,194.0,15.0,10.0,9.0,8.0,5.0,4.0,79.0,71.0,198.0,120.0,32.0,36.0,0.0,1.0,0.0,1.0
698902,273255,Meiy,6672,DFM,DetonatioN FocusMe,1.24,1.01,258.0,199.0,13.0,10.0,12.0,8.0,3.0,0.0,71.0,71.0,163.0,119.0,21.0,18.0,2.0,3.0,2.0,1.0
698902,273255,yatsuka,29843,DFM,DetonatioN FocusMe,0.58,1.03,130.0,237.0,4.0,11.0,9.0,11.0,3.0,6.0,71.0,64.0,97.0,144.0,16.0,14.0,1.0,3.0,3.0,2.0
698902,273255,Caedye,29841,DFM,DetonatioN FocusMe,0.58,0.66,113.0,159.0,5.0,8.0,10.0,11.0,1.0,3.0,57.0,64.0,85.0,96.0,40.0,36.0,1.0,1.0,3.0,0.0
698902,278738,Foxy9,11600,VL,VARREL,1.39,1.79,252.0,282.0,4.0,14.0,2.0,4.0,2.0,3.0,75.0,83.0,166.0,166.0,71.0,30.0,0.0,1.0,1.0,1.0
698902,278738,XuNa,42733,VL,VARREL,1.57,1.53,236.0,209.0,4.0,9.0,2.0,3.0,1.0,3.0,100.0,92.0,136.0,153.0,75.0,44.0,1.0,0.0,0.0,0.0
698902,278738,Zexy,37532,VL,VARREL,1.35,1.29,202.0,254.0,3.0,11.0,2.0,7.0,2.0,2.0,75.0,92.0,126.0,152.0,15.0,18.0,1.0,7.0,0.0,1.0
698902,278738,oonzmlp,34926,VL,VARREL,0.9,1.43,95.0,278.0,1.0,12.0,2.0,7.0,3.0,4.0,100.0,92.0,51.0,165.0,0.0,15.0,0.0,2.0,0.0,0.0
698902,278738,Klaus,4426,VL,VARREL,1.38,1.13,239.0,173.0,4.0,8.0,2.0,5.0,2.0,7.0,75.0,83.0,109.0,100.0,43.0,28.0,1.0,0.0,0.0,0.0
698902,278738,Akame,13002,DFM,DetonatioN FocusMe,0.43,1.29,106.0,252.0,3.0,3.0,11.0,3.0,5.0,2.0,58.0,75.0,84.0,182.0,33.0,50.0,0.0,1.0,1.0,0.0
698902,278738,yatsuka,29843,DFM,DetonatioN FocusMe,0.84,0.03,202.0,112.0,9.0,1.0,11.0,4.0,0.0,0.0,58.0,25.0,115.0,87.0,23.0,5.0,1.0,0.0,0.0,2.0
698902,278738,Caedye,29841,DFM,DetonatioN FocusMe,0.49,0.51,142.0,81.0,6.0,1.0,11.0,3.0,0.0,0.0,42.0,50.0,81.0,72.0,36.0,17.0,1.0,0.0,3.0,0.0
698902,278738,SSeeS,21438,DFM,DetonatioN FocusMe,0.4,0.62,106.0,110.0,4.0,2.0,10.0,3.0,6.0,1.0,58.0,75.0,51.0,68.0,50.0,100.0,0.0,0.0,1.0,1.0
698902,278738,Meiy,6672,DFM,DetonatioN FocusMe,0.29,0.9,102.0,195.0,4.0,3.0,11.0,3.0,1.0,0.0,50.0,75.0,66.0,108.0,27.0,50.0,0.0,0.0,5.0,0.0
698903,273256,JitBoyS,13788,FS,FULL SENSE,1.68,1.56,313.0,339.0,15.0,15.0,10.0,7.0,2.0,4.0,77.0,77.0,195.0,215.0,21.0,36.0,4.0,3.0,0.0,0.0
698903,273256,primmie,25255,FS,FULL SENSE,1.17,1.51,286.0,279.0,13.0,12.0,11.0,6.0,3.0,8.0,85.0,92.0,189.0,209.0,56.0,42.0,1.0,2.0,0.0,1.0
698903,273256,Crws,3977,FS,FULL SENSE,0.92,1.28,141.0,245.0,6.0,11.0,8.0,7.0,4.0,6.0,54.0,85.0,96.0,166.0,26.0,12.0,0.0,1.0,1.0,2.0
698903,273256,Killua,13784,FS,FULL SENSE,0.7,1.1,152.0,218.0,7.0,11.0,11.0,8.0,4.0,3.0,69.0,92.0,101.0,160.0,27.0,43.0,0.0,3.0,2.0,1.0
698903,273256,seph1roth,27244,FS,FULL SENSE,0.54,1.27,157.0,214.0,8.0,10.0,12.0,6.0,0.0,4.0,62.0,100.0,97.0,141.0,50.0,38.0,2.0,0.0,3.0,0.0
698903,273256,eKo,1960,ZETA,ZETA DIVISION,1.15,1.34,256.0,234.0,12.0,12.0,12.0,8.0,4.0,2.0,62.0,77.0,157.0,165.0,30.0,36.0,0.0,2.0,0.0,1.0
698903,273256,Xdll,25221,ZETA,ZETA DIVISION,0.62,1.37,118.0,277.0,5.0,13.0,11.0,8.0,5.0,3.0,62.0,85.0,87.0,153.0,20.0,20.0,1.0,2.0,1.0,1.0
698903,273256,SyouTa,12990,ZETA,ZETA DIVISION,0.74,1.01,125.0,263.0,4.0,12.0,11.0,11.0,5.0,3.0,54.0,85.0,98.0,153.0,35.0,44.0,0.0,0.0,0.0,0.0
698903,273256,SugarZ3ro,6668,ZETA,ZETA DIVISION,0.65,0.67,158.0,162.0,8.0,8.0,12.0,10.0,2.0,3.0,62.0,54.0,81.0,109.0,21.0,40.0,1.0,1.0,2.0,2.0
698903,273256,Absol,34776,ZETA,ZETA DIVISION,0.36,0.49,135.0,183.0,5.0,7.0,13.0,12.0,2.0,6.0,38.0,69.0,82.0,135.0,15.0,28.0,2.0,1.0,6.0,3.0
698903,273257,primmie,25255,FS,FULL SENSE,1.59,0.67,325.0,166.0,13.0,7.0,6.0,8.0,0.0,0.0,82.0,83.0,186.0,111.0,23.0,47.0,1.0,0.0,0.0,1.0
698903,273257,JitBoyS,13788,FS,FULL SENSE,0.6,1.22,228.0,318.0,8.0,13.0,10.0,10.0,2.0,0.0,82.0,75.0,166.0,185.0,24.0,19.0,3.0,4.0,2.0,1.0
698903,273257,Crws,3977,FS,FULL SENSE,1.3,0.43,257.0,118.0,10.0,4.0,8.0,11.0,7.0,5.0,73.0,50.0,172.0,92.0,21.0,20.0,0.0,1.0,3.0,1.0
698903,273257,seph1roth,27244,FS,FULL SENSE,0.51,1.05,144.0,167.0,6.0,6.0,9.0,7.0,1.0,6.0,73.0,92.0,107.0,103.0,33.0,33.0,0.0,2.0,0.0,0.0
698903,273257,Killua,13784,FS,FULL SENSE,0.55,0.95,121.0,219.0,5.0,9.0,8.0,8.0,4.0,0.0,73.0,50.0,93.0,146.0,13.0,53.0,1.0,1.0,1.0,1.0
698903,273257,SyouTa,12990,ZETA,ZETA DIVISION,1.37,1.4,273.0,298.0,12.0,11.0,8.0,8.0,2.0,4.0,58.0,82.0,180.0,210.0,37.0,25.0,0.0,1.0,1.0,0.0
698903,273257,Absol,34776,ZETA,ZETA DIVISION,1.33,1.23,302.0,294.0,14.0,10.0,9.0,10.0,1.0,5.0,75.0,82.0,188.0,187.0,18.0,16.0,3.0,3.0,2.0,2.0
698903,273257,SugarZ3ro,6668,ZETA,ZETA DIVISION,1.28,1.23,198.0,201.0,9.0,8.0,6.0,8.0,2.0,10.0,75.0,55.0,145.0,117.0,29.0,36.0,1.0,1.0,3.0,0.0
698903,273257,eKo,1960,ZETA,ZETA DIVISION,0.98,1.34,167.0,230.0,7.0,8.0,7.0,7.0,3.0,2.0,75.0,55.0,110.0,168.0,50.0,43.0,0.0,1.0,1.0,1.0
698903,273257,Xdll,25221,ZETA,ZETA DIVISION,0.28,0.62,72.0,90.0,2.0,4.0,9.0,9.0,4.0,1.0,67.0,82.0,47.0,76.0,8.0,18.0,0.0,0.0,1.0,2.0
698903,273258,primmie,25255,FS,FULL SENSE,2.15,1.25,403.0,288.0,16.0,12.0,5.0,10.0,3.0,1.0,75.0,67.0,279.0,183.0,23.0,48.0,2.0,3.0,1.0,1.0
698903,273258,seph1roth,27244,FS,FULL SENSE,1.32,1.02,204.0,236.0,10.0,10.0,5.0,11.0,2.0,1.0,75.0,58.0,116.0,142.0,41.0,41.0,1.0,0.0,3.0,0.0
698903,273258,Killua,13784,FS,FULL SENSE,0.99,0.63,150.0,172.0,7.0,7.0,7.0,12.0,5.0,3.0,67.0,58.0,91.0,120.0,67.0,38.0,0.0,1.0,0.0,0.0
698903,273258,Crws,3977,FS,FULL SENSE,0.9,0.58,115.0,165.0,4.0,7.0,6.0,11.0,4.0,1.0,67.0,42.0,86.0,98.0,8.0,29.0,0.0,1.0,0.0,3.0
698903,273258,JitBoyS,13788,FS,FULL SENSE,0.55,0.03,156.0,59.0,6.0,1.0,9.0,12.0,1.0,3.0,58.0,42.0,117.0,47.0,33.0,14.0,2.0,0.0,3.0,3.0
698903,273258,Xdll,25221,ZETA,ZETA DIVISION,1.91,0.81,359.0,201.0,17.0,7.0,6.0,9.0,1.0,3.0,83.0,50.0,230.0,153.0,50.0,36.0,1.0,1.0,0.0,2.0
698903,273258,eKo,1960,ZETA,ZETA DIVISION,1.62,0.83,353.0,209.0,16.0,8.0,8.0,9.0,3.0,1.0,83.0,67.0,226.0,135.0,29.0,27.0,3.0,2.0,1.0,0.0
698903,273258,Absol,34776,ZETA,ZETA DIVISION,1.01,1.23,153.0,244.0,7.0,9.0,6.0,9.0,1.0,3.0,92.0,67.0,98.0,172.0,31.0,20.0,0.0,3.0,0.0,0.0
698903,273258,SyouTa,12990,ZETA,ZETA DIVISION,0.85,0.8,258.0,125.0,11.0,6.0,11.0,7.0,2.0,0.0,67.0,58.0,148.0,76.0,31.0,38.0,3.0,1.0,2.0,2.0
698903,273258,SugarZ3ro,6668,ZETA,ZETA DIVISION,0.95,0.33,114.0,85.0,5.0,2.0,6.0,9.0,9.0,5.0,75.0,33.0,99.0,63.0,20.0,24.0,0.0,0.0,2.0,1.0
698904,273259,skye,7416,TS,Team Secret,1.31,0.85,287.0,159.0,11.0,8.0,8.0,11.0,2.0,4.0,82.0,58.0,172.0,105.0,38.0,37.0,2.0,1.0,0.0,1.0
698904,273259,kellyS,7437,TS,Team Secret,0.63,1.32,128.0,223.0,4.0,10.0,8.0,8.0,8.0,1.0,91.0,75.0,84.0,148.0,11.0,30.0,1.0,2.0,0.0,0.0
698904,273259,STYRON,11704,TS,Team Secret,0.86,1.08,155.0,211.0,6.0,8.0,7.0,9.0,5.0,5.0,91.0,83.0,92.0,133.0,29.0,18.0,0.0,0.0,0.0,0.0
698904,273259,Sylvan,4056,TS,Team Secret,1.28,0.69,279.0,200.0,12.0,7.0,8.0,11.0,1.0,4.0,82.0,58.0,170.0,129.0,26.0,33.0,1.0,0.0,1.0,1.0
698904,273259,Zeus,46135,TS,Team Secret,1.3,0.5,260.0,121.0,12.0,5.0,6.0,10.0,3.0,1.0,82.0,58.0,163.0,75.0,30.0,22.0,2.0,3.0,4.0,4.0
698904,273259,something,17086,PRX,Paper Rex,1.82,1.49,304.0,349.0,14.0,12.0,5.0,10.0,1.0,3.0,75.0,73.0,193.0,226.0,24.0,33.0,3.0,2.0,1.0,1.0
698904,273259,invy,8504,PRX,Paper Rex,0.87,1.1,181.0,224.0,8.0,8.0,8.0,8.0,3.0,2.0,83.0,64.0,119.0,153.0,35.0,30.0,1.0,1.0,0.0,0.0
698904,273259,d4v41,9803,PRX,Paper Rex,1.01,0.8,178.0,130.0,7.0,6.0,7.0,7.0,4.0,0.0,83.0,55.0,130.0,97.0,40.0,19.0,1.0,0.0,0.0,2.0
698904,273259,f0rsakeN,9801,PRX,Paper Rex,0.62,0.88,168.0,241.0,7.0,8.0,9.0,11.0,1.0,4.0,67.0,55.0,115.0,155.0,38.0,26.0,0.0,2.0,3.0,3.0
698904,273259,Jinggg,7378,PRX,Paper Rex,1.11,0.2,281.0,89.0,13.0,3.0,9.0,9.0,2.0,0.0,75.0,36.0,190.0,65.0,68.0,44.0,1.0,0.0,2.0,0.0
698904,273260,STYRON,11704,TS,Team Secret,1.57,0.58,253.0,145.0,11.0,3.0,5.0,8.0,5.0,0.0,92.0,44.0,153.0,104.0,29.0,6.0,0.0,1.0,0.0,1.0
698904,273260,Zeus,46135,TS,Team Secret,1.03,1.0,259.0,208.0,11.0,6.0,9.0,8.0,2.0,0.0,67.0,56.0,152.0,118.0,28.0,26.0,3.0,2.0,2.0,1.0
698904,273260,skye,7416,TS,Team Secret,1.12,0.17,256.0,40.0,13.0,1.0,8.0,8.0,0.0,0.0,67.0,33.0,158.0,29.0,45.0,75.0,2.0,0.0,0.0,2.0
698904,273260,Sylvan,4056,TS,Team Secret,0.86,0.45,120.0,116.0,4.0,2.0,7.0,8.0,9.0,0.0,75.0,44.0,75.0,101.0,24.0,18.0,2.0,0.0,1.0,2.0
698904,273260,kellyS,7437,TS,Team Secret,0.71,0.42,116.0,129.0,4.0,3.0,8.0,8.0,4.0,0.0,75.0,22.0,85.0,92.0,27.0,25.0,1.0,0.0,1.0,0.0
698904,273260,invy,8504,PRX,Paper Rex,1.85,1.47,237.0,269.0,8.0,11.0,1.0,7.0,4.0,2.0,89.0,83.0,140.0,159.0,21.0,36.0,0.0,2.0,0.0,0.0
698904,273260,something,17086,PRX,Paper Rex,1.68,1.25,280.0,224.0,10.0,9.0,2.0,8.0,2.0,4.0,89.0,58.0,179.0,164.0,67.0,40.0,1.0,0.0,1.0,1.0
698904,273260,f0rsakeN,9801,PRX,Paper Rex,1.15,1.18,237.0,248.0,7.0,11.0,5.0,9.0,4.0,4.0,78.0,58.0,176.0,156.0,21.0,32.0,3.0,0.0,0.0,2.0
698904,273260,d4v41,9803,PRX,Paper Rex,1.44,0.2,239.0,31.0,8.0,1.0,2.0,8.0,0.0,0.0,78.0,42.0,151.0,26.0,30.0,25.0,2.0,0.0,1.0,3.0
698904,273260,Jinggg,7378,PRX,Paper Rex,1.02,0.43,183.0,132.0,7.0,5.0,5.0,11.0,5.0,2.0,78.0,50.0,92.0,86.0,22.0,42.0,0.0,2.0,1.0,2.0
698905,273262,Kr1stal,5796,GE,Global Esports,1.37,1.51,220.0,254.0,7.0,12.0,5.0,6.0,5.0,3.0,89.0,92.0,150.0,160.0,21.0,26.0,0.0,0.0,0.0,0.0
698905,273262,Autumn,872,GE,Global Esports,1.51,1.11,218.0,219.0,7.0,10.0,4.0,8.0,2.0,2.0,78.0,92.0,145.0,145.0,17.0,27.0,0.0,1.0,0.0,1.0
698905,273262,xavi8k,7754,GE,Global Esports,0.44,1.47,102.0,306.0,3.0,14.0,7.0,8.0,3.0,3.0,78.0,75.0,80.0,187.0,33.0,19.0,0.0,1.0,0.0,2.0
698905,273262,UdoTan,4428,GE,Global Esports,1.05,0.81,285.0,201.0,9.0,8.0,8.0,9.0,2.0,3.0,67.0,75.0,164.0,138.0,31.0,17.0,3.0,1.0,3.0,1.0
698905,273262,PatMen,13744,GE,Global Esports,1.01,0.83,136.0,248.0,6.0,10.0,5.0,10.0,0.0,4.0,78.0,75.0,101.0,150.0,50.0,26.0,2.0,2.0,1.0,3.0
698905,273262,Karon,34974,GEN,Gen.G,1.4,1.0,311.0,139.0,14.0,5.0,11.0,5.0,3.0,2.0,92.0,56.0,180.0,88.0,59.0,36.0,2.0,0.0,0.0,2.0
698905,273262,Ash,25017,GEN,Gen.G,0.62,1.6,170.0,348.0,6.0,11.0,11.0,7.0,2.0,3.0,67.0,89.0,117.0,220.0,37.0,42.0,2.0,3.0,1.0,0.0
698905,273262,t3xture,9196,GEN,Gen.G,0.77,0.95,186.0,174.0,8.0,5.0,10.0,5.0,0.0,3.0,58.0,67.0,129.0,125.0,33.0,18.0,1.0,1.0,2.0,0.0
698905,273262,Raxcal,48925,GEN,Gen.G,0.81,0.47,202.0,123.0,9.0,4.0,10.0,7.0,1.0,1.0,42.0,67.0,129.0,65.0,56.0,25.0,1.0,0.0,2.0,1.0
698905,273262,Efina,985,GEN,Gen.G,0.36,0.49,143.0,138.0,4.0,4.0,12.0,8.0,6.0,1.0,75.0,78.0,106.0,103.0,20.0,30.0,1.0,0.0,0.0,2.0
698905,273263,UdoTan,4428,GE,Global Esports,1.45,1.07,274.0,229.0,13.0,9.0,8.0,8.0,3.0,1.0,85.0,69.0,176.0,138.0,25.0,16.0,3.0,3.0,1.0,3.0
698905,273263,xavi8k,7754,GE,Global Esports,1.23,1.03,193.0,229.0,8.0,10.0,8.0,11.0,8.0,2.0,77.0,62.0,122.0,161.0,13.0,27.0,0.0,1.0,0.0,1.0
698905,273263,PatMen,13744,GE,Global Esports,0.96,1.15,182.0,186.0,8.0,9.0,9.0,8.0,4.0,0.0,85.0,54.0,142.0,130.0,24.0,32.0,2.0,0.0,0.0,0.0
698905,273263,Autumn,872,GE,Global Esports,1.15,0.49,254.0,92.0,12.0,3.0,8.0,10.0,2.0,2.0,85.0,54.0,144.0,68.0,38.0,19.0,1.0,0.0,2.0,4.0
698905,273263,Kr1stal,5796,GE,Global Esports,0.74,0.47,111.0,62.0,6.0,2.0,8.0,10.0,2.0,1.0,54.0,38.0,64.0,40.0,11.0,8.0,0.0,0.0,4.0,1.0
698905,273263,t3xture,9196,GEN,Gen.G,1.62,0.89,320.0,210.0,16.0,9.0,5.0,11.0,0.0,2.0,92.0,54.0,181.0,125.0,29.0,23.0,5.0,4.0,0.0,1.0
698905,273263,Raxcal,48925,GEN,Gen.G,1.24,0.82,193.0,140.0,8.0,7.0,6.0,9.0,5.0,4.0,77.0,69.0,125.0,89.0,22.0,39.0,0.0,0.0,1.0,0.0
698905,273263,Karon,34974,GEN,Gen.G,0.87,1.16,139.0,241.0,6.0,9.0,8.0,9.0,8.0,7.0,69.0,77.0,83.0,158.0,42.0,32.0,0.0,3.0,1.0,2.0
698905,273263,Ash,25017,GEN,Gen.G,1.02,0.89,240.0,215.0,11.0,10.0,8.0,9.0,1.0,3.0,77.0,62.0,157.0,142.0,46.0,29.0,4.0,0.0,1.0,2.0
698905,273263,Efina,985,GEN,Gen.G,0.75,0.77,121.0,136.0,6.0,6.0,6.0,9.0,3.0,5.0,77.0,62.0,70.0,85.0,0.0,13.0,0.0,0.0,1.0,1.0
698905,273264,PatMen,13744,GE,Global Esports,0.78,1.37,222.0,320.0,8.0,13.0,12.0,10.0,7.0,1.0,67.0,92.0,145.0,218.0,39.0,39.0,0.0,3.0,1.0,1.0
698905,273264,xavi8k,7754,GE,Global Esports,0.93,1.14,207.0,196.0,7.0,7.0,9.0,7.0,8.0,11.0,75.0,100.0,150.0,136.0,5.0,23.0,1.0,1.0,0.0,0.0
698905,273264,Autumn,872,GE,Global Esports,0.46,1.44,120.0,246.0,5.0,11.0,11.0,7.0,2.0,1.0,67.0,92.0,85.0,151.0,27.0,42.0,1.0,1.0,1.0,0.0
698905,273264,UdoTan,4428,GE,Global Esports,1.05,0.84,267.0,200.0,11.0,9.0,11.0,8.0,1.0,2.0,58.0,75.0,171.0,133.0,24.0,16.0,4.0,2.0,3.0,3.0
698905,273264,Kr1stal,5796,GE,Global Esports,0.9,0.77,202.0,164.0,8.0,7.0,8.0,8.0,1.0,1.0,58.0,50.0,138.0,114.0,14.0,29.0,0.0,0.0,1.0,1.0
698905,273264,t3xture,9196,GEN,Gen.G,1.1,1.55,288.0,324.0,11.0,13.0,11.0,8.0,3.0,3.0,75.0,92.0,174.0,191.0,26.0,12.0,4.0,3.0,1.0,2.0
698905,273264,Karon,34974,GEN,Gen.G,0.93,1.36,171.0,217.0,8.0,10.0,9.0,7.0,4.0,11.0,75.0,83.0,88.0,137.0,50.0,59.0,0.0,1.0,0.0,2.0
698905,273264,Ash,25017,GEN,Gen.G,0.84,1.36,197.0,282.0,9.0,12.0,10.0,9.0,2.0,4.0,67.0,83.0,128.0,168.0,38.0,23.0,1.0,2.0,4.0,1.0
698905,273264,Raxcal,48925,GEN,Gen.G,1.14,0.79,221.0,125.0,10.0,4.0,8.0,7.0,4.0,7.0,75.0,100.0,127.0,89.0,27.0,23.0,0.0,0.0,2.0,0.0
698905,273264,Efina,985,GEN,Gen.G,0.41,0.98,67.0,221.0,2.0,12.0,9.0,8.0,3.0,2.0,42.0,75.0,53.0,129.0,15.0,21.0,0.0,0.0,0.0,1.0
698906,273265,Meteor,13039,T1,T1,1.3,1.58,315.0,291.0,13.0,7.0,10.0,4.0,2.0,0.0,75.0,83.0,190.0,201.0,30.0,36.0,3.0,0.0,2.0,2.0
698906,273265,BuZz,804,T1,T1,0.94,0.3,210.0,84.0,8.0,2.0,10.0,5.0,6.0,1.0,83.0,50.0,138.0,44.0,37.0,25.0,0.0,0.0,0.0,1.0
698906,273265,DH,43057,T1,T1,0.49,1.16,118.0,258.0,4.0,5.0,11.0,4.0,7.0,0.0,75.0,67.0,77.0,173.0,40.0,29.0,0.0,1.0,0.0,0.0
698906,273265,iZu,29833,T1,T1,0.45,0.73,164.0,189.0,6.0,3.0,11.0,5.0,1.0,2.0,67.0,50.0,102.0,135.0,21.0,29.0,1.0,0.0,2.0,1.0
698906,273265,Munchkin,2489,T1,T1,0.67,0.3,153.0,132.0,7.0,2.0,10.0,6.0,1.0,1.0,50.0,33.0,103.0,84.0,25.0,20.0,2.0,0.0,2.0,1.0
698906,273265,yatsuka,29843,DFM,DetonatioN FocusMe,1.62,1.41,259.0,275.0,6.0,11.0,3.0,8.0,1.0,5.0,83.0,92.0,190.0,206.0,54.0,28.0,1.0,1.0,0.0,2.0
698906,273265,Caedye,29841,DFM,DetonatioN FocusMe,1.45,1.41,257.0,265.0,6.0,12.0,3.0,8.0,2.0,4.0,100.0,67.0,164.0,160.0,64.0,48.0,2.0,1.0,0.0,0.0
698906,273265,Akame,13002,DFM,DetonatioN FocusMe,1.46,1.39,265.0,296.0,6.0,13.0,4.0,8.0,2.0,2.0,67.0,83.0,158.0,187.0,20.0,22.0,1.0,2.0,0.0,0.0
698906,273265,SSeeS,21438,DFM,DetonatioN FocusMe,0.66,1.75,94.0,286.0,1.0,12.0,4.0,5.0,7.0,5.0,83.0,92.0,73.0,190.0,38.0,25.0,0.0,1.0,0.0,0.0
698906,273265,Meiy,6672,DFM,DetonatioN FocusMe,0.8,0.36,188.0,104.0,5.0,4.0,5.0,9.0,1.0,1.0,83.0,50.0,112.0,69.0,17.0,13.0,1.0,1.0,1.0,4.0
698906,273266,iZu,29833,T1,T1,1.71,1.14,330.0,285.0,17.0,11.0,6.0,11.0,2.0,5.0,83.0,67.0,202.0,178.0,19.0,16.0,1.0,2.0,1.0,0.0
698906,273266,Munchkin,2489,T1,T1,1.34,1.02,172.0,198.0,7.0,8.0,4.0,7.0,7.0,4.0,67.0,67.0,118.0,137.0,12.0,50.0,1.0,0.0,0.0,1.0
698906,273266,BuZz,804,T1,T1,0.95,1.23,180.0,229.0,8.0,10.0,7.0,8.0,3.0,6.0,67.0,67.0,124.0,150.0,14.0,28.0,0.0,0.0,2.0,2.0
698906,273266,DH,43057,T1,T1,0.94,1.07,160.0,234.0,6.0,9.0,8.0,10.0,5.0,11.0,75.0,83.0,111.0,134.0,26.0,28.0,2.0,4.0,1.0,2.0
698906,273266,Meteor,13039,T1,T1,0.77,0.78,185.0,126.0,7.0,4.0,8.0,7.0,2.0,2.0,67.0,58.0,117.0,81.0,40.0,40.0,3.0,1.0,1.0,0.0
698906,273266,Akame,13002,DFM,DetonatioN FocusMe,1.5,1.09,241.0,211.0,11.0,8.0,6.0,9.0,3.0,5.0,83.0,67.0,168.0,116.0,38.0,13.0,0.0,1.0,0.0,1.0
698906,273266,SSeeS,21438,DFM,DetonatioN FocusMe,1.44,0.76,252.0,127.0,12.0,6.0,7.0,9.0,3.0,3.0,83.0,58.0,160.0,87.0,52.0,26.0,0.0,1.0,0.0,2.0
698906,273266,Caedye,29841,DFM,DetonatioN FocusMe,1.06,1.09,219.0,174.0,9.0,6.0,9.0,7.0,3.0,3.0,83.0,75.0,150.0,151.0,31.0,48.0,0.0,0.0,1.0,1.0
698906,273266,Meiy,6672,DFM,DetonatioN FocusMe,0.93,0.83,222.0,191.0,8.0,7.0,10.0,10.0,3.0,3.0,92.0,50.0,154.0,127.0,53.0,23.0,4.0,2.0,2.0,0.0
698906,273266,yatsuka,29843,DFM,DetonatioN FocusMe,0.26,0.66,96.0,158.0,3.0,6.0,10.0,10.0,7.0,3.0,83.0,42.0,59.0,111.0,14.0,33.0,1.0,1.0,4.0,3.0
698906,273267,Meteor,13039,T1,T1,0.86,1.48,0.0,316.0,0.0,8.0,0.0,16.0,0.0,3.0,100.0,67.0,0.0,193.0,,44.0,0.0,1.0,0.0,0.0
698906,273267,Munchkin,2489,T1,T1,0.86,0.9,0.0,317.0,0.0,16.0,0.0,15.0,0.0,8.0,100.0,67.0,0.0,229.0,,15.0,0.0,2.0,0.0,1.0
698906,273267,DH,43057,T1,T1,0.86,0.59,0.0,239.0,0.0,15.0,0.0,17.0,0.0,4.0,100.0,67.0,0.0,150.0,,17.0,0.0,0.0,0.0,1.0
698906,273267,iZu,29833,T1,T1,0.86,0.05,0.0,71.0,0.0,7.0,0.0,14.0,0.0,4.0,100.0,67.0,0.0,57.0,,33.0,0.0,0.0,0.0,0.0
698906,273267,BuZz,804,T1,T1,0.86,0.03,0.0,36.0,0.0,5.0,0.0,14.0,0.0,8.0,100.0,50.0,0.0,19.0,,0.0,0.0,0.0,0.0,1.0
698906,273267,Meiy,6672,DFM,DetonatioN FocusMe,1.7,0.62,249.0,,5.0,12.0,2.0,7.0,3.0,2.0,83.0,100.0,172.0,,17.0,,1.0,0.0,0.0,0.0
698906,273267,SSeeS,21438,DFM,DetonatioN FocusMe,1.2,0.78,138.0,,4.0,8.0,3.0,9.0,4.0,5.0,67.0,100.0,61.0,,40.0,,0.0,0.0,1.0,0.0
698906,273267,yatsuka,29843,DFM,DetonatioN FocusMe,1.34,0.65,250.0,,6.0,11.0,4.0,5.0,1.0,2.0,83.0,100.0,154.0,,50.0,,1.0,0.0,2.0,0.0
698906,273267,Caedye,29841,DFM,DetonatioN FocusMe,1.02,0.74,270.0,,6.0,7.0,5.0,6.0,0.0,2.0,67.0,100.0,139.0,,36.0,,1.0,0.0,0.0,0.0
698906,273267,Akame,13002,DFM,DetonatioN FocusMe,1.05,0.58,213.0,,5.0,12.0,4.0,6.0,2.0,0.0,67.0,100.0,142.0,,33.0,,0.0,0.0,0.0,0.0
698907,273268,Killua,13784,FS,FULL SENSE,1.34,1.35,290.0,241.0,13.0,9.0,11.0,6.0,2.0,2.0,67.0,80.0,184.0,206.0,33.0,53.0,1.0,2.0,3.0,0.0
698907,273268,primmie,25255,FS,FULL SENSE,0.66,2.04,181.0,304.0,7.0,12.0,10.0,5.0,1.0,2.0,50.0,70.0,137.0,207.0,33.0,22.0,1.0,1.0,2.0,0.0
698907,273268,JitBoyS,13788,FS,FULL SENSE,1.24,0.5,281.0,96.0,11.0,4.0,9.0,6.0,3.0,1.0,83.0,50.0,169.0,55.0,50.0,25.0,2.0,0.0,1.0,3.0
698907,273268,Crws,3977,FS,FULL SENSE,0.42,0.89,55.0,194.0,2.0,6.0,10.0,7.0,4.0,5.0,50.0,90.0,34.0,140.0,40.0,29.0,1.0,0.0,1.0,1.0
698907,273268,seph1roth,27244,FS,FULL SENSE,0.12,0.83,52.0,216.0,1.0,7.0,11.0,8.0,3.0,1.0,58.0,90.0,42.0,139.0,22.0,41.0,0.0,2.0,0.0,1.0
698907,273268,Jemkin,24895,RRQ,Rex Regum Qeon,1.82,1.0,334.0,185.0,11.0,8.0,6.0,7.0,2.0,0.0,70.0,67.0,226.0,93.0,42.0,25.0,4.0,3.0,1.0,2.0
698907,273268,crazyguy,1430,RRQ,Rex Regum Qeon,0.67,1.87,138.0,346.0,4.0,15.0,7.0,6.0,5.0,2.0,40.0,83.0,95.0,217.0,19.0,13.0,0.0,3.0,2.0,1.0
698907,273268,Monyet,8497,RRQ,Rex Regum Qeon,0.73,1.32,138.0,290.0,5.0,13.0,8.0,8.0,4.0,4.0,60.0,75.0,98.0,168.0,33.0,21.0,1.0,1.0,1.0,0.0
698907,273268,xffero,4871,RRQ,Rex Regum Qeon,0.55,1.19,171.0,202.0,6.0,9.0,9.0,5.0,0.0,3.0,40.0,67.0,105.0,168.0,42.0,26.0,0.0,0.0,0.0,1.0
698907,273268,Xan,11737,RRQ,Rex Regum Qeon,0.75,0.67,159.0,132.0,6.0,6.0,8.0,8.0,2.0,2.0,60.0,83.0,127.0,94.0,28.0,26.0,0.0,0.0,1.0,1.0
698907,273269,seph1roth,27244,FS,FULL SENSE,1.43,1.48,316.0,242.0,14.0,5.0,8.0,2.0,2.0,0.0,75.0,100.0,187.0,132.0,48.0,56.0,4.0,1.0,1.0,0.0
698907,273269,Crws,3977,FS,FULL SENSE,1.22,1.49,207.0,299.0,9.0,5.0,5.0,3.0,4.0,4.0,67.0,100.0,128.0,213.0,27.0,29.0,0.0,1.0,0.0,1.0
698907,273269,JitBoyS,13788,FS,FULL SENSE,1.07,1.78,236.0,349.0,11.0,7.0,8.0,2.0,2.0,0.0,67.0,100.0,151.0,185.0,36.0,25.0,2.0,1.0,0.0,0.0
698907,273269,primmie,25255,FS,FULL SENSE,1.08,1.39,211.0,131.0,9.0,3.0,7.0,1.0,4.0,1.0,75.0,100.0,146.0,97.0,19.0,20.0,3.0,0.0,2.0,1.0
698907,273269,Killua,13784,FS,FULL SENSE,0.97,1.25,193.0,263.0,8.0,5.0,7.0,3.0,2.0,1.0,83.0,100.0,118.0,155.0,8.0,44.0,0.0,0.0,0.0,0.0
698907,273269,xffero,4871,RRQ,Rex Regum Qeon,0.11,1.88,80.0,340.0,1.0,14.0,5.0,9.0,1.0,2.0,60.0,67.0,58.0,233.0,33.0,42.0,0.0,1.0,1.0,1.0
698907,273269,crazyguy,1430,RRQ,Rex Regum Qeon,0.55,0.59,152.0,153.0,2.0,4.0,5.0,10.0,2.0,6.0,60.0,67.0,94.0,122.0,50.0,21.0,0.0,0.0,0.0,3.0
698907,273269,Monyet,8497,RRQ,Rex Regum Qeon,0.22,0.72,99.0,167.0,2.0,7.0,5.0,10.0,0.0,6.0,40.0,67.0,78.0,115.0,50.0,35.0,0.0,0.0,1.0,1.0
698907,273269,Xan,11737,RRQ,Rex Regum Qeon,1.0,0.38,231.0,101.0,4.0,4.0,5.0,11.0,0.0,2.0,60.0,42.0,121.0,72.0,0.0,15.0,1.0,1.0,0.0,3.0
698907,273269,Jemkin,24895,RRQ,Rex Regum Qeon,0.24,0.49,102.0,136.0,2.0,6.0,5.0,11.0,0.0,0.0,60.0,42.0,58.0,70.0,0.0,36.0,1.0,1.0,1.0,1.0
698907,273270,Killua,13784,FS,FULL SENSE,1.9,1.31,366.0,234.0,16.0,7.0,9.0,6.0,4.0,2.0,83.0,100.0,238.0,142.0,44.0,40.0,1.0,0.0,0.0,1.0
698907,273270,Crws,3977,FS,FULL SENSE,1.03,0.65,226.0,197.0,9.0,4.0,9.0,9.0,4.0,4.0,75.0,67.0,145.0,132.0,17.0,15.0,1.0,0.0,2.0,2.0
698907,273270,JitBoyS,13788,FS,FULL SENSE,0.64,1.14,205.0,248.0,9.0,8.0,11.0,7.0,1.0,1.0,83.0,78.0,117.0,155.0,50.0,47.0,2.0,1.0,2.0,0.0
698907,273270,primmie,25255,FS,FULL SENSE,0.71,0.44,142.0,144.0,6.0,4.0,7.0,9.0,0.0,3.0,58.0,44.0,103.0,104.0,25.0,29.0,2.0,1.0,1.0,2.0
698907,273270,seph1roth,27244,FS,FULL SENSE,0.52,0.47,102.0,110.0,4.0,4.0,9.0,7.0,6.0,1.0,92.0,56.0,61.0,68.0,50.0,33.0,0.0,1.0,1.0,1.0
698907,273270,Monyet,8497,RRQ,Rex Regum Qeon,1.57,1.72,275.0,333.0,9.0,14.0,4.0,8.0,7.0,3.0,89.0,92.0,185.0,199.0,17.0,36.0,0.0,2.0,0.0,0.0
698907,273270,xffero,4871,RRQ,Rex Regum Qeon,1.22,1.27,204.0,256.0,6.0,11.0,4.0,8.0,6.0,4.0,78.0,67.0,137.0,158.0,29.0,42.0,1.0,0.0,0.0,1.0
698907,273270,Jemkin,24895,RRQ,Rex Regum Qeon,1.22,1.18,232.0,204.0,8.0,9.0,7.0,7.0,1.0,2.0,78.0,75.0,141.0,138.0,15.0,17.0,3.0,1.0,0.0,1.0
698907,273270,crazyguy,1430,RRQ,Rex Regum Qeon,0.86,0.64,208.0,153.0,7.0,6.0,6.0,10.0,3.0,3.0,56.0,83.0,126.0,106.0,25.0,15.0,1.0,3.0,2.0,2.0
698907,273270,Xan,11737,RRQ,Rex Regum Qeon,1.09,0.27,206.0,130.0,8.0,5.0,7.0,11.0,1.0,1.0,67.0,42.0,122.0,107.0,39.0,17.0,1.0,0.0,1.0,2.0
698908,273271,Foxy9,11600,VL,VARREL,1.26,0.72,255.0,146.0,10.0,3.0,8.0,5.0,4.0,2.0,75.0,57.0,175.0,119.0,50.0,36.0,1.0,0.0,1.0,1.0
698908,273271,oonzmlp,34926,VL,VARREL,1.15,0.82,226.0,169.0,10.0,5.0,10.0,4.0,4.0,0.0,83.0,86.0,147.0,88.0,32.0,38.0,1.0,0.0,0.0,0.0
698908,273271,XuNa,42733,VL,VARREL,1.19,0.66,259.0,164.0,10.0,3.0,9.0,5.0,4.0,1.0,83.0,86.0,175.0,148.0,42.0,22.0,2.0,0.0,1.0,0.0
698908,273271,Klaus,4426,VL,VARREL,0.53,0.3,113.0,133.0,5.0,2.0,9.0,6.0,1.0,2.0,67.0,86.0,76.0,93.0,31.0,30.0,0.0,1.0,1.0,1.0
698908,273271,Zexy,37532,VL,VARREL,0.51,0.02,119.0,46.0,5.0,1.0,9.0,6.0,1.0,1.0,75.0,43.0,75.0,27.0,53.0,50.0,1.0,1.0,4.0,2.0
698908,273271,HYUNMIN,28400,KRX,KIWOOM DRX,1.38,2.08,264.0,423.0,7.0,17.0,3.0,7.0,4.0,4.0,100.0,92.0,148.0,270.0,18.0,51.0,0.0,4.0,0.0,0.0
698908,273271,free1ng,1916,KRX,KIWOOM DRX,1.53,1.34,185.0,195.0,6.0,11.0,2.0,6.0,0.0,1.0,86.0,83.0,141.0,121.0,60.0,33.0,1.0,1.0,1.0,1.0
698908,273271,Flicker,51100,KRX,KIWOOM DRX,1.23,0.9,212.0,202.0,5.0,7.0,3.0,9.0,2.0,10.0,86.0,83.0,133.0,135.0,27.0,33.0,2.0,1.0,0.0,2.0
698908,273271,MaKo,4462,KRX,KIWOOM DRX,0.92,0.75,132.0,133.0,4.0,5.0,4.0,9.0,1.0,7.0,100.0,83.0,101.0,86.0,57.0,38.0,1.0,0.0,1.0,2.0
698908,273271,BeYN,4678,KRX,KIWOOM DRX,1.31,0.43,149.0,112.0,4.0,5.0,2.0,9.0,3.0,1.0,100.0,50.0,68.0,66.0,43.0,20.0,0.0,1.0,0.0,0.0
698908,273272,oonzmlp,34926,VL,VARREL,1.39,1.13,261.0,171.0,11.0,5.0,8.0,4.0,4.0,6.0,83.0,89.0,166.0,87.0,67.0,40.0,1.0,1.0,2.0,0.0
698908,273272,Klaus,4426,VL,VARREL,1.44,0.91,273.0,121.0,13.0,4.0,7.0,5.0,5.0,4.0,83.0,89.0,159.0,90.0,27.0,36.0,0.0,1.0,0.0,1.0
698908,273272,XuNa,42733,VL,VARREL,0.77,1.5,135.0,277.0,5.0,9.0,8.0,5.0,4.0,5.0,83.0,89.0,104.0,203.0,19.0,50.0,0.0,2.0,0.0,0.0
698908,273272,Foxy9,11600,VL,VARREL,1.42,0.59,253.0,169.0,11.0,5.0,6.0,6.0,1.0,1.0,83.0,56.0,172.0,116.0,47.0,45.0,1.0,2.0,0.0,2.0
698908,273272,Zexy,37532,VL,VARREL,0.02,2.19,79.0,406.0,3.0,13.0,12.0,4.0,1.0,2.0,50.0,89.0,51.0,241.0,25.0,56.0,1.0,0.0,7.0,0.0
698908,273272,MaKo,4462,KRX,KIWOOM DRX,0.94,1.42,154.0,314.0,5.0,13.0,7.0,9.0,5.0,3.0,89.0,75.0,118.0,185.0,23.0,33.0,0.0,4.0,0.0,1.0
698908,273272,HYUNMIN,28400,KRX,KIWOOM DRX,0.95,1.24,229.0,247.0,7.0,10.0,8.0,9.0,2.0,2.0,78.0,67.0,137.0,176.0,17.0,36.0,3.0,1.0,1.0,1.0
698908,273272,free1ng,1916,KRX,KIWOOM DRX,0.95,0.76,141.0,80.0,5.0,4.0,6.0,6.0,1.0,5.0,56.0,75.0,85.0,34.0,60.0,20.0,0.0,1.0,0.0,0.0
698908,273272,BeYN,4678,KRX,KIWOOM DRX,0.87,0.66,155.0,185.0,5.0,7.0,7.0,10.0,1.0,1.0,67.0,42.0,108.0,116.0,27.0,50.0,0.0,1.0,0.0,1.0
698908,273272,Flicker,51100,KRX,KIWOOM DRX,0.13,0.82,89.0,186.0,2.0,7.0,8.0,9.0,2.0,3.0,44.0,75.0,75.0,133.0,13.0,20.0,0.0,2.0,5.0,0.0
698908,273273,XuNa,42733,VL,VARREL,1.71,0.96,270.0,141.0,12.0,6.0,5.0,7.0,5.0,3.0,92.0,64.0,204.0,90.0,56.0,27.0,0.0,1.0,0.0,0.0
698908,273273,Foxy9,11600,VL,VARREL,1.16,1.31,227.0,288.0,10.0,10.0,7.0,8.0,3.0,4.0,75.0,64.0,148.0,220.0,45.0,24.0,1.0,0.0,0.0,1.0
698908,273273,Klaus,4426,VL,VARREL,1.41,0.88,219.0,177.0,8.0,7.0,6.0,8.0,11.0,2.0,83.0,73.0,142.0,118.0,32.0,41.0,0.0,1.0,1.0,2.0
698908,273273,oonzmlp,34926,VL,VARREL,0.8,0.9,163.0,150.0,6.0,5.0,9.0,6.0,3.0,4.0,83.0,73.0,110.0,99.0,26.0,50.0,2.0,1.0,2.0,1.0
698908,273273,Zexy,37532,VL,VARREL,0.64,1.04,161.0,185.0,6.0,8.0,9.0,8.0,2.0,0.0,75.0,73.0,108.0,113.0,20.0,6.0,3.0,4.0,3.0,0.0
698908,273273,BeYN,4678,KRX,KIWOOM DRX,1.37,1.06,243.0,179.0,9.0,8.0,6.0,8.0,3.0,4.0,82.0,83.0,174.0,131.0,23.0,39.0,0.0,1.0,0.0,2.0
698908,273273,HYUNMIN,28400,KRX,KIWOOM DRX,1.08,1.21,281.0,251.0,10.0,10.0,9.0,8.0,2.0,4.0,73.0,75.0,191.0,155.0,19.0,17.0,1.0,2.0,2.0,1.0
698908,273273,MaKo,4462,KRX,KIWOOM DRX,0.85,1.11,164.0,210.0,6.0,9.0,7.0,9.0,3.0,6.0,64.0,67.0,91.0,146.0,50.0,27.0,2.0,0.0,1.0,1.0
698908,273273,free1ng,1916,KRX,KIWOOM DRX,1.04,0.66,184.0,136.0,8.0,4.0,6.0,8.0,0.0,6.0,64.0,92.0,111.0,92.0,54.0,17.0,1.0,1.0,1.0,1.0
698908,273273,Flicker,51100,KRX,KIWOOM DRX,0.49,0.81,111.0,143.0,4.0,5.0,8.0,9.0,3.0,3.0,73.0,58.0,67.0,107.0,4.0,26.0,0.0,2.0,3.0,1.0
698909,273274,Absol,34776,ZETA,ZETA DIVISION,2.12,1.9,416.0,362.0,20.0,15.0,6.0,7.0,1.0,3.0,83.0,82.0,227.0,213.0,15.0,15.0,4.0,1.0,2.0,1.0
698909,273274,SyouTa,12990,ZETA,ZETA DIVISION,1.52,1.44,278.0,297.0,12.0,11.0,5.0,9.0,3.0,5.0,83.0,91.0,183.0,197.0,41.0,48.0,0.0,4.0,0.0,2.0
698909,273274,Xdll,25221,ZETA,ZETA DIVISION,1.08,0.65,173.0,153.0,8.0,6.0,7.0,10.0,5.0,5.0,67.0,55.0,124.0,87.0,29.0,29.0,0.0,1.0,3.0,1.0
698909,273274,eKo,1960,ZETA,ZETA DIVISION,0.72,0.92,126.0,176.0,4.0,6.0,9.0,7.0,7.0,6.0,67.0,91.0,97.0,132.0,33.0,24.0,1.0,0.0,0.0,0.0
698909,273274,SugarZ3ro,6668,ZETA,ZETA DIVISION,0.2,0.62,59.0,122.0,2.0,5.0,11.0,8.0,5.0,4.0,92.0,73.0,45.0,79.0,50.0,46.0,0.0,0.0,2.0,1.0
698909,273274,Rb,488,NS,Nongshim RedForce,1.34,1.38,321.0,262.0,12.0,12.0,9.0,7.0,2.0,1.0,91.0,83.0,212.0,145.0,23.0,6.0,1.0,2.0,0.0,0.0
698909,273274,Ivy,31829,NS,Nongshim RedForce,1.34,1.03,265.0,149.0,12.0,6.0,7.0,7.0,1.0,2.0,73.0,50.0,146.0,111.0,23.0,37.0,2.0,1.0,1.0,2.0
698909,273274,Dambi,31827,NS,Nongshim RedForce,0.46,1.02,133.0,224.0,4.0,9.0,9.0,10.0,2.0,3.0,45.0,67.0,85.0,136.0,38.0,36.0,1.0,2.0,2.0,1.0
698909,273274,Francis,31828,NS,Nongshim RedForce,0.73,0.41,199.0,122.0,7.0,5.0,10.0,11.0,3.0,3.0,82.0,58.0,119.0,80.0,32.0,40.0,1.0,1.0,2.0,2.0
698909,273274,Xross,42772,NS,Nongshim RedForce,0.66,0.46,144.0,164.0,6.0,6.0,8.0,11.0,4.0,3.0,55.0,67.0,83.0,110.0,29.0,38.0,0.0,1.0,1.0,0.0
698909,273275,Xdll,25221,ZETA,ZETA DIVISION,1.11,1.62,244.0,243.0,12.0,14.0,10.0,6.0,1.0,0.0,57.0,79.0,154.0,161.0,21.0,30.0,2.0,1.0,2.0,0.0
698909,273275,SugarZ3ro,6668,ZETA,ZETA DIVISION,1.04,1.31,224.0,238.0,11.0,11.0,12.0,10.0,5.0,9.0,71.0,71.0,161.0,138.0,52.0,31.0,2.0,2.0,1.0,2.0
698909,273275,eKo,1960,ZETA,ZETA DIVISION,1.04,0.79,242.0,145.0,11.0,5.0,11.0,11.0,4.0,8.0,79.0,64.0,158.0,99.0,40.0,33.0,2.0,1.0,1.0,2.0
698909,273275,Absol,34776,ZETA,ZETA DIVISION,0.65,0.86,150.0,179.0,6.0,8.0,11.0,11.0,3.0,6.0,50.0,71.0,97.0,126.0,14.0,9.0,0.0,1.0,2.0,3.0
698909,273275,SyouTa,12990,ZETA,ZETA DIVISION,0.45,0.92,129.0,192.0,6.0,9.0,12.0,10.0,4.0,2.0,64.0,64.0,84.0,146.0,33.0,38.0,2.0,1.0,0.0,1.0
698909,273275,Rb,488,NS,Nongshim RedForce,1.19,1.39,205.0,256.0,10.0,13.0,8.0,10.0,11.0,5.0,93.0,93.0,138.0,155.0,38.0,19.0,0.0,1.0,1.0,1.0
698909,273275,Ivy,31829,NS,Nongshim RedForce,1.1,1.34,264.0,279.0,14.0,13.0,11.0,8.0,2.0,3.0,86.0,79.0,161.0,197.0,33.0,38.0,2.0,3.0,0.0,2.0
698909,273275,Xross,42772,NS,Nongshim RedForce,1.11,1.23,183.0,185.0,8.0,9.0,8.0,8.0,4.0,5.0,64.0,79.0,122.0,134.0,29.0,14.0,3.0,0.0,0.0,0.0
698909,273275,Dambi,31827,NS,Nongshim RedForce,0.98,0.84,249.0,205.0,12.0,10.0,10.0,10.0,4.0,4.0,64.0,50.0,163.0,125.0,21.0,23.0,2.0,1.0,4.0,3.0
698909,273275,Francis,31828,NS,Nongshim RedForce,0.54,1.1,116.0,208.0,4.0,11.0,10.0,10.0,6.0,3.0,64.0,64.0,82.0,164.0,19.0,15.0,1.0,1.0,1.0,2.0
698909,273276,SugarZ3ro,6668,ZETA,ZETA DIVISION,0.02,0.82,0.0,233.0,0.0,8.0,1.0,12.0,0.0,1.0,,42.0,0.0,159.0,,35.0,0.0,1.0,0.0,2.0
698909,273276,eKo,1960,ZETA,ZETA DIVISION,0.02,0.39,100.0,94.0,0.0,2.0,1.0,11.0,0.0,1.0,,33.0,100.0,71.0,0.0,13.0,0.0,1.0,0.0,2.0
698909,273276,Xdll,25221,ZETA,ZETA DIVISION,0.49,0.33,55.0,121.0,0.0,4.0,1.0,12.0,0.0,1.0,,33.0,55.0,81.0,0.0,23.0,0.0,1.0,0.0,0.0
698909,273276,SyouTa,12990,ZETA,ZETA DIVISION,0.22,0.14,30.0,65.0,0.0,2.0,1.0,11.0,0.0,1.0,,33.0,30.0,48.0,0.0,17.0,0.0,0.0,0.0,1.0
698909,273276,Absol,34776,ZETA,ZETA DIVISION,0.01,0.02,0.0,22.0,0.0,1.0,1.0,12.0,0.0,0.0,,17.0,0.0,12.0,,0.0,0.0,0.0,1.0,4.0
698909,273276,Francis,31828,NS,Nongshim RedForce,1.93,1.51,258.0,178.0,12.0,1.0,3.0,0.0,8.0,1.0,92.0,100.0,172.0,90.0,27.0,0.0,3.0,0.0,0.0,0.0
698909,273276,Ivy,31829,NS,Nongshim RedForce,1.78,0.86,294.0,,13.0,0.0,3.0,0.0,3.0,0.0,100.0,100.0,203.0,,31.0,,2.0,0.0,0.0,0.0
698909,273276,Xross,42772,NS,Nongshim RedForce,1.53,3.3,150.0,460.0,7.0,2.0,1.0,0.0,5.0,0.0,92.0,100.0,99.0,342.0,13.0,67.0,1.0,1.0,0.0,0.0
698909,273276,Rb,488,NS,Nongshim RedForce,1.62,1.89,285.0,191.0,13.0,1.0,5.0,0.0,6.0,0.0,92.0,100.0,154.0,75.0,13.0,0.0,1.0,0.0,2.0,0.0
698909,273276,Dambi,31827,NS,Nongshim RedForce,1.49,1.94,261.0,277.0,13.0,1.0,5.0,0.0,3.0,1.0,83.0,100.0,185.0,192.0,26.0,100.0,2.0,0.0,1.0,0.0
698910,273277,STYRON,11704,TS,Team Secret,1.12,1.01,177.0,224.0,5.0,9.0,4.0,11.0,2.0,3.0,86.0,67.0,123.0,156.0,40.0,33.0,0.0,1.0,0.0,1.0
698910,273277,natz,7049,TS,Team Secret,2.34,0.17,414.0,83.0,12.0,3.0,2.0,12.0,4.0,5.0,86.0,58.0,225.0,58.0,42.0,25.0,0.0,0.0,0.0,2.0
698910,273277,Zeus,46135,TS,Team Secret,1.66,0.36,356.0,108.0,8.0,4.0,4.0,12.0,3.0,1.0,86.0,67.0,237.0,72.0,25.0,23.0,3.0,0.0,1.0,3.0
698910,273277,kellyS,7437,TS,Team Secret,0.23,0.8,118.0,212.0,3.0,7.0,6.0,12.0,2.0,5.0,71.0,83.0,86.0,143.0,8.0,18.0,0.0,2.0,0.0,1.0
698910,273277,Sylvan,4056,TS,Team Secret,0.16,0.82,99.0,189.0,3.0,7.0,6.0,11.0,1.0,3.0,71.0,58.0,69.0,117.0,40.0,39.0,1.0,0.0,2.0,2.0
698910,273277,Akame,13002,DFM,DetonatioN FocusMe,1.67,1.13,302.0,172.0,13.0,4.0,5.0,5.0,5.0,2.0,92.0,57.0,203.0,116.0,33.0,33.0,2.0,2.0,0.0,0.0
698910,273277,SSeeS,21438,DFM,DetonatioN FocusMe,1.94,0.6,291.0,117.0,14.0,3.0,4.0,6.0,4.0,1.0,100.0,57.0,162.0,86.0,17.0,10.0,4.0,0.0,1.0,1.0
698910,273277,Meiy,6672,DFM,DetonatioN FocusMe,1.11,1.82,237.0,383.0,12.0,10.0,7.0,6.0,1.0,0.0,75.0,71.0,146.0,213.0,30.0,33.0,1.0,1.0,0.0,1.0
698910,273277,Caedye,29841,DFM,DetonatioN FocusMe,1.14,0.43,168.0,145.0,7.0,3.0,6.0,7.0,8.0,2.0,92.0,71.0,116.0,79.0,33.0,29.0,0.0,0.0,1.0,1.0
698910,273277,yatsuka,29843,DFM,DetonatioN FocusMe,1.16,0.4,271.0,109.0,12.0,2.0,8.0,7.0,5.0,3.0,92.0,71.0,174.0,72.0,47.0,50.0,2.0,0.0,1.0,1.0
698910,273278,natz,7049,TS,Team Secret,0.65,1.52,177.0,260.0,8.0,11.0,11.0,7.0,4.0,4.0,75.0,58.0,116.0,162.0,50.0,18.0,0.0,2.0,1.0,1.0
698910,273278,kellyS,7437,TS,Team Secret,1.34,0.63,278.0,162.0,12.0,6.0,9.0,11.0,2.0,4.0,75.0,42.0,181.0,118.0,31.0,23.0,1.0,1.0,3.0,1.0
698910,273278,Sylvan,4056,TS,Team Secret,0.92,1.04,191.0,190.0,8.0,7.0,9.0,8.0,4.0,6.0,67.0,83.0,128.0,132.0,19.0,50.0,2.0,0.0,0.0,2.0
698910,273278,Zeus,46135,TS,Team Secret,0.52,1.06,133.0,214.0,5.0,10.0,9.0,10.0,3.0,0.0,67.0,75.0,99.0,159.0,43.0,32.0,1.0,1.0,2.0,2.0
698910,273278,STYRON,11704,TS,Team Secret,0.71,0.73,196.0,144.0,8.0,5.0,10.0,9.0,3.0,1.0,83.0,58.0,141.0,107.0,35.0,21.0,1.0,1.0,1.0,1.0
698910,273278,Meiy,6672,DFM,DetonatioN FocusMe,1.36,1.69,322.0,372.0,13.0,17.0,9.0,9.0,4.0,3.0,92.0,92.0,186.0,192.0,15.0,13.0,3.0,2.0,2.0,1.0
698910,273278,Akame,13002,DFM,DetonatioN FocusMe,0.88,1.68,117.0,295.0,5.0,13.0,7.0,7.0,6.0,2.0,67.0,75.0,95.0,187.0,36.0,34.0,0.0,2.0,0.0,1.0
698910,273278,yatsuka,29843,DFM,DetonatioN FocusMe,1.36,0.78,339.0,179.0,14.0,6.0,9.0,10.0,4.0,9.0,83.0,75.0,198.0,116.0,41.0,25.0,2.0,0.0,1.0,1.0
698910,273278,Caedye,29841,DFM,DetonatioN FocusMe,0.82,0.95,189.0,140.0,8.0,5.0,8.0,7.0,3.0,4.0,83.0,83.0,149.0,107.0,50.0,15.0,1.0,1.0,1.0,2.0
698910,273278,SSeeS,21438,DFM,DetonatioN FocusMe,0.79,0.87,110.0,174.0,5.0,7.0,6.0,8.0,1.0,2.0,75.0,67.0,76.0,100.0,18.0,6.0,1.0,2.0,1.0,0.0
698911,273280,Karon,34974,GEN,Gen.G,1.11,1.24,118.0,276.0,4.0,12.0,4.0,10.0,3.0,6.0,67.0,67.0,84.0,157.0,57.0,24.0,0.0,1.0,0.0,1.0
698911,273280,t3xture,9196,GEN,Gen.G,0.91,1.28,185.0,255.0,5.0,10.0,6.0,9.0,3.0,3.0,78.0,83.0,138.0,143.0,35.0,10.0,2.0,5.0,2.0,0.0
698911,273280,Raxcal,48925,GEN,Gen.G,1.32,0.78,314.0,113.0,10.0,6.0,6.0,8.0,3.0,2.0,89.0,58.0,196.0,74.0,21.0,23.0,3.0,1.0,0.0,0.0
698911,273280,Ash,25017,GEN,Gen.G,1.35,0.64,255.0,177.0,9.0,6.0,6.0,10.0,2.0,2.0,56.0,58.0,153.0,118.0,33.0,37.0,1.0,1.0,1.0,2.0
698911,273280,Efina,985,GEN,Gen.G,1.36,0.5,235.0,122.0,9.0,5.0,4.0,10.0,0.0,1.0,100.0,58.0,176.0,83.0,38.0,24.0,0.0,1.0,0.0,0.0
698911,273280,JitBoyS,13788,FS,FULL SENSE,1.59,0.67,338.0,170.0,16.0,4.0,8.0,8.0,3.0,3.0,75.0,56.0,195.0,132.0,30.0,23.0,3.0,1.0,3.0,2.0
698911,273280,Killua,13784,FS,FULL SENSE,1.34,0.62,273.0,151.0,11.0,5.0,9.0,8.0,7.0,3.0,92.0,67.0,163.0,90.0,32.0,40.0,0.0,1.0,0.0,2.0
698911,273280,seph1roth,27244,FS,FULL SENSE,1.14,0.77,201.0,134.0,9.0,5.0,7.0,7.0,6.0,4.0,75.0,89.0,128.0,59.0,48.0,25.0,0.0,0.0,0.0,0.0
698911,273280,Crws,3977,FS,FULL SENSE,0.98,0.63,179.0,132.0,7.0,3.0,7.0,7.0,3.0,2.0,67.0,56.0,123.0,89.0,23.0,50.0,0.0,1.0,2.0,1.0
698911,273280,primmie,25255,FS,FULL SENSE,0.45,1.26,100.0,286.0,4.0,9.0,8.0,7.0,3.0,0.0,83.0,67.0,75.0,188.0,10.0,32.0,0.0,0.0,4.0,1.0
698911,273281,Karon,34974,GEN,Gen.G,0.84,1.43,158.0,301.0,7.0,12.0,8.0,7.0,0.0,2.0,50.0,73.0,97.0,174.0,50.0,39.0,1.0,0.0,2.0,1.0
698911,273281,Efina,985,GEN,Gen.G,0.92,1.15,237.0,256.0,10.0,9.0,10.0,7.0,1.0,1.0,67.0,73.0,147.0,168.0,27.0,29.0,1.0,2.0,0.0,1.0
698911,273281,t3xture,9196,GEN,Gen.G,0.92,0.81,156.0,138.0,7.0,5.0,8.0,6.0,1.0,2.0,58.0,55.0,102.0,98.0,21.0,43.0,0.0,0.0,0.0,3.0
698911,273281,Ash,25017,GEN,Gen.G,0.67,0.67,172.0,220.0,7.0,8.0,10.0,9.0,2.0,2.0,58.0,73.0,114.0,122.0,32.0,34.0,1.0,0.0,4.0,3.0
698911,273281,Raxcal,48925,GEN,Gen.G,0.77,0.38,161.0,73.0,7.0,3.0,9.0,8.0,4.0,2.0,83.0,45.0,108.0,40.0,23.0,29.0,1.0,1.0,2.0,0.0
698911,273281,primmie,25255,FS,FULL SENSE,1.93,1.29,356.0,206.0,15.0,9.0,8.0,6.0,3.0,2.0,64.0,83.0,224.0,120.0,48.0,30.0,2.0,2.0,1.0,0.0
698911,273281,Killua,13784,FS,FULL SENSE,0.73,1.41,93.0,309.0,3.0,12.0,6.0,9.0,2.0,6.0,64.0,92.0,68.0,227.0,44.0,47.0,0.0,0.0,0.0,0.0
698911,273281,seph1roth,27244,FS,FULL SENSE,0.85,1.25,227.0,290.0,8.0,11.0,9.0,8.0,1.0,2.0,55.0,83.0,137.0,186.0,38.0,21.0,2.0,4.0,1.0,1.0
698911,273281,JitBoyS,13788,FS,FULL SENSE,0.96,0.88,195.0,184.0,6.0,8.0,7.0,8.0,4.0,3.0,73.0,75.0,117.0,121.0,33.0,21.0,3.0,2.0,1.0,2.0
698911,273281,Crws,3977,FS,FULL SENSE,0.8,0.83,102.0,121.0,5.0,5.0,7.0,7.0,3.0,5.0,64.0,67.0,57.0,97.0,20.0,17.0,1.0,0.0,0.0,1.0
698911,273282,Raxcal,48925,GEN,Gen.G,1.27,1.49,211.0,262.0,10.0,13.0,7.0,6.0,2.0,0.0,67.0,67.0,137.0,150.0,23.0,23.0,0.0,1.0,0.0,0.0
698911,273282,Karon,34974,GEN,Gen.G,0.89,1.38,151.0,282.0,6.0,11.0,9.0,7.0,6.0,6.0,67.0,83.0,105.0,169.0,38.0,19.0,0.0,2.0,0.0,1.0
698911,273282,t3xture,9196,GEN,Gen.G,0.9,0.93,274.0,204.0,10.0,9.0,11.0,9.0,2.0,4.0,75.0,75.0,177.0,140.0,36.0,11.0,4.0,2.0,3.0,0.0
698911,273282,Ash,25017,GEN,Gen.G,0.46,1.34,138.0,265.0,6.0,11.0,9.0,8.0,0.0,6.0,42.0,67.0,81.0,135.0,14.0,16.0,2.0,3.0,3.0,2.0
698911,273282,Efina,985,GEN,Gen.G,0.81,0.25,137.0,84.0,6.0,3.0,8.0,10.0,5.0,4.0,83.0,75.0,76.0,58.0,17.0,8.0,0.0,0.0,0.0,1.0
698911,273282,primmie,25255,FS,FULL SENSE,1.6,1.54,393.0,249.0,16.0,12.0,10.0,5.0,2.0,1.0,75.0,75.0,229.0,159.0,47.0,32.0,1.0,1.0,1.0,1.0
698911,273282,JitBoyS,13788,FS,FULL SENSE,1.11,1.16,286.0,226.0,11.0,9.0,10.0,8.0,3.0,2.0,67.0,75.0,205.0,157.0,31.0,21.0,3.0,2.0,1.0,1.0
698911,273282,Killua,13784,FS,FULL SENSE,0.69,1.07,106.0,224.0,4.0,9.0,9.0,9.0,7.0,5.0,67.0,67.0,59.0,166.0,9.0,19.0,0.0,0.0,1.0,1.0
698911,273282,seph1roth,27244,FS,FULL SENSE,0.72,0.99,152.0,216.0,7.0,9.0,9.0,8.0,1.0,5.0,50.0,75.0,91.0,132.0,67.0,30.0,0.0,2.0,5.0,2.0
698911,273282,Crws,3977,FS,FULL SENSE,0.35,0.93,57.0,162.0,2.0,5.0,9.0,8.0,2.0,9.0,50.0,67.0,45.0,100.0,30.0,40.0,0.0,1.0,0.0,1.0
698912,273283,HYUNMIN,28400,KRX,KIWOOM DRX,1.69,1.8,295.0,358.0,11.0,16.0,5.0,10.0,4.0,3.0,90.0,92.0,163.0,222.0,40.0,44.0,0.0,1.0,0.0,0.0
698912,273283,BeYN,4678,KRX,KIWOOM DRX,0.97,0.73,115.0,184.0,4.0,8.0,5.0,11.0,4.0,2.0,90.0,75.0,92.0,120.0,36.0,35.0,0.0,1.0,0.0,0.0
698912,273283,free1ng,1916,KRX,KIWOOM DRX,1.4,0.31,292.0,100.0,10.0,4.0,6.0,11.0,2.0,2.0,90.0,50.0,171.0,82.0,15.0,19.0,3.0,0.0,3.0,3.0
698912,273283,MaKo,4462,KRX,KIWOOM DRX,0.46,0.85,140.0,230.0,4.0,9.0,7.0,11.0,2.0,4.0,80.0,75.0,95.0,150.0,31.0,35.0,0.0,2.0,1.0,0.0
698912,273283,yong,51238,KRX,KIWOOM DRX,0.92,0.25,156.0,116.0,6.0,4.0,5.0,11.0,0.0,3.0,70.0,50.0,99.0,74.0,20.0,20.0,2.0,2.0,1.0,3.0
698912,273283,BuZz,804,T1,T1,2.0,0.91,434.0,238.0,19.0,6.0,9.0,7.0,3.0,5.0,92.0,70.0,302.0,169.0,22.0,21.0,0.0,2.0,0.0,1.0
698912,273283,Meteor,13039,T1,T1,1.75,0.75,312.0,114.0,15.0,4.0,6.0,6.0,1.0,0.0,92.0,50.0,203.0,60.0,25.0,25.0,5.0,1.0,1.0,2.0
698912,273283,Munchkin,2489,T1,T1,1.32,0.68,175.0,121.0,7.0,5.0,6.0,8.0,7.0,2.0,83.0,50.0,111.0,85.0,18.0,27.0,0.0,0.0,0.0,1.0
698912,273283,stax,485,T1,T1,0.7,1.11,197.0,130.0,9.0,5.0,10.0,5.0,5.0,9.0,83.0,90.0,132.0,67.0,21.0,24.0,1.0,0.0,1.0,0.0
698912,273283,iZu,29833,T1,T1,0.39,0.79,104.0,234.0,4.0,8.0,10.0,9.0,6.0,0.0,83.0,70.0,71.0,152.0,16.0,33.0,0.0,2.0,4.0,1.0
698912,273284,HYUNMIN,28400,KRX,KIWOOM DRX,1.74,0.43,354.0,134.0,16.0,2.0,9.0,6.0,3.0,1.0,75.0,67.0,224.0,125.0,50.0,33.0,2.0,0.0,2.0,1.0
698912,273284,BeYN,4678,KRX,KIWOOM DRX,0.99,0.63,197.0,193.0,9.0,4.0,9.0,5.0,2.0,1.0,75.0,67.0,131.0,114.0,44.0,56.0,0.0,0.0,0.0,0.0
698912,273284,yong,51238,KRX,KIWOOM DRX,0.81,0.03,171.0,80.0,8.0,2.0,10.0,5.0,4.0,0.0,67.0,33.0,120.0,40.0,37.0,100.0,0.0,0.0,1.0,2.0
698912,273284,free1ng,1916,KRX,KIWOOM DRX,0.2,0.48,120.0,149.0,5.0,3.0,11.0,4.0,0.0,0.0,67.0,67.0,69.0,97.0,30.0,50.0,2.0,0.0,3.0,1.0
698912,273284,MaKo,4462,KRX,KIWOOM DRX,0.48,0.02,156.0,48.0,5.0,0.0,10.0,6.0,4.0,1.0,58.0,17.0,95.0,48.0,17.0,0.0,1.0,0.0,1.0,2.0
698912,273284,Meteor,13039,T1,T1,2.73,1.17,499.0,277.0,12.0,12.0,2.0,10.0,1.0,2.0,100.0,75.0,337.0,170.0,26.0,44.0,2.0,4.0,0.0,0.0
698912,273284,iZu,29833,T1,T1,1.42,1.48,92.0,261.0,2.0,11.0,0.0,7.0,3.0,1.0,100.0,92.0,63.0,164.0,33.0,38.0,0.0,1.0,0.0,0.0
698912,273284,Munchkin,2489,T1,T1,0.88,1.54,152.0,304.0,3.0,14.0,4.0,7.0,0.0,3.0,83.0,83.0,111.0,205.0,33.0,26.0,2.0,1.0,0.0,1.0
698912,273284,BuZz,804,T1,T1,1.93,0.74,296.0,178.0,7.0,8.0,2.0,10.0,2.0,1.0,100.0,92.0,199.0,115.0,37.0,12.0,1.0,1.0,0.0,2.0
698912,273284,stax,485,T1,T1,0.77,0.63,104.0,123.0,2.0,4.0,3.0,9.0,2.0,7.0,83.0,67.0,89.0,101.0,29.0,47.0,1.0,0.0,0.0,2.0
698913,273286,Autumn,872,GE,Global Esports,1.35,1.29,206.0,173.0,8.0,9.0,5.0,4.0,1.0,1.0,70.0,92.0,138.0,117.0,35.0,29.0,0.0,0.0,0.0,0.0
698913,273286,UdoTan,4428,GE,Global Esports,1.24,1.25,284.0,247.0,10.0,11.0,7.0,7.0,1.0,1.0,90.0,67.0,210.0,157.0,26.0,17.0,2.0,3.0,1.0,2.0
698913,273286,xavi8k,7754,GE,Global Esports,1.59,0.77,270.0,134.0,12.0,5.0,5.0,8.0,1.0,4.0,90.0,75.0,155.0,91.0,42.0,27.0,2.0,2.0,2.0,0.0
698913,273286,PatMen,13744,GE,Global Esports,0.82,1.37,246.0,266.0,9.0,11.0,8.0,7.0,1.0,6.0,50.0,83.0,153.0,176.0,25.0,42.0,1.0,1.0,2.0,1.0
698913,273286,Kr1stal,5796,GE,Global Esports,0.84,1.01,111.0,154.0,3.0,5.0,5.0,7.0,8.0,3.0,90.0,75.0,87.0,102.0,17.0,19.0,0.0,2.0,0.0,1.0
698913,273286,SugarZ3ro,6668,ZETA,ZETA DIVISION,0.98,1.19,132.0,230.0,6.0,10.0,7.0,8.0,6.0,0.0,83.0,60.0,99.0,135.0,20.0,53.0,0.0,1.0,0.0,2.0
698913,273286,SyouTa,12990,ZETA,ZETA DIVISION,0.8,1.07,226.0,184.0,9.0,6.0,11.0,8.0,1.0,3.0,58.0,70.0,153.0,136.0,48.0,53.0,2.0,0.0,1.0,1.0
698913,273286,eKo,1960,ZETA,ZETA DIVISION,1.19,0.53,169.0,163.0,7.0,4.0,6.0,8.0,4.0,5.0,58.0,70.0,124.0,118.0,29.0,14.0,0.0,1.0,2.0,1.0
698913,273286,Absol,34776,ZETA,ZETA DIVISION,0.94,0.79,211.0,194.0,8.0,7.0,9.0,9.0,1.0,1.0,58.0,70.0,126.0,113.0,40.0,54.0,2.0,3.0,1.0,1.0
698913,273286,Xdll,25221,ZETA,ZETA DIVISION,0.41,0.41,95.0,121.0,3.0,3.0,8.0,9.0,2.0,1.0,50.0,50.0,75.0,96.0,17.0,19.0,0.0,0.0,4.0,0.0
698913,273287,UdoTan,4428,GE,Global Esports,1.38,1.73,319.0,309.0,14.0,15.0,10.0,6.0,1.0,3.0,62.0,85.0,203.0,201.0,33.0,21.0,1.0,4.0,1.0,0.0
698913,273287,PatMen,13744,GE,Global Esports,0.9,1.44,219.0,379.0,9.0,16.0,11.0,11.0,1.0,4.0,46.0,85.0,146.0,252.0,39.0,33.0,3.0,2.0,2.0,1.0
698913,273287,Kr1stal,5796,GE,Global Esports,0.86,1.33,158.0,202.0,8.0,10.0,10.0,6.0,2.0,4.0,54.0,85.0,109.0,134.0,32.0,25.0,1.0,1.0,0.0,0.0
698913,273287,xavi8k,7754,GE,Global Esports,0.56,1.54,155.0,261.0,4.0,14.0,12.0,7.0,9.0,4.0,85.0,92.0,114.0,196.0,18.0,28.0,0.0,1.0,0.0,1.0
698913,273287,Autumn,872,GE,Global Esports,0.62,0.8,140.0,146.0,6.0,6.0,11.0,7.0,4.0,3.0,69.0,69.0,90.0,94.0,22.0,63.0,2.0,2.0,3.0,1.0
698913,273287,Xdll,25221,ZETA,ZETA DIVISION,0.53,1.6,144.0,243.0,6.0,12.0,13.0,6.0,2.0,5.0,85.0,85.0,120.0,180.0,29.0,41.0,0.0,1.0,0.0,0.0
698913,273287,SyouTa,12990,ZETA,ZETA DIVISION,0.95,1.07,207.0,254.0,10.0,12.0,11.0,9.0,1.0,2.0,46.0,77.0,134.0,177.0,38.0,37.0,0.0,2.0,1.0,2.0
698913,273287,Absol,34776,ZETA,ZETA DIVISION,0.38,1.58,139.0,336.0,6.0,17.0,12.0,8.0,1.0,0.0,46.0,69.0,89.0,213.0,11.0,25.0,2.0,2.0,6.0,2.0
698913,273287,SugarZ3ro,6668,ZETA,ZETA DIVISION,0.8,1.0,207.0,152.0,9.0,7.0,13.0,7.0,5.0,3.0,85.0,77.0,129.0,95.0,22.0,28.0,1.0,0.0,0.0,1.0
698913,273287,eKo,1960,ZETA,ZETA DIVISION,0.56,0.61,147.0,149.0,6.0,6.0,12.0,11.0,2.0,8.0,54.0,69.0,106.0,97.0,42.0,17.0,0.0,1.0,3.0,2.0
698914,273289,XuNa,42733,VL,VARREL,1.58,1.31,240.0,296.0,9.0,10.0,5.0,9.0,2.0,4.0,90.0,67.0,161.0,186.0,29.0,28.0,1.0,3.0,0.0,1.0
698914,273289,Foxy9,11600,VL,VARREL,1.65,0.62,333.0,162.0,13.0,5.0,7.0,9.0,2.0,5.0,90.0,67.0,208.0,104.0,52.0,29.0,2.0,1.0,0.0,2.0
698914,273289,oonzmlp,34926,VL,VARREL,0.98,1.11,154.0,166.0,6.0,8.0,6.0,8.0,5.0,7.0,80.0,75.0,98.0,87.0,8.0,10.0,0.0,0.0,1.0,2.0
698914,273289,C1ndeR,2149,VL,VARREL,1.21,0.89,201.0,145.0,7.0,7.0,6.0,7.0,6.0,2.0,70.0,67.0,132.0,111.0,25.0,39.0,1.0,0.0,0.0,0.0
698914,273289,Zexy,37532,VL,VARREL,0.54,0.57,149.0,73.0,7.0,3.0,8.0,7.0,0.0,1.0,80.0,50.0,93.0,71.0,18.0,60.0,1.0,1.0,4.0,2.0
698914,273289,Jinggg,7378,PRX,Paper Rex,1.23,1.0,226.0,194.0,10.0,7.0,7.0,8.0,2.0,2.0,83.0,30.0,156.0,118.0,21.0,17.0,2.0,2.0,2.0,0.0
698914,273289,f0rsakeN,9801,PRX,Paper Rex,1.09,0.85,185.0,265.0,8.0,9.0,8.0,9.0,4.0,1.0,67.0,50.0,120.0,167.0,40.0,47.0,2.0,1.0,2.0,1.0
698914,273289,something,17086,PRX,Paper Rex,1.3,0.55,258.0,121.0,10.0,5.0,6.0,8.0,4.0,0.0,75.0,40.0,174.0,100.0,20.0,30.0,2.0,0.0,1.0,3.0
698914,273289,d4v41,9803,PRX,Paper Rex,1.07,0.84,186.0,250.0,8.0,8.0,7.0,9.0,1.0,2.0,92.0,80.0,118.0,187.0,30.0,32.0,1.0,1.0,0.0,1.0
698914,273289,invy,8504,PRX,Paper Rex,0.94,0.62,104.0,128.0,4.0,3.0,5.0,8.0,4.0,4.0,83.0,60.0,82.0,102.0,24.0,12.0,0.0,1.0,0.0,0.0
698914,273290,Foxy9,11600,VL,VARREL,1.75,1.22,345.0,289.0,16.0,13.0,7.0,9.0,2.0,0.0,83.0,83.0,211.0,178.0,40.0,38.0,3.0,5.0,2.0,0.0
698914,273290,oonzmlp,34926,VL,VARREL,0.76,1.41,208.0,262.0,8.0,12.0,9.0,8.0,4.0,4.0,92.0,83.0,142.0,149.0,36.0,20.0,1.0,3.0,0.0,0.0
698914,273290,XuNa,42733,VL,VARREL,0.9,1.23,123.0,282.0,6.0,12.0,7.0,8.0,5.0,4.0,83.0,92.0,88.0,200.0,19.0,46.0,0.0,1.0,1.0,0.0
698914,273290,Zexy,37532,VL,VARREL,0.72,1.21,154.0,257.0,5.0,11.0,9.0,9.0,10.0,3.0,92.0,67.0,104.0,158.0,12.0,20.0,0.0,2.0,1.0,0.0
698914,273290,Klaus,4426,VL,VARREL,0.87,0.24,149.0,65.0,6.0,2.0,7.0,9.0,4.0,9.0,58.0,75.0,102.0,38.0,50.0,29.0,3.0,0.0,1.0,1.0
698914,273290,d4v41,9803,PRX,Paper Rex,1.28,1.73,217.0,282.0,10.0,12.0,8.0,6.0,4.0,3.0,92.0,75.0,132.0,189.0,43.0,38.0,0.0,2.0,2.0,1.0
698914,273290,invy,8504,PRX,Paper Rex,1.02,1.28,249.0,208.0,9.0,8.0,9.0,7.0,3.0,5.0,58.0,92.0,161.0,150.0,39.0,35.0,0.0,0.0,1.0,2.0
698914,273290,f0rsakeN,9801,PRX,Paper Rex,0.68,0.94,237.0,207.0,10.0,9.0,13.0,9.0,3.0,4.0,67.0,75.0,153.0,147.0,27.0,35.0,1.0,0.0,3.0,1.0
698914,273290,Jinggg,7378,PRX,Paper Rex,0.89,0.67,208.0,174.0,9.0,6.0,10.0,11.0,1.0,3.0,58.0,67.0,122.0,117.0,17.0,15.0,0.0,2.0,3.0,2.0
698914,273290,something,17086,PRX,Paper Rex,0.51,0.6,137.0,109.0,5.0,4.0,10.0,8.0,4.0,0.0,67.0,42.0,93.0,74.0,25.0,11.0,0.0,1.0,2.0,1.0
698915,273292,Francis,31828,NS,Nongshim RedForce,1.22,0.93,296.0,233.0,13.0,10.0,12.0,12.0,4.0,7.0,77.0,62.0,208.0,157.0,22.0,21.0,1.0,0.0,0.0,3.0
698915,273292,Xross,42772,NS,Nongshim RedForce,0.82,1.31,146.0,262.0,7.0,9.0,10.0,10.0,4.0,11.0,62.0,77.0,98.0,171.0,25.0,31.0,1.0,2.0,1.0,1.0
698915,273292,Ivy,31829,NS,Nongshim RedForce,1.09,0.73,185.0,147.0,9.0,8.0,9.0,10.0,1.0,3.0,77.0,62.0,105.0,89.0,47.0,40.0,3.0,1.0,2.0,2.0
698915,273292,Rb,488,NS,Nongshim RedForce,0.34,1.27,79.0,207.0,2.0,10.0,12.0,8.0,9.0,6.0,54.0,85.0,48.0,146.0,17.0,36.0,1.0,0.0,1.0,0.0
698915,273292,Dambi,31827,NS,Nongshim RedForce,0.62,0.61,181.0,156.0,8.0,7.0,12.0,10.0,4.0,2.0,46.0,69.0,106.0,104.0,13.0,40.0,1.0,1.0,2.0,3.0
698915,273292,Jemkin,24895,RRQ,Rex Regum Qeon,1.52,1.44,299.0,272.0,13.0,13.0,8.0,7.0,4.0,2.0,85.0,92.0,186.0,175.0,27.0,38.0,4.0,4.0,1.0,3.0
698915,273292,crazyguy,1430,RRQ,Rex Regum Qeon,1.33,1.12,243.0,224.0,10.0,10.0,6.0,8.0,3.0,7.0,92.0,77.0,174.0,138.0,18.0,33.0,2.0,1.0,0.0,2.0
698915,273292,Monyet,8497,RRQ,Rex Regum Qeon,0.92,1.08,232.0,192.0,10.0,8.0,11.0,7.0,5.0,7.0,69.0,77.0,153.0,139.0,28.0,24.0,1.0,0.0,0.0,0.0
698915,273292,Xan,11737,RRQ,Rex Regum Qeon,0.91,0.97,232.0,248.0,11.0,11.0,10.0,11.0,1.0,2.0,62.0,85.0,150.0,153.0,34.0,50.0,1.0,0.0,1.0,1.0
698915,273292,xffero,4871,RRQ,Rex Regum Qeon,0.64,1.21,118.0,256.0,6.0,13.0,9.0,6.0,3.0,4.0,77.0,92.0,69.0,142.0,20.0,22.0,1.0,1.0,2.0,1.0
698915,273293,Xross,42772,NS,Nongshim RedForce,0.48,2.24,131.0,436.0,5.0,20.0,11.0,5.0,2.0,4.0,58.0,92.0,91.0,314.0,25.0,37.0,0.0,1.0,0.0,0.0
698915,273293,Dambi,31827,NS,Nongshim RedForce,1.43,1.08,233.0,162.0,10.0,7.0,8.0,5.0,1.0,3.0,50.0,92.0,169.0,107.0,33.0,30.0,1.0,1.0,2.0,1.0
698915,273293,Francis,31828,NS,Nongshim RedForce,0.84,1.46,206.0,292.0,8.0,13.0,11.0,6.0,2.0,8.0,50.0,83.0,135.0,175.0,25.0,22.0,0.0,2.0,1.0,1.0
698915,273293,Ivy,31829,NS,Nongshim RedForce,0.73,0.95,147.0,125.0,5.0,6.0,10.0,5.0,2.0,2.0,42.0,83.0,105.0,86.0,24.0,41.0,1.0,1.0,2.0,0.0
698915,273293,Rb,488,NS,Nongshim RedForce,0.22,1.13,74.0,285.0,2.0,12.0,11.0,9.0,3.0,2.0,50.0,92.0,54.0,171.0,43.0,11.0,1.0,5.0,4.0,0.0
698915,273293,Jemkin,24895,RRQ,Rex Regum Qeon,1.03,1.24,229.0,252.0,10.0,11.0,9.0,6.0,0.0,1.0,67.0,83.0,126.0,152.0,25.0,42.0,0.0,5.0,1.0,1.0
698915,273293,crazyguy,1430,RRQ,Rex Regum Qeon,0.89,1.22,189.0,220.0,8.0,10.0,12.0,6.0,3.0,5.0,58.0,75.0,117.0,144.0,20.0,48.0,1.0,1.0,1.0,0.0
698915,273293,xffero,4871,RRQ,Rex Regum Qeon,0.63,1.34,165.0,178.0,5.0,9.0,12.0,4.0,5.0,1.0,67.0,83.0,121.0,134.0,20.0,16.0,1.0,1.0,3.0,0.0
698915,273293,Xan,11737,RRQ,Rex Regum Qeon,0.2,1.37,99.0,211.0,4.0,10.0,13.0,4.0,1.0,4.0,33.0,92.0,64.0,140.0,14.0,32.0,0.0,1.0,5.0,1.0
698915,273293,Monyet,8497,RRQ,Rex Regum Qeon,0.23,0.96,84.0,256.0,3.0,11.0,12.0,10.0,3.0,6.0,50.0,92.0,41.0,146.0,7.0,37.0,0.0,1.0,0.0,1.0
698915,273294,Ivy,31829,NS,Nongshim RedForce,1.07,1.4,206.0,275.0,9.0,12.0,10.0,8.0,3.0,1.0,58.0,82.0,126.0,164.0,20.0,25.0,0.0,0.0,0.0,3.0
698915,273294,Francis,31828,NS,Nongshim RedForce,0.87,1.57,190.0,303.0,7.0,14.0,10.0,7.0,5.0,1.0,67.0,82.0,130.0,187.0,17.0,24.0,0.0,0.0,2.0,0.0
698915,273294,Dambi,31827,NS,Nongshim RedForce,0.69,1.45,195.0,246.0,7.0,9.0,12.0,7.0,3.0,5.0,75.0,73.0,113.0,156.0,19.0,26.0,2.0,2.0,2.0,1.0
698915,273294,Xross,42772,NS,Nongshim RedForce,1.2,0.46,200.0,91.0,7.0,2.0,9.0,8.0,9.0,3.0,58.0,55.0,143.0,72.0,38.0,0.0,0.0,1.0,0.0,0.0
698915,273294,Rb,488,NS,Nongshim RedForce,0.27,0.51,73.0,111.0,3.0,4.0,10.0,8.0,1.0,4.0,50.0,55.0,49.0,79.0,22.0,50.0,0.0,1.0,6.0,3.0
698915,273294,Monyet,8497,RRQ,Rex Regum Qeon,1.55,1.4,263.0,281.0,10.0,12.0,7.0,7.0,13.0,5.0,91.0,83.0,175.0,170.0,50.0,38.0,1.0,3.0,0.0,0.0
698915,273294,xffero,4871,RRQ,Rex Regum Qeon,1.08,1.37,198.0,237.0,7.0,11.0,8.0,5.0,5.0,5.0,82.0,92.0,140.0,156.0,24.0,12.0,2.0,2.0,1.0,0.0
698915,273294,Xan,11737,RRQ,Rex Regum Qeon,1.14,0.93,260.0,209.0,10.0,10.0,8.0,8.0,1.0,1.0,82.0,83.0,190.0,123.0,23.0,21.0,2.0,1.0,0.0,1.0
698915,273294,Jemkin,24895,RRQ,Rex Regum Qeon,0.82,1.21,201.0,216.0,8.0,10.0,9.0,6.0,2.0,3.0,55.0,83.0,119.0,131.0,24.0,27.0,1.0,2.0,1.0,0.0
698915,273294,crazyguy,1430,RRQ,Rex Regum Qeon,0.27,1.12,100.0,223.0,3.0,8.0,9.0,7.0,2.0,5.0,55.0,83.0,72.0,142.0,15.0,13.0,1.0,2.0,2.0,1.0
730535,279285,HYUNMIN,28400,KRX,KIWOOM DRX,1.8,1.02,370.0,230.0,16.0,8.0,7.0,8.0,0.0,2.0,75.0,73.0,233.0,142.0,34.0,20.0,2.0,2.0,1.0,1.0
730535,279285,yong,51238,KRX,KIWOOM DRX,1.69,0.91,249.0,158.0,11.0,5.0,4.0,6.0,5.0,3.0,92.0,73.0,168.0,104.0,41.0,26.0,3.0,0.0,0.0,1.0
730535,279285,BeYN,4678,KRX,KIWOOM DRX,0.92,1.21,189.0,236.0,8.0,9.0,7.0,7.0,1.0,4.0,92.0,82.0,133.0,161.0,17.0,39.0,1.0,0.0,2.0,1.0
730535,279285,MaKo,4462,KRX,KIWOOM DRX,0.9,1.1,156.0,173.0,6.0,6.0,8.0,7.0,9.0,8.0,83.0,82.0,101.0,110.0,18.0,39.0,0.0,0.0,0.0,1.0
730535,279285,free1ng,1916,KRX,KIWOOM DRX,0.77,1.23,187.0,200.0,9.0,8.0,7.0,6.0,0.0,4.0,75.0,73.0,104.0,135.0,17.0,27.0,1.0,3.0,2.0,2.0
730535,279285,Ray,60576,ONG,ONSIDE GAMING,1.67,0.9,288.0,213.0,12.0,8.0,6.0,10.0,2.0,5.0,82.0,67.0,177.0,120.0,35.0,38.0,3.0,1.0,0.0,0.0
730535,279285,Xiesta,62291,ONG,ONSIDE GAMING,1.05,0.92,244.0,202.0,9.0,8.0,8.0,10.0,2.0,2.0,64.0,50.0,184.0,148.0,38.0,48.0,0.0,1.0,2.0,2.0
730535,279285,Hermes,17049,ONG,ONSIDE GAMING,0.94,0.92,117.0,207.0,6.0,8.0,6.0,10.0,3.0,1.0,64.0,42.0,73.0,141.0,30.0,28.0,0.0,1.0,1.0,0.0
730535,279285,Cloudy,9192,ONG,ONSIDE GAMING,0.84,0.31,83.0,104.0,3.0,4.0,5.0,11.0,3.0,2.0,64.0,50.0,62.0,60.0,33.0,31.0,0.0,1.0,1.0,3.0
730535,279285,Wolverine,25053,ONG,ONSIDE GAMING,0.1,0.63,121.0,123.0,4.0,5.0,11.0,9.0,0.0,0.0,45.0,42.0,81.0,83.0,25.0,15.0,3.0,1.0,1.0,2.0
730535,279286,yong,51238,KRX,KIWOOM DRX,1.24,1.15,266.0,252.0,11.0,9.0,8.0,6.0,3.0,1.0,50.0,78.0,151.0,171.0,24.0,29.0,1.0,0.0,2.0,1.0
730535,279286,BeYN,4678,KRX,KIWOOM DRX,0.97,1.5,196.0,198.0,7.0,7.0,8.0,3.0,4.0,2.0,83.0,78.0,137.0,157.0,22.0,47.0,1.0,1.0,0.0,1.0
730535,279286,HYUNMIN,28400,KRX,KIWOOM DRX,0.9,1.07,178.0,178.0,8.0,7.0,8.0,5.0,2.0,0.0,75.0,78.0,126.0,108.0,27.0,13.0,0.0,3.0,3.0,1.0
730535,279286,MaKo,4462,KRX,KIWOOM DRX,0.93,1.02,180.0,194.0,8.0,6.0,9.0,6.0,5.0,3.0,75.0,78.0,118.0,119.0,22.0,29.0,0.0,1.0,0.0,0.0
730535,279286,free1ng,1916,KRX,KIWOOM DRX,0.53,1.42,154.0,328.0,7.0,10.0,9.0,6.0,0.0,3.0,58.0,89.0,91.0,215.0,25.0,45.0,1.0,1.0,4.0,0.0
730535,279286,Wolverine,25053,ONG,ONSIDE GAMING,0.98,1.47,228.0,309.0,7.0,12.0,8.0,8.0,1.0,4.0,78.0,67.0,140.0,174.0,20.0,18.0,0.0,2.0,0.0,0.0
730535,279286,Ray,60576,ONG,ONSIDE GAMING,1.36,1.06,286.0,212.0,10.0,8.0,7.0,9.0,2.0,3.0,78.0,67.0,178.0,154.0,38.0,35.0,0.0,2.0,0.0,2.0
730535,279286,Hermes,17049,ONG,ONSIDE GAMING,0.61,1.4,153.0,222.0,4.0,11.0,8.0,6.0,2.0,0.0,67.0,75.0,101.0,123.0,15.0,15.0,1.0,3.0,2.0,0.0
730535,279286,Cloudy,9192,ONG,ONSIDE GAMING,0.24,0.82,82.0,126.0,2.0,5.0,8.0,8.0,3.0,5.0,56.0,67.0,51.0,101.0,20.0,36.0,0.0,1.0,1.0,0.0
730535,279286,Xiesta,62291,ONG,ONSIDE GAMING,0.37,0.65,85.0,157.0,3.0,6.0,8.0,10.0,0.0,5.0,44.0,67.0,58.0,102.0,38.0,9.0,2.0,1.0,3.0,1.0
730536,279288,Xan,11737,RRQ,Rex Regum Qeon,1.33,1.56,277.0,335.0,10.0,15.0,7.0,9.0,1.0,2.0,91.0,67.0,183.0,202.0,20.0,46.0,5.0,3.0,1.0,1.0
730536,279288,xffero,4871,RRQ,Rex Regum Qeon,0.67,1.84,153.0,314.0,5.0,13.0,9.0,6.0,7.0,3.0,55.0,75.0,115.0,200.0,19.0,26.0,1.0,2.0,1.0,0.0
730536,279288,crazyguy,1430,RRQ,Rex Regum Qeon,1.02,0.6,200.0,132.0,8.0,3.0,8.0,10.0,3.0,7.0,64.0,75.0,112.0,109.0,37.0,18.0,0.0,0.0,0.0,0.0
730536,279288,Monyet,8497,RRQ,Rex Regum Qeon,0.53,0.85,96.0,154.0,4.0,7.0,9.0,10.0,3.0,7.0,55.0,58.0,49.0,97.0,29.0,36.0,0.0,0.0,0.0,1.0
730536,279288,Jemkin,24895,RRQ,Rex Regum Qeon,0.66,0.53,220.0,49.0,7.0,2.0,11.0,6.0,2.0,2.0,73.0,67.0,150.0,27.0,36.0,0.0,1.0,1.0,2.0,4.0
730536,279288,Apinya,15897,SP,Sharper Esports,1.13,1.69,225.0,334.0,10.0,12.0,8.0,6.0,1.0,3.0,75.0,82.0,141.0,203.0,33.0,28.0,2.0,2.0,0.0,2.0
730536,279288,Laz,8582,SP,Sharper Esports,1.06,1.39,193.0,218.0,9.0,9.0,7.0,5.0,2.0,2.0,67.0,82.0,128.0,167.0,33.0,39.0,1.0,0.0,0.0,1.0
730536,279288,NIZ,40511,SP,Sharper Esports,0.63,1.4,140.0,282.0,6.0,12.0,8.0,6.0,5.0,5.0,75.0,82.0,87.0,182.0,26.0,31.0,0.0,0.0,0.0,0.0
730536,279288,PTC,3401,SP,Sharper Esports,0.88,0.73,203.0,150.0,9.0,6.0,8.0,8.0,1.0,3.0,58.0,64.0,126.0,107.0,47.0,13.0,1.0,2.0,3.0,2.0
730536,279288,Kadoom,12098,SP,Sharper Esports,0.96,0.54,230.0,135.0,7.0,5.0,9.0,9.0,5.0,3.0,75.0,64.0,154.0,103.0,15.0,23.0,2.0,0.0,3.0,2.0
730536,279289,crazyguy,1430,RRQ,Rex Regum Qeon,1.29,2.16,196.0,391.0,1.0,16.0,1.0,4.0,2.0,5.0,100.0,92.0,149.0,243.0,33.0,41.0,0.0,1.0,0.0,1.0
730536,279289,Monyet,8497,RRQ,Rex Regum Qeon,2.98,1.24,310.0,190.0,3.0,8.0,0.0,5.0,4.0,6.0,100.0,83.0,159.0,106.0,13.0,19.0,0.0,0.0,0.0,4.0
730536,279289,xffero,4871,RRQ,Rex Regum Qeon,2.32,1.11,217.0,175.0,2.0,9.0,0.0,7.0,3.0,6.0,100.0,100.0,127.0,125.0,50.0,26.0,0.0,0.0,0.0,0.0
730536,279289,Jemkin,24895,RRQ,Rex Regum Qeon,0.37,1.41,125.0,226.0,1.0,11.0,2.0,5.0,0.0,3.0,100.0,83.0,107.0,147.0,50.0,7.0,1.0,1.0,1.0,2.0
730536,279289,Xan,11737,RRQ,Rex Regum Qeon,1.68,1.11,449.0,310.0,3.0,12.0,2.0,10.0,0.0,5.0,100.0,75.0,229.0,185.0,17.0,27.0,0.0,2.0,0.0,1.0
730536,279289,Laz,8582,SP,Sharper Esports,0.46,2.21,120.0,547.0,4.0,4.0,10.0,2.0,1.0,0.0,50.0,100.0,82.0,345.0,19.0,63.0,1.0,0.0,0.0,0.0
730536,279289,PTC,3401,SP,Sharper Esports,0.78,0.05,208.0,26.0,8.0,0.0,11.0,2.0,3.0,1.0,83.0,50.0,119.0,13.0,37.0,0.0,1.0,0.0,0.0,0.0
730536,279289,NIZ,40511,SP,Sharper Esports,0.79,0.01,195.0,,8.0,0.0,11.0,2.0,3.0,0.0,67.0,50.0,135.0,,32.0,,1.0,0.0,1.0,0.0
730536,279289,Apinya,15897,SP,Sharper Esports,0.47,0.56,144.0,221.0,5.0,1.0,12.0,2.0,1.0,1.0,58.0,50.0,107.0,158.0,17.0,33.0,3.0,1.0,1.0,0.0
730536,279289,Kadoom,12098,SP,Sharper Esports,0.53,0.01,182.0,13.0,6.0,0.0,12.0,2.0,4.0,1.0,58.0,50.0,120.0,,28.0,,2.0,0.0,2.0,1.0
730536,279290,Monyet,8497,RRQ,Rex Regum Qeon,1.06,1.47,190.0,280.0,3.0,11.0,5.0,9.0,9.0,4.0,86.0,75.0,138.0,189.0,33.0,26.0,0.0,1.0,1.0,0.0
730536,279290,crazyguy,1430,RRQ,Rex Regum Qeon,1.28,1.24,250.0,238.0,6.0,8.0,5.0,10.0,3.0,8.0,100.0,75.0,163.0,161.0,12.0,21.0,0.0,1.0,0.0,0.0
730536,279290,Jemkin,24895,RRQ,Rex Regum Qeon,1.4,1.06,246.0,189.0,7.0,8.0,5.0,9.0,1.0,3.0,86.0,58.0,145.0,126.0,25.0,7.0,1.0,1.0,1.0,3.0
730536,279290,Xan,11737,RRQ,Rex Regum Qeon,0.47,0.52,199.0,127.0,5.0,6.0,7.0,11.0,1.0,2.0,57.0,58.0,149.0,79.0,12.0,33.0,1.0,3.0,3.0,3.0
730536,279290,xffero,4871,RRQ,Rex Regum Qeon,0.19,0.28,44.0,66.0,1.0,3.0,6.0,9.0,0.0,0.0,71.0,33.0,32.0,53.0,25.0,13.0,0.0,0.0,0.0,0.0
730536,279290,Kadoom,12098,SP,Sharper Esports,1.64,1.27,361.0,323.0,16.0,8.0,8.0,6.0,3.0,3.0,75.0,100.0,244.0,201.0,30.0,13.0,3.0,4.0,3.0,0.0
730536,279290,NIZ,40511,SP,Sharper Esports,0.64,2.44,120.0,345.0,4.0,10.0,7.0,2.0,4.0,2.0,83.0,100.0,88.0,241.0,31.0,18.0,0.0,0.0,2.0,0.0
730536,279290,Apinya,15897,SP,Sharper Esports,0.88,1.38,246.0,206.0,10.0,5.0,10.0,3.0,4.0,2.0,75.0,100.0,155.0,137.0,23.0,42.0,2.0,1.0,0.0,0.0
730536,279290,Laz,8582,SP,Sharper Esports,1.25,0.56,202.0,117.0,10.0,3.0,5.0,5.0,3.0,1.0,92.0,71.0,122.0,99.0,28.0,25.0,0.0,0.0,1.0,2.0
730536,279290,PTC,3401,SP,Sharper Esports,1.07,0.31,163.0,89.0,8.0,2.0,6.0,6.0,4.0,3.0,75.0,57.0,99.0,73.0,25.0,22.0,1.0,0.0,0.0,0.0
730537,279291,primmie,25255,FS,FULL SENSE,2.3,1.8,437.0,409.0,14.0,17.0,3.0,7.0,3.0,5.0,100.0,83.0,274.0,258.0,45.0,27.0,2.0,1.0,0.0,0.0
730537,279291,Killua,13784,FS,FULL SENSE,1.4,1.36,179.0,205.0,5.0,9.0,3.0,5.0,8.0,8.0,75.0,75.0,104.0,143.0,27.0,30.0,0.0,2.0,0.0,0.0
730537,279291,JitBoyS,13788,FS,FULL SENSE,1.4,0.96,261.0,210.0,8.0,9.0,3.0,8.0,1.0,2.0,88.0,83.0,165.0,143.0,44.0,44.0,2.0,4.0,0.0,2.0
730537,279291,Crws,3977,FS,FULL SENSE,1.31,1.01,139.0,151.0,4.0,7.0,2.0,6.0,3.0,6.0,88.0,92.0,72.0,110.0,33.0,30.0,0.0,1.0,1.0,1.0
730537,279291,seph1roth,27244,FS,FULL SENSE,0.66,1.05,156.0,171.0,5.0,8.0,6.0,7.0,1.0,3.0,63.0,83.0,95.0,104.0,27.0,15.0,1.0,0.0,2.0,1.0
730537,279291,Pkm,28401,QTD,QT DIG∞,1.11,0.6,249.0,105.0,11.0,3.0,9.0,7.0,1.0,2.0,50.0,25.0,170.0,59.0,38.0,67.0,1.0,1.0,3.0,1.0
730537,279291,margaret,33576,QTD,QT DIG∞,0.68,0.96,164.0,172.0,6.0,5.0,10.0,6.0,2.0,3.0,58.0,75.0,112.0,124.0,35.0,20.0,2.0,0.0,3.0,1.0
730537,279291,Misaya,10628,QTD,QT DIG∞,1.2,0.15,218.0,72.0,8.0,1.0,9.0,8.0,6.0,2.0,67.0,25.0,141.0,67.0,21.0,8.0,0.0,1.0,0.0,0.0
730537,279291,yuran,29840,QTD,QT DIG∞,0.19,1.02,93.0,230.0,3.0,6.0,12.0,7.0,2.0,0.0,58.0,38.0,81.0,150.0,15.0,33.0,0.0,1.0,2.0,0.0
730537,279291,Kippei,48431,QTD,QT DIG∞,0.69,0.2,178.0,89.0,5.0,2.0,10.0,8.0,4.0,3.0,75.0,38.0,124.0,64.0,17.0,27.0,1.0,0.0,0.0,3.0
730537,279292,seph1roth,27244,FS,FULL SENSE,1.24,1.03,218.0,170.0,9.0,6.0,8.0,5.0,0.0,1.0,58.0,78.0,160.0,118.0,43.0,60.0,0.0,0.0,0.0,1.0
730537,279292,JitBoyS,13788,FS,FULL SENSE,0.54,1.36,138.0,271.0,6.0,8.0,11.0,6.0,4.0,2.0,58.0,78.0,76.0,208.0,36.0,33.0,1.0,2.0,6.0,1.0
730537,279292,primmie,25255,FS,FULL SENSE,0.47,1.36,119.0,251.0,5.0,8.0,11.0,5.0,1.0,2.0,50.0,67.0,71.0,179.0,43.0,15.0,1.0,2.0,2.0,1.0
730537,279292,Crws,3977,FS,FULL SENSE,0.63,1.11,102.0,242.0,4.0,7.0,9.0,7.0,1.0,5.0,58.0,67.0,74.0,140.0,36.0,18.0,0.0,0.0,2.0,1.0
730537,279292,Killua,13784,FS,FULL SENSE,0.7,0.48,160.0,93.0,6.0,2.0,11.0,6.0,6.0,4.0,83.0,89.0,103.0,64.0,42.0,33.0,0.0,1.0,0.0,0.0
730537,279292,margaret,33576,QTD,QT DIG∞,1.23,1.72,215.0,293.0,7.0,14.0,5.0,4.0,2.0,0.0,67.0,92.0,157.0,183.0,32.0,29.0,1.0,3.0,1.0,2.0
730537,279292,Kippei,48431,QTD,QT DIG∞,1.12,1.17,151.0,174.0,6.0,8.0,5.0,5.0,0.0,3.0,67.0,92.0,94.0,118.0,36.0,32.0,0.0,2.0,0.0,0.0
730537,279292,Pkm,28401,QTD,QT DIG∞,0.76,1.17,149.0,248.0,5.0,10.0,7.0,8.0,1.0,5.0,67.0,83.0,108.0,161.0,38.0,19.0,0.0,2.0,2.0,0.0
730537,279292,yuran,29840,QTD,QT DIG∞,0.85,1.03,185.0,182.0,6.0,8.0,7.0,6.0,3.0,3.0,56.0,83.0,99.0,114.0,42.0,78.0,2.0,1.0,2.0,0.0
730537,279292,Misaya,10628,QTD,QT DIG∞,0.75,1.08,185.0,216.0,5.0,10.0,7.0,7.0,3.0,3.0,89.0,67.0,124.0,131.0,10.0,24.0,1.0,2.0,0.0,0.0
730537,279293,Crws,3977,FS,FULL SENSE,3.13,1.05,417.0,191.0,9.0,9.0,0.0,6.0,2.0,3.0,100.0,75.0,266.0,133.0,37.0,67.0,0.0,0.0,0.0,3.0
730537,279293,Killua,13784,FS,FULL SENSE,1.95,1.38,248.0,231.0,5.0,9.0,1.0,4.0,2.0,10.0,100.0,100.0,130.0,150.0,25.0,38.0,0.0,0.0,0.0,0.0
730537,279293,seph1roth,27244,FS,FULL SENSE,1.46,1.5,232.0,265.0,4.0,12.0,3.0,4.0,1.0,1.0,100.0,83.0,146.0,181.0,33.0,38.0,2.0,1.0,0.0,1.0
730537,279293,primmie,25255,FS,FULL SENSE,0.82,1.41,156.0,230.0,3.0,10.0,3.0,5.0,2.0,3.0,80.0,83.0,114.0,145.0,11.0,35.0,1.0,2.0,1.0,1.0
730537,279293,JitBoyS,13788,FS,FULL SENSE,0.33,1.43,137.0,214.0,2.0,10.0,4.0,3.0,2.0,3.0,60.0,83.0,85.0,119.0,27.0,23.0,0.0,3.0,1.0,1.0
730537,279293,Pkm,28401,QTD,QT DIG∞,1.16,0.16,229.0,127.0,10.0,2.0,10.0,5.0,0.0,0.0,50.0,40.0,126.0,74.0,25.0,40.0,4.0,1.0,3.0,0.0
730537,279293,margaret,33576,QTD,QT DIG∞,0.66,1.29,90.0,307.0,4.0,5.0,10.0,4.0,0.0,1.0,42.0,100.0,76.0,217.0,56.0,38.0,0.0,0.0,0.0,0.0
730537,279293,Misaya,10628,QTD,QT DIG∞,0.43,0.04,96.0,90.0,4.0,1.0,10.0,5.0,0.0,0.0,33.0,20.0,58.0,70.0,19.0,13.0,1.0,0.0,1.0,0.0
730537,279293,Kippei,48431,QTD,QT DIG∞,0.23,0.37,55.0,176.0,1.0,3.0,10.0,4.0,3.0,0.0,50.0,40.0,41.0,102.0,25.0,38.0,1.0,1.0,0.0,1.0
730537,279293,yuran,29840,QTD,QT DIG∞,0.34,0.01,121.0,25.0,3.0,0.0,10.0,5.0,4.0,0.0,42.0,,90.0,25.0,21.0,0.0,0.0,0.0,2.0,2.0
730538,279294,STYRON,11704,TS,Team Secret,0.99,2.0,177.0,377.0,7.0,12.0,8.0,5.0,4.0,3.0,58.0,89.0,125.0,290.0,18.0,46.0,0.0,1.0,0.0,0.0
730538,279294,natz,7049,TS,Team Secret,1.11,1.11,217.0,167.0,9.0,5.0,9.0,4.0,1.0,1.0,67.0,78.0,165.0,114.0,29.0,23.0,1.0,2.0,3.0,0.0
730538,279294,kellyS,7437,TS,Team Secret,0.89,1.36,171.0,298.0,7.0,10.0,7.0,5.0,1.0,1.0,67.0,89.0,118.0,206.0,32.0,38.0,0.0,2.0,0.0,1.0
730538,279294,Zeus,46135,TS,Team Secret,1.14,0.63,274.0,191.0,11.0,6.0,9.0,7.0,2.0,2.0,83.0,67.0,177.0,119.0,36.0,31.0,4.0,1.0,3.0,2.0
730538,279294,Sylvan,4056,TS,Team Secret,0.92,0.91,156.0,205.0,6.0,7.0,8.0,7.0,7.0,1.0,75.0,78.0,96.0,134.0,62.0,67.0,0.0,0.0,1.0,0.0
730538,279294,doffy,48516,XIP,Xipto Esports,1.59,0.9,319.0,187.0,10.0,8.0,7.0,8.0,1.0,0.0,67.0,67.0,213.0,124.0,38.0,42.0,1.0,2.0,0.0,1.0
730538,279294,Surf,23062,XIP,Xipto Esports,0.43,1.33,129.0,229.0,3.0,11.0,9.0,7.0,2.0,1.0,44.0,58.0,85.0,150.0,23.0,29.0,1.0,0.0,3.0,0.0
730538,279294,canady,41702,XIP,Xipto Esports,0.66,1.12,158.0,225.0,5.0,9.0,7.0,8.0,1.0,1.0,56.0,67.0,90.0,153.0,6.0,24.0,1.0,1.0,0.0,1.0
730538,279294,aLerT,2366,XIP,Xipto Esports,0.66,0.76,202.0,127.0,6.0,6.0,9.0,8.0,2.0,5.0,56.0,83.0,137.0,89.0,19.0,46.0,0.0,1.0,1.0,0.0
730538,279294,endoist,41694,XIP,Xipto Esports,0.42,0.88,107.0,213.0,4.0,7.0,8.0,9.0,2.0,4.0,56.0,58.0,59.0,153.0,50.0,11.0,0.0,3.0,2.0,3.0
730538,279295,kellyS,7437,TS,Team Secret,1.41,1.67,252.0,252.0,12.0,11.0,8.0,5.0,2.0,3.0,67.0,92.0,167.0,161.0,43.0,12.0,1.0,2.0,2.0,0.0
730538,279295,Sylvan,4056,TS,Team Secret,0.71,1.77,176.0,324.0,6.0,16.0,11.0,8.0,3.0,3.0,58.0,83.0,127.0,203.0,25.0,33.0,0.0,2.0,1.0,0.0
730538,279295,STYRON,11704,TS,Team Secret,0.85,0.99,84.0,191.0,3.0,8.0,7.0,7.0,3.0,2.0,58.0,67.0,72.0,115.0,14.0,20.0,0.0,2.0,2.0,0.0
730538,279295,Zeus,46135,TS,Team Secret,0.81,0.83,208.0,185.0,9.0,7.0,10.0,10.0,1.0,7.0,50.0,75.0,146.0,127.0,32.0,6.0,1.0,2.0,5.0,2.0
730538,279295,natz,7049,TS,Team Secret,0.4,0.77,100.0,145.0,3.0,7.0,10.0,9.0,3.0,2.0,42.0,67.0,72.0,107.0,33.0,22.0,0.0,1.0,0.0,1.0
730538,279295,endoist,41694,XIP,Xipto Esports,0.9,1.79,265.0,387.0,10.0,14.0,11.0,6.0,3.0,2.0,83.0,83.0,197.0,252.0,25.0,24.0,2.0,4.0,2.0,0.0
730538,279295,canady,41702,XIP,Xipto Esports,0.97,1.3,207.0,255.0,9.0,11.0,8.0,7.0,1.0,3.0,83.0,92.0,120.0,141.0,15.0,35.0,1.0,4.0,0.0,1.0
730538,279295,Surf,23062,XIP,Xipto Esports,0.76,0.97,196.0,139.0,9.0,6.0,10.0,6.0,2.0,3.0,67.0,75.0,121.0,87.0,38.0,21.0,0.0,0.0,0.0,1.0
730538,279295,doffy,48516,XIP,Xipto Esports,0.81,0.62,231.0,135.0,9.0,6.0,11.0,7.0,1.0,2.0,58.0,67.0,144.0,75.0,50.0,5.0,0.0,2.0,5.0,0.0
730538,279295,aLerT,2366,XIP,Xipto Esports,0.3,1.06,52.0,187.0,2.0,9.0,9.0,7.0,3.0,3.0,42.0,75.0,32.0,140.0,14.0,31.0,0.0,0.0,2.0,0.0
730539,279297,Absol,34776,ZETA,ZETA DIVISION,1.17,1.3,235.0,297.0,10.0,13.0,7.0,9.0,2.0,2.0,75.0,75.0,148.0,182.0,38.0,35.0,2.0,4.0,1.0,1.0
730539,279297,SyouTa,12990,ZETA,ZETA DIVISION,0.99,1.24,190.0,247.0,6.0,10.0,8.0,8.0,5.0,1.0,67.0,83.0,141.0,164.0,26.0,48.0,1.0,1.0,0.0,0.0
730539,279297,SugarZ3ro,6668,ZETA,ZETA DIVISION,1.11,0.87,178.0,189.0,8.0,8.0,7.0,9.0,3.0,10.0,75.0,92.0,121.0,115.0,47.0,22.0,0.0,0.0,1.0,0.0
730539,279297,eKo,1960,ZETA,ZETA DIVISION,0.76,0.98,203.0,186.0,9.0,6.0,10.0,8.0,0.0,4.0,58.0,75.0,141.0,140.0,36.0,17.0,3.0,2.0,3.0,2.0
730539,279297,Xdll,25221,ZETA,ZETA DIVISION,0.64,0.73,121.0,133.0,5.0,6.0,9.0,9.0,2.0,3.0,58.0,83.0,77.0,73.0,25.0,31.0,1.0,1.0,0.0,1.0
730539,279297,HYUNMIN,28400,KRX,KIWOOM DRX,1.43,1.32,317.0,288.0,14.0,13.0,9.0,8.0,0.0,2.0,83.0,100.0,197.0,190.0,39.0,19.0,0.0,0.0,1.0,0.0
730539,279297,yong,51238,KRX,KIWOOM DRX,1.01,1.28,125.0,195.0,6.0,7.0,6.0,6.0,4.0,5.0,75.0,83.0,90.0,146.0,18.0,33.0,1.0,0.0,1.0,1.0
730539,279297,free1ng,1916,KRX,KIWOOM DRX,1.12,1.0,237.0,208.0,10.0,9.0,9.0,9.0,1.0,1.0,67.0,50.0,167.0,118.0,41.0,36.0,2.0,4.0,3.0,4.0
730539,279297,BeYN,4678,KRX,KIWOOM DRX,0.83,0.95,201.0,134.0,9.0,5.0,10.0,6.0,2.0,4.0,75.0,75.0,117.0,102.0,16.0,22.0,1.0,1.0,1.0,1.0
730539,279297,MaKo,4462,KRX,KIWOOM DRX,0.49,0.75,116.0,155.0,4.0,7.0,9.0,9.0,5.0,4.0,75.0,50.0,74.0,84.0,27.0,19.0,0.0,0.0,2.0,1.0
730539,279298,Absol,34776,ZETA,ZETA DIVISION,1.01,1.61,213.0,378.0,9.0,17.0,9.0,7.0,1.0,2.0,58.0,83.0,132.0,225.0,18.0,17.0,1.0,5.0,2.0,0.0
730539,279298,eKo,1960,ZETA,ZETA DIVISION,0.99,1.24,252.0,225.0,10.0,9.0,11.0,6.0,3.0,5.0,75.0,83.0,159.0,144.0,27.0,59.0,1.0,0.0,2.0,0.0
730539,279298,SyouTa,12990,ZETA,ZETA DIVISION,1.01,1.08,231.0,193.0,10.0,8.0,10.0,7.0,3.0,4.0,58.0,83.0,144.0,127.0,30.0,35.0,1.0,1.0,1.0,1.0
730539,279298,Xdll,25221,ZETA,ZETA DIVISION,0.9,0.98,179.0,153.0,8.0,8.0,9.0,5.0,3.0,2.0,50.0,83.0,100.0,77.0,28.0,55.0,0.0,1.0,3.0,3.0
730539,279298,SugarZ3ro,6668,ZETA,ZETA DIVISION,0.58,1.14,126.0,229.0,4.0,9.0,10.0,6.0,9.0,4.0,75.0,100.0,84.0,165.0,21.0,21.0,0.0,0.0,1.0,1.0
730539,279298,BeYN,4678,KRX,KIWOOM DRX,1.12,1.65,225.0,305.0,8.0,14.0,10.0,7.0,7.0,2.0,58.0,83.0,143.0,190.0,26.0,34.0,0.0,3.0,0.0,1.0
730539,279298,yong,51238,KRX,KIWOOM DRX,0.8,1.36,120.0,269.0,6.0,12.0,10.0,7.0,2.0,3.0,50.0,83.0,75.0,170.0,17.0,28.0,2.0,1.0,1.0,0.0
730539,279298,free1ng,1916,KRX,KIWOOM DRX,0.47,1.25,130.0,233.0,5.0,10.0,11.0,8.0,1.0,3.0,67.0,92.0,89.0,164.0,13.0,13.0,0.0,1.0,2.0,1.0
730539,279298,MaKo,4462,KRX,KIWOOM DRX,0.96,0.64,170.0,188.0,7.0,8.0,9.0,10.0,6.0,4.0,58.0,67.0,111.0,109.0,25.0,29.0,0.0,1.0,3.0,1.0
730539,279298,HYUNMIN,28400,KRX,KIWOOM DRX,0.49,0.69,104.0,154.0,5.0,5.0,11.0,9.0,0.0,4.0,42.0,67.0,49.0,113.0,43.0,33.0,3.0,3.0,1.0,0.0
730539,279299,Xdll,25221,ZETA,ZETA DIVISION,1.24,0.96,210.0,196.0,6.0,8.0,5.0,7.0,1.0,3.0,57.0,75.0,130.0,140.0,25.0,44.0,0.0,1.0,0.0,0.0
730539,279299,Absol,34776,ZETA,ZETA DIVISION,0.05,1.33,121.0,257.0,2.0,10.0,7.0,9.0,1.0,4.0,57.0,67.0,91.0,181.0,18.0,32.0,0.0,2.0,4.0,1.0
730539,279299,eKo,1960,ZETA,ZETA DIVISION,1.45,0.4,306.0,137.0,8.0,5.0,6.0,10.0,2.0,3.0,71.0,83.0,198.0,106.0,22.0,25.0,0.0,1.0,1.0,4.0
730539,279299,SugarZ3ro,6668,ZETA,ZETA DIVISION,0.06,0.78,48.0,158.0,0.0,8.0,7.0,9.0,3.0,1.0,86.0,92.0,45.0,106.0,0.0,26.0,0.0,0.0,1.0,0.0
730539,279299,SyouTa,12990,ZETA,ZETA DIVISION,0.26,0.67,131.0,184.0,3.0,7.0,7.0,9.0,0.0,3.0,43.0,58.0,89.0,122.0,50.0,21.0,0.0,2.0,1.0,1.0
730539,279299,free1ng,1916,KRX,KIWOOM DRX,1.64,1.69,369.0,260.0,15.0,7.0,9.0,4.0,4.0,3.0,83.0,100.0,237.0,176.0,31.0,29.0,3.0,0.0,1.0,0.0
730539,279299,MaKo,4462,KRX,KIWOOM DRX,1.15,1.58,148.0,308.0,7.0,8.0,6.0,4.0,6.0,4.0,75.0,100.0,92.0,209.0,24.0,26.0,0.0,1.0,1.0,0.0
730539,279299,HYUNMIN,28400,KRX,KIWOOM DRX,1.36,1.17,183.0,168.0,9.0,4.0,5.0,3.0,2.0,2.0,67.0,86.0,136.0,104.0,41.0,25.0,1.0,1.0,2.0,0.0
730539,279299,BeYN,4678,KRX,KIWOOM DRX,0.87,1.41,151.0,254.0,6.0,7.0,9.0,4.0,5.0,2.0,75.0,100.0,112.0,158.0,24.0,36.0,0.0,3.0,0.0,0.0
730539,279299,yong,51238,KRX,KIWOOM DRX,0.62,1.17,182.0,233.0,7.0,6.0,9.0,4.0,0.0,1.0,58.0,100.0,109.0,169.0,41.0,41.0,2.0,2.0,2.0,0.0
730540,279300,SSeeS,21438,DFM,DetonatioN FocusMe,1.51,0.88,300.0,163.0,15.0,6.0,9.0,8.0,4.0,5.0,77.0,69.0,155.0,107.0,29.0,9.0,1.0,0.0,2.0,3.0
730540,279300,Akame,13002,DFM,DetonatioN FocusMe,0.79,1.42,167.0,287.0,7.0,12.0,9.0,7.0,3.0,1.0,85.0,62.0,127.0,205.0,26.0,33.0,1.0,1.0,0.0,1.0
730540,279300,yatsuka,29843,DFM,DetonatioN FocusMe,0.98,0.96,223.0,205.0,10.0,9.0,10.0,9.0,2.0,1.0,77.0,69.0,147.0,131.0,32.0,31.0,0.0,1.0,2.0,1.0
730540,279300,Caedye,29841,DFM,DetonatioN FocusMe,0.56,1.0,142.0,228.0,6.0,9.0,10.0,9.0,4.0,4.0,54.0,77.0,88.0,140.0,43.0,40.0,1.0,1.0,0.0,0.0
730540,279300,Meiy,6672,DFM,DetonatioN FocusMe,0.67,0.82,184.0,133.0,8.0,7.0,12.0,7.0,2.0,0.0,69.0,69.0,124.0,70.0,32.0,10.0,2.0,2.0,4.0,3.0
730540,279300,Apinya,15897,SP,Sharper Esports,1.6,1.43,280.0,290.0,14.0,14.0,7.0,9.0,5.0,2.0,69.0,85.0,175.0,193.0,22.0,34.0,2.0,4.0,1.0,2.0
730540,279300,NIZ,40511,SP,Sharper Esports,0.65,1.32,77.0,246.0,3.0,12.0,9.0,9.0,5.0,5.0,62.0,85.0,69.0,142.0,8.0,29.0,0.0,1.0,0.0,0.0
730540,279300,PTC,3401,SP,Sharper Esports,1.09,0.54,186.0,109.0,8.0,5.0,8.0,8.0,5.0,3.0,62.0,62.0,125.0,80.0,21.0,43.0,1.0,1.0,0.0,0.0
730540,279300,Laz,8582,SP,Sharper Esports,0.77,0.75,134.0,179.0,6.0,8.0,9.0,10.0,1.0,4.0,62.0,77.0,85.0,132.0,29.0,29.0,2.0,1.0,0.0,2.0
730540,279300,Kadoom,12098,SP,Sharper Esports,0.63,0.86,171.0,221.0,9.0,11.0,10.0,10.0,0.0,1.0,54.0,69.0,98.0,143.0,15.0,18.0,3.0,1.0,4.0,1.0
730540,279301,Caedye,29841,DFM,DetonatioN FocusMe,1.52,1.33,233.0,312.0,9.0,11.0,5.0,9.0,4.0,6.0,90.0,67.0,147.0,217.0,29.0,35.0,0.0,1.0,0.0,1.0
730540,279301,SSeeS,21438,DFM,DetonatioN FocusMe,1.01,1.06,154.0,224.0,5.0,9.0,5.0,9.0,2.0,4.0,60.0,100.0,100.0,134.0,27.0,38.0,2.0,1.0,0.0,0.0
730540,279301,Meiy,6672,DFM,DetonatioN FocusMe,0.9,1.1,145.0,245.0,5.0,11.0,6.0,9.0,1.0,3.0,80.0,67.0,95.0,139.0,27.0,45.0,2.0,3.0,2.0,1.0
730540,279301,yatsuka,29843,DFM,DetonatioN FocusMe,1.57,0.2,303.0,64.0,11.0,3.0,6.0,10.0,2.0,0.0,70.0,58.0,200.0,48.0,23.0,29.0,1.0,0.0,1.0,3.0
730540,279301,Akame,13002,DFM,DetonatioN FocusMe,1.23,0.34,199.0,72.0,8.0,3.0,5.0,9.0,2.0,1.0,70.0,33.0,130.0,66.0,29.0,13.0,1.0,0.0,1.0,2.0
730540,279301,PTC,3401,SP,Sharper Esports,1.58,0.5,305.0,117.0,12.0,4.0,8.0,8.0,5.0,2.0,83.0,60.0,195.0,68.0,46.0,25.0,2.0,0.0,0.0,0.0
730540,279301,NIZ,40511,SP,Sharper Esports,1.46,0.55,198.0,107.0,10.0,3.0,6.0,7.0,2.0,2.0,83.0,70.0,128.0,72.0,39.0,44.0,0.0,0.0,0.0,0.0
730540,279301,Apinya,15897,SP,Sharper Esports,1.5,0.39,227.0,124.0,11.0,4.0,6.0,8.0,5.0,2.0,83.0,60.0,120.0,95.0,20.0,29.0,3.0,0.0,1.0,2.0
730540,279301,Kadoom,12098,SP,Sharper Esports,0.79,1.09,149.0,266.0,6.0,10.0,8.0,8.0,5.0,0.0,67.0,70.0,107.0,155.0,10.0,23.0,2.0,4.0,4.0,3.0
730540,279301,Laz,8582,SP,Sharper Esports,0.58,0.83,127.0,167.0,7.0,6.0,9.0,7.0,2.0,2.0,67.0,40.0,86.0,109.0,33.0,46.0,0.0,0.0,0.0,1.0
730540,279302,Caedye,29841,DFM,DetonatioN FocusMe,1.02,0.85,186.0,201.0,7.0,7.0,7.0,11.0,4.0,7.0,55.0,75.0,117.0,121.0,46.0,53.0,0.0,1.0,1.0,0.0
730540,279302,SSeeS,21438,DFM,DetonatioN FocusMe,1.2,0.67,199.0,171.0,8.0,6.0,5.0,10.0,0.0,2.0,91.0,67.0,141.0,112.0,27.0,27.0,0.0,2.0,1.0,2.0
730540,279302,Akame,13002,DFM,DetonatioN FocusMe,0.49,1.15,137.0,237.0,5.0,9.0,8.0,10.0,1.0,4.0,73.0,50.0,92.0,173.0,38.0,31.0,1.0,3.0,2.0,0.0
730540,279302,Meiy,6672,DFM,DetonatioN FocusMe,1.06,0.52,249.0,176.0,10.0,7.0,9.0,12.0,1.0,1.0,82.0,58.0,161.0,111.0,20.0,33.0,2.0,0.0,1.0,3.0
730540,279302,yatsuka,29843,DFM,DetonatioN FocusMe,0.7,0.21,152.0,90.0,6.0,4.0,9.0,12.0,5.0,2.0,73.0,58.0,123.0,74.0,70.0,44.0,1.0,0.0,2.0,1.0
730540,279302,PTC,3401,SP,Sharper Esports,2.09,0.75,338.0,128.0,14.0,5.0,4.0,8.0,8.0,5.0,100.0,73.0,237.0,97.0,25.0,30.0,0.0,1.0,0.0,1.0
730540,279302,NIZ,40511,SP,Sharper Esports,1.72,1.05,265.0,188.0,13.0,8.0,5.0,8.0,6.0,2.0,83.0,91.0,169.0,130.0,29.0,64.0,2.0,1.0,0.0,1.0
730540,279302,Kadoom,12098,SP,Sharper Esports,0.8,1.84,164.0,363.0,8.0,14.0,8.0,6.0,2.0,2.0,67.0,82.0,102.0,232.0,38.0,11.0,1.0,2.0,3.0,0.0
730540,279302,Apinya,15897,SP,Sharper Esports,1.26,0.74,274.0,178.0,12.0,7.0,9.0,9.0,3.0,6.0,100.0,55.0,189.0,117.0,28.0,17.0,3.0,3.0,2.0,1.0
730540,279302,Laz,8582,SP,Sharper Esports,1.01,0.95,175.0,120.0,8.0,4.0,7.0,5.0,3.0,2.0,75.0,73.0,130.0,95.0,38.0,18.0,0.0,0.0,1.0,1.0
730541,279303,Munchkin,2489,T1,T1,3.39,1.89,651.0,259.0,5.0,13.0,1.0,2.0,0.0,7.0,100.0,92.0,597.0,163.0,33.0,31.0,1.0,1.0,0.0,0.0
730541,279303,stax,485,T1,T1,0.32,1.67,13.0,285.0,0.0,11.0,1.0,4.0,0.0,6.0,50.0,100.0,13.0,211.0,0.0,24.0,0.0,1.0,0.0,0.0
730541,279303,Meteor,13039,T1,T1,0.74,1.48,242.0,247.0,2.0,11.0,2.0,5.0,0.0,3.0,100.0,83.0,214.0,145.0,25.0,14.0,0.0,4.0,0.0,1.0
730541,279303,iZu,29833,T1,T1,0.18,1.55,0.0,218.0,0.0,11.0,1.0,2.0,0.0,1.0,50.0,100.0,0.0,148.0,,37.0,0.0,1.0,1.0,0.0
730541,279303,BuZz,804,T1,T1,0.19,1.44,178.0,234.0,1.0,10.0,2.0,3.0,1.0,5.0,100.0,92.0,127.0,137.0,17.0,19.0,0.0,3.0,0.0,1.0
730541,279303,seph1roth,27244,FS,FULL SENSE,0.68,1.81,142.0,232.0,6.0,2.0,11.0,1.0,0.0,0.0,42.0,100.0,98.0,152.0,46.0,25.0,1.0,0.0,0.0,0.0
730541,279303,Crws,3977,FS,FULL SENSE,0.22,2.5,39.0,562.0,1.0,4.0,11.0,1.0,2.0,0.0,33.0,100.0,30.0,304.0,0.0,38.0,0.0,1.0,3.0,0.0
730541,279303,Killua,13784,FS,FULL SENSE,0.44,0.04,133.0,25.0,5.0,0.0,11.0,2.0,0.0,1.0,42.0,100.0,93.0,25.0,33.0,0.0,0.0,0.0,0.0,0.0
730541,279303,primmie,25255,FS,FULL SENSE,0.41,0.01,117.0,25.0,3.0,0.0,11.0,2.0,3.0,0.0,58.0,50.0,94.0,25.0,31.0,0.0,0.0,0.0,3.0,0.0
730541,279303,JitBoyS,13788,FS,FULL SENSE,0.11,0.38,44.0,105.0,1.0,1.0,12.0,2.0,1.0,0.0,25.0,50.0,32.0,55.0,0.0,0.0,1.0,0.0,4.0,1.0
730541,279304,BuZz,804,T1,T1,1.03,1.91,255.0,321.0,11.0,12.0,10.0,4.0,1.0,1.0,75.0,78.0,149.0,178.0,37.0,33.0,3.0,1.0,0.0,0.0
730541,279304,iZu,29833,T1,T1,1.41,1.03,199.0,196.0,10.0,6.0,6.0,6.0,5.0,3.0,83.0,89.0,125.0,123.0,42.0,10.0,0.0,2.0,1.0,0.0
730541,279304,stax,485,T1,T1,1.53,0.57,292.0,67.0,13.0,1.0,7.0,6.0,4.0,5.0,75.0,78.0,205.0,40.0,30.0,43.0,0.0,0.0,1.0,0.0
730541,279304,Munchkin,2489,T1,T1,0.62,1.29,188.0,258.0,7.0,8.0,10.0,6.0,4.0,4.0,58.0,78.0,124.0,155.0,16.0,28.0,1.0,2.0,3.0,2.0
730541,279304,Meteor,13039,T1,T1,0.96,0.37,177.0,63.0,8.0,2.0,7.0,7.0,1.0,1.0,50.0,56.0,118.0,57.0,15.0,14.0,1.0,0.0,2.0,2.0
730541,279304,primmie,25255,FS,FULL SENSE,1.45,1.04,266.0,196.0,8.0,8.0,5.0,8.0,1.0,2.0,89.0,67.0,148.0,138.0,33.0,26.0,3.0,2.0,1.0,1.0
730541,279304,JitBoyS,13788,FS,FULL SENSE,1.09,1.09,232.0,242.0,7.0,11.0,5.0,10.0,2.0,0.0,78.0,58.0,180.0,154.0,32.0,26.0,0.0,2.0,3.0,2.0
730541,279304,Killua,13784,FS,FULL SENSE,0.86,0.97,157.0,223.0,5.0,10.0,5.0,11.0,3.0,3.0,89.0,83.0,86.0,157.0,12.0,50.0,0.0,0.0,0.0,0.0
730541,279304,Crws,3977,FS,FULL SENSE,0.82,0.62,183.0,141.0,5.0,5.0,6.0,10.0,1.0,7.0,89.0,58.0,129.0,98.0,29.0,15.0,1.0,2.0,0.0,1.0
730541,279304,seph1roth,27244,FS,FULL SENSE,0.28,0.67,109.0,143.0,4.0,6.0,8.0,10.0,0.0,2.0,44.0,75.0,66.0,98.0,71.0,35.0,0.0,1.0,1.0,1.0
730542,279306,Dambi,31827,NS,Nongshim RedForce,1.24,1.3,235.0,236.0,9.0,9.0,7.0,8.0,3.0,5.0,90.0,75.0,141.0,164.0,46.0,22.0,1.0,1.0,1.0,1.0
730542,279306,Xross,42772,NS,Nongshim RedForce,1.14,1.23,248.0,230.0,9.0,10.0,8.0,8.0,5.0,4.0,90.0,58.0,177.0,140.0,27.0,25.0,1.0,0.0,0.0,1.0
730542,279306,Rb,488,NS,Nongshim RedForce,0.94,1.4,204.0,267.0,7.0,11.0,6.0,8.0,6.0,2.0,80.0,67.0,113.0,154.0,50.0,39.0,0.0,1.0,1.0,1.0
730542,279306,Francis,31828,NS,Nongshim RedForce,1.02,0.77,150.0,196.0,6.0,8.0,5.0,10.0,2.0,1.0,80.0,67.0,105.0,132.0,15.0,17.0,0.0,3.0,3.0,3.0
730542,279306,Ivy,31829,NS,Nongshim RedForce,0.87,0.71,268.0,96.0,9.0,5.0,9.0,8.0,2.0,1.0,70.0,58.0,173.0,55.0,24.0,30.0,1.0,0.0,2.0,1.0
730542,279306,Zeus,46135,TS,Team Secret,2.07,1.51,410.0,303.0,18.0,11.0,6.0,6.0,1.0,1.0,75.0,90.0,252.0,169.0,24.0,30.0,4.0,2.0,0.0,1.0
730542,279306,Sylvan,4056,TS,Team Secret,0.92,0.88,199.0,185.0,9.0,8.0,9.0,9.0,5.0,2.0,67.0,60.0,120.0,97.0,41.0,36.0,0.0,1.0,2.0,0.0
730542,279306,natz,7049,TS,Team Secret,0.38,1.06,102.0,217.0,4.0,7.0,10.0,8.0,3.0,6.0,67.0,90.0,84.0,155.0,67.0,26.0,1.0,1.0,2.0,0.0
730542,279306,STYRON,11704,TS,Team Secret,0.56,0.78,147.0,181.0,6.0,6.0,9.0,9.0,2.0,2.0,75.0,80.0,92.0,103.0,13.0,23.0,2.0,2.0,0.0,0.0
730542,279306,kellyS,7437,TS,Team Secret,0.47,0.44,106.0,120.0,5.0,3.0,9.0,8.0,4.0,2.0,67.0,50.0,68.0,96.0,36.0,19.0,0.0,1.0,1.0,2.0
730542,279307,Francis,31828,NS,Nongshim RedForce,1.47,1.39,268.0,288.0,13.0,6.0,6.0,4.0,1.0,3.0,83.0,83.0,188.0,157.0,19.0,22.0,2.0,1.0,1.0,2.0
730542,279307,Ivy,31829,NS,Nongshim RedForce,1.45,1.08,345.0,126.0,15.0,2.0,8.0,2.0,2.0,1.0,100.0,67.0,233.0,113.0,50.0,23.0,4.0,0.0,0.0,0.0
730542,279307,Xross,42772,NS,Nongshim RedForce,1.09,1.48,142.0,264.0,6.0,6.0,5.0,3.0,3.0,1.0,75.0,100.0,108.0,180.0,24.0,54.0,0.0,0.0,0.0,0.0
730542,279307,Dambi,31827,NS,Nongshim RedForce,1.31,0.85,255.0,158.0,12.0,3.0,7.0,4.0,1.0,1.0,83.0,50.0,151.0,88.0,34.0,38.0,1.0,2.0,2.0,1.0
730542,279307,Rb,488,NS,Nongshim RedForce,1.11,0.71,156.0,109.0,7.0,2.0,6.0,4.0,7.0,2.0,75.0,50.0,98.0,80.0,40.0,29.0,1.0,0.0,1.0,0.0
730542,279307,Zeus,46135,TS,Team Secret,0.45,1.45,160.0,337.0,3.0,14.0,5.0,11.0,1.0,3.0,50.0,83.0,102.0,203.0,18.0,39.0,0.0,1.0,2.0,2.0
730542,279307,Sylvan,4056,TS,Team Secret,0.98,0.58,194.0,145.0,5.0,5.0,4.0,9.0,0.0,2.0,67.0,58.0,127.0,117.0,27.0,15.0,1.0,0.0,0.0,1.0
730542,279307,STYRON,11704,TS,Team Secret,1.09,0.54,126.0,165.0,3.0,6.0,3.0,11.0,2.0,3.0,67.0,75.0,92.0,111.0,11.0,38.0,0.0,1.0,0.0,1.0
730542,279307,kellyS,7437,TS,Team Secret,1.23,0.36,248.0,101.0,5.0,3.0,4.0,11.0,1.0,4.0,83.0,75.0,144.0,73.0,19.0,25.0,2.0,1.0,0.0,2.0
730542,279307,natz,7049,TS,Team Secret,0.57,0.4,57.0,87.0,1.0,4.0,3.0,11.0,1.0,0.0,50.0,58.0,51.0,76.0,17.0,36.0,0.0,1.0,1.0,2.0
730543,279309,yong,51238,KRX,KIWOOM DRX,3.48,1.02,548.0,231.0,7.0,9.0,1.0,9.0,0.0,4.0,100.0,67.0,329.0,136.0,54.0,25.0,1.0,1.0,0.0,1.0
730543,279309,MaKo,4462,KRX,KIWOOM DRX,1.94,1.38,436.0,255.0,5.0,11.0,2.0,7.0,1.0,6.0,100.0,83.0,236.0,174.0,30.0,34.0,1.0,1.0,0.0,0.0
730543,279309,BeYN,4678,KRX,KIWOOM DRX,1.33,1.21,153.0,213.0,2.0,9.0,1.0,7.0,0.0,7.0,67.0,83.0,97.0,159.0,0.0,33.0,0.0,1.0,0.0,1.0
730543,279309,free1ng,1916,KRX,KIWOOM DRX,0.02,1.41,110.0,251.0,1.0,13.0,3.0,6.0,0.0,0.0,33.0,75.0,77.0,147.0,33.0,30.0,0.0,3.0,1.0,2.0
730543,279309,HYUNMIN,28400,KRX,KIWOOM DRX,0.01,0.86,44.0,196.0,0.0,8.0,3.0,7.0,1.0,2.0,33.0,75.0,44.0,106.0,0.0,22.0,0.0,1.0,0.0,1.0
730543,279309,Laz,8582,SP,Sharper Esports,0.94,0.96,189.0,202.0,8.0,2.0,9.0,3.0,1.0,2.0,67.0,100.0,129.0,124.0,10.0,22.0,0.0,0.0,0.0,0.0
730543,279309,Apinya,15897,SP,Sharper Esports,1.18,0.02,205.0,18.0,9.0,0.0,10.0,3.0,5.0,0.0,83.0,33.0,118.0,18.0,22.0,0.0,1.0,0.0,0.0,0.0
730543,279309,PTC,3401,SP,Sharper Esports,1.0,0.03,203.0,105.0,9.0,1.0,9.0,3.0,1.0,0.0,58.0,33.0,125.0,65.0,39.0,50.0,1.0,0.0,2.0,1.0
730543,279309,NIZ,40511,SP,Sharper Esports,0.65,0.7,165.0,212.0,6.0,3.0,11.0,3.0,5.0,0.0,58.0,33.0,90.0,89.0,57.0,29.0,1.0,0.0,1.0,0.0
730543,279309,Kadoom,12098,SP,Sharper Esports,0.37,1.81,139.0,402.0,4.0,4.0,11.0,3.0,5.0,2.0,67.0,100.0,103.0,277.0,21.0,13.0,2.0,1.0,4.0,1.0
730543,279310,HYUNMIN,28400,KRX,KIWOOM DRX,1.3,0.92,267.0,218.0,13.0,12.0,13.0,10.0,5.0,3.0,80.0,80.0,183.0,151.0,28.0,40.0,1.0,2.0,0.0,3.0
730543,279310,free1ng,1916,KRX,KIWOOM DRX,0.73,1.48,181.0,281.0,8.0,16.0,13.0,7.0,3.0,0.0,60.0,87.0,107.0,147.0,43.0,4.0,2.0,3.0,4.0,0.0
730543,279310,yong,51238,KRX,KIWOOM DRX,0.76,1.17,127.0,299.0,6.0,15.0,11.0,10.0,4.0,2.0,47.0,73.0,94.0,191.0,47.0,32.0,2.0,3.0,1.0,1.0
730543,279310,BeYN,4678,KRX,KIWOOM DRX,0.74,1.11,133.0,167.0,6.0,8.0,12.0,8.0,3.0,5.0,60.0,87.0,98.0,113.0,17.0,29.0,2.0,0.0,2.0,1.0
730543,279310,MaKo,4462,KRX,KIWOOM DRX,0.54,1.04,109.0,162.0,5.0,8.0,12.0,7.0,4.0,6.0,53.0,87.0,92.0,108.0,23.0,12.0,0.0,2.0,1.0,0.0
730543,279310,PTC,3401,SP,Sharper Esports,1.23,1.14,231.0,207.0,12.0,11.0,11.0,8.0,3.0,6.0,73.0,73.0,158.0,129.0,38.0,33.0,3.0,2.0,2.0,2.0
730543,279310,NIZ,40511,SP,Sharper Esports,1.07,1.3,179.0,252.0,10.0,15.0,10.0,7.0,2.0,4.0,53.0,80.0,106.0,164.0,24.0,36.0,0.0,0.0,1.0,1.0
730543,279310,Apinya,15897,SP,Sharper Esports,0.64,1.33,118.0,192.0,6.0,10.0,11.0,5.0,1.0,8.0,47.0,87.0,81.0,125.0,12.0,16.0,0.0,1.0,4.0,1.0
730543,279310,Kadoom,12098,SP,Sharper Esports,0.54,1.28,204.0,245.0,8.0,13.0,15.0,8.0,3.0,3.0,53.0,60.0,136.0,160.0,32.0,16.0,2.0,1.0,1.0,3.0
730543,279310,Laz,8582,SP,Sharper Esports,0.54,1.12,99.0,240.0,6.0,12.0,12.0,10.0,0.0,5.0,53.0,73.0,75.0,165.0,21.0,28.0,0.0,4.0,2.0,0.0
730543,279311,MaKo,4462,KRX,KIWOOM DRX,1.22,1.46,219.0,253.0,8.0,10.0,6.0,8.0,3.0,11.0,70.0,83.0,147.0,166.0,19.0,36.0,0.0,3.0,1.0,3.0
730543,279311,yong,51238,KRX,KIWOOM DRX,1.5,1.17,368.0,184.0,13.0,8.0,8.0,5.0,0.0,0.0,70.0,92.0,261.0,102.0,45.0,38.0,2.0,0.0,1.0,1.0
730543,279311,HYUNMIN,28400,KRX,KIWOOM DRX,0.46,1.6,190.0,335.0,7.0,14.0,10.0,7.0,1.0,3.0,70.0,75.0,125.0,205.0,40.0,33.0,2.0,2.0,1.0,2.0
730543,279311,free1ng,1916,KRX,KIWOOM DRX,1.2,0.77,167.0,133.0,7.0,5.0,5.0,8.0,4.0,7.0,70.0,83.0,119.0,82.0,67.0,33.0,0.0,1.0,2.0,0.0
730543,279311,BeYN,4678,KRX,KIWOOM DRX,0.72,0.79,124.0,147.0,4.0,6.0,8.0,7.0,3.0,3.0,70.0,67.0,97.0,116.0,25.0,33.0,0.0,0.0,1.0,0.0
730543,279311,NIZ,40511,SP,Sharper Esports,1.24,1.87,164.0,363.0,8.0,12.0,6.0,7.0,1.0,2.0,75.0,90.0,130.0,256.0,41.0,33.0,1.0,1.0,0.0,1.0
730543,279311,PTC,3401,SP,Sharper Esports,1.11,1.03,273.0,277.0,10.0,10.0,11.0,9.0,6.0,6.0,83.0,70.0,175.0,147.0,26.0,15.0,0.0,1.0,1.0,1.0
730543,279311,Laz,8582,SP,Sharper Esports,0.63,1.12,118.0,217.0,4.0,7.0,9.0,7.0,1.0,6.0,50.0,80.0,75.0,136.0,20.0,25.0,1.0,1.0,1.0,1.0
730543,279311,Apinya,15897,SP,Sharper Esports,0.8,0.46,178.0,88.0,7.0,3.0,8.0,7.0,2.0,1.0,67.0,40.0,118.0,66.0,27.0,14.0,2.0,0.0,3.0,0.0
730543,279311,Kadoom,12098,SP,Sharper Esports,0.58,0.67,157.0,196.0,6.0,5.0,9.0,9.0,1.0,3.0,67.0,70.0,106.0,127.0,20.0,23.0,2.0,3.0,1.0,1.0
730544,279312,iZu,29833,T1,T1,1.15,2.38,204.0,411.0,9.0,10.0,10.0,3.0,2.0,0.0,75.0,100.0,134.0,226.0,44.0,16.0,0.0,0.0,2.0,0.0
730544,279312,Munchkin,2489,T1,T1,0.8,0.54,175.0,118.0,7.0,2.0,10.0,5.0,1.0,2.0,58.0,33.0,110.0,96.0,14.0,50.0,1.0,0.0,2.0,2.0
730544,279312,stax,485,T1,T1,0.72,0.31,127.0,195.0,6.0,3.0,10.0,6.0,5.0,3.0,67.0,83.0,82.0,119.0,25.0,38.0,0.0,0.0,0.0,0.0
730544,279312,BuZz,804,T1,T1,0.75,0.13,263.0,86.0,9.0,2.0,12.0,6.0,6.0,0.0,75.0,50.0,187.0,59.0,21.0,67.0,3.0,1.0,2.0,2.0
730544,279312,Meteor,13039,T1,T1,0.07,0.5,100.0,136.0,3.0,3.0,12.0,5.0,2.0,1.0,42.0,50.0,67.0,102.0,18.0,50.0,1.0,0.0,1.0,1.0
730544,279312,Dambi,31827,NS,Nongshim RedForce,2.21,1.37,415.0,256.0,10.0,12.0,3.0,8.0,1.0,4.0,100.0,83.0,199.0,170.0,23.0,43.0,3.0,1.0,0.0,1.0
730544,279312,Xross,42772,NS,Nongshim RedForce,0.85,1.91,166.0,346.0,3.0,15.0,5.0,5.0,4.0,6.0,100.0,92.0,119.0,233.0,33.0,42.0,0.0,0.0,0.0,1.0
730544,279312,Francis,31828,NS,Nongshim RedForce,1.24,1.56,220.0,338.0,4.0,14.0,3.0,8.0,2.0,4.0,83.0,83.0,149.0,210.0,21.0,16.0,2.0,4.0,0.0,2.0
730544,279312,Ivy,31829,NS,Nongshim RedForce,1.42,1.0,233.0,136.0,6.0,6.0,3.0,6.0,0.0,5.0,83.0,92.0,185.0,95.0,64.0,22.0,0.0,0.0,0.0,0.0
730544,279312,Rb,488,NS,Nongshim RedForce,0.51,0.93,136.0,174.0,2.0,7.0,6.0,7.0,7.0,6.0,100.0,75.0,79.0,101.0,11.0,21.0,0.0,2.0,1.0,1.0
730544,279313,stax,485,T1,T1,1.55,0.78,298.0,186.0,15.0,8.0,9.0,10.0,4.0,4.0,75.0,73.0,159.0,115.0,16.0,50.0,0.0,0.0,1.0,0.0
730544,279313,Meteor,13039,T1,T1,1.31,1.03,301.0,281.0,11.0,11.0,9.0,10.0,6.0,0.0,75.0,73.0,197.0,177.0,25.0,30.0,4.0,1.0,2.0,0.0
730544,279313,iZu,29833,T1,T1,1.33,0.88,164.0,171.0,8.0,6.0,5.0,7.0,6.0,3.0,83.0,64.0,116.0,115.0,54.0,19.0,0.0,1.0,1.0,0.0
730544,279313,Munchkin,2489,T1,T1,0.8,0.43,166.0,153.0,7.0,4.0,9.0,10.0,4.0,7.0,75.0,73.0,114.0,113.0,23.0,7.0,1.0,1.0,2.0,4.0
730544,279313,BuZz,804,T1,T1,0.61,0.33,169.0,96.0,8.0,4.0,10.0,9.0,2.0,2.0,50.0,64.0,102.0,62.0,20.0,17.0,0.0,1.0,1.0,3.0
730544,279313,Francis,31828,NS,Nongshim RedForce,1.93,1.03,389.0,214.0,16.0,9.0,7.0,9.0,2.0,2.0,100.0,100.0,216.0,146.0,40.0,24.0,4.0,4.0,1.0,2.0
730544,279313,Xross,42772,NS,Nongshim RedForce,1.26,0.91,173.0,139.0,9.0,7.0,5.0,8.0,2.0,1.0,91.0,58.0,129.0,102.0,31.0,36.0,0.0,0.0,0.0,2.0
730544,279313,Dambi,31827,NS,Nongshim RedForce,0.83,1.26,157.0,301.0,6.0,13.0,7.0,11.0,4.0,2.0,91.0,75.0,96.0,206.0,24.0,24.0,2.0,0.0,3.0,0.0
730544,279313,Rb,488,NS,Nongshim RedForce,1.04,0.66,174.0,192.0,7.0,7.0,7.0,11.0,1.0,6.0,82.0,75.0,113.0,116.0,22.0,37.0,0.0,3.0,0.0,0.0
730544,279313,Ivy,31829,NS,Nongshim RedForce,1.14,0.5,214.0,146.0,8.0,6.0,7.0,10.0,3.0,0.0,82.0,50.0,156.0,87.0,30.0,25.0,1.0,0.0,0.0,1.0
730545,279315,Sylvan,4056,TS,Team Secret,1.57,0.76,301.0,128.0,14.0,6.0,7.0,8.0,5.0,5.0,83.0,67.0,192.0,87.0,33.0,33.0,1.0,1.0,0.0,0.0
730545,279315,natz,7049,TS,Team Secret,1.01,1.2,265.0,250.0,10.0,9.0,11.0,8.0,3.0,3.0,67.0,75.0,181.0,171.0,30.0,29.0,3.0,3.0,1.0,0.0
730545,279315,STYRON,11704,TS,Team Secret,0.8,1.21,149.0,213.0,6.0,9.0,8.0,7.0,7.0,4.0,92.0,83.0,99.0,152.0,19.0,25.0,0.0,1.0,0.0,0.0
730545,279315,Zeus,46135,TS,Team Secret,0.77,0.99,148.0,190.0,7.0,9.0,8.0,8.0,1.0,2.0,58.0,67.0,94.0,119.0,31.0,24.0,0.0,4.0,3.0,2.0
730545,279315,kellyS,7437,TS,Team Secret,0.28,1.33,74.0,284.0,3.0,12.0,9.0,8.0,2.0,4.0,58.0,92.0,49.0,195.0,17.0,17.0,0.0,0.0,4.0,1.0
730545,279315,Wolverine,25053,ONG,ONSIDE GAMING,1.24,1.7,278.0,227.0,11.0,10.0,10.0,6.0,7.0,6.0,75.0,58.0,178.0,181.0,23.0,14.0,0.0,1.0,1.0,0.0
730545,279315,Hermes,17049,ONG,ONSIDE GAMING,1.62,1.1,225.0,194.0,12.0,9.0,7.0,7.0,1.0,3.0,67.0,75.0,149.0,115.0,36.0,11.0,2.0,2.0,1.0,0.0
730545,279315,Ray,60576,ONG,ONSIDE GAMING,0.81,0.94,189.0,204.0,6.0,8.0,10.0,10.0,9.0,6.0,67.0,58.0,147.0,117.0,28.0,11.0,1.0,1.0,2.0,1.0
730545,279315,Xiesta,62291,ONG,ONSIDE GAMING,0.64,1.1,153.0,243.0,6.0,9.0,9.0,10.0,1.0,7.0,58.0,75.0,85.0,157.0,17.0,30.0,0.0,3.0,3.0,2.0
730545,279315,Cloudy,9192,ONG,ONSIDE GAMING,0.41,0.92,97.0,162.0,4.0,7.0,9.0,7.0,2.0,1.0,58.0,75.0,55.0,103.0,22.0,15.0,0.0,1.0,2.0,1.0
730545,279316,Sylvan,4056,TS,Team Secret,0.85,1.46,164.0,288.0,8.0,13.0,8.0,7.0,1.0,5.0,64.0,100.0,105.0,189.0,21.0,39.0,0.0,0.0,2.0,0.0
730545,279316,kellyS,7437,TS,Team Secret,0.94,1.3,190.0,279.0,7.0,13.0,9.0,9.0,3.0,2.0,45.0,75.0,127.0,170.0,23.0,14.0,1.0,1.0,2.0,1.0
730545,279316,Zeus,46135,TS,Team Secret,1.22,0.96,277.0,186.0,9.0,6.0,9.0,8.0,5.0,5.0,100.0,92.0,189.0,135.0,30.0,33.0,2.0,2.0,1.0,1.0
730545,279316,natz,7049,TS,Team Secret,0.55,0.9,140.0,190.0,5.0,8.0,9.0,8.0,3.0,1.0,64.0,58.0,90.0,136.0,17.0,10.0,1.0,3.0,0.0,3.0
730545,279316,STYRON,11704,TS,Team Secret,0.62,0.43,195.0,121.0,8.0,5.0,9.0,10.0,0.0,4.0,64.0,67.0,126.0,79.0,41.0,20.0,1.0,0.0,1.0,1.0
730545,279316,Xiesta,62291,ONG,ONSIDE GAMING,1.99,1.54,441.0,342.0,18.0,13.0,9.0,8.0,3.0,5.0,83.0,91.0,256.0,193.0,24.0,19.0,4.0,2.0,1.0,0.0
730545,279316,Wolverine,25053,ONG,ONSIDE GAMING,0.64,1.65,133.0,300.0,6.0,12.0,9.0,6.0,2.0,3.0,75.0,73.0,80.0,193.0,27.0,17.0,1.0,1.0,1.0,2.0
730545,279316,Cloudy,9192,ONG,ONSIDE GAMING,1.02,0.68,180.0,127.0,7.0,5.0,9.0,7.0,5.0,2.0,75.0,73.0,129.0,76.0,56.0,42.0,0.0,0.0,0.0,1.0
730545,279316,Hermes,17049,ONG,ONSIDE GAMING,0.69,0.92,119.0,164.0,6.0,7.0,9.0,8.0,3.0,3.0,58.0,82.0,61.0,109.0,20.0,30.0,0.0,0.0,1.0,0.0
730545,279316,Ray,60576,ONG,ONSIDE GAMING,0.49,0.91,109.0,203.0,5.0,7.0,9.0,8.0,0.0,2.0,67.0,91.0,57.0,115.0,18.0,16.0,1.0,3.0,3.0,2.0
730546,279318,Killua,13784,FS,FULL SENSE,0.87,1.72,244.0,356.0,9.0,6.0,12.0,3.0,3.0,3.0,83.0,80.0,149.0,224.0,43.0,45.0,1.0,1.0,1.0,0.0
730546,279318,primmie,25255,FS,FULL SENSE,0.12,2.05,89.0,336.0,3.0,7.0,12.0,2.0,1.0,3.0,50.0,100.0,66.0,191.0,27.0,7.0,0.0,1.0,2.0,0.0
730546,279318,seph1roth,27244,FS,FULL SENSE,0.29,1.19,98.0,215.0,3.0,5.0,12.0,3.0,0.0,1.0,42.0,80.0,70.0,141.0,63.0,22.0,0.0,0.0,0.0,0.0
730546,279318,JitBoyS,13788,FS,FULL SENSE,0.46,0.37,162.0,80.0,6.0,1.0,12.0,3.0,3.0,3.0,58.0,60.0,94.0,48.0,29.0,11.0,2.0,0.0,4.0,2.0
730546,279318,Crws,3977,FS,FULL SENSE,0.12,0.86,80.0,214.0,3.0,4.0,12.0,4.0,2.0,3.0,17.0,100.0,47.0,151.0,20.0,86.0,0.0,1.0,2.0,0.0
730546,279318,Monyet,8497,RRQ,Rex Regum Qeon,1.04,1.8,209.0,225.0,3.0,11.0,4.0,2.0,3.0,7.0,40.0,100.0,136.0,143.0,50.0,53.0,0.0,3.0,0.0,1.0
730546,279318,xffero,4871,RRQ,Rex Regum Qeon,1.28,1.65,219.0,207.0,4.0,10.0,4.0,3.0,0.0,3.0,60.0,100.0,154.0,148.0,23.0,32.0,1.0,0.0,0.0,0.0
730546,279318,crazyguy,1430,RRQ,Rex Regum Qeon,0.66,1.74,199.0,366.0,3.0,15.0,5.0,7.0,2.0,7.0,60.0,100.0,136.0,217.0,33.0,19.0,0.0,3.0,2.0,0.0
730546,279318,Xan,11737,RRQ,Rex Regum Qeon,0.63,1.62,170.0,329.0,3.0,15.0,5.0,7.0,0.0,2.0,60.0,100.0,108.0,190.0,33.0,40.0,0.0,1.0,0.0,0.0
730546,279318,Jemkin,24895,RRQ,Rex Regum Qeon,0.36,1.17,99.0,176.0,2.0,9.0,5.0,5.0,1.0,3.0,40.0,75.0,40.0,104.0,17.0,11.0,1.0,2.0,1.0,2.0
730546,279319,Killua,13784,FS,FULL SENSE,1.3,2.12,205.0,356.0,9.0,15.0,7.0,5.0,3.0,3.0,83.0,75.0,153.0,232.0,30.0,50.0,0.0,2.0,0.0,0.0
730546,279319,primmie,25255,FS,FULL SENSE,1.08,1.75,238.0,339.0,9.0,14.0,10.0,6.0,4.0,1.0,75.0,83.0,146.0,200.0,33.0,13.0,2.0,0.0,0.0,1.0
730546,279319,Crws,3977,FS,FULL SENSE,1.05,0.86,187.0,83.0,8.0,4.0,8.0,5.0,4.0,8.0,92.0,83.0,112.0,41.0,38.0,9.0,1.0,0.0,0.0,1.0
730546,279319,seph1roth,27244,FS,FULL SENSE,0.61,0.74,177.0,176.0,7.0,7.0,10.0,9.0,1.0,3.0,75.0,75.0,112.0,100.0,53.0,25.0,2.0,3.0,2.0,1.0
730546,279319,JitBoyS,13788,FS,FULL SENSE,0.51,0.69,146.0,167.0,5.0,7.0,9.0,9.0,2.0,0.0,67.0,67.0,86.0,105.0,21.0,13.0,1.0,3.0,4.0,1.0
730546,279319,Monyet,8497,RRQ,Rex Regum Qeon,1.38,0.84,305.0,150.0,13.0,7.0,9.0,8.0,3.0,2.0,83.0,67.0,184.0,94.0,70.0,29.0,3.0,0.0,1.0,0.0
730546,279319,crazyguy,1430,RRQ,Rex Regum Qeon,0.92,1.28,188.0,299.0,7.0,11.0,10.0,9.0,4.0,6.0,75.0,83.0,137.0,217.0,22.0,26.0,1.0,4.0,1.0,1.0
730546,279319,xffero,4871,RRQ,Rex Regum Qeon,0.56,1.32,93.0,234.0,3.0,11.0,8.0,6.0,6.0,4.0,58.0,92.0,66.0,148.0,13.0,23.0,0.0,0.0,2.0,1.0
730546,279319,Xan,11737,RRQ,Rex Regum Qeon,0.5,0.99,139.0,228.0,5.0,9.0,10.0,9.0,5.0,1.0,50.0,67.0,96.0,161.0,29.0,16.0,0.0,2.0,3.0,3.0
730546,279319,Jemkin,24895,RRQ,Rex Regum Qeon,0.49,0.83,116.0,125.0,6.0,6.0,10.0,6.0,0.0,1.0,67.0,67.0,95.0,84.0,33.0,56.0,0.0,0.0,1.0,1.0
730546,279320,primmie,25255,FS,FULL SENSE,1.56,1.5,351.0,306.0,15.0,8.0,7.0,6.0,2.0,5.0,92.0,75.0,211.0,187.0,29.0,33.0,4.0,1.0,3.0,1.0
730546,279320,seph1roth,27244,FS,FULL SENSE,1.97,0.64,340.0,144.0,16.0,5.0,3.0,6.0,2.0,2.0,92.0,63.0,207.0,82.0,48.0,29.0,0.0,0.0,0.0,2.0
730546,279320,Crws,3977,FS,FULL SENSE,1.44,1.1,197.0,208.0,10.0,5.0,2.0,6.0,5.0,3.0,100.0,100.0,145.0,142.0,45.0,19.0,0.0,2.0,0.0,0.0
730546,279320,Killua,13784,FS,FULL SENSE,1.32,0.9,237.0,143.0,11.0,4.0,7.0,5.0,3.0,3.0,92.0,75.0,161.0,65.0,27.0,38.0,1.0,0.0,0.0,1.0
730546,279320,JitBoyS,13788,FS,FULL SENSE,0.43,0.84,132.0,136.0,5.0,4.0,9.0,5.0,1.0,0.0,50.0,75.0,80.0,93.0,36.0,30.0,2.0,0.0,2.0,1.0
730546,279320,Jemkin,24895,RRQ,Rex Regum Qeon,1.21,0.94,178.0,224.0,6.0,9.0,4.0,12.0,1.0,1.0,75.0,67.0,109.0,141.0,19.0,50.0,0.0,3.0,0.0,2.0
730546,279320,crazyguy,1430,RRQ,Rex Regum Qeon,1.06,0.7,259.0,153.0,7.0,6.0,6.0,11.0,2.0,3.0,75.0,67.0,166.0,90.0,16.0,24.0,2.0,2.0,1.0,0.0
730546,279320,Monyet,8497,RRQ,Rex Regum Qeon,0.63,0.86,143.0,177.0,4.0,8.0,6.0,11.0,0.0,2.0,75.0,67.0,93.0,104.0,44.0,44.0,0.0,0.0,0.0,1.0
730546,279320,Xan,11737,RRQ,Rex Regum Qeon,1.08,0.12,223.0,86.0,7.0,3.0,5.0,12.0,0.0,3.0,75.0,42.0,139.0,76.0,32.0,27.0,2.0,0.0,2.0,2.0
730546,279320,xffero,4871,RRQ,Rex Regum Qeon,0.82,0.24,173.0,82.0,4.0,2.0,5.0,11.0,1.0,3.0,63.0,50.0,145.0,68.0,43.0,19.0,1.0,0.0,0.0,2.0
730547,279322,Meiy,6672,DFM,DetonatioN FocusMe,1.21,1.44,288.0,292.0,14.0,14.0,10.0,10.0,2.0,0.0,69.0,77.0,171.0,189.0,23.0,29.0,1.0,2.0,2.0,2.0
730547,279322,Akame,13002,DFM,DetonatioN FocusMe,1.55,0.87,263.0,208.0,13.0,10.0,8.0,11.0,10.0,5.0,85.0,69.0,180.0,123.0,50.0,20.0,2.0,0.0,0.0,2.0
730547,279322,yatsuka,29843,DFM,DetonatioN FocusMe,1.0,0.65,233.0,199.0,11.0,7.0,11.0,13.0,2.0,3.0,92.0,62.0,157.0,132.0,48.0,11.0,3.0,1.0,1.0,2.0
730547,279322,SSeeS,21438,DFM,DetonatioN FocusMe,1.02,0.58,165.0,123.0,8.0,4.0,7.0,9.0,5.0,1.0,69.0,62.0,118.0,98.0,26.0,21.0,1.0,1.0,1.0,1.0
730547,279322,Caedye,29841,DFM,DetonatioN FocusMe,0.78,0.29,188.0,87.0,8.0,3.0,10.0,11.0,5.0,6.0,85.0,62.0,109.0,56.0,33.0,13.0,0.0,0.0,2.0,2.0
730547,279322,margaret,33576,QTD,QT DIG∞,1.63,1.12,218.0,248.0,11.0,12.0,5.0,11.0,4.0,1.0,77.0,62.0,150.0,148.0,32.0,24.0,1.0,2.0,1.0,0.0
730547,279322,yuran,29840,QTD,QT DIG∞,1.37,1.1,262.0,242.0,14.0,10.0,7.0,10.0,2.0,2.0,85.0,69.0,169.0,164.0,35.0,18.0,3.0,2.0,2.0,2.0
730547,279322,Pkm,28401,QTD,QT DIG∞,1.31,0.85,289.0,203.0,14.0,9.0,9.0,11.0,3.0,3.0,77.0,69.0,183.0,133.0,13.0,44.0,3.0,1.0,1.0,2.0
730547,279322,Kippei,48431,QTD,QT DIG∞,1.4,0.62,250.0,150.0,11.0,7.0,9.0,11.0,10.0,4.0,85.0,69.0,164.0,79.0,22.0,27.0,2.0,0.0,0.0,2.0
730547,279322,Misaya,10628,QTD,QT DIG∞,0.62,0.74,104.0,189.0,4.0,8.0,8.0,11.0,6.0,3.0,85.0,54.0,67.0,115.0,17.0,24.0,0.0,1.0,0.0,1.0
730547,279323,Caedye,29841,DFM,DetonatioN FocusMe,1.07,2.33,206.0,378.0,9.0,11.0,9.0,1.0,2.0,8.0,50.0,100.0,131.0,225.0,75.0,26.0,1.0,0.0,0.0,0.0
730547,279323,Meiy,6672,DFM,DetonatioN FocusMe,1.03,1.91,236.0,358.0,10.0,12.0,10.0,4.0,1.0,1.0,75.0,88.0,155.0,196.0,53.0,29.0,2.0,3.0,3.0,1.0
730547,279323,yatsuka,29843,DFM,DetonatioN FocusMe,0.8,1.51,168.0,269.0,7.0,8.0,10.0,3.0,3.0,1.0,75.0,88.0,103.0,186.0,45.0,56.0,0.0,2.0,0.0,0.0
730547,279323,Akame,13002,DFM,DetonatioN FocusMe,0.81,1.33,173.0,229.0,6.0,6.0,9.0,2.0,1.0,3.0,58.0,100.0,114.0,150.0,13.0,16.0,0.0,2.0,4.0,0.0
730547,279323,SSeeS,21438,DFM,DetonatioN FocusMe,0.38,1.33,82.0,125.0,4.0,3.0,10.0,3.0,3.0,11.0,58.0,100.0,53.0,80.0,27.0,15.0,0.0,0.0,2.0,0.0
730547,279323,Pkm,28401,QTD,QT DIG∞,0.44,1.41,121.0,305.0,3.0,12.0,8.0,8.0,0.0,2.0,50.0,83.0,87.0,205.0,27.0,41.0,0.0,4.0,1.0,1.0
730547,279323,Kippei,48431,QTD,QT DIG∞,0.62,1.08,124.0,171.0,4.0,8.0,8.0,6.0,2.0,3.0,50.0,75.0,81.0,121.0,17.0,37.0,0.0,1.0,0.0,0.0
730547,279323,margaret,33576,QTD,QT DIG∞,0.59,0.89,185.0,210.0,4.0,9.0,8.0,9.0,1.0,3.0,75.0,92.0,122.0,143.0,20.0,30.0,1.0,1.0,0.0,0.0
730547,279323,Misaya,10628,QTD,QT DIG∞,0.2,1.1,77.0,208.0,2.0,9.0,8.0,6.0,0.0,2.0,25.0,83.0,54.0,134.0,11.0,39.0,0.0,2.0,1.0,0.0
730547,279323,yuran,29840,QTD,QT DIG∞,0.02,1.11,47.0,221.0,0.0,10.0,8.0,7.0,2.0,1.0,38.0,67.0,49.0,150.0,17.0,35.0,0.0,1.0,5.0,2.0
730547,280620,SSeeS,21438,DFM,DetonatioN FocusMe,1.04,1.84,204.0,305.0,7.0,13.0,9.0,5.0,5.0,7.0,70.0,100.0,120.0,233.0,44.0,22.0,1.0,0.0,0.0,0.0
730547,280620,Akame,13002,DFM,DetonatioN FocusMe,1.06,1.8,203.0,277.0,6.0,15.0,7.0,5.0,5.0,4.0,70.0,92.0,150.0,176.0,15.0,17.0,0.0,0.0,0.0,1.0
730547,280620,Meiy,6672,DFM,DetonatioN FocusMe,0.5,1.62,122.0,288.0,4.0,13.0,8.0,6.0,1.0,1.0,80.0,83.0,90.0,202.0,11.0,28.0,1.0,1.0,3.0,1.0
730547,280620,yatsuka,29843,DFM,DetonatioN FocusMe,1.15,0.76,179.0,211.0,7.0,9.0,6.0,10.0,2.0,3.0,80.0,67.0,114.0,126.0,46.0,11.0,2.0,3.0,2.0,3.0
730547,280620,Caedye,29841,DFM,DetonatioN FocusMe,1.3,0.27,285.0,72.0,10.0,2.0,7.0,8.0,1.0,2.0,80.0,67.0,181.0,50.0,46.0,0.0,1.0,1.0,0.0,2.0
730547,280620,Kippei,48431,QTD,QT DIG∞,1.61,0.97,344.0,139.0,14.0,5.0,10.0,6.0,3.0,2.0,83.0,80.0,218.0,114.0,30.0,43.0,3.0,2.0,0.0,1.0
730547,280620,margaret,33576,QTD,QT DIG∞,0.87,1.41,199.0,313.0,9.0,12.0,10.0,6.0,0.0,1.0,42.0,70.0,110.0,179.0,35.0,30.0,1.0,2.0,1.0,2.0
730547,280620,yuran,29840,QTD,QT DIG∞,0.25,1.4,84.0,249.0,3.0,9.0,11.0,6.0,2.0,5.0,33.0,80.0,72.0,181.0,23.0,39.0,1.0,0.0,2.0,0.0
730547,280620,Misaya,10628,QTD,QT DIG∞,0.87,0.63,170.0,154.0,6.0,5.0,10.0,9.0,2.0,5.0,67.0,80.0,137.0,95.0,32.0,0.0,0.0,1.0,0.0,1.0
730547,280620,Pkm,28401,QTD,QT DIG∞,0.07,0.59,63.0,133.0,2.0,6.0,11.0,7.0,1.0,0.0,50.0,50.0,52.0,114.0,18.0,25.0,2.0,0.0,2.0,1.0
730548,279324,Xdll,25221,ZETA,ZETA DIVISION,1.44,1.22,278.0,229.0,13.0,9.0,7.0,8.0,1.0,3.0,83.0,58.0,184.0,143.0,14.0,50.0,1.0,0.0,0.0,0.0
730548,279324,SyouTa,12990,ZETA,ZETA DIVISION,1.31,1.12,219.0,215.0,9.0,9.0,8.0,8.0,6.0,3.0,83.0,58.0,168.0,140.0,61.0,33.0,2.0,2.0,0.0,3.0
730548,279324,Absol,34776,ZETA,ZETA DIVISION,1.07,1.2,168.0,186.0,7.0,8.0,8.0,7.0,7.0,1.0,75.0,75.0,129.0,134.0,17.0,20.0,1.0,0.0,2.0,3.0
730548,279324,SugarZ3ro,6668,ZETA,ZETA DIVISION,1.17,0.83,240.0,170.0,10.0,5.0,9.0,10.0,6.0,7.0,92.0,67.0,164.0,123.0,32.0,22.0,0.0,0.0,1.0,0.0
730548,279324,eKo,1960,ZETA,ZETA DIVISION,1.03,0.56,229.0,107.0,9.0,4.0,9.0,9.0,4.0,0.0,75.0,58.0,146.0,71.0,12.0,17.0,1.0,2.0,4.0,2.0
730548,279324,aLerT,2366,XIP,Xipto Esports,1.33,1.17,216.0,250.0,8.0,11.0,6.0,10.0,7.0,4.0,83.0,83.0,137.0,180.0,27.0,29.0,2.0,1.0,0.0,0.0
730548,279324,canady,41702,XIP,Xipto Esports,1.14,1.05,239.0,194.0,10.0,9.0,7.0,8.0,4.0,1.0,83.0,58.0,156.0,142.0,25.0,37.0,1.0,2.0,0.0,1.0
730548,279324,endoist,41694,XIP,Xipto Esports,1.14,0.59,199.0,153.0,8.0,6.0,6.0,10.0,2.0,3.0,75.0,58.0,126.0,110.0,25.0,53.0,0.0,0.0,0.0,1.0
730548,279324,doffy,48516,XIP,Xipto Esports,0.96,0.48,263.0,100.0,12.0,4.0,9.0,10.0,0.0,3.0,58.0,50.0,172.0,64.0,55.0,29.0,5.0,1.0,4.0,2.0
730548,279324,Surf,23062,XIP,Xipto Esports,0.48,0.94,84.0,270.0,4.0,11.0,7.0,10.0,0.0,0.0,67.0,67.0,56.0,175.0,33.0,28.0,0.0,3.0,0.0,1.0
730548,279325,Xdll,25221,ZETA,ZETA DIVISION,1.48,0.57,223.0,147.0,10.0,5.0,7.0,10.0,3.0,5.0,60.0,75.0,141.0,93.0,29.0,31.0,0.0,1.0,0.0,1.0
730548,279325,SyouTa,12990,ZETA,ZETA DIVISION,0.81,1.01,228.0,195.0,7.0,9.0,9.0,9.0,3.0,2.0,80.0,83.0,155.0,143.0,47.0,32.0,0.0,1.0,1.0,1.0
730548,279325,SugarZ3ro,6668,ZETA,ZETA DIVISION,0.8,0.88,171.0,198.0,6.0,8.0,9.0,10.0,4.0,3.0,80.0,75.0,114.0,142.0,20.0,15.0,0.0,1.0,2.0,0.0
730548,279325,eKo,1960,ZETA,ZETA DIVISION,0.38,0.9,131.0,195.0,5.0,8.0,9.0,9.0,1.0,3.0,40.0,67.0,84.0,139.0,25.0,28.0,1.0,0.0,3.0,1.0
730548,279325,Absol,34776,ZETA,ZETA DIVISION,0.03,1.08,78.0,228.0,2.0,9.0,11.0,8.0,3.0,1.0,50.0,67.0,64.0,140.0,7.0,14.0,0.0,4.0,3.0,2.0
730548,279325,endoist,41694,XIP,Xipto Esports,1.62,1.83,342.0,370.0,14.0,13.0,8.0,7.0,1.0,1.0,100.0,90.0,218.0,255.0,29.0,31.0,2.0,2.0,2.0,0.0
730548,279325,doffy,48516,XIP,Xipto Esports,1.51,1.01,314.0,214.0,14.0,8.0,8.0,6.0,1.0,2.0,75.0,70.0,202.0,122.0,29.0,30.0,1.0,1.0,2.0,0.0
730548,279325,aLerT,2366,XIP,Xipto Esports,1.19,1.3,186.0,215.0,8.0,8.0,6.0,5.0,4.0,3.0,83.0,100.0,104.0,147.0,43.0,27.0,1.0,1.0,2.0,0.0
730548,279325,Surf,23062,XIP,Xipto Esports,0.62,1.54,166.0,302.0,7.0,11.0,10.0,6.0,5.0,1.0,75.0,80.0,105.0,185.0,29.0,37.0,1.0,3.0,1.0,0.0
730548,279325,canady,41702,XIP,Xipto Esports,0.63,0.7,82.0,126.0,3.0,5.0,7.0,6.0,4.0,1.0,83.0,70.0,59.0,78.0,23.0,5.0,0.0,2.0,0.0,1.0
730548,279326,eKo,1960,ZETA,ZETA DIVISION,1.51,1.54,225.0,246.0,8.0,11.0,4.0,8.0,9.0,2.0,100.0,67.0,154.0,150.0,25.0,32.0,0.0,1.0,0.0,1.0
730548,279326,SyouTa,12990,ZETA,ZETA DIVISION,1.77,0.69,326.0,109.0,12.0,6.0,5.0,9.0,2.0,1.0,70.0,75.0,220.0,70.0,32.0,21.0,3.0,0.0,1.0,0.0
730548,279326,Xdll,25221,ZETA,ZETA DIVISION,1.59,0.58,229.0,105.0,9.0,5.0,3.0,8.0,4.0,2.0,90.0,50.0,141.0,61.0,37.0,36.0,0.0,1.0,1.0,2.0
730548,279326,Absol,34776,ZETA,ZETA DIVISION,1.0,1.03,189.0,248.0,7.0,8.0,6.0,12.0,3.0,7.0,100.0,58.0,111.0,180.0,3.0,25.0,1.0,1.0,1.0,1.0
730548,279326,SugarZ3ro,6668,ZETA,ZETA DIVISION,1.14,0.35,204.0,76.0,8.0,3.0,7.0,10.0,2.0,2.0,90.0,33.0,130.0,57.0,25.0,56.0,1.0,0.0,2.0,5.0
730548,279326,aLerT,2366,XIP,Xipto Esports,1.3,0.78,185.0,244.0,7.0,9.0,6.0,9.0,13.0,0.0,92.0,70.0,125.0,137.0,18.0,50.0,1.0,0.0,0.0,1.0
730548,279326,doffy,48516,XIP,Xipto Esports,1.21,0.7,253.0,146.0,9.0,5.0,7.0,8.0,5.0,0.0,75.0,80.0,168.0,97.0,33.0,50.0,2.0,1.0,1.0,0.0
730548,279326,endoist,41694,XIP,Xipto Esports,1.31,0.42,303.0,141.0,14.0,4.0,7.0,9.0,0.0,3.0,83.0,40.0,186.0,92.0,35.0,17.0,4.0,1.0,1.0,1.0
730548,279326,canady,41702,XIP,Xipto Esports,1.11,0.6,187.0,153.0,8.0,5.0,6.0,10.0,3.0,1.0,83.0,50.0,125.0,101.0,53.0,42.0,2.0,2.0,0.0,0.0
730548,279326,Surf,23062,XIP,Xipto Esports,0.96,0.23,184.0,72.0,9.0,2.0,7.0,8.0,2.0,1.0,83.0,50.0,115.0,47.0,60.0,11.0,0.0,1.0,1.0,3.0
730549,279327,Xiesta,62291,ONG,ONSIDE GAMING,2.05,0.96,331.0,229.0,9.0,10.0,2.0,10.0,2.0,1.0,100.0,50.0,179.0,166.0,45.0,15.0,2.0,2.0,0.0,1.0
730549,279327,Wolverine,25053,ONG,ONSIDE GAMING,1.91,0.88,269.0,179.0,7.0,6.0,1.0,9.0,1.0,6.0,100.0,75.0,147.0,119.0,31.0,23.0,1.0,2.0,0.0,1.0
730549,279327,Hermes,17049,ONG,ONSIDE GAMING,1.06,1.29,182.0,208.0,4.0,10.0,3.0,7.0,5.0,3.0,86.0,67.0,100.0,138.0,6.0,33.0,1.0,0.0,2.0,3.0
730549,279327,Cloudy,9192,ONG,ONSIDE GAMING,1.37,1.02,124.0,188.0,4.0,8.0,1.0,8.0,2.0,3.0,86.0,58.0,109.0,121.0,50.0,21.0,0.0,1.0,0.0,1.0
730549,279327,Ray,60576,ONG,ONSIDE GAMING,1.12,0.88,157.0,141.0,4.0,6.0,2.0,8.0,3.0,3.0,100.0,75.0,103.0,91.0,63.0,22.0,1.0,1.0,0.0,0.0
730549,279327,JitBoyS,13788,FS,FULL SENSE,1.37,0.66,346.0,193.0,15.0,4.0,9.0,5.0,0.0,0.0,83.0,71.0,212.0,122.0,25.0,31.0,3.0,2.0,2.0,0.0
730549,279327,Killua,13784,FS,FULL SENSE,1.14,0.24,204.0,73.0,9.0,1.0,8.0,5.0,4.0,3.0,83.0,71.0,142.0,50.0,41.0,11.0,0.0,0.0,0.0,1.0
730549,279327,primmie,25255,FS,FULL SENSE,1.01,0.26,176.0,101.0,8.0,3.0,7.0,7.0,3.0,0.0,75.0,43.0,125.0,47.0,32.0,40.0,1.0,0.0,3.0,2.0
730549,279327,Crws,3977,FS,FULL SENSE,0.64,0.19,79.0,20.0,3.0,0.0,7.0,5.0,3.0,0.0,75.0,57.0,53.0,20.0,33.0,33.0,1.0,0.0,0.0,0.0
730549,279327,seph1roth,27244,FS,FULL SENSE,0.7,0.07,160.0,72.0,7.0,1.0,9.0,6.0,1.0,1.0,67.0,29.0,113.0,54.0,50.0,20.0,1.0,0.0,1.0,2.0
730549,279328,Ray,60576,ONG,ONSIDE GAMING,1.11,2.01,220.0,497.0,9.0,20.0,7.0,8.0,3.0,1.0,67.0,73.0,153.0,300.0,19.0,29.0,2.0,0.0,3.0,1.0
730549,279328,Xiesta,62291,ONG,ONSIDE GAMING,1.2,1.64,225.0,303.0,9.0,11.0,8.0,6.0,7.0,6.0,92.0,91.0,151.0,201.0,44.0,22.0,0.0,1.0,0.0,2.0
730549,279328,Wolverine,25053,ONG,ONSIDE GAMING,1.46,0.6,295.0,140.0,14.0,6.0,5.0,8.0,1.0,0.0,83.0,73.0,172.0,93.0,12.0,20.0,4.0,1.0,0.0,3.0
730549,279328,Hermes,17049,ONG,ONSIDE GAMING,0.99,0.84,152.0,124.0,8.0,4.0,8.0,7.0,8.0,9.0,83.0,82.0,86.0,76.0,27.0,25.0,0.0,0.0,2.0,1.0
730549,279328,Cloudy,9192,ONG,ONSIDE GAMING,0.57,0.48,108.0,77.0,5.0,3.0,8.0,7.0,2.0,1.0,75.0,55.0,83.0,52.0,25.0,40.0,0.0,0.0,1.0,2.0
730549,279328,primmie,25255,FS,FULL SENSE,1.38,1.19,308.0,288.0,13.0,12.0,9.0,10.0,2.0,0.0,82.0,75.0,197.0,172.0,27.0,24.0,3.0,4.0,1.0,2.0
730549,279328,Crws,3977,FS,FULL SENSE,0.84,1.39,108.0,201.0,4.0,8.0,8.0,6.0,6.0,3.0,73.0,75.0,70.0,128.0,15.0,21.0,0.0,0.0,0.0,1.0
730549,279328,Killua,13784,FS,FULL SENSE,1.08,0.9,238.0,189.0,8.0,7.0,8.0,10.0,4.0,4.0,82.0,83.0,160.0,129.0,38.0,64.0,1.0,1.0,0.0,2.0
730549,279328,seph1roth,27244,FS,FULL SENSE,1.02,0.37,212.0,66.0,9.0,2.0,9.0,10.0,0.0,1.0,64.0,50.0,135.0,49.0,40.0,43.0,3.0,1.0,0.0,0.0
730549,279328,JitBoyS,13788,FS,FULL SENSE,0.14,0.89,73.0,189.0,2.0,7.0,10.0,9.0,1.0,3.0,36.0,42.0,55.0,167.0,50.0,32.0,2.0,0.0,1.0,1.0
730550,279330,Meiy,6672,DFM,DetonatioN FocusMe,1.81,3.46,305.0,714.0,15.0,13.0,6.0,2.0,1.0,2.0,75.0,100.0,211.0,372.0,31.0,13.0,3.0,2.0,1.0,0.0
730550,279330,Akame,13002,DFM,DetonatioN FocusMe,1.65,2.12,331.0,256.0,15.0,6.0,7.0,0.0,3.0,2.0,83.0,100.0,207.0,149.0,46.0,36.0,2.0,0.0,0.0,0.0
730550,279330,SSeeS,21438,DFM,DetonatioN FocusMe,0.91,1.11,162.0,106.0,7.0,2.0,8.0,1.0,2.0,5.0,67.0,100.0,105.0,71.0,25.0,29.0,0.0,0.0,0.0,0.0
730550,279330,Caedye,29841,DFM,DetonatioN FocusMe,0.68,1.07,126.0,90.0,4.0,2.0,8.0,1.0,2.0,1.0,75.0,100.0,93.0,74.0,20.0,60.0,1.0,0.0,3.0,0.0
730550,279330,yatsuka,29843,DFM,DetonatioN FocusMe,0.77,0.4,121.0,146.0,4.0,2.0,7.0,4.0,5.0,1.0,67.0,60.0,95.0,91.0,20.0,6.0,0.0,1.0,2.0,2.0
730550,279330,eKo,1960,ZETA,ZETA DIVISION,0.31,1.16,121.0,278.0,2.0,12.0,5.0,9.0,0.0,3.0,40.0,83.0,68.0,168.0,14.0,32.0,2.0,2.0,2.0,1.0
730550,279330,Absol,34776,ZETA,ZETA DIVISION,0.02,1.11,43.0,202.0,0.0,8.0,5.0,8.0,1.0,2.0,20.0,75.0,43.0,121.0,14.0,11.0,0.0,2.0,0.0,1.0
730550,279330,SugarZ3ro,6668,ZETA,ZETA DIVISION,0.89,0.62,208.0,144.0,3.0,6.0,5.0,10.0,3.0,4.0,100.0,58.0,138.0,82.0,17.0,13.0,0.0,2.0,0.0,1.0
730550,279330,Xdll,25221,ZETA,ZETA DIVISION,0.45,0.6,110.0,134.0,2.0,5.0,5.0,9.0,1.0,3.0,60.0,75.0,74.0,101.0,20.0,19.0,0.0,0.0,0.0,1.0
730550,279330,SyouTa,12990,ZETA,ZETA DIVISION,0.26,0.49,50.0,115.0,1.0,5.0,5.0,9.0,1.0,3.0,40.0,67.0,51.0,89.0,33.0,26.0,0.0,0.0,1.0,2.0
730550,279331,Meiy,6672,DFM,DetonatioN FocusMe,2.07,2.07,445.0,396.0,20.0,6.0,6.0,2.0,0.0,0.0,92.0,100.0,286.0,283.0,38.0,50.0,6.0,2.0,1.0,0.0
730550,279331,Akame,13002,DFM,DetonatioN FocusMe,1.7,1.38,241.0,253.0,11.0,3.0,4.0,2.0,3.0,2.0,92.0,75.0,172.0,188.0,48.0,50.0,1.0,0.0,0.0,0.0
730550,279331,yatsuka,29843,DFM,DetonatioN FocusMe,1.61,1.44,258.0,301.0,12.0,4.0,3.0,2.0,3.0,0.0,92.0,50.0,177.0,188.0,46.0,33.0,0.0,2.0,1.0,0.0
730550,279331,Caedye,29841,DFM,DetonatioN FocusMe,1.18,0.42,159.0,9.0,6.0,0.0,5.0,2.0,6.0,1.0,92.0,75.0,121.0,3.0,42.0,0.0,0.0,0.0,1.0,0.0
730550,279331,SSeeS,21438,DFM,DetonatioN FocusMe,0.93,0.55,130.0,64.0,5.0,1.0,5.0,2.0,5.0,1.0,83.0,75.0,77.0,26.0,20.0,0.0,1.0,0.0,1.0,0.0
730550,279331,eKo,1960,ZETA,ZETA DIVISION,1.58,0.67,247.0,148.0,4.0,7.0,2.0,11.0,1.0,2.0,50.0,67.0,177.0,92.0,44.0,31.0,0.0,0.0,1.0,2.0
730550,279331,SyouTa,12990,ZETA,ZETA DIVISION,0.79,0.51,150.0,135.0,2.0,5.0,3.0,10.0,0.0,2.0,25.0,75.0,70.0,88.0,50.0,29.0,0.0,1.0,1.0,1.0
730550,279331,SugarZ3ro,6668,ZETA,ZETA DIVISION,0.87,0.47,82.0,130.0,1.0,4.0,2.0,12.0,1.0,3.0,50.0,67.0,84.0,93.0,50.0,26.0,0.0,0.0,0.0,2.0
730550,279331,Absol,34776,ZETA,ZETA DIVISION,0.02,0.59,49.0,146.0,1.0,5.0,4.0,11.0,0.0,2.0,25.0,50.0,35.0,86.0,100.0,13.0,0.0,3.0,2.0,0.0
730550,279331,Xdll,25221,ZETA,ZETA DIVISION,0.67,0.28,103.0,80.0,2.0,2.0,3.0,10.0,0.0,3.0,50.0,58.0,69.0,57.0,14.0,20.0,0.0,0.0,0.0,3.0
730551,279333,NIZ,40511,SP,Sharper Esports,1.71,1.27,267.0,285.0,11.0,3.0,5.0,2.0,8.0,2.0,100.0,100.0,174.0,167.0,29.0,38.0,0.0,1.0,0.0,0.0
730551,279333,Apinya,15897,SP,Sharper Esports,1.72,1.01,319.0,268.0,14.0,3.0,6.0,2.0,4.0,0.0,92.0,100.0,202.0,183.0,46.0,57.0,2.0,1.0,2.0,1.0
730551,279333,Laz,8582,SP,Sharper Esports,0.81,3.91,174.0,538.0,7.0,7.0,7.0,0.0,3.0,2.0,75.0,100.0,120.0,300.0,21.0,20.0,1.0,0.0,2.0,0.0
730551,279333,PTC,3401,SP,Sharper Esports,1.48,0.72,208.0,90.0,10.0,1.0,5.0,2.0,9.0,1.0,83.0,100.0,133.0,65.0,22.0,0.0,0.0,0.0,0.0,0.0
730551,279333,Kadoom,12098,SP,Sharper Esports,1.03,0.62,275.0,127.0,12.0,1.0,10.0,2.0,4.0,2.0,83.0,100.0,174.0,78.0,38.0,33.0,3.0,0.0,2.0,0.0
730551,279333,Xiesta,62291,ONG,ONSIDE GAMING,0.11,1.05,77.0,228.0,1.0,9.0,3.0,10.0,0.0,2.0,33.0,67.0,35.0,134.0,0.0,13.0,0.0,1.0,1.0,3.0
730551,279333,Cloudy,9192,ONG,ONSIDE GAMING,0.47,0.88,124.0,224.0,1.0,9.0,3.0,12.0,1.0,2.0,33.0,58.0,86.0,162.0,33.0,35.0,0.0,2.0,0.0,0.0
730551,279333,Wolverine,25053,ONG,ONSIDE GAMING,1.0,0.64,300.0,167.0,3.0,6.0,3.0,11.0,0.0,1.0,33.0,67.0,168.0,106.0,25.0,16.0,0.0,1.0,0.0,1.0
730551,279333,Hermes,17049,ONG,ONSIDE GAMING,0.03,0.58,83.0,143.0,1.0,6.0,3.0,11.0,0.0,2.0,67.0,75.0,35.0,105.0,100.0,39.0,1.0,0.0,1.0,1.0
730551,279333,Ray,60576,ONG,ONSIDE GAMING,0.7,0.33,211.0,105.0,2.0,3.0,3.0,10.0,1.0,3.0,67.0,50.0,125.0,70.0,29.0,25.0,0.0,2.0,0.0,1.0
730551,279334,PTC,3401,SP,Sharper Esports,1.33,0.53,240.0,91.0,9.0,2.0,8.0,5.0,4.0,2.0,75.0,67.0,151.0,62.0,45.0,50.0,2.0,0.0,2.0,1.0
730551,279334,Laz,8582,SP,Sharper Esports,0.69,0.85,141.0,193.0,4.0,3.0,10.0,5.0,0.0,1.0,42.0,67.0,120.0,127.0,31.0,30.0,0.0,0.0,1.0,0.0
730551,279334,Apinya,15897,SP,Sharper Esports,0.33,1.39,78.0,292.0,3.0,5.0,10.0,5.0,0.0,4.0,25.0,50.0,57.0,191.0,15.0,19.0,0.0,2.0,2.0,1.0
730551,279334,NIZ,40511,SP,Sharper Esports,0.59,0.06,162.0,6.0,6.0,0.0,11.0,5.0,2.0,1.0,67.0,33.0,103.0,2.0,10.0,0.0,0.0,0.0,0.0,0.0
730551,279334,Kadoom,12098,SP,Sharper Esports,0.05,0.98,53.0,224.0,2.0,6.0,11.0,5.0,0.0,0.0,33.0,50.0,35.0,149.0,40.0,38.0,0.0,0.0,5.0,2.0
730551,279334,Hermes,17049,ONG,ONSIDE GAMING,1.25,1.88,229.0,276.0,5.0,13.0,3.0,3.0,1.0,7.0,67.0,92.0,151.0,195.0,31.0,34.0,0.0,1.0,1.0,0.0
730551,279334,Ray,60576,ONG,ONSIDE GAMING,2.49,1.25,476.0,228.0,11.0,11.0,2.0,5.0,1.0,3.0,100.0,92.0,307.0,139.0,28.0,18.0,1.0,2.0,0.0,0.0
730551,279334,Xiesta,62291,ONG,ONSIDE GAMING,0.95,1.57,106.0,257.0,3.0,9.0,2.0,5.0,3.0,7.0,100.0,100.0,61.0,188.0,40.0,26.0,0.0,2.0,0.0,0.0
730551,279334,Wolverine,25053,ONG,ONSIDE GAMING,0.62,1.19,139.0,227.0,3.0,10.0,5.0,6.0,0.0,2.0,83.0,67.0,93.0,143.0,33.0,27.0,2.0,4.0,0.0,2.0
730551,279334,Cloudy,9192,ONG,ONSIDE GAMING,0.73,1.11,149.0,153.0,3.0,7.0,4.0,5.0,1.0,2.0,67.0,75.0,106.0,99.0,17.0,50.0,1.0,1.0,1.0,0.0
730551,279335,Laz,8582,SP,Sharper Esports,1.41,1.08,269.0,184.0,13.0,9.0,7.0,8.0,2.0,2.0,77.0,69.0,159.0,139.0,38.0,50.0,0.0,2.0,1.0,1.0
730551,279335,PTC,3401,SP,Sharper Esports,0.89,1.07,152.0,214.0,7.0,10.0,8.0,10.0,5.0,4.0,69.0,69.0,99.0,134.0,26.0,33.0,2.0,0.0,1.0,1.0
730551,279335,NIZ,40511,SP,Sharper Esports,0.72,1.16,158.0,254.0,8.0,11.0,9.0,11.0,2.0,5.0,77.0,62.0,109.0,153.0,24.0,50.0,1.0,1.0,2.0,0.0
730551,279335,Kadoom,12098,SP,Sharper Esports,1.04,0.74,240.0,154.0,11.0,7.0,11.0,11.0,2.0,4.0,77.0,69.0,168.0,107.0,32.0,26.0,2.0,2.0,3.0,2.0
730551,279335,Apinya,15897,SP,Sharper Esports,1.16,0.59,203.0,135.0,9.0,4.0,8.0,10.0,5.0,7.0,77.0,69.0,148.0,116.0,14.0,14.0,0.0,1.0,1.0,3.0
730551,279335,Ray,60576,ONG,ONSIDE GAMING,1.58,1.2,265.0,245.0,14.0,12.0,8.0,10.0,5.0,1.0,85.0,85.0,161.0,162.0,41.0,30.0,2.0,2.0,0.0,1.0
730551,279335,Wolverine,25053,ONG,ONSIDE GAMING,1.2,1.06,168.0,183.0,8.0,9.0,6.0,8.0,8.0,3.0,77.0,85.0,129.0,133.0,29.0,33.0,0.0,0.0,1.0,0.0
730551,279335,Hermes,17049,ONG,ONSIDE GAMING,1.08,0.89,227.0,223.0,11.0,9.0,10.0,12.0,4.0,5.0,77.0,54.0,166.0,143.0,31.0,31.0,1.0,3.0,0.0,1.0
730551,279335,Xiesta,62291,ONG,ONSIDE GAMING,0.97,0.95,241.0,166.0,11.0,7.0,10.0,8.0,2.0,2.0,69.0,62.0,166.0,113.0,18.0,35.0,4.0,3.0,5.0,2.0
730551,279335,Cloudy,9192,ONG,ONSIDE GAMING,0.98,0.63,160.0,132.0,6.0,6.0,7.0,10.0,7.0,4.0,85.0,69.0,121.0,83.0,24.0,14.0,0.0,0.0,0.0,1.0
730552,279336,BuZz,804,T1,T1,1.85,0.96,314.0,180.0,10.0,8.0,4.0,8.0,2.0,2.0,75.0,75.0,222.0,130.0,26.0,41.0,1.0,2.0,2.0,2.0
730552,279336,stax,485,T1,T1,1.07,1.35,185.0,230.0,6.0,11.0,4.0,7.0,1.0,4.0,75.0,75.0,132.0,139.0,36.0,23.0,0.0,1.0,2.0,0.0
730552,279336,iZu,29833,T1,T1,1.23,1.0,206.0,204.0,7.0,7.0,4.0,9.0,0.0,6.0,75.0,67.0,114.0,142.0,9.0,13.0,0.0,1.0,0.0,2.0
730552,279336,Munchkin,2489,T1,T1,0.99,0.83,136.0,156.0,4.0,7.0,4.0,7.0,3.0,1.0,75.0,83.0,114.0,96.0,20.0,15.0,0.0,0.0,0.0,1.0
730552,279336,Meteor,13039,T1,T1,1.08,0.72,280.0,208.0,8.0,9.0,7.0,11.0,1.0,1.0,88.0,58.0,165.0,140.0,26.0,26.0,2.0,1.0,1.0,2.0
730552,279336,Meiy,6672,DFM,DetonatioN FocusMe,2.0,1.14,404.0,234.0,18.0,6.0,8.0,6.0,2.0,2.0,83.0,63.0,231.0,163.0,24.0,29.0,4.0,1.0,2.0,0.0
730552,279336,Akame,13002,DFM,DetonatioN FocusMe,0.84,1.25,219.0,247.0,8.0,7.0,10.0,6.0,5.0,1.0,83.0,63.0,152.0,173.0,32.0,21.0,0.0,1.0,0.0,1.0
730552,279336,Caedye,29841,DFM,DetonatioN FocusMe,0.88,0.79,134.0,207.0,6.0,6.0,6.0,8.0,1.0,3.0,67.0,63.0,81.0,136.0,19.0,40.0,1.0,2.0,0.0,0.0
730552,279336,yatsuka,29843,DFM,DetonatioN FocusMe,0.6,0.35,154.0,85.0,6.0,2.0,10.0,7.0,1.0,4.0,75.0,50.0,110.0,60.0,21.0,12.0,2.0,1.0,2.0,2.0
730552,279336,SSeeS,21438,DFM,DetonatioN FocusMe,0.65,0.25,112.0,121.0,4.0,2.0,8.0,8.0,5.0,3.0,75.0,38.0,83.0,85.0,55.0,13.0,0.0,0.0,1.0,0.0
730552,279337,BuZz,804,T1,T1,1.17,1.92,309.0,373.0,9.0,16.0,7.0,7.0,2.0,9.0,78.0,83.0,231.0,219.0,22.0,33.0,1.0,5.0,3.0,1.0
730552,279337,iZu,29833,T1,T1,0.89,1.48,162.0,287.0,5.0,14.0,6.0,7.0,4.0,2.0,89.0,92.0,104.0,198.0,9.0,27.0,0.0,0.0,0.0,0.0
730552,279337,Meteor,13039,T1,T1,1.09,1.27,263.0,215.0,9.0,9.0,7.0,6.0,2.0,1.0,89.0,83.0,154.0,136.0,33.0,23.0,2.0,3.0,0.0,1.0
730552,279337,stax,485,T1,T1,0.86,1.35,122.0,262.0,4.0,11.0,6.0,7.0,5.0,9.0,78.0,83.0,69.0,171.0,18.0,35.0,0.0,0.0,1.0,0.0
730552,279337,Munchkin,2489,T1,T1,0.92,0.7,189.0,92.0,6.0,5.0,6.0,6.0,1.0,2.0,67.0,58.0,125.0,60.0,38.0,11.0,1.0,1.0,1.0,1.0
730552,279337,Caedye,29841,DFM,DetonatioN FocusMe,0.72,1.5,161.0,294.0,8.0,9.0,11.0,6.0,1.0,2.0,42.0,78.0,104.0,203.0,45.0,27.0,0.0,2.0,2.0,0.0
730552,279337,yatsuka,29843,DFM,DetonatioN FocusMe,0.73,1.16,184.0,201.0,7.0,7.0,11.0,6.0,4.0,3.0,50.0,67.0,125.0,119.0,22.0,16.0,1.0,1.0,3.0,1.0
730552,279337,Akame,13002,DFM,DetonatioN FocusMe,1.27,0.31,232.0,67.0,10.0,2.0,9.0,7.0,1.0,3.0,58.0,56.0,145.0,47.0,29.0,14.0,0.0,1.0,0.0,2.0
730552,279337,Meiy,6672,DFM,DetonatioN FocusMe,0.16,1.26,88.0,244.0,3.0,8.0,12.0,7.0,1.0,2.0,33.0,67.0,61.0,141.0,23.0,21.0,1.0,1.0,3.0,0.0
730552,279337,SSeeS,21438,DFM,DetonatioN FocusMe,0.43,0.87,152.0,166.0,5.0,6.0,12.0,7.0,7.0,3.0,75.0,67.0,95.0,105.0,32.0,29.0,1.0,0.0,1.0,1.0
742476,281138,Jinggg,7378,PRX,Paper Rex,1.19,1.0,278.0,188.0,8.0,8.0,7.0,9.0,1.0,0.0,50.0,50.0,184.0,118.0,22.0,33.0,1.0,0.0,1.0,3.0
742476,281138,something,17086,PRX,Paper Rex,0.26,1.26,105.0,256.0,3.0,11.0,8.0,8.0,1.0,1.0,63.0,58.0,60.0,152.0,9.0,21.0,0.0,3.0,1.0,1.0
742476,281138,f0rsakeN,9801,PRX,Paper Rex,0.71,0.58,125.0,182.0,3.0,7.0,6.0,10.0,4.0,1.0,63.0,33.0,87.0,109.0,40.0,21.0,1.0,1.0,1.0,3.0
742476,281138,invy,8504,PRX,Paper Rex,0.75,0.52,141.0,90.0,4.0,3.0,6.0,9.0,2.0,2.0,50.0,50.0,111.0,65.0,14.0,18.0,0.0,1.0,2.0,0.0
742476,281138,d4v41,9803,PRX,Paper Rex,0.78,0.24,125.0,69.0,4.0,2.0,6.0,11.0,1.0,2.0,38.0,42.0,84.0,52.0,38.0,43.0,0.0,0.0,1.0,0.0
742476,281138,Dambi,31827,NS,Nongshim RedForce,2.03,1.34,363.0,194.0,17.0,6.0,5.0,4.0,3.0,3.0,75.0,88.0,230.0,99.0,33.0,15.0,0.0,1.0,0.0,0.0
742476,281138,Francis,31828,NS,Nongshim RedForce,1.56,1.47,293.0,297.0,12.0,8.0,6.0,4.0,2.0,0.0,67.0,75.0,180.0,182.0,42.0,41.0,6.0,3.0,3.0,2.0
742476,281138,Rb,488,NS,Nongshim RedForce,1.01,1.37,123.0,232.0,5.0,7.0,5.0,4.0,6.0,3.0,83.0,100.0,67.0,161.0,12.0,38.0,0.0,0.0,1.0,0.0
742476,281138,Xross,42772,NS,Nongshim RedForce,1.1,0.85,203.0,201.0,8.0,6.0,6.0,6.0,3.0,1.0,92.0,75.0,132.0,139.0,30.0,25.0,1.0,1.0,0.0,0.0
742476,281138,Ivy,31829,NS,Nongshim RedForce,0.32,1.1,92.0,200.0,5.0,6.0,9.0,4.0,1.0,2.0,50.0,75.0,55.0,140.0,17.0,33.0,0.0,1.0,1.0,0.0
742476,281139,f0rsakeN,9801,PRX,Paper Rex,1.96,0.9,379.0,179.0,16.0,7.0,8.0,8.0,2.0,2.0,91.0,67.0,246.0,126.0,41.0,17.0,0.0,2.0,1.0,1.0
742476,281139,d4v41,9803,PRX,Paper Rex,1.12,1.55,230.0,268.0,8.0,12.0,9.0,6.0,5.0,2.0,73.0,83.0,147.0,185.0,20.0,46.0,2.0,3.0,1.0,0.0
742476,281139,something,17086,PRX,Paper Rex,0.55,1.24,155.0,243.0,6.0,10.0,9.0,7.0,2.0,1.0,64.0,50.0,100.0,137.0,20.0,3.0,1.0,1.0,5.0,2.0
742476,281139,invy,8504,PRX,Paper Rex,0.87,0.83,172.0,166.0,8.0,7.0,8.0,8.0,2.0,2.0,82.0,67.0,128.0,102.0,53.0,33.0,0.0,1.0,0.0,1.0
742476,281139,Jinggg,7378,PRX,Paper Rex,0.13,0.63,61.0,160.0,1.0,6.0,10.0,10.0,4.0,4.0,73.0,58.0,56.0,113.0,11.0,15.0,0.0,0.0,1.0,1.0
742476,281139,Rb,488,NS,Nongshim RedForce,1.39,1.0,244.0,165.0,9.0,6.0,7.0,7.0,8.0,6.0,83.0,55.0,153.0,105.0,23.0,55.0,1.0,2.0,0.0,0.0
742476,281139,Ivy,31829,NS,Nongshim RedForce,1.01,1.24,200.0,270.0,8.0,11.0,9.0,8.0,4.0,2.0,75.0,91.0,139.0,175.0,42.0,21.0,2.0,1.0,0.0,1.0
742476,281139,Francis,31828,NS,Nongshim RedForce,0.79,1.15,161.0,242.0,7.0,10.0,9.0,8.0,3.0,4.0,58.0,73.0,120.0,136.0,17.0,9.0,1.0,3.0,1.0,1.0
742476,281139,Xross,42772,NS,Nongshim RedForce,0.95,0.92,195.0,159.0,8.0,6.0,8.0,8.0,3.0,4.0,67.0,91.0,115.0,112.0,14.0,32.0,1.0,0.0,1.0,0.0
742476,281139,Dambi,31827,NS,Nongshim RedForce,0.62,1.19,144.0,288.0,7.0,11.0,9.0,8.0,2.0,2.0,58.0,64.0,88.0,196.0,18.0,26.0,0.0,2.0,5.0,1.0
742477,281141,UdoTan,4428,GE,Global Esports,1.76,0.82,336.0,145.0,13.0,7.0,8.0,6.0,1.0,1.0,67.0,67.0,229.0,106.0,47.0,57.0,3.0,0.0,2.0,3.0
742477,281141,PatMen,13744,GE,Global Esports,0.77,1.5,167.0,294.0,7.0,13.0,10.0,8.0,3.0,3.0,67.0,100.0,101.0,212.0,30.0,41.0,0.0,1.0,1.0,0.0
742477,281141,xavi8k,7754,GE,Global Esports,0.95,1.21,186.0,185.0,8.0,7.0,8.0,6.0,4.0,7.0,83.0,75.0,122.0,125.0,30.0,42.0,0.0,2.0,0.0,1.0
742477,281141,Kr1stal,5796,GE,Global Esports,0.63,1.53,111.0,252.0,4.0,10.0,8.0,7.0,5.0,6.0,67.0,92.0,84.0,193.0,16.0,19.0,0.0,2.0,2.0,2.0
742477,281141,Autumn,872,GE,Global Esports,0.72,0.97,142.0,181.0,6.0,7.0,9.0,9.0,0.0,3.0,42.0,83.0,106.0,111.0,26.0,50.0,0.0,0.0,4.0,1.0
742477,281141,BeYN,4678,KRX,KIWOOM DRX,0.74,1.32,84.0,259.0,4.0,12.0,7.0,8.0,3.0,3.0,50.0,92.0,63.0,169.0,29.0,32.0,0.0,1.0,0.0,0.0
742477,281141,MaKo,4462,KRX,KIWOOM DRX,0.95,1.04,226.0,192.0,10.0,7.0,9.0,8.0,2.0,8.0,75.0,67.0,151.0,123.0,30.0,26.0,2.0,1.0,0.0,1.0
742477,281141,yong,51238,KRX,KIWOOM DRX,0.84,1.1,176.0,237.0,7.0,9.0,9.0,8.0,3.0,6.0,67.0,67.0,118.0,152.0,16.0,30.0,0.0,2.0,2.0,0.0
742477,281141,free1ng,1916,KRX,KIWOOM DRX,0.89,0.8,154.0,124.0,8.0,6.0,8.0,7.0,0.0,0.0,75.0,67.0,102.0,72.0,63.0,29.0,2.0,3.0,1.0,2.0
742477,281141,HYUNMIN,28400,KRX,KIWOOM DRX,0.5,0.91,173.0,189.0,7.0,9.0,11.0,7.0,1.0,0.0,58.0,83.0,109.0,129.0,32.0,27.0,3.0,2.0,2.0,0.0
742477,281142,xavi8k,7754,GE,Global Esports,2.22,1.43,445.0,263.0,13.0,10.0,6.0,8.0,4.0,5.0,89.0,75.0,293.0,186.0,32.0,14.0,1.0,1.0,0.0,0.0
742477,281142,UdoTan,4428,GE,Global Esports,0.71,1.4,173.0,236.0,5.0,11.0,8.0,8.0,2.0,1.0,33.0,67.0,106.0,150.0,20.0,30.0,1.0,0.0,1.0,1.0
742477,281142,Kr1stal,5796,GE,Global Esports,0.53,0.79,165.0,211.0,4.0,7.0,8.0,11.0,2.0,5.0,56.0,67.0,116.0,155.0,9.0,11.0,0.0,1.0,2.0,2.0
742477,281142,Autumn,872,GE,Global Esports,0.47,0.62,98.0,149.0,4.0,5.0,8.0,10.0,0.0,2.0,56.0,67.0,52.0,113.0,29.0,27.0,1.0,3.0,1.0,4.0
742477,281142,PatMen,13744,GE,Global Esports,0.11,0.82,74.0,159.0,2.0,7.0,9.0,10.0,3.0,3.0,33.0,67.0,43.0,97.0,11.0,14.0,1.0,0.0,1.0,0.0
742477,281142,HYUNMIN,28400,KRX,KIWOOM DRX,1.67,0.81,323.0,156.0,15.0,4.0,6.0,6.0,2.0,3.0,83.0,67.0,213.0,103.0,31.0,27.0,1.0,0.0,1.0,2.0
742477,281142,BeYN,4678,KRX,KIWOOM DRX,1.33,0.89,250.0,203.0,10.0,6.0,8.0,6.0,3.0,2.0,67.0,67.0,185.0,149.0,42.0,43.0,0.0,1.0,0.0,1.0
742477,281142,free1ng,1916,KRX,KIWOOM DRX,0.58,1.84,209.0,388.0,9.0,13.0,10.0,5.0,1.0,0.0,75.0,78.0,140.0,229.0,42.0,21.0,4.0,3.0,3.0,1.0
742477,281142,yong,51238,KRX,KIWOOM DRX,0.73,1.57,153.0,300.0,7.0,10.0,8.0,6.0,2.0,3.0,67.0,78.0,108.0,208.0,40.0,40.0,2.0,1.0,1.0,0.0
742477,281142,MaKo,4462,KRX,KIWOOM DRX,0.68,0.92,158.0,149.0,6.0,6.0,8.0,5.0,4.0,5.0,100.0,78.0,95.0,96.0,27.0,31.0,0.0,0.0,0.0,0.0
742477,281143,Kr1stal,5796,GE,Global Esports,1.71,0.94,231.0,189.0,9.0,7.0,3.0,9.0,3.0,5.0,90.0,67.0,143.0,129.0,47.0,15.0,0.0,0.0,0.0,1.0
742477,281143,PatMen,13744,GE,Global Esports,1.46,1.14,308.0,211.0,12.0,10.0,7.0,8.0,2.0,0.0,80.0,67.0,176.0,146.0,33.0,45.0,2.0,0.0,1.0,1.0
742477,281143,xavi8k,7754,GE,Global Esports,1.78,0.81,276.0,191.0,10.0,8.0,5.0,10.0,7.0,3.0,90.0,58.0,201.0,114.0,34.0,17.0,0.0,3.0,0.0,0.0
742477,281143,UdoTan,4428,GE,Global Esports,0.8,1.02,210.0,166.0,8.0,7.0,8.0,7.0,2.0,2.0,80.0,83.0,125.0,106.0,50.0,25.0,2.0,1.0,0.0,2.0
742477,281143,Autumn,872,GE,Global Esports,0.06,0.64,112.0,62.0,4.0,3.0,9.0,6.0,1.0,1.0,40.0,50.0,68.0,46.0,29.0,0.0,0.0,1.0,5.0,3.0
742477,281143,HYUNMIN,28400,KRX,KIWOOM DRX,1.33,0.95,263.0,223.0,12.0,7.0,7.0,9.0,0.0,2.0,92.0,50.0,165.0,150.0,41.0,30.0,3.0,2.0,0.0,1.0
742477,281143,BeYN,4678,KRX,KIWOOM DRX,0.98,1.3,106.0,267.0,4.0,9.0,6.0,8.0,3.0,3.0,75.0,90.0,89.0,186.0,40.0,35.0,0.0,2.0,0.0,1.0
742477,281143,yong,51238,KRX,KIWOOM DRX,1.12,1.09,248.0,238.0,10.0,8.0,7.0,8.0,1.0,2.0,58.0,70.0,160.0,177.0,69.0,52.0,3.0,1.0,2.0,1.0
742477,281143,free1ng,1916,KRX,KIWOOM DRX,0.71,0.74,151.0,179.0,6.0,6.0,8.0,9.0,2.0,4.0,75.0,70.0,99.0,103.0,23.0,8.0,1.0,1.0,3.0,1.0
742477,281143,MaKo,4462,KRX,KIWOOM DRX,1.01,0.23,181.0,65.0,8.0,2.0,7.0,9.0,3.0,6.0,75.0,60.0,130.0,38.0,26.0,13.0,0.0,0.0,0.0,0.0
742478,281144,t3xture,9196,GEN,Gen.G,1.04,1.43,250.0,288.0,9.0,12.0,6.0,8.0,1.0,3.0,78.0,75.0,142.0,183.0,10.0,19.0,3.0,4.0,1.0,2.0
742478,281144,Ash,25017,GEN,Gen.G,0.76,1.22,167.0,267.0,5.0,13.0,6.0,9.0,2.0,0.0,67.0,83.0,93.0,138.0,27.0,30.0,1.0,4.0,0.0,1.0
742478,281144,Karon,34974,GEN,Gen.G,0.79,1.02,128.0,182.0,4.0,7.0,6.0,8.0,3.0,3.0,89.0,83.0,74.0,118.0,56.0,50.0,1.0,1.0,0.0,0.0
742478,281144,Raxcal,48925,GEN,Gen.G,0.85,0.74,167.0,115.0,5.0,5.0,6.0,7.0,4.0,3.0,78.0,58.0,113.0,76.0,22.0,27.0,0.0,0.0,2.0,0.0
742478,281144,Efina,985,GEN,Gen.G,0.81,0.43,196.0,74.0,6.0,2.0,8.0,9.0,0.0,2.0,89.0,42.0,114.0,64.0,6.0,33.0,1.0,0.0,0.0,0.0
742478,281144,Xross,42772,NS,Nongshim RedForce,1.06,2.02,115.0,292.0,5.0,10.0,5.0,3.0,5.0,4.0,67.0,78.0,80.0,211.0,23.0,19.0,0.0,0.0,1.0,0.0
742478,281144,Dambi,31827,NS,Nongshim RedForce,1.2,1.33,242.0,289.0,11.0,10.0,8.0,7.0,3.0,1.0,92.0,67.0,162.0,147.0,32.0,29.0,0.0,3.0,3.0,2.0
742478,281144,Rb,488,NS,Nongshim RedForce,1.11,0.72,202.0,155.0,9.0,4.0,7.0,6.0,5.0,4.0,75.0,67.0,109.0,97.0,44.0,20.0,0.0,0.0,2.0,3.0
742478,281144,Francis,31828,NS,Nongshim RedForce,1.02,0.64,222.0,153.0,9.0,5.0,9.0,7.0,4.0,1.0,75.0,78.0,142.0,85.0,21.0,11.0,0.0,0.0,0.0,1.0
742478,281144,Ivy,31829,NS,Nongshim RedForce,0.65,0.51,187.0,90.0,7.0,3.0,10.0,6.0,2.0,0.0,58.0,56.0,136.0,72.0,23.0,15.0,3.0,0.0,3.0,0.0
742478,281145,Raxcal,48925,GEN,Gen.G,0.85,1.84,168.0,316.0,7.0,11.0,8.0,4.0,5.0,5.0,75.0,90.0,101.0,196.0,16.0,30.0,0.0,1.0,1.0,0.0
742478,281145,t3xture,9196,GEN,Gen.G,1.25,1.23,295.0,222.0,13.0,9.0,8.0,6.0,0.0,1.0,67.0,70.0,168.0,156.0,32.0,42.0,3.0,2.0,2.0,1.0
742478,281145,Karon,34974,GEN,Gen.G,1.0,1.39,176.0,267.0,8.0,11.0,8.0,6.0,5.0,4.0,67.0,90.0,109.0,153.0,39.0,36.0,1.0,1.0,0.0,1.0
742478,281145,Efina,985,GEN,Gen.G,0.72,0.71,118.0,238.0,4.0,9.0,9.0,9.0,5.0,4.0,58.0,90.0,84.0,150.0,35.0,27.0,0.0,2.0,0.0,0.0
742478,281145,Ash,25017,GEN,Gen.G,0.46,0.72,144.0,146.0,5.0,5.0,10.0,7.0,1.0,3.0,33.0,80.0,90.0,107.0,41.0,67.0,2.0,2.0,3.0,0.0
742478,281145,Ivy,31829,NS,Nongshim RedForce,1.07,1.7,254.0,276.0,8.0,12.0,9.0,6.0,4.0,8.0,80.0,92.0,154.0,173.0,32.0,38.0,2.0,3.0,0.0,0.0
742478,281145,Xross,42772,NS,Nongshim RedForce,1.08,1.42,219.0,277.0,7.0,12.0,9.0,7.0,5.0,3.0,80.0,92.0,131.0,156.0,40.0,35.0,0.0,2.0,0.0,0.0
742478,281145,Rb,488,NS,Nongshim RedForce,1.02,1.37,190.0,206.0,8.0,8.0,8.0,5.0,0.0,8.0,50.0,83.0,106.0,122.0,20.0,18.0,0.0,0.0,2.0,0.0
742478,281145,Dambi,31827,NS,Nongshim RedForce,0.5,1.09,133.0,221.0,4.0,8.0,9.0,9.0,4.0,3.0,70.0,58.0,85.0,151.0,11.0,39.0,0.0,0.0,3.0,2.0
742478,281145,Francis,31828,NS,Nongshim RedForce,0.5,0.21,152.0,98.0,5.0,3.0,10.0,10.0,3.0,1.0,60.0,33.0,111.0,62.0,33.0,0.0,0.0,1.0,3.0,4.0
742478,281146,t3xture,9196,GEN,Gen.G,1.03,1.63,276.0,384.0,11.0,16.0,10.0,8.0,3.0,2.0,83.0,75.0,170.0,225.0,33.0,19.0,3.0,4.0,2.0,1.0
742478,281146,Efina,985,GEN,Gen.G,0.92,1.16,165.0,200.0,7.0,9.0,9.0,6.0,3.0,2.0,58.0,67.0,125.0,136.0,59.0,19.0,0.0,1.0,1.0,1.0
742478,281146,Karon,34974,GEN,Gen.G,1.12,0.38,215.0,76.0,9.0,2.0,10.0,9.0,5.0,5.0,92.0,58.0,136.0,50.0,53.0,22.0,0.0,0.0,1.0,1.0
742478,281146,Ash,25017,GEN,Gen.G,0.37,1.02,126.0,245.0,5.0,11.0,12.0,10.0,1.0,2.0,50.0,75.0,88.0,173.0,24.0,30.0,0.0,1.0,2.0,1.0
742478,281146,Raxcal,48925,GEN,Gen.G,0.55,0.72,194.0,101.0,8.0,6.0,11.0,7.0,1.0,1.0,67.0,83.0,104.0,83.0,19.0,42.0,3.0,0.0,0.0,2.0
742478,281146,Rb,488,NS,Nongshim RedForce,1.14,2.03,210.0,399.0,9.0,17.0,9.0,7.0,5.0,5.0,75.0,92.0,140.0,243.0,29.0,27.0,0.0,0.0,0.0,1.0
742478,281146,Ivy,31829,NS,Nongshim RedForce,1.01,1.52,195.0,320.0,8.0,13.0,9.0,8.0,4.0,4.0,58.0,92.0,121.0,225.0,40.0,32.0,2.0,2.0,1.0,0.0
742478,281146,Dambi,31827,NS,Nongshim RedForce,1.16,0.86,205.0,207.0,10.0,8.0,8.0,9.0,2.0,4.0,67.0,83.0,138.0,139.0,42.0,22.0,1.0,2.0,2.0,2.0
742478,281146,Francis,31828,NS,Nongshim RedForce,1.12,0.66,255.0,186.0,9.0,9.0,10.0,10.0,4.0,2.0,67.0,58.0,166.0,136.0,23.0,26.0,2.0,2.0,2.0,3.0
742478,281146,Xross,42772,NS,Nongshim RedForce,0.56,0.95,100.0,116.0,4.0,5.0,8.0,6.0,0.0,3.0,58.0,83.0,72.0,94.0,20.0,19.0,1.0,0.0,1.0,0.0
742479,281147,XuNa,42733,VL,VARREL,0.99,1.34,189.0,220.0,9.0,10.0,9.0,5.0,1.0,1.0,58.0,64.0,135.0,137.0,45.0,42.0,0.0,0.0,0.0,1.0
742479,281147,Zexy,37532,VL,VARREL,1.1,0.87,257.0,187.0,11.0,7.0,10.0,9.0,1.0,2.0,75.0,73.0,139.0,118.0,39.0,26.0,2.0,2.0,2.0,1.0
742479,281147,Foxy9,11600,VL,VARREL,0.67,1.23,198.0,302.0,8.0,11.0,11.0,9.0,0.0,0.0,50.0,64.0,118.0,189.0,25.0,38.0,2.0,3.0,2.0,2.0
742479,281147,C1ndeR,2149,VL,VARREL,0.96,0.69,201.0,92.0,8.0,4.0,11.0,6.0,3.0,2.0,67.0,64.0,148.0,57.0,35.0,27.0,2.0,0.0,0.0,2.0
742479,281147,oonzmlp,34926,VL,VARREL,0.37,0.82,106.0,83.0,3.0,3.0,10.0,5.0,6.0,2.0,58.0,64.0,79.0,68.0,26.0,36.0,0.0,0.0,2.0,0.0
742479,281147,Autumn,872,GE,Global Esports,1.39,1.56,286.0,265.0,11.0,13.0,6.0,5.0,1.0,1.0,55.0,83.0,171.0,166.0,38.0,29.0,3.0,2.0,1.0,1.0
742479,281147,PatMen,13744,GE,Global Esports,1.26,1.3,192.0,256.0,8.0,11.0,6.0,6.0,3.0,3.0,64.0,92.0,124.0,156.0,47.0,19.0,1.0,3.0,1.0,2.0
742479,281147,Kr1stal,5796,GE,Global Esports,1.2,0.52,184.0,125.0,8.0,5.0,6.0,10.0,3.0,5.0,91.0,75.0,122.0,79.0,15.0,11.0,1.0,0.0,0.0,0.0
742479,281147,UdoTan,4428,GE,Global Esports,0.16,1.34,103.0,304.0,3.0,13.0,10.0,9.0,3.0,2.0,64.0,75.0,70.0,195.0,13.0,13.0,1.0,1.0,3.0,1.0
742479,281147,xavi8k,7754,GE,Global Esports,0.7,0.81,112.0,193.0,4.0,9.0,7.0,9.0,3.0,3.0,73.0,75.0,82.0,129.0,16.0,47.0,0.0,0.0,0.0,2.0
742479,281148,Zexy,37532,VL,VARREL,0.77,0.98,159.0,146.0,4.0,6.0,5.0,7.0,2.0,0.0,67.0,42.0,116.0,82.0,33.0,0.0,0.0,3.0,1.0,1.0
742479,281148,oonzmlp,34926,VL,VARREL,0.95,0.71,283.0,140.0,6.0,5.0,5.0,8.0,0.0,1.0,67.0,50.0,180.0,111.0,42.0,47.0,2.0,1.0,0.0,1.0
742479,281148,C1ndeR,2149,VL,VARREL,1.11,0.5,227.0,129.0,4.0,5.0,4.0,9.0,6.0,2.0,83.0,42.0,132.0,75.0,75.0,50.0,1.0,0.0,0.0,0.0
742479,281148,XuNa,42733,VL,VARREL,0.59,0.46,119.0,110.0,3.0,4.0,5.0,9.0,0.0,1.0,50.0,50.0,93.0,71.0,60.0,45.0,0.0,0.0,1.0,2.0
742479,281148,Foxy9,11600,VL,VARREL,0.03,0.49,118.0,131.0,2.0,5.0,6.0,9.0,0.0,0.0,17.0,42.0,63.0,90.0,40.0,38.0,0.0,2.0,1.0,2.0
742479,281148,PatMen,13744,GE,Global Esports,1.68,1.58,289.0,270.0,14.0,5.0,5.0,3.0,2.0,4.0,75.0,83.0,172.0,185.0,32.0,25.0,1.0,1.0,0.0,1.0
742479,281148,UdoTan,4428,GE,Global Esports,1.38,1.57,201.0,247.0,9.0,6.0,5.0,4.0,0.0,1.0,75.0,83.0,145.0,127.0,56.0,71.0,2.0,0.0,1.0,0.0
742479,281148,Kr1stal,5796,GE,Global Esports,1.38,0.92,202.0,151.0,8.0,4.0,4.0,4.0,6.0,1.0,92.0,83.0,132.0,103.0,30.0,27.0,1.0,0.0,0.0,2.0
742479,281148,Autumn,872,GE,Global Esports,0.83,1.52,146.0,288.0,7.0,5.0,6.0,4.0,0.0,2.0,58.0,100.0,99.0,218.0,50.0,39.0,2.0,1.0,4.0,0.0
742479,281148,xavi8k,7754,GE,Global Esports,1.0,1.15,120.0,225.0,4.0,5.0,5.0,4.0,3.0,4.0,75.0,100.0,91.0,123.0,16.0,25.0,0.0,1.0,1.0,0.0
742480,281150,Francis,31828,NS,Nongshim RedForce,1.68,1.0,380.0,206.0,15.0,6.0,8.0,5.0,5.0,0.0,92.0,50.0,231.0,132.0,34.0,38.0,3.0,1.0,1.0,2.0
742480,281150,Xross,42772,NS,Nongshim RedForce,0.98,1.66,142.0,258.0,7.0,7.0,5.0,4.0,3.0,2.0,83.0,75.0,92.0,183.0,30.0,35.0,0.0,0.0,1.0,0.0
742480,281150,Rb,488,NS,Nongshim RedForce,1.11,1.08,194.0,170.0,9.0,5.0,6.0,4.0,6.0,3.0,83.0,75.0,116.0,102.0,31.0,31.0,0.0,0.0,0.0,0.0
742480,281150,Ivy,31829,NS,Nongshim RedForce,0.84,1.24,207.0,255.0,9.0,7.0,7.0,5.0,2.0,2.0,67.0,88.0,133.0,180.0,39.0,29.0,1.0,2.0,3.0,0.0
742480,281150,Dambi,31827,NS,Nongshim RedForce,1.0,0.86,172.0,180.0,7.0,6.0,7.0,6.0,5.0,1.0,83.0,63.0,101.0,92.0,26.0,17.0,2.0,1.0,1.0,2.0
742480,281150,xavi8k,7754,GE,Global Esports,0.94,1.21,177.0,191.0,5.0,9.0,6.0,8.0,3.0,3.0,63.0,58.0,127.0,107.0,29.0,33.0,2.0,2.0,0.0,1.0
742480,281150,Kr1stal,5796,GE,Global Esports,0.5,1.31,108.0,218.0,2.0,8.0,6.0,8.0,4.0,7.0,88.0,75.0,86.0,155.0,25.0,23.0,0.0,1.0,2.0,1.0
742480,281150,Autumn,872,GE,Global Esports,0.35,1.04,75.0,190.0,2.0,8.0,5.0,9.0,1.0,3.0,63.0,58.0,53.0,119.0,50.0,23.0,0.0,0.0,1.0,2.0
742480,281150,UdoTan,4428,GE,Global Esports,1.23,0.4,288.0,105.0,8.0,4.0,7.0,12.0,2.0,2.0,75.0,50.0,195.0,80.0,50.0,38.0,2.0,1.0,1.0,0.0
742480,281150,PatMen,13744,GE,Global Esports,1.03,0.47,228.0,100.0,7.0,4.0,7.0,10.0,0.0,2.0,88.0,42.0,134.0,69.0,60.0,36.0,0.0,2.0,0.0,2.0
742480,281151,Dambi,31827,NS,Nongshim RedForce,1.42,1.52,379.0,355.0,17.0,15.0,12.0,9.0,2.0,4.0,77.0,69.0,211.0,247.0,23.0,19.0,3.0,1.0,2.0,2.0
742480,281151,Ivy,31829,NS,Nongshim RedForce,1.04,1.11,175.0,221.0,8.0,9.0,8.0,8.0,3.0,7.0,62.0,100.0,129.0,137.0,29.0,33.0,2.0,0.0,1.0,0.0
742480,281151,Rb,488,NS,Nongshim RedForce,1.06,0.7,164.0,151.0,7.0,8.0,7.0,10.0,7.0,4.0,77.0,69.0,100.0,104.0,15.0,38.0,0.0,0.0,0.0,1.0
742480,281151,Xross,42772,NS,Nongshim RedForce,0.89,0.79,124.0,171.0,6.0,7.0,8.0,9.0,2.0,0.0,54.0,77.0,83.0,118.0,14.0,58.0,0.0,2.0,1.0,0.0
742480,281151,Francis,31828,NS,Nongshim RedForce,0.04,1.1,51.0,217.0,1.0,10.0,12.0,8.0,0.0,1.0,46.0,62.0,48.0,133.0,15.0,38.0,1.0,5.0,3.0,2.0
742480,281151,Autumn,872,GE,Global Esports,1.43,1.09,316.0,207.0,15.0,10.0,10.0,8.0,3.0,5.0,77.0,69.0,189.0,156.0,18.0,32.0,1.0,1.0,2.0,4.0
742480,281151,xavi8k,7754,GE,Global Esports,1.09,1.36,196.0,226.0,9.0,10.0,10.0,6.0,4.0,7.0,77.0,85.0,134.0,164.0,53.0,26.0,2.0,1.0,2.0,0.0
742480,281151,PatMen,13744,GE,Global Esports,1.03,1.09,208.0,249.0,9.0,11.0,11.0,10.0,4.0,7.0,77.0,85.0,126.0,146.0,38.0,38.0,1.0,1.0,0.0,1.0
742480,281151,UdoTan,4428,GE,Global Esports,0.68,1.17,136.0,221.0,7.0,10.0,9.0,8.0,1.0,2.0,62.0,62.0,102.0,138.0,28.0,32.0,1.0,4.0,4.0,1.0
742480,281151,Kr1stal,5796,GE,Global Esports,0.57,0.95,91.0,128.0,4.0,6.0,9.0,7.0,2.0,3.0,62.0,85.0,83.0,85.0,10.0,22.0,0.0,0.0,0.0,0.0
742480,281152,Francis,31828,NS,Nongshim RedForce,1.82,2.01,308.0,444.0,8.0,19.0,4.0,7.0,1.0,3.0,86.0,92.0,194.0,276.0,41.0,33.0,1.0,5.0,2.0,1.0
742480,281152,Rb,488,NS,Nongshim RedForce,2.17,1.2,315.0,202.0,9.0,9.0,2.0,6.0,4.0,3.0,86.0,67.0,177.0,128.0,15.0,24.0,0.0,1.0,0.0,1.0
742480,281152,Xross,42772,NS,Nongshim RedForce,1.32,0.67,181.0,83.0,5.0,4.0,3.0,6.0,1.0,2.0,100.0,75.0,148.0,62.0,25.0,60.0,0.0,0.0,0.0,1.0
742480,281152,Dambi,31827,NS,Nongshim RedForce,0.63,1.01,129.0,240.0,3.0,10.0,5.0,9.0,2.0,2.0,57.0,58.0,108.0,170.0,36.0,20.0,0.0,1.0,3.0,2.0
742480,281152,Ivy,31829,NS,Nongshim RedForce,0.6,0.79,199.0,138.0,5.0,6.0,6.0,8.0,2.0,5.0,57.0,75.0,138.0,98.0,33.0,19.0,1.0,0.0,0.0,0.0
742480,281152,Autumn,872,GE,Global Esports,1.22,0.82,243.0,250.0,11.0,6.0,9.0,7.0,0.0,0.0,75.0,57.0,165.0,147.0,50.0,18.0,2.0,0.0,1.0,0.0
742480,281152,PatMen,13744,GE,Global Esports,1.08,0.73,239.0,204.0,10.0,4.0,11.0,6.0,2.0,1.0,58.0,57.0,177.0,152.0,50.0,20.0,1.0,0.0,1.0,0.0
742480,281152,xavi8k,7754,GE,Global Esports,0.65,0.69,96.0,146.0,4.0,3.0,9.0,5.0,4.0,0.0,58.0,57.0,66.0,106.0,7.0,33.0,0.0,1.0,2.0,0.0
742480,281152,Kr1stal,5796,GE,Global Esports,0.81,0.39,169.0,147.0,6.0,3.0,9.0,7.0,0.0,0.0,67.0,71.0,114.0,93.0,78.0,30.0,1.0,2.0,1.0,1.0
742480,281152,UdoTan,4428,GE,Global Esports,0.46,0.52,124.0,148.0,5.0,4.0,10.0,6.0,1.0,0.0,50.0,71.0,90.0,84.0,26.0,25.0,1.0,2.0,2.0,1.0
742481,281153,Rb,488,NS,Nongshim RedForce,0.56,1.8,117.0,263.0,5.0,10.0,10.0,4.0,3.0,10.0,67.0,75.0,71.0,151.0,36.0,22.0,1.0,2.0,1.0,1.0
742481,281153,Ivy,31829,NS,Nongshim RedForce,0.88,1.32,202.0,242.0,9.0,11.0,11.0,7.0,1.0,4.0,58.0,92.0,138.0,153.0,53.0,48.0,1.0,2.0,2.0,0.0
742481,281153,Dambi,31827,NS,Nongshim RedForce,1.02,0.98,230.0,250.0,9.0,11.0,9.0,9.0,3.0,2.0,67.0,67.0,153.0,138.0,34.0,17.0,0.0,2.0,2.0,1.0
742481,281153,Xross,42772,NS,Nongshim RedForce,0.97,1.01,166.0,121.0,7.0,6.0,7.0,5.0,1.0,3.0,75.0,83.0,116.0,89.0,43.0,27.0,0.0,0.0,1.0,1.0
742481,281153,Francis,31828,NS,Nongshim RedForce,0.43,0.89,139.0,170.0,5.0,7.0,11.0,10.0,1.0,5.0,42.0,75.0,91.0,120.0,31.0,26.0,2.0,2.0,2.0,1.0
742481,281153,PatMen,13744,GE,Global Esports,0.96,1.51,186.0,263.0,9.0,10.0,9.0,6.0,2.0,5.0,67.0,92.0,121.0,192.0,24.0,32.0,0.0,1.0,0.0,0.0
742481,281153,xavi8k,7754,GE,Global Esports,1.17,1.2,260.0,179.0,11.0,8.0,10.0,7.0,4.0,2.0,83.0,75.0,156.0,128.0,30.0,32.0,0.0,1.0,0.0,0.0
742481,281153,Kr1stal,5796,GE,Global Esports,0.84,1.05,156.0,181.0,7.0,9.0,7.0,7.0,1.0,1.0,67.0,92.0,100.0,122.0,29.0,43.0,0.0,1.0,2.0,0.0
742481,281153,UdoTan,4428,GE,Global Esports,0.37,1.24,127.0,286.0,3.0,12.0,10.0,8.0,6.0,1.0,67.0,67.0,113.0,198.0,12.0,29.0,0.0,2.0,4.0,3.0
742481,281153,Autumn,872,GE,Global Esports,0.6,0.93,125.0,216.0,5.0,9.0,9.0,7.0,1.0,3.0,50.0,83.0,79.0,155.0,33.0,13.0,4.0,3.0,2.0,1.0
742481,281154,Francis,31828,NS,Nongshim RedForce,1.64,1.93,360.0,510.0,17.0,6.0,8.0,3.0,1.0,1.0,83.0,100.0,232.0,255.0,38.0,18.0,1.0,2.0,0.0,0.0
742481,281154,Rb,488,NS,Nongshim RedForce,1.54,1.67,200.0,116.0,9.0,1.0,4.0,0.0,8.0,3.0,92.0,100.0,143.0,86.0,28.0,13.0,0.0,0.0,0.0,0.0
742481,281154,Dambi,31827,NS,Nongshim RedForce,1.17,2.48,246.0,422.0,10.0,5.0,8.0,1.0,5.0,3.0,92.0,100.0,157.0,236.0,17.0,43.0,2.0,1.0,3.0,0.0
742481,281154,Ivy,31829,NS,Nongshim RedForce,1.23,0.5,279.0,9.0,13.0,0.0,8.0,1.0,2.0,0.0,58.0,67.0,166.0,9.0,33.0,0.0,3.0,0.0,3.0,0.0
742481,281154,Xross,42772,NS,Nongshim RedForce,1.02,1.34,162.0,235.0,7.0,3.0,6.0,2.0,4.0,0.0,75.0,100.0,110.0,161.0,24.0,40.0,0.0,0.0,0.0,0.0
742481,281154,PatMen,13744,GE,Global Esports,0.04,1.54,37.0,359.0,0.0,14.0,3.0,11.0,2.0,3.0,67.0,83.0,37.0,223.0,0.0,36.0,0.0,3.0,1.0,0.0
742481,281154,Kr1stal,5796,GE,Global Esports,0.19,0.67,140.0,175.0,1.0,7.0,3.0,12.0,0.0,2.0,100.0,67.0,109.0,109.0,33.0,38.0,0.0,2.0,0.0,2.0
742481,281154,UdoTan,4428,GE,Global Esports,0.02,0.66,3.0,181.0,0.0,7.0,3.0,11.0,0.0,2.0,100.0,50.0,3.0,119.0,0.0,25.0,0.0,1.0,1.0,2.0
742481,281154,Autumn,872,GE,Global Esports,1.76,0.09,440.0,50.0,5.0,2.0,3.0,11.0,0.0,0.0,100.0,33.0,312.0,30.0,46.0,67.0,0.0,0.0,0.0,1.0
742481,281154,xavi8k,7754,GE,Global Esports,0.11,0.4,83.0,124.0,1.0,4.0,3.0,11.0,0.0,3.0,33.0,50.0,35.0,81.0,50.0,29.0,0.0,0.0,1.0,1.0
742481,281155,Francis,31828,NS,Nongshim RedForce,0.82,1.58,242.0,321.0,9.0,12.0,11.0,6.0,3.0,2.0,75.0,73.0,144.0,191.0,24.0,30.0,1.0,2.0,0.0,2.0
742481,281155,Dambi,31827,NS,Nongshim RedForce,1.41,0.93,260.0,172.0,12.0,6.0,8.0,8.0,2.0,3.0,75.0,64.0,170.0,119.0,43.0,32.0,1.0,0.0,1.0,1.0
742481,281155,Xross,42772,NS,Nongshim RedForce,0.94,0.91,195.0,199.0,9.0,7.0,10.0,8.0,3.0,2.0,67.0,73.0,120.0,122.0,4.0,55.0,0.0,2.0,1.0,0.0
742481,281155,Rb,488,NS,Nongshim RedForce,0.62,0.89,129.0,181.0,5.0,8.0,10.0,7.0,8.0,0.0,50.0,64.0,77.0,131.0,27.0,47.0,0.0,1.0,1.0,1.0
742481,281155,Ivy,31829,NS,Nongshim RedForce,0.59,0.38,205.0,80.0,8.0,3.0,11.0,8.0,1.0,1.0,42.0,55.0,132.0,47.0,24.0,8.0,3.0,0.0,4.0,2.0
742481,281155,xavi8k,7754,GE,Global Esports,1.16,1.29,159.0,243.0,6.0,10.0,5.0,8.0,4.0,4.0,82.0,67.0,129.0,175.0,20.0,36.0,0.0,2.0,0.0,1.0
742481,281155,PatMen,13744,GE,Global Esports,1.04,1.15,205.0,232.0,9.0,11.0,8.0,9.0,1.0,3.0,82.0,83.0,139.0,155.0,35.0,35.0,1.0,1.0,2.0,0.0
742481,281155,Kr1stal,5796,GE,Global Esports,0.93,1.18,162.0,188.0,5.0,9.0,7.0,7.0,3.0,3.0,73.0,92.0,108.0,149.0,4.0,27.0,2.0,0.0,0.0,2.0
742481,281155,UdoTan,4428,GE,Global Esports,0.74,1.32,194.0,259.0,7.0,12.0,10.0,9.0,3.0,4.0,64.0,75.0,128.0,163.0,60.0,46.0,1.0,2.0,0.0,0.0
742481,281155,Autumn,872,GE,Global Esports,1.37,0.63,254.0,181.0,10.0,8.0,6.0,10.0,4.0,1.0,64.0,67.0,166.0,104.0,50.0,29.0,2.0,2.0,3.0,2.0
742481,281156,Dambi,31827,NS,Nongshim RedForce,1.66,0.93,294.0,224.0,6.0,8.0,2.0,11.0,3.0,3.0,100.0,67.0,178.0,145.0,17.0,22.0,0.0,2.0,0.0,1.0
742481,281156,Ivy,31829,NS,Nongshim RedForce,1.76,0.41,344.0,138.0,8.0,4.0,3.0,11.0,2.0,1.0,83.0,42.0,196.0,97.0,38.0,38.0,2.0,0.0,1.0,0.0
742481,281156,Xross,42772,NS,Nongshim RedForce,1.31,0.5,194.0,123.0,4.0,5.0,3.0,12.0,6.0,2.0,83.0,50.0,115.0,78.0,17.0,27.0,0.0,0.0,1.0,1.0
742481,281156,Rb,488,NS,Nongshim RedForce,0.98,0.57,243.0,127.0,5.0,5.0,4.0,11.0,4.0,4.0,83.0,58.0,165.0,80.0,33.0,29.0,1.0,1.0,0.0,0.0
742481,281156,Francis,31828,NS,Nongshim RedForce,0.6,0.53,130.0,186.0,3.0,7.0,4.0,12.0,2.0,0.0,67.0,58.0,118.0,113.0,30.0,9.0,1.0,3.0,0.0,4.0
742481,281156,xavi8k,7754,GE,Global Esports,1.8,1.21,327.0,273.0,15.0,6.0,5.0,6.0,1.0,1.0,83.0,83.0,199.0,164.0,32.0,25.0,0.0,1.0,0.0,0.0
742481,281156,UdoTan,4428,GE,Global Esports,1.66,1.24,317.0,198.0,14.0,4.0,5.0,4.0,4.0,1.0,75.0,67.0,200.0,151.0,28.0,18.0,2.0,1.0,3.0,1.0
742481,281156,Autumn,872,GE,Global Esports,1.82,0.5,339.0,126.0,16.0,2.0,5.0,6.0,1.0,2.0,92.0,67.0,186.0,89.0,12.0,40.0,3.0,0.0,0.0,0.0
742481,281156,PatMen,13744,GE,Global Esports,0.95,0.52,164.0,93.0,8.0,1.0,6.0,5.0,3.0,3.0,75.0,67.0,120.0,60.0,35.0,14.0,0.0,0.0,2.0,0.0
742481,281156,Kr1stal,5796,GE,Global Esports,0.59,0.85,112.0,170.0,4.0,3.0,8.0,5.0,4.0,3.0,100.0,50.0,75.0,140.0,17.0,18.0,1.0,0.0,1.0,3.0
742481,281157,Rb,488,NS,Nongshim RedForce,1.55,1.04,210.0,240.0,10.0,9.0,6.0,9.0,4.0,2.0,83.0,73.0,142.0,142.0,36.0,38.0,0.0,2.0,0.0,0.0
742481,281157,Francis,31828,NS,Nongshim RedForce,1.39,0.59,275.0,139.0,11.0,6.0,9.0,9.0,2.0,2.0,58.0,55.0,200.0,88.0,18.0,27.0,3.0,1.0,1.0,1.0
742481,281157,Ivy,31829,NS,Nongshim RedForce,0.97,0.88,222.0,186.0,11.0,8.0,9.0,9.0,1.0,3.0,67.0,82.0,167.0,111.0,71.0,15.0,4.0,0.0,2.0,2.0
742481,281157,Xross,42772,NS,Nongshim RedForce,0.55,1.25,141.0,235.0,5.0,8.0,10.0,8.0,5.0,6.0,58.0,82.0,109.0,168.0,16.0,47.0,0.0,1.0,0.0,0.0
742481,281157,Dambi,31827,NS,Nongshim RedForce,0.51,0.91,121.0,204.0,4.0,8.0,10.0,9.0,3.0,6.0,50.0,73.0,86.0,133.0,18.0,33.0,2.0,2.0,0.0,2.0
742481,281157,Kr1stal,5796,GE,Global Esports,2.03,0.98,323.0,193.0,14.0,8.0,6.0,8.0,2.0,0.0,100.0,75.0,201.0,129.0,22.0,19.0,1.0,0.0,0.0,2.0
742481,281157,xavi8k,7754,GE,Global Esports,1.57,1.23,242.0,220.0,10.0,8.0,6.0,8.0,5.0,7.0,82.0,67.0,147.0,158.0,26.0,41.0,0.0,0.0,0.0,0.0
742481,281157,Autumn,872,GE,Global Esports,1.3,1.12,268.0,165.0,12.0,8.0,8.0,6.0,5.0,2.0,91.0,75.0,181.0,118.0,42.0,47.0,1.0,0.0,2.0,2.0
742481,281157,UdoTan,4428,GE,Global Esports,0.5,0.93,198.0,265.0,6.0,12.0,10.0,11.0,4.0,3.0,82.0,67.0,135.0,158.0,19.0,26.0,2.0,1.0,3.0,0.0
742481,281157,PatMen,13744,GE,Global Esports,0.14,0.93,62.0,187.0,2.0,8.0,9.0,8.0,4.0,3.0,73.0,58.0,55.0,144.0,36.0,15.0,1.0,2.0,1.0,5.0
742482,281158,f0rsakeN,9801,PRX,Paper Rex,1.15,1.54,250.0,268.0,10.0,12.0,9.0,8.0,3.0,8.0,100.0,67.0,152.0,166.0,43.0,48.0,3.0,0.0,1.0,1.0
742482,281158,d4v41,9803,PRX,Paper Rex,1.07,1.29,166.0,236.0,8.0,11.0,7.0,8.0,4.0,5.0,67.0,67.0,101.0,155.0,33.0,35.0,1.0,1.0,1.0,1.0
742482,281158,something,17086,PRX,Paper Rex,1.39,0.89,302.0,129.0,14.0,5.0,8.0,6.0,3.0,1.0,83.0,58.0,200.0,84.0,38.0,25.0,2.0,3.0,1.0,1.0
742482,281158,invy,8504,PRX,Paper Rex,1.14,0.64,186.0,139.0,7.0,5.0,7.0,9.0,4.0,3.0,92.0,33.0,131.0,99.0,39.0,23.0,0.0,0.0,0.0,1.0
742482,281158,Jinggg,7378,PRX,Paper Rex,0.43,0.76,95.0,207.0,5.0,9.0,9.0,10.0,1.0,0.0,50.0,58.0,77.0,137.0,19.0,27.0,0.0,2.0,3.0,2.0
742482,281158,Ray,60576,ONG,ONSIDE GAMING,1.48,1.38,287.0,250.0,12.0,9.0,7.0,9.0,4.0,7.0,83.0,67.0,171.0,178.0,43.0,25.0,1.0,1.0,1.0,0.0
742482,281158,Xiesta,62291,ONG,ONSIDE GAMING,0.69,1.45,163.0,275.0,7.0,13.0,9.0,8.0,2.0,3.0,67.0,75.0,89.0,196.0,21.0,17.0,1.0,2.0,3.0,2.0
742482,281158,Wolverine,25053,ONG,ONSIDE GAMING,1.22,0.66,224.0,111.0,9.0,4.0,7.0,7.0,3.0,0.0,83.0,58.0,141.0,75.0,25.0,60.0,2.0,1.0,0.0,2.0
742482,281158,Cloudy,9192,ONG,ONSIDE GAMING,0.83,0.71,171.0,182.0,7.0,8.0,9.0,10.0,3.0,2.0,75.0,67.0,118.0,119.0,25.0,33.0,1.0,1.0,0.0,1.0
742482,281158,Hermes,17049,ONG,ONSIDE GAMING,0.57,0.74,141.0,135.0,6.0,6.0,10.0,10.0,3.0,8.0,67.0,67.0,88.0,95.0,38.0,40.0,1.0,1.0,2.0,1.0
742482,281159,f0rsakeN,9801,PRX,Paper Rex,1.72,1.18,267.0,148.0,13.0,3.0,5.0,3.0,6.0,6.0,75.0,83.0,187.0,96.0,41.0,18.0,1.0,0.0,2.0,0.0
742482,281159,Jinggg,7378,PRX,Paper Rex,0.94,2.09,240.0,405.0,9.0,9.0,10.0,5.0,7.0,5.0,92.0,100.0,156.0,254.0,31.0,47.0,1.0,0.0,0.0,0.0
742482,281159,something,17086,PRX,Paper Rex,1.3,1.1,253.0,204.0,11.0,4.0,6.0,4.0,2.0,1.0,75.0,50.0,171.0,123.0,19.0,21.0,2.0,1.0,1.0,0.0
742482,281159,d4v41,9803,PRX,Paper Rex,1.45,0.38,289.0,126.0,13.0,3.0,8.0,5.0,1.0,0.0,75.0,50.0,191.0,70.0,25.0,20.0,4.0,1.0,0.0,3.0
742482,281159,invy,8504,PRX,Paper Rex,0.7,1.25,97.0,243.0,5.0,5.0,7.0,4.0,2.0,4.0,83.0,67.0,69.0,180.0,20.0,23.0,0.0,0.0,1.0,1.0
742482,281159,Xiesta,62291,ONG,ONSIDE GAMING,1.06,1.35,261.0,349.0,5.0,13.0,5.0,10.0,2.0,3.0,67.0,67.0,162.0,196.0,17.0,21.0,2.0,3.0,0.0,1.0
742482,281159,Ray,60576,ONG,ONSIDE GAMING,1.17,0.85,179.0,201.0,4.0,8.0,4.0,10.0,3.0,0.0,50.0,50.0,127.0,151.0,64.0,38.0,0.0,0.0,0.0,2.0
742482,281159,Cloudy,9192,ONG,ONSIDE GAMING,0.53,0.91,113.0,206.0,3.0,7.0,5.0,9.0,0.0,2.0,50.0,58.0,82.0,138.0,43.0,37.0,0.0,1.0,0.0,1.0
742482,281159,Hermes,17049,ONG,ONSIDE GAMING,0.51,0.69,139.0,147.0,3.0,5.0,5.0,10.0,1.0,5.0,67.0,67.0,92.0,92.0,20.0,18.0,0.0,0.0,1.0,1.0
742482,281159,Wolverine,25053,ONG,ONSIDE GAMING,0.99,0.16,288.0,74.0,6.0,3.0,5.0,12.0,1.0,3.0,83.0,33.0,166.0,39.0,54.0,11.0,2.0,0.0,1.0,3.0
742483,281161,BeYN,4678,KRX,KIWOOM DRX,1.39,0.77,229.0,153.0,13.0,7.0,7.0,9.0,0.0,1.0,75.0,64.0,161.0,104.0,65.0,29.0,0.0,0.0,1.0,0.0
742483,281161,MaKo,4462,KRX,KIWOOM DRX,0.85,1.13,198.0,237.0,8.0,9.0,11.0,9.0,6.0,4.0,75.0,64.0,133.0,153.0,27.0,36.0,1.0,3.0,2.0,1.0
742483,281161,HYUNMIN,28400,KRX,KIWOOM DRX,0.69,0.95,182.0,208.0,7.0,7.0,11.0,9.0,3.0,2.0,67.0,73.0,137.0,143.0,20.0,16.0,2.0,0.0,5.0,1.0
742483,281161,free1ng,1916,KRX,KIWOOM DRX,1.34,0.21,287.0,100.0,12.0,4.0,8.0,10.0,3.0,0.0,83.0,36.0,174.0,59.0,39.0,20.0,1.0,2.0,0.0,4.0
742483,281161,yong,51238,KRX,KIWOOM DRX,0.46,1.04,132.0,226.0,5.0,9.0,11.0,9.0,2.0,3.0,75.0,73.0,89.0,173.0,50.0,33.0,0.0,0.0,0.0,0.0
742483,281161,Munchkin,2489,T1,T1,1.11,1.59,221.0,275.0,7.0,12.0,8.0,8.0,6.0,10.0,91.0,92.0,163.0,174.0,19.0,30.0,0.0,1.0,0.0,0.0
742483,281161,BuZz,804,T1,T1,1.72,0.78,377.0,215.0,16.0,11.0,7.0,11.0,2.0,2.0,73.0,67.0,207.0,124.0,26.0,27.0,3.0,2.0,1.0,1.0
742483,281161,Meteor,13039,T1,T1,0.82,1.42,224.0,268.0,9.0,11.0,9.0,8.0,2.0,4.0,64.0,83.0,144.0,165.0,11.0,28.0,3.0,2.0,2.0,1.0
742483,281161,iZu,29833,T1,T1,1.38,0.49,183.0,125.0,7.0,5.0,5.0,9.0,8.0,3.0,73.0,75.0,119.0,97.0,21.0,38.0,0.0,0.0,2.0,1.0
742483,281161,stax,485,T1,T1,0.85,0.91,144.0,208.0,7.0,9.0,7.0,9.0,3.0,3.0,73.0,75.0,71.0,126.0,33.0,40.0,0.0,3.0,0.0,1.0
742483,281162,yong,51238,KRX,KIWOOM DRX,1.02,1.85,226.0,387.0,6.0,16.0,6.0,9.0,0.0,4.0,63.0,83.0,131.0,250.0,31.0,35.0,1.0,0.0,1.0,0.0
742483,281162,MaKo,4462,KRX,KIWOOM DRX,0.91,0.96,271.0,215.0,7.0,8.0,8.0,10.0,3.0,5.0,75.0,83.0,187.0,135.0,18.0,30.0,0.0,2.0,0.0,2.0
742483,281162,BeYN,4678,KRX,KIWOOM DRX,0.74,0.57,160.0,155.0,5.0,6.0,7.0,10.0,0.0,5.0,63.0,58.0,100.0,92.0,20.0,23.0,0.0,1.0,1.0,1.0
742483,281162,HYUNMIN,28400,KRX,KIWOOM DRX,0.24,0.69,92.0,124.0,3.0,5.0,7.0,9.0,0.0,3.0,38.0,75.0,58.0,106.0,57.0,17.0,0.0,0.0,3.0,2.0
742483,281162,free1ng,1916,KRX,KIWOOM DRX,0.18,0.15,68.0,50.0,2.0,2.0,7.0,10.0,1.0,2.0,38.0,33.0,55.0,35.0,40.0,17.0,0.0,1.0,2.0,3.0
742483,281162,Munchkin,2489,T1,T1,1.73,1.33,290.0,205.0,11.0,7.0,5.0,4.0,12.0,2.0,92.0,88.0,204.0,106.0,35.0,13.0,1.0,0.0,1.0,0.0
742483,281162,stax,485,T1,T1,1.43,1.65,230.0,254.0,10.0,8.0,6.0,3.0,6.0,6.0,83.0,88.0,141.0,164.0,28.0,20.0,2.0,1.0,1.0,0.0
742483,281162,BuZz,804,T1,T1,1.33,0.99,278.0,256.0,13.0,7.0,8.0,6.0,3.0,3.0,92.0,75.0,169.0,153.0,17.0,21.0,1.0,2.0,0.0,1.0
742483,281162,iZu,29833,T1,T1,0.97,0.84,205.0,148.0,9.0,4.0,8.0,5.0,3.0,4.0,92.0,88.0,122.0,117.0,29.0,44.0,2.0,0.0,0.0,0.0
742483,281162,Meteor,13039,T1,T1,0.41,1.58,122.0,314.0,5.0,9.0,10.0,5.0,1.0,1.0,50.0,88.0,102.0,186.0,22.0,58.0,2.0,4.0,2.0,0.0
742484,281164,C1ndeR,2149,VL,VARREL,1.07,1.79,149.0,259.0,7.0,7.0,6.0,2.0,2.0,0.0,83.0,86.0,93.0,162.0,33.0,29.0,1.0,0.0,2.0,0.0
742484,281164,XuNa,42733,VL,VARREL,1.24,1.45,216.0,248.0,9.0,7.0,6.0,3.0,1.0,0.0,75.0,86.0,139.0,175.0,38.0,46.0,0.0,2.0,1.0,1.0
742484,281164,oonzmlp,34926,VL,VARREL,0.99,1.6,181.0,318.0,8.0,9.0,7.0,3.0,0.0,0.0,67.0,86.0,131.0,189.0,53.0,28.0,1.0,1.0,2.0,0.0
742484,281164,Zexy,37532,VL,VARREL,1.0,1.25,182.0,210.0,7.0,5.0,7.0,4.0,0.0,3.0,75.0,86.0,123.0,170.0,21.0,21.0,2.0,0.0,1.0,2.0
742484,281164,Foxy9,11600,VL,VARREL,0.95,0.96,216.0,151.0,9.0,4.0,10.0,3.0,0.0,1.0,67.0,71.0,131.0,93.0,50.0,43.0,2.0,0.0,0.0,1.0
742484,281164,d4v41,9803,PRX,Paper Rex,0.64,1.25,132.0,211.0,3.0,10.0,6.0,6.0,1.0,1.0,57.0,75.0,94.0,150.0,43.0,44.0,0.0,0.0,0.0,1.0
742484,281164,Jinggg,7378,PRX,Paper Rex,0.19,1.23,111.0,209.0,2.0,10.0,7.0,7.0,2.0,2.0,57.0,75.0,76.0,147.0,9.0,29.0,1.0,1.0,1.0,1.0
742484,281164,f0rsakeN,9801,PRX,Paper Rex,1.22,0.37,270.0,110.0,6.0,5.0,6.0,10.0,1.0,4.0,57.0,58.0,170.0,61.0,46.0,13.0,1.0,0.0,0.0,3.0
742484,281164,invy,8504,PRX,Paper Rex,0.7,0.57,144.0,99.0,4.0,3.0,6.0,8.0,1.0,3.0,71.0,75.0,95.0,65.0,27.0,40.0,2.0,2.0,1.0,0.0
742484,281164,something,17086,PRX,Paper Rex,0.01,0.88,18.0,184.0,0.0,8.0,7.0,9.0,0.0,2.0,14.0,67.0,18.0,121.0,100.0,29.0,0.0,3.0,1.0,1.0
742484,281165,Zexy,37532,VL,VARREL,1.16,1.4,302.0,259.0,15.0,13.0,12.0,9.0,2.0,0.0,79.0,79.0,198.0,165.0,24.0,31.0,3.0,2.0,4.0,1.0
742484,281165,Foxy9,11600,VL,VARREL,1.11,0.7,260.0,213.0,13.0,10.0,10.0,13.0,2.0,5.0,71.0,64.0,145.0,143.0,21.0,45.0,2.0,1.0,0.0,5.0
742484,281165,XuNa,42733,VL,VARREL,0.83,0.97,119.0,207.0,6.0,10.0,8.0,10.0,4.0,3.0,79.0,86.0,94.0,129.0,29.0,26.0,0.0,2.0,2.0,1.0
742484,281165,oonzmlp,34926,VL,VARREL,0.57,1.13,125.0,187.0,5.0,9.0,11.0,8.0,3.0,4.0,50.0,71.0,103.0,127.0,40.0,41.0,0.0,1.0,1.0,1.0
742484,281165,C1ndeR,2149,VL,VARREL,0.75,0.67,122.0,139.0,6.0,5.0,9.0,11.0,4.0,9.0,64.0,64.0,73.0,87.0,38.0,18.0,1.0,0.0,1.0,0.0
742484,281165,invy,8504,PRX,Paper Rex,1.41,1.37,242.0,267.0,12.0,13.0,9.0,7.0,6.0,5.0,79.0,86.0,166.0,164.0,33.0,15.0,1.0,1.0,0.0,1.0
742484,281165,Jinggg,7378,PRX,Paper Rex,1.08,1.18,226.0,256.0,12.0,11.0,10.0,10.0,1.0,6.0,79.0,64.0,150.0,177.0,27.0,22.0,2.0,3.0,0.0,3.0
742484,281165,something,17086,PRX,Paper Rex,1.13,1.13,205.0,152.0,9.0,8.0,8.0,7.0,4.0,2.0,79.0,86.0,137.0,102.0,35.0,32.0,2.0,1.0,1.0,0.0
742484,281165,f0rsakeN,9801,PRX,Paper Rex,0.92,0.79,216.0,148.0,11.0,8.0,11.0,11.0,3.0,5.0,64.0,64.0,115.0,114.0,27.0,35.0,2.0,2.0,2.0,0.0
742484,281165,d4v41,9803,PRX,Paper Rex,0.58,1.02,119.0,210.0,7.0,10.0,9.0,10.0,1.0,4.0,64.0,79.0,84.0,154.0,24.0,48.0,1.0,1.0,3.0,2.0
742484,281166,Foxy9,11600,VL,VARREL,1.27,2.01,316.0,420.0,12.0,17.0,11.0,7.0,2.0,1.0,58.0,82.0,182.0,241.0,25.0,52.0,3.0,5.0,1.0,1.0
742484,281166,Klaus,4426,VL,VARREL,0.75,1.38,96.0,201.0,4.0,6.0,7.0,6.0,3.0,15.0,58.0,82.0,57.0,115.0,80.0,21.0,0.0,2.0,0.0,0.0
742484,281166,XuNa,42733,VL,VARREL,0.76,1.05,169.0,250.0,8.0,11.0,9.0,8.0,1.0,2.0,83.0,91.0,87.0,188.0,55.0,38.0,0.0,0.0,1.0,0.0
742484,281166,Zexy,37532,VL,VARREL,0.71,1.05,147.0,207.0,5.0,8.0,9.0,5.0,2.0,2.0,83.0,64.0,86.0,120.0,29.0,16.0,2.0,0.0,4.0,2.0
742484,281166,oonzmlp,34926,VL,VARREL,0.7,0.9,136.0,174.0,5.0,6.0,7.0,7.0,3.0,2.0,83.0,64.0,83.0,115.0,44.0,35.0,0.0,1.0,1.0,0.0
742484,281166,Jinggg,7378,PRX,Paper Rex,1.26,1.38,294.0,279.0,11.0,13.0,9.0,7.0,0.0,1.0,55.0,83.0,206.0,150.0,27.0,16.0,1.0,5.0,3.0,1.0
742484,281166,d4v41,9803,PRX,Paper Rex,1.17,1.14,240.0,193.0,8.0,8.0,9.0,5.0,6.0,4.0,82.0,83.0,143.0,104.0,44.0,19.0,1.0,1.0,0.0,1.0
742484,281166,invy,8504,PRX,Paper Rex,0.89,0.79,181.0,200.0,7.0,7.0,9.0,10.0,4.0,8.0,64.0,75.0,113.0,122.0,36.0,20.0,0.0,1.0,3.0,1.0
742484,281166,something,17086,PRX,Paper Rex,0.21,1.34,97.0,220.0,4.0,11.0,11.0,5.0,1.0,3.0,45.0,75.0,73.0,128.0,30.0,32.0,1.0,0.0,1.0,1.0
742484,281166,f0rsakeN,9801,PRX,Paper Rex,0.4,0.64,110.0,96.0,3.0,4.0,10.0,7.0,6.0,5.0,82.0,75.0,74.0,71.0,13.0,50.0,0.0,0.0,1.0,1.0
742485,281167,t3xture,9196,GEN,Gen.G,1.11,0.54,287.0,170.0,11.0,3.0,8.0,6.0,3.0,0.0,75.0,33.0,182.0,103.0,23.0,27.0,2.0,1.0,1.0,1.0
742485,281167,Raxcal,48925,GEN,Gen.G,1.17,0.21,171.0,97.0,8.0,1.0,6.0,6.0,0.0,1.0,58.0,33.0,108.0,86.0,33.0,33.0,0.0,0.0,0.0,1.0
742485,281167,Ash,25017,GEN,Gen.G,1.0,0.2,238.0,88.0,10.0,2.0,9.0,6.0,3.0,0.0,83.0,17.0,151.0,49.0,62.0,67.0,2.0,0.0,3.0,2.0
742485,281167,Karon,34974,GEN,Gen.G,0.83,0.47,169.0,125.0,6.0,2.0,9.0,6.0,8.0,4.0,75.0,83.0,101.0,80.0,33.0,25.0,1.0,0.0,2.0,0.0
742485,281167,Efina,985,GEN,Gen.G,0.52,0.59,65.0,196.0,3.0,4.0,8.0,6.0,3.0,1.0,58.0,67.0,47.0,133.0,20.0,36.0,0.0,1.0,1.0,0.0
742485,281167,Meteor,13039,T1,T1,2.49,1.16,475.0,243.0,10.0,11.0,3.0,8.0,2.0,1.0,67.0,50.0,302.0,152.0,27.0,29.0,2.0,1.0,0.0,2.0
742485,281167,BuZz,804,T1,T1,2.21,0.71,455.0,228.0,11.0,8.0,3.0,12.0,0.0,3.0,83.0,58.0,270.0,147.0,22.0,17.0,1.0,4.0,0.0,1.0
742485,281167,iZu,29833,T1,T1,0.23,1.65,17.0,234.0,0.0,11.0,3.0,5.0,1.0,2.0,67.0,92.0,13.0,158.0,0.0,23.0,0.0,0.0,1.0,0.0
742485,281167,stax,485,T1,T1,1.21,1.1,80.0,131.0,2.0,5.0,1.0,5.0,3.0,8.0,100.0,75.0,53.0,71.0,17.0,24.0,0.0,0.0,0.0,0.0
742485,281167,Munchkin,2489,T1,T1,1.83,0.6,279.0,130.0,7.0,4.0,2.0,8.0,3.0,3.0,100.0,42.0,200.0,82.0,36.0,0.0,1.0,2.0,1.0,2.0
742485,281168,Raxcal,48925,GEN,Gen.G,1.11,1.01,187.0,209.0,9.0,8.0,7.0,10.0,3.0,3.0,92.0,75.0,129.0,138.0,28.0,32.0,0.0,2.0,1.0,1.0
742485,281168,Karon,34974,GEN,Gen.G,1.46,0.45,164.0,84.0,9.0,4.0,3.0,9.0,3.0,3.0,83.0,58.0,89.0,59.0,40.0,18.0,1.0,0.0,0.0,1.0
742485,281168,t3xture,9196,GEN,Gen.G,0.96,0.84,289.0,194.0,10.0,8.0,10.0,10.0,3.0,1.0,58.0,58.0,191.0,116.0,9.0,8.0,2.0,1.0,3.0,1.0
742485,281168,Ash,25017,GEN,Gen.G,0.88,0.68,208.0,215.0,9.0,8.0,8.0,11.0,1.0,1.0,67.0,67.0,122.0,129.0,28.0,36.0,2.0,2.0,3.0,1.0
742485,281168,Efina,985,GEN,Gen.G,0.97,0.6,173.0,105.0,7.0,4.0,8.0,8.0,3.0,1.0,58.0,50.0,112.0,76.0,19.0,12.0,0.0,1.0,0.0,2.0
742485,281168,iZu,29833,T1,T1,1.96,1.06,303.0,199.0,14.0,7.0,4.0,8.0,2.0,6.0,83.0,75.0,211.0,156.0,33.0,36.0,1.0,1.0,0.0,1.0
742485,281168,BuZz,804,T1,T1,1.28,0.92,273.0,214.0,11.0,8.0,7.0,9.0,3.0,3.0,83.0,58.0,189.0,141.0,20.0,22.0,1.0,3.0,3.0,2.0
742485,281168,stax,485,T1,T1,0.98,0.96,137.0,145.0,7.0,7.0,6.0,9.0,5.0,5.0,83.0,67.0,77.0,75.0,11.0,15.0,0.0,0.0,1.0,0.0
742485,281168,Munchkin,2489,T1,T1,0.96,0.68,169.0,172.0,7.0,6.0,7.0,10.0,5.0,2.0,92.0,75.0,103.0,128.0,27.0,15.0,2.0,1.0,1.0,0.0
742485,281168,Meteor,13039,T1,T1,0.81,0.7,193.0,161.0,9.0,7.0,8.0,8.0,2.0,0.0,83.0,50.0,115.0,103.0,25.0,29.0,2.0,2.0,1.0,2.0
742486,281170,Klaus,4426,VL,VARREL,1.25,1.37,237.0,261.0,7.0,11.0,8.0,7.0,2.0,4.0,60.0,67.0,167.0,182.0,44.0,33.0,0.0,2.0,0.0,1.0
742486,281170,XuNa,42733,VL,VARREL,0.92,1.08,186.0,186.0,6.0,6.0,8.0,5.0,1.0,1.0,50.0,83.0,118.0,155.0,43.0,30.0,0.0,0.0,0.0,1.0
742486,281170,Zexy,37532,VL,VARREL,0.1,1.32,31.0,216.0,1.0,10.0,8.0,7.0,0.0,1.0,40.0,58.0,17.0,119.0,0.0,33.0,1.0,3.0,4.0,2.0
742486,281170,oonzmlp,34926,VL,VARREL,0.47,0.84,91.0,122.0,3.0,5.0,8.0,7.0,1.0,2.0,40.0,67.0,69.0,89.0,57.0,40.0,2.0,0.0,2.0,0.0
742486,281170,Foxy9,11600,VL,VARREL,0.44,0.56,116.0,100.0,3.0,4.0,9.0,7.0,0.0,4.0,30.0,58.0,84.0,61.0,20.0,31.0,0.0,1.0,1.0,2.0
742486,281170,iZu,29833,T1,T1,0.99,1.52,129.0,235.0,5.0,8.0,6.0,3.0,2.0,3.0,67.0,90.0,82.0,155.0,31.0,27.0,1.0,2.0,0.0,1.0
742486,281170,stax,485,T1,T1,1.03,1.38,126.0,179.0,6.0,7.0,6.0,2.0,2.0,4.0,75.0,90.0,74.0,113.0,27.0,20.0,1.0,0.0,0.0,0.0
742486,281170,BuZz,804,T1,T1,1.1,1.06,213.0,196.0,9.0,7.0,7.0,6.0,1.0,5.0,75.0,90.0,149.0,145.0,15.0,32.0,2.0,1.0,4.0,1.0
742486,281170,Munchkin,2489,T1,T1,1.0,1.15,195.0,181.0,8.0,6.0,7.0,4.0,2.0,5.0,75.0,90.0,124.0,127.0,17.0,11.0,2.0,2.0,2.0,0.0
742486,281170,Meteor,13039,T1,T1,0.53,1.6,149.0,333.0,5.0,13.0,10.0,5.0,4.0,1.0,67.0,90.0,104.0,192.0,32.0,30.0,0.0,2.0,0.0,1.0
742486,281171,oonzmlp,34926,VL,VARREL,0.65,2.03,156.0,386.0,6.0,15.0,11.0,4.0,0.0,4.0,42.0,90.0,90.0,250.0,45.0,33.0,0.0,1.0,1.0,0.0
742486,281171,Foxy9,11600,VL,VARREL,0.64,1.7,140.0,297.0,5.0,12.0,10.0,3.0,2.0,3.0,58.0,90.0,89.0,213.0,33.0,30.0,1.0,2.0,0.0,0.0
742486,281171,Zexy,37532,VL,VARREL,0.16,1.74,91.0,297.0,2.0,10.0,12.0,4.0,2.0,2.0,50.0,90.0,70.0,216.0,12.0,28.0,1.0,4.0,6.0,0.0
742486,281171,C1ndeR,2149,VL,VARREL,0.5,0.94,147.0,112.0,6.0,4.0,12.0,4.0,4.0,6.0,67.0,70.0,104.0,71.0,33.0,6.0,0.0,0.0,3.0,0.0
742486,281171,XuNa,42733,VL,VARREL,0.69,0.64,164.0,134.0,7.0,4.0,12.0,6.0,0.0,5.0,58.0,80.0,104.0,92.0,28.0,19.0,0.0,2.0,0.0,1.0
742486,281171,Meteor,13039,T1,T1,0.95,1.79,199.0,286.0,7.0,15.0,9.0,4.0,1.0,1.0,50.0,100.0,127.0,179.0,43.0,27.0,1.0,2.0,1.0,0.0
742486,281171,stax,485,T1,T1,1.18,1.24,239.0,186.0,7.0,9.0,9.0,4.0,2.0,6.0,50.0,83.0,136.0,127.0,21.0,18.0,0.0,2.0,0.0,0.0
742486,281171,iZu,29833,T1,T1,0.62,1.35,97.0,253.0,3.0,11.0,8.0,7.0,2.0,4.0,40.0,100.0,91.0,178.0,21.0,20.0,0.0,3.0,1.0,0.0
742486,281171,Munchkin,2489,T1,T1,0.26,1.39,107.0,234.0,3.0,9.0,10.0,6.0,1.0,6.0,40.0,83.0,76.0,156.0,11.0,5.0,0.0,1.0,2.0,1.0
742486,281171,BuZz,804,T1,T1,0.08,1.47,50.0,273.0,1.0,13.0,9.0,5.0,1.0,3.0,40.0,92.0,36.0,174.0,25.0,31.0,0.0,2.0,5.0,1.0
742487,281173,PatMen,13744,GE,Global Esports,1.23,2.71,196.0,468.0,9.0,10.0,5.0,2.0,1.0,2.0,75.0,100.0,121.0,276.0,30.0,29.0,0.0,3.0,0.0,0.0
742487,281173,UdoTan,4428,GE,Global Esports,1.57,1.14,340.0,285.0,14.0,6.0,7.0,4.0,4.0,0.0,92.0,50.0,222.0,193.0,28.0,17.0,4.0,0.0,1.0,1.0
742487,281173,xavi8k,7754,GE,Global Esports,1.62,0.62,315.0,88.0,15.0,2.0,7.0,3.0,5.0,1.0,83.0,50.0,190.0,51.0,44.0,17.0,1.0,0.0,0.0,1.0
742487,281173,Kr1stal,5796,GE,Global Esports,1.04,0.94,208.0,147.0,8.0,3.0,7.0,4.0,5.0,2.0,83.0,100.0,131.0,79.0,26.0,22.0,1.0,0.0,0.0,0.0
742487,281173,Autumn,872,GE,Global Esports,0.42,0.05,100.0,8.0,5.0,0.0,8.0,4.0,1.0,2.0,67.0,50.0,62.0,,17.0,,1.0,0.0,4.0,1.0
742487,281173,iZu,29833,T1,T1,0.5,1.52,57.0,351.0,1.0,13.0,4.0,11.0,1.0,3.0,50.0,75.0,36.0,213.0,33.0,34.0,0.0,3.0,1.0,1.0
742487,281173,BuZz,804,T1,T1,0.94,1.14,172.0,235.0,4.0,9.0,4.0,9.0,0.0,2.0,50.0,58.0,126.0,159.0,44.0,17.0,2.0,1.0,0.0,0.0
742487,281173,stax,485,T1,T1,0.7,0.58,102.0,129.0,2.0,6.0,4.0,11.0,2.0,2.0,50.0,50.0,52.0,104.0,11.0,26.0,1.0,1.0,1.0,2.0
742487,281173,Munchkin,2489,T1,T1,1.1,0.28,215.0,87.0,5.0,3.0,4.0,10.0,0.0,2.0,67.0,42.0,131.0,61.0,14.0,6.0,0.0,0.0,0.0,2.0
742487,281173,Meteor,13039,T1,T1,0.83,0.35,227.0,61.0,5.0,3.0,5.0,10.0,1.0,1.0,67.0,33.0,134.0,37.0,43.0,33.0,0.0,0.0,1.0,2.0
742487,281174,xavi8k,7754,GE,Global Esports,0.51,1.87,139.0,295.0,4.0,15.0,10.0,4.0,6.0,5.0,64.0,75.0,95.0,171.0,19.0,32.0,1.0,2.0,2.0,3.0
742487,281174,Kr1stal,5796,GE,Global Esports,0.59,1.49,138.0,283.0,5.0,11.0,10.0,7.0,2.0,5.0,64.0,92.0,89.0,216.0,25.0,29.0,0.0,0.0,0.0,0.0
742487,281174,PatMen,13744,GE,Global Esports,0.96,1.07,175.0,239.0,6.0,10.0,8.0,8.0,5.0,6.0,73.0,92.0,120.0,158.0,50.0,20.0,1.0,0.0,1.0,1.0
742487,281174,UdoTan,4428,GE,Global Esports,1.1,0.84,229.0,208.0,9.0,8.0,8.0,10.0,3.0,3.0,82.0,83.0,171.0,153.0,47.0,28.0,2.0,1.0,2.0,3.0
742487,281174,Autumn,872,GE,Global Esports,0.36,0.71,85.0,182.0,3.0,7.0,9.0,8.0,0.0,3.0,45.0,67.0,56.0,126.0,50.0,23.0,0.0,1.0,2.0,1.0
742487,281174,stax,485,T1,T1,1.42,1.37,249.0,197.0,10.0,8.0,8.0,4.0,7.0,8.0,75.0,82.0,171.0,108.0,14.0,23.0,2.0,1.0,1.0,1.0
742487,281174,Meteor,13039,T1,T1,0.94,1.29,253.0,254.0,11.0,9.0,11.0,6.0,0.0,1.0,67.0,64.0,169.0,155.0,26.0,25.0,3.0,5.0,0.0,3.0
742487,281174,BuZz,804,T1,T1,0.73,1.22,162.0,227.0,6.0,10.0,10.0,6.0,3.0,1.0,67.0,82.0,109.0,142.0,23.0,25.0,2.0,1.0,2.0,0.0
742487,281174,Munchkin,2489,T1,T1,0.69,1.16,161.0,212.0,7.0,7.0,10.0,8.0,1.0,6.0,50.0,91.0,111.0,149.0,15.0,21.0,1.0,0.0,1.0,0.0
742487,281174,iZu,29833,T1,T1,0.21,1.57,112.0,215.0,3.0,11.0,12.0,3.0,5.0,2.0,67.0,91.0,74.0,152.0,18.0,35.0,0.0,0.0,0.0,0.0
742487,281175,Kr1stal,5796,GE,Global Esports,1.84,1.64,290.0,211.0,12.0,5.0,4.0,2.0,7.0,1.0,92.0,83.0,195.0,129.0,46.0,10.0,1.0,1.0,0.0,0.0
742487,281175,Autumn,872,GE,Global Esports,1.65,1.21,290.0,205.0,13.0,5.0,4.0,5.0,3.0,3.0,83.0,67.0,204.0,135.0,36.0,25.0,1.0,1.0,2.0,0.0
742487,281175,UdoTan,4428,GE,Global Esports,1.34,1.0,236.0,224.0,11.0,3.0,5.0,5.0,3.0,3.0,100.0,67.0,148.0,171.0,38.0,19.0,2.0,0.0,1.0,1.0
742487,281175,PatMen,13744,GE,Global Esports,1.04,1.47,198.0,218.0,9.0,5.0,7.0,3.0,6.0,4.0,75.0,67.0,110.0,143.0,25.0,38.0,1.0,0.0,1.0,2.0
742487,281175,xavi8k,7754,GE,Global Esports,1.33,0.27,220.0,56.0,10.0,1.0,5.0,6.0,6.0,2.0,83.0,33.0,127.0,35.0,10.0,14.0,2.0,0.0,1.0,1.0
742487,281175,BuZz,804,T1,T1,0.96,0.75,271.0,211.0,6.0,7.0,5.0,12.0,0.0,1.0,67.0,50.0,157.0,135.0,33.0,31.0,2.0,3.0,0.0,0.0
742487,281175,Meteor,13039,T1,T1,1.75,0.25,371.0,80.0,8.0,3.0,3.0,11.0,3.0,0.0,83.0,17.0,227.0,61.0,69.0,33.0,2.0,0.0,1.0,3.0
742487,281175,stax,485,T1,T1,0.93,0.51,158.0,137.0,4.0,5.0,3.0,11.0,2.0,1.0,67.0,42.0,84.0,107.0,25.0,28.0,0.0,1.0,0.0,3.0
742487,281175,Munchkin,2489,T1,T1,0.42,0.75,159.0,152.0,2.0,6.0,5.0,10.0,1.0,1.0,33.0,50.0,125.0,97.0,27.0,15.0,0.0,0.0,0.0,0.0
742487,281175,iZu,29833,T1,T1,0.58,0.48,75.0,120.0,1.0,4.0,3.0,11.0,2.0,1.0,67.0,42.0,55.0,76.0,33.0,33.0,0.0,1.0,1.0,1.0
742487,281176,Kr1stal,5796,GE,Global Esports,1.49,1.48,274.0,240.0,11.0,11.0,6.0,6.0,2.0,2.0,82.0,83.0,167.0,168.0,29.0,22.0,0.0,2.0,0.0,1.0
742487,281176,PatMen,13744,GE,Global Esports,0.91,1.44,196.0,359.0,7.0,15.0,7.0,10.0,0.0,1.0,36.0,75.0,122.0,210.0,56.0,41.0,1.0,3.0,2.0,1.0
742487,281176,xavi8k,7754,GE,Global Esports,1.24,0.83,205.0,184.0,8.0,6.0,6.0,8.0,3.0,4.0,82.0,67.0,127.0,126.0,21.0,33.0,1.0,1.0,1.0,1.0
742487,281176,UdoTan,4428,GE,Global Esports,0.71,1.21,208.0,208.0,8.0,10.0,9.0,8.0,2.0,2.0,100.0,75.0,119.0,113.0,13.0,26.0,2.0,1.0,2.0,2.0
742487,281176,Autumn,872,GE,Global Esports,1.24,0.42,166.0,109.0,6.0,3.0,6.0,9.0,10.0,4.0,100.0,58.0,136.0,78.0,35.0,31.0,1.0,0.0,1.0,0.0
742487,281176,stax,485,T1,T1,2.12,0.76,366.0,154.0,16.0,6.0,6.0,8.0,4.0,5.0,92.0,64.0,248.0,94.0,33.0,33.0,1.0,1.0,0.0,0.0
742487,281176,iZu,29833,T1,T1,0.81,1.38,148.0,267.0,6.0,11.0,8.0,7.0,2.0,0.0,67.0,73.0,97.0,156.0,67.0,42.0,0.0,0.0,1.0,1.0
742487,281176,Munchkin,2489,T1,T1,0.46,1.1,178.0,250.0,7.0,9.0,11.0,7.0,2.0,2.0,75.0,55.0,115.0,146.0,12.0,15.0,3.0,4.0,1.0,2.0
742487,281176,BuZz,804,T1,T1,0.81,0.25,200.0,101.0,9.0,3.0,10.0,10.0,1.0,3.0,50.0,55.0,119.0,80.0,33.0,13.0,1.0,0.0,3.0,2.0
742487,281176,Meteor,13039,T1,T1,0.2,0.81,80.0,136.0,3.0,5.0,10.0,8.0,0.0,3.0,50.0,73.0,54.0,96.0,22.0,40.0,0.0,1.0,2.0,0.0
