match_id,game_id,player,player_id,tag,team,rating_atk,rating_def,acs_atk,acs_def,k_atk,k_def,d_atk,d_def,a_atk,a_def,kast_atk,kast_def,adr_atk,adr_def,hs_atk,hs_def,fk_atk,fk_def,fd_atk,fd_def
642914,257925,Coco,47629,TEC,Wuxi Titan Esports Club (Titan Esports Club),1.51,0.94,268.0,166.0,9.0,7.0,5.0,8.0,1.0,5.0,88.0,67.0,177.0,102.0,41.0,40.0,1.0,0.0,0.0,3.0
642914,257925,Spitfires,4881,TEC,Wuxi Titan Esports Club (Titan Esports Club),0.58,1.35,115.0,303.0,3.0,13.0,6.0,9.0,1.0,2.0,63.0,75.0,82.0,224.0,38.0,26.0,0.0,1.0,1.0,1.0
642914,257925,Haodong,4720,TEC,Wuxi Titan Esports Club (Titan Esports Club),0.57,1.0,119.0,152.0,2.0,6.0,6.0,7.0,3.0,6.0,63.0,92.0,97.0,102.0,11.0,35.0,0.0,0.0,1.0,0.0
642914,257925,lucas,19677,TEC,Wuxi Titan Esports Club (Titan Esports Club),0.85,0.82,203.0,135.0,5.0,5.0,8.0,8.0,2.0,4.0,63.0,58.0,130.0,102.0,17.0,50.0,0.0,2.0,2.0,2.0
642914,257925,Dynamite,42235,TEC,Wuxi Titan Esports Club (Titan Esports Club),0.02,1.02,42.0,180.0,1.0,8.0,8.0,9.0,1.0,5.0,25.0,75.0,25.0,107.0,11.0,14.0,0.0,1.0,3.0,2.0
642914,257925,f4ngeer,21216,AG,All Gamers,1.18,2.03,273.0,396.0,11.0,12.0,10.0,4.0,3.0,0.0,83.0,88.0,179.0,249.0,48.0,29.0,4.0,1.0,0.0,0.0
642914,257925,Shr1mp,25494,AG,All Gamers,1.1,1.51,129.0,304.0,6.0,9.0,5.0,3.0,3.0,1.0,83.0,88.0,73.0,168.0,36.0,24.0,0.0,2.0,1.0,0.0
642914,257925,iamgrq,58959,AG,All Gamers,0.94,1.32,256.0,264.0,10.0,7.0,10.0,6.0,3.0,3.0,50.0,88.0,167.0,147.0,11.0,8.0,2.0,2.0,2.0,0.0
642914,257925,K1ra,46748,AG,All Gamers,0.99,0.61,218.0,56.0,10.0,2.0,8.0,3.0,2.0,0.0,75.0,75.0,145.0,38.0,20.0,27.0,2.0,1.0,1.0,1.0
642914,257925,Septem7,3031,AG,All Gamers,0.85,0.68,98.0,111.0,4.0,3.0,6.0,4.0,6.0,2.0,75.0,100.0,70.0,65.0,23.0,7.0,0.0,1.0,0.0,0.0
642914,257926,Haodong,4720,TEC,Wuxi Titan Esports Club (Titan Esports Club),1.01,2.07,179.0,293.0,8.0,11.0,7.0,4.0,4.0,4.0,83.0,89.0,111.0,225.0,27.0,63.0,2.0,0.0,0.0,1.0
642914,257926,Coco,47629,TEC,Wuxi Titan Esports Club (Titan Esports Club),0.84,1.75,242.0,398.0,10.0,12.0,9.0,7.0,2.0,4.0,83.0,89.0,154.0,254.0,43.0,40.0,2.0,2.0,0.0,1.0
642914,257926,Dynamite,42235,TEC,Wuxi Titan Esports Club (Titan Esports Club),1.62,0.68,324.0,175.0,14.0,7.0,6.0,8.0,1.0,0.0,83.0,78.0,208.0,110.0,25.0,15.0,2.0,1.0,1.0,1.0
642914,257926,lucas,19677,TEC,Wuxi Titan Esports Club (Titan Esports Club),1.3,0.6,217.0,154.0,10.0,5.0,7.0,7.0,5.0,3.0,75.0,78.0,141.0,85.0,28.0,20.0,1.0,1.0,0.0,0.0
642914,257926,Spitfires,4881,TEC,Wuxi Titan Esports Club (Titan Esports Club),0.46,0.79,140.0,189.0,6.0,6.0,9.0,7.0,5.0,4.0,67.0,100.0,79.0,128.0,27.0,21.0,1.0,1.0,3.0,1.0
642914,257926,f4ngeer,21216,AG,All Gamers,0.82,1.57,207.0,230.0,5.0,12.0,8.0,8.0,5.0,1.0,78.0,75.0,159.0,159.0,32.0,50.0,1.0,2.0,2.0,1.0
642914,257926,iamgrq,58959,AG,All Gamers,1.07,0.84,264.0,192.0,8.0,5.0,8.0,11.0,4.0,10.0,78.0,75.0,161.0,131.0,17.0,18.0,0.0,1.0,0.0,1.0
642914,257926,Septem7,3031,AG,All Gamers,0.54,1.14,168.0,247.0,5.0,11.0,9.0,10.0,3.0,1.0,100.0,83.0,116.0,167.0,38.0,41.0,1.0,0.0,0.0,1.0
642914,257926,K1ra,46748,AG,All Gamers,1.21,0.59,268.0,154.0,9.0,5.0,8.0,10.0,0.0,3.0,78.0,58.0,158.0,116.0,33.0,18.0,2.0,1.0,1.0,1.0
642914,257926,Shr1mp,25494,AG,All Gamers,0.69,0.8,168.0,128.0,6.0,5.0,8.0,9.0,3.0,6.0,44.0,67.0,97.0,81.0,27.0,22.0,0.0,0.0,2.0,4.0
642914,257927,Coco,47629,TEC,Wuxi Titan Esports Club (Titan Esports Club),1.2,1.42,249.0,263.0,13.0,13.0,10.0,10.0,6.0,6.0,86.0,93.0,155.0,177.0,33.0,29.0,2.0,1.0,1.0,2.0
642914,257927,lucas,19677,TEC,Wuxi Titan Esports Club (Titan Esports Club),1.6,0.98,237.0,205.0,12.0,10.0,6.0,10.0,6.0,3.0,79.0,86.0,172.0,144.0,44.0,35.0,0.0,1.0,0.0,1.0
642914,257927,Dynamite,42235,TEC,Wuxi Titan Esports Club (Titan Esports Club),0.96,0.76,241.0,195.0,10.0,9.0,11.0,12.0,7.0,3.0,86.0,64.0,152.0,130.0,13.0,29.0,5.0,0.0,3.0,4.0
642914,257927,Spitfires,4881,TEC,Wuxi Titan Esports Club (Titan Esports Club),0.7,0.62,137.0,167.0,7.0,9.0,10.0,12.0,5.0,2.0,64.0,64.0,79.0,105.0,25.0,32.0,1.0,2.0,1.0,3.0
642914,257927,Haodong,4720,TEC,Wuxi Titan Esports Club (Titan Esports Club),0.37,0.88,69.0,187.0,4.0,9.0,9.0,10.0,3.0,4.0,43.0,79.0,54.0,136.0,30.0,40.0,0.0,0.0,1.0,0.0
642914,257927,Shr1mp,25494,AG,All Gamers,1.34,1.36,204.0,202.0,12.0,10.0,8.0,8.0,3.0,6.0,64.0,64.0,123.0,145.0,28.0,22.0,1.0,0.0,0.0,0.0
642914,257927,K1ra,46748,AG,All Gamers,1.29,1.17,253.0,179.0,12.0,9.0,9.0,8.0,4.0,4.0,86.0,79.0,171.0,135.0,18.0,20.0,3.0,0.0,2.0,2.0
642914,257927,f4ngeer,21216,AG,All Gamers,1.37,1.1,279.0,191.0,15.0,10.0,10.0,8.0,0.0,4.0,64.0,71.0,176.0,116.0,48.0,35.0,3.0,1.0,1.0,2.0
642914,257927,iamgrq,58959,AG,All Gamers,0.93,1.06,214.0,252.0,10.0,12.0,11.0,12.0,5.0,2.0,71.0,71.0,157.0,145.0,22.0,16.0,2.0,4.0,1.0,2.0
642914,257927,Septem7,3031,AG,All Gamers,0.46,0.69,128.0,120.0,5.0,5.0,12.0,10.0,4.0,6.0,64.0,79.0,93.0,87.0,17.0,18.0,1.0,1.0,0.0,2.0
642915,257928,Ezeir,46460,NOVA,Nova Esports,1.05,1.74,234.0,349.0,9.0,4.0,11.0,2.0,3.0,0.0,67.0,100.0,140.0,240.0,29.0,50.0,0.0,0.0,0.0,0.0
642915,257928,qiutiaN,43007,NOVA,Nova Esports,0.82,0.02,171.0,51.0,6.0,0.0,11.0,3.0,4.0,2.0,67.0,67.0,124.0,54.0,21.0,0.0,1.0,0.0,1.0,0.0
642915,257928,swagzor,45492,NOVA,Nova Esports,0.43,0.3,113.0,178.0,4.0,2.0,11.0,3.0,2.0,0.0,50.0,67.0,66.0,91.0,20.0,33.0,1.0,1.0,6.0,1.0
642915,257928,GREEN,34181,NOVA,Nova Esports,0.14,1.4,36.0,291.0,1.0,3.0,12.0,2.0,2.0,1.0,42.0,67.0,21.0,201.0,11.0,60.0,0.0,0.0,2.0,0.0
642915,257928,GuanG,41054,NOVA,Nova Esports,0.24,0.88,72.0,147.0,2.0,2.0,11.0,2.0,0.0,1.0,33.0,100.0,61.0,71.0,36.0,20.0,0.0,1.0,1.0,0.0
642915,257928,ZmjjKK,3520,EDG,EDward Gaming,1.9,1.62,365.0,246.0,5.0,12.0,2.0,3.0,0.0,1.0,67.0,100.0,176.0,160.0,11.0,31.0,0.0,4.0,1.0,0.0
642915,257928,Jieni7,51244,EDG,EDward Gaming,2.11,1.47,338.0,287.0,4.0,13.0,2.0,6.0,0.0,2.0,67.0,83.0,218.0,187.0,55.0,32.0,1.0,4.0,0.0,1.0
642915,257928,Smoggy,4742,EDG,EDward Gaming,0.72,1.7,159.0,313.0,1.0,14.0,2.0,5.0,2.0,5.0,100.0,92.0,111.0,210.0,17.0,31.0,0.0,0.0,1.0,0.0
642915,257928,CHICHOO,15559,EDG,EDward Gaming,0.39,1.31,110.0,213.0,1.0,8.0,3.0,4.0,0.0,6.0,67.0,92.0,79.0,137.0,20.0,23.0,0.0,2.0,0.0,0.0
642915,257928,nobody,3017,EDG,EDward Gaming,0.48,1.19,114.0,188.0,1.0,9.0,2.0,4.0,2.0,7.0,100.0,83.0,58.0,116.0,20.0,47.0,0.0,0.0,0.0,1.0
642915,257929,GREEN,34181,NOVA,Nova Esports,0.88,1.6,192.0,300.0,9.0,4.0,11.0,2.0,0.0,0.0,75.0,75.0,106.0,182.0,36.0,50.0,0.0,1.0,0.0,0.0
642915,257929,Ezeir,46460,NOVA,Nova Esports,0.63,1.35,148.0,304.0,6.0,4.0,12.0,2.0,2.0,4.0,58.0,100.0,105.0,177.0,23.0,18.0,1.0,1.0,1.0,0.0
642915,257929,swagzor,45492,NOVA,Nova Esports,0.54,0.95,187.0,195.0,7.0,3.0,12.0,2.0,2.0,1.0,58.0,75.0,105.0,105.0,31.0,33.0,2.0,1.0,4.0,0.0
642915,257929,GuanG,41054,NOVA,Nova Esports,0.41,1.03,108.0,184.0,4.0,3.0,10.0,2.0,0.0,0.0,50.0,75.0,61.0,105.0,9.0,25.0,1.0,1.0,3.0,0.0
642915,257929,qiutiaN,43007,NOVA,Nova Esports,0.41,0.76,89.0,121.0,2.0,2.0,11.0,2.0,4.0,2.0,50.0,50.0,76.0,64.0,25.0,17.0,0.0,0.0,0.0,0.0
642915,257929,Jieni7,51244,EDG,EDward Gaming,1.97,1.85,261.0,317.0,4.0,15.0,2.0,5.0,0.0,7.0,50.0,75.0,190.0,218.0,25.0,26.0,0.0,1.0,0.0,1.0
642915,257929,CHICHOO,15559,EDG,EDward Gaming,0.84,1.57,127.0,239.0,2.0,11.0,3.0,4.0,1.0,1.0,25.0,92.0,90.0,150.0,14.0,40.0,0.0,1.0,1.0,0.0
642915,257929,Smoggy,4742,EDG,EDward Gaming,0.37,1.62,80.0,245.0,1.0,11.0,4.0,4.0,0.0,4.0,50.0,92.0,50.0,158.0,50.0,43.0,0.0,1.0,0.0,1.0
642915,257929,ZmjjKK,3520,EDG,EDward Gaming,0.37,1.12,76.0,276.0,1.0,11.0,3.0,7.0,0.0,3.0,25.0,83.0,54.0,179.0,25.0,3.0,0.0,3.0,2.0,2.0
642915,257929,nobody,3017,EDG,EDward Gaming,0.37,0.84,181.0,210.0,2.0,8.0,4.0,8.0,0.0,3.0,50.0,75.0,108.0,137.0,29.0,29.0,0.0,2.0,1.0,0.0
642916,257931,zhe,49476,JDG,JD Mall JDG Esports (JD Gaming),1.97,1.51,348.0,275.0,12.0,11.0,3.0,8.0,0.0,5.0,100.0,92.0,190.0,195.0,27.0,32.0,2.0,0.0,0.0,0.0
642916,257931,stew,16924,JDG,JD Mall JDG Esports (JD Gaming),0.8,1.43,246.0,272.0,8.0,12.0,7.0,7.0,1.0,3.0,78.0,75.0,144.0,190.0,18.0,31.0,1.0,3.0,2.0,2.0
642916,257931,jkuro,3519,JDG,JD Mall JDG Esports (JD Gaming),0.76,1.15,122.0,222.0,3.0,10.0,5.0,7.0,7.0,4.0,78.0,92.0,83.0,134.0,16.0,36.0,0.0,3.0,0.0,1.0
642916,257931,Yuicaw,11218,JDG,JD Mall JDG Esports (JD Gaming),0.69,1.15,134.0,153.0,5.0,7.0,6.0,7.0,0.0,1.0,56.0,83.0,77.0,145.0,44.0,32.0,2.0,0.0,2.0,0.0
642916,257931,coconut,12365,JDG,JD Mall JDG Esports (JD Gaming),1.49,0.54,245.0,130.0,9.0,5.0,5.0,9.0,1.0,2.0,89.0,67.0,155.0,82.0,41.0,50.0,0.0,1.0,0.0,2.0
642916,257931,AAAAY,19530,FPX,FunPlus Phoenix,1.27,1.28,232.0,225.0,10.0,7.0,8.0,6.0,3.0,1.0,83.0,67.0,156.0,137.0,36.0,50.0,2.0,0.0,0.0,0.0
642916,257931,BerLIN,7857,FPX,FunPlus Phoenix,0.91,0.66,188.0,139.0,8.0,4.0,9.0,7.0,3.0,1.0,58.0,56.0,121.0,95.0,31.0,75.0,1.0,0.0,0.0,2.0
642916,257931,KovaQ,7987,FPX,FunPlus Phoenix,0.82,0.7,139.0,183.0,6.0,6.0,9.0,8.0,4.0,0.0,67.0,56.0,100.0,149.0,19.0,41.0,0.0,0.0,1.0,0.0
642916,257931,Ben1Ley,55823,FPX,FunPlus Phoenix,0.66,0.56,156.0,168.0,7.0,4.0,9.0,9.0,0.0,0.0,58.0,33.0,102.0,111.0,36.0,19.0,0.0,3.0,1.0,2.0
642916,257931,Setrod,50025,FPX,FunPlus Phoenix,0.5,0.62,165.0,186.0,7.0,5.0,10.0,7.0,2.0,0.0,58.0,67.0,89.0,115.0,15.0,40.0,2.0,1.0,5.0,1.0
642916,257933,Yuicaw,11218,JDG,JD Mall JDG Esports (JD Gaming),2.2,1.49,329.0,346.0,9.0,16.0,3.0,6.0,4.0,1.0,75.0,75.0,199.0,216.0,67.0,39.0,2.0,3.0,0.0,0.0
642916,257933,coconut,12365,JDG,JD Mall JDG Esports (JD Gaming),1.31,1.36,193.0,206.0,7.0,10.0,4.0,4.0,1.0,3.0,88.0,92.0,115.0,135.0,21.0,39.0,1.0,1.0,1.0,1.0
642916,257933,stew,16924,JDG,JD Mall JDG Esports (JD Gaming),0.58,1.63,207.0,254.0,5.0,12.0,8.0,4.0,1.0,5.0,50.0,92.0,146.0,189.0,13.0,16.0,1.0,4.0,1.0,0.0
642916,257933,zhe,49476,JDG,JD Mall JDG Esports (JD Gaming),0.82,1.21,191.0,214.0,5.0,7.0,6.0,5.0,2.0,9.0,75.0,100.0,144.0,154.0,22.0,8.0,1.0,2.0,1.0,0.0
642916,257933,jkuro,3519,JDG,JD Mall JDG Esports (JD Gaming),0.27,1.32,152.0,200.0,4.0,10.0,8.0,4.0,2.0,3.0,63.0,92.0,87.0,122.0,30.0,16.0,0.0,1.0,0.0,0.0
642916,257933,AAAAY,19530,FPX,FunPlus Phoenix,0.93,1.13,155.0,225.0,7.0,6.0,11.0,5.0,1.0,3.0,50.0,88.0,100.0,130.0,24.0,25.0,0.0,1.0,1.0,0.0
642916,257933,KovaQ,7987,FPX,FunPlus Phoenix,0.63,1.48,119.0,347.0,5.0,10.0,11.0,7.0,3.0,3.0,67.0,75.0,73.0,223.0,10.0,19.0,0.0,0.0,0.0,1.0
642916,257933,Setrod,50025,FPX,FunPlus Phoenix,0.06,1.69,48.0,303.0,1.0,10.0,11.0,5.0,1.0,0.0,50.0,63.0,38.0,186.0,12.0,27.0,0.0,0.0,5.0,1.0
642916,257933,BerLIN,7857,FPX,FunPlus Phoenix,0.81,0.56,150.0,125.0,5.0,2.0,11.0,6.0,6.0,5.0,67.0,88.0,104.0,82.0,6.0,11.0,0.0,1.0,0.0,0.0
642916,257933,Ben1Ley,55823,FPX,FunPlus Phoenix,0.62,0.03,141.0,54.0,5.0,1.0,11.0,7.0,3.0,2.0,50.0,63.0,97.0,35.0,44.0,0.0,1.0,1.0,5.0,3.0
642916,260852,zhe,49476,JDG,JD Mall JDG Esports (JD Gaming),1.85,0.8,385.0,123.0,11.0,5.0,6.0,9.0,0.0,3.0,50.0,75.0,220.0,88.0,38.0,19.0,2.0,1.0,1.0,1.0
642916,260852,stew,16924,JDG,JD Mall JDG Esports (JD Gaming),0.36,1.32,134.0,266.0,4.0,10.0,7.0,9.0,1.0,3.0,50.0,75.0,100.0,168.0,23.0,33.0,1.0,2.0,2.0,2.0
642916,260852,Yuicaw,11218,JDG,JD Mall JDG Esports (JD Gaming),0.57,0.93,206.0,149.0,5.0,6.0,7.0,8.0,0.0,2.0,50.0,58.0,150.0,122.0,38.0,29.0,0.0,0.0,1.0,2.0
642916,260852,jkuro,3519,JDG,JD Mall JDG Esports (JD Gaming),0.2,1.09,43.0,243.0,1.0,11.0,7.0,10.0,1.0,2.0,38.0,83.0,29.0,164.0,40.0,36.0,0.0,1.0,1.0,3.0
642916,260852,coconut,12365,JDG,JD Mall JDG Esports (JD Gaming),0.2,0.87,36.0,124.0,1.0,5.0,7.0,7.0,1.0,4.0,25.0,75.0,43.0,90.0,33.0,33.0,0.0,0.0,0.0,0.0
642916,260852,KovaQ,7987,FPX,FunPlus Phoenix,1.03,1.36,279.0,222.0,12.0,7.0,8.0,4.0,0.0,2.0,92.0,88.0,183.0,126.0,20.0,36.0,2.0,1.0,1.0,0.0
642916,260852,Ben1Ley,55823,FPX,FunPlus Phoenix,1.17,1.15,241.0,179.0,10.0,5.0,7.0,5.0,2.0,2.0,83.0,75.0,143.0,123.0,26.0,23.0,1.0,1.0,1.0,2.0
642916,260852,BerLIN,7857,FPX,FunPlus Phoenix,0.86,1.57,188.0,298.0,7.0,7.0,8.0,5.0,7.0,6.0,100.0,100.0,112.0,195.0,19.0,23.0,2.0,2.0,1.0,0.0
642916,260852,Setrod,50025,FPX,FunPlus Phoenix,1.03,1.32,199.0,237.0,9.0,7.0,8.0,4.0,1.0,1.0,83.0,63.0,135.0,120.0,28.0,16.0,2.0,1.0,1.0,1.0
642916,260852,AAAAY,19530,FPX,FunPlus Phoenix,0.84,1.17,114.0,259.0,5.0,8.0,6.0,4.0,2.0,2.0,67.0,88.0,86.0,154.0,21.0,15.0,1.0,0.0,0.0,0.0
642917,257934,SpiritZ1,31753,DRG,Dragon Ranger Gaming,0.99,1.55,252.0,338.0,5.0,13.0,5.0,11.0,0.0,3.0,80.0,75.0,150.0,200.0,20.0,31.0,1.0,4.0,0.0,0.0
642917,257934,vo0kashu,3741,DRG,Dragon Ranger Gaming,0.89,1.06,205.0,181.0,4.0,8.0,5.0,10.0,0.0,4.0,80.0,75.0,116.0,140.0,18.0,39.0,0.0,0.0,1.0,1.0
642917,257934,Life,3028,DRG,Dragon Ranger Gaming,0.89,0.8,260.0,191.0,4.0,7.0,5.0,10.0,2.0,4.0,80.0,75.0,171.0,126.0,70.0,69.0,0.0,2.0,1.0,3.0
642917,257934,Nicc,11524,DRG,Dragon Ranger Gaming,0.57,0.87,140.0,119.0,2.0,5.0,5.0,8.0,3.0,5.0,60.0,67.0,99.0,82.0,15.0,39.0,0.0,0.0,2.0,2.0
642917,257934,Flex1n,4705,DRG,Dragon Ranger Gaming,0.03,0.55,61.0,118.0,0.0,5.0,5.0,11.0,1.0,6.0,60.0,50.0,61.0,71.0,14.0,12.0,0.0,0.0,0.0,0.0
642917,257934,WsLeo,24308,XLG,Xi Lai Gaming,1.47,1.69,204.0,326.0,11.0,7.0,5.0,3.0,9.0,1.0,83.0,100.0,137.0,188.0,29.0,9.0,0.0,0.0,0.0,0.0
642917,257934,Rarga,22047,XLG,Xi Lai Gaming,1.12,1.97,278.0,387.0,11.0,7.0,9.0,3.0,5.0,3.0,83.0,100.0,182.0,233.0,32.0,10.0,1.0,2.0,2.0,0.0
642917,257934,NoMan,11527,XLG,Xi Lai Gaming,0.99,1.47,208.0,256.0,10.0,5.0,7.0,3.0,0.0,1.0,75.0,100.0,132.0,176.0,33.0,40.0,2.0,1.0,2.0,1.0
642917,257934,happywei,37927,XLG,Xi Lai Gaming,1.16,0.83,219.0,195.0,9.0,4.0,7.0,3.0,1.0,1.0,83.0,100.0,145.0,111.0,30.0,83.0,3.0,1.0,0.0,0.0
642917,257934,Lysoar,37489,XLG,Xi Lai Gaming,0.64,0.82,205.0,106.0,9.0,2.0,10.0,3.0,5.0,6.0,83.0,100.0,126.0,55.0,53.0,14.0,0.0,0.0,2.0,0.0
642917,257935,vo0kashu,3741,DRG,Dragon Ranger Gaming,1.6,0.97,296.0,214.0,12.0,10.0,5.0,11.0,4.0,2.0,75.0,67.0,207.0,137.0,23.0,29.0,1.0,1.0,0.0,0.0
642917,257935,Nicc,11524,DRG,Dragon Ranger Gaming,1.03,1.14,168.0,240.0,6.0,9.0,7.0,10.0,10.0,6.0,92.0,75.0,115.0,157.0,27.0,42.0,0.0,0.0,0.0,1.0
642917,257935,SpiritZ1,31753,DRG,Dragon Ranger Gaming,1.15,0.74,232.0,150.0,9.0,6.0,7.0,10.0,2.0,2.0,67.0,58.0,145.0,97.0,21.0,38.0,2.0,3.0,3.0,3.0
642917,257935,Life,3028,DRG,Dragon Ranger Gaming,0.78,0.77,209.0,179.0,8.0,7.0,9.0,10.0,2.0,0.0,83.0,58.0,137.0,97.0,24.0,64.0,1.0,3.0,3.0,1.0
642917,257935,Flex1n,4705,DRG,Dragon Ranger Gaming,0.99,0.56,232.0,124.0,10.0,4.0,8.0,10.0,2.0,5.0,58.0,58.0,141.0,95.0,37.0,25.0,2.0,0.0,0.0,0.0
642917,257935,happywei,37927,XLG,Xi Lai Gaming,1.97,1.24,433.0,259.0,19.0,10.0,7.0,9.0,4.0,2.0,92.0,83.0,284.0,194.0,53.0,41.0,1.0,2.0,2.0,1.0
642917,257935,Lysoar,37489,XLG,Xi Lai Gaming,0.8,1.57,107.0,267.0,5.0,10.0,6.0,8.0,6.0,5.0,75.0,67.0,70.0,162.0,29.0,48.0,0.0,2.0,1.0,0.0
642917,257935,WsLeo,24308,XLG,Xi Lai Gaming,1.69,0.65,255.0,131.0,11.0,4.0,5.0,9.0,8.0,7.0,92.0,75.0,172.0,94.0,38.0,29.0,0.0,1.0,0.0,0.0
642917,257935,NoMan,11527,XLG,Xi Lai Gaming,0.97,0.9,172.0,150.0,8.0,6.0,7.0,8.0,1.0,2.0,67.0,83.0,130.0,94.0,42.0,36.0,0.0,0.0,1.0,1.0
642917,257935,Rarga,22047,XLG,Xi Lai Gaming,0.56,0.43,192.0,134.0,8.0,6.0,11.0,11.0,3.0,1.0,67.0,42.0,122.0,92.0,28.0,6.0,4.0,1.0,3.0,4.0
642918,257937,Spring,14125,WOL,Wolves Esports,1.18,1.28,279.0,264.0,10.0,11.0,8.0,9.0,2.0,2.0,80.0,75.0,176.0,207.0,20.0,44.0,1.0,2.0,0.0,2.0
642918,257937,jowa,19292,WOL,Wolves Esports,0.41,1.32,105.0,180.0,3.0,8.0,7.0,6.0,3.0,3.0,80.0,67.0,83.0,112.0,44.0,62.0,0.0,1.0,1.0,1.0
642918,257937,glacier,49973,WOL,Wolves Esports,1.03,0.72,221.0,217.0,8.0,7.0,7.0,11.0,1.0,3.0,80.0,50.0,119.0,169.0,37.0,35.0,3.0,3.0,3.0,1.0
642918,257937,yosemite,6022,WOL,Wolves Esports,1.14,0.57,211.0,92.0,8.0,3.0,7.0,9.0,1.0,4.0,70.0,58.0,137.0,84.0,33.0,15.0,1.0,0.0,0.0,1.0
642918,257937,SiuFatBB,7849,WOL,Wolves Esports,0.5,0.28,110.0,62.0,5.0,3.0,6.0,10.0,0.0,2.0,50.0,42.0,94.0,45.0,38.0,43.0,0.0,0.0,1.0,1.0
642918,257937,deLb,10821,TE,Trace Esports,1.79,1.06,274.0,221.0,12.0,8.0,4.0,9.0,2.0,1.0,83.0,60.0,175.0,129.0,35.0,64.0,3.0,2.0,2.0,1.0
642918,257937,Abo,5011,TE,Trace Esports,1.23,1.31,237.0,206.0,10.0,8.0,7.0,6.0,3.0,0.0,83.0,50.0,138.0,140.0,33.0,22.0,1.0,0.0,1.0,0.0
642918,257937,Viva,36415,TE,Trace Esports,0.94,1.39,157.0,232.0,5.0,9.0,6.0,6.0,4.0,2.0,100.0,80.0,95.0,185.0,27.0,38.0,0.0,1.0,0.0,1.0
642918,257937,Xlele,54487,TE,Trace Esports,0.96,0.96,132.0,211.0,7.0,7.0,6.0,7.0,6.0,2.0,83.0,80.0,60.0,108.0,19.0,43.0,0.0,2.0,2.0,0.0
642918,257937,Kai,37494,TE,Trace Esports,0.97,0.71,256.0,109.0,11.0,3.0,9.0,6.0,2.0,4.0,83.0,70.0,172.0,95.0,30.0,15.0,2.0,0.0,1.0,3.0
642918,257938,Spring,14125,WOL,Wolves Esports,0.89,1.48,186.0,326.0,7.0,11.0,10.0,7.0,2.0,5.0,67.0,89.0,138.0,236.0,31.0,33.0,0.0,0.0,2.0,0.0
642918,257938,jowa,19292,WOL,Wolves Esports,0.96,1.28,202.0,246.0,7.0,9.0,11.0,6.0,4.0,3.0,83.0,78.0,142.0,149.0,21.0,15.0,1.0,1.0,0.0,2.0
642918,257938,yosemite,6022,WOL,Wolves Esports,1.25,0.86,237.0,183.0,10.0,5.0,9.0,7.0,4.0,2.0,75.0,67.0,140.0,114.0,53.0,33.0,1.0,1.0,0.0,2.0
642918,257938,SiuFatBB,7849,WOL,Wolves Esports,0.8,0.57,123.0,79.0,5.0,2.0,9.0,6.0,5.0,4.0,67.0,89.0,79.0,49.0,27.0,8.0,1.0,0.0,1.0,1.0
642918,257938,glacier,49973,WOL,Wolves Esports,0.34,0.75,109.0,151.0,3.0,4.0,10.0,7.0,2.0,3.0,58.0,78.0,70.0,96.0,25.0,29.0,1.0,1.0,5.0,1.0
642918,257938,Kai,37494,TE,Trace Esports,1.39,1.36,333.0,279.0,11.0,14.0,8.0,6.0,2.0,1.0,89.0,83.0,183.0,206.0,40.0,35.0,4.0,1.0,1.0,1.0
642918,257938,deLb,10821,TE,Trace Esports,1.44,1.25,206.0,304.0,7.0,13.0,4.0,9.0,5.0,6.0,89.0,92.0,169.0,174.0,30.0,38.0,0.0,3.0,0.0,0.0
642918,257938,Abo,5011,TE,Trace Esports,1.07,1.23,156.0,132.0,5.0,6.0,5.0,3.0,1.0,2.0,78.0,83.0,113.0,92.0,27.0,67.0,0.0,1.0,1.0,0.0
642918,257938,Xlele,54487,TE,Trace Esports,0.85,1.07,256.0,207.0,8.0,9.0,8.0,7.0,3.0,2.0,67.0,75.0,168.0,126.0,22.0,13.0,2.0,2.0,1.0,1.0
642918,257938,Viva,36415,TE,Trace Esports,0.59,1.04,88.0,214.0,2.0,7.0,6.0,7.0,4.0,9.0,67.0,83.0,60.0,134.0,8.0,13.0,0.0,1.0,0.0,2.0
642919,257940,rushia,48878,BLG,Guangzhou Huadu Bilibili Gaming (Bilibili Gaming),1.2,0.95,196.0,216.0,8.0,6.0,7.0,5.0,1.0,2.0,75.0,100.0,137.0,117.0,15.0,14.0,0.0,0.0,0.0,0.0
642919,257940,nephh,10698,BLG,Guangzhou Huadu Bilibili Gaming (Bilibili Gaming),1.23,0.74,227.0,155.0,9.0,4.0,9.0,6.0,4.0,3.0,50.0,88.0,143.0,111.0,15.0,8.0,0.0,0.0,0.0,1.0
642919,257940,Knight,4774,BLG,Guangzhou Huadu Bilibili Gaming (Bilibili Gaming),0.93,0.32,209.0,117.0,9.0,3.0,11.0,7.0,2.0,1.0,58.0,25.0,142.0,80.0,32.0,44.0,1.0,0.0,2.0,0.0
642919,257940,whzy,4885,BLG,Guangzhou Huadu Bilibili Gaming (Bilibili Gaming),0.28,1.22,76.0,241.0,3.0,7.0,11.0,5.0,1.0,3.0,50.0,50.0,48.0,156.0,14.0,27.0,1.0,1.0,1.0,4.0
642919,257940,yilai,62947,BLG,Guangzhou Huadu Bilibili Gaming (Bilibili Gaming),0.16,1.33,73.0,206.0,2.0,6.0,11.0,5.0,3.0,3.0,58.0,88.0,43.0,108.0,0.0,23.0,1.0,1.0,6.0,1.0
642919,257940,slowly,41739,TYL,TYLOO,1.12,1.83,142.0,337.0,4.0,16.0,4.0,5.0,4.0,3.0,75.0,92.0,117.0,234.0,10.0,26.0,0.0,2.0,0.0,0.0
642919,257940,Scales,39485,TYL,TYLOO,1.9,1.19,338.0,205.0,11.0,8.0,4.0,5.0,0.0,1.0,100.0,83.0,187.0,130.0,27.0,13.0,3.0,2.0,0.0,1.0
642919,257940,splash,36685,TYL,TYLOO,1.16,1.14,317.0,219.0,9.0,9.0,7.0,8.0,1.0,7.0,75.0,100.0,183.0,131.0,19.0,18.0,3.0,4.0,2.0,1.0
642919,257940,Erv,55085,TYL,TYLOO,0.42,1.33,94.0,271.0,2.0,11.0,6.0,6.0,3.0,5.0,63.0,92.0,78.0,175.0,15.0,30.0,0.0,1.0,0.0,0.0
642919,257940,sword9,3049,TYL,TYLOO,1.0,0.73,108.0,135.0,2.0,5.0,5.0,7.0,10.0,3.0,75.0,75.0,65.0,95.0,8.0,27.0,0.0,0.0,0.0,1.0
642919,257941,whzy,4885,BLG,Guangzhou Huadu Bilibili Gaming (Bilibili Gaming),1.68,1.11,388.0,329.0,19.0,4.0,8.0,4.0,2.0,2.0,92.0,100.0,227.0,206.0,26.0,11.0,4.0,1.0,1.0,0.0
642919,257941,nephh,10698,BLG,Guangzhou Huadu Bilibili Gaming (Bilibili Gaming),1.25,2.38,241.0,330.0,10.0,6.0,6.0,1.0,2.0,1.0,85.0,75.0,152.0,220.0,25.0,36.0,2.0,0.0,1.0,0.0
642919,257941,Knight,4774,BLG,Guangzhou Huadu Bilibili Gaming (Bilibili Gaming),1.08,1.9,189.0,223.0,8.0,4.0,6.0,2.0,5.0,2.0,77.0,100.0,156.0,173.0,21.0,40.0,0.0,0.0,0.0,0.0
642919,257941,rushia,48878,BLG,Guangzhou Huadu Bilibili Gaming (Bilibili Gaming),0.99,1.01,201.0,248.0,8.0,4.0,7.0,3.0,3.0,1.0,69.0,100.0,140.0,127.0,19.0,14.0,0.0,0.0,1.0,0.0
642919,257941,yilai,62947,BLG,Guangzhou Huadu Bilibili Gaming (Bilibili Gaming),0.92,0.49,240.0,151.0,10.0,2.0,10.0,3.0,6.0,2.0,85.0,75.0,150.0,86.0,23.0,5.0,3.0,1.0,0.0,2.0
642919,257941,splash,36685,TYL,TYLOO,0.65,1.59,199.0,331.0,3.0,13.0,4.0,10.0,0.0,4.0,75.0,85.0,82.0,210.0,6.0,26.0,1.0,0.0,2.0,2.0
642919,257941,Erv,55085,TYL,TYLOO,0.1,1.0,65.0,198.0,0.0,8.0,4.0,11.0,3.0,6.0,50.0,77.0,61.0,132.0,0.0,25.0,0.0,1.0,0.0,0.0
642919,257941,sword9,3049,TYL,TYLOO,0.98,0.62,278.0,121.0,4.0,5.0,4.0,11.0,2.0,3.0,100.0,54.0,217.0,81.0,46.0,33.0,0.0,0.0,0.0,2.0
642919,257941,Scales,39485,TYL,TYLOO,0.57,0.73,165.0,170.0,2.0,7.0,4.0,11.0,1.0,3.0,75.0,69.0,119.0,111.0,40.0,31.0,1.0,2.0,0.0,2.0
642919,257941,slowly,41739,TYL,TYLOO,1.03,0.46,262.0,129.0,4.0,4.0,4.0,12.0,0.0,2.0,75.0,38.0,189.0,94.0,50.0,26.0,0.0,0.0,0.0,3.0
642919,257942,Knight,4774,BLG,Guangzhou Huadu Bilibili Gaming (Bilibili Gaming),0.54,2.05,118.0,361.0,3.0,16.0,7.0,8.0,4.0,4.0,89.0,92.0,90.0,246.0,31.0,31.0,0.0,1.0,0.0,0.0
642919,257942,whzy,4885,BLG,Guangzhou Huadu Bilibili Gaming (Bilibili Gaming),1.16,1.39,269.0,241.0,9.0,10.0,7.0,9.0,2.0,4.0,78.0,75.0,172.0,158.0,24.0,38.0,3.0,3.0,2.0,2.0
642919,257942,nephh,10698,BLG,Guangzhou Huadu Bilibili Gaming (Bilibili Gaming),1.31,0.75,214.0,170.0,8.0,8.0,6.0,11.0,1.0,0.0,67.0,50.0,139.0,109.0,38.0,25.0,0.0,1.0,1.0,0.0
642919,257942,rushia,48878,BLG,Guangzhou Huadu Bilibili Gaming (Bilibili Gaming),0.88,0.58,208.0,149.0,5.0,5.0,8.0,10.0,5.0,4.0,89.0,58.0,130.0,99.0,21.0,19.0,1.0,1.0,0.0,1.0
642919,257942,yilai,62947,BLG,Guangzhou Huadu Bilibili Gaming (Bilibili Gaming),0.53,0.21,149.0,70.0,5.0,1.0,8.0,11.0,1.0,5.0,67.0,50.0,105.0,56.0,46.0,13.0,0.0,1.0,2.0,2.0
642919,257942,Scales,39485,TYL,TYLOO,1.17,1.6,268.0,380.0,14.0,12.0,8.0,7.0,1.0,3.0,83.0,89.0,155.0,241.0,46.0,23.0,1.0,4.0,0.0,1.0
642919,257942,slowly,41739,TYL,TYLOO,1.3,1.33,252.0,182.0,10.0,6.0,7.0,5.0,4.0,3.0,83.0,56.0,171.0,120.0,32.0,31.0,1.0,0.0,0.0,1.0
642919,257942,Erv,55085,TYL,TYLOO,1.3,1.3,274.0,253.0,11.0,8.0,9.0,6.0,11.0,4.0,100.0,78.0,186.0,167.0,28.0,23.0,0.0,1.0,1.0,0.0
642919,257942,sword9,3049,TYL,TYLOO,0.95,0.97,144.0,181.0,6.0,6.0,6.0,6.0,4.0,2.0,75.0,56.0,104.0,134.0,36.0,29.0,0.0,0.0,0.0,1.0
642919,257942,splash,36685,TYL,TYLOO,0.62,0.52,201.0,119.0,8.0,4.0,10.0,7.0,2.0,2.0,58.0,78.0,151.0,79.0,33.0,22.0,3.0,0.0,6.0,1.0
642920,257943,Flex1n,4705,DRG,Dragon Ranger Gaming,1.61,1.71,262.0,220.0,12.0,5.0,6.0,2.0,3.0,2.0,83.0,100.0,176.0,134.0,25.0,100.0,0.0,0.0,2.0,0.0
642920,257943,Nicc,11524,DRG,Dragon Ranger Gaming,1.04,1.92,164.0,353.0,7.0,8.0,7.0,3.0,10.0,2.0,83.0,100.0,98.0,221.0,22.0,29.0,1.0,2.0,0.0,0.0
642920,257943,Life,3028,DRG,Dragon Ranger Gaming,1.37,0.91,349.0,244.0,15.0,5.0,9.0,6.0,3.0,2.0,75.0,83.0,214.0,169.0,62.0,23.0,4.0,2.0,3.0,0.0
642920,257943,SpiritZ1,31753,DRG,Dragon Ranger Gaming,1.59,0.35,289.0,151.0,13.0,3.0,6.0,6.0,2.0,0.0,83.0,67.0,213.0,111.0,41.0,50.0,0.0,1.0,0.0,0.0
642920,257943,vo0kashu,3741,DRG,Dragon Ranger Gaming,1.0,1.03,135.0,156.0,7.0,4.0,5.0,4.0,1.0,2.0,100.0,67.0,80.0,122.0,17.0,42.0,1.0,0.0,1.0,1.0
642920,257943,GuanG,41054,NOVA,Nova Esports,1.61,1.06,268.0,243.0,7.0,10.0,4.0,11.0,0.0,3.0,67.0,67.0,167.0,154.0,30.0,25.0,0.0,4.0,0.0,4.0
642920,257943,qiutiaN,43007,NOVA,Nova Esports,0.77,0.82,231.0,183.0,5.0,8.0,6.0,11.0,3.0,1.0,67.0,67.0,153.0,134.0,45.0,30.0,0.0,1.0,1.0,0.0
642920,257943,Ezeir,46460,NOVA,Nova Esports,0.44,0.63,128.0,128.0,2.0,4.0,5.0,10.0,3.0,5.0,50.0,67.0,83.0,101.0,14.0,30.0,0.0,0.0,0.0,0.0
642920,257943,swagzor,45492,NOVA,Nova Esports,0.39,0.61,193.0,168.0,4.0,6.0,6.0,11.0,0.0,2.0,67.0,58.0,125.0,130.0,27.0,45.0,1.0,0.0,3.0,1.0
642920,257943,GREEN,34181,NOVA,Nova Esports,0.71,0.41,129.0,152.0,3.0,5.0,4.0,11.0,0.0,2.0,67.0,58.0,79.0,105.0,44.0,60.0,0.0,1.0,1.0,1.0
642920,257944,Nicc,11524,DRG,Dragon Ranger Gaming,1.67,1.56,241.0,269.0,9.0,7.0,5.0,5.0,10.0,4.0,100.0,88.0,147.0,180.0,44.0,50.0,0.0,1.0,0.0,0.0
642920,257944,vo0kashu,3741,DRG,Dragon Ranger Gaming,1.14,2.01,178.0,373.0,8.0,12.0,6.0,6.0,4.0,2.0,92.0,88.0,114.0,237.0,33.0,55.0,2.0,3.0,0.0,0.0
642920,257944,SpiritZ1,31753,DRG,Dragon Ranger Gaming,0.86,1.65,222.0,297.0,9.0,8.0,9.0,4.0,2.0,2.0,58.0,100.0,147.0,207.0,23.0,45.0,0.0,0.0,4.0,2.0
642920,257944,Flex1n,4705,DRG,Dragon Ranger Gaming,0.83,1.17,188.0,156.0,8.0,5.0,8.0,4.0,4.0,5.0,92.0,100.0,116.0,79.0,27.0,17.0,0.0,0.0,1.0,0.0
642920,257944,Life,3028,DRG,Dragon Ranger Gaming,1.57,0.04,291.0,66.0,15.0,1.0,7.0,8.0,0.0,2.0,83.0,63.0,185.0,50.0,54.0,40.0,2.0,1.0,3.0,1.0
642920,257944,Ezeir,46460,NOVA,Nova Esports,1.12,1.04,172.0,210.0,6.0,9.0,5.0,10.0,0.0,3.0,75.0,83.0,106.0,149.0,11.0,34.0,0.0,2.0,0.0,1.0
642920,257944,qiutiaN,43007,NOVA,Nova Esports,1.27,0.58,352.0,122.0,10.0,5.0,7.0,9.0,1.0,3.0,88.0,67.0,204.0,86.0,20.0,22.0,1.0,1.0,1.0,1.0
642920,257944,GREEN,34181,NOVA,Nova Esports,0.7,0.77,172.0,214.0,4.0,8.0,6.0,11.0,2.0,2.0,63.0,58.0,129.0,156.0,40.0,38.0,1.0,1.0,1.0,0.0
642920,257944,swagzor,45492,NOVA,Nova Esports,0.15,0.92,99.0,156.0,2.0,7.0,8.0,8.0,4.0,2.0,88.0,58.0,69.0,102.0,6.0,62.0,0.0,2.0,2.0,2.0
642920,257944,GuanG,41054,NOVA,Nova Esports,0.47,0.59,183.0,165.0,5.0,6.0,7.0,11.0,1.0,0.0,50.0,75.0,141.0,108.0,29.0,30.0,1.0,2.0,1.0,0.0
642921,257946,Setrod,50025,FPX,FunPlus Phoenix,1.21,2.97,168.0,498.0,8.0,11.0,5.0,1.0,1.0,2.0,75.0,100.0,102.0,261.0,26.0,16.0,2.0,0.0,1.0,0.0
642921,257946,KovaQ,7987,FPX,FunPlus Phoenix,1.31,1.46,231.0,186.0,10.0,4.0,7.0,1.0,2.0,2.0,83.0,100.0,148.0,130.0,28.0,33.0,3.0,1.0,1.0,0.0
642921,257946,Ben1Ley,55823,FPX,FunPlus Phoenix,1.1,0.9,181.0,229.0,8.0,5.0,5.0,3.0,1.0,2.0,67.0,83.0,106.0,133.0,28.0,0.0,2.0,2.0,0.0,1.0
642921,257946,BerLIN,7857,FPX,FunPlus Phoenix,0.84,1.3,190.0,121.0,8.0,3.0,9.0,1.0,4.0,4.0,75.0,100.0,121.0,70.0,32.0,43.0,0.0,0.0,1.0,0.0
642921,257946,AAAAY,19530,FPX,FunPlus Phoenix,0.54,1.13,119.0,236.0,5.0,6.0,9.0,4.0,3.0,3.0,83.0,83.0,91.0,115.0,50.0,50.0,1.0,1.0,1.0,1.0
642921,257946,K1ra,46748,AG,All Gamers,0.56,1.37,93.0,234.0,1.0,11.0,5.0,7.0,1.0,1.0,50.0,75.0,82.0,156.0,9.0,29.0,0.0,0.0,0.0,1.0
642921,257946,f4ngeer,21216,AG,All Gamers,0.51,1.04,209.0,179.0,4.0,7.0,6.0,6.0,0.0,1.0,67.0,67.0,125.0,110.0,44.0,6.0,1.0,1.0,1.0,2.0
642921,257946,Septem7,3031,AG,All Gamers,0.16,0.85,39.0,179.0,1.0,7.0,6.0,9.0,0.0,4.0,33.0,75.0,18.0,98.0,33.0,25.0,0.0,2.0,1.0,2.0
642921,257946,Shr1mp,25494,AG,All Gamers,0.46,0.68,114.0,120.0,1.0,5.0,6.0,9.0,5.0,2.0,67.0,67.0,100.0,78.0,25.0,21.0,0.0,0.0,0.0,0.0
642921,257946,iamgrq,58959,AG,All Gamers,0.51,0.62,173.0,125.0,3.0,5.0,6.0,8.0,0.0,3.0,50.0,58.0,109.0,70.0,11.0,11.0,1.0,1.0,2.0,3.0
642921,257947,Ben1Ley,55823,FPX,FunPlus Phoenix,0.73,1.76,184.0,319.0,4.0,14.0,6.0,5.0,1.0,3.0,71.0,92.0,126.0,212.0,33.0,24.0,1.0,1.0,0.0,1.0
642921,257947,AAAAY,19530,FPX,FunPlus Phoenix,1.58,1.18,230.0,181.0,7.0,8.0,3.0,5.0,0.0,3.0,71.0,92.0,202.0,105.0,54.0,15.0,0.0,1.0,1.0,0.0
642921,257947,BerLIN,7857,FPX,FunPlus Phoenix,0.42,1.46,65.0,181.0,2.0,10.0,6.0,4.0,1.0,8.0,57.0,83.0,34.0,139.0,40.0,47.0,0.0,1.0,1.0,2.0
642921,257947,Setrod,50025,FPX,FunPlus Phoenix,0.96,1.07,267.0,232.0,6.0,10.0,7.0,7.0,1.0,3.0,86.0,92.0,165.0,152.0,40.0,25.0,1.0,2.0,1.0,1.0
642921,257947,KovaQ,7987,FPX,FunPlus Phoenix,0.49,1.15,72.0,219.0,1.0,10.0,5.0,6.0,2.0,5.0,71.0,92.0,54.0,132.0,13.0,33.0,1.0,1.0,1.0,2.0
642921,257947,Shr1mp,25494,AG,All Gamers,0.98,1.57,210.0,218.0,8.0,6.0,10.0,3.0,3.0,3.0,50.0,100.0,135.0,151.0,18.0,19.0,1.0,0.0,0.0,0.0
642921,257947,f4ngeer,21216,AG,All Gamers,0.95,1.03,172.0,153.0,7.0,4.0,10.0,4.0,3.0,1.0,67.0,86.0,107.0,99.0,33.0,25.0,2.0,0.0,2.0,0.0
642921,257947,iamgrq,58959,AG,All Gamers,0.39,1.2,108.0,320.0,4.0,8.0,11.0,5.0,2.0,2.0,58.0,100.0,79.0,193.0,28.0,10.0,1.0,3.0,3.0,0.0
642921,257947,Septem7,3031,AG,All Gamers,0.76,0.5,134.0,101.0,6.0,2.0,10.0,4.0,3.0,3.0,58.0,71.0,71.0,82.0,33.0,33.0,2.0,0.0,1.0,3.0
642921,257947,K1ra,46748,AG,All Gamers,0.22,1.38,79.0,261.0,2.0,7.0,11.0,4.0,1.0,0.0,25.0,100.0,55.0,172.0,17.0,31.0,0.0,1.0,0.0,0.0
642922,257949,Scales,39485,TYL,TYLOO,1.24,2.02,216.0,418.0,10.0,21.0,8.0,9.0,2.0,2.0,71.0,71.0,155.0,271.0,44.0,39.0,3.0,0.0,1.0,2.0
642922,257949,slowly,41739,TYL,TYLOO,1.0,1.01,175.0,203.0,8.0,9.0,10.0,12.0,11.0,4.0,93.0,93.0,113.0,137.0,30.0,32.0,0.0,0.0,3.0,1.0
642922,257949,splash,36685,TYL,TYLOO,1.54,0.33,307.0,127.0,15.0,4.0,9.0,13.0,3.0,3.0,86.0,50.0,202.0,86.0,30.0,29.0,1.0,1.0,0.0,4.0
642922,257949,sword9,3049,TYL,TYLOO,1.18,0.52,156.0,106.0,8.0,5.0,7.0,10.0,6.0,1.0,79.0,50.0,117.0,79.0,22.0,14.0,0.0,0.0,0.0,3.0
642922,257949,Erv,55085,TYL,TYLOO,0.83,0.75,189.0,193.0,10.0,9.0,12.0,12.0,1.0,2.0,79.0,57.0,121.0,111.0,35.0,32.0,3.0,1.0,3.0,2.0
642922,257949,lucas,19677,TEC,Wuxi Titan Esports Club (Titan Esports Club),1.57,0.87,242.0,198.0,15.0,10.0,7.0,10.0,5.0,2.0,79.0,57.0,177.0,133.0,41.0,29.0,0.0,1.0,0.0,3.0
642922,257949,Spitfires,4881,TEC,Wuxi Titan Esports Club (Titan Esports Club),1.3,1.0,303.0,247.0,14.0,10.0,11.0,11.0,7.0,5.0,71.0,93.0,187.0,157.0,35.0,22.0,5.0,3.0,0.0,1.0
642922,257949,Dynamite,42235,TEC,Wuxi Titan Esports Club (Titan Esports Club),0.95,1.19,208.0,218.0,10.0,11.0,10.0,8.0,6.0,2.0,79.0,79.0,128.0,138.0,14.0,15.0,3.0,1.0,1.0,0.0
642922,257949,Haodong,4720,TEC,Wuxi Titan Esports Club (Titan Esports Club),1.22,0.68,197.0,155.0,11.0,8.0,8.0,11.0,2.0,4.0,86.0,71.0,113.0,115.0,20.0,32.0,3.0,0.0,0.0,0.0
642922,257949,Coco,47629,TEC,Wuxi Titan Esports Club (Titan Esports Club),0.32,0.67,136.0,154.0,6.0,7.0,12.0,11.0,3.0,4.0,71.0,64.0,89.0,111.0,15.0,28.0,1.0,2.0,1.0,3.0
642922,257950,Erv,55085,TYL,TYLOO,1.89,1.59,354.0,237.0,14.0,5.0,5.0,2.0,10.0,2.0,92.0,100.0,248.0,164.0,30.0,50.0,3.0,1.0,0.0,0.0
642922,257950,slowly,41739,TYL,TYLOO,1.07,1.75,143.0,335.0,5.0,7.0,6.0,3.0,12.0,1.0,92.0,67.0,87.0,234.0,27.0,37.0,0.0,0.0,1.0,2.0
642922,257950,sword9,3049,TYL,TYLOO,1.24,0.98,157.0,202.0,8.0,4.0,5.0,4.0,3.0,2.0,92.0,83.0,105.0,162.0,22.0,31.0,0.0,1.0,0.0,0.0
642922,257950,splash,36685,TYL,TYLOO,1.13,0.59,328.0,202.0,15.0,4.0,10.0,6.0,1.0,1.0,58.0,83.0,187.0,127.0,24.0,36.0,3.0,0.0,2.0,0.0
642922,257950,Scales,39485,TYL,TYLOO,0.89,1.01,160.0,214.0,8.0,5.0,7.0,4.0,2.0,0.0,83.0,67.0,116.0,119.0,36.0,17.0,1.0,1.0,2.0,1.0
642922,257950,Haodong,4720,TEC,Wuxi Titan Esports Club (Titan Esports Club),1.09,1.3,199.0,240.0,4.0,10.0,4.0,9.0,2.0,8.0,67.0,58.0,139.0,160.0,50.0,30.0,1.0,0.0,0.0,2.0
642922,257950,Spitfires,4881,TEC,Wuxi Titan Esports Club (Titan Esports Club),0.4,1.26,126.0,204.0,2.0,8.0,5.0,8.0,1.0,2.0,50.0,67.0,86.0,127.0,7.0,25.0,0.0,3.0,0.0,1.0
642922,257950,Dynamite,42235,TEC,Wuxi Titan Esports Club (Titan Esports Club),0.81,0.98,234.0,218.0,4.0,8.0,6.0,12.0,2.0,5.0,67.0,67.0,136.0,139.0,27.0,23.0,2.0,2.0,1.0,0.0
642922,257950,lucas,19677,TEC,Wuxi Titan Esports Club (Titan Esports Club),1.91,0.29,337.0,108.0,8.0,4.0,4.0,11.0,1.0,4.0,67.0,58.0,219.0,68.0,56.0,19.0,0.0,0.0,0.0,1.0
642922,257950,Coco,47629,TEC,Wuxi Titan Esports Club (Titan Esports Club),0.02,0.35,65.0,86.0,1.0,3.0,6.0,10.0,1.0,3.0,67.0,42.0,45.0,59.0,20.0,23.0,0.0,0.0,2.0,3.0
642923,257952,yosemite,6022,WOL,Wolves Esports,1.24,1.06,254.0,245.0,10.0,8.0,10.0,8.0,1.0,3.0,67.0,80.0,187.0,165.0,38.0,44.0,1.0,2.0,1.0,1.0
642923,257952,glacier,49973,WOL,Wolves Esports,0.52,1.51,158.0,332.0,6.0,12.0,11.0,7.0,1.0,2.0,58.0,90.0,121.0,200.0,27.0,18.0,2.0,4.0,3.0,0.0
642923,257952,jowa,19292,WOL,Wolves Esports,0.6,1.31,128.0,231.0,4.0,8.0,11.0,5.0,5.0,7.0,58.0,80.0,80.0,131.0,24.0,73.0,1.0,0.0,0.0,0.0
642923,257952,Spring,14125,WOL,Wolves Esports,0.37,1.11,135.0,225.0,5.0,9.0,12.0,6.0,2.0,4.0,58.0,80.0,88.0,145.0,26.0,27.0,2.0,0.0,2.0,2.0
642923,257952,SiuFatBB,7849,WOL,Wolves Esports,0.36,0.84,93.0,97.0,3.0,4.0,11.0,5.0,3.0,3.0,50.0,80.0,62.0,66.0,50.0,27.0,0.0,0.0,0.0,1.0
642923,257952,Smoggy,4742,EDG,EDward Gaming,1.25,1.73,274.0,287.0,9.0,12.0,7.0,5.0,1.0,14.0,80.0,92.0,148.0,199.0,33.0,30.0,1.0,0.0,2.0,1.0
642923,257952,nobody,3017,EDG,EDward Gaming,1.33,1.51,231.0,288.0,8.0,12.0,7.0,6.0,7.0,6.0,70.0,83.0,146.0,152.0,27.0,11.0,1.0,2.0,0.0,0.0
642923,257952,ZmjjKK,3520,EDG,EDward Gaming,0.57,1.73,171.0,310.0,6.0,13.0,10.0,5.0,0.0,7.0,70.0,83.0,132.0,193.0,33.0,11.0,0.0,4.0,1.0,1.0
642923,257952,Jieni7,51244,EDG,EDward Gaming,0.62,1.14,173.0,182.0,6.0,9.0,9.0,6.0,0.0,6.0,40.0,92.0,131.0,126.0,19.0,26.0,2.0,0.0,3.0,3.0
642923,257952,CHICHOO,15559,EDG,EDward Gaming,0.52,1.15,86.0,161.0,2.0,9.0,8.0,6.0,4.0,1.0,70.0,75.0,73.0,101.0,27.0,17.0,0.0,0.0,0.0,1.0
642923,257953,jowa,19292,WOL,Wolves Esports,1.2,1.2,192.0,198.0,8.0,9.0,7.0,9.0,2.0,2.0,82.0,75.0,117.0,136.0,47.0,45.0,1.0,1.0,0.0,2.0
642923,257953,glacier,49973,WOL,Wolves Esports,1.25,0.91,270.0,195.0,10.0,7.0,8.0,10.0,3.0,8.0,73.0,67.0,154.0,120.0,41.0,18.0,4.0,3.0,4.0,2.0
642923,257953,SiuFatBB,7849,WOL,Wolves Esports,0.91,1.01,130.0,195.0,5.0,9.0,7.0,9.0,6.0,3.0,91.0,75.0,72.0,149.0,20.0,53.0,0.0,0.0,0.0,2.0
642923,257953,Spring,14125,WOL,Wolves Esports,0.69,1.1,160.0,200.0,5.0,7.0,9.0,9.0,2.0,6.0,55.0,83.0,119.0,134.0,19.0,15.0,1.0,2.0,0.0,0.0
642923,257953,yosemite,6022,WOL,Wolves Esports,0.6,1.14,90.0,255.0,4.0,12.0,7.0,11.0,1.0,2.0,64.0,83.0,60.0,158.0,38.0,36.0,0.0,0.0,1.0,0.0
642923,257953,ZmjjKK,3520,EDG,EDward Gaming,1.51,1.63,349.0,318.0,15.0,11.0,9.0,6.0,3.0,4.0,83.0,91.0,224.0,237.0,16.0,24.0,2.0,1.0,1.0,1.0
642923,257953,CHICHOO,15559,EDG,EDward Gaming,1.29,1.34,265.0,215.0,12.0,10.0,7.0,5.0,3.0,4.0,75.0,64.0,186.0,127.0,40.0,32.0,2.0,2.0,1.0,0.0
642923,257953,nobody,3017,EDG,EDward Gaming,0.8,1.07,188.0,134.0,8.0,4.0,9.0,5.0,3.0,6.0,67.0,82.0,112.0,97.0,30.0,11.0,1.0,0.0,1.0,0.0
642923,257953,Smoggy,4742,EDG,EDward Gaming,0.77,0.79,186.0,209.0,9.0,8.0,10.0,8.0,3.0,2.0,75.0,64.0,143.0,149.0,56.0,38.0,1.0,0.0,3.0,4.0
642923,257953,Jieni7,51244,EDG,EDward Gaming,0.37,0.6,79.0,127.0,4.0,5.0,9.0,8.0,2.0,2.0,92.0,55.0,50.0,75.0,17.0,21.0,0.0,2.0,0.0,1.0
642924,257955,Xlele,54487,TE,Trace Esports,1.9,1.24,402.0,217.0,17.0,9.0,9.0,4.0,0.0,1.0,75.0,90.0,240.0,154.0,51.0,44.0,1.0,0.0,2.0,1.0
642924,257955,deLb,10821,TE,Trace Esports,1.02,1.59,173.0,342.0,8.0,13.0,9.0,6.0,2.0,2.0,58.0,90.0,98.0,239.0,46.0,42.0,1.0,1.0,1.0,0.0
642924,257955,Viva,36415,TE,Trace Esports,0.92,1.63,135.0,329.0,5.0,12.0,8.0,4.0,4.0,1.0,75.0,90.0,95.0,212.0,11.0,23.0,0.0,2.0,1.0,0.0
642924,257955,Abo,5011,TE,Trace Esports,0.33,1.06,116.0,171.0,4.0,5.0,11.0,4.0,0.0,3.0,33.0,90.0,76.0,111.0,24.0,36.0,1.0,2.0,2.0,0.0
642924,257955,Kai,37494,TE,Trace Esports,0.15,1.07,78.0,228.0,2.0,9.0,11.0,5.0,4.0,1.0,50.0,80.0,61.0,140.0,14.0,43.0,0.0,3.0,3.0,1.0
642924,257955,WsLeo,24308,XLG,Xi Lai Gaming,1.73,1.13,325.0,169.0,11.0,7.0,8.0,6.0,2.0,5.0,80.0,75.0,225.0,128.0,40.0,32.0,0.0,1.0,0.0,0.0
642924,257955,Rarga,22047,XLG,Xi Lai Gaming,0.17,1.9,66.0,407.0,2.0,18.0,10.0,7.0,0.0,1.0,40.0,75.0,40.0,264.0,25.0,28.0,2.0,4.0,1.0,1.0
642924,257955,Lysoar,37489,XLG,Xi Lai Gaming,0.7,1.28,148.0,262.0,5.0,12.0,10.0,7.0,0.0,3.0,70.0,92.0,107.0,166.0,38.0,33.0,0.0,1.0,2.0,0.0
642924,257955,happywei,37927,XLG,Xi Lai Gaming,0.75,0.81,179.0,207.0,5.0,7.0,10.0,9.0,2.0,6.0,70.0,75.0,126.0,141.0,31.0,31.0,0.0,2.0,0.0,1.0
642924,257955,NoMan,11527,XLG,Xi Lai Gaming,0.01,0.59,12.0,91.0,0.0,4.0,10.0,7.0,1.0,5.0,30.0,67.0,12.0,67.0,0.0,19.0,0.0,1.0,5.0,1.0
642924,257956,Kai,37494,TE,Trace Esports,1.14,1.43,244.0,252.0,10.0,7.0,9.0,6.0,3.0,0.0,83.0,75.0,155.0,150.0,40.0,46.0,0.0,1.0,1.0,1.0
642924,257956,deLb,10821,TE,Trace Esports,1.42,0.6,226.0,124.0,11.0,4.0,7.0,6.0,1.0,0.0,83.0,50.0,154.0,72.0,27.0,50.0,2.0,0.0,0.0,1.0
642924,257956,Xlele,54487,TE,Trace Esports,0.89,0.8,174.0,187.0,7.0,6.0,11.0,7.0,8.0,2.0,75.0,50.0,129.0,124.0,27.0,50.0,0.0,0.0,2.0,0.0
642924,257956,Abo,5011,TE,Trace Esports,1.42,0.03,210.0,48.0,9.0,0.0,7.0,8.0,1.0,1.0,83.0,13.0,146.0,44.0,32.0,17.0,2.0,0.0,1.0,1.0
642924,257956,Viva,36415,TE,Trace Esports,0.79,0.49,168.0,143.0,7.0,3.0,10.0,7.0,4.0,2.0,83.0,50.0,114.0,94.0,44.0,36.0,2.0,2.0,2.0,2.0
642924,257956,happywei,37927,XLG,Xi Lai Gaming,2.26,1.09,473.0,241.0,12.0,9.0,3.0,8.0,1.0,6.0,100.0,83.0,283.0,188.0,25.0,39.0,4.0,0.0,0.0,0.0
642924,257956,NoMan,11527,XLG,Xi Lai Gaming,0.97,1.15,117.0,264.0,4.0,11.0,4.0,9.0,1.0,3.0,63.0,83.0,73.0,160.0,40.0,16.0,0.0,3.0,2.0,2.0
642924,257956,WsLeo,24308,XLG,Xi Lai Gaming,1.36,0.79,280.0,150.0,9.0,8.0,4.0,8.0,2.0,2.0,63.0,67.0,197.0,85.0,42.0,29.0,0.0,0.0,1.0,2.0
642924,257956,Lysoar,37489,XLG,Xi Lai Gaming,0.71,0.98,82.0,247.0,2.0,10.0,4.0,9.0,4.0,2.0,75.0,92.0,62.0,155.0,43.0,32.0,1.0,2.0,0.0,0.0
642924,257956,Rarga,22047,XLG,Xi Lai Gaming,1.19,0.39,247.0,149.0,7.0,6.0,5.0,10.0,3.0,1.0,75.0,75.0,142.0,99.0,14.0,21.0,0.0,1.0,0.0,2.0
642924,257957,Abo,5011,TE,Trace Esports,1.67,0.85,281.0,189.0,13.0,7.0,5.0,9.0,3.0,0.0,100.0,45.0,206.0,118.0,45.0,48.0,0.0,1.0,0.0,1.0
642924,257957,deLb,10821,TE,Trace Esports,1.98,0.5,364.0,109.0,17.0,2.0,7.0,9.0,4.0,7.0,92.0,82.0,220.0,82.0,45.0,23.0,1.0,0.0,2.0,1.0
642924,257957,Xlele,54487,TE,Trace Esports,1.26,1.12,268.0,191.0,13.0,8.0,7.0,7.0,1.0,1.0,92.0,82.0,163.0,111.0,26.0,32.0,2.0,1.0,2.0,1.0
642924,257957,Viva,36415,TE,Trace Esports,0.52,0.54,129.0,146.0,4.0,5.0,10.0,10.0,6.0,4.0,75.0,73.0,97.0,84.0,17.0,20.0,0.0,0.0,1.0,3.0
642924,257957,Kai,37494,TE,Trace Esports,0.39,0.3,81.0,71.0,3.0,2.0,8.0,9.0,5.0,1.0,83.0,55.0,55.0,53.0,13.0,8.0,0.0,0.0,4.0,3.0
642924,257957,Lysoar,37489,XLG,Xi Lai Gaming,1.9,0.75,342.0,179.0,14.0,6.0,5.0,11.0,9.0,5.0,82.0,67.0,218.0,155.0,25.0,20.0,2.0,0.0,0.0,0.0
642924,257957,WsLeo,24308,XLG,Xi Lai Gaming,0.96,1.39,124.0,297.0,6.0,12.0,5.0,10.0,2.0,5.0,91.0,75.0,66.0,175.0,31.0,29.0,1.0,3.0,0.0,0.0
642924,257957,Rarga,22047,XLG,Xi Lai Gaming,1.58,0.62,316.0,170.0,10.0,7.0,6.0,11.0,7.0,1.0,100.0,83.0,214.0,103.0,29.0,26.0,4.0,5.0,0.0,0.0
642924,257957,happywei,37927,XLG,Xi Lai Gaming,0.92,1.06,127.0,194.0,6.0,8.0,4.0,9.0,2.0,5.0,91.0,67.0,78.0,122.0,40.0,23.0,1.0,1.0,1.0,2.0
642924,257957,NoMan,11527,XLG,Xi Lai Gaming,1.44,0.46,200.0,77.0,8.0,4.0,4.0,9.0,4.0,1.0,82.0,50.0,120.0,49.0,30.0,25.0,1.0,0.0,1.0,1.0
642925,257958,nephh,10698,BLG,Guangzhou Huadu Bilibili Gaming (Bilibili Gaming),2.1,1.92,321.0,260.0,16.0,6.0,5.0,1.0,5.0,1.0,92.0,100.0,194.0,140.0,22.0,6.0,1.0,1.0,1.0,0.0
642925,257958,whzy,4885,BLG,Guangzhou Huadu Bilibili Gaming (Bilibili Gaming),1.39,1.59,273.0,236.0,11.0,5.0,8.0,2.0,3.0,1.0,83.0,80.0,187.0,160.0,16.0,21.0,2.0,1.0,1.0,0.0
642925,257958,Knight,4774,BLG,Guangzhou Huadu Bilibili Gaming (Bilibili Gaming),1.14,1.65,169.0,325.0,8.0,6.0,6.0,3.0,3.0,0.0,100.0,80.0,109.0,231.0,21.0,64.0,0.0,2.0,0.0,0.0
642925,257958,rushia,48878,BLG,Guangzhou Huadu Bilibili Gaming (Bilibili Gaming),0.98,1.03,216.0,182.0,9.0,3.0,9.0,3.0,5.0,2.0,67.0,80.0,153.0,116.0,18.0,33.0,1.0,0.0,0.0,1.0
642925,257958,yilai,62947,BLG,Guangzhou Huadu Bilibili Gaming (Bilibili Gaming),0.28,0.97,154.0,225.0,7.0,4.0,11.0,3.0,2.0,1.0,67.0,80.0,94.0,159.0,11.0,16.0,2.0,0.0,4.0,0.0
642925,257958,zhe,49476,JDG,JD Mall JDG Esports (JD Gaming),0.03,1.43,76.0,286.0,1.0,11.0,5.0,9.0,1.0,3.0,40.0,92.0,55.0,202.0,17.0,23.0,0.0,1.0,0.0,1.0
642925,257958,jkuro,3519,JDG,JD Mall JDG Esports (JD Gaming),0.84,0.85,160.0,160.0,3.0,7.0,4.0,10.0,2.0,5.0,80.0,67.0,84.0,105.0,36.0,17.0,0.0,0.0,2.0,0.0
642925,257958,Yuicaw,11218,JDG,JD Mall JDG Esports (JD Gaming),0.91,0.55,222.0,181.0,4.0,7.0,5.0,11.0,0.0,2.0,40.0,58.0,120.0,130.0,30.0,31.0,1.0,0.0,0.0,2.0
642925,257958,coconut,12365,JDG,JD Mall JDG Esports (JD Gaming),0.72,0.6,206.0,148.0,3.0,5.0,5.0,10.0,0.0,2.0,20.0,42.0,128.0,110.0,60.0,56.0,0.0,2.0,1.0,2.0
642925,257958,stew,16924,JDG,JD Mall JDG Esports (JD Gaming),0.03,0.73,89.0,183.0,1.0,9.0,5.0,11.0,1.0,1.0,60.0,67.0,55.0,116.0,20.0,54.0,0.0,3.0,1.0,1.0
642925,257959,nephh,10698,BLG,Guangzhou Huadu Bilibili Gaming (Bilibili Gaming),0.96,2.48,130.0,406.0,3.0,20.0,4.0,6.0,3.0,8.0,86.0,92.0,73.0,220.0,8.0,24.0,0.0,0.0,1.0,0.0
642925,257959,yilai,62947,BLG,Guangzhou Huadu Bilibili Gaming (Bilibili Gaming),2.48,0.81,445.0,201.0,12.0,8.0,3.0,9.0,2.0,6.0,86.0,75.0,265.0,124.0,19.0,23.0,0.0,0.0,1.0,1.0
642925,257959,rushia,48878,BLG,Guangzhou Huadu Bilibili Gaming (Bilibili Gaming),1.61,0.94,271.0,209.0,7.0,7.0,2.0,9.0,2.0,7.0,86.0,75.0,205.0,159.0,28.0,7.0,0.0,2.0,1.0,2.0
642925,257959,Knight,4774,BLG,Guangzhou Huadu Bilibili Gaming (Bilibili Gaming),0.59,1.0,71.0,141.0,1.0,7.0,5.0,7.0,3.0,3.0,71.0,75.0,50.0,79.0,0.0,16.0,0.0,1.0,0.0,1.0
642925,257959,whzy,4885,BLG,Guangzhou Huadu Bilibili Gaming (Bilibili Gaming),0.91,0.64,172.0,174.0,5.0,7.0,5.0,10.0,2.0,5.0,100.0,58.0,113.0,96.0,57.0,6.0,2.0,2.0,2.0,3.0
642925,257959,jkuro,3519,JDG,JD Mall JDG Esports (JD Gaming),1.75,1.23,328.0,241.0,13.0,6.0,8.0,5.0,10.0,5.0,83.0,71.0,207.0,161.0,38.0,60.0,2.0,2.0,2.0,0.0
642925,257959,Yuicaw,11218,JDG,JD Mall JDG Esports (JD Gaming),0.65,1.09,173.0,216.0,7.0,5.0,11.0,6.0,5.0,3.0,67.0,57.0,122.0,160.0,17.0,29.0,1.0,0.0,1.0,0.0
642925,257959,stew,16924,JDG,JD Mall JDG Esports (JD Gaming),0.91,0.46,248.0,115.0,11.0,3.0,11.0,6.0,2.0,0.0,67.0,86.0,165.0,59.0,13.0,33.0,2.0,3.0,2.0,0.0
642925,257959,zhe,49476,JDG,JD Mall JDG Esports (JD Gaming),0.92,0.18,132.0,91.0,6.0,2.0,8.0,6.0,8.0,2.0,83.0,43.0,76.0,54.0,20.0,75.0,1.0,0.0,0.0,1.0
642925,257959,coconut,12365,JDG,JD Mall JDG Esports (JD Gaming),0.42,0.76,132.0,159.0,4.0,3.0,11.0,5.0,4.0,3.0,58.0,71.0,99.0,140.0,16.0,31.0,1.0,0.0,0.0,1.0
642927,257961,AAAAY,19530,FPX,FunPlus Phoenix,1.88,1.86,322.0,430.0,15.0,9.0,8.0,6.0,5.0,2.0,83.0,83.0,226.0,238.0,55.0,77.0,1.0,1.0,0.0,0.0
642927,257961,KovaQ,7987,FPX,FunPlus Phoenix,1.34,0.22,232.0,106.0,10.0,2.0,8.0,6.0,6.0,0.0,83.0,17.0,136.0,85.0,38.0,11.0,1.0,1.0,0.0,1.0
642927,257961,Setrod,50025,FPX,FunPlus Phoenix,1.2,0.45,267.0,96.0,12.0,2.0,10.0,5.0,1.0,0.0,58.0,83.0,140.0,74.0,33.0,25.0,3.0,1.0,1.0,1.0
642927,257961,BerLIN,7857,FPX,FunPlus Phoenix,0.03,0.97,97.0,175.0,2.0,4.0,12.0,5.0,3.0,0.0,50.0,50.0,76.0,148.0,13.0,43.0,0.0,1.0,4.0,0.0
642927,257961,Ben1Ley,55823,FPX,FunPlus Phoenix,0.03,0.14,34.0,76.0,0.0,1.0,11.0,6.0,4.0,2.0,50.0,83.0,32.0,50.0,11.0,0.0,0.0,0.0,2.0,0.0
642927,257961,slowly,41739,TYL,TYLOO,1.44,1.21,267.0,185.0,6.0,9.0,4.0,6.0,2.0,4.0,100.0,75.0,156.0,132.0,36.0,33.0,0.0,0.0,0.0,2.0
642927,257961,Erv,55085,TYL,TYLOO,0.23,1.73,91.0,283.0,2.0,12.0,5.0,6.0,1.0,2.0,83.0,75.0,47.0,185.0,29.0,41.0,0.0,4.0,3.0,1.0
642927,257961,sword9,3049,TYL,TYLOO,1.54,0.96,217.0,144.0,6.0,5.0,2.0,6.0,1.0,7.0,67.0,75.0,147.0,104.0,42.0,7.0,0.0,1.0,0.0,0.0
642927,257961,Scales,39485,TYL,TYLOO,1.01,1.18,295.0,316.0,6.0,14.0,5.0,10.0,2.0,1.0,100.0,92.0,213.0,192.0,27.0,20.0,1.0,0.0,0.0,0.0
642927,257961,splash,36685,TYL,TYLOO,1.89,0.64,346.0,214.0,8.0,9.0,2.0,11.0,2.0,3.0,100.0,67.0,197.0,152.0,24.0,30.0,1.0,2.0,1.0,2.0
642927,257963,AAAAY,19530,FPX,FunPlus Phoenix,,,,,,,,,,,,,,,,,,,,
642927,257963,BerLIN,7857,FPX,FunPlus Phoenix,,,,,,,,,,,,,,,,,,,,
642927,257963,KovaQ,7987,FPX,FunPlus Phoenix,,,,,,,,,,,,,,,,,,,,
642927,257963,Setrod,50025,FPX,FunPlus Phoenix,,,,,,,,,,,,,,,,,,,,
642927,257963,Ben1Ley,55823,FPX,FunPlus Phoenix,,,,,,,,,,,,,,,,,,,,
642927,257963,splash,36685,TYL,TYLOO,,,,,,,,,,,,,,,,,,,,
642927,257963,slowly,41739,TYL,TYLOO,,,,,,,,,,,,,,,,,,,,
642927,257963,sword9,3049,TYL,TYLOO,,,,,,,,,,,,,,,,,,,,
642927,257963,Scales,39485,TYL,TYLOO,,,,,,,,,,,,,,,,,,,,
642927,257963,Erv,55085,TYL,TYLOO,,,,,,,,,,,,,,,,,,,,
642927,262074,AAAAY,19530,FPX,FunPlus Phoenix,,,,,,,,,,,,,,,,,,,,
642927,262074,Ben1Ley,55823,FPX,FunPlus Phoenix,,,,,,,,,,,,,,,,,,,,
642927,262074,KovaQ,7987,FPX,FunPlus Phoenix,,,,,,,,,,,,,,,,,,,,
642927,262074,BerLIN,7857,FPX,FunPlus Phoenix,,,,,,,,,,,,,,,,,,,,
642927,262074,Setrod,50025,FPX,FunPlus Phoenix,,,,,,,,,,,,,,,,,,,,
642927,262074,splash,36685,TYL,TYLOO,,,,,,,,,,,,,,,,,,,,
642927,262074,Erv,55085,TYL,TYLOO,,,,,,,,,,,,,,,,,,,,
642927,262074,slowly,41739,TYL,TYLOO,,,,,,,,,,,,,,,,,,,,
642927,262074,Scales,39485,TYL,TYLOO,,,,,,,,,,,,,,,,,,,,
642927,262074,sword9,3049,TYL,TYLOO,,,,,,,,,,,,,,,,,,,,
642928,257964,Dynamite,42235,TEC,Wuxi Titan Esports Club (Titan Esports Club),1.34,1.35,275.0,298.0,12.0,10.0,7.0,9.0,2.0,2.0,83.0,55.0,175.0,183.0,38.0,24.0,2.0,2.0,2.0,1.0
642928,257964,lucas,19677,TEC,Wuxi Titan Esports Club (Titan Esports Club),1.33,0.98,129.0,152.0,7.0,5.0,5.0,8.0,9.0,6.0,83.0,36.0,89.0,112.0,64.0,19.0,1.0,1.0,0.0,1.0
642928,257964,Spitfires,4881,TEC,Wuxi Titan Esports Club (Titan Esports Club),1.19,1.0,227.0,217.0,10.0,8.0,7.0,8.0,3.0,4.0,75.0,64.0,155.0,149.0,29.0,52.0,3.0,1.0,2.0,2.0
642928,257964,Coco,47629,TEC,Wuxi Titan Esports Club (Titan Esports Club),1.22,0.79,210.0,151.0,9.0,4.0,7.0,8.0,8.0,7.0,75.0,55.0,110.0,97.0,24.0,5.0,0.0,1.0,0.0,1.0
642928,257964,Haodong,4720,TEC,Wuxi Titan Esports Club (Titan Esports Club),0.81,0.71,219.0,102.0,10.0,4.0,9.0,7.0,0.0,2.0,83.0,64.0,135.0,83.0,53.0,20.0,0.0,0.0,2.0,1.0
642928,257964,whzy,4885,BLG,Guangzhou Huadu Bilibili Gaming (Bilibili Gaming),1.42,1.31,259.0,257.0,10.0,11.0,6.0,9.0,3.0,4.0,73.0,67.0,177.0,152.0,23.0,19.0,1.0,2.0,0.0,1.0
642928,257964,nephh,10698,BLG,Guangzhou Huadu Bilibili Gaming (Bilibili Gaming),1.05,1.07,186.0,222.0,8.0,8.0,5.0,10.0,3.0,8.0,82.0,67.0,112.0,139.0,28.0,44.0,1.0,1.0,2.0,0.0
642928,257964,Knight,4774,BLG,Guangzhou Huadu Bilibili Gaming (Bilibili Gaming),1.21,0.61,174.0,140.0,7.0,3.0,5.0,10.0,1.0,5.0,73.0,67.0,132.0,117.0,25.0,9.0,0.0,1.0,0.0,1.0
642928,257964,rushia,48878,BLG,Guangzhou Huadu Bilibili Gaming (Bilibili Gaming),0.73,0.87,183.0,172.0,6.0,6.0,8.0,9.0,1.0,1.0,45.0,50.0,109.0,122.0,9.0,37.0,1.0,2.0,2.0,1.0
642928,257964,yilai,62947,BLG,Guangzhou Huadu Bilibili Gaming (Bilibili Gaming),0.94,0.54,223.0,181.0,9.0,7.0,7.0,10.0,2.0,2.0,82.0,50.0,141.0,130.0,24.0,11.0,3.0,0.0,1.0,3.0
642928,257965,Coco,47629,TEC,Wuxi Titan Esports Club (Titan Esports Club),1.52,1.19,291.0,215.0,15.0,10.0,10.0,9.0,3.0,3.0,71.0,79.0,181.0,143.0,33.0,29.0,1.0,1.0,1.0,0.0
642928,257965,Spitfires,4881,TEC,Wuxi Titan Esports Club (Titan Esports Club),1.11,1.25,270.0,250.0,13.0,13.0,12.0,10.0,0.0,2.0,64.0,79.0,166.0,164.0,37.0,41.0,6.0,2.0,1.0,2.0
642928,257965,lucas,19677,TEC,Wuxi Titan Esports Club (Titan Esports Club),0.7,1.45,95.0,249.0,5.0,13.0,9.0,9.0,4.0,4.0,50.0,79.0,62.0,154.0,44.0,26.0,0.0,1.0,1.0,1.0
642928,257965,Dynamite,42235,TEC,Wuxi Titan Esports Club (Titan Esports Club),0.79,1.08,161.0,197.0,8.0,11.0,11.0,10.0,6.0,2.0,79.0,79.0,115.0,125.0,40.0,21.0,1.0,2.0,2.0,3.0
642928,257965,Haodong,4720,TEC,Wuxi Titan Esports Club (Titan Esports Club),1.17,0.46,170.0,150.0,8.0,7.0,9.0,12.0,4.0,4.0,64.0,57.0,126.0,96.0,21.0,19.0,0.0,0.0,1.0,2.0
642928,257965,rushia,48878,BLG,Guangzhou Huadu Bilibili Gaming (Bilibili Gaming),1.19,1.17,275.0,273.0,15.0,14.0,11.0,10.0,2.0,8.0,86.0,79.0,187.0,165.0,28.0,15.0,0.0,1.0,0.0,2.0
642928,257965,yilai,62947,BLG,Guangzhou Huadu Bilibili Gaming (Bilibili Gaming),1.13,1.13,302.0,246.0,14.0,13.0,12.0,11.0,2.0,3.0,57.0,79.0,179.0,203.0,38.0,38.0,6.0,2.0,4.0,0.0
642928,257965,whzy,4885,BLG,Guangzhou Huadu Bilibili Gaming (Bilibili Gaming),1.09,0.94,275.0,201.0,14.0,8.0,11.0,9.0,1.0,4.0,71.0,79.0,187.0,133.0,31.0,39.0,2.0,2.0,1.0,2.0
642928,257965,nephh,10698,BLG,Guangzhou Huadu Bilibili Gaming (Bilibili Gaming),0.56,0.91,97.0,177.0,4.0,9.0,10.0,10.0,4.0,7.0,71.0,79.0,59.0,101.0,11.0,32.0,0.0,1.0,0.0,3.0
642928,257965,Knight,4774,BLG,Guangzhou Huadu Bilibili Gaming (Bilibili Gaming),0.45,0.75,78.0,150.0,3.0,7.0,10.0,9.0,6.0,4.0,71.0,64.0,55.0,107.0,18.0,27.0,0.0,0.0,1.0,1.0
642929,257967,happywei,37927,XLG,Xi Lai Gaming,1.45,1.39,233.0,170.0,10.0,6.0,6.0,4.0,5.0,7.0,83.0,100.0,151.0,102.0,33.0,35.0,2.0,0.0,1.0,0.0
642929,257967,Lysoar,37489,XLG,Xi Lai Gaming,1.1,1.26,255.0,269.0,11.0,9.0,9.0,6.0,2.0,2.0,75.0,78.0,158.0,198.0,52.0,19.0,1.0,0.0,0.0,2.0
642929,257967,NoMan,11527,XLG,Xi Lai Gaming,1.37,0.74,251.0,106.0,11.0,3.0,7.0,5.0,2.0,2.0,92.0,78.0,159.0,70.0,31.0,44.0,1.0,1.0,0.0,1.0
642929,257967,WsLeo,24308,XLG,Xi Lai Gaming,0.69,1.29,156.0,263.0,7.0,7.0,8.0,5.0,2.0,3.0,58.0,78.0,110.0,173.0,35.0,37.0,0.0,1.0,1.0,0.0
642929,257967,Rarga,22047,XLG,Xi Lai Gaming,0.48,1.39,164.0,267.0,7.0,9.0,10.0,5.0,1.0,2.0,67.0,67.0,97.0,153.0,44.0,23.0,1.0,2.0,5.0,2.0
642929,257967,swagzor,45492,NOVA,Nova Esports,1.33,1.31,348.0,245.0,11.0,10.0,8.0,8.0,1.0,1.0,67.0,67.0,205.0,151.0,67.0,32.0,4.0,4.0,3.0,1.0
642929,257967,GuanG,41054,NOVA,Nova Esports,0.83,1.13,180.0,203.0,5.0,9.0,7.0,8.0,0.0,1.0,33.0,67.0,117.0,133.0,35.0,27.0,1.0,0.0,0.0,0.0
642929,257967,Ezeir,46460,NOVA,Nova Esports,0.82,0.91,166.0,236.0,5.0,10.0,6.0,12.0,1.0,6.0,67.0,83.0,114.0,137.0,43.0,33.0,0.0,2.0,0.0,2.0
642929,257967,qiutiaN,43007,NOVA,Nova Esports,0.4,1.06,69.0,179.0,2.0,8.0,7.0,7.0,2.0,2.0,44.0,100.0,59.0,126.0,22.0,30.0,0.0,1.0,1.0,2.0
642929,257967,GREEN,34181,NOVA,Nova Esports,0.42,0.35,66.0,106.0,2.0,3.0,6.0,11.0,0.0,6.0,67.0,58.0,39.0,78.0,40.0,19.0,0.0,0.0,0.0,0.0
642929,257968,happywei,37927,XLG,Xi Lai Gaming,0.73,1.65,156.0,218.0,6.0,11.0,9.0,4.0,0.0,2.0,58.0,83.0,103.0,177.0,22.0,50.0,1.0,0.0,0.0,1.0
642929,257968,WsLeo,24308,XLG,Xi Lai Gaming,0.75,1.64,147.0,307.0,6.0,13.0,10.0,6.0,3.0,2.0,67.0,83.0,90.0,198.0,57.0,35.0,2.0,3.0,0.0,0.0
642929,257968,Rarga,22047,XLG,Xi Lai Gaming,1.42,0.65,256.0,148.0,10.0,6.0,9.0,8.0,3.0,4.0,50.0,67.0,173.0,99.0,29.0,24.0,1.0,1.0,3.0,2.0
642929,257968,NoMan,11527,XLG,Xi Lai Gaming,0.65,1.3,172.0,268.0,7.0,12.0,10.0,7.0,3.0,0.0,75.0,75.0,93.0,187.0,9.0,42.0,3.0,1.0,2.0,3.0
642929,257968,Lysoar,37489,XLG,Xi Lai Gaming,0.95,0.58,132.0,122.0,6.0,4.0,8.0,8.0,1.0,7.0,67.0,75.0,87.0,77.0,17.0,24.0,0.0,0.0,0.0,1.0
642929,257968,GuanG,41054,NOVA,Nova Esports,1.24,1.08,264.0,162.0,11.0,8.0,10.0,5.0,2.0,0.0,67.0,83.0,178.0,104.0,27.0,18.0,2.0,2.0,0.0,0.0
642929,257968,GREEN,34181,NOVA,Nova Esports,1.17,0.95,223.0,175.0,9.0,7.0,9.0,7.0,5.0,4.0,67.0,75.0,150.0,120.0,45.0,27.0,2.0,1.0,0.0,2.0
642929,257968,Ezeir,46460,NOVA,Nova Esports,0.82,1.11,101.0,239.0,4.0,10.0,8.0,8.0,3.0,6.0,58.0,75.0,83.0,141.0,31.0,28.0,0.0,1.0,0.0,2.0
642929,257968,qiutiaN,43007,NOVA,Nova Esports,0.56,1.33,100.0,262.0,4.0,11.0,9.0,5.0,2.0,3.0,58.0,75.0,70.0,158.0,33.0,11.0,1.0,1.0,0.0,1.0
642929,257968,swagzor,45492,NOVA,Nova Esports,0.43,0.9,131.0,247.0,5.0,10.0,10.0,10.0,1.0,5.0,58.0,83.0,77.0,175.0,31.0,27.0,2.0,0.0,5.0,2.0
642930,257970,ZmjjKK,3520,EDG,EDward Gaming,2.2,2.23,425.0,401.0,18.0,8.0,7.0,2.0,4.0,2.0,75.0,100.0,280.0,253.0,30.0,28.0,2.0,1.0,1.0,0.0
642930,257970,Smoggy,4742,EDG,EDward Gaming,1.17,1.62,291.0,461.0,12.0,8.0,10.0,4.0,6.0,1.0,92.0,100.0,162.0,288.0,37.0,35.0,3.0,3.0,1.0,0.0
642930,257970,nobody,3017,EDG,EDward Gaming,0.83,0.73,197.0,71.0,8.0,1.0,9.0,2.0,5.0,1.0,100.0,80.0,131.0,53.0,35.0,14.0,0.0,0.0,0.0,1.0
642930,257970,Jieni7,51244,EDG,EDward Gaming,0.59,1.22,136.0,136.0,7.0,3.0,9.0,1.0,3.0,2.0,50.0,80.0,85.0,82.0,38.0,11.0,0.0,0.0,2.0,0.0
642930,257970,CHICHOO,15559,EDG,EDward Gaming,0.23,1.85,22.0,206.0,1.0,5.0,7.0,1.0,1.0,0.0,67.0,80.0,15.0,175.0,0.0,45.0,0.0,0.0,3.0,0.0
642930,257970,Kai,37494,TE,Trace Esports,0.14,1.83,99.0,357.0,1.0,14.0,5.0,8.0,1.0,1.0,60.0,83.0,75.0,232.0,29.0,26.0,0.0,3.0,2.0,0.0
642930,257970,deLb,10821,TE,Trace Esports,0.59,1.26,179.0,292.0,3.0,12.0,5.0,9.0,0.0,1.0,80.0,75.0,108.0,196.0,38.0,61.0,1.0,3.0,1.0,0.0
642930,257970,Xlele,54487,TE,Trace Esports,1.05,1.01,257.0,243.0,4.0,9.0,5.0,10.0,2.0,8.0,80.0,92.0,163.0,147.0,25.0,23.0,0.0,1.0,0.0,0.0
642930,257970,Viva,36415,TE,Trace Esports,0.04,0.65,41.0,118.0,1.0,5.0,5.0,10.0,0.0,4.0,60.0,75.0,17.0,75.0,50.0,16.0,0.0,0.0,1.0,3.0
642930,257970,Abo,5011,TE,Trace Esports,0.36,0.41,106.0,82.0,1.0,2.0,5.0,9.0,1.0,3.0,40.0,42.0,88.0,67.0,44.0,25.0,0.0,0.0,0.0,2.0
642930,257971,CHICHOO,15559,EDG,EDward Gaming,1.3,1.12,226.0,236.0,11.0,11.0,7.0,9.0,4.0,2.0,85.0,77.0,159.0,157.0,42.0,25.0,0.0,2.0,1.0,0.0
642930,257971,ZmjjKK,3520,EDG,EDward Gaming,1.15,1.11,273.0,243.0,14.0,11.0,10.0,10.0,3.0,0.0,85.0,77.0,173.0,151.0,19.0,41.0,4.0,3.0,4.0,2.0
642930,257971,Jieni7,51244,EDG,EDward Gaming,1.06,0.93,191.0,187.0,9.0,8.0,7.0,9.0,2.0,4.0,92.0,54.0,143.0,135.0,38.0,28.0,2.0,0.0,0.0,1.0
642930,257971,Smoggy,4742,EDG,EDward Gaming,1.11,0.84,157.0,153.0,8.0,7.0,6.0,10.0,6.0,1.0,100.0,62.0,98.0,92.0,54.0,21.0,0.0,2.0,1.0,0.0
642930,257971,nobody,3017,EDG,EDward Gaming,1.36,0.49,232.0,120.0,9.0,5.0,6.0,10.0,8.0,4.0,92.0,62.0,154.0,98.0,27.0,24.0,0.0,1.0,1.0,2.0
642930,257971,Abo,5011,TE,Trace Esports,1.44,0.8,269.0,167.0,12.0,6.0,7.0,10.0,1.0,4.0,69.0,62.0,178.0,138.0,38.0,32.0,2.0,1.0,0.0,2.0
642930,257971,Viva,36415,TE,Trace Esports,1.1,1.11,196.0,190.0,9.0,8.0,7.0,9.0,1.0,3.0,62.0,69.0,143.0,115.0,29.0,26.0,0.0,1.0,1.0,0.0
642930,257971,Kai,37494,TE,Trace Esports,1.15,0.7,266.0,138.0,12.0,7.0,10.0,10.0,3.0,1.0,69.0,54.0,178.0,100.0,42.0,19.0,3.0,0.0,3.0,2.0
642930,257971,Xlele,54487,TE,Trace Esports,1.13,0.59,202.0,196.0,11.0,8.0,8.0,13.0,2.0,4.0,69.0,69.0,121.0,113.0,37.0,19.0,0.0,3.0,1.0,2.0
642930,257971,deLb,10821,TE,Trace Esports,0.55,1.04,104.0,174.0,4.0,7.0,10.0,9.0,6.0,6.0,62.0,77.0,74.0,108.0,19.0,15.0,0.0,2.0,3.0,0.0
642931,257973,zhe,49476,JDG,JD Mall JDG Esports (JD Gaming),0.03,1.8,54.0,381.0,0.0,17.0,6.0,8.0,1.0,2.0,17.0,83.0,54.0,212.0,13.0,20.0,0.0,4.0,2.0,0.0
642931,257973,coconut,12365,JDG,JD Mall JDG Esports (JD Gaming),0.7,0.83,202.0,150.0,4.0,6.0,6.0,9.0,0.0,3.0,67.0,58.0,122.0,109.0,21.0,25.0,1.0,1.0,0.0,1.0
642931,257973,jkuro,3519,JDG,JD Mall JDG Esports (JD Gaming),0.27,0.93,104.0,175.0,2.0,8.0,6.0,9.0,2.0,6.0,83.0,83.0,62.0,109.0,33.0,39.0,0.0,1.0,2.0,1.0
642931,257973,stew,16924,JDG,JD Mall JDG Esports (JD Gaming),0.42,0.64,111.0,194.0,2.0,7.0,6.0,11.0,0.0,3.0,33.0,83.0,72.0,138.0,40.0,18.0,1.0,2.0,0.0,1.0
642931,257973,Yuicaw,11218,JDG,JD Mall JDG Esports (JD Gaming),0.12,0.74,48.0,137.0,1.0,6.0,6.0,10.0,0.0,0.0,17.0,67.0,36.0,96.0,20.0,26.0,0.0,0.0,0.0,1.0
642931,257973,K1ra,46748,AG,All Gamers,1.65,2.49,314.0,380.0,13.0,9.0,7.0,1.0,1.0,2.0,67.0,100.0,205.0,214.0,26.0,32.0,1.0,1.0,1.0,0.0
642931,257973,Shr1mp,25494,AG,All Gamers,1.58,1.85,223.0,325.0,11.0,8.0,5.0,1.0,2.0,2.0,92.0,100.0,141.0,213.0,40.0,16.0,0.0,0.0,0.0,0.0
642931,257973,f4ngeer,21216,AG,All Gamers,1.27,2.26,272.0,383.0,12.0,9.0,9.0,2.0,6.0,4.0,83.0,83.0,191.0,251.0,41.0,29.0,2.0,2.0,2.0,0.0
642931,257973,Youze,46040,AG,All Gamers,0.16,1.19,131.0,149.0,5.0,3.0,12.0,2.0,3.0,1.0,50.0,67.0,82.0,85.0,22.0,21.0,1.0,1.0,4.0,0.0
642931,257973,iamgrq,58959,AG,All Gamers,0.33,0.52,144.0,63.0,6.0,1.0,11.0,3.0,2.0,4.0,67.0,100.0,102.0,27.0,21.0,0.0,0.0,0.0,1.0,2.0
642931,257974,coconut,12365,JDG,JD Mall JDG Esports (JD Gaming),2.32,0.55,395.0,140.0,17.0,4.0,5.0,10.0,5.0,4.0,83.0,55.0,274.0,90.0,35.0,36.0,1.0,1.0,0.0,1.0
642931,257974,Yuicaw,11218,JDG,JD Mall JDG Esports (JD Gaming),0.87,1.57,172.0,293.0,8.0,11.0,9.0,8.0,4.0,3.0,67.0,73.0,137.0,175.0,30.0,25.0,0.0,3.0,1.0,2.0
642931,257974,jkuro,3519,JDG,JD Mall JDG Esports (JD Gaming),0.9,0.88,182.0,142.0,7.0,5.0,8.0,8.0,6.0,7.0,75.0,73.0,128.0,80.0,39.0,12.0,0.0,0.0,2.0,0.0
642931,257974,zhe,49476,JDG,JD Mall JDG Esports (JD Gaming),0.08,1.26,138.0,284.0,5.0,11.0,12.0,10.0,2.0,0.0,42.0,73.0,89.0,187.0,36.0,37.0,1.0,1.0,5.0,0.0
642931,257974,stew,16924,JDG,JD Mall JDG Esports (JD Gaming),0.9,0.16,130.0,82.0,7.0,3.0,7.0,10.0,0.0,2.0,83.0,36.0,88.0,57.0,20.0,0.0,0.0,0.0,2.0,3.0
642931,257974,Shr1mp,25494,AG,All Gamers,1.26,1.55,194.0,336.0,7.0,14.0,5.0,8.0,7.0,5.0,73.0,75.0,145.0,199.0,33.0,17.0,0.0,1.0,1.0,1.0
642931,257974,f4ngeer,21216,AG,All Gamers,1.35,1.27,331.0,185.0,13.0,9.0,8.0,7.0,3.0,2.0,64.0,75.0,206.0,129.0,24.0,46.0,1.0,2.0,1.0,1.0
642931,257974,K1ra,46748,AG,All Gamers,1.19,1.07,255.0,152.0,10.0,7.0,7.0,8.0,2.0,2.0,91.0,58.0,160.0,93.0,50.0,15.0,2.0,3.0,1.0,0.0
642931,257974,iamgrq,58959,AG,All Gamers,1.55,0.63,214.0,174.0,9.0,6.0,4.0,11.0,8.0,8.0,82.0,75.0,128.0,107.0,37.0,17.0,2.0,2.0,0.0,0.0
642931,257974,Youze,46040,AG,All Gamers,0.49,0.52,172.0,130.0,7.0,5.0,10.0,10.0,4.0,2.0,73.0,67.0,111.0,82.0,30.0,4.0,1.0,2.0,2.0,0.0
642932,257976,Life,3028,DRG,Dragon Ranger Gaming,2.02,0.31,454.0,13.0,20.0,0.0,6.0,1.0,3.0,0.0,83.0,50.0,278.0,12.0,47.0,0.0,4.0,0.0,1.0,0.0
642932,257976,Flex1n,4705,DRG,Dragon Ranger Gaming,1.65,2.48,234.0,528.0,11.0,4.0,3.0,1.0,5.0,0.0,92.0,100.0,152.0,292.0,29.0,75.0,1.0,1.0,0.0,0.0
642932,257976,Nicc,11524,DRG,Dragon Ranger Gaming,1.49,2.33,225.0,288.0,9.0,3.0,5.0,0.0,11.0,0.0,83.0,100.0,153.0,174.0,28.0,60.0,1.0,0.0,0.0,0.0
642932,257976,vo0kashu,3741,DRG,Dragon Ranger Gaming,0.99,1.53,135.0,317.0,7.0,2.0,5.0,1.0,3.0,0.0,75.0,100.0,76.0,258.0,25.0,50.0,1.0,1.0,1.0,0.0
642932,257976,SpiritZ1,31753,DRG,Dragon Ranger Gaming,0.69,0.48,145.0,138.0,7.0,1.0,8.0,2.0,1.0,1.0,75.0,50.0,100.0,86.0,29.0,33.0,2.0,0.0,1.0,0.0
642932,257976,yosemite,6022,WOL,Wolves Esports,0.13,0.99,7.0,217.0,0.0,9.0,2.0,11.0,0.0,2.0,100.0,58.0,7.0,147.0,0.0,33.0,0.0,1.0,0.0,1.0
642932,257976,SiuFatBB,7849,WOL,Wolves Esports,0.46,0.77,111.0,178.0,1.0,7.0,2.0,10.0,0.0,0.0,50.0,50.0,58.0,112.0,0.0,44.0,0.0,0.0,0.0,0.0
642932,257976,glacier,49973,WOL,Wolves Esports,1.2,0.55,406.0,146.0,3.0,6.0,2.0,11.0,0.0,1.0,100.0,50.0,224.0,102.0,33.0,60.0,0.0,2.0,1.0,5.0
642932,257976,Spring,14125,WOL,Wolves Esports,0.02,0.48,38.0,134.0,0.0,4.0,2.0,12.0,1.0,0.0,50.0,50.0,38.0,91.0,0.0,20.0,0.0,0.0,1.0,1.0
642932,257976,jowa,19292,WOL,Wolves Esports,0.78,0.23,162.0,42.0,1.0,1.0,2.0,10.0,2.0,2.0,100.0,42.0,86.0,31.0,100.0,36.0,0.0,0.0,0.0,2.0
642932,257977,vo0kashu,3741,DRG,Dragon Ranger Gaming,1.02,0.43,217.0,108.0,8.0,3.0,8.0,7.0,6.0,0.0,75.0,43.0,134.0,82.0,24.0,50.0,1.0,0.0,1.0,0.0
642932,257977,Flex1n,4705,DRG,Dragon Ranger Gaming,1.01,0.41,183.0,74.0,9.0,1.0,8.0,6.0,4.0,5.0,67.0,71.0,105.0,40.0,20.0,7.0,0.0,0.0,0.0,1.0
642932,257977,Nicc,11524,DRG,Dragon Ranger Gaming,1.19,0.04,211.0,7.0,8.0,0.0,8.0,7.0,7.0,0.0,75.0,14.0,135.0,7.0,30.0,0.0,1.0,0.0,0.0,1.0
642932,257977,Life,3028,DRG,Dragon Ranger Gaming,0.56,1.09,147.0,277.0,5.0,6.0,9.0,7.0,1.0,2.0,58.0,71.0,100.0,168.0,20.0,44.0,2.0,2.0,2.0,1.0
642932,257977,SpiritZ1,31753,DRG,Dragon Ranger Gaming,0.88,0.03,231.0,57.0,10.0,1.0,9.0,7.0,1.0,0.0,67.0,29.0,161.0,61.0,42.0,14.0,4.0,0.0,1.0,2.0
642932,257977,yosemite,6022,WOL,Wolves Esports,2.75,1.95,480.0,347.0,14.0,17.0,1.0,6.0,0.0,1.0,100.0,75.0,322.0,214.0,35.0,30.0,2.0,0.0,0.0,0.0
642932,257977,Spring,14125,WOL,Wolves Esports,1.6,1.0,200.0,151.0,6.0,5.0,2.0,8.0,3.0,9.0,100.0,75.0,129.0,96.0,56.0,29.0,0.0,0.0,0.0,2.0
642932,257977,jowa,19292,WOL,Wolves Esports,1.31,1.15,195.0,193.0,4.0,8.0,2.0,8.0,3.0,5.0,71.0,67.0,164.0,132.0,24.0,27.0,1.0,0.0,1.0,1.0
642932,257977,SiuFatBB,7849,WOL,Wolves Esports,1.25,0.77,137.0,118.0,4.0,3.0,2.0,8.0,2.0,6.0,86.0,67.0,92.0,95.0,80.0,24.0,1.0,0.0,0.0,1.0
642932,257977,glacier,49973,WOL,Wolves Esports,1.0,0.79,222.0,228.0,6.0,9.0,4.0,10.0,1.0,3.0,86.0,75.0,135.0,145.0,27.0,29.0,1.0,4.0,1.0,4.0
642932,257978,Life,3028,DRG,Dragon Ranger Gaming,1.68,1.26,344.0,285.0,16.0,10.0,6.0,7.0,0.0,2.0,100.0,80.0,201.0,201.0,67.0,58.0,3.0,0.0,2.0,3.0
642932,257978,SpiritZ1,31753,DRG,Dragon Ranger Gaming,1.75,0.68,338.0,173.0,15.0,6.0,5.0,8.0,5.0,0.0,92.0,70.0,222.0,105.0,38.0,45.0,3.0,2.0,1.0,2.0
642932,257978,vo0kashu,3741,DRG,Dragon Ranger Gaming,0.98,1.36,132.0,275.0,6.0,10.0,5.0,7.0,1.0,3.0,75.0,80.0,81.0,189.0,22.0,39.0,2.0,1.0,0.0,0.0
642932,257978,Nicc,11524,DRG,Dragon Ranger Gaming,0.76,1.09,116.0,136.0,4.0,4.0,7.0,4.0,9.0,6.0,83.0,80.0,82.0,86.0,47.0,29.0,0.0,0.0,0.0,0.0
642932,257978,Flex1n,4705,DRG,Dragon Ranger Gaming,0.82,0.94,120.0,184.0,5.0,7.0,7.0,7.0,5.0,4.0,75.0,80.0,95.0,99.0,31.0,16.0,0.0,1.0,1.0,1.0
642932,257978,Spring,14125,WOL,Wolves Esports,0.78,1.58,108.0,286.0,4.0,11.0,6.0,8.0,2.0,1.0,60.0,50.0,68.0,182.0,30.0,61.0,0.0,1.0,2.0,1.0
642932,257978,jowa,19292,WOL,Wolves Esports,0.99,0.91,238.0,134.0,7.0,5.0,8.0,9.0,3.0,10.0,80.0,67.0,162.0,92.0,33.0,42.0,1.0,1.0,0.0,1.0
642932,257978,glacier,49973,WOL,Wolves Esports,1.4,0.45,310.0,136.0,11.0,5.0,7.0,10.0,1.0,0.0,80.0,33.0,206.0,87.0,34.0,31.0,2.0,1.0,0.0,3.0
642932,257978,SiuFatBB,7849,WOL,Wolves Esports,1.06,0.36,163.0,79.0,6.0,2.0,7.0,10.0,3.0,2.0,70.0,42.0,126.0,60.0,46.0,15.0,1.0,1.0,1.0,1.0
642932,257978,yosemite,6022,WOL,Wolves Esports,0.46,0.72,135.0,163.0,5.0,7.0,9.0,9.0,1.0,0.0,60.0,50.0,86.0,106.0,25.0,25.0,2.0,0.0,1.0,2.0
642933,257979,swagzor,45492,NOVA,Nova Esports,1.2,1.22,321.0,243.0,14.0,12.0,12.0,9.0,2.0,4.0,62.0,62.0,184.0,180.0,48.0,24.0,3.0,2.0,3.0,2.0
642933,257979,qiutiaN,43007,NOVA,Nova Esports,1.15,0.91,199.0,225.0,10.0,7.0,10.0,10.0,2.0,7.0,54.0,69.0,128.0,148.0,47.0,19.0,0.0,2.0,0.0,0.0
642933,257979,Ezeir,46460,NOVA,Nova Esports,0.63,1.18,129.0,253.0,4.0,13.0,10.0,11.0,4.0,4.0,62.0,85.0,110.0,154.0,11.0,36.0,1.0,2.0,2.0,0.0
642933,257979,GuanG,41054,NOVA,Nova Esports,0.48,0.91,119.0,107.0,6.0,6.0,11.0,7.0,1.0,3.0,54.0,77.0,78.0,66.0,23.0,25.0,0.0,0.0,2.0,1.0
642933,257979,GREEN,34181,NOVA,Nova Esports,0.39,0.75,96.0,164.0,3.0,8.0,12.0,9.0,7.0,4.0,46.0,69.0,60.0,104.0,30.0,28.0,0.0,1.0,2.0,3.0
642933,257979,Kai,37494,TE,Trace Esports,1.01,1.72,201.0,341.0,10.0,16.0,10.0,7.0,3.0,3.0,62.0,85.0,154.0,208.0,17.0,50.0,3.0,5.0,1.0,2.0
642933,257979,Xlele,54487,TE,Trace Esports,1.2,1.45,196.0,260.0,9.0,13.0,8.0,7.0,6.0,6.0,69.0,85.0,130.0,148.0,27.0,21.0,0.0,2.0,0.0,0.0
642933,257979,Abo,5011,TE,Trace Esports,1.11,1.25,241.0,231.0,11.0,12.0,10.0,8.0,2.0,1.0,85.0,77.0,147.0,157.0,36.0,45.0,2.0,1.0,1.0,1.0
642933,257979,Viva,36415,TE,Trace Esports,0.9,1.16,181.0,247.0,7.0,9.0,9.0,8.0,8.0,6.0,85.0,77.0,131.0,177.0,13.0,50.0,0.0,1.0,2.0,0.0
642933,257979,deLb,10821,TE,Trace Esports,1.05,0.56,185.0,97.0,9.0,5.0,9.0,7.0,3.0,2.0,77.0,62.0,119.0,63.0,64.0,45.0,1.0,0.0,3.0,1.0
642933,257980,qiutiaN,43007,NOVA,Nova Esports,1.52,1.26,306.0,180.0,14.0,9.0,7.0,7.0,1.0,0.0,73.0,67.0,177.0,123.0,29.0,69.0,0.0,3.0,0.0,0.0
642933,257980,swagzor,45492,NOVA,Nova Esports,0.58,1.24,185.0,243.0,6.0,10.0,10.0,9.0,3.0,5.0,73.0,83.0,129.0,162.0,16.0,17.0,5.0,3.0,3.0,1.0
642933,257980,GuanG,41054,NOVA,Nova Esports,0.78,1.03,112.0,240.0,5.0,8.0,7.0,11.0,0.0,6.0,55.0,75.0,82.0,159.0,36.0,32.0,0.0,3.0,1.0,1.0
642933,257980,GREEN,34181,NOVA,Nova Esports,0.9,0.91,161.0,165.0,5.0,6.0,8.0,9.0,4.0,5.0,64.0,67.0,115.0,127.0,33.0,29.0,0.0,1.0,1.0,0.0
642933,257980,Ezeir,46460,NOVA,Nova Esports,0.62,0.61,103.0,97.0,4.0,4.0,7.0,9.0,2.0,4.0,82.0,67.0,63.0,61.0,23.0,15.0,0.0,0.0,1.0,0.0
642933,257980,Kai,37494,TE,Trace Esports,1.56,1.17,337.0,138.0,14.0,6.0,7.0,6.0,1.0,3.0,92.0,91.0,210.0,97.0,33.0,36.0,2.0,2.0,2.0,2.0
642933,257980,deLb,10821,TE,Trace Esports,1.05,1.52,144.0,238.0,7.0,9.0,6.0,6.0,3.0,8.0,67.0,82.0,86.0,174.0,38.0,39.0,0.0,0.0,1.0,1.0
642933,257980,Xlele,54487,TE,Trace Esports,0.23,2.02,102.0,405.0,4.0,17.0,10.0,6.0,2.0,1.0,58.0,100.0,64.0,265.0,12.0,46.0,0.0,1.0,3.0,1.0
642933,257980,Abo,5011,TE,Trace Esports,1.56,0.49,346.0,183.0,16.0,6.0,6.0,9.0,1.0,3.0,75.0,64.0,191.0,122.0,26.0,13.0,0.0,2.0,3.0,1.0
642933,257980,Viva,36415,TE,Trace Esports,0.56,0.44,114.0,66.0,4.0,1.0,8.0,7.0,7.0,4.0,75.0,73.0,72.0,51.0,31.0,33.0,0.0,1.0,1.0,0.0
642934,257982,Ben1Ley,55823,FPX,FunPlus Phoenix,1.29,0.77,252.0,224.0,10.0,8.0,9.0,8.0,5.0,2.0,83.0,67.0,164.0,127.0,25.0,33.0,1.0,0.0,2.0,1.0
642934,257982,Setrod,50025,FPX,FunPlus Phoenix,0.85,1.37,262.0,323.0,10.0,11.0,12.0,7.0,1.0,1.0,75.0,67.0,166.0,201.0,18.0,31.0,2.0,0.0,1.0,2.0
642934,257982,AAAAY,19530,FPX,FunPlus Phoenix,0.76,1.46,130.0,331.0,6.0,10.0,8.0,7.0,2.0,0.0,83.0,78.0,69.0,249.0,18.0,58.0,0.0,2.0,1.0,1.0
642934,257982,BerLIN,7857,FPX,FunPlus Phoenix,0.9,0.39,197.0,125.0,7.0,3.0,9.0,8.0,4.0,5.0,58.0,67.0,131.0,84.0,25.0,42.0,1.0,0.0,2.0,1.0
642934,257982,KovaQ,7987,FPX,FunPlus Phoenix,0.75,0.47,119.0,100.0,5.0,3.0,8.0,7.0,3.0,3.0,75.0,56.0,85.0,71.0,29.0,36.0,0.0,0.0,2.0,2.0
642934,257982,nephh,10698,BLG,Guangzhou Huadu Bilibili Gaming (Bilibili Gaming),1.5,1.25,309.0,194.0,11.0,10.0,7.0,6.0,2.0,6.0,100.0,92.0,170.0,121.0,18.0,27.0,2.0,1.0,0.0,0.0
642934,257982,rushia,48878,BLG,Guangzhou Huadu Bilibili Gaming (Bilibili Gaming),1.01,1.37,226.0,291.0,7.0,12.0,7.0,9.0,6.0,3.0,89.0,75.0,155.0,223.0,19.0,34.0,2.0,2.0,0.0,0.0
642934,257982,yilai,62947,BLG,Guangzhou Huadu Bilibili Gaming (Bilibili Gaming),1.14,1.2,220.0,161.0,7.0,7.0,7.0,6.0,0.0,4.0,44.0,92.0,136.0,110.0,33.0,41.0,2.0,1.0,0.0,0.0
642934,257982,Knight,4774,BLG,Guangzhou Huadu Bilibili Gaming (Bilibili Gaming),1.47,0.73,275.0,154.0,9.0,7.0,7.0,8.0,4.0,1.0,89.0,67.0,171.0,105.0,29.0,62.0,1.0,2.0,0.0,2.0
642934,257982,whzy,4885,BLG,Guangzhou Huadu Bilibili Gaming (Bilibili Gaming),0.47,1.12,87.0,262.0,3.0,10.0,7.0,9.0,3.0,7.0,89.0,67.0,66.0,190.0,7.0,18.0,0.0,2.0,2.0,2.0
642934,257983,AAAAY,19530,FPX,FunPlus Phoenix,1.58,1.07,301.0,191.0,11.0,8.0,5.0,7.0,6.0,3.0,100.0,83.0,177.0,120.0,41.0,60.0,1.0,2.0,0.0,1.0
642934,257983,Setrod,50025,FPX,FunPlus Phoenix,1.3,1.05,278.0,186.0,10.0,9.0,6.0,8.0,2.0,0.0,90.0,75.0,172.0,117.0,7.0,26.0,3.0,1.0,2.0,1.0
642934,257983,KovaQ,7987,FPX,FunPlus Phoenix,1.38,0.91,238.0,220.0,10.0,9.0,5.0,9.0,3.0,3.0,90.0,67.0,182.0,151.0,22.0,35.0,0.0,0.0,0.0,1.0
642934,257983,BerLIN,7857,FPX,FunPlus Phoenix,0.74,1.12,133.0,205.0,6.0,9.0,5.0,8.0,1.0,4.0,80.0,83.0,77.0,121.0,18.0,41.0,0.0,2.0,1.0,1.0
642934,257983,Ben1Ley,55823,FPX,FunPlus Phoenix,0.85,0.73,262.0,156.0,10.0,6.0,9.0,8.0,3.0,2.0,80.0,75.0,166.0,96.0,33.0,22.0,1.0,2.0,2.0,1.0
642934,257983,Knight,4774,BLG,Guangzhou Huadu Bilibili Gaming (Bilibili Gaming),1.26,1.62,191.0,253.0,9.0,9.0,6.0,8.0,2.0,4.0,75.0,70.0,123.0,165.0,29.0,32.0,0.0,1.0,0.0,1.0
642934,257983,yilai,62947,BLG,Guangzhou Huadu Bilibili Gaming (Bilibili Gaming),1.19,0.99,231.0,198.0,9.0,7.0,8.0,10.0,0.0,5.0,75.0,70.0,146.0,128.0,27.0,29.0,1.0,0.0,1.0,0.0
642934,257983,nephh,10698,BLG,Guangzhou Huadu Bilibili Gaming (Bilibili Gaming),0.63,0.77,116.0,186.0,5.0,5.0,8.0,9.0,5.0,4.0,75.0,60.0,54.0,109.0,25.0,15.0,1.0,0.0,2.0,1.0
642934,257983,rushia,48878,BLG,Guangzhou Huadu Bilibili Gaming (Bilibili Gaming),0.81,0.43,195.0,155.0,8.0,6.0,10.0,10.0,3.0,1.0,75.0,60.0,145.0,83.0,27.0,35.0,1.0,1.0,1.0,1.0
642934,257983,whzy,4885,BLG,Guangzhou Huadu Bilibili Gaming (Bilibili Gaming),0.88,0.36,204.0,109.0,9.0,3.0,9.0,10.0,1.0,3.0,83.0,50.0,109.0,83.0,32.0,22.0,2.0,3.0,3.0,2.0
642934,257984,AAAAY,19530,FPX,FunPlus Phoenix,0.15,1.73,89.0,365.0,1.0,15.0,3.0,9.0,0.0,1.0,33.0,75.0,41.0,254.0,50.0,37.0,1.0,3.0,0.0,0.0
642934,257984,Ben1Ley,55823,FPX,FunPlus Phoenix,0.89,0.72,224.0,202.0,3.0,8.0,3.0,11.0,0.0,0.0,67.0,58.0,121.0,132.0,25.0,39.0,0.0,2.0,0.0,3.0
642934,257984,BerLIN,7857,FPX,FunPlus Phoenix,0.72,0.57,207.0,105.0,2.0,3.0,3.0,9.0,1.0,8.0,67.0,75.0,129.0,73.0,57.0,21.0,0.0,0.0,0.0,2.0
642934,257984,Setrod,50025,FPX,FunPlus Phoenix,0.59,0.58,232.0,93.0,2.0,3.0,3.0,8.0,1.0,3.0,67.0,50.0,143.0,71.0,15.0,25.0,0.0,0.0,0.0,1.0
642934,257984,KovaQ,7987,FPX,FunPlus Phoenix,0.22,0.56,99.0,103.0,1.0,4.0,3.0,9.0,1.0,1.0,33.0,58.0,99.0,60.0,25.0,25.0,0.0,1.0,2.0,0.0
642934,257984,Knight,4774,BLG,Guangzhou Huadu Bilibili Gaming (Bilibili Gaming),1.94,1.67,257.0,312.0,13.0,4.0,3.0,2.0,1.0,0.0,92.0,67.0,188.0,208.0,27.0,80.0,0.0,1.0,0.0,1.0
642934,257984,nephh,10698,BLG,Guangzhou Huadu Bilibili Gaming (Bilibili Gaming),1.32,0.81,244.0,129.0,11.0,1.0,7.0,2.0,5.0,4.0,83.0,100.0,160.0,100.0,56.0,14.0,2.0,0.0,1.0,0.0
642934,257984,yilai,62947,BLG,Guangzhou Huadu Bilibili Gaming (Bilibili Gaming),1.0,2.02,255.0,390.0,11.0,5.0,9.0,2.0,2.0,2.0,75.0,67.0,160.0,185.0,21.0,17.0,3.0,0.0,2.0,0.0
642934,257984,rushia,48878,BLG,Guangzhou Huadu Bilibili Gaming (Bilibili Gaming),0.8,2.19,112.0,227.0,3.0,3.0,6.0,0.0,5.0,0.0,83.0,100.0,91.0,141.0,5.0,80.0,1.0,1.0,1.0,0.0
642934,257984,whzy,4885,BLG,Guangzhou Huadu Bilibili Gaming (Bilibili Gaming),0.85,0.73,172.0,197.0,8.0,2.0,8.0,3.0,2.0,2.0,75.0,100.0,120.0,145.0,42.0,25.0,0.0,0.0,2.0,0.0
642935,257985,f4ngeer,21216,AG,All Gamers,2.06,0.3,348.0,51.0,15.0,1.0,8.0,5.0,0.0,0.0,75.0,33.0,211.0,58.0,61.0,17.0,1.0,0.0,2.0,1.0
642935,257985,Shr1mp,25494,AG,All Gamers,1.04,0.7,149.0,113.0,7.0,2.0,9.0,4.0,6.0,1.0,58.0,67.0,85.0,91.0,12.0,8.0,0.0,0.0,0.0,0.0
642935,257985,Youze,46040,AG,All Gamers,0.45,1.41,87.0,297.0,3.0,6.0,10.0,5.0,1.0,1.0,50.0,67.0,62.0,185.0,14.0,26.0,2.0,1.0,3.0,1.0
642935,257985,iamgrq,58959,AG,All Gamers,0.59,0.8,145.0,148.0,5.0,2.0,10.0,4.0,3.0,3.0,67.0,83.0,111.0,117.0,27.0,19.0,0.0,1.0,0.0,0.0
642935,257985,K1ra,46748,AG,All Gamers,0.63,0.19,175.0,37.0,6.0,0.0,11.0,4.0,4.0,1.0,67.0,50.0,110.0,38.0,37.0,0.0,1.0,0.0,3.0,2.0
642935,257985,splash,36685,TYL,TYLOO,1.64,1.62,242.0,337.0,6.0,16.0,2.0,6.0,1.0,1.0,100.0,83.0,122.0,197.0,39.0,33.0,2.0,4.0,0.0,2.0
642935,257985,slowly,41739,TYL,TYLOO,1.72,1.38,221.0,347.0,5.0,14.0,1.0,9.0,4.0,6.0,83.0,67.0,121.0,216.0,40.0,42.0,0.0,2.0,0.0,1.0
642935,257985,Erv,55085,TYL,TYLOO,1.66,1.12,302.0,163.0,6.0,8.0,3.0,5.0,6.0,5.0,100.0,75.0,193.0,103.0,31.0,24.0,1.0,1.0,0.0,0.0
642935,257985,sword9,3049,TYL,TYLOO,1.43,0.42,125.0,92.0,4.0,4.0,1.0,8.0,4.0,3.0,100.0,67.0,56.0,67.0,25.0,11.0,0.0,0.0,1.0,1.0
642935,257985,Scales,39485,TYL,TYLOO,0.43,0.61,114.0,150.0,1.0,6.0,4.0,8.0,2.0,3.0,50.0,92.0,92.0,97.0,5.0,18.0,1.0,1.0,1.0,0.0
642935,257986,f4ngeer,21216,AG,All Gamers,1.89,1.21,354.0,244.0,13.0,10.0,4.0,9.0,3.0,2.0,90.0,67.0,229.0,141.0,38.0,30.0,2.0,4.0,2.0,3.0
642935,257986,Shr1mp,25494,AG,All Gamers,1.55,1.23,175.0,247.0,7.0,10.0,3.0,12.0,8.0,6.0,80.0,83.0,86.0,147.0,33.0,25.0,0.0,2.0,0.0,0.0
642935,257986,K1ra,46748,AG,All Gamers,1.46,0.72,264.0,130.0,10.0,6.0,4.0,9.0,1.0,1.0,80.0,58.0,184.0,89.0,38.0,40.0,0.0,0.0,1.0,1.0
642935,257986,iamgrq,58959,AG,All Gamers,1.21,0.74,127.0,158.0,4.0,5.0,4.0,10.0,8.0,11.0,90.0,75.0,80.0,104.0,36.0,32.0,0.0,0.0,0.0,0.0
642935,257986,Youze,46040,AG,All Gamers,1.23,0.7,246.0,162.0,9.0,7.0,6.0,11.0,1.0,1.0,90.0,58.0,153.0,100.0,19.0,15.0,4.0,1.0,1.0,1.0
642935,257986,Erv,55085,TYL,TYLOO,1.25,1.36,209.0,319.0,8.0,11.0,6.0,8.0,8.0,2.0,83.0,80.0,151.0,204.0,28.0,31.0,0.0,1.0,3.0,1.0
642935,257986,slowly,41739,TYL,TYLOO,1.73,0.07,348.0,62.0,16.0,2.0,7.0,9.0,3.0,0.0,92.0,20.0,215.0,43.0,23.0,22.0,2.0,0.0,0.0,2.0
642935,257986,splash,36685,TYL,TYLOO,1.05,0.46,264.0,101.0,12.0,3.0,9.0,9.0,2.0,1.0,83.0,50.0,164.0,67.0,30.0,30.0,1.0,2.0,0.0,0.0
642935,257986,sword9,3049,TYL,TYLOO,1.03,0.19,182.0,65.0,9.0,1.0,6.0,9.0,3.0,3.0,83.0,30.0,111.0,60.0,22.0,40.0,0.0,0.0,1.0,2.0
642935,257986,Scales,39485,TYL,TYLOO,0.57,0.58,183.0,143.0,6.0,4.0,10.0,8.0,6.0,1.0,67.0,40.0,131.0,96.0,29.0,43.0,2.0,1.0,3.0,1.0
642935,257987,iamgrq,58959,AG,All Gamers,0.57,1.32,109.0,226.0,2.0,10.0,6.0,9.0,1.0,5.0,57.0,75.0,84.0,154.0,63.0,19.0,0.0,0.0,0.0,0.0
642935,257987,Shr1mp,25494,AG,All Gamers,0.47,1.28,94.0,187.0,2.0,8.0,5.0,8.0,0.0,3.0,43.0,58.0,71.0,122.0,10.0,21.0,0.0,1.0,0.0,1.0
642935,257987,K1ra,46748,AG,All Gamers,0.6,1.14,122.0,196.0,3.0,8.0,5.0,9.0,0.0,3.0,57.0,58.0,82.0,150.0,22.0,47.0,0.0,1.0,1.0,3.0
642935,257987,f4ngeer,21216,AG,All Gamers,0.59,0.67,141.0,149.0,3.0,6.0,6.0,11.0,3.0,1.0,43.0,67.0,90.0,101.0,43.0,36.0,0.0,2.0,1.0,0.0
642935,257987,Youze,46040,AG,All Gamers,0.66,0.45,182.0,114.0,4.0,5.0,6.0,11.0,1.0,1.0,43.0,58.0,123.0,66.0,29.0,50.0,2.0,1.0,3.0,3.0
642935,257987,splash,36685,TYL,TYLOO,1.49,2.02,364.0,302.0,17.0,8.0,8.0,1.0,1.0,0.0,75.0,100.0,226.0,166.0,44.0,23.0,4.0,2.0,4.0,0.0
642935,257987,Erv,55085,TYL,TYLOO,0.95,2.17,220.0,301.0,8.0,9.0,8.0,1.0,7.0,1.0,75.0,86.0,154.0,203.0,24.0,45.0,0.0,0.0,0.0,0.0
642935,257987,sword9,3049,TYL,TYLOO,0.91,0.98,173.0,178.0,8.0,4.0,7.0,4.0,4.0,1.0,75.0,71.0,113.0,113.0,36.0,36.0,1.0,2.0,0.0,1.0
642935,257987,Scales,39485,TYL,TYLOO,0.75,1.15,134.0,221.0,6.0,6.0,7.0,4.0,4.0,1.0,58.0,71.0,97.0,119.0,25.0,23.0,0.0,1.0,0.0,0.0
642935,257987,slowly,41739,TYL,TYLOO,1.07,0.34,217.0,54.0,9.0,1.0,7.0,4.0,3.0,2.0,92.0,57.0,138.0,40.0,28.0,25.0,2.0,0.0,1.0,1.0
642936,257988,CHICHOO,15559,EDG,EDward Gaming,1.07,1.99,267.0,288.0,12.0,8.0,9.0,1.0,4.0,0.0,75.0,100.0,170.0,173.0,39.0,67.0,0.0,1.0,1.0,0.0
642936,257988,ZmjjKK,3520,EDG,EDward Gaming,1.09,1.92,257.0,338.0,10.0,8.0,8.0,1.0,5.0,1.0,75.0,100.0,158.0,233.0,19.0,21.0,3.0,0.0,2.0,0.0
642936,257988,nobody,3017,EDG,EDward Gaming,1.12,1.44,209.0,185.0,9.0,4.0,8.0,2.0,4.0,1.0,75.0,100.0,143.0,116.0,33.0,23.0,0.0,1.0,0.0,0.0
642936,257988,Jieni7,51244,EDG,EDward Gaming,0.92,1.47,247.0,232.0,11.0,5.0,10.0,3.0,4.0,4.0,75.0,83.0,168.0,123.0,32.0,33.0,3.0,1.0,0.0,0.0
642936,257988,Smoggy,4742,EDG,EDward Gaming,0.65,1.2,131.0,203.0,6.0,4.0,8.0,2.0,4.0,1.0,67.0,100.0,80.0,116.0,25.0,40.0,1.0,2.0,2.0,1.0
642936,257988,vo0kashu,3741,DRG,Dragon Ranger Gaming,0.36,1.2,68.0,205.0,1.0,10.0,6.0,9.0,1.0,0.0,33.0,50.0,46.0,106.0,17.0,29.0,1.0,1.0,2.0,3.0
642936,257988,Nicc,11524,DRG,Dragon Ranger Gaming,0.67,1.05,177.0,212.0,4.0,9.0,6.0,10.0,1.0,4.0,50.0,75.0,86.0,136.0,50.0,25.0,0.0,1.0,0.0,2.0
642936,257988,Flex1n,4705,DRG,Dragon Ranger Gaming,0.51,1.12,131.0,154.0,2.0,7.0,5.0,7.0,0.0,3.0,33.0,75.0,92.0,89.0,30.0,36.0,0.0,0.0,0.0,0.0
642936,257988,Life,3028,DRG,Dragon Ranger Gaming,0.01,1.13,17.0,286.0,0.0,11.0,6.0,11.0,1.0,3.0,17.0,67.0,17.0,178.0,50.0,51.0,0.0,2.0,2.0,0.0
642936,257988,SpiritZ1,31753,DRG,Dragon Ranger Gaming,0.22,0.74,133.0,183.0,2.0,6.0,6.0,11.0,0.0,6.0,33.0,75.0,107.0,149.0,15.0,29.0,0.0,1.0,1.0,2.0
642936,257989,Smoggy,4742,EDG,EDward Gaming,1.55,0.72,340.0,150.0,9.0,6.0,4.0,10.0,2.0,3.0,71.0,75.0,232.0,110.0,53.0,24.0,1.0,2.0,0.0,3.0
642936,257989,Jieni7,51244,EDG,EDward Gaming,1.35,0.82,191.0,126.0,5.0,5.0,4.0,9.0,4.0,5.0,100.0,67.0,107.0,77.0,19.0,33.0,0.0,1.0,0.0,0.0
642936,257989,ZmjjKK,3520,EDG,EDward Gaming,1.35,0.58,336.0,168.0,8.0,5.0,6.0,12.0,1.0,5.0,86.0,67.0,221.0,121.0,36.0,19.0,3.0,1.0,1.0,1.0
642936,257989,CHICHOO,15559,EDG,EDward Gaming,0.43,1.03,92.0,197.0,2.0,8.0,5.0,10.0,1.0,2.0,57.0,58.0,57.0,120.0,11.0,47.0,1.0,0.0,1.0,1.0
642936,257989,nobody,3017,EDG,EDward Gaming,0.78,0.67,139.0,152.0,3.0,7.0,4.0,10.0,4.0,2.0,71.0,42.0,83.0,102.0,20.0,43.0,0.0,1.0,0.0,2.0
642936,257989,vo0kashu,3741,DRG,Dragon Ranger Gaming,2.13,1.24,355.0,198.0,17.0,5.0,4.0,6.0,2.0,6.0,100.0,57.0,234.0,134.0,43.0,42.0,1.0,0.0,0.0,1.0
642936,257989,SpiritZ1,31753,DRG,Dragon Ranger Gaming,1.1,1.58,292.0,306.0,11.0,7.0,9.0,4.0,2.0,2.0,83.0,71.0,182.0,223.0,42.0,19.0,3.0,1.0,2.0,3.0
642936,257989,Life,3028,DRG,Dragon Ranger Gaming,1.01,0.87,240.0,267.0,10.0,6.0,8.0,6.0,3.0,0.0,75.0,71.0,171.0,168.0,71.0,22.0,3.0,0.0,2.0,1.0
642936,257989,Nicc,11524,DRG,Dragon Ranger Gaming,1.14,0.65,153.0,148.0,8.0,3.0,5.0,5.0,5.0,0.0,92.0,71.0,111.0,84.0,47.0,50.0,0.0,1.0,0.0,0.0
642936,257989,Flex1n,4705,DRG,Dragon Ranger Gaming,0.97,0.52,132.0,102.0,5.0,2.0,5.0,6.0,6.0,5.0,83.0,71.0,99.0,58.0,17.0,38.0,0.0,0.0,1.0,0.0
642936,257990,CHICHOO,15559,EDG,EDward Gaming,1.02,1.91,164.0,338.0,8.0,13.0,7.0,4.0,2.0,4.0,58.0,90.0,114.0,244.0,33.0,42.0,2.0,1.0,2.0,0.0
642936,257990,nobody,3017,EDG,EDward Gaming,1.39,1.26,243.0,162.0,10.0,7.0,8.0,4.0,8.0,0.0,75.0,90.0,144.0,100.0,43.0,35.0,1.0,1.0,0.0,1.0
642936,257990,Smoggy,4742,EDG,EDward Gaming,0.6,1.84,150.0,324.0,6.0,12.0,9.0,7.0,3.0,8.0,67.0,90.0,104.0,201.0,33.0,52.0,0.0,1.0,0.0,0.0
642936,257990,ZmjjKK,3520,EDG,EDward Gaming,1.38,0.83,335.0,258.0,14.0,7.0,9.0,9.0,4.0,4.0,83.0,80.0,198.0,176.0,23.0,17.0,1.0,1.0,2.0,1.0
642936,257990,Jieni7,51244,EDG,EDward Gaming,0.19,0.36,119.0,73.0,5.0,3.0,11.0,7.0,2.0,1.0,50.0,60.0,72.0,54.0,27.0,9.0,0.0,1.0,4.0,3.0
642936,257990,Nicc,11524,DRG,Dragon Ranger Gaming,1.64,0.76,312.0,136.0,12.0,5.0,8.0,9.0,5.0,3.0,100.0,50.0,177.0,109.0,41.0,26.0,1.0,0.0,0.0,0.0
642936,257990,Life,3028,DRG,Dragon Ranger Gaming,0.71,1.29,208.0,272.0,5.0,11.0,9.0,9.0,3.0,0.0,50.0,83.0,147.0,175.0,13.0,54.0,1.0,2.0,4.0,2.0
642936,257990,vo0kashu,3741,DRG,Dragon Ranger Gaming,0.5,1.28,109.0,197.0,4.0,9.0,8.0,7.0,1.0,2.0,70.0,75.0,76.0,142.0,15.0,31.0,0.0,3.0,0.0,1.0
642936,257990,SpiritZ1,31753,DRG,Dragon Ranger Gaming,0.24,1.34,137.0,315.0,4.0,13.0,10.0,9.0,2.0,4.0,60.0,83.0,90.0,185.0,75.0,55.0,2.0,1.0,1.0,1.0
642936,257990,Flex1n,4705,DRG,Dragon Ranger Gaming,0.85,0.81,138.0,136.0,6.0,6.0,7.0,9.0,2.0,7.0,80.0,67.0,101.0,81.0,44.0,15.0,1.0,2.0,0.0,0.0
642937,257991,zhe,49476,JDG,JD Mall JDG Esports (JD Gaming),1.64,2.0,307.0,371.0,14.0,16.0,8.0,9.0,6.0,2.0,85.0,69.0,194.0,218.0,27.0,19.0,5.0,4.0,0.0,1.0
642937,257991,stew,16924,JDG,JD Mall JDG Esports (JD Gaming),1.23,1.03,227.0,197.0,10.0,9.0,8.0,11.0,7.0,12.0,77.0,85.0,142.0,104.0,39.0,38.0,0.0,1.0,1.0,2.0
642937,257991,jkuro,3519,JDG,JD Mall JDG Esports (JD Gaming),1.33,0.92,274.0,172.0,13.0,8.0,7.0,10.0,2.0,2.0,69.0,54.0,177.0,105.0,39.0,24.0,0.0,1.0,1.0,1.0
642937,257991,Yuicaw,11218,JDG,JD Mall JDG Esports (JD Gaming),0.85,0.6,142.0,136.0,6.0,6.0,8.0,11.0,7.0,4.0,85.0,54.0,98.0,102.0,37.0,32.0,2.0,1.0,3.0,0.0
642937,257991,coconut,12365,JDG,JD Mall JDG Esports (JD Gaming),0.58,0.86,95.0,161.0,5.0,6.0,8.0,11.0,6.0,10.0,85.0,77.0,49.0,87.0,13.0,25.0,0.0,0.0,1.0,2.0
642937,257991,Spitfires,4881,TEC,Wuxi Titan Esports Club (Titan Esports Club),1.5,1.15,316.0,228.0,15.0,9.0,7.0,8.0,3.0,3.0,85.0,69.0,198.0,142.0,22.0,21.0,2.0,3.0,2.0,2.0
642937,257991,lucas,19677,TEC,Wuxi Titan Esports Club (Titan Esports Club),0.98,1.25,241.0,219.0,10.0,10.0,10.0,8.0,4.0,2.0,85.0,54.0,170.0,148.0,26.0,37.0,0.0,1.0,0.0,0.0
642937,257991,Coco,47629,TEC,Wuxi Titan Esports Club (Titan Esports Club),1.1,0.68,238.0,164.0,10.0,6.0,9.0,12.0,13.0,9.0,92.0,62.0,142.0,90.0,25.0,27.0,1.0,1.0,1.0,1.0
642937,257991,Dynamite,42235,TEC,Wuxi Titan Esports Club (Titan Esports Club),0.81,0.67,226.0,152.0,11.0,7.0,11.0,10.0,2.0,1.0,69.0,54.0,143.0,107.0,24.0,14.0,2.0,0.0,2.0,3.0
642937,257991,Haodong,4720,TEC,Wuxi Titan Esports Club (Titan Esports Club),0.54,0.79,108.0,150.0,6.0,7.0,8.0,10.0,2.0,2.0,69.0,54.0,71.0,91.0,10.0,21.0,1.0,1.0,2.0,1.0
642937,257992,stew,16924,JDG,JD Mall JDG Esports (JD Gaming),1.29,1.71,217.0,265.0,8.0,12.0,6.0,5.0,5.0,8.0,80.0,100.0,131.0,160.0,33.0,45.0,1.0,0.0,0.0,0.0
642937,257992,coconut,12365,JDG,JD Mall JDG Esports (JD Gaming),1.12,1.67,188.0,263.0,6.0,9.0,5.0,4.0,3.0,7.0,70.0,75.0,129.0,186.0,50.0,30.0,0.0,0.0,1.0,0.0
642937,257992,zhe,49476,JDG,JD Mall JDG Esports (JD Gaming),1.53,1.25,285.0,320.0,11.0,13.0,5.0,9.0,1.0,1.0,80.0,67.0,167.0,187.0,22.0,33.0,2.0,2.0,1.0,1.0
642937,257992,Yuicaw,11218,JDG,JD Mall JDG Esports (JD Gaming),1.1,0.3,220.0,75.0,8.0,3.0,6.0,9.0,2.0,2.0,90.0,58.0,133.0,47.0,33.0,10.0,2.0,2.0,2.0,6.0
642937,257992,jkuro,3519,JDG,JD Mall JDG Esports (JD Gaming),0.37,0.83,63.0,136.0,2.0,6.0,6.0,8.0,2.0,3.0,60.0,58.0,38.0,91.0,80.0,19.0,0.0,1.0,1.0,0.0
642937,257992,lucas,19677,TEC,Wuxi Titan Esports Club (Titan Esports Club),1.04,1.23,203.0,223.0,6.0,8.0,8.0,6.0,3.0,1.0,83.0,50.0,151.0,131.0,37.0,24.0,1.0,2.0,0.0,1.0
642937,257992,Coco,47629,TEC,Wuxi Titan Esports Club (Titan Esports Club),1.25,0.69,212.0,93.0,9.0,4.0,8.0,7.0,7.0,3.0,83.0,60.0,149.0,57.0,30.0,38.0,0.0,0.0,0.0,1.0
642937,257992,Haodong,4720,TEC,Wuxi Titan Esports Club (Titan Esports Club),0.58,1.46,141.0,220.0,6.0,8.0,10.0,6.0,0.0,3.0,75.0,90.0,84.0,141.0,29.0,69.0,3.0,1.0,1.0,0.0
642937,257992,Spitfires,4881,TEC,Wuxi Titan Esports Club (Titan Esports Club),1.05,0.24,235.0,90.0,10.0,3.0,9.0,8.0,2.0,1.0,67.0,50.0,149.0,68.0,52.0,18.0,2.0,1.0,1.0,3.0
642937,257992,Dynamite,42235,TEC,Wuxi Titan Esports Club (Titan Esports Club),0.48,0.71,112.0,154.0,4.0,5.0,8.0,8.0,2.0,3.0,50.0,60.0,68.0,112.0,11.0,31.0,1.0,1.0,3.0,0.0
642938,257994,Lysoar,37489,XLG,Xi Lai Gaming,0.96,1.55,163.0,309.0,5.0,11.0,9.0,7.0,7.0,8.0,83.0,82.0,119.0,205.0,22.0,11.0,0.0,0.0,0.0,0.0
642938,257994,NoMan,11527,XLG,Xi Lai Gaming,0.73,1.07,226.0,151.0,10.0,7.0,11.0,5.0,1.0,1.0,67.0,73.0,142.0,83.0,53.0,18.0,1.0,0.0,2.0,1.0
642938,257994,WsLeo,24308,XLG,Xi Lai Gaming,1.01,0.72,190.0,157.0,8.0,7.0,10.0,8.0,8.0,3.0,75.0,82.0,107.0,101.0,23.0,21.0,1.0,0.0,1.0,2.0
642938,257994,happywei,37927,XLG,Xi Lai Gaming,0.71,0.78,150.0,194.0,6.0,7.0,10.0,8.0,1.0,2.0,33.0,64.0,118.0,135.0,33.0,47.0,1.0,3.0,1.0,2.0
642938,257994,Rarga,22047,XLG,Xi Lai Gaming,0.38,1.01,129.0,198.0,5.0,7.0,10.0,7.0,0.0,3.0,50.0,73.0,73.0,134.0,31.0,14.0,2.0,3.0,3.0,0.0
642938,257994,Spring,14125,WOL,Wolves Esports,1.01,2.27,160.0,361.0,5.0,16.0,7.0,5.0,5.0,10.0,73.0,83.0,96.0,246.0,17.0,41.0,2.0,1.0,0.0,0.0
642938,257994,SiuFatBB,7849,WOL,Wolves Esports,1.15,1.77,198.0,336.0,8.0,15.0,7.0,5.0,4.0,4.0,91.0,92.0,154.0,210.0,33.0,22.0,0.0,1.0,1.0,0.0
642938,257994,glacier,49973,WOL,Wolves Esports,1.4,0.69,310.0,153.0,13.0,6.0,9.0,9.0,0.0,3.0,91.0,83.0,171.0,114.0,28.0,33.0,3.0,1.0,2.0,4.0
642938,257994,jowa,19292,WOL,Wolves Esports,0.76,0.95,106.0,150.0,3.0,6.0,7.0,7.0,6.0,6.0,64.0,83.0,77.0,89.0,17.0,38.0,0.0,1.0,2.0,0.0
642938,257994,yosemite,6022,WOL,Wolves Esports,0.61,0.74,159.0,148.0,6.0,7.0,9.0,8.0,0.0,1.0,73.0,75.0,106.0,96.0,38.0,35.0,0.0,3.0,1.0,1.0
642938,257995,Rarga,22047,XLG,Xi Lai Gaming,0.97,1.77,153.0,393.0,5.0,17.0,7.0,8.0,4.0,2.0,64.0,83.0,119.0,228.0,19.0,22.0,0.0,3.0,1.0,2.0
642938,257995,happywei,37927,XLG,Xi Lai Gaming,1.42,1.17,254.0,229.0,10.0,10.0,8.0,7.0,3.0,1.0,82.0,58.0,190.0,150.0,47.0,39.0,1.0,1.0,2.0,2.0
642938,257995,WsLeo,24308,XLG,Xi Lai Gaming,1.24,1.02,191.0,130.0,7.0,5.0,6.0,5.0,5.0,5.0,91.0,92.0,122.0,78.0,64.0,16.0,1.0,0.0,1.0,0.0
642938,257995,Lysoar,37489,XLG,Xi Lai Gaming,0.95,1.17,171.0,179.0,5.0,8.0,9.0,6.0,9.0,3.0,64.0,75.0,96.0,121.0,33.0,30.0,1.0,0.0,0.0,0.0
642938,257995,NoMan,11527,XLG,Xi Lai Gaming,0.38,0.61,99.0,149.0,4.0,6.0,10.0,10.0,2.0,4.0,45.0,67.0,52.0,96.0,57.0,24.0,2.0,3.0,2.0,1.0
642938,257995,SiuFatBB,7849,WOL,Wolves Esports,1.06,1.42,204.0,223.0,8.0,8.0,7.0,5.0,4.0,8.0,67.0,82.0,133.0,125.0,32.0,26.0,0.0,3.0,1.0,0.0
642938,257995,yosemite,6022,WOL,Wolves Esports,0.96,1.4,173.0,242.0,7.0,11.0,9.0,6.0,5.0,3.0,58.0,82.0,106.0,158.0,25.0,38.0,0.0,1.0,0.0,2.0
642938,257995,glacier,49973,WOL,Wolves Esports,0.91,0.86,213.0,167.0,9.0,6.0,10.0,6.0,3.0,1.0,67.0,82.0,127.0,119.0,37.0,15.0,0.0,0.0,2.0,1.0
642938,257995,Spring,14125,WOL,Wolves Esports,0.61,0.95,137.0,225.0,5.0,8.0,10.0,7.0,2.0,5.0,58.0,73.0,91.0,133.0,21.0,33.0,3.0,1.0,1.0,0.0
642938,257995,jowa,19292,WOL,Wolves Esports,0.68,0.72,184.0,176.0,7.0,7.0,10.0,7.0,2.0,1.0,58.0,64.0,133.0,123.0,20.0,22.0,2.0,1.0,3.0,2.0
642938,257996,NoMan,11527,XLG,Xi Lai Gaming,2.39,0.94,426.0,214.0,13.0,9.0,4.0,9.0,6.0,3.0,88.0,83.0,286.0,134.0,24.0,31.0,2.0,0.0,0.0,1.0
642938,257996,Lysoar,37489,XLG,Xi Lai Gaming,1.28,1.29,238.0,216.0,8.0,9.0,5.0,7.0,4.0,5.0,88.0,75.0,170.0,138.0,39.0,10.0,1.0,0.0,0.0,1.0
642938,257996,happywei,37927,XLG,Xi Lai Gaming,0.88,1.06,204.0,247.0,6.0,10.0,6.0,10.0,3.0,4.0,88.0,75.0,134.0,157.0,24.0,52.0,1.0,2.0,1.0,1.0
642938,257996,WsLeo,24308,XLG,Xi Lai Gaming,1.09,0.87,243.0,148.0,6.0,7.0,6.0,7.0,11.0,3.0,100.0,58.0,142.0,100.0,17.0,23.0,0.0,1.0,0.0,1.0
642938,257996,Rarga,22047,XLG,Xi Lai Gaming,0.03,0.99,92.0,264.0,2.0,11.0,7.0,9.0,3.0,2.0,63.0,83.0,70.0,157.0,25.0,19.0,0.0,4.0,3.0,1.0
642938,257996,Spring,14125,WOL,Wolves Esports,1.61,0.94,286.0,196.0,11.0,6.0,7.0,7.0,6.0,4.0,75.0,88.0,182.0,117.0,14.0,50.0,2.0,0.0,1.0,1.0
642938,257996,SiuFatBB,7849,WOL,Wolves Esports,1.45,1.12,284.0,172.0,13.0,5.0,8.0,6.0,4.0,3.0,83.0,75.0,153.0,116.0,55.0,38.0,0.0,0.0,1.0,0.0
642938,257996,yosemite,6022,WOL,Wolves Esports,1.14,1.38,231.0,301.0,11.0,8.0,8.0,8.0,2.0,2.0,67.0,88.0,161.0,214.0,28.0,39.0,0.0,2.0,2.0,0.0
642938,257996,glacier,49973,WOL,Wolves Esports,0.48,0.86,131.0,221.0,5.0,6.0,12.0,8.0,1.0,1.0,67.0,63.0,87.0,132.0,50.0,45.0,3.0,2.0,1.0,3.0
642938,257996,jowa,19292,WOL,Wolves Esports,0.25,0.88,96.0,121.0,2.0,3.0,12.0,6.0,7.0,7.0,75.0,75.0,64.0,69.0,42.0,20.0,0.0,0.0,2.0,0.0
642939,257997,slowly,41739,TYL,TYLOO,0.83,1.49,225.0,267.0,13.0,15.0,13.0,12.0,3.0,9.0,69.0,88.0,16.0,316.0,30.0,50.0,1.0,1.0,0.0,1.0
642939,257997,splash,36685,TYL,TYLOO,0.94,1.21,249.0,283.0,12.0,15.0,15.0,13.0,0.0,5.0,56.0,81.0,165.0,187.0,30.0,22.0,3.0,7.0,3.0,2.0
642939,257997,Scales,39485,TYL,TYLOO,0.94,1.19,180.0,264.0,10.0,13.0,12.0,11.0,1.0,8.0,69.0,69.0,138.0,186.0,62.0,29.0,0.0,1.0,2.0,0.0
642939,257997,sword9,3049,TYL,TYLOO,0.71,0.94,164.0,208.0,9.0,12.0,12.0,11.0,4.0,3.0,56.0,63.0,110.0,130.0,22.0,31.0,0.0,0.0,2.0,1.0
642939,257997,Erv,55085,TYL,TYLOO,0.18,0.86,76.0,140.0,3.0,10.0,14.0,10.0,5.0,3.0,38.0,69.0,55.0,111.0,16.0,27.0,1.0,1.0,4.0,2.0
642939,257997,stew,16924,JDG,JD Mall JDG Esports (JD Gaming),1.59,1.44,268.0,242.0,17.0,14.0,11.0,9.0,2.0,16.0,75.0,94.0,167.0,143.0,42.0,54.0,0.0,2.0,1.0,0.0
642939,257997,Yuicaw,11218,JDG,JD Mall JDG Esports (JD Gaming),1.04,1.37,215.0,265.0,12.0,14.0,12.0,10.0,2.0,8.0,69.0,81.0,125.0,175.0,57.0,37.0,2.0,2.0,3.0,1.0
642939,257997,coconut,12365,JDG,JD Mall JDG Esports (JD Gaming),0.8,1.43,202.0,218.0,10.0,13.0,14.0,7.0,10.0,9.0,81.0,100.0,142.0,134.0,31.0,45.0,1.0,2.0,1.0,0.0
642939,257997,jkuro,3519,JDG,JD Mall JDG Esports (JD Gaming),0.91,1.06,173.0,225.0,8.0,11.0,13.0,11.0,17.0,11.0,81.0,88.0,110.0,146.0,22.0,42.0,2.0,2.0,0.0,1.0
642939,257997,zhe,49476,JDG,JD Mall JDG Esports (JD Gaming),0.72,1.22,186.0,250.0,10.0,14.0,15.0,10.0,4.0,2.0,81.0,81.0,124.0,158.0,29.0,33.0,1.0,3.0,5.0,3.0
642939,257998,sword9,3049,TYL,TYLOO,0.8,1.65,151.0,307.0,7.0,12.0,9.0,5.0,1.0,3.0,50.0,89.0,102.0,202.0,15.0,22.0,0.0,0.0,1.0,0.0
642939,257998,slowly,41739,TYL,TYLOO,1.19,1.13,233.0,198.0,11.0,5.0,10.0,5.0,3.0,4.0,58.0,89.0,153.0,144.0,42.0,17.0,0.0,1.0,1.0,0.0
642939,257998,Scales,39485,TYL,TYLOO,0.92,0.98,202.0,148.0,8.0,4.0,11.0,5.0,2.0,6.0,67.0,67.0,139.0,81.0,21.0,33.0,2.0,1.0,0.0,1.0
642939,257998,Erv,55085,TYL,TYLOO,0.41,1.04,119.0,168.0,4.0,5.0,11.0,5.0,4.0,6.0,50.0,78.0,90.0,118.0,14.0,36.0,0.0,0.0,1.0,0.0
642939,257998,splash,36685,TYL,TYLOO,0.11,1.31,121.0,324.0,3.0,11.0,12.0,7.0,6.0,1.0,42.0,67.0,83.0,197.0,3.0,12.0,1.0,3.0,6.0,3.0
642939,257998,coconut,12365,JDG,JD Mall JDG Esports (JD Gaming),1.33,2.05,238.0,359.0,7.0,16.0,7.0,5.0,2.0,5.0,67.0,92.0,190.0,202.0,38.0,19.0,1.0,1.0,1.0,0.0
642939,257998,zhe,49476,JDG,JD Mall JDG Esports (JD Gaming),0.53,1.55,148.0,279.0,4.0,12.0,8.0,7.0,2.0,6.0,56.0,100.0,104.0,218.0,32.0,34.0,0.0,3.0,1.0,0.0
642939,257998,Yuicaw,11218,JDG,JD Mall JDG Esports (JD Gaming),0.27,1.66,139.0,297.0,4.0,12.0,9.0,6.0,3.0,8.0,44.0,92.0,82.0,187.0,20.0,54.0,1.0,3.0,2.0,1.0
642939,257998,jkuro,3519,JDG,JD Mall JDG Esports (JD Gaming),1.16,0.98,183.0,138.0,6.0,6.0,6.0,6.0,3.0,7.0,67.0,92.0,126.0,89.0,50.0,25.0,2.0,0.0,0.0,0.0
642939,257998,stew,16924,JDG,JD Mall JDG Esports (JD Gaming),0.84,0.87,166.0,180.0,6.0,7.0,7.0,9.0,0.0,10.0,44.0,100.0,107.0,107.0,17.0,19.0,0.0,2.0,1.0,2.0
642940,258000,Abo,5011,TE,Trace Esports,1.63,1.58,289.0,268.0,13.0,6.0,4.0,4.0,4.0,1.0,92.0,83.0,193.0,205.0,28.0,35.0,0.0,1.0,1.0,0.0
642940,258000,Xlele,54487,TE,Trace Esports,1.47,1.76,284.0,329.0,13.0,6.0,6.0,4.0,2.0,4.0,75.0,83.0,170.0,218.0,65.0,53.0,3.0,0.0,3.0,0.0
642940,258000,Kai,37494,TE,Trace Esports,0.65,2.1,190.0,391.0,8.0,9.0,9.0,3.0,1.0,0.0,67.0,100.0,127.0,253.0,10.0,38.0,1.0,2.0,2.0,0.0
642940,258000,deLb,10821,TE,Trace Esports,1.17,0.76,247.0,100.0,11.0,3.0,8.0,4.0,4.0,4.0,83.0,67.0,152.0,47.0,58.0,20.0,2.0,0.0,0.0,1.0
642940,258000,Viva,36415,TE,Trace Esports,1.09,0.62,156.0,159.0,6.0,3.0,6.0,5.0,5.0,2.0,83.0,67.0,114.0,132.0,29.0,25.0,0.0,1.0,0.0,1.0
642940,258000,vo0kashu,3741,DRG,Dragon Ranger Gaming,0.74,1.31,182.0,263.0,4.0,10.0,5.0,10.0,1.0,0.0,67.0,50.0,116.0,188.0,38.0,34.0,1.0,3.0,1.0,1.0
642940,258000,Nicc,11524,DRG,Dragon Ranger Gaming,1.7,0.65,329.0,154.0,7.0,7.0,4.0,10.0,4.0,4.0,83.0,58.0,215.0,88.0,53.0,22.0,0.0,0.0,0.0,1.0
642940,258000,Flex1n,4705,DRG,Dragon Ranger Gaming,0.35,0.86,178.0,150.0,3.0,6.0,6.0,9.0,0.0,2.0,33.0,50.0,134.0,98.0,25.0,32.0,0.0,0.0,1.0,1.0
642940,258000,SpiritZ1,31753,DRG,Dragon Ranger Gaming,0.29,0.71,113.0,148.0,3.0,6.0,6.0,10.0,0.0,3.0,50.0,67.0,60.0,92.0,40.0,27.0,1.0,2.0,1.0,2.0
642940,258000,Life,3028,DRG,Dragon Ranger Gaming,0.32,0.35,154.0,121.0,3.0,4.0,6.0,12.0,2.0,2.0,50.0,50.0,97.0,76.0,19.0,33.0,0.0,1.0,1.0,1.0
642940,258001,deLb,10821,TE,Trace Esports,1.47,1.74,284.0,402.0,13.0,15.0,8.0,9.0,6.0,2.0,100.0,75.0,211.0,263.0,26.0,41.0,0.0,4.0,0.0,1.0
642940,258001,Kai,37494,TE,Trace Esports,1.58,0.63,354.0,138.0,16.0,6.0,8.0,10.0,3.0,0.0,75.0,58.0,202.0,88.0,35.0,33.0,3.0,0.0,3.0,1.0
642940,258001,Abo,5011,TE,Trace Esports,1.01,0.75,221.0,113.0,10.0,4.0,8.0,7.0,4.0,3.0,67.0,58.0,157.0,85.0,19.0,18.0,0.0,1.0,1.0,1.0
642940,258001,Xlele,54487,TE,Trace Esports,0.55,0.49,141.0,117.0,6.0,3.0,9.0,10.0,1.0,6.0,75.0,50.0,86.0,90.0,55.0,8.0,3.0,0.0,2.0,2.0
642940,258001,Viva,36415,TE,Trace Esports,0.36,0.51,101.0,115.0,4.0,5.0,9.0,10.0,4.0,3.0,67.0,58.0,56.0,68.0,33.0,18.0,0.0,0.0,0.0,2.0
642940,258001,Flex1n,4705,DRG,Dragon Ranger Gaming,1.42,1.45,213.0,283.0,9.0,12.0,5.0,10.0,5.0,8.0,92.0,75.0,135.0,177.0,38.0,33.0,2.0,1.0,1.0,1.0
642940,258001,SpiritZ1,31753,DRG,Dragon Ranger Gaming,1.06,1.48,279.0,303.0,12.0,11.0,10.0,9.0,1.0,4.0,75.0,75.0,146.0,206.0,18.0,40.0,4.0,3.0,1.0,2.0
642940,258001,Nicc,11524,DRG,Dragon Ranger Gaming,0.95,1.27,119.0,261.0,5.0,11.0,6.0,10.0,6.0,5.0,83.0,83.0,78.0,154.0,33.0,39.0,0.0,2.0,0.0,1.0
642940,258001,vo0kashu,3741,DRG,Dragon Ranger Gaming,1.56,0.31,305.0,75.0,14.0,2.0,6.0,10.0,0.0,2.0,92.0,33.0,204.0,46.0,31.0,30.0,0.0,0.0,0.0,2.0
642940,258001,Life,3028,DRG,Dragon Ranger Gaming,0.82,0.79,133.0,173.0,6.0,6.0,6.0,10.0,2.0,4.0,58.0,83.0,90.0,128.0,40.0,21.0,1.0,0.0,3.0,0.0
642940,258002,Kai,37494,TE,Trace Esports,0.9,1.19,217.0,288.0,8.0,13.0,10.0,9.0,1.0,2.0,64.0,75.0,139.0,185.0,44.0,13.0,1.0,1.0,2.0,0.0
642940,258002,Abo,5011,TE,Trace Esports,0.91,0.94,195.0,168.0,7.0,7.0,10.0,7.0,4.0,1.0,64.0,67.0,128.0,130.0,38.0,44.0,0.0,2.0,1.0,0.0
642940,258002,Viva,36415,TE,Trace Esports,0.98,0.89,212.0,233.0,8.0,10.0,9.0,9.0,1.0,1.0,55.0,58.0,159.0,144.0,35.0,42.0,0.0,1.0,2.0,2.0
642940,258002,Xlele,54487,TE,Trace Esports,0.49,1.08,130.0,218.0,5.0,10.0,10.0,7.0,3.0,1.0,55.0,75.0,87.0,177.0,45.0,42.0,0.0,1.0,2.0,1.0
642940,258002,deLb,10821,TE,Trace Esports,0.01,0.76,28.0,216.0,1.0,10.0,11.0,10.0,1.0,3.0,36.0,83.0,15.0,134.0,0.0,33.0,1.0,2.0,2.0,2.0
642940,258002,vo0kashu,3741,DRG,Dragon Ranger Gaming,2.24,1.19,450.0,159.0,19.0,8.0,9.0,5.0,2.0,0.0,75.0,91.0,261.0,115.0,37.0,42.0,1.0,0.0,1.0,0.0
642940,258002,SpiritZ1,31753,DRG,Dragon Ranger Gaming,1.06,1.81,216.0,289.0,9.0,12.0,10.0,6.0,2.0,6.0,75.0,91.0,134.0,186.0,15.0,38.0,2.0,2.0,2.0,1.0
642940,258002,Nicc,11524,DRG,Dragon Ranger Gaming,0.98,1.44,142.0,280.0,6.0,10.0,8.0,6.0,2.0,6.0,67.0,82.0,107.0,197.0,38.0,16.0,0.0,0.0,1.0,0.0
642940,258002,Life,3028,DRG,Dragon Ranger Gaming,0.14,1.92,114.0,315.0,4.0,13.0,12.0,3.0,1.0,1.0,33.0,100.0,88.0,176.0,60.0,27.0,2.0,4.0,3.0,0.0
642940,258002,Flex1n,4705,DRG,Dragon Ranger Gaming,0.53,0.67,97.0,216.0,4.0,7.0,11.0,9.0,5.0,6.0,58.0,82.0,65.0,176.0,36.0,24.0,0.0,3.0,0.0,1.0
642941,258003,lucas,19677,TEC,Wuxi Titan Esports Club (Titan Esports Club),1.53,2.9,194.0,469.0,9.0,6.0,3.0,0.0,7.0,3.0,100.0,100.0,111.0,231.0,39.0,7.0,0.0,0.0,0.0,0.0
642941,258003,Coco,47629,TEC,Wuxi Titan Esports Club (Titan Esports Club),1.65,1.12,272.0,227.0,12.0,2.0,5.0,2.0,4.0,4.0,100.0,100.0,181.0,161.0,57.0,33.0,2.0,0.0,0.0,0.0
642941,258003,Haodong,4720,TEC,Wuxi Titan Esports Club (Titan Esports Club),1.09,2.49,231.0,386.0,10.0,4.0,6.0,1.0,2.0,3.0,67.0,100.0,143.0,238.0,21.0,67.0,4.0,2.0,3.0,0.0
642941,258003,Spitfires,4881,TEC,Wuxi Titan Esports Club (Titan Esports Club),1.41,1.07,285.0,35.0,13.0,1.0,5.0,0.0,2.0,0.0,83.0,100.0,188.0,33.0,22.0,100.0,2.0,0.0,1.0,0.0
642941,258003,Dynamite,42235,TEC,Wuxi Titan Esports Club (Titan Esports Club),1.11,1.48,189.0,219.0,9.0,2.0,6.0,1.0,4.0,1.0,92.0,100.0,110.0,135.0,14.0,14.0,0.0,1.0,0.0,0.0
642941,258003,KovaQ,7987,FPX,FunPlus Phoenix,0.25,0.96,81.0,212.0,1.0,8.0,3.0,10.0,0.0,1.0,33.0,67.0,50.0,135.0,0.0,33.0,0.0,1.0,0.0,0.0
642941,258003,AAAAY,19530,FPX,FunPlus Phoenix,0.16,0.76,93.0,133.0,1.0,5.0,3.0,10.0,0.0,2.0,33.0,58.0,65.0,94.0,0.0,31.0,0.0,1.0,0.0,1.0
642941,258003,Ben1Ley,55823,FPX,FunPlus Phoenix,0.64,0.45,204.0,113.0,2.0,4.0,3.0,10.0,0.0,2.0,67.0,50.0,134.0,64.0,29.0,6.0,0.0,1.0,1.0,3.0
642941,258003,Setrod,50025,FPX,FunPlus Phoenix,0.03,0.56,31.0,151.0,0.0,6.0,3.0,11.0,1.0,2.0,33.0,42.0,31.0,82.0,50.0,62.0,0.0,1.0,2.0,2.0
642941,258003,BerLIN,7857,FPX,FunPlus Phoenix,0.22,0.3,35.0,68.0,0.0,2.0,3.0,12.0,2.0,4.0,67.0,58.0,18.0,58.0,0.0,25.0,0.0,0.0,0.0,2.0
642941,258004,Coco,47629,TEC,Wuxi Titan Esports Club (Titan Esports Club),2.22,1.33,343.0,209.0,15.0,9.0,6.0,6.0,3.0,3.0,91.0,83.0,208.0,135.0,22.0,23.0,1.0,1.0,0.0,0.0
642941,258004,Dynamite,42235,TEC,Wuxi Titan Esports Club (Titan Esports Club),1.17,1.49,242.0,242.0,9.0,10.0,8.0,5.0,2.0,2.0,45.0,83.0,131.0,152.0,30.0,36.0,2.0,2.0,3.0,1.0
642941,258004,Spitfires,4881,TEC,Wuxi Titan Esports Club (Titan Esports Club),0.99,0.8,180.0,165.0,8.0,6.0,8.0,9.0,4.0,1.0,91.0,50.0,121.0,88.0,18.0,27.0,1.0,2.0,1.0,1.0
642941,258004,lucas,19677,TEC,Wuxi Titan Esports Club (Titan Esports Club),0.48,0.9,127.0,137.0,5.0,6.0,10.0,6.0,3.0,5.0,73.0,58.0,81.0,79.0,27.0,13.0,0.0,1.0,2.0,0.0
642941,258004,Haodong,4720,TEC,Wuxi Titan Esports Club (Titan Esports Club),0.64,0.74,139.0,131.0,4.0,6.0,9.0,9.0,6.0,2.0,91.0,58.0,107.0,80.0,18.0,45.0,0.0,1.0,1.0,3.0
642941,258004,Ben1Ley,55823,FPX,FunPlus Phoenix,1.13,1.62,269.0,294.0,11.0,12.0,8.0,7.0,1.0,2.0,58.0,73.0,178.0,222.0,30.0,30.0,2.0,2.0,2.0,1.0
642941,258004,AAAAY,19530,FPX,FunPlus Phoenix,1.17,0.99,186.0,186.0,9.0,8.0,6.0,7.0,0.0,1.0,83.0,64.0,121.0,138.0,41.0,14.0,0.0,0.0,1.0,1.0
642941,258004,KovaQ,7987,FPX,FunPlus Phoenix,0.65,1.1,104.0,278.0,4.0,10.0,7.0,9.0,2.0,3.0,67.0,91.0,77.0,207.0,45.0,28.0,0.0,2.0,1.0,0.0
642941,258004,BerLIN,7857,FPX,FunPlus Phoenix,0.93,0.4,154.0,150.0,6.0,5.0,7.0,9.0,6.0,4.0,67.0,82.0,94.0,98.0,18.0,9.0,0.0,0.0,1.0,2.0
642941,258004,Setrod,50025,FPX,FunPlus Phoenix,0.62,0.45,153.0,155.0,5.0,6.0,9.0,9.0,3.0,1.0,75.0,73.0,106.0,79.0,41.0,5.0,3.0,3.0,2.0,0.0
642942,258006,iamgrq,58959,AG,All Gamers,2.16,0.65,330.0,137.0,11.0,6.0,3.0,8.0,5.0,4.0,88.0,83.0,192.0,94.0,24.0,28.0,0.0,0.0,0.0,1.0
642942,258006,Youze,46040,AG,All Gamers,1.83,0.78,389.0,134.0,12.0,6.0,4.0,8.0,1.0,3.0,75.0,75.0,212.0,82.0,22.0,15.0,1.0,1.0,0.0,0.0
642942,258006,Shr1mp,25494,AG,All Gamers,1.09,1.24,106.0,286.0,3.0,12.0,2.0,9.0,4.0,2.0,100.0,75.0,71.0,181.0,40.0,38.0,0.0,4.0,0.0,1.0
642942,258006,f4ngeer,21216,AG,All Gamers,0.89,1.15,222.0,199.0,6.0,9.0,5.0,7.0,1.0,3.0,75.0,92.0,136.0,119.0,38.0,27.0,1.0,2.0,3.0,1.0
642942,258006,K1ra,46748,AG,All Gamers,1.13,0.87,247.0,170.0,7.0,7.0,4.0,7.0,0.0,3.0,88.0,67.0,138.0,116.0,18.0,23.0,2.0,0.0,1.0,2.0
642942,258006,Knight,4774,BLG,Guangzhou Huadu Bilibili Gaming (Bilibili Gaming),1.29,1.07,173.0,213.0,8.0,7.0,6.0,7.0,6.0,0.0,67.0,50.0,111.0,151.0,27.0,46.0,1.0,0.0,1.0,1.0
642942,258006,yilai,62947,BLG,Guangzhou Huadu Bilibili Gaming (Bilibili Gaming),1.05,0.69,204.0,164.0,9.0,4.0,8.0,8.0,4.0,0.0,75.0,25.0,146.0,126.0,28.0,39.0,1.0,0.0,3.0,0.0
642942,258006,rushia,48878,BLG,Guangzhou Huadu Bilibili Gaming (Bilibili Gaming),1.01,0.42,201.0,151.0,9.0,2.0,9.0,8.0,3.0,1.0,75.0,38.0,125.0,123.0,30.0,13.0,1.0,1.0,0.0,0.0
642942,258006,nephh,10698,BLG,Guangzhou Huadu Bilibili Gaming (Bilibili Gaming),1.1,0.19,150.0,95.0,5.0,2.0,7.0,8.0,5.0,1.0,75.0,38.0,105.0,58.0,11.0,44.0,0.0,2.0,1.0,1.0
642942,258006,whzy,4885,BLG,Guangzhou Huadu Bilibili Gaming (Bilibili Gaming),0.8,0.25,189.0,129.0,8.0,3.0,10.0,8.0,2.0,1.0,58.0,38.0,105.0,83.0,13.0,13.0,2.0,1.0,2.0,2.0
642942,258007,f4ngeer,21216,AG,All Gamers,0.01,1.38,42.0,291.0,0.0,12.0,4.0,9.0,0.0,0.0,,67.0,42.0,182.0,0.0,33.0,0.0,5.0,1.0,1.0
642942,258007,Youze,46040,AG,All Gamers,0.72,1.01,227.0,220.0,3.0,8.0,4.0,10.0,0.0,2.0,75.0,58.0,152.0,156.0,43.0,22.0,0.0,1.0,1.0,1.0
642942,258007,iamgrq,58959,AG,All Gamers,0.11,0.9,67.0,216.0,1.0,8.0,4.0,10.0,0.0,4.0,25.0,75.0,36.0,151.0,50.0,26.0,0.0,1.0,1.0,1.0
642942,258007,K1ra,46748,AG,All Gamers,0.77,0.58,263.0,142.0,3.0,4.0,4.0,9.0,1.0,3.0,75.0,58.0,142.0,121.0,14.0,21.0,0.0,0.0,1.0,0.0
642942,258007,Shr1mp,25494,AG,All Gamers,0.69,0.23,214.0,93.0,3.0,3.0,4.0,11.0,1.0,1.0,50.0,25.0,160.0,65.0,43.0,21.0,0.0,1.0,0.0,1.0
642942,258007,whzy,4885,BLG,Guangzhou Huadu Bilibili Gaming (Bilibili Gaming),1.4,3.35,285.0,585.0,13.0,9.0,7.0,1.0,3.0,1.0,75.0,100.0,186.0,350.0,24.0,17.0,1.0,2.0,1.0,0.0
642942,258007,nephh,10698,BLG,Guangzhou Huadu Bilibili Gaming (Bilibili Gaming),1.64,0.85,263.0,167.0,12.0,2.0,5.0,2.0,4.0,2.0,75.0,75.0,168.0,96.0,26.0,40.0,1.0,1.0,1.0,0.0
642942,258007,yilai,62947,BLG,Guangzhou Huadu Bilibili Gaming (Bilibili Gaming),1.0,2.67,242.0,370.0,11.0,7.0,8.0,1.0,1.0,1.0,50.0,100.0,136.0,176.0,37.0,9.0,1.0,1.0,5.0,0.0
642942,258007,rushia,48878,BLG,Guangzhou Huadu Bilibili Gaming (Bilibili Gaming),1.64,0.38,227.0,239.0,12.0,1.0,7.0,3.0,4.0,1.0,83.0,100.0,217.0,65.0,35.0,20.0,1.0,0.0,0.0,0.0
642942,258007,Knight,4774,BLG,Guangzhou Huadu Bilibili Gaming (Bilibili Gaming),0.31,0.5,45.0,121.0,1.0,1.0,8.0,3.0,3.0,3.0,67.0,75.0,40.0,100.0,8.0,67.0,0.0,0.0,1.0,0.0
642942,258008,f4ngeer,21216,AG,All Gamers,2.18,1.29,365.0,268.0,19.0,7.0,6.0,6.0,4.0,1.0,100.0,75.0,239.0,174.0,32.0,36.0,1.0,2.0,1.0,2.0
642942,258008,K1ra,46748,AG,All Gamers,1.84,0.94,399.0,172.0,16.0,4.0,8.0,6.0,6.0,6.0,83.0,63.0,244.0,122.0,24.0,18.0,2.0,0.0,0.0,0.0
642942,258008,Youze,46040,AG,All Gamers,0.72,1.04,201.0,199.0,8.0,6.0,11.0,6.0,5.0,1.0,75.0,63.0,127.0,160.0,33.0,38.0,2.0,1.0,2.0,0.0
642942,258008,Shr1mp,25494,AG,All Gamers,0.61,0.94,130.0,178.0,6.0,6.0,9.0,6.0,8.0,0.0,75.0,75.0,77.0,107.0,15.0,16.0,1.0,0.0,2.0,0.0
642942,258008,iamgrq,58959,AG,All Gamers,0.61,0.85,110.0,238.0,4.0,6.0,9.0,7.0,9.0,3.0,100.0,88.0,61.0,131.0,11.0,16.0,1.0,2.0,0.0,1.0
642942,258008,yilai,62947,BLG,Guangzhou Huadu Bilibili Gaming (Bilibili Gaming),1.33,1.58,195.0,322.0,6.0,14.0,5.0,9.0,5.0,6.0,100.0,75.0,107.0,212.0,25.0,34.0,1.0,2.0,1.0,2.0
642942,258008,Knight,4774,BLG,Guangzhou Huadu Bilibili Gaming (Bilibili Gaming),0.94,1.16,278.0,195.0,8.0,9.0,7.0,9.0,3.0,4.0,88.0,67.0,146.0,138.0,15.0,16.0,0.0,0.0,0.0,1.0
642942,258008,nephh,10698,BLG,Guangzhou Huadu Bilibili Gaming (Bilibili Gaming),1.57,0.62,282.0,195.0,8.0,7.0,5.0,12.0,6.0,5.0,88.0,67.0,162.0,134.0,50.0,35.0,0.0,0.0,1.0,1.0
642942,258008,whzy,4885,BLG,Guangzhou Huadu Bilibili Gaming (Bilibili Gaming),0.47,0.8,109.0,217.0,3.0,9.0,6.0,12.0,1.0,2.0,75.0,75.0,115.0,133.0,38.0,2.0,0.0,1.0,0.0,1.0
642942,258008,rushia,48878,BLG,Guangzhou Huadu Bilibili Gaming (Bilibili Gaming),0.82,0.37,216.0,119.0,6.0,4.0,6.0,11.0,3.0,4.0,88.0,67.0,122.0,85.0,8.0,23.0,2.0,2.0,3.0,2.0
642943,258009,qiutiaN,43007,NOVA,Nova Esports,1.65,1.27,284.0,246.0,13.0,9.0,4.0,10.0,1.0,10.0,91.0,75.0,154.0,183.0,23.0,31.0,2.0,1.0,0.0,2.0
642943,258009,Ezeir,46460,NOVA,Nova Esports,0.62,1.72,160.0,277.0,5.0,12.0,8.0,8.0,5.0,8.0,82.0,75.0,113.0,176.0,30.0,21.0,1.0,1.0,0.0,1.0
642943,258009,GREEN,34181,NOVA,Nova Esports,1.71,0.55,241.0,136.0,10.0,5.0,3.0,10.0,3.0,3.0,100.0,67.0,174.0,88.0,36.0,20.0,0.0,1.0,0.0,0.0
642943,258009,swagzor,45492,NOVA,Nova Esports,0.92,0.85,235.0,233.0,10.0,9.0,7.0,11.0,1.0,2.0,73.0,67.0,148.0,165.0,35.0,32.0,4.0,2.0,4.0,1.0
642943,258009,GuanG,41054,NOVA,Nova Esports,1.19,0.23,162.0,22.0,7.0,1.0,4.0,9.0,0.0,1.0,91.0,58.0,112.0,16.0,60.0,10.0,0.0,0.0,0.0,3.0
642943,258009,Spring,14125,WOL,Wolves Esports,1.65,1.12,331.0,237.0,15.0,8.0,7.0,9.0,2.0,2.0,83.0,55.0,190.0,173.0,21.0,9.0,2.0,1.0,0.0,4.0
642943,258009,glacier,49973,WOL,Wolves Esports,1.09,0.89,282.0,230.0,11.0,8.0,10.0,11.0,8.0,2.0,92.0,64.0,160.0,137.0,21.0,18.0,4.0,1.0,1.0,1.0
642943,258009,jowa,19292,WOL,Wolves Esports,1.1,0.63,167.0,69.0,7.0,2.0,6.0,7.0,7.0,2.0,92.0,82.0,119.0,44.0,26.0,60.0,0.0,2.0,2.0,1.0
642943,258009,yosemite,6022,WOL,Wolves Esports,1.24,0.16,206.0,66.0,11.0,1.0,5.0,10.0,0.0,3.0,75.0,45.0,109.0,50.0,22.0,9.0,1.0,0.0,0.0,1.0
642943,258009,SiuFatBB,7849,WOL,Wolves Esports,0.54,0.91,102.0,175.0,4.0,7.0,8.0,8.0,4.0,1.0,67.0,73.0,66.0,120.0,29.0,41.0,0.0,0.0,2.0,0.0
642943,258010,swagzor,45492,NOVA,Nova Esports,1.11,1.87,289.0,326.0,11.0,11.0,10.0,3.0,6.0,1.0,75.0,78.0,185.0,201.0,14.0,19.0,2.0,4.0,3.0,0.0
642943,258010,Ezeir,46460,NOVA,Nova Esports,0.97,1.82,205.0,273.0,6.0,10.0,8.0,3.0,7.0,9.0,58.0,100.0,151.0,160.0,24.0,30.0,1.0,0.0,0.0,0.0
642943,258010,GuanG,41054,NOVA,Nova Esports,1.18,1.27,240.0,235.0,12.0,9.0,8.0,5.0,0.0,1.0,67.0,89.0,159.0,157.0,47.0,22.0,1.0,1.0,1.0,0.0
642943,258010,GREEN,34181,NOVA,Nova Esports,0.31,1.67,58.0,287.0,2.0,9.0,9.0,3.0,6.0,5.0,75.0,100.0,33.0,171.0,10.0,16.0,0.0,3.0,2.0,0.0
642943,258010,qiutiaN,43007,NOVA,Nova Esports,0.97,0.75,248.0,115.0,10.0,3.0,10.0,5.0,3.0,4.0,58.0,89.0,151.0,88.0,32.0,5.0,1.0,1.0,1.0,0.0
642943,258010,Spring,14125,WOL,Wolves Esports,1.23,1.1,270.0,239.0,8.0,9.0,8.0,9.0,2.0,4.0,78.0,67.0,174.0,162.0,36.0,27.0,0.0,2.0,0.0,3.0
642943,258010,jowa,19292,WOL,Wolves Esports,0.55,1.33,95.0,263.0,3.0,11.0,8.0,9.0,3.0,7.0,56.0,92.0,71.0,167.0,33.0,33.0,0.0,2.0,1.0,0.0
642943,258010,glacier,49973,WOL,Wolves Esports,0.13,1.47,69.0,290.0,2.0,13.0,9.0,9.0,0.0,5.0,11.0,83.0,56.0,173.0,22.0,38.0,0.0,3.0,4.0,1.0
642943,258010,yosemite,6022,WOL,Wolves Esports,0.45,1.16,153.0,150.0,4.0,7.0,9.0,6.0,1.0,5.0,44.0,83.0,101.0,92.0,21.0,17.0,0.0,0.0,2.0,1.0
642943,258010,SiuFatBB,7849,WOL,Wolves Esports,0.39,0.78,120.0,111.0,2.0,5.0,8.0,8.0,2.0,2.0,33.0,75.0,97.0,99.0,11.0,38.0,0.0,0.0,2.0,0.0
642944,258012,ZmjjKK,3520,EDG,EDward Gaming,1.87,1.15,450.0,189.0,20.0,4.0,8.0,4.0,1.0,4.0,92.0,56.0,278.0,138.0,24.0,0.0,4.0,1.0,2.0,2.0
642944,258012,CHICHOO,15559,EDG,EDward Gaming,1.09,1.84,172.0,307.0,8.0,11.0,7.0,4.0,5.0,0.0,75.0,89.0,121.0,189.0,24.0,35.0,0.0,2.0,3.0,0.0
642944,258012,Jieni7,51244,EDG,EDward Gaming,1.41,0.73,259.0,168.0,11.0,4.0,7.0,8.0,4.0,9.0,92.0,67.0,176.0,101.0,33.0,14.0,0.0,1.0,1.0,0.0
642944,258012,Smoggy,4742,EDG,EDward Gaming,0.62,1.28,156.0,210.0,6.0,7.0,10.0,4.0,7.0,2.0,92.0,78.0,124.0,124.0,35.0,38.0,1.0,2.0,1.0,1.0
642944,258012,nobody,3017,EDG,EDward Gaming,1.08,0.56,151.0,88.0,7.0,3.0,6.0,6.0,3.0,0.0,75.0,56.0,98.0,54.0,19.0,14.0,0.0,0.0,0.0,0.0
642944,258012,Lysoar,37489,XLG,Xi Lai Gaming,1.28,0.92,210.0,186.0,8.0,7.0,5.0,10.0,4.0,3.0,78.0,67.0,110.0,135.0,22.0,45.0,0.0,0.0,0.0,0.0
642944,258012,NoMan,11527,XLG,Xi Lai Gaming,1.16,0.86,230.0,209.0,6.0,9.0,6.0,11.0,4.0,2.0,67.0,50.0,164.0,152.0,19.0,23.0,0.0,4.0,1.0,3.0
642944,258012,WsLeo,24308,XLG,Xi Lai Gaming,1.15,0.85,156.0,163.0,4.0,6.0,5.0,9.0,11.0,5.0,67.0,58.0,80.0,110.0,67.0,20.0,1.0,0.0,0.0,1.0
642944,258012,happywei,37927,XLG,Xi Lai Gaming,0.41,1.38,109.0,307.0,3.0,12.0,6.0,11.0,0.0,5.0,33.0,67.0,89.0,208.0,40.0,46.0,0.0,1.0,2.0,0.0
642944,258012,Rarga,22047,XLG,Xi Lai Gaming,0.73,0.25,174.0,108.0,5.0,4.0,7.0,11.0,2.0,2.0,78.0,58.0,104.0,71.0,27.0,75.0,2.0,2.0,3.0,1.0
642944,258013,ZmjjKK,3520,EDG,EDward Gaming,1.11,1.35,144.0,261.0,6.0,11.0,4.0,8.0,0.0,1.0,70.0,75.0,102.0,183.0,36.0,33.0,0.0,2.0,1.0,1.0
642944,258013,CHICHOO,15559,EDG,EDward Gaming,1.28,1.03,341.0,182.0,12.0,7.0,8.0,9.0,6.0,5.0,80.0,83.0,216.0,126.0,36.0,36.0,1.0,1.0,1.0,1.0
642944,258013,Smoggy,4742,EDG,EDward Gaming,1.15,0.96,240.0,191.0,7.0,6.0,8.0,9.0,6.0,6.0,80.0,75.0,187.0,136.0,26.0,33.0,1.0,1.0,2.0,3.0
642944,258013,nobody,3017,EDG,EDward Gaming,1.0,0.99,178.0,224.0,7.0,9.0,6.0,11.0,2.0,7.0,60.0,83.0,81.0,140.0,6.0,20.0,2.0,1.0,1.0,1.0
642944,258013,Jieni7,51244,EDG,EDward Gaming,0.58,0.64,126.0,122.0,5.0,6.0,7.0,10.0,2.0,2.0,50.0,67.0,71.0,64.0,6.0,32.0,1.0,0.0,0.0,1.0
642944,258013,happywei,37927,XLG,Xi Lai Gaming,1.78,0.74,388.0,168.0,18.0,4.0,8.0,7.0,0.0,5.0,92.0,70.0,256.0,135.0,43.0,33.0,2.0,1.0,1.0,1.0
642944,258013,Lysoar,37489,XLG,Xi Lai Gaming,0.89,1.54,137.0,249.0,6.0,9.0,7.0,7.0,5.0,4.0,67.0,80.0,112.0,187.0,38.0,14.0,1.0,0.0,0.0,0.0
642944,258013,WsLeo,24308,XLG,Xi Lai Gaming,1.06,1.21,198.0,242.0,9.0,7.0,7.0,7.0,1.0,6.0,75.0,90.0,154.0,156.0,39.0,25.0,2.0,0.0,1.0,1.0
642944,258013,NoMan,11527,XLG,Xi Lai Gaming,0.98,0.62,226.0,98.0,9.0,3.0,8.0,7.0,1.0,1.0,75.0,60.0,170.0,73.0,32.0,44.0,2.0,2.0,0.0,2.0
642944,258013,Rarga,22047,XLG,Xi Lai Gaming,0.51,1.17,123.0,286.0,5.0,10.0,9.0,9.0,2.0,3.0,75.0,70.0,97.0,174.0,25.0,22.0,0.0,2.0,3.0,1.0
642944,258014,nobody,3017,EDG,EDward Gaming,1.2,0.75,272.0,104.0,12.0,2.0,10.0,4.0,2.0,2.0,75.0,83.0,138.0,60.0,25.0,18.0,1.0,0.0,2.0,1.0
642944,258014,Smoggy,4742,EDG,EDward Gaming,1.12,0.55,202.0,124.0,8.0,2.0,9.0,6.0,5.0,6.0,83.0,67.0,147.0,72.0,35.0,25.0,0.0,0.0,0.0,1.0
642944,258014,ZmjjKK,3520,EDG,EDward Gaming,0.95,0.8,226.0,205.0,9.0,4.0,11.0,6.0,4.0,0.0,58.0,83.0,163.0,109.0,24.0,29.0,1.0,3.0,4.0,1.0
642944,258014,Jieni7,51244,EDG,EDward Gaming,0.61,1.04,128.0,215.0,4.0,4.0,10.0,5.0,5.0,1.0,75.0,50.0,92.0,143.0,13.0,4.0,1.0,0.0,2.0,0.0
642944,258014,CHICHOO,15559,EDG,EDward Gaming,0.54,0.32,115.0,106.0,5.0,1.0,11.0,6.0,1.0,2.0,50.0,50.0,66.0,87.0,19.0,14.0,0.0,0.0,1.0,0.0
642944,258014,happywei,37927,XLG,Xi Lai Gaming,1.52,1.71,239.0,364.0,6.0,15.0,2.0,7.0,2.0,6.0,100.0,83.0,143.0,257.0,17.0,36.0,0.0,2.0,1.0,0.0
642944,258014,NoMan,11527,XLG,Xi Lai Gaming,0.5,1.67,85.0,291.0,2.0,13.0,3.0,6.0,0.0,3.0,67.0,83.0,42.0,170.0,20.0,46.0,0.0,2.0,2.0,0.0
642944,258014,Lysoar,37489,XLG,Xi Lai Gaming,1.45,1.04,332.0,223.0,7.0,10.0,4.0,9.0,7.0,4.0,100.0,67.0,172.0,157.0,8.0,43.0,1.0,0.0,0.0,1.0
642944,258014,WsLeo,24308,XLG,Xi Lai Gaming,1.75,0.69,224.0,128.0,5.0,5.0,1.0,7.0,4.0,2.0,100.0,67.0,123.0,96.0,27.0,20.0,0.0,3.0,0.0,1.0
642944,258014,Rarga,22047,XLG,Xi Lai Gaming,1.46,0.58,320.0,193.0,7.0,8.0,3.0,9.0,0.0,1.0,83.0,75.0,196.0,112.0,17.0,6.0,2.0,2.0,0.0,1.0
642945,258015,iamgrq,58959,AG,All Gamers,1.24,2.27,241.0,409.0,7.0,19.0,6.0,6.0,6.0,6.0,89.0,92.0,160.0,239.0,18.0,27.0,0.0,1.0,0.0,0.0
642945,258015,f4ngeer,21216,AG,All Gamers,1.31,1.27,268.0,266.0,8.0,10.0,6.0,9.0,4.0,5.0,67.0,58.0,176.0,185.0,35.0,48.0,2.0,1.0,0.0,1.0
642945,258015,Shr1mp,25494,AG,All Gamers,1.6,1.01,220.0,155.0,8.0,7.0,3.0,6.0,1.0,2.0,89.0,83.0,137.0,86.0,33.0,30.0,1.0,1.0,0.0,2.0
642945,258015,Youze,46040,AG,All Gamers,1.13,0.9,235.0,160.0,7.0,6.0,5.0,8.0,3.0,5.0,67.0,92.0,144.0,109.0,29.0,17.0,1.0,2.0,3.0,1.0
642945,258015,K1ra,46748,AG,All Gamers,1.11,0.71,192.0,169.0,6.0,7.0,4.0,9.0,1.0,3.0,67.0,75.0,141.0,103.0,21.0,10.0,1.0,2.0,1.0,1.0
642945,258015,Lysoar,37489,XLG,Xi Lai Gaming,1.32,1.36,289.0,245.0,12.0,7.0,10.0,6.0,6.0,2.0,67.0,78.0,195.0,172.0,20.0,36.0,3.0,3.0,1.0,2.0
642945,258015,happywei,37927,XLG,Xi Lai Gaming,0.85,1.55,166.0,259.0,8.0,8.0,8.0,6.0,2.0,3.0,75.0,78.0,89.0,166.0,45.0,38.0,0.0,0.0,2.0,0.0
642945,258015,NoMan,11527,XLG,Xi Lai Gaming,0.79,0.2,171.0,80.0,7.0,3.0,9.0,8.0,4.0,0.0,67.0,44.0,118.0,41.0,24.0,60.0,1.0,0.0,3.0,1.0
642945,258015,Rarga,22047,XLG,Xi Lai Gaming,0.54,0.47,180.0,178.0,7.0,5.0,12.0,8.0,2.0,2.0,75.0,44.0,123.0,107.0,29.0,14.0,1.0,1.0,1.0,1.0
642945,258015,WsLeo,24308,XLG,Xi Lai Gaming,0.48,0.26,101.0,92.0,4.0,1.0,10.0,8.0,6.0,5.0,75.0,78.0,63.0,84.0,11.0,18.0,0.0,0.0,0.0,1.0
642945,258016,f4ngeer,21216,AG,All Gamers,0.66,2.01,160.0,379.0,6.0,8.0,11.0,3.0,2.0,1.0,58.0,67.0,103.0,208.0,35.0,17.0,3.0,2.0,1.0,0.0
642945,258016,Shr1mp,25494,AG,All Gamers,1.08,1.04,198.0,258.0,8.0,5.0,10.0,4.0,1.0,2.0,50.0,50.0,126.0,153.0,22.0,31.0,0.0,1.0,0.0,1.0
642945,258016,K1ra,46748,AG,All Gamers,0.96,0.49,183.0,102.0,7.0,2.0,10.0,5.0,2.0,2.0,75.0,83.0,124.0,70.0,19.0,40.0,1.0,0.0,0.0,0.0
642945,258016,iamgrq,58959,AG,All Gamers,0.83,0.6,182.0,86.0,7.0,2.0,11.0,4.0,2.0,6.0,67.0,67.0,117.0,21.0,25.0,50.0,0.0,0.0,1.0,1.0
642945,258016,Youze,46040,AG,All Gamers,0.05,1.33,60.0,255.0,1.0,6.0,11.0,3.0,3.0,1.0,25.0,67.0,50.0,155.0,13.0,21.0,0.0,1.0,6.0,0.0
642945,258016,happywei,37927,XLG,Xi Lai Gaming,1.15,1.35,189.0,221.0,4.0,11.0,4.0,5.0,3.0,3.0,67.0,83.0,137.0,151.0,23.0,41.0,1.0,1.0,0.0,1.0
642945,258016,Lysoar,37489,XLG,Xi Lai Gaming,1.46,1.17,251.0,208.0,5.0,9.0,4.0,6.0,6.0,2.0,83.0,75.0,177.0,146.0,32.0,40.0,1.0,0.0,0.0,0.0
642945,258016,NoMan,11527,XLG,Xi Lai Gaming,0.45,1.62,111.0,344.0,2.0,15.0,5.0,6.0,2.0,4.0,67.0,75.0,62.0,218.0,50.0,28.0,0.0,3.0,3.0,2.0
642945,258016,Rarga,22047,XLG,Xi Lai Gaming,1.4,1.13,299.0,238.0,7.0,9.0,5.0,7.0,0.0,5.0,67.0,75.0,146.0,154.0,38.0,4.0,0.0,4.0,1.0,1.0
642945,258016,WsLeo,24308,XLG,Xi Lai Gaming,0.25,1.1,74.0,190.0,1.0,9.0,5.0,5.0,3.0,4.0,67.0,67.0,49.0,111.0,0.0,38.0,0.0,0.0,0.0,0.0
642945,258017,K1ra,46748,AG,All Gamers,1.09,1.13,219.0,270.0,9.0,7.0,9.0,7.0,2.0,3.0,58.0,78.0,135.0,193.0,26.0,11.0,1.0,2.0,2.0,1.0
642945,258017,Youze,46040,AG,All Gamers,1.67,0.03,324.0,30.0,14.0,1.0,9.0,8.0,1.0,1.0,92.0,44.0,187.0,21.0,33.0,20.0,2.0,0.0,1.0,3.0
642945,258017,Shr1mp,25494,AG,All Gamers,0.63,1.23,99.0,330.0,3.0,10.0,8.0,8.0,8.0,2.0,58.0,78.0,59.0,185.0,23.0,16.0,0.0,0.0,0.0,0.0
642945,258017,iamgrq,58959,AG,All Gamers,1.06,0.66,182.0,154.0,7.0,6.0,9.0,7.0,9.0,1.0,83.0,89.0,105.0,82.0,33.0,31.0,0.0,0.0,1.0,2.0
642945,258017,f4ngeer,21216,AG,All Gamers,0.75,0.3,201.0,98.0,8.0,2.0,10.0,8.0,1.0,2.0,50.0,56.0,120.0,71.0,58.0,29.0,1.0,0.0,4.0,1.0
642945,258017,happywei,37927,XLG,Xi Lai Gaming,1.74,1.12,301.0,256.0,11.0,10.0,5.0,8.0,1.0,5.0,78.0,83.0,185.0,168.0,24.0,36.0,2.0,3.0,0.0,3.0
642945,258017,WsLeo,24308,XLG,Xi Lai Gaming,1.5,1.09,262.0,250.0,8.0,10.0,5.0,8.0,5.0,3.0,78.0,75.0,165.0,181.0,42.0,24.0,0.0,1.0,0.0,0.0
642945,258017,Lysoar,37489,XLG,Xi Lai Gaming,1.22,0.81,182.0,173.0,7.0,7.0,5.0,9.0,5.0,6.0,100.0,83.0,124.0,128.0,15.0,18.0,0.0,0.0,1.0,1.0
642945,258017,NoMan,11527,XLG,Xi Lai Gaming,1.26,0.78,190.0,122.0,7.0,6.0,4.0,8.0,1.0,2.0,100.0,83.0,115.0,68.0,31.0,40.0,2.0,3.0,0.0,0.0
642945,258017,Rarga,22047,XLG,Xi Lai Gaming,0.83,1.06,177.0,282.0,5.0,12.0,7.0,8.0,3.0,0.0,100.0,58.0,111.0,148.0,17.0,15.0,3.0,1.0,1.0,0.0
642946,258018,stew,16924,JDG,JD Mall JDG Esports (JD Gaming),1.53,1.23,289.0,232.0,13.0,7.0,7.0,8.0,7.0,9.0,92.0,90.0,188.0,146.0,48.0,31.0,1.0,1.0,1.0,1.0
642946,258018,jkuro,3519,JDG,JD Mall JDG Esports (JD Gaming),1.31,1.16,255.0,255.0,13.0,9.0,7.0,8.0,0.0,1.0,67.0,50.0,169.0,140.0,48.0,30.0,0.0,1.0,2.0,0.0
642946,258018,zhe,49476,JDG,JD Mall JDG Esports (JD Gaming),0.73,1.78,201.0,282.0,9.0,10.0,10.0,5.0,2.0,5.0,83.0,100.0,117.0,185.0,23.0,30.0,4.0,2.0,1.0,2.0
642946,258018,Yuicaw,11218,JDG,JD Mall JDG Esports (JD Gaming),1.06,0.68,204.0,145.0,9.0,5.0,7.0,8.0,6.0,3.0,92.0,50.0,155.0,93.0,36.0,46.0,2.0,1.0,0.0,2.0
642946,258018,coconut,12365,JDG,JD Mall JDG Esports (JD Gaming),1.15,0.59,218.0,139.0,8.0,5.0,7.0,9.0,11.0,5.0,100.0,80.0,156.0,88.0,19.0,27.0,0.0,0.0,1.0,0.0
642946,258018,Smoggy,4742,EDG,EDward Gaming,1.59,0.92,300.0,183.0,11.0,7.0,6.0,9.0,5.0,4.0,80.0,75.0,188.0,118.0,32.0,57.0,2.0,1.0,0.0,1.0
642946,258018,ZmjjKK,3520,EDG,EDward Gaming,0.95,1.16,205.0,238.0,7.0,10.0,7.0,9.0,2.0,1.0,70.0,58.0,154.0,160.0,17.0,30.0,1.0,1.0,1.0,2.0
642946,258018,Jieni7,51244,EDG,EDward Gaming,1.11,0.95,216.0,234.0,7.0,10.0,7.0,12.0,2.0,1.0,80.0,83.0,147.0,132.0,27.0,21.0,0.0,1.0,0.0,0.0
642946,258018,CHICHOO,15559,EDG,EDward Gaming,0.84,0.55,254.0,161.0,8.0,6.0,9.0,11.0,4.0,1.0,80.0,67.0,170.0,91.0,22.0,26.0,2.0,1.0,1.0,3.0
642946,258018,nobody,3017,EDG,EDward Gaming,0.5,0.76,117.0,139.0,5.0,5.0,7.0,11.0,6.0,3.0,70.0,67.0,65.0,107.0,0.0,53.0,0.0,1.0,3.0,1.0
642946,258019,Yuicaw,11218,JDG,JD Mall JDG Esports (JD Gaming),0.27,1.68,92.0,369.0,2.0,16.0,8.0,8.0,0.0,3.0,44.0,83.0,64.0,202.0,8.0,35.0,0.0,4.0,3.0,1.0
642946,258019,zhe,49476,JDG,JD Mall JDG Esports (JD Gaming),0.71,1.27,184.0,261.0,6.0,11.0,8.0,8.0,0.0,2.0,44.0,75.0,100.0,172.0,40.0,27.0,2.0,3.0,2.0,0.0
642946,258019,jkuro,3519,JDG,JD Mall JDG Esports (JD Gaming),0.62,1.02,133.0,170.0,4.0,8.0,7.0,7.0,1.0,5.0,56.0,83.0,78.0,131.0,27.0,25.0,0.0,1.0,1.0,1.0
642946,258019,coconut,12365,JDG,JD Mall JDG Esports (JD Gaming),0.62,0.79,129.0,140.0,3.0,5.0,7.0,8.0,1.0,4.0,56.0,75.0,96.0,114.0,21.0,33.0,0.0,0.0,1.0,1.0
642946,258019,stew,16924,JDG,JD Mall JDG Esports (JD Gaming),1.01,0.46,173.0,108.0,6.0,3.0,7.0,11.0,3.0,11.0,89.0,67.0,103.0,66.0,80.0,21.0,0.0,0.0,0.0,1.0
642946,258019,CHICHOO,15559,EDG,EDward Gaming,1.54,1.34,280.0,163.0,12.0,6.0,7.0,4.0,2.0,6.0,83.0,89.0,160.0,81.0,28.0,15.0,0.0,0.0,1.0,0.0
642946,258019,Smoggy,4742,EDG,EDward Gaming,1.06,1.45,182.0,201.0,8.0,7.0,9.0,3.0,4.0,4.0,75.0,78.0,126.0,138.0,36.0,16.0,1.0,0.0,0.0,0.0
642946,258019,Jieni7,51244,EDG,EDward Gaming,0.88,1.56,188.0,328.0,8.0,11.0,9.0,5.0,4.0,4.0,67.0,78.0,129.0,204.0,24.0,23.0,0.0,2.0,2.0,1.0
642946,258019,nobody,3017,EDG,EDward Gaming,0.9,1.13,161.0,219.0,6.0,6.0,9.0,5.0,8.0,7.0,67.0,67.0,124.0,126.0,38.0,47.0,0.0,2.0,0.0,0.0
642946,258019,ZmjjKK,3520,EDG,EDward Gaming,0.65,1.15,171.0,213.0,8.0,7.0,9.0,4.0,0.0,1.0,42.0,78.0,107.0,119.0,14.0,58.0,3.0,3.0,5.0,1.0
642946,258020,stew,16924,JDG,JD Mall JDG Esports (JD Gaming),1.16,1.85,199.0,455.0,10.0,21.0,8.0,9.0,4.0,1.0,77.0,77.0,129.0,275.0,31.0,42.0,0.0,2.0,0.0,0.0
642946,258020,zhe,49476,JDG,JD Mall JDG Esports (JD Gaming),1.24,1.48,264.0,268.0,12.0,12.0,9.0,6.0,3.0,4.0,85.0,77.0,160.0,160.0,38.0,31.0,2.0,2.0,2.0,1.0
642946,258020,jkuro,3519,JDG,JD Mall JDG Esports (JD Gaming),1.04,1.0,204.0,216.0,9.0,10.0,8.0,9.0,5.0,4.0,62.0,62.0,128.0,112.0,33.0,38.0,0.0,1.0,2.0,3.0
642946,258020,coconut,12365,JDG,JD Mall JDG Esports (JD Gaming),0.81,0.4,92.0,58.0,4.0,2.0,7.0,10.0,10.0,7.0,62.0,54.0,55.0,33.0,13.0,10.0,0.0,0.0,2.0,0.0
642946,258020,Yuicaw,11218,JDG,JD Mall JDG Esports (JD Gaming),0.53,0.44,118.0,50.0,5.0,2.0,10.0,8.0,0.0,5.0,62.0,54.0,87.0,39.0,50.0,9.0,2.0,0.0,3.0,4.0
642946,258020,Smoggy,4742,EDG,EDward Gaming,1.42,1.49,284.0,280.0,12.0,13.0,10.0,8.0,7.0,4.0,69.0,77.0,170.0,194.0,37.0,21.0,4.0,3.0,0.0,0.0
642946,258020,ZmjjKK,3520,EDG,EDward Gaming,1.54,1.19,314.0,224.0,15.0,10.0,9.0,8.0,1.0,1.0,69.0,54.0,211.0,149.0,41.0,21.0,2.0,3.0,1.0,2.0
642946,258020,nobody,3017,EDG,EDward Gaming,0.56,1.44,118.0,270.0,5.0,12.0,10.0,9.0,6.0,9.0,62.0,77.0,77.0,163.0,29.0,30.0,0.0,1.0,1.0,0.0
642946,258020,CHICHOO,15559,EDG,EDward Gaming,0.85,0.78,154.0,144.0,7.0,5.0,9.0,8.0,1.0,6.0,54.0,85.0,110.0,112.0,22.0,9.0,1.0,1.0,2.0,2.0
642946,258020,Jieni7,51244,EDG,EDward Gaming,0.47,0.58,76.0,70.0,3.0,2.0,9.0,7.0,3.0,3.0,62.0,85.0,54.0,54.0,7.0,10.0,1.0,1.0,1.0,0.0
642947,258021,Erv,55085,TYL,TYLOO,0.93,1.53,211.0,330.0,9.0,13.0,8.0,8.0,3.0,2.0,58.0,91.0,153.0,224.0,31.0,39.0,1.0,0.0,1.0,2.0
642947,258021,slowly,41739,TYL,TYLOO,1.02,1.38,194.0,213.0,7.0,9.0,9.0,6.0,8.0,6.0,75.0,91.0,130.0,130.0,15.0,33.0,0.0,1.0,0.0,1.0
642947,258021,splash,36685,TYL,TYLOO,1.39,0.81,312.0,207.0,13.0,7.0,7.0,11.0,4.0,3.0,75.0,73.0,215.0,138.0,22.0,18.0,2.0,2.0,3.0,0.0
642947,258021,Scales,39485,TYL,TYLOO,1.23,0.75,191.0,143.0,9.0,5.0,7.0,6.0,1.0,3.0,75.0,82.0,127.0,98.0,63.0,33.0,2.0,1.0,1.0,1.0
642947,258021,sword9,3049,TYL,TYLOO,0.8,1.11,117.0,211.0,6.0,7.0,7.0,7.0,2.0,6.0,83.0,73.0,79.0,138.0,17.0,21.0,1.0,3.0,1.0,0.0
642947,258021,vo0kashu,3741,DRG,Dragon Ranger Gaming,1.08,1.5,187.0,250.0,7.0,9.0,7.0,7.0,3.0,3.0,64.0,75.0,127.0,186.0,19.0,26.0,0.0,0.0,1.0,0.0
642947,258021,Flex1n,4705,DRG,Dragon Ranger Gaming,1.15,1.08,204.0,198.0,7.0,9.0,8.0,8.0,9.0,3.0,82.0,58.0,128.0,126.0,36.0,11.0,0.0,1.0,2.0,1.0
642947,258021,Nicc,11524,DRG,Dragon Ranger Gaming,0.58,1.18,138.0,253.0,6.0,11.0,9.0,9.0,2.0,2.0,82.0,83.0,93.0,164.0,29.0,32.0,0.0,1.0,0.0,0.0
642947,258021,Life,3028,DRG,Dragon Ranger Gaming,1.05,0.4,216.0,86.0,10.0,3.0,7.0,11.0,1.0,5.0,82.0,58.0,146.0,52.0,59.0,50.0,2.0,2.0,4.0,1.0
642947,258021,SpiritZ1,31753,DRG,Dragon Ranger Gaming,0.71,0.62,213.0,150.0,8.0,6.0,10.0,9.0,0.0,3.0,64.0,42.0,114.0,95.0,30.0,46.0,2.0,2.0,0.0,4.0
642947,258022,Erv,55085,TYL,TYLOO,2.26,1.4,394.0,224.0,12.0,9.0,4.0,6.0,7.0,12.0,88.0,100.0,252.0,157.0,48.0,22.0,1.0,0.0,0.0,0.0
642947,258022,slowly,41739,TYL,TYLOO,2.08,1.33,307.0,259.0,10.0,11.0,2.0,7.0,3.0,6.0,100.0,83.0,183.0,171.0,33.0,34.0,1.0,0.0,0.0,1.0
642947,258022,splash,36685,TYL,TYLOO,0.85,2.14,222.0,399.0,6.0,19.0,7.0,4.0,2.0,0.0,75.0,83.0,163.0,256.0,25.0,23.0,3.0,2.0,1.0,1.0
642947,258022,Scales,39485,TYL,TYLOO,0.69,0.65,145.0,118.0,4.0,5.0,6.0,7.0,4.0,2.0,88.0,83.0,87.0,80.0,38.0,23.0,1.0,2.0,1.0,2.0
642947,258022,sword9,3049,TYL,TYLOO,0.88,0.44,130.0,130.0,4.0,5.0,4.0,9.0,2.0,3.0,75.0,75.0,101.0,91.0,20.0,33.0,0.0,2.0,0.0,2.0
642947,258022,vo0kashu,3741,DRG,Dragon Ranger Gaming,1.37,0.56,214.0,162.0,9.0,3.0,8.0,7.0,1.0,3.0,58.0,88.0,138.0,121.0,23.0,13.0,1.0,1.0,1.0,0.0
642947,258022,Nicc,11524,DRG,Dragon Ranger Gaming,0.98,1.02,197.0,252.0,8.0,7.0,10.0,7.0,5.0,2.0,58.0,75.0,134.0,149.0,26.0,29.0,1.0,0.0,1.0,1.0
642947,258022,Flex1n,4705,DRG,Dragon Ranger Gaming,0.32,1.33,56.0,249.0,2.0,8.0,10.0,6.0,3.0,2.0,50.0,75.0,40.0,128.0,0.0,21.0,0.0,0.0,2.0,2.0
642947,258022,SpiritZ1,31753,DRG,Dragon Ranger Gaming,0.98,0.04,214.0,54.0,9.0,1.0,10.0,8.0,0.0,2.0,58.0,50.0,123.0,43.0,35.0,17.0,3.0,1.0,1.0,2.0
642947,258022,Life,3028,DRG,Dragon Ranger Gaming,0.5,0.46,142.0,140.0,5.0,4.0,11.0,8.0,3.0,0.0,67.0,63.0,105.0,105.0,50.0,30.0,1.0,0.0,1.0,1.0
642948,258024,lucas,19677,TEC,Wuxi Titan Esports Club (Titan Esports Club),0.72,2.37,108.0,369.0,3.0,17.0,6.0,4.0,4.0,4.0,56.0,83.0,61.0,250.0,8.0,30.0,0.0,1.0,1.0,0.0
642948,258024,Coco,47629,TEC,Wuxi Titan Esports Club (Titan Esports Club),1.54,1.61,236.0,282.0,9.0,11.0,5.0,7.0,1.0,13.0,56.0,83.0,145.0,187.0,38.0,23.0,1.0,1.0,1.0,0.0
642948,258024,Dynamite,42235,TEC,Wuxi Titan Esports Club (Titan Esports Club),1.01,0.82,211.0,183.0,5.0,7.0,7.0,7.0,3.0,5.0,56.0,83.0,150.0,127.0,17.0,23.0,0.0,1.0,1.0,1.0
642948,258024,Haodong,4720,TEC,Wuxi Titan Esports Club (Titan Esports Club),0.77,0.81,146.0,186.0,4.0,11.0,6.0,9.0,0.0,2.0,44.0,75.0,93.0,118.0,40.0,40.0,1.0,2.0,1.0,2.0
642948,258024,Spitfires,4881,TEC,Wuxi Titan Esports Club (Titan Esports Club),0.16,0.71,89.0,173.0,2.0,7.0,9.0,9.0,3.0,5.0,44.0,83.0,63.0,123.0,30.0,20.0,1.0,3.0,2.0,1.0
642948,258024,deLb,10821,TE,Trace Esports,1.33,1.06,270.0,137.0,12.0,4.0,10.0,4.0,4.0,4.0,75.0,56.0,165.0,109.0,50.0,29.0,0.0,0.0,0.0,1.0
642948,258024,Kai,37494,TE,Trace Esports,0.38,1.92,115.0,355.0,3.0,11.0,11.0,4.0,5.0,1.0,50.0,89.0,98.0,231.0,28.0,38.0,1.0,5.0,4.0,0.0
642948,258024,Xlele,54487,TE,Trace Esports,0.85,1.2,168.0,212.0,9.0,7.0,12.0,5.0,6.0,3.0,75.0,78.0,98.0,138.0,35.0,67.0,0.0,0.0,1.0,0.0
642948,258024,Viva,36415,TE,Trace Esports,0.8,0.71,163.0,163.0,6.0,6.0,10.0,6.0,4.0,0.0,75.0,78.0,136.0,94.0,38.0,20.0,2.0,1.0,1.0,2.0
642948,258024,Abo,5011,TE,Trace Esports,0.88,0.55,179.0,149.0,6.0,5.0,10.0,4.0,4.0,0.0,75.0,78.0,107.0,107.0,11.0,13.0,1.0,0.0,2.0,0.0
642948,258025,Spitfires,4881,TEC,Wuxi Titan Esports Club (Titan Esports Club),1.48,1.65,333.0,302.0,12.0,13.0,8.0,6.0,2.0,2.0,80.0,75.0,239.0,186.0,41.0,28.0,1.0,3.0,2.0,2.0
642948,258025,Haodong,4720,TEC,Wuxi Titan Esports Club (Titan Esports Club),0.71,1.1,105.0,136.0,3.0,7.0,7.0,5.0,7.0,5.0,80.0,83.0,71.0,89.0,45.0,33.0,0.0,0.0,0.0,0.0
642948,258025,Coco,47629,TEC,Wuxi Titan Esports Club (Titan Esports Club),0.61,1.14,102.0,201.0,3.0,7.0,8.0,7.0,5.0,6.0,80.0,67.0,60.0,154.0,0.0,33.0,0.0,3.0,0.0,1.0
642948,258025,Dynamite,42235,TEC,Wuxi Titan Esports Club (Titan Esports Club),0.86,0.91,191.0,189.0,7.0,7.0,7.0,8.0,0.0,4.0,50.0,83.0,132.0,123.0,23.0,13.0,2.0,2.0,4.0,0.0
642948,258025,lucas,19677,TEC,Wuxi Titan Esports Club (Titan Esports Club),0.64,0.72,117.0,179.0,4.0,8.0,7.0,9.0,2.0,3.0,60.0,83.0,74.0,109.0,40.0,31.0,1.0,0.0,0.0,1.0
642948,258025,Kai,37494,TE,Trace Esports,0.56,2.2,152.0,409.0,6.0,16.0,10.0,6.0,0.0,2.0,58.0,70.0,118.0,252.0,18.0,38.0,1.0,2.0,3.0,0.0
642948,258025,Abo,5011,TE,Trace Esports,1.21,0.85,232.0,195.0,8.0,6.0,8.0,7.0,7.0,5.0,92.0,70.0,147.0,114.0,18.0,13.0,0.0,1.0,1.0,1.0
642948,258025,deLb,10821,TE,Trace Esports,1.07,0.78,195.0,56.0,9.0,1.0,8.0,4.0,0.0,8.0,67.0,80.0,117.0,36.0,38.0,9.0,1.0,0.0,1.0,2.0
642948,258025,Viva,36415,TE,Trace Esports,0.9,0.96,115.0,152.0,4.0,5.0,7.0,5.0,5.0,2.0,67.0,90.0,101.0,114.0,30.0,29.0,0.0,1.0,1.0,0.0
642948,258025,Xlele,54487,TE,Trace Esports,0.81,1.07,172.0,229.0,8.0,9.0,9.0,7.0,0.0,1.0,58.0,80.0,101.0,143.0,35.0,48.0,2.0,2.0,2.0,1.0
642948,258026,Spitfires,4881,TEC,Wuxi Titan Esports Club (Titan Esports Club),0.86,1.35,215.0,252.0,8.0,8.0,10.0,6.0,1.0,0.0,58.0,89.0,136.0,157.0,45.0,32.0,3.0,2.0,2.0,0.0
642948,258026,Haodong,4720,TEC,Wuxi Titan Esports Club (Titan Esports Club),1.01,1.05,222.0,241.0,10.0,8.0,10.0,6.0,5.0,3.0,75.0,56.0,146.0,148.0,53.0,29.0,0.0,1.0,0.0,1.0
642948,258026,lucas,19677,TEC,Wuxi Titan Esports Club (Titan Esports Club),1.23,0.54,242.0,114.0,10.0,3.0,9.0,6.0,3.0,1.0,75.0,44.0,160.0,78.0,25.0,38.0,1.0,0.0,0.0,0.0
642948,258026,Coco,47629,TEC,Wuxi Titan Esports Club (Titan Esports Club),0.73,1.15,148.0,272.0,5.0,9.0,10.0,6.0,4.0,0.0,50.0,67.0,95.0,153.0,22.0,57.0,0.0,1.0,2.0,0.0
642948,258026,Dynamite,42235,TEC,Wuxi Titan Esports Club (Titan Esports Club),0.61,0.89,174.0,167.0,6.0,5.0,10.0,6.0,2.0,1.0,75.0,78.0,122.0,129.0,26.0,40.0,0.0,2.0,4.0,2.0
642948,258026,Kai,37494,TE,Trace Esports,1.06,1.55,263.0,352.0,9.0,15.0,7.0,9.0,0.0,3.0,56.0,83.0,163.0,217.0,27.0,24.0,1.0,2.0,3.0,0.0
642948,258026,deLb,10821,TE,Trace Esports,1.63,0.72,308.0,102.0,10.0,5.0,6.0,7.0,2.0,5.0,67.0,67.0,185.0,70.0,53.0,29.0,0.0,0.0,1.0,0.0
642948,258026,Xlele,54487,TE,Trace Esports,1.1,1.11,157.0,210.0,5.0,9.0,5.0,8.0,2.0,4.0,67.0,83.0,111.0,141.0,63.0,28.0,1.0,4.0,0.0,3.0
642948,258026,Viva,36415,TE,Trace Esports,0.43,1.17,119.0,219.0,3.0,11.0,7.0,8.0,0.0,2.0,44.0,75.0,78.0,152.0,18.0,30.0,1.0,2.0,1.0,1.0
642948,258026,Abo,5011,TE,Trace Esports,0.33,1.04,93.0,196.0,3.0,9.0,8.0,7.0,1.0,5.0,56.0,75.0,66.0,103.0,60.0,14.0,0.0,0.0,1.0,0.0
659474,265283,WsLeo,24308,XLG,Xi Lai Gaming,1.6,1.39,219.0,250.0,11.0,8.0,6.0,6.0,7.0,5.0,92.0,80.0,136.0,184.0,12.0,27.0,0.0,0.0,0.0,3.0
659474,265283,happywei,37927,XLG,Xi Lai Gaming,1.16,1.26,203.0,214.0,9.0,8.0,8.0,6.0,5.0,1.0,92.0,50.0,170.0,124.0,48.0,64.0,1.0,2.0,1.0,0.0
659474,265283,NoMan,11527,XLG,Xi Lai Gaming,0.99,1.23,236.0,183.0,10.0,5.0,10.0,5.0,4.0,8.0,83.0,80.0,158.0,132.0,38.0,26.0,1.0,1.0,0.0,1.0
659474,265283,Lysoar,37489,XLG,Xi Lai Gaming,1.05,1.1,241.0,208.0,10.0,8.0,8.0,7.0,3.0,1.0,67.0,80.0,164.0,127.0,29.0,14.0,0.0,1.0,1.0,0.0
659474,265283,Rarga,22047,XLG,Xi Lai Gaming,0.54,1.08,176.0,262.0,8.0,9.0,10.0,9.0,1.0,3.0,58.0,60.0,116.0,149.0,69.0,36.0,4.0,2.0,4.0,0.0
659474,265283,Dynamite,42235,TEC,Wuxi Titan Esports Club (Titan Esports Club),1.62,1.59,298.0,311.0,12.0,13.0,6.0,8.0,2.0,1.0,90.0,67.0,181.0,240.0,29.0,31.0,1.0,2.0,2.0,0.0
659474,265283,lucas,19677,TEC,Wuxi Titan Esports Club (Titan Esports Club),0.96,1.33,236.0,262.0,8.0,11.0,8.0,8.0,2.0,1.0,70.0,67.0,162.0,180.0,33.0,31.0,2.0,0.0,1.0,0.0
659474,265283,Coco,47629,TEC,Wuxi Titan Esports Club (Titan Esports Club),0.58,1.02,106.0,256.0,4.0,10.0,7.0,11.0,2.0,0.0,60.0,67.0,82.0,174.0,30.0,46.0,0.0,4.0,2.0,0.0
659474,265283,Spitfires,4881,TEC,Wuxi Titan Esports Club (Titan Esports Club),0.54,0.74,169.0,114.0,6.0,6.0,9.0,9.0,2.0,1.0,80.0,58.0,106.0,95.0,19.0,15.0,1.0,0.0,0.0,2.0
659474,265283,Haodong,4720,TEC,Wuxi Titan Esports Club (Titan Esports Club),0.24,0.13,60.0,71.0,3.0,2.0,8.0,12.0,2.0,5.0,60.0,50.0,43.0,58.0,40.0,20.0,0.0,0.0,1.0,4.0
659474,265284,Lysoar,37489,XLG,Xi Lai Gaming,1.59,1.22,356.0,189.0,10.0,7.0,6.0,7.0,1.0,7.0,88.0,83.0,202.0,124.0,26.0,14.0,3.0,3.0,0.0,1.0
659474,265284,WsLeo,24308,XLG,Xi Lai Gaming,0.54,1.92,109.0,377.0,2.0,17.0,6.0,7.0,5.0,3.0,63.0,92.0,69.0,259.0,7.0,24.0,1.0,1.0,1.0,0.0
659474,265284,happywei,37927,XLG,Xi Lai Gaming,1.05,1.17,156.0,224.0,5.0,10.0,5.0,8.0,2.0,6.0,75.0,83.0,122.0,155.0,27.0,29.0,1.0,0.0,1.0,0.0
659474,265284,Rarga,22047,XLG,Xi Lai Gaming,1.17,1.04,173.0,198.0,6.0,9.0,4.0,7.0,3.0,3.0,50.0,83.0,107.0,135.0,13.0,35.0,0.0,3.0,0.0,1.0
659474,265284,NoMan,11527,XLG,Xi Lai Gaming,0.57,0.79,112.0,167.0,3.0,8.0,6.0,7.0,4.0,2.0,75.0,58.0,81.0,113.0,33.0,25.0,0.0,1.0,1.0,2.0
659474,265284,Spitfires,4881,TEC,Wuxi Titan Esports Club (Titan Esports Club),1.04,1.5,254.0,297.0,10.0,9.0,12.0,4.0,2.0,3.0,50.0,63.0,150.0,195.0,35.0,41.0,1.0,1.0,1.0,1.0
659474,265284,Coco,47629,TEC,Wuxi Titan Esports Club (Titan Esports Club),1.18,0.77,242.0,115.0,11.0,3.0,10.0,5.0,3.0,2.0,67.0,50.0,162.0,77.0,31.0,57.0,0.0,1.0,2.0,1.0
659474,265284,Dynamite,42235,TEC,Wuxi Titan Esports Club (Titan Esports Club),1.01,0.78,232.0,195.0,9.0,3.0,10.0,6.0,5.0,3.0,75.0,75.0,157.0,175.0,24.0,25.0,2.0,0.0,1.0,3.0
659474,265284,Haodong,4720,TEC,Wuxi Titan Esports Club (Titan Esports Club),0.38,1.31,61.0,244.0,2.0,6.0,9.0,6.0,4.0,4.0,58.0,88.0,38.0,168.0,30.0,33.0,0.0,0.0,2.0,0.0
659474,265284,lucas,19677,TEC,Wuxi Titan Esports Club (Titan Esports Club),0.52,1.09,132.0,172.0,4.0,6.0,10.0,5.0,5.0,1.0,50.0,100.0,96.0,116.0,22.0,50.0,1.0,1.0,2.0,0.0
659475,265286,zhe,49476,JDG,JD Mall JDG Esports (JD Gaming),2.01,1.43,347.0,297.0,5.0,14.0,1.0,8.0,1.0,1.0,100.0,83.0,217.0,193.0,18.0,31.0,0.0,2.0,0.0,1.0
659475,265286,coconut,12365,JDG,JD Mall JDG Esports (JD Gaming),0.66,1.68,33.0,262.0,0.0,12.0,1.0,4.0,2.0,3.0,67.0,67.0,25.0,195.0,0.0,37.0,0.0,1.0,0.0,0.0
659475,265286,Yuicaw,11218,JDG,JD Mall JDG Esports (JD Gaming),0.79,1.6,91.0,296.0,1.0,12.0,1.0,5.0,0.0,1.0,67.0,100.0,66.0,197.0,50.0,22.0,1.0,5.0,1.0,0.0
659475,265286,stew,16924,JDG,JD Mall JDG Esports (JD Gaming),2.25,0.92,495.0,181.0,5.0,8.0,2.0,7.0,2.0,5.0,100.0,67.0,283.0,99.0,17.0,16.0,1.0,1.0,0.0,1.0
659475,265286,jkuro,3519,JDG,JD Mall JDG Esports (JD Gaming),2.27,0.58,318.0,118.0,4.0,5.0,0.0,8.0,0.0,2.0,100.0,100.0,171.0,80.0,50.0,31.0,0.0,0.0,0.0,1.0
659475,265286,Erv,55085,TYL,TYLOO,1.06,0.06,241.0,81.0,8.0,1.0,10.0,3.0,6.0,0.0,67.0,33.0,152.0,52.0,32.0,0.0,2.0,0.0,2.0,1.0
659475,265286,Scales,39485,TYL,TYLOO,0.99,0.04,187.0,32.0,8.0,0.0,10.0,3.0,1.0,0.0,67.0,33.0,122.0,32.0,41.0,0.0,0.0,0.0,0.0,0.0
659475,265286,sword9,3049,TYL,TYLOO,0.74,0.16,165.0,110.0,7.0,1.0,10.0,3.0,3.0,0.0,67.0,33.0,97.0,57.0,21.0,0.0,0.0,0.0,0.0,0.0
659475,265286,slowly,41739,TYL,TYLOO,0.61,0.5,134.0,139.0,5.0,1.0,10.0,3.0,2.0,1.0,58.0,67.0,82.0,87.0,31.0,0.0,1.0,0.0,2.0,0.0
659475,265286,splash,36685,TYL,TYLOO,0.23,0.8,85.0,225.0,4.0,2.0,11.0,3.0,1.0,0.0,42.0,33.0,58.0,118.0,44.0,50.0,0.0,1.0,5.0,1.0
659475,265287,coconut,12365,JDG,JD Mall JDG Esports (JD Gaming),0.96,1.67,177.0,364.0,7.0,12.0,7.0,10.0,10.0,0.0,92.0,80.0,109.0,234.0,15.0,40.0,1.0,1.0,2.0,1.0
659475,265287,jkuro,3519,JDG,JD Mall JDG Esports (JD Gaming),1.59,0.35,251.0,97.0,13.0,3.0,5.0,10.0,2.0,4.0,75.0,50.0,154.0,53.0,42.0,80.0,1.0,1.0,1.0,1.0
659475,265287,stew,16924,JDG,JD Mall JDG Esports (JD Gaming),1.41,0.34,242.0,86.0,10.0,2.0,7.0,10.0,8.0,2.0,92.0,60.0,160.0,76.0,23.0,25.0,1.0,0.0,0.0,0.0
659475,265287,Yuicaw,11218,JDG,JD Mall JDG Esports (JD Gaming),1.09,0.63,247.0,183.0,11.0,5.0,10.0,10.0,4.0,1.0,83.0,70.0,139.0,128.0,12.0,20.0,2.0,1.0,2.0,2.0
659475,265287,zhe,49476,JDG,JD Mall JDG Esports (JD Gaming),1.25,0.02,215.0,30.0,10.0,0.0,6.0,10.0,5.0,3.0,83.0,40.0,156.0,31.0,18.0,44.0,0.0,0.0,2.0,3.0
659475,265287,slowly,41739,TYL,TYLOO,2.68,1.37,419.0,298.0,18.0,10.0,2.0,10.0,6.0,6.0,100.0,83.0,256.0,196.0,31.0,29.0,0.0,2.0,0.0,0.0
659475,265287,Scales,39485,TYL,TYLOO,0.95,1.24,204.0,265.0,7.0,11.0,6.0,10.0,4.0,1.0,70.0,67.0,135.0,164.0,10.0,38.0,2.0,3.0,2.0,1.0
659475,265287,Erv,55085,TYL,TYLOO,1.65,0.48,243.0,107.0,9.0,4.0,3.0,10.0,10.0,5.0,90.0,67.0,144.0,74.0,40.0,50.0,2.0,0.0,1.0,1.0
659475,265287,splash,36685,TYL,TYLOO,1.19,0.44,319.0,123.0,12.0,5.0,7.0,11.0,0.0,1.0,90.0,67.0,217.0,78.0,63.0,47.0,2.0,2.0,0.0,2.0
659475,265287,sword9,3049,TYL,TYLOO,0.93,0.42,133.0,131.0,4.0,5.0,4.0,10.0,5.0,1.0,90.0,67.0,112.0,97.0,30.0,32.0,1.0,0.0,0.0,1.0
659475,265288,zhe,49476,JDG,JD Mall JDG Esports (JD Gaming),0.76,1.77,258.0,402.0,10.0,15.0,11.0,7.0,4.0,4.0,75.0,100.0,160.0,256.0,13.0,19.0,1.0,3.0,2.0,2.0
659475,265288,jkuro,3519,JDG,JD Mall JDG Esports (JD Gaming),1.11,1.15,269.0,148.0,11.0,6.0,9.0,4.0,3.0,6.0,75.0,82.0,170.0,101.0,50.0,35.0,0.0,0.0,0.0,1.0
659475,265288,stew,16924,JDG,JD Mall JDG Esports (JD Gaming),0.4,1.77,88.0,420.0,2.0,16.0,9.0,8.0,2.0,2.0,67.0,82.0,76.0,262.0,29.0,33.0,0.0,2.0,0.0,0.0
659475,265288,coconut,12365,JDG,JD Mall JDG Esports (JD Gaming),1.03,0.7,210.0,99.0,10.0,5.0,8.0,6.0,4.0,3.0,75.0,64.0,125.0,52.0,26.0,33.0,1.0,0.0,1.0,0.0
659475,265288,Yuicaw,11218,JDG,JD Mall JDG Esports (JD Gaming),0.56,0.61,177.0,98.0,8.0,4.0,11.0,6.0,1.0,2.0,42.0,73.0,106.0,52.0,28.0,38.0,3.0,1.0,4.0,2.0
659475,265288,slowly,41739,TYL,TYLOO,1.19,1.54,169.0,184.0,7.0,8.0,7.0,4.0,3.0,2.0,73.0,83.0,120.0,120.0,25.0,23.0,0.0,2.0,0.0,1.0
659475,265288,Erv,55085,TYL,TYLOO,0.95,1.53,215.0,288.0,7.0,12.0,9.0,10.0,6.0,5.0,64.0,83.0,146.0,182.0,39.0,28.0,1.0,3.0,0.0,2.0
659475,265288,splash,36685,TYL,TYLOO,1.43,1.05,285.0,277.0,10.0,12.0,9.0,11.0,3.0,3.0,64.0,83.0,180.0,163.0,17.0,37.0,3.0,0.0,1.0,0.0
659475,265288,Scales,39485,TYL,TYLOO,0.31,1.04,123.0,184.0,4.0,8.0,11.0,8.0,2.0,4.0,45.0,83.0,102.0,138.0,35.0,38.0,0.0,2.0,2.0,1.0
659475,265288,sword9,3049,TYL,TYLOO,0.3,0.97,101.0,178.0,3.0,8.0,10.0,8.0,1.0,3.0,55.0,100.0,83.0,119.0,21.0,22.0,1.0,0.0,3.0,1.0
659476,265289,K1ra,46748,AG,All Gamers,,,,,,,,,,,,,,,,,,,,
659476,265289,f4ngeer,21216,AG,All Gamers,,,,,,,,,,,,,,,,,,,,
659476,265289,Shr1mp,25494,AG,All Gamers,,,,,,,,,,,,,,,,,,,,
659476,265289,Youze,46040,AG,All Gamers,,,,,,,,,,,,,,,,,,,,
659476,265289,iamgrq,58959,AG,All Gamers,,,,,,,,,,,,,,,,,,,,
659476,265289,Xlele,54487,TE,Trace Esports,,,,,,,,,,,,,,,,,,,,
659476,265289,Kai,37494,TE,Trace Esports,,,,,,,,,,,,,,,,,,,,
659476,265289,Viva,36415,TE,Trace Esports,,,,,,,,,,,,,,,,,,,,
659476,265289,deLb,10821,TE,Trace Esports,,,,,,,,,,,,,,,,,,,,
659476,265289,Abo,5011,TE,Trace Esports,,,,,,,,,,,,,,,,,,,,
659476,265290,f4ngeer,21216,AG,All Gamers,,,,,,,,,,,,,,,,,,,,
659476,265290,Shr1mp,25494,AG,All Gamers,,,,,,,,,,,,,,,,,,,,
659476,265290,Youze,46040,AG,All Gamers,,,,,,,,,,,,,,,,,,,,
659476,265290,K1ra,46748,AG,All Gamers,,,,,,,,,,,,,,,,,,,,
659476,265290,iamgrq,58959,AG,All Gamers,,,,,,,,,,,,,,,,,,,,
659476,265290,Xlele,54487,TE,Trace Esports,,,,,,,,,,,,,,,,,,,,
659476,265290,deLb,10821,TE,Trace Esports,,,,,,,,,,,,,,,,,,,,
659476,265290,Kai,37494,TE,Trace Esports,,,,,,,,,,,,,,,,,,,,
659476,265290,Viva,36415,TE,Trace Esports,,,,,,,,,,,,,,,,,,,,
659476,265290,Abo,5011,TE,Trace Esports,,,,,,,,,,,,,,,,,,,,
659477,265292,CHICHOO,15559,EDG,EDward Gaming,1.36,1.23,312.0,250.0,14.0,7.0,11.0,7.0,3.0,4.0,83.0,88.0,174.0,164.0,37.0,39.0,3.0,1.0,1.0,0.0
659477,265292,Smoggy,4742,EDG,EDward Gaming,1.27,1.2,308.0,208.0,12.0,6.0,11.0,6.0,7.0,5.0,92.0,63.0,209.0,129.0,29.0,36.0,0.0,2.0,0.0,2.0
659477,265292,ZmjjKK,3520,EDG,EDward Gaming,0.69,1.2,160.0,285.0,6.0,9.0,10.0,8.0,4.0,0.0,75.0,63.0,117.0,167.0,19.0,24.0,1.0,1.0,2.0,1.0
659477,265292,nobody,3017,EDG,EDward Gaming,0.79,0.7,152.0,182.0,7.0,4.0,10.0,7.0,1.0,1.0,67.0,63.0,107.0,130.0,53.0,24.0,0.0,0.0,1.0,1.0
659477,265292,Jieni7,51244,EDG,EDward Gaming,0.57,0.4,108.0,133.0,5.0,2.0,9.0,8.0,8.0,6.0,67.0,88.0,59.0,107.0,13.0,31.0,1.0,0.0,3.0,0.0
659477,265292,Nicc,11524,DRG,Dragon Ranger Gaming,1.25,1.46,192.0,284.0,6.0,12.0,5.0,7.0,7.0,6.0,88.0,75.0,138.0,178.0,62.0,31.0,1.0,0.0,0.0,0.0
659477,265292,vo0kashu,3741,DRG,Dragon Ranger Gaming,1.08,1.55,252.0,254.0,7.0,12.0,6.0,6.0,3.0,3.0,88.0,83.0,148.0,173.0,31.0,26.0,2.0,1.0,0.0,0.0
659477,265292,Life,3028,DRG,Dragon Ranger Gaming,2.16,0.44,400.0,157.0,13.0,7.0,5.0,12.0,2.0,2.0,88.0,67.0,290.0,103.0,44.0,47.0,0.0,1.0,0.0,1.0
659477,265292,SpiritZ1,31753,DRG,Dragon Ranger Gaming,0.23,1.64,158.0,381.0,4.0,15.0,7.0,10.0,1.0,7.0,50.0,75.0,101.0,261.0,50.0,27.0,1.0,3.0,4.0,2.0
659477,265292,Flex1n,4705,DRG,Dragon Ranger Gaming,1.1,0.6,184.0,154.0,6.0,5.0,5.0,9.0,6.0,3.0,100.0,67.0,118.0,96.0,50.0,15.0,0.0,2.0,0.0,2.0
659477,265293,CHICHOO,15559,EDG,EDward Gaming,1.36,1.44,216.0,211.0,6.0,9.0,4.0,5.0,3.0,8.0,63.0,83.0,143.0,135.0,29.0,19.0,0.0,0.0,1.0,0.0
659477,265293,ZmjjKK,3520,EDG,EDward Gaming,0.84,1.45,250.0,272.0,5.0,13.0,8.0,5.0,3.0,1.0,50.0,92.0,173.0,198.0,22.0,35.0,2.0,1.0,2.0,0.0
659477,265293,Smoggy,4742,EDG,EDward Gaming,0.82,1.3,179.0,262.0,6.0,11.0,7.0,6.0,0.0,2.0,63.0,83.0,83.0,140.0,5.0,8.0,0.0,4.0,3.0,1.0
659477,265293,Jieni7,51244,EDG,EDward Gaming,0.79,1.21,137.0,237.0,4.0,11.0,6.0,5.0,2.0,2.0,63.0,75.0,81.0,151.0,17.0,11.0,0.0,2.0,0.0,1.0
659477,265293,nobody,3017,EDG,EDward Gaming,0.65,1.08,60.0,205.0,1.0,9.0,5.0,6.0,6.0,3.0,50.0,92.0,31.0,114.0,9.0,30.0,0.0,2.0,0.0,1.0
659477,265293,vo0kashu,3741,DRG,Dragon Ranger Gaming,0.79,1.38,148.0,248.0,6.0,6.0,10.0,4.0,2.0,5.0,67.0,63.0,92.0,172.0,26.0,24.0,0.0,0.0,1.0,0.0
659477,265293,Flex1n,4705,DRG,Dragon Ranger Gaming,0.66,1.3,139.0,179.0,5.0,5.0,11.0,3.0,8.0,7.0,58.0,88.0,87.0,100.0,43.0,31.0,0.0,1.0,2.0,0.0
659477,265293,SpiritZ1,31753,DRG,Dragon Ranger Gaming,0.35,1.61,101.0,326.0,4.0,11.0,12.0,5.0,3.0,3.0,50.0,88.0,58.0,203.0,31.0,29.0,1.0,3.0,2.0,0.0
659477,265293,Life,3028,DRG,Dragon Ranger Gaming,0.65,1.02,178.0,188.0,7.0,6.0,12.0,5.0,0.0,2.0,50.0,88.0,127.0,117.0,38.0,33.0,2.0,1.0,2.0,1.0
659477,265293,Nicc,11524,DRG,Dragon Ranger Gaming,0.98,0.54,155.0,108.0,5.0,2.0,8.0,5.0,2.0,3.0,58.0,63.0,116.0,84.0,44.0,20.0,0.0,1.0,2.0,1.0
659477,265294,Jieni7,51244,EDG,EDward Gaming,0.7,1.75,159.0,292.0,4.0,13.0,7.0,6.0,6.0,14.0,63.0,92.0,103.0,175.0,14.0,32.0,0.0,0.0,0.0,0.0
659477,265294,nobody,3017,EDG,EDward Gaming,0.79,1.7,124.0,307.0,3.0,13.0,5.0,6.0,1.0,2.0,50.0,92.0,76.0,206.0,50.0,31.0,1.0,2.0,2.0,1.0
659477,265294,CHICHOO,15559,EDG,EDward Gaming,1.62,0.95,244.0,124.0,6.0,6.0,5.0,4.0,4.0,2.0,50.0,83.0,185.0,75.0,47.0,11.0,0.0,0.0,0.0,3.0
659477,265294,ZmjjKK,3520,EDG,EDward Gaming,0.82,1.35,228.0,276.0,6.0,12.0,7.0,6.0,0.0,1.0,50.0,92.0,143.0,158.0,60.0,36.0,2.0,3.0,3.0,0.0
659477,265294,Smoggy,4742,EDG,EDward Gaming,0.9,0.86,161.0,181.0,5.0,7.0,6.0,9.0,2.0,9.0,75.0,83.0,86.0,104.0,8.0,23.0,0.0,2.0,0.0,1.0
659477,265294,Flex1n,4705,DRG,Dragon Ranger Gaming,1.35,1.02,250.0,205.0,12.0,5.0,10.0,5.0,3.0,4.0,83.0,88.0,147.0,115.0,40.0,14.0,0.0,1.0,0.0,0.0
659477,265294,SpiritZ1,31753,DRG,Dragon Ranger Gaming,0.26,1.66,94.0,487.0,4.0,14.0,11.0,6.0,1.0,1.0,50.0,75.0,60.0,300.0,29.0,41.0,2.0,3.0,4.0,0.0
659477,265294,vo0kashu,3741,DRG,Dragon Ranger Gaming,0.78,0.72,149.0,104.0,6.0,3.0,9.0,4.0,2.0,0.0,58.0,75.0,100.0,88.0,20.0,33.0,0.0,0.0,0.0,0.0
659477,265294,Nicc,11524,DRG,Dragon Ranger Gaming,0.62,0.76,102.0,82.0,4.0,3.0,9.0,4.0,4.0,0.0,67.0,75.0,72.0,45.0,40.0,20.0,0.0,1.0,1.0,2.0
659477,265294,Life,3028,DRG,Dragon Ranger Gaming,0.39,0.91,143.0,178.0,5.0,5.0,12.0,5.0,3.0,1.0,58.0,63.0,88.0,106.0,25.0,75.0,3.0,0.0,2.0,1.0
659478,265295,happywei,37927,XLG,Xi Lai Gaming,2.03,1.29,391.0,157.0,17.0,1.0,6.0,0.0,6.0,0.0,83.0,100.0,253.0,110.0,47.0,50.0,3.0,0.0,1.0,0.0
659478,265295,NoMan,11527,XLG,Xi Lai Gaming,1.46,0.87,262.0,2.0,13.0,0.0,4.0,0.0,4.0,0.0,83.0,100.0,146.0,3.0,33.0,,0.0,0.0,1.0,0.0
659478,265295,Rarga,22047,XLG,Xi Lai Gaming,1.37,0.86,293.0,-6.0,12.0,0.0,8.0,0.0,7.0,0.0,83.0,100.0,166.0,-3.0,36.0,,3.0,0.0,0.0,0.0
659478,265295,Lysoar,37489,XLG,Xi Lai Gaming,1.04,0.86,205.0,-3.0,8.0,0.0,7.0,0.0,9.0,0.0,75.0,100.0,128.0,-2.0,15.0,,0.0,0.0,2.0,0.0
659478,265295,WsLeo,24308,XLG,Xi Lai Gaming,0.67,5.03,159.0,,8.0,4.0,8.0,0.0,5.0,0.0,75.0,100.0,86.0,554.0,17.0,83.0,1.0,1.0,1.0,0.0
659478,265295,Yuicaw,11218,JDG,JD Mall JDG Esports (JD Gaming),0.16,0.99,,,0.0,11.0,1.0,12.0,0.0,3.0,,75.0,,,,9.0,0.0,3.0,0.0,0.0
659478,265295,zhe,49476,JDG,JD Mall JDG Esports (JD Gaming),0.01,0.58,,,0.0,8.0,1.0,11.0,0.0,2.0,,58.0,,,,35.0,0.0,1.0,1.0,3.0
659478,265295,stew,16924,JDG,JD Mall JDG Esports (JD Gaming),0.01,0.49,,,0.0,7.0,1.0,12.0,0.0,6.0,,58.0,,,,37.0,0.0,1.0,0.0,1.0
659478,265295,jkuro,3519,JDG,JD Mall JDG Esports (JD Gaming),0.38,0.33,,,0.0,4.0,1.0,11.0,0.0,1.0,,42.0,,,,25.0,0.0,0.0,0.0,3.0
659478,265295,coconut,12365,JDG,JD Mall JDG Esports (JD Gaming),0.02,0.16,,,0.0,3.0,1.0,12.0,0.0,5.0,,50.0,,,,29.0,0.0,0.0,0.0,0.0
659478,265296,Lysoar,37489,XLG,Xi Lai Gaming,2.0,1.29,322.0,229.0,8.0,10.0,3.0,5.0,3.0,6.0,100.0,83.0,167.0,151.0,24.0,25.0,0.0,0.0,0.0,0.0
659478,265296,Rarga,22047,XLG,Xi Lai Gaming,1.57,1.44,328.0,301.0,8.0,14.0,3.0,6.0,2.0,1.0,100.0,83.0,217.0,199.0,40.0,42.0,1.0,5.0,2.0,1.0
659478,265296,happywei,37927,XLG,Xi Lai Gaming,1.16,1.52,248.0,355.0,5.0,16.0,3.0,9.0,1.0,3.0,67.0,92.0,158.0,248.0,30.0,35.0,1.0,3.0,1.0,1.0
659478,265296,WsLeo,24308,XLG,Xi Lai Gaming,1.26,1.3,190.0,220.0,4.0,10.0,3.0,5.0,3.0,2.0,83.0,83.0,123.0,156.0,25.0,24.0,0.0,0.0,1.0,0.0
659478,265296,NoMan,11527,XLG,Xi Lai Gaming,0.77,0.66,176.0,119.0,3.0,4.0,4.0,7.0,6.0,10.0,83.0,83.0,101.0,74.0,21.0,29.0,0.0,1.0,0.0,1.0
659478,265296,coconut,12365,JDG,JD Mall JDG Esports (JD Gaming),1.24,1.39,230.0,257.0,9.0,5.0,9.0,5.0,5.0,1.0,83.0,33.0,139.0,181.0,29.0,25.0,1.0,0.0,1.0,0.0
659478,265296,zhe,49476,JDG,JD Mall JDG Esports (JD Gaming),1.12,1.1,232.0,307.0,10.0,6.0,11.0,6.0,1.0,0.0,67.0,83.0,133.0,187.0,23.0,9.0,2.0,3.0,5.0,1.0
659478,265296,stew,16924,JDG,JD Mall JDG Esports (JD Gaming),0.79,0.34,148.0,73.0,6.0,1.0,10.0,5.0,3.0,0.0,50.0,50.0,102.0,66.0,29.0,27.0,0.0,0.0,0.0,0.0
659478,265296,jkuro,3519,JDG,JD Mall JDG Esports (JD Gaming),0.47,0.56,90.0,189.0,4.0,3.0,12.0,6.0,2.0,3.0,50.0,67.0,53.0,113.0,43.0,27.0,0.0,0.0,1.0,0.0
659478,265296,Yuicaw,11218,JDG,JD Mall JDG Esports (JD Gaming),0.27,0.07,103.0,61.0,3.0,1.0,12.0,6.0,4.0,2.0,58.0,83.0,72.0,36.0,31.0,25.0,0.0,1.0,2.0,1.0
659479,265298,Shr1mp,25494,AG,All Gamers,1.37,0.77,213.0,158.0,10.0,4.0,8.0,6.0,7.0,2.0,92.0,75.0,135.0,110.0,29.0,36.0,0.0,0.0,2.0,0.0
659479,265298,K1ra,46748,AG,All Gamers,0.94,1.29,224.0,287.0,10.0,8.0,11.0,7.0,2.0,0.0,75.0,75.0,134.0,179.0,18.0,20.0,3.0,4.0,0.0,1.0
659479,265298,iamgrq,58959,AG,All Gamers,1.42,0.4,245.0,125.0,10.0,3.0,8.0,8.0,11.0,1.0,92.0,25.0,149.0,79.0,35.0,17.0,0.0,1.0,1.0,1.0
659479,265298,f4ngeer,21216,AG,All Gamers,1.02,0.55,198.0,118.0,8.0,3.0,8.0,7.0,2.0,2.0,58.0,50.0,128.0,103.0,17.0,44.0,1.0,0.0,2.0,0.0
659479,265298,Youze,46040,AG,All Gamers,0.88,0.02,174.0,47.0,7.0,0.0,9.0,8.0,2.0,1.0,67.0,25.0,99.0,47.0,16.0,15.0,2.0,0.0,1.0,1.0
659479,265298,CHICHOO,15559,EDG,EDward Gaming,2.14,1.27,290.0,272.0,10.0,12.0,1.0,9.0,1.0,2.0,100.0,75.0,223.0,163.0,45.0,25.0,0.0,1.0,0.0,0.0
659479,265298,Smoggy,4742,EDG,EDward Gaming,1.63,1.01,308.0,206.0,9.0,9.0,4.0,8.0,1.0,3.0,88.0,58.0,195.0,137.0,12.0,18.0,1.0,1.0,1.0,0.0
659479,265298,ZmjjKK,3520,EDG,EDward Gaming,0.87,0.96,217.0,254.0,7.0,11.0,6.0,9.0,0.0,1.0,63.0,75.0,146.0,161.0,25.0,22.0,1.0,3.0,2.0,2.0
659479,265298,Jieni7,51244,EDG,EDward Gaming,1.18,0.67,225.0,165.0,6.0,7.0,4.0,9.0,3.0,4.0,88.0,83.0,144.0,112.0,38.0,12.0,1.0,0.0,2.0,2.0
659479,265298,nobody,3017,EDG,EDward Gaming,1.09,0.43,154.0,127.0,4.0,5.0,3.0,10.0,1.0,3.0,88.0,67.0,102.0,75.0,50.0,15.0,0.0,1.0,0.0,2.0
659479,265299,Shr1mp,25494,AG,All Gamers,1.2,1.81,173.0,347.0,6.0,14.0,3.0,10.0,2.0,3.0,86.0,83.0,101.0,210.0,33.0,24.0,0.0,0.0,0.0,0.0
659479,265299,K1ra,46748,AG,All Gamers,0.94,0.97,251.0,211.0,6.0,9.0,5.0,11.0,2.0,2.0,71.0,67.0,129.0,135.0,13.0,31.0,3.0,1.0,2.0,0.0
659479,265299,Youze,46040,AG,All Gamers,1.16,0.41,207.0,107.0,5.0,4.0,4.0,11.0,1.0,2.0,57.0,42.0,133.0,84.0,11.0,16.0,0.0,0.0,0.0,7.0
659479,265299,iamgrq,58959,AG,All Gamers,1.23,0.3,190.0,82.0,4.0,2.0,3.0,12.0,4.0,5.0,86.0,58.0,112.0,74.0,4.0,23.0,0.0,0.0,0.0,1.0
659479,265299,f4ngeer,21216,AG,All Gamers,0.54,0.45,86.0,113.0,3.0,5.0,4.0,11.0,0.0,0.0,71.0,50.0,46.0,71.0,14.0,30.0,0.0,1.0,2.0,2.0
659479,265299,Smoggy,4742,EDG,EDward Gaming,1.72,1.15,371.0,254.0,17.0,6.0,7.0,6.0,4.0,1.0,92.0,71.0,249.0,168.0,29.0,20.0,3.0,2.0,1.0,0.0
659479,265299,nobody,3017,EDG,EDward Gaming,1.59,0.6,228.0,185.0,12.0,4.0,4.0,6.0,5.0,0.0,83.0,29.0,156.0,123.0,41.0,33.0,2.0,0.0,1.0,1.0
659479,265299,CHICHOO,15559,EDG,EDward Gaming,1.18,1.07,203.0,103.0,8.0,3.0,7.0,3.0,10.0,3.0,100.0,71.0,127.0,75.0,20.0,50.0,0.0,0.0,0.0,0.0
659479,265299,Jieni7,51244,EDG,EDward Gaming,0.66,1.22,111.0,146.0,5.0,3.0,6.0,4.0,1.0,5.0,75.0,71.0,71.0,98.0,50.0,18.0,1.0,0.0,0.0,0.0
659479,265299,ZmjjKK,3520,EDG,EDward Gaming,0.95,0.61,296.0,125.0,13.0,3.0,10.0,5.0,3.0,0.0,92.0,43.0,172.0,69.0,18.0,10.0,4.0,2.0,0.0,2.0
659480,265301,happywei,37927,XLG,Xi Lai Gaming,0.83,1.33,193.0,292.0,7.0,12.0,8.0,9.0,1.0,2.0,50.0,83.0,139.0,183.0,21.0,29.0,1.0,0.0,2.0,1.0
659480,265301,Lysoar,37489,XLG,Xi Lai Gaming,1.06,1.08,153.0,171.0,6.0,7.0,7.0,7.0,2.0,6.0,80.0,67.0,90.0,118.0,29.0,22.0,0.0,0.0,0.0,2.0
659480,265301,Rarga,22047,XLG,Xi Lai Gaming,0.88,0.9,191.0,178.0,7.0,6.0,8.0,9.0,1.0,4.0,70.0,75.0,118.0,122.0,54.0,35.0,2.0,2.0,0.0,3.0
659480,265301,WsLeo,24308,XLG,Xi Lai Gaming,0.54,1.03,107.0,184.0,3.0,8.0,8.0,8.0,5.0,3.0,80.0,58.0,67.0,118.0,29.0,31.0,0.0,0.0,1.0,1.0
659480,265301,NoMan,11527,XLG,Xi Lai Gaming,0.71,0.65,195.0,144.0,6.0,6.0,8.0,10.0,2.0,3.0,70.0,58.0,111.0,87.0,22.0,35.0,2.0,0.0,2.0,3.0
659480,265301,CHICHOO,15559,EDG,EDward Gaming,1.69,1.28,293.0,242.0,14.0,9.0,6.0,5.0,1.0,2.0,83.0,80.0,182.0,147.0,44.0,17.0,2.0,0.0,0.0,2.0
659480,265301,Jieni7,51244,EDG,EDward Gaming,1.21,1.23,231.0,293.0,11.0,9.0,8.0,7.0,3.0,5.0,83.0,90.0,163.0,187.0,41.0,14.0,0.0,1.0,0.0,0.0
659480,265301,ZmjjKK,3520,EDG,EDward Gaming,0.73,1.43,212.0,278.0,8.0,10.0,11.0,6.0,2.0,1.0,58.0,90.0,144.0,157.0,36.0,22.0,4.0,2.0,1.0,0.0
659480,265301,Smoggy,4742,EDG,EDward Gaming,0.72,1.23,177.0,223.0,7.0,9.0,8.0,6.0,1.0,1.0,75.0,90.0,123.0,156.0,52.0,22.0,4.0,1.0,1.0,1.0
659480,265301,nobody,3017,EDG,EDward Gaming,0.69,0.56,84.0,64.0,3.0,2.0,6.0,5.0,5.0,2.0,67.0,70.0,66.0,31.0,31.0,10.0,0.0,1.0,0.0,2.0
659480,265302,Lysoar,37489,XLG,Xi Lai Gaming,0.94,1.34,160.0,232.0,7.0,8.0,9.0,5.0,3.0,1.0,42.0,100.0,92.0,178.0,22.0,18.0,0.0,1.0,1.0,0.0
659480,265302,happywei,37927,XLG,Xi Lai Gaming,0.94,1.07,190.0,269.0,7.0,8.0,10.0,7.0,2.0,3.0,58.0,56.0,108.0,162.0,80.0,36.0,2.0,0.0,1.0,2.0
659480,265302,Rarga,22047,XLG,Xi Lai Gaming,0.68,1.16,218.0,255.0,9.0,9.0,11.0,6.0,1.0,0.0,67.0,67.0,120.0,167.0,57.0,60.0,3.0,2.0,3.0,1.0
659480,265302,WsLeo,24308,XLG,Xi Lai Gaming,0.9,0.72,155.0,164.0,8.0,5.0,9.0,6.0,3.0,2.0,50.0,67.0,105.0,103.0,22.0,23.0,0.0,1.0,1.0,1.0
659480,265302,NoMan,11527,XLG,Xi Lai Gaming,0.15,1.11,33.0,210.0,0.0,5.0,11.0,6.0,5.0,7.0,50.0,89.0,24.0,136.0,14.0,24.0,0.0,0.0,1.0,1.0
659480,265302,CHICHOO,15559,EDG,EDward Gaming,1.37,1.57,277.0,258.0,9.0,12.0,7.0,6.0,3.0,6.0,67.0,92.0,185.0,162.0,32.0,43.0,0.0,1.0,1.0,0.0
659480,265302,Smoggy,4742,EDG,EDward Gaming,1.16,1.28,208.0,243.0,8.0,9.0,7.0,7.0,1.0,8.0,67.0,100.0,145.0,180.0,23.0,24.0,0.0,1.0,0.0,0.0
659480,265302,nobody,3017,EDG,EDward Gaming,0.97,1.29,122.0,194.0,2.0,7.0,6.0,5.0,9.0,5.0,78.0,83.0,183.0,139.0,3.0,40.0,0.0,0.0,1.0,0.0
659480,265302,Jieni7,51244,EDG,EDward Gaming,0.59,1.38,179.0,244.0,5.0,11.0,8.0,6.0,1.0,9.0,33.0,92.0,110.0,168.0,36.0,43.0,2.0,1.0,0.0,0.0
659480,265302,ZmjjKK,3520,EDG,EDward Gaming,0.92,1.07,190.0,234.0,6.0,11.0,7.0,7.0,0.0,0.0,78.0,50.0,121.0,160.0,38.0,17.0,3.0,4.0,2.0,5.0
659481,265304,CHICHOO,15559,EDG,EDward Gaming,1.58,0.88,322.0,149.0,7.0,7.0,4.0,9.0,2.0,3.0,71.0,58.0,221.0,96.0,25.0,24.0,0.0,1.0,0.0,2.0
659481,265304,Smoggy,4742,EDG,EDward Gaming,1.02,1.09,208.0,199.0,5.0,7.0,6.0,10.0,6.0,9.0,71.0,75.0,117.0,114.0,15.0,18.0,0.0,0.0,1.0,0.0
659481,265304,nobody,3017,EDG,EDward Gaming,0.99,0.53,194.0,140.0,5.0,6.0,5.0,11.0,3.0,1.0,57.0,58.0,135.0,95.0,31.0,23.0,0.0,0.0,1.0,2.0
659481,265304,ZmjjKK,3520,EDG,EDward Gaming,0.67,0.64,118.0,180.0,4.0,7.0,6.0,11.0,0.0,0.0,86.0,67.0,94.0,116.0,38.0,29.0,1.0,1.0,3.0,1.0
659481,265304,Jieni7,51244,EDG,EDward Gaming,0.4,0.72,121.0,156.0,3.0,5.0,6.0,11.0,1.0,7.0,57.0,67.0,77.0,121.0,38.0,25.0,0.0,1.0,1.0,4.0
659481,265304,Rarga,22047,XLG,Xi Lai Gaming,1.82,1.52,348.0,280.0,15.0,7.0,6.0,4.0,2.0,2.0,92.0,86.0,222.0,225.0,33.0,23.0,6.0,1.0,0.0,0.0
659481,265304,WsLeo,24308,XLG,Xi Lai Gaming,1.52,1.03,292.0,265.0,14.0,6.0,6.0,6.0,8.0,3.0,92.0,100.0,169.0,161.0,20.0,28.0,2.0,1.0,1.0,1.0
659481,265304,Lysoar,37489,XLG,Xi Lai Gaming,1.14,1.14,180.0,169.0,7.0,4.0,6.0,5.0,9.0,8.0,75.0,86.0,114.0,81.0,25.0,13.0,0.0,2.0,1.0,0.0
659481,265304,NoMan,11527,XLG,Xi Lai Gaming,0.85,1.48,132.0,270.0,6.0,7.0,7.0,4.0,3.0,2.0,75.0,86.0,88.0,169.0,21.0,24.0,0.0,1.0,1.0,0.0
659481,265304,happywei,37927,XLG,Xi Lai Gaming,1.02,0.45,221.0,93.0,10.0,3.0,7.0,5.0,2.0,1.0,83.0,57.0,139.0,33.0,38.0,17.0,1.0,1.0,0.0,0.0
659481,265305,ZmjjKK,3520,EDG,EDward Gaming,1.22,1.31,294.0,262.0,15.0,13.0,10.0,10.0,1.0,3.0,79.0,79.0,186.0,188.0,21.0,20.0,3.0,5.0,0.0,2.0
659481,265305,CHICHOO,15559,EDG,EDward Gaming,1.1,1.25,215.0,251.0,10.0,12.0,8.0,11.0,2.0,9.0,86.0,57.0,149.0,155.0,29.0,23.0,2.0,1.0,1.0,1.0
659481,265305,Jieni7,51244,EDG,EDward Gaming,1.09,1.12,231.0,237.0,12.0,11.0,10.0,13.0,7.0,6.0,93.0,71.0,147.0,143.0,18.0,27.0,0.0,1.0,1.0,0.0
659481,265305,Smoggy,4742,EDG,EDward Gaming,1.27,0.88,249.0,153.0,12.0,8.0,8.0,10.0,2.0,2.0,86.0,79.0,144.0,126.0,10.0,29.0,2.0,2.0,2.0,1.0
659481,265305,nobody,3017,EDG,EDward Gaming,1.11,0.99,169.0,159.0,8.0,7.0,6.0,10.0,10.0,6.0,71.0,79.0,99.0,137.0,23.0,17.0,0.0,0.0,3.0,1.0
659481,265305,WsLeo,24308,XLG,Xi Lai Gaming,1.63,0.68,285.0,151.0,15.0,7.0,8.0,12.0,6.0,3.0,93.0,79.0,190.0,98.0,20.0,28.0,2.0,1.0,0.0,1.0
659481,265305,happywei,37927,XLG,Xi Lai Gaming,1.14,0.67,251.0,169.0,11.0,6.0,10.0,13.0,5.0,8.0,79.0,64.0,169.0,123.0,34.0,36.0,1.0,0.0,1.0,0.0
659481,265305,Lysoar,37489,XLG,Xi Lai Gaming,1.07,0.72,234.0,140.0,12.0,7.0,10.0,10.0,6.0,1.0,93.0,64.0,153.0,89.0,24.0,18.0,1.0,0.0,0.0,1.0
659481,265305,Rarga,22047,XLG,Xi Lai Gaming,0.77,0.97,201.0,211.0,11.0,11.0,11.0,13.0,3.0,1.0,86.0,57.0,143.0,113.0,37.0,21.0,0.0,4.0,3.0,2.0
659481,265305,NoMan,11527,XLG,Xi Lai Gaming,0.23,1.16,105.0,251.0,5.0,11.0,12.0,9.0,0.0,2.0,57.0,71.0,78.0,152.0,40.0,24.0,1.0,2.0,5.0,3.0
659481,265306,CHICHOO,15559,EDG,EDward Gaming,2.08,1.67,306.0,272.0,6.0,11.0,2.0,4.0,3.0,2.0,100.0,92.0,217.0,204.0,35.0,41.0,2.0,1.0,0.0,0.0
659481,265306,Smoggy,4742,EDG,EDward Gaming,1.99,1.27,246.0,180.0,7.0,8.0,2.0,5.0,1.0,7.0,67.0,83.0,166.0,97.0,24.0,22.0,0.0,1.0,0.0,0.0
659481,265306,Jieni7,51244,EDG,EDward Gaming,1.24,1.43,320.0,199.0,7.0,9.0,4.0,4.0,1.0,5.0,67.0,92.0,183.0,147.0,22.0,33.0,0.0,2.0,0.0,1.0
659481,265306,ZmjjKK,3520,EDG,EDward Gaming,0.73,1.29,195.0,272.0,4.0,12.0,6.0,7.0,0.0,2.0,50.0,75.0,135.0,179.0,33.0,26.0,2.0,4.0,1.0,1.0
659481,265306,nobody,3017,EDG,EDward Gaming,0.27,1.2,61.0,172.0,1.0,7.0,5.0,4.0,2.0,4.0,83.0,75.0,53.0,139.0,67.0,50.0,0.0,0.0,1.0,2.0
659481,265306,WsLeo,24308,XLG,Xi Lai Gaming,0.74,1.09,126.0,255.0,5.0,5.0,9.0,5.0,3.0,2.0,58.0,67.0,97.0,184.0,19.0,33.0,0.0,0.0,1.0,0.0
659481,265306,NoMan,11527,XLG,Xi Lai Gaming,0.88,0.75,136.0,187.0,5.0,4.0,8.0,5.0,5.0,2.0,75.0,83.0,84.0,114.0,28.0,44.0,0.0,0.0,2.0,1.0
659481,265306,happywei,37927,XLG,Xi Lai Gaming,0.58,1.25,140.0,251.0,5.0,5.0,9.0,4.0,1.0,4.0,42.0,100.0,95.0,167.0,40.0,33.0,1.0,1.0,2.0,1.0
659481,265306,Rarga,22047,XLG,Xi Lai Gaming,0.45,0.55,128.0,200.0,5.0,4.0,11.0,6.0,2.0,2.0,50.0,83.0,75.0,117.0,33.0,21.0,3.0,1.0,3.0,2.0
659481,265306,Lysoar,37489,XLG,Xi Lai Gaming,0.6,0.17,119.0,50.0,4.0,1.0,10.0,5.0,2.0,1.0,58.0,33.0,77.0,26.0,13.0,100.0,0.0,0.0,0.0,0.0
659481,265307,Smoggy,4742,EDG,EDward Gaming,1.35,2.4,252.0,441.0,11.0,15.0,7.0,6.0,5.0,2.0,83.0,70.0,161.0,311.0,36.0,53.0,0.0,0.0,0.0,1.0
659481,265307,ZmjjKK,3520,EDG,EDward Gaming,1.47,0.4,381.0,99.0,16.0,3.0,10.0,8.0,5.0,1.0,75.0,50.0,208.0,76.0,16.0,18.0,4.0,2.0,3.0,1.0
659481,265307,CHICHOO,15559,EDG,EDward Gaming,0.73,0.55,173.0,107.0,8.0,3.0,9.0,8.0,2.0,5.0,67.0,100.0,119.0,77.0,37.0,11.0,1.0,1.0,1.0,0.0
659481,265307,nobody,3017,EDG,EDward Gaming,0.66,0.54,105.0,180.0,5.0,4.0,8.0,10.0,2.0,4.0,58.0,70.0,74.0,140.0,19.0,16.0,0.0,1.0,1.0,2.0
659481,265307,Jieni7,51244,EDG,EDward Gaming,0.4,0.59,106.0,86.0,5.0,4.0,10.0,8.0,2.0,2.0,75.0,70.0,79.0,72.0,17.0,47.0,1.0,1.0,1.0,1.0
659481,265307,NoMan,11527,XLG,Xi Lai Gaming,1.78,1.1,326.0,222.0,13.0,9.0,5.0,9.0,0.0,2.0,90.0,75.0,212.0,161.0,50.0,22.0,3.0,3.0,0.0,3.0
659481,265307,Lysoar,37489,XLG,Xi Lai Gaming,1.07,1.37,225.0,280.0,8.0,11.0,6.0,9.0,4.0,4.0,90.0,67.0,139.0,205.0,22.0,43.0,1.0,0.0,0.0,0.0
659481,265307,Rarga,22047,XLG,Xi Lai Gaming,0.85,1.52,204.0,250.0,8.0,11.0,7.0,7.0,0.0,1.0,70.0,75.0,143.0,176.0,42.0,32.0,0.0,1.0,4.0,0.0
659481,265307,happywei,37927,XLG,Xi Lai Gaming,0.89,1.09,164.0,239.0,6.0,9.0,6.0,11.0,3.0,8.0,100.0,92.0,101.0,174.0,56.0,50.0,1.0,2.0,1.0,0.0
659481,265307,WsLeo,24308,XLG,Xi Lai Gaming,1.22,0.53,186.0,113.0,5.0,4.0,5.0,9.0,7.0,2.0,100.0,50.0,142.0,93.0,13.0,44.0,0.0,0.0,0.0,3.0
659481,265308,Smoggy,4742,EDG,EDward Gaming,1.51,2.21,280.0,321.0,11.0,6.0,6.0,1.0,8.0,4.0,67.0,100.0,199.0,182.0,32.0,25.0,2.0,0.0,2.0,0.0
659481,265308,CHICHOO,15559,EDG,EDward Gaming,1.4,1.9,176.0,305.0,9.0,6.0,5.0,2.0,3.0,4.0,83.0,100.0,100.0,195.0,22.0,40.0,1.0,0.0,0.0,1.0
659481,265308,Jieni7,51244,EDG,EDward Gaming,1.28,1.01,301.0,165.0,14.0,3.0,10.0,2.0,1.0,1.0,100.0,100.0,187.0,116.0,50.0,8.0,1.0,0.0,1.0,0.0
659481,265308,ZmjjKK,3520,EDG,EDward Gaming,1.01,1.58,203.0,234.0,8.0,5.0,8.0,2.0,4.0,0.0,83.0,80.0,131.0,185.0,23.0,50.0,2.0,2.0,1.0,1.0
659481,265308,nobody,3017,EDG,EDward Gaming,0.8,0.83,138.0,257.0,6.0,5.0,7.0,4.0,4.0,0.0,83.0,60.0,78.0,180.0,19.0,55.0,1.0,0.0,1.0,1.0
659481,265308,WsLeo,24308,XLG,Xi Lai Gaming,0.7,1.02,152.0,189.0,2.0,8.0,5.0,9.0,1.0,3.0,60.0,83.0,118.0,131.0,50.0,42.0,1.0,1.0,0.0,0.0
659481,265308,happywei,37927,XLG,Xi Lai Gaming,0.36,1.03,110.0,274.0,2.0,10.0,5.0,9.0,1.0,3.0,60.0,58.0,74.0,173.0,33.0,25.0,1.0,4.0,1.0,2.0
659481,265308,NoMan,11527,XLG,Xi Lai Gaming,0.74,0.83,152.0,129.0,3.0,5.0,5.0,9.0,3.0,2.0,80.0,50.0,75.0,85.0,33.0,27.0,1.0,0.0,0.0,0.0
659481,265308,Rarga,22047,XLG,Xi Lai Gaming,0.18,0.76,131.0,155.0,2.0,8.0,5.0,9.0,1.0,1.0,60.0,50.0,84.0,81.0,75.0,32.0,0.0,0.0,1.0,4.0
659481,265308,Lysoar,37489,XLG,Xi Lai Gaming,0.57,0.37,113.0,151.0,2.0,5.0,5.0,12.0,1.0,5.0,60.0,67.0,82.0,117.0,14.0,21.0,0.0,0.0,0.0,1.0
659482,265309,Dynamite,42235,TEC,Wuxi Titan Esports Club (Titan Esports Club),1.61,1.82,417.0,221.0,16.0,7.0,10.0,3.0,2.0,7.0,75.0,100.0,285.0,157.0,24.0,19.0,4.0,1.0,1.0,1.0
659482,265309,lucas,19677,TEC,Wuxi Titan Esports Club (Titan Esports Club),1.31,1.63,204.0,363.0,9.0,12.0,6.0,6.0,3.0,3.0,83.0,67.0,137.0,228.0,22.0,28.0,1.0,0.0,0.0,1.0
659482,265309,Coco,47629,TEC,Wuxi Titan Esports Club (Titan Esports Club),0.72,1.16,120.0,269.0,4.0,8.0,8.0,7.0,2.0,3.0,58.0,89.0,87.0,204.0,29.0,28.0,0.0,0.0,0.0,1.0
659482,265309,Spitfires,4881,TEC,Wuxi Titan Esports Club (Titan Esports Club),0.93,0.8,146.0,141.0,6.0,6.0,8.0,6.0,2.0,1.0,50.0,78.0,108.0,68.0,26.0,13.0,1.0,1.0,2.0,1.0
659482,265309,Haodong,4720,TEC,Wuxi Titan Esports Club (Titan Esports Club),0.51,0.83,113.0,216.0,5.0,5.0,9.0,7.0,4.0,8.0,50.0,78.0,61.0,166.0,22.0,19.0,2.0,1.0,1.0,2.0
659482,265309,slowly,41739,TYL,TYLOO,1.06,1.22,196.0,229.0,7.0,9.0,7.0,7.0,1.0,5.0,67.0,83.0,122.0,150.0,28.0,31.0,1.0,1.0,1.0,0.0
659482,265309,Erv,55085,TYL,TYLOO,1.35,0.94,307.0,258.0,10.0,9.0,7.0,9.0,3.0,4.0,78.0,67.0,186.0,158.0,19.0,19.0,1.0,2.0,1.0,3.0
659482,265309,Scales,39485,TYL,TYLOO,0.61,0.99,180.0,192.0,5.0,8.0,8.0,8.0,4.0,3.0,89.0,58.0,123.0,139.0,26.0,17.0,1.0,1.0,0.0,1.0
659482,265309,splash,36685,TYL,TYLOO,0.76,0.89,168.0,194.0,5.0,7.0,9.0,10.0,3.0,3.0,89.0,58.0,127.0,134.0,44.0,28.0,3.0,0.0,1.0,4.0
659482,265309,sword9,3049,TYL,TYLOO,0.47,1.04,73.0,168.0,2.0,8.0,7.0,6.0,3.0,3.0,56.0,92.0,50.0,99.0,10.0,24.0,0.0,0.0,0.0,0.0
659482,265310,lucas,19677,TEC,Wuxi Titan Esports Club (Titan Esports Club),1.01,1.92,191.0,402.0,7.0,14.0,9.0,7.0,3.0,4.0,50.0,90.0,124.0,271.0,23.0,48.0,0.0,1.0,2.0,0.0
659482,265310,Coco,47629,TEC,Wuxi Titan Esports Club (Titan Esports Club),0.86,1.3,161.0,187.0,7.0,6.0,11.0,5.0,8.0,9.0,75.0,90.0,105.0,116.0,33.0,31.0,0.0,2.0,0.0,0.0
659482,265310,Haodong,4720,TEC,Wuxi Titan Esports Club (Titan Esports Club),0.71,1.23,190.0,252.0,8.0,9.0,11.0,5.0,0.0,3.0,67.0,90.0,111.0,173.0,50.0,21.0,2.0,0.0,1.0,1.0
659482,265310,Dynamite,42235,TEC,Wuxi Titan Esports Club (Titan Esports Club),0.79,0.62,211.0,180.0,7.0,6.0,10.0,8.0,0.0,2.0,58.0,70.0,140.0,122.0,12.0,38.0,1.0,2.0,3.0,3.0
659482,265310,Spitfires,4881,TEC,Wuxi Titan Esports Club (Titan Esports Club),0.19,0.67,75.0,108.0,3.0,5.0,11.0,6.0,0.0,0.0,42.0,50.0,53.0,51.0,19.0,25.0,0.0,0.0,3.0,1.0
659482,265310,splash,36685,TYL,TYLOO,0.43,2.08,130.0,429.0,4.0,19.0,9.0,6.0,3.0,1.0,40.0,92.0,81.0,270.0,39.0,38.0,0.0,6.0,1.0,1.0
659482,265310,slowly,41739,TYL,TYLOO,1.37,1.3,231.0,189.0,8.0,10.0,6.0,5.0,2.0,3.0,80.0,92.0,164.0,120.0,35.0,31.0,1.0,0.0,0.0,1.0
659482,265310,Erv,55085,TYL,TYLOO,0.89,1.17,222.0,228.0,8.0,8.0,9.0,8.0,1.0,12.0,60.0,92.0,129.0,153.0,32.0,24.0,2.0,1.0,3.0,0.0
659482,265310,Scales,39485,TYL,TYLOO,0.8,1.03,170.0,166.0,6.0,7.0,8.0,6.0,2.0,2.0,80.0,83.0,110.0,105.0,18.0,29.0,2.0,1.0,1.0,0.0
659482,265310,sword9,3049,TYL,TYLOO,0.81,0.85,136.0,180.0,5.0,8.0,8.0,7.0,2.0,2.0,80.0,58.0,100.0,122.0,31.0,19.0,0.0,1.0,0.0,1.0
659482,265311,Coco,47629,TEC,Wuxi Titan Esports Club (Titan Esports Club),0.96,1.41,214.0,290.0,8.0,11.0,10.0,8.0,5.0,5.0,67.0,75.0,138.0,226.0,33.0,24.0,0.0,1.0,2.0,2.0
659482,265311,lucas,19677,TEC,Wuxi Titan Esports Club (Titan Esports Club),0.99,1.23,229.0,259.0,10.0,12.0,10.0,9.0,3.0,0.0,75.0,75.0,159.0,163.0,28.0,24.0,0.0,1.0,2.0,0.0
659482,265311,Haodong,4720,TEC,Wuxi Titan Esports Club (Titan Esports Club),0.96,1.25,225.0,185.0,9.0,10.0,10.0,6.0,4.0,2.0,67.0,67.0,145.0,123.0,30.0,30.0,0.0,0.0,1.0,0.0
659482,265311,Dynamite,42235,TEC,Wuxi Titan Esports Club (Titan Esports Club),0.24,1.05,75.0,179.0,4.0,7.0,11.0,7.0,1.0,4.0,50.0,75.0,63.0,135.0,17.0,26.0,0.0,1.0,7.0,2.0
659482,265311,Spitfires,4881,TEC,Wuxi Titan Esports Club (Titan Esports Club),0.86,0.32,208.0,138.0,8.0,6.0,11.0,11.0,2.0,1.0,58.0,50.0,123.0,75.0,19.0,33.0,0.0,3.0,0.0,2.0
659482,265311,splash,36685,TYL,TYLOO,0.6,2.11,144.0,334.0,6.0,17.0,10.0,5.0,3.0,1.0,67.0,83.0,95.0,233.0,31.0,25.0,2.0,2.0,3.0,0.0
659482,265311,slowly,41739,TYL,TYLOO,1.47,0.99,302.0,194.0,13.0,7.0,8.0,8.0,4.0,7.0,92.0,83.0,198.0,126.0,33.0,29.0,1.0,4.0,0.0,0.0
659482,265311,Erv,55085,TYL,TYLOO,1.56,0.54,307.0,169.0,13.0,7.0,8.0,10.0,1.0,2.0,75.0,75.0,212.0,108.0,38.0,39.0,3.0,1.0,2.0,0.0
659482,265311,Scales,39485,TYL,TYLOO,0.55,1.42,121.0,273.0,5.0,12.0,10.0,8.0,2.0,6.0,58.0,92.0,78.0,156.0,45.0,26.0,0.0,2.0,1.0,0.0
659482,265311,sword9,3049,TYL,TYLOO,0.68,0.98,135.0,227.0,4.0,9.0,10.0,8.0,10.0,1.0,75.0,67.0,85.0,159.0,17.0,23.0,0.0,3.0,0.0,0.0
659483,265312,deLb,10821,TE,Trace Esports,0.68,2.21,136.0,359.0,6.0,12.0,10.0,2.0,3.0,1.0,42.0,88.0,96.0,254.0,33.0,65.0,0.0,0.0,3.0,0.0
659483,265312,Abo,5011,TE,Trace Esports,1.11,0.74,192.0,190.0,7.0,5.0,10.0,6.0,2.0,4.0,67.0,75.0,134.0,112.0,47.0,30.0,0.0,1.0,1.0,0.0
659483,265312,Viva,36415,TE,Trace Esports,0.49,1.08,94.0,269.0,2.0,8.0,10.0,5.0,3.0,1.0,33.0,75.0,71.0,174.0,11.0,28.0,1.0,2.0,0.0,1.0
659483,265312,Kai,37494,TE,Trace Esports,0.28,1.04,112.0,220.0,4.0,6.0,12.0,5.0,1.0,2.0,42.0,75.0,74.0,167.0,38.0,22.0,2.0,1.0,3.0,0.0
659483,265312,Xlele,54487,TE,Trace Esports,0.4,0.83,126.0,204.0,5.0,5.0,11.0,5.0,2.0,2.0,42.0,88.0,87.0,122.0,31.0,19.0,0.0,3.0,2.0,0.0
659483,265312,vo0kashu,3741,DRG,Dragon Ranger Gaming,0.62,2.18,120.0,372.0,3.0,17.0,7.0,4.0,0.0,7.0,38.0,100.0,90.0,237.0,17.0,30.0,0.0,2.0,1.0,0.0
659483,265312,Nicc,11524,DRG,Dragon Ranger Gaming,1.08,1.71,227.0,287.0,6.0,13.0,7.0,4.0,1.0,7.0,75.0,92.0,167.0,209.0,28.0,25.0,0.0,1.0,0.0,1.0
659483,265312,SpiritZ1,31753,DRG,Dragon Ranger Gaming,1.49,1.32,298.0,281.0,9.0,12.0,7.0,7.0,0.0,2.0,63.0,92.0,187.0,154.0,47.0,9.0,1.0,5.0,1.0,0.0
659483,265312,Flex1n,4705,DRG,Dragon Ranger Gaming,0.65,1.25,151.0,178.0,3.0,7.0,8.0,5.0,7.0,12.0,88.0,92.0,108.0,125.0,42.0,26.0,0.0,0.0,1.0,2.0
659483,265312,Life,3028,DRG,Dragon Ranger Gaming,0.33,0.95,80.0,127.0,2.0,4.0,7.0,4.0,0.0,4.0,50.0,83.0,58.0,98.0,33.0,14.0,0.0,1.0,4.0,0.0
659483,265313,deLb,10821,TE,Trace Esports,1.49,0.83,358.0,266.0,15.0,5.0,9.0,7.0,5.0,1.0,83.0,57.0,227.0,189.0,60.0,53.0,3.0,1.0,0.0,0.0
659483,265313,Viva,36415,TE,Trace Esports,0.99,0.52,220.0,171.0,9.0,4.0,9.0,7.0,2.0,0.0,67.0,43.0,162.0,108.0,29.0,14.0,0.0,1.0,0.0,1.0
659483,265313,Kai,37494,TE,Trace Esports,1.0,0.37,170.0,137.0,8.0,3.0,8.0,7.0,1.0,1.0,50.0,57.0,120.0,90.0,41.0,43.0,1.0,1.0,1.0,1.0
659483,265313,Abo,5011,TE,Trace Esports,0.32,0.27,88.0,80.0,5.0,1.0,9.0,7.0,1.0,1.0,67.0,43.0,56.0,61.0,40.0,10.0,0.0,0.0,3.0,0.0
659483,265313,Xlele,54487,TE,Trace Esports,0.3,0.3,142.0,120.0,5.0,3.0,11.0,7.0,2.0,0.0,58.0,43.0,104.0,71.0,29.0,44.0,2.0,1.0,2.0,1.0
659483,265313,Flex1n,4705,DRG,Dragon Ranger Gaming,1.49,1.45,168.0,271.0,4.0,11.0,2.0,8.0,6.0,5.0,100.0,92.0,133.0,182.0,20.0,33.0,0.0,1.0,0.0,2.0
659483,265313,Nicc,11524,DRG,Dragon Ranger Gaming,1.67,1.27,209.0,215.0,6.0,9.0,2.0,8.0,10.0,5.0,100.0,83.0,115.0,120.0,18.0,25.0,0.0,1.0,0.0,1.0
659483,265313,Life,3028,DRG,Dragon Ranger Gaming,2.06,0.99,427.0,213.0,11.0,8.0,4.0,9.0,1.0,3.0,86.0,67.0,242.0,138.0,37.0,30.0,1.0,2.0,1.0,1.0
659483,265313,vo0kashu,3741,DRG,Dragon Ranger Gaming,1.37,1.05,196.0,213.0,6.0,10.0,3.0,9.0,0.0,1.0,71.0,67.0,126.0,140.0,60.0,40.0,0.0,0.0,1.0,1.0
659483,265313,SpiritZ1,31753,DRG,Dragon Ranger Gaming,1.16,1.03,283.0,169.0,8.0,8.0,5.0,8.0,1.0,1.0,100.0,83.0,177.0,111.0,54.0,44.0,2.0,2.0,2.0,1.0
659484,265315,f4ngeer,21216,AG,All Gamers,2.01,1.72,386.0,308.0,17.0,5.0,6.0,2.0,4.0,2.0,92.0,100.0,229.0,178.0,21.0,33.0,1.0,2.0,0.0,1.0
659484,265315,Shr1mp,25494,AG,All Gamers,1.26,1.09,217.0,115.0,12.0,2.0,7.0,2.0,4.0,3.0,100.0,100.0,144.0,73.0,35.0,60.0,0.0,0.0,1.0,0.0
659484,265315,Bai,52101,AG,All Gamers,1.15,1.18,251.0,135.0,11.0,3.0,8.0,2.0,2.0,2.0,83.0,100.0,149.0,95.0,9.0,38.0,1.0,0.0,2.0,1.0
659484,265315,K1ra,46748,AG,All Gamers,0.73,2.11,270.0,372.0,10.0,8.0,11.0,2.0,4.0,0.0,75.0,80.0,158.0,199.0,9.0,21.0,2.0,0.0,1.0,0.0
659484,265315,iamgrq,58959,AG,All Gamers,0.49,2.15,115.0,394.0,4.0,7.0,9.0,2.0,8.0,7.0,92.0,100.0,81.0,251.0,17.0,33.0,1.0,1.0,3.0,0.0
659484,265315,Scales,39485,TYL,TYLOO,0.68,1.07,220.0,221.0,4.0,9.0,5.0,10.0,0.0,3.0,60.0,67.0,164.0,139.0,23.0,17.0,1.0,1.0,2.0,0.0
659484,265315,Erv,55085,TYL,TYLOO,0.12,1.06,105.0,258.0,1.0,10.0,5.0,12.0,1.0,4.0,40.0,83.0,77.0,186.0,11.0,28.0,1.0,3.0,0.0,2.0
659484,265315,slowly,41739,TYL,TYLOO,0.02,1.15,20.0,224.0,0.0,10.0,5.0,10.0,0.0,2.0,,67.0,20.0,162.0,0.0,50.0,0.0,1.0,1.0,0.0
659484,265315,splash,36685,TYL,TYLOO,1.09,0.57,285.0,148.0,5.0,6.0,5.0,11.0,0.0,3.0,80.0,67.0,158.0,91.0,24.0,19.0,0.0,2.0,0.0,2.0
659484,265315,sword9,3049,TYL,TYLOO,0.04,0.68,52.0,143.0,0.0,6.0,5.0,11.0,1.0,3.0,40.0,50.0,59.0,111.0,0.0,27.0,0.0,0.0,0.0,1.0
659484,265316,iamgrq,58959,AG,All Gamers,1.18,1.91,153.0,385.0,6.0,18.0,5.0,9.0,7.0,2.0,73.0,92.0,90.0,201.0,26.0,31.0,0.0,2.0,0.0,0.0
659484,265316,f4ngeer,21216,AG,All Gamers,1.11,0.97,273.0,148.0,10.0,6.0,8.0,7.0,1.0,1.0,73.0,58.0,169.0,106.0,19.0,25.0,2.0,0.0,2.0,0.0
659484,265316,Shr1mp,25494,AG,All Gamers,1.01,0.63,165.0,138.0,6.0,6.0,6.0,10.0,6.0,2.0,73.0,67.0,89.0,95.0,29.0,22.0,2.0,0.0,0.0,1.0
659484,265316,Bai,52101,AG,All Gamers,0.52,1.01,174.0,212.0,7.0,7.0,10.0,11.0,1.0,7.0,64.0,92.0,110.0,171.0,18.0,22.0,2.0,0.0,1.0,3.0
659484,265316,K1ra,46748,AG,All Gamers,1.2,0.28,204.0,118.0,8.0,3.0,6.0,12.0,3.0,4.0,82.0,42.0,151.0,74.0,36.0,29.0,2.0,3.0,0.0,3.0
659484,265316,slowly,41739,TYL,TYLOO,2.06,0.89,302.0,177.0,15.0,7.0,5.0,7.0,6.0,2.0,92.0,45.0,212.0,128.0,34.0,19.0,0.0,0.0,0.0,0.0
659484,265316,Erv,55085,TYL,TYLOO,1.02,1.99,198.0,338.0,10.0,13.0,7.0,5.0,1.0,2.0,67.0,73.0,121.0,219.0,42.0,28.0,1.0,0.0,2.0,0.0
659484,265316,sword9,3049,TYL,TYLOO,0.94,0.88,209.0,159.0,9.0,5.0,8.0,7.0,5.0,2.0,92.0,64.0,131.0,112.0,15.0,23.0,1.0,0.0,0.0,1.0
659484,265316,Scales,39485,TYL,TYLOO,0.84,0.74,240.0,152.0,10.0,5.0,9.0,8.0,2.0,3.0,83.0,73.0,159.0,100.0,44.0,47.0,3.0,2.0,0.0,2.0
659484,265316,splash,36685,TYL,TYLOO,0.39,0.52,152.0,148.0,5.0,5.0,11.0,10.0,3.0,2.0,67.0,64.0,106.0,85.0,15.0,27.0,2.0,1.0,3.0,5.0
659484,265317,f4ngeer,21216,AG,All Gamers,1.78,1.2,364.0,230.0,16.0,11.0,5.0,6.0,0.0,0.0,82.0,67.0,187.0,126.0,9.0,14.0,1.0,1.0,3.0,3.0
659484,265317,iamgrq,58959,AG,All Gamers,1.05,1.7,248.0,306.0,9.0,13.0,8.0,5.0,4.0,5.0,100.0,83.0,144.0,184.0,33.0,34.0,0.0,2.0,1.0,2.0
659484,265317,Shr1mp,25494,AG,All Gamers,1.12,0.72,181.0,114.0,7.0,5.0,6.0,8.0,8.0,1.0,64.0,75.0,94.0,90.0,33.0,27.0,2.0,2.0,0.0,0.0
659484,265317,Bai,52101,AG,All Gamers,0.88,0.72,203.0,142.0,8.0,5.0,8.0,8.0,1.0,2.0,73.0,67.0,126.0,99.0,22.0,28.0,2.0,0.0,1.0,1.0
659484,265317,K1ra,46748,AG,All Gamers,0.79,0.58,177.0,131.0,6.0,5.0,8.0,8.0,2.0,0.0,73.0,58.0,122.0,86.0,32.0,6.0,1.0,0.0,0.0,1.0
659484,265317,splash,36685,TYL,TYLOO,0.96,1.21,241.0,239.0,8.0,8.0,10.0,9.0,3.0,5.0,50.0,82.0,162.0,164.0,19.0,32.0,5.0,0.0,2.0,1.0
659484,265317,Scales,39485,TYL,TYLOO,1.27,0.83,211.0,134.0,9.0,6.0,7.0,8.0,3.0,2.0,75.0,55.0,143.0,91.0,33.0,10.0,1.0,0.0,1.0,2.0
659484,265317,sword9,3049,TYL,TYLOO,0.95,0.99,97.0,202.0,5.0,8.0,5.0,9.0,2.0,2.0,75.0,55.0,53.0,162.0,7.0,25.0,0.0,1.0,0.0,1.0
659484,265317,Erv,55085,TYL,TYLOO,0.61,1.03,154.0,279.0,6.0,10.0,10.0,10.0,5.0,2.0,58.0,73.0,107.0,205.0,20.0,28.0,0.0,4.0,2.0,1.0
659484,265317,slowly,41739,TYL,TYLOO,1.1,0.29,180.0,88.0,7.0,3.0,7.0,10.0,4.0,2.0,75.0,55.0,118.0,57.0,37.0,33.0,1.0,0.0,0.0,1.0
659485,265318,coconut,12365,JDG,JD Mall JDG Esports (JD Gaming),2.15,0.6,343.0,143.0,16.0,5.0,6.0,9.0,9.0,0.0,83.0,50.0,220.0,95.0,26.0,60.0,2.0,0.0,1.0,0.0
659485,265318,zhe,49476,JDG,JD Mall JDG Esports (JD Gaming),1.18,0.57,282.0,157.0,12.0,5.0,10.0,9.0,5.0,0.0,75.0,60.0,185.0,115.0,9.0,29.0,2.0,1.0,3.0,3.0
659485,265318,stew,16924,JDG,JD Mall JDG Esports (JD Gaming),0.81,0.91,186.0,195.0,9.0,7.0,9.0,9.0,8.0,3.0,83.0,60.0,110.0,128.0,25.0,34.0,0.0,0.0,1.0,1.0
659485,265318,jkuro,3519,JDG,JD Mall JDG Esports (JD Gaming),0.73,0.62,157.0,197.0,6.0,7.0,8.0,10.0,5.0,2.0,92.0,80.0,100.0,100.0,33.0,38.0,0.0,0.0,1.0,2.0
659485,265318,Yuicaw,11218,JDG,JD Mall JDG Esports (JD Gaming),0.66,0.66,161.0,121.0,7.0,3.0,9.0,8.0,4.0,4.0,67.0,60.0,109.0,85.0,16.0,11.0,1.0,1.0,1.0,2.0
659485,265318,vo0kashu,3741,DRG,Dragon Ranger Gaming,2.14,1.14,316.0,226.0,13.0,8.0,3.0,9.0,4.0,5.0,90.0,75.0,231.0,176.0,41.0,29.0,2.0,0.0,0.0,0.0
659485,265318,SpiritZ1,31753,DRG,Dragon Ranger Gaming,1.49,1.03,322.0,201.0,12.0,9.0,7.0,9.0,3.0,2.0,90.0,50.0,190.0,131.0,22.0,44.0,2.0,1.0,0.0,2.0
659485,265318,Nicc,11524,DRG,Dragon Ranger Gaming,1.0,1.29,179.0,221.0,6.0,10.0,6.0,8.0,5.0,5.0,80.0,100.0,138.0,133.0,32.0,21.0,1.0,1.0,0.0,0.0
659485,265318,Flex1n,4705,DRG,Dragon Ranger Gaming,1.33,0.9,163.0,207.0,6.0,9.0,4.0,12.0,9.0,6.0,100.0,75.0,89.0,137.0,10.0,16.0,0.0,1.0,1.0,1.0
659485,265318,Life,3028,DRG,Dragon Ranger Gaming,0.75,0.66,209.0,161.0,8.0,6.0,7.0,12.0,1.0,5.0,80.0,75.0,131.0,120.0,47.0,32.0,3.0,4.0,1.0,2.0
659485,265319,Yuicaw,11218,JDG,JD Mall JDG Esports (JD Gaming),1.2,1.3,264.0,244.0,11.0,5.0,11.0,4.0,1.0,0.0,58.0,80.0,170.0,170.0,33.0,19.0,2.0,0.0,0.0,0.0
659485,265319,stew,16924,JDG,JD Mall JDG Esports (JD Gaming),0.59,1.21,124.0,263.0,5.0,5.0,11.0,4.0,5.0,0.0,50.0,80.0,81.0,142.0,25.0,42.0,0.0,0.0,0.0,2.0
659485,265319,coconut,12365,JDG,JD Mall JDG Esports (JD Gaming),0.86,0.34,178.0,69.0,7.0,1.0,11.0,5.0,3.0,0.0,42.0,40.0,123.0,62.0,42.0,25.0,0.0,1.0,0.0,1.0
659485,265319,zhe,49476,JDG,JD Mall JDG Esports (JD Gaming),0.46,0.42,140.0,116.0,5.0,2.0,12.0,5.0,2.0,1.0,67.0,60.0,104.0,80.0,15.0,50.0,1.0,0.0,5.0,1.0
659485,265319,jkuro,3519,JDG,JD Mall JDG Esports (JD Gaming),0.29,0.02,116.0,28.0,4.0,0.0,11.0,5.0,1.0,0.0,42.0,,97.0,26.0,24.0,50.0,1.0,0.0,3.0,0.0
659485,265319,SpiritZ1,31753,DRG,Dragon Ranger Gaming,2.2,1.78,484.0,300.0,8.0,15.0,4.0,5.0,3.0,2.0,100.0,100.0,304.0,177.0,38.0,32.0,3.0,1.0,0.0,1.0
659485,265319,Flex1n,4705,DRG,Dragon Ranger Gaming,0.86,2.19,90.0,426.0,2.0,19.0,2.0,6.0,1.0,10.0,80.0,100.0,80.0,297.0,11.0,35.0,0.0,1.0,0.0,0.0
659485,265319,Nicc,11524,DRG,Dragon Ranger Gaming,1.62,1.17,296.0,210.0,6.0,9.0,2.0,7.0,4.0,6.0,100.0,92.0,148.0,120.0,31.0,29.0,0.0,1.0,0.0,0.0
659485,265319,vo0kashu,3741,DRG,Dragon Ranger Gaming,0.93,0.85,148.0,110.0,3.0,6.0,2.0,5.0,1.0,0.0,80.0,83.0,143.0,62.0,50.0,8.0,0.0,2.0,0.0,1.0
659485,265319,Life,3028,DRG,Dragon Ranger Gaming,0.99,0.69,181.0,185.0,4.0,7.0,3.0,9.0,2.0,5.0,100.0,92.0,75.0,126.0,11.0,35.0,1.0,3.0,1.0,2.0
659486,265321,iamgrq,58959,AG,All Gamers,1.03,1.38,229.0,264.0,9.0,8.0,8.0,6.0,5.0,4.0,58.0,78.0,158.0,167.0,35.0,42.0,0.0,0.0,0.0,1.0
659486,265321,f4ngeer,21216,AG,All Gamers,1.41,0.85,313.0,187.0,14.0,6.0,9.0,7.0,2.0,2.0,83.0,56.0,195.0,134.0,32.0,50.0,2.0,2.0,1.0,1.0
659486,265321,Shr1mp,25494,AG,All Gamers,0.95,1.23,161.0,254.0,8.0,7.0,7.0,6.0,6.0,4.0,67.0,78.0,82.0,150.0,11.0,16.0,1.0,2.0,0.0,0.0
659486,265321,K1ra,46748,AG,All Gamers,1.0,0.48,179.0,69.0,8.0,2.0,7.0,7.0,1.0,3.0,75.0,78.0,145.0,42.0,32.0,13.0,1.0,0.0,1.0,2.0
659486,265321,Bai,52101,AG,All Gamers,0.52,0.36,144.0,111.0,5.0,4.0,10.0,8.0,6.0,1.0,92.0,44.0,94.0,71.0,9.0,18.0,2.0,0.0,4.0,1.0
659486,265321,Flex1n,4705,DRG,Dragon Ranger Gaming,1.37,1.33,230.0,262.0,8.0,10.0,5.0,9.0,5.0,10.0,89.0,92.0,140.0,140.0,14.0,31.0,0.0,2.0,0.0,1.0
659486,265321,SpiritZ1,31753,DRG,Dragon Ranger Gaming,0.92,1.38,212.0,310.0,7.0,13.0,6.0,9.0,0.0,4.0,67.0,67.0,135.0,177.0,39.0,32.0,3.0,2.0,0.0,3.0
659486,265321,vo0kashu,3741,DRG,Dragon Ranger Gaming,1.16,0.95,202.0,129.0,6.0,6.0,6.0,7.0,2.0,2.0,67.0,50.0,127.0,94.0,9.0,15.0,1.0,1.0,2.0,1.0
659486,265321,Nicc,11524,DRG,Dragon Ranger Gaming,1.14,0.84,130.0,134.0,5.0,6.0,4.0,9.0,2.0,5.0,78.0,58.0,98.0,88.0,55.0,40.0,0.0,0.0,0.0,1.0
659486,265321,Life,3028,DRG,Dragon Ranger Gaming,1.0,0.8,229.0,180.0,8.0,6.0,6.0,10.0,0.0,2.0,56.0,58.0,157.0,133.0,35.0,38.0,1.0,1.0,2.0,0.0
659486,265322,iamgrq,58959,AG,All Gamers,1.85,0.43,262.0,122.0,13.0,4.0,5.0,8.0,7.0,2.0,83.0,78.0,177.0,70.0,30.0,6.0,0.0,0.0,0.0,1.0
659486,265322,Shr1mp,25494,AG,All Gamers,0.82,1.51,112.0,278.0,5.0,9.0,6.0,6.0,2.0,3.0,75.0,78.0,73.0,166.0,25.0,32.0,1.0,1.0,0.0,0.0
659486,265322,Bai,52101,AG,All Gamers,0.93,1.36,230.0,235.0,10.0,8.0,9.0,6.0,1.0,1.0,58.0,78.0,132.0,179.0,16.0,11.0,1.0,1.0,0.0,0.0
659486,265322,K1ra,46748,AG,All Gamers,0.81,0.86,219.0,214.0,9.0,7.0,9.0,7.0,2.0,1.0,67.0,89.0,133.0,124.0,24.0,17.0,3.0,3.0,3.0,1.0
659486,265322,f4ngeer,21216,AG,All Gamers,0.51,1.12,177.0,226.0,7.0,7.0,10.0,6.0,1.0,1.0,58.0,78.0,111.0,165.0,29.0,41.0,2.0,2.0,2.0,0.0
659486,265322,vo0kashu,3741,DRG,Dragon Ranger Gaming,1.09,1.71,195.0,332.0,6.0,14.0,7.0,8.0,4.0,2.0,78.0,83.0,148.0,213.0,26.0,32.0,0.0,2.0,1.0,0.0
659486,265322,Flex1n,4705,DRG,Dragon Ranger Gaming,1.52,0.76,260.0,160.0,9.0,6.0,6.0,9.0,3.0,2.0,78.0,75.0,191.0,114.0,24.0,20.0,0.0,0.0,0.0,1.0
659486,265322,Nicc,11524,DRG,Dragon Ranger Gaming,0.88,1.13,264.0,171.0,8.0,7.0,7.0,8.0,2.0,5.0,67.0,83.0,164.0,101.0,10.0,26.0,0.0,2.0,1.0,2.0
659486,265322,Life,3028,DRG,Dragon Ranger Gaming,0.37,0.91,133.0,161.0,4.0,6.0,8.0,8.0,3.0,5.0,33.0,67.0,101.0,106.0,57.0,15.0,2.0,1.0,4.0,2.0
659486,265322,SpiritZ1,31753,DRG,Dragon Ranger Gaming,0.88,0.45,177.0,142.0,6.0,6.0,7.0,11.0,1.0,2.0,67.0,58.0,120.0,97.0,22.0,19.0,0.0,0.0,1.0,2.0
659486,265323,f4ngeer,21216,AG,All Gamers,1.65,0.71,377.0,90.0,11.0,4.0,5.0,8.0,0.0,3.0,86.0,58.0,213.0,71.0,30.0,13.0,2.0,0.0,1.0,1.0
659486,265323,Shr1mp,25494,AG,All Gamers,0.58,1.21,95.0,198.0,2.0,9.0,5.0,8.0,1.0,4.0,57.0,83.0,62.0,133.0,25.0,22.0,0.0,1.0,0.0,0.0
659486,265323,K1ra,46748,AG,All Gamers,1.07,0.7,263.0,171.0,6.0,5.0,6.0,11.0,1.0,6.0,100.0,50.0,197.0,126.0,47.0,21.0,1.0,3.0,0.0,2.0
659486,265323,iamgrq,58959,AG,All Gamers,0.68,0.64,163.0,150.0,3.0,7.0,6.0,12.0,3.0,7.0,57.0,67.0,115.0,99.0,8.0,29.0,0.0,0.0,1.0,4.0
659486,265323,Bai,52101,AG,All Gamers,0.32,0.66,91.0,158.0,2.0,6.0,6.0,11.0,2.0,3.0,71.0,42.0,66.0,85.0,8.0,13.0,0.0,0.0,2.0,1.0
659486,265323,vo0kashu,3741,DRG,Dragon Ranger Gaming,1.89,1.38,338.0,221.0,16.0,5.0,4.0,4.0,5.0,6.0,92.0,86.0,231.0,166.0,27.0,47.0,3.0,0.0,1.0,1.0
659486,265323,SpiritZ1,31753,DRG,Dragon Ranger Gaming,1.17,1.79,238.0,376.0,8.0,10.0,7.0,4.0,5.0,0.0,83.0,71.0,162.0,235.0,20.0,35.0,3.0,2.0,1.0,0.0
659486,265323,Flex1n,4705,DRG,Dragon Ranger Gaming,1.44,0.72,236.0,152.0,10.0,4.0,6.0,6.0,8.0,3.0,92.0,71.0,137.0,88.0,32.0,11.0,1.0,0.0,1.0,0.0
659486,265323,Nicc,11524,DRG,Dragon Ranger Gaming,0.95,1.04,144.0,168.0,7.0,4.0,6.0,5.0,4.0,4.0,92.0,100.0,80.0,102.0,40.0,15.0,0.0,1.0,0.0,0.0
659486,265323,Life,3028,DRG,Dragon Ranger Gaming,0.96,0.89,213.0,194.0,9.0,5.0,8.0,5.0,3.0,1.0,67.0,86.0,132.0,129.0,38.0,22.0,1.0,1.0,1.0,2.0
659487,265324,WsLeo,24308,XLG,Xi Lai Gaming,2.14,1.35,385.0,245.0,17.0,3.0,5.0,2.0,3.0,2.0,75.0,67.0,235.0,145.0,26.0,29.0,1.0,0.0,0.0,0.0
659487,265324,Rarga,22047,XLG,Xi Lai Gaming,1.47,2.28,315.0,245.0,14.0,3.0,8.0,0.0,6.0,2.0,92.0,100.0,203.0,148.0,33.0,0.0,3.0,1.0,1.0,0.0
659487,265324,happywei,37927,XLG,Xi Lai Gaming,0.91,3.01,236.0,351.0,10.0,6.0,8.0,0.0,2.0,0.0,75.0,100.0,141.0,266.0,59.0,44.0,3.0,1.0,1.0,0.0
659487,265324,NoMan,11527,XLG,Xi Lai Gaming,0.86,2.07,187.0,337.0,8.0,3.0,9.0,1.0,5.0,4.0,100.0,100.0,134.0,244.0,45.0,18.0,1.0,1.0,1.0,0.0
659487,265324,Lysoar,37489,XLG,Xi Lai Gaming,1.04,0.51,107.0,152.0,5.0,0.0,4.0,3.0,5.0,7.0,75.0,100.0,60.0,120.0,5.0,8.0,1.0,0.0,0.0,0.0
659487,265324,vo0kashu,3741,DRG,Dragon Ranger Gaming,0.31,1.07,138.0,211.0,1.0,8.0,3.0,9.0,1.0,4.0,67.0,67.0,91.0,140.0,25.0,35.0,0.0,0.0,1.0,0.0
659487,265324,Life,3028,DRG,Dragon Ranger Gaming,0.74,0.9,178.0,244.0,2.0,10.0,3.0,12.0,0.0,1.0,67.0,75.0,133.0,151.0,67.0,33.0,0.0,3.0,1.0,3.0
659487,265324,Nicc,11524,DRG,Dragon Ranger Gaming,0.56,0.74,185.0,193.0,2.0,7.0,3.0,12.0,0.0,4.0,33.0,67.0,93.0,153.0,33.0,29.0,0.0,0.0,0.0,1.0
659487,265324,SpiritZ1,31753,DRG,Dragon Ranger Gaming,0.22,0.66,155.0,164.0,1.0,5.0,3.0,11.0,0.0,5.0,33.0,67.0,144.0,117.0,17.0,25.0,0.0,0.0,1.0,3.0
659487,265324,Flex1n,4705,DRG,Dragon Ranger Gaming,0.02,0.51,4.0,108.0,0.0,4.0,3.0,10.0,0.0,5.0,,42.0,4.0,73.0,0.0,15.0,0.0,0.0,0.0,2.0
659487,265325,Rarga,22047,XLG,Xi Lai Gaming,1.41,1.74,363.0,344.0,16.0,9.0,9.0,3.0,3.0,1.0,75.0,86.0,209.0,195.0,41.0,47.0,6.0,2.0,2.0,1.0
659487,265325,WsLeo,24308,XLG,Xi Lai Gaming,1.49,0.95,226.0,139.0,10.0,4.0,5.0,4.0,6.0,2.0,92.0,86.0,177.0,109.0,43.0,50.0,0.0,0.0,0.0,0.0
659487,265325,Lysoar,37489,XLG,Xi Lai Gaming,1.22,0.61,224.0,96.0,10.0,2.0,6.0,4.0,4.0,3.0,83.0,71.0,144.0,65.0,33.0,6.0,0.0,0.0,1.0,0.0
659487,265325,NoMan,11527,XLG,Xi Lai Gaming,1.08,0.83,212.0,174.0,9.0,4.0,9.0,5.0,9.0,2.0,75.0,71.0,126.0,107.0,47.0,7.0,2.0,3.0,0.0,0.0
659487,265325,happywei,37927,XLG,Xi Lai Gaming,0.4,1.5,77.0,218.0,4.0,5.0,9.0,5.0,1.0,2.0,67.0,43.0,58.0,395.0,44.0,36.0,0.0,0.0,1.0,1.0
659487,265325,vo0kashu,3741,DRG,Dragon Ranger Gaming,1.31,1.66,209.0,382.0,5.0,16.0,4.0,11.0,0.0,3.0,57.0,83.0,119.0,219.0,56.0,26.0,0.0,1.0,0.0,0.0
659487,265325,SpiritZ1,31753,DRG,Dragon Ranger Gaming,0.47,1.14,187.0,252.0,4.0,11.0,7.0,10.0,1.0,2.0,43.0,75.0,125.0,150.0,16.0,39.0,1.0,2.0,4.0,1.0
659487,265325,Nicc,11524,DRG,Dragon Ranger Gaming,1.21,0.51,177.0,117.0,5.0,4.0,4.0,10.0,1.0,2.0,71.0,50.0,118.0,101.0,17.0,43.0,0.0,0.0,0.0,1.0
659487,265325,Flex1n,4705,DRG,Dragon Ranger Gaming,0.83,0.62,126.0,132.0,3.0,5.0,4.0,10.0,5.0,2.0,71.0,58.0,96.0,93.0,25.0,22.0,0.0,0.0,0.0,3.0
659487,265325,Life,3028,DRG,Dragon Ranger Gaming,0.85,0.51,134.0,66.0,4.0,2.0,5.0,8.0,0.0,3.0,57.0,50.0,70.0,53.0,50.0,63.0,1.0,1.0,1.0,3.0
659487,265326,Lysoar,37489,XLG,Xi Lai Gaming,0.63,1.96,135.0,342.0,6.0,14.0,9.0,5.0,1.0,7.0,58.0,82.0,80.0,178.0,42.0,26.0,0.0,1.0,2.0,1.0
659487,265326,happywei,37927,XLG,Xi Lai Gaming,0.77,1.16,186.0,301.0,8.0,13.0,10.0,10.0,1.0,4.0,67.0,82.0,115.0,199.0,34.0,42.0,1.0,1.0,3.0,1.0
659487,265326,WsLeo,24308,XLG,Xi Lai Gaming,0.53,1.31,145.0,281.0,4.0,9.0,11.0,8.0,5.0,9.0,83.0,73.0,119.0,194.0,24.0,10.0,0.0,2.0,0.0,1.0
659487,265326,NoMan,11527,XLG,Xi Lai Gaming,0.51,0.87,107.0,138.0,5.0,6.0,10.0,6.0,1.0,3.0,58.0,91.0,66.0,104.0,21.0,12.0,0.0,0.0,1.0,2.0
659487,265326,Rarga,22047,XLG,Xi Lai Gaming,0.7,0.57,165.0,127.0,7.0,4.0,10.0,9.0,1.0,5.0,67.0,82.0,96.0,86.0,44.0,24.0,3.0,1.0,2.0,1.0
659487,265326,SpiritZ1,31753,DRG,Dragon Ranger Gaming,1.37,1.5,268.0,264.0,10.0,11.0,8.0,6.0,4.0,4.0,82.0,83.0,167.0,159.0,26.0,36.0,2.0,4.0,1.0,0.0
659487,265326,vo0kashu,3741,DRG,Dragon Ranger Gaming,1.58,1.29,304.0,187.0,13.0,8.0,9.0,5.0,3.0,6.0,82.0,83.0,193.0,124.0,24.0,53.0,1.0,0.0,0.0,0.0
659487,265326,Life,3028,DRG,Dragon Ranger Gaming,0.24,1.7,91.0,361.0,3.0,16.0,10.0,7.0,3.0,1.0,73.0,83.0,61.0,216.0,14.0,42.0,2.0,3.0,3.0,2.0
659487,265326,Nicc,11524,DRG,Dragon Ranger Gaming,1.13,0.74,251.0,167.0,9.0,7.0,9.0,9.0,7.0,4.0,82.0,67.0,152.0,102.0,24.0,42.0,0.0,1.0,0.0,1.0
659487,265326,Flex1n,4705,DRG,Dragon Ranger Gaming,0.3,1.44,88.0,157.0,3.0,8.0,10.0,3.0,5.0,6.0,64.0,92.0,53.0,99.0,40.0,15.0,1.0,0.0,1.0,1.0
659487,265327,Lysoar,37489,XLG,Xi Lai Gaming,1.8,1.32,322.0,204.0,14.0,9.0,6.0,6.0,4.0,7.0,92.0,92.0,193.0,111.0,17.0,22.0,0.0,1.0,0.0,0.0
659487,265327,happywei,37927,XLG,Xi Lai Gaming,1.18,1.04,203.0,223.0,9.0,10.0,7.0,9.0,0.0,1.0,75.0,75.0,141.0,129.0,21.0,41.0,0.0,2.0,0.0,1.0
659487,265327,WsLeo,24308,XLG,Xi Lai Gaming,0.8,0.97,141.0,241.0,6.0,10.0,8.0,10.0,3.0,2.0,75.0,58.0,80.0,168.0,33.0,29.0,2.0,2.0,0.0,0.0
659487,265327,Rarga,22047,XLG,Xi Lai Gaming,0.66,1.0,159.0,197.0,6.0,8.0,9.0,8.0,3.0,3.0,58.0,67.0,88.0,112.0,10.0,21.0,2.0,2.0,4.0,2.0
659487,265327,NoMan,11527,XLG,Xi Lai Gaming,0.75,0.62,231.0,139.0,9.0,6.0,10.0,8.0,2.0,2.0,67.0,58.0,155.0,93.0,24.0,31.0,1.0,0.0,3.0,2.0
659487,265327,vo0kashu,3741,DRG,Dragon Ranger Gaming,1.88,1.71,362.0,286.0,15.0,13.0,8.0,7.0,1.0,4.0,75.0,83.0,224.0,198.0,34.0,29.0,1.0,0.0,1.0,2.0
659487,265327,Flex1n,4705,DRG,Dragon Ranger Gaming,1.0,0.89,154.0,202.0,8.0,8.0,7.0,9.0,1.0,2.0,58.0,58.0,99.0,121.0,29.0,33.0,0.0,3.0,1.0,1.0
659487,265327,SpiritZ1,31753,DRG,Dragon Ranger Gaming,0.72,0.78,191.0,191.0,9.0,7.0,10.0,10.0,1.0,2.0,67.0,58.0,117.0,113.0,44.0,11.0,2.0,1.0,0.0,1.0
659487,265327,Life,3028,DRG,Dragon Ranger Gaming,0.47,0.9,123.0,185.0,4.0,8.0,10.0,8.0,4.0,1.0,75.0,58.0,90.0,116.0,25.0,14.0,2.0,3.0,4.0,1.0
659487,265327,Nicc,11524,DRG,Dragon Ranger Gaming,0.72,0.37,116.0,118.0,5.0,4.0,8.0,10.0,4.0,4.0,67.0,67.0,86.0,90.0,55.0,11.0,0.0,0.0,1.0,0.0
