match_id,game_id,player,player_id,tag,team,rating_atk,rating_def,acs_atk,acs_def,k_atk,k_def,d_atk,d_def,a_atk,a_def,kast_atk,kast_def,adr_atk,adr_def,hs_atk,hs_def,fk_atk,fk_def,fd_atk,fd_def
701025,273938,Deryeon,9152,WOL,Wolves Esports,1.97,1.9,405.0,393.0,10.0,18.0,4.0,7.0,3.0,5.0,100.0,92.0,230.0,274.0,26.0,32.0,1.0,1.0,0.0,0.0
701025,273938,aluba,14441,WOL,Wolves Esports,1.4,1.38,233.0,266.0,5.0,11.0,3.0,6.0,1.0,1.0,67.0,83.0,189.0,189.0,43.0,44.0,0.0,2.0,0.0,1.0
701025,273938,Spring,14125,WOL,Wolves Esports,1.77,0.7,398.0,142.0,9.0,5.0,5.0,7.0,1.0,6.0,67.0,67.0,239.0,100.0,27.0,33.0,2.0,0.0,2.0,0.0
701025,273938,yosemite,6022,WOL,Wolves Esports,0.81,0.76,187.0,150.0,4.0,6.0,4.0,8.0,2.0,6.0,83.0,92.0,119.0,89.0,8.0,9.0,1.0,2.0,0.0,0.0
701025,273938,glacier,49973,WOL,Wolves Esports,0.02,0.91,56.0,242.0,1.0,11.0,7.0,8.0,1.0,0.0,83.0,75.0,49.0,141.0,20.0,29.0,0.0,5.0,0.0,1.0
701025,273938,Spitfires,4881,TEC,Wuxi Titan Esports Club (Titan Esports Club),1.37,0.6,268.0,205.0,10.0,4.0,10.0,6.0,4.0,1.0,75.0,83.0,192.0,126.0,37.0,33.0,0.0,0.0,3.0,1.0
701025,273938,Haodong,4720,TEC,Wuxi Titan Esports Club (Titan Esports Club),1.03,0.86,203.0,185.0,9.0,4.0,9.0,5.0,1.0,0.0,67.0,50.0,128.0,119.0,47.0,67.0,2.0,0.0,0.0,0.0
701025,273938,Coco,47629,TEC,Wuxi Titan Esports Club (Titan Esports Club),0.75,1.13,172.0,265.0,7.0,6.0,12.0,6.0,3.0,4.0,58.0,100.0,97.0,160.0,47.0,43.0,0.0,0.0,1.0,0.0
701025,273938,lucas,19677,TEC,Wuxi Titan Esports Club (Titan Esports Club),0.86,0.65,156.0,183.0,5.0,3.0,9.0,6.0,3.0,5.0,58.0,67.0,131.0,131.0,32.0,6.0,0.0,0.0,2.0,2.0
701025,273938,Dynamite,42235,TEC,Wuxi Titan Esports Club (Titan Esports Club),0.55,1.2,145.0,271.0,5.0,6.0,11.0,6.0,4.0,4.0,75.0,67.0,90.0,144.0,20.0,18.0,0.0,2.0,4.0,1.0
701025,273939,yosemite,6022,WOL,Wolves Esports,1.15,1.48,207.0,276.0,9.0,11.0,6.0,7.0,1.0,1.0,91.0,92.0,155.0,197.0,18.0,28.0,0.0,5.0,2.0,1.0
701025,273939,Spring,14125,WOL,Wolves Esports,1.86,0.7,292.0,135.0,12.0,5.0,4.0,9.0,3.0,6.0,82.0,58.0,198.0,106.0,28.0,17.0,2.0,1.0,3.0,1.0
701025,273939,Deryeon,9152,WOL,Wolves Esports,1.11,1.37,181.0,208.0,7.0,10.0,6.0,6.0,5.0,3.0,82.0,83.0,98.0,115.0,36.0,17.0,0.0,0.0,0.0,0.0
701025,273939,aluba,14441,WOL,Wolves Esports,1.31,0.51,187.0,116.0,8.0,5.0,5.0,9.0,2.0,1.0,91.0,58.0,122.0,66.0,31.0,27.0,0.0,2.0,0.0,0.0
701025,273939,glacier,49973,WOL,Wolves Esports,0.69,0.94,136.0,167.0,4.0,7.0,8.0,9.0,7.0,1.0,73.0,67.0,113.0,105.0,30.0,28.0,2.0,2.0,2.0,0.0
701025,273939,Dynamite,42235,TEC,Wuxi Titan Esports Club (Titan Esports Club),0.89,1.23,169.0,238.0,8.0,9.0,7.0,8.0,3.0,0.0,75.0,64.0,93.0,162.0,14.0,43.0,0.0,3.0,4.0,1.0
701025,273939,lucas,19677,TEC,Wuxi Titan Esports Club (Titan Esports Club),1.24,0.7,227.0,164.0,8.0,6.0,7.0,8.0,5.0,2.0,92.0,64.0,154.0,114.0,26.0,18.0,0.0,1.0,0.0,1.0
701025,273939,Coco,47629,TEC,Wuxi Titan Esports Club (Titan Esports Club),1.06,0.59,153.0,84.0,6.0,2.0,6.0,7.0,8.0,5.0,75.0,82.0,105.0,59.0,35.0,17.0,0.0,0.0,0.0,0.0
701025,273939,Spitfires,4881,TEC,Wuxi Titan Esports Club (Titan Esports Club),0.91,0.73,205.0,224.0,9.0,7.0,9.0,10.0,1.0,2.0,83.0,55.0,129.0,148.0,35.0,25.0,1.0,2.0,4.0,1.0
701025,273939,Haodong,4720,TEC,Wuxi Titan Esports Club (Titan Esports Club),0.81,0.73,213.0,119.0,9.0,5.0,9.0,7.0,1.0,2.0,83.0,73.0,133.0,81.0,29.0,27.0,1.0,1.0,2.0,1.0
701026,273941,Life,3028,DRG,Dragon Ranger Gaming,1.59,1.25,321.0,299.0,14.0,13.0,7.0,11.0,2.0,1.0,93.0,57.0,207.0,191.0,53.0,45.0,4.0,3.0,0.0,2.0
701026,273941,vo0kashu,3741,DRG,Dragon Ranger Gaming,1.26,1.09,252.0,270.0,14.0,12.0,8.0,12.0,4.0,2.0,71.0,57.0,178.0,186.0,35.0,44.0,2.0,0.0,2.0,1.0
701026,273941,Nicc,11524,DRG,Dragon Ranger Gaming,1.54,0.77,217.0,115.0,9.0,5.0,6.0,9.0,19.0,3.0,100.0,57.0,128.0,72.0,27.0,25.0,1.0,0.0,0.0,3.0
701026,273941,SpiritZ1,31753,DRG,Dragon Ranger Gaming,1.51,0.52,271.0,101.0,15.0,4.0,7.0,11.0,1.0,1.0,86.0,50.0,193.0,71.0,33.0,15.0,2.0,0.0,0.0,4.0
701026,273941,Verse,55817,DRG,Dragon Ranger Gaming,0.96,0.61,141.0,99.0,8.0,5.0,6.0,9.0,9.0,2.0,93.0,50.0,75.0,69.0,35.0,29.0,2.0,0.0,1.0,1.0
701026,273941,Knight,4774,BLG,Guangzhou Huadu Bilibili Gaming (Bilibili Gaming),0.97,1.22,142.0,258.0,8.0,10.0,7.0,12.0,3.0,4.0,71.0,64.0,84.0,190.0,28.0,23.0,2.0,1.0,2.0,1.0
701026,273941,rushia,48878,BLG,Guangzhou Huadu Bilibili Gaming (Bilibili Gaming),1.0,0.84,224.0,172.0,11.0,7.0,8.0,11.0,3.0,3.0,71.0,50.0,145.0,127.0,15.0,20.0,1.0,1.0,0.0,4.0
701026,273941,nephh,10698,BLG,Guangzhou Huadu Bilibili Gaming (Bilibili Gaming),0.95,0.87,135.0,183.0,6.0,9.0,8.0,12.0,10.0,4.0,71.0,86.0,84.0,114.0,28.0,38.0,1.0,0.0,0.0,0.0
701026,273941,whzy,4885,BLG,Guangzhou Huadu Bilibili Gaming (Bilibili Gaming),1.63,0.19,314.0,68.0,17.0,3.0,9.0,13.0,0.0,0.0,86.0,29.0,197.0,43.0,36.0,38.0,6.0,0.0,0.0,3.0
701026,273941,FT,64029,BLG,Guangzhou Huadu Bilibili Gaming (Bilibili Gaming),1.15,0.38,188.0,130.0,10.0,5.0,7.0,12.0,6.0,2.0,86.0,57.0,157.0,85.0,38.0,33.0,1.0,1.0,1.0,3.0
701026,273942,vo0kashu,3741,DRG,Dragon Ranger Gaming,1.65,1.53,341.0,379.0,17.0,11.0,6.0,6.0,1.0,4.0,83.0,100.0,213.0,238.0,20.0,43.0,4.0,0.0,1.0,0.0
701026,273942,Life,3028,DRG,Dragon Ranger Gaming,1.32,1.32,259.0,239.0,12.0,6.0,6.0,5.0,0.0,4.0,67.0,75.0,177.0,155.0,32.0,37.0,1.0,2.0,4.0,0.0
701026,273942,Verse,55817,DRG,Dragon Ranger Gaming,1.2,1.3,192.0,212.0,8.0,5.0,6.0,5.0,8.0,5.0,100.0,75.0,146.0,134.0,48.0,24.0,0.0,1.0,1.0,0.0
701026,273942,Nicc,11524,DRG,Dragon Ranger Gaming,0.78,0.81,144.0,167.0,6.0,5.0,7.0,6.0,8.0,2.0,75.0,75.0,70.0,95.0,36.0,38.0,0.0,1.0,0.0,0.0
701026,273942,SpiritZ1,31753,DRG,Dragon Ranger Gaming,1.03,0.04,246.0,69.0,11.0,1.0,8.0,7.0,4.0,1.0,83.0,63.0,166.0,56.0,32.0,0.0,1.0,0.0,0.0,4.0
701026,273942,FT,64029,BLG,Guangzhou Huadu Bilibili Gaming (Bilibili Gaming),0.71,1.72,150.0,315.0,5.0,12.0,7.0,10.0,3.0,2.0,75.0,83.0,101.0,191.0,22.0,35.0,1.0,3.0,1.0,0.0
701026,273942,nephh,10698,BLG,Guangzhou Huadu Bilibili Gaming (Bilibili Gaming),0.94,1.18,202.0,227.0,6.0,11.0,6.0,11.0,5.0,1.0,75.0,75.0,112.0,144.0,21.0,29.0,1.0,1.0,1.0,2.0
701026,273942,whzy,4885,BLG,Guangzhou Huadu Bilibili Gaming (Bilibili Gaming),1.17,0.85,254.0,161.0,6.0,7.0,5.0,11.0,4.0,1.0,75.0,67.0,154.0,96.0,17.0,11.0,0.0,2.0,1.0,0.0
701026,273942,rushia,48878,BLG,Guangzhou Huadu Bilibili Gaming (Bilibili Gaming),1.14,0.34,152.0,82.0,5.0,2.0,4.0,10.0,3.0,5.0,63.0,50.0,85.0,62.0,23.0,20.0,0.0,0.0,1.0,2.0
701026,273942,Knight,4774,BLG,Guangzhou Huadu Bilibili Gaming (Bilibili Gaming),1.39,0.02,252.0,47.0,7.0,1.0,6.0,12.0,3.0,2.0,88.0,33.0,153.0,36.0,24.0,25.0,2.0,0.0,0.0,2.0
701027,273944,Xlele,54487,FPX,FunPlus Phoenix,1.37,1.83,336.0,325.0,5.0,16.0,4.0,6.0,0.0,2.0,75.0,100.0,185.0,208.0,63.0,52.0,0.0,2.0,1.0,1.0
701027,273944,Setrod,50025,FPX,FunPlus Phoenix,1.88,1.51,342.0,343.0,5.0,15.0,2.0,8.0,1.0,2.0,100.0,92.0,196.0,215.0,22.0,29.0,2.0,6.0,0.0,1.0
701027,273944,coconut,12365,FPX,FunPlus Phoenix,0.86,1.45,115.0,267.0,2.0,11.0,2.0,6.0,0.0,5.0,75.0,83.0,92.0,192.0,33.0,29.0,0.0,0.0,0.0,0.0
701027,273944,KovaQ,7987,FPX,FunPlus Phoenix,1.82,0.77,248.0,140.0,4.0,6.0,1.0,8.0,1.0,8.0,100.0,75.0,161.0,81.0,60.0,30.0,0.0,0.0,0.0,1.0
701027,273944,AAAAY,19530,FPX,FunPlus Phoenix,0.29,0.67,78.0,121.0,1.0,5.0,3.0,7.0,1.0,2.0,50.0,75.0,52.0,87.0,33.0,38.0,0.0,0.0,1.0,1.0
701027,273944,deLb,10821,TE,Trace Esports,1.19,0.73,240.0,256.0,10.0,3.0,9.0,4.0,4.0,0.0,83.0,100.0,152.0,168.0,56.0,43.0,1.0,0.0,2.0,0.0
701027,273944,LuoK1ng,3045,TE,Trace Esports,0.98,0.29,222.0,134.0,9.0,2.0,11.0,4.0,4.0,0.0,75.0,25.0,132.0,80.0,39.0,20.0,0.0,1.0,2.0,1.0
701027,273944,Kai,37494,TE,Trace Esports,0.56,0.81,149.0,173.0,7.0,2.0,12.0,3.0,2.0,2.0,58.0,75.0,83.0,119.0,25.0,60.0,2.0,0.0,2.0,0.0
701027,273944,FengF,4770,TE,Trace Esports,0.51,0.61,84.0,128.0,3.0,2.0,10.0,3.0,4.0,1.0,58.0,50.0,67.0,91.0,31.0,9.0,0.0,0.0,0.0,0.0
701027,273944,FKEY,51249,TE,Trace Esports,0.45,0.82,128.0,176.0,6.0,3.0,11.0,3.0,1.0,0.0,33.0,50.0,66.0,78.0,15.0,25.0,1.0,1.0,2.0,1.0
701027,276588,coconut,12365,FPX,FunPlus Phoenix,1.5,1.33,247.0,240.0,9.0,7.0,4.0,7.0,3.0,5.0,80.0,75.0,179.0,185.0,25.0,29.0,0.0,0.0,0.0,2.0
701027,276588,Setrod,50025,FPX,FunPlus Phoenix,0.81,1.59,199.0,313.0,7.0,14.0,8.0,7.0,0.0,4.0,70.0,67.0,137.0,190.0,29.0,28.0,3.0,1.0,2.0,1.0
701027,276588,AAAAY,19530,FPX,FunPlus Phoenix,1.44,0.6,289.0,135.0,10.0,6.0,6.0,9.0,2.0,4.0,80.0,42.0,187.0,84.0,60.0,22.0,3.0,0.0,0.0,1.0
701027,276588,Xlele,54487,FPX,FunPlus Phoenix,0.6,1.3,159.0,275.0,6.0,12.0,8.0,9.0,1.0,2.0,70.0,75.0,112.0,173.0,27.0,23.0,0.0,2.0,1.0,2.0
701027,276588,KovaQ,7987,FPX,FunPlus Phoenix,1.56,0.45,194.0,93.0,8.0,3.0,4.0,10.0,4.0,5.0,90.0,67.0,137.0,67.0,50.0,31.0,1.0,0.0,0.0,3.0
701027,276588,deLb,10821,TE,Trace Esports,0.92,1.3,165.0,169.0,8.0,7.0,8.0,6.0,1.0,2.0,83.0,70.0,103.0,112.0,33.0,36.0,2.0,0.0,0.0,0.0
701027,276588,FengF,4770,TE,Trace Esports,1.14,0.84,216.0,220.0,7.0,7.0,8.0,9.0,10.0,4.0,58.0,90.0,157.0,150.0,41.0,43.0,0.0,0.0,0.0,2.0
701027,276588,FKEY,51249,TE,Trace Esports,1.18,0.55,236.0,144.0,9.0,4.0,9.0,8.0,8.0,2.0,83.0,60.0,144.0,98.0,22.0,27.0,4.0,1.0,0.0,2.0
701027,276588,LuoK1ng,3045,TE,Trace Esports,1.11,0.56,203.0,128.0,9.0,4.0,8.0,9.0,8.0,5.0,83.0,50.0,107.0,92.0,19.0,22.0,0.0,0.0,1.0,2.0
701027,276588,Kai,37494,TE,Trace Esports,0.86,0.81,200.0,196.0,9.0,7.0,9.0,9.0,3.0,0.0,67.0,70.0,136.0,116.0,47.0,56.0,3.0,2.0,2.0,1.0
701028,273947,Yuicaw,11218,JDG,JD Gaming,1.45,1.08,250.0,243.0,7.0,10.0,5.0,9.0,8.0,0.0,89.0,75.0,138.0,152.0,29.0,69.0,2.0,3.0,0.0,1.0
701028,273947,zhe,49476,JDG,JD Gaming,1.03,1.01,196.0,179.0,6.0,7.0,5.0,8.0,1.0,1.0,78.0,67.0,115.0,113.0,14.0,19.0,2.0,3.0,2.0,1.0
701028,273947,jkuro,3519,JDG,JD Gaming,1.26,0.44,257.0,126.0,9.0,5.0,5.0,11.0,4.0,5.0,100.0,58.0,149.0,83.0,24.0,21.0,0.0,0.0,0.0,0.0
701028,273947,crownfisher,64969,JDG,JD Gaming,0.85,0.59,157.0,134.0,5.0,5.0,5.0,10.0,1.0,0.0,78.0,50.0,112.0,88.0,31.0,29.0,0.0,0.0,3.0,0.0
701028,273947,BerLIN,7857,JDG,JD Gaming,1.16,0.26,179.0,88.0,6.0,3.0,6.0,11.0,4.0,2.0,89.0,50.0,118.0,55.0,67.0,14.0,0.0,1.0,0.0,3.0
701028,273947,SiuFatBB,7849,TYL,TYLOO,1.82,0.87,277.0,125.0,12.0,5.0,4.0,6.0,7.0,3.0,92.0,56.0,170.0,72.0,24.0,45.0,1.0,0.0,0.0,0.0
701028,273947,splash,36685,TYL,TYLOO,1.42,1.08,243.0,322.0,11.0,8.0,5.0,9.0,3.0,2.0,83.0,67.0,162.0,253.0,26.0,23.0,0.0,2.0,2.0,2.0
701028,273947,slowly,41739,TYL,TYLOO,1.61,0.79,344.0,136.0,15.0,4.0,6.0,6.0,0.0,2.0,75.0,56.0,201.0,80.0,39.0,22.0,2.0,2.0,2.0,1.0
701028,273947,Scales,39485,TYL,TYLOO,0.93,0.81,182.0,182.0,8.0,5.0,8.0,7.0,2.0,5.0,75.0,67.0,108.0,117.0,50.0,33.0,1.0,0.0,1.0,1.0
701028,273947,Erv,55085,TYL,TYLOO,0.56,1.11,84.0,168.0,3.0,4.0,7.0,5.0,5.0,5.0,92.0,78.0,54.0,129.0,45.0,33.0,1.0,1.0,2.0,0.0
701028,273948,jkuro,3519,JDG,JD Gaming,1.18,0.54,219.0,157.0,11.0,4.0,8.0,8.0,4.0,2.0,67.0,38.0,147.0,97.0,45.0,9.0,1.0,0.0,3.0,1.0
701028,273948,crownfisher,64969,JDG,JD Gaming,0.46,1.55,144.0,259.0,5.0,7.0,11.0,4.0,4.0,2.0,58.0,75.0,94.0,167.0,33.0,22.0,2.0,0.0,1.0,1.0
701028,273948,Yuicaw,11218,JDG,JD Gaming,0.94,0.35,169.0,97.0,7.0,2.0,9.0,6.0,2.0,1.0,58.0,63.0,108.0,63.0,54.0,10.0,0.0,0.0,1.0,3.0
701028,273948,zhe,49476,JDG,JD Gaming,0.63,0.51,154.0,184.0,6.0,5.0,9.0,8.0,1.0,1.0,42.0,75.0,86.0,116.0,21.0,22.0,1.0,1.0,3.0,1.0
701028,273948,BerLIN,7857,JDG,JD Gaming,0.6,0.22,102.0,50.0,3.0,1.0,8.0,7.0,2.0,1.0,83.0,25.0,83.0,28.0,13.0,100.0,0.0,1.0,0.0,0.0
701028,273948,Scales,39485,TYL,TYLOO,2.05,1.29,338.0,216.0,9.0,9.0,2.0,6.0,3.0,3.0,100.0,67.0,202.0,135.0,30.0,32.0,1.0,2.0,0.0,1.0
701028,273948,slowly,41739,TYL,TYLOO,0.99,1.68,216.0,289.0,6.0,12.0,5.0,5.0,1.0,2.0,88.0,75.0,125.0,207.0,29.0,43.0,4.0,1.0,1.0,1.0
701028,273948,SiuFatBB,7849,TYL,TYLOO,1.77,0.98,222.0,147.0,8.0,6.0,2.0,7.0,3.0,5.0,88.0,75.0,105.0,92.0,25.0,12.0,0.0,0.0,0.0,0.0
701028,273948,splash,36685,TYL,TYLOO,0.68,1.28,191.0,263.0,6.0,12.0,7.0,7.0,1.0,2.0,63.0,83.0,134.0,169.0,22.0,32.0,1.0,3.0,1.0,2.0
701028,273948,Erv,55085,TYL,TYLOO,1.08,0.94,153.0,161.0,4.0,6.0,3.0,7.0,4.0,4.0,88.0,83.0,107.0,115.0,31.0,40.0,0.0,2.0,0.0,0.0
701029,273950,vo0kashu,3741,DRG,Dragon Ranger Gaming,1.28,1.54,207.0,303.0,10.0,15.0,8.0,8.0,3.0,4.0,73.0,87.0,154.0,192.0,30.0,38.0,2.0,2.0,1.0,2.0
701029,273950,Life,3028,DRG,Dragon Ranger Gaming,0.76,1.29,184.0,208.0,10.0,14.0,13.0,8.0,0.0,3.0,67.0,80.0,103.0,151.0,23.0,50.0,1.0,1.0,2.0,2.0
701029,273950,SpiritZ1,31753,DRG,Dragon Ranger Gaming,1.14,0.9,254.0,238.0,13.0,12.0,11.0,12.0,1.0,5.0,73.0,73.0,182.0,164.0,37.0,34.0,1.0,1.0,1.0,1.0
701029,273950,Verse,55817,DRG,Dragon Ranger Gaming,0.78,1.05,173.0,223.0,8.0,12.0,13.0,10.0,7.0,6.0,73.0,80.0,134.0,132.0,35.0,36.0,2.0,2.0,0.0,2.0
701029,273950,Nicc,11524,DRG,Dragon Ranger Gaming,0.95,0.8,145.0,201.0,8.0,10.0,9.0,11.0,2.0,6.0,73.0,80.0,76.0,138.0,27.0,29.0,2.0,1.0,3.0,1.0
701029,273950,Haodong,4720,TEC,Wuxi Titan Esports Club (Titan Esports Club),1.53,1.12,281.0,195.0,16.0,10.0,12.0,9.0,3.0,9.0,73.0,87.0,187.0,135.0,50.0,36.0,0.0,1.0,0.0,1.0
701029,273950,lucas,19677,TEC,Wuxi Titan Esports Club (Titan Esports Club),1.64,0.99,248.0,188.0,14.0,10.0,10.0,10.0,2.0,6.0,67.0,73.0,198.0,148.0,45.0,43.0,1.0,0.0,1.0,2.0
701029,273950,Coco,47629,TEC,Wuxi Titan Esports Club (Titan Esports Club),0.62,1.07,133.0,123.0,7.0,7.0,12.0,6.0,6.0,3.0,73.0,67.0,78.0,96.0,33.0,29.0,0.0,0.0,0.0,1.0
701029,273950,Spitfires,4881,TEC,Wuxi Titan Esports Club (Titan Esports Club),0.35,1.33,110.0,274.0,5.0,15.0,15.0,10.0,5.0,4.0,60.0,80.0,67.0,187.0,46.0,25.0,4.0,1.0,2.0,1.0
701029,273950,Dynamite,42235,TEC,Wuxi Titan Esports Club (Titan Esports Club),0.47,0.79,158.0,244.0,7.0,12.0,14.0,14.0,6.0,7.0,60.0,73.0,101.0,159.0,15.0,26.0,3.0,5.0,4.0,3.0
701029,273951,Life,3028,DRG,Dragon Ranger Gaming,1.09,1.41,214.0,284.0,9.0,11.0,6.0,8.0,3.0,2.0,75.0,75.0,122.0,194.0,35.0,52.0,3.0,4.0,1.0,0.0
701029,273951,vo0kashu,3741,DRG,Dragon Ranger Gaming,1.2,1.06,164.0,190.0,8.0,9.0,5.0,8.0,1.0,1.0,75.0,67.0,113.0,123.0,33.0,42.0,0.0,1.0,0.0,1.0
701029,273951,SpiritZ1,31753,DRG,Dragon Ranger Gaming,0.99,1.1,229.0,247.0,9.0,10.0,9.0,10.0,5.0,2.0,75.0,67.0,146.0,160.0,31.0,52.0,3.0,2.0,1.0,0.0
701029,273951,Verse,55817,DRG,Dragon Ranger Gaming,1.45,0.46,214.0,80.0,9.0,3.0,4.0,10.0,8.0,5.0,83.0,58.0,134.0,62.0,22.0,36.0,0.0,0.0,0.0,2.0
701029,273951,Nicc,11524,DRG,Dragon Ranger Gaming,1.12,0.19,214.0,88.0,9.0,3.0,7.0,10.0,7.0,3.0,83.0,42.0,124.0,58.0,38.0,21.0,2.0,0.0,2.0,2.0
701029,273951,Coco,47629,TEC,Wuxi Titan Esports Club (Titan Esports Club),1.42,1.12,234.0,190.0,10.0,8.0,6.0,9.0,6.0,9.0,75.0,75.0,167.0,107.0,32.0,10.0,0.0,0.0,1.0,1.0
701029,273951,lucas,19677,TEC,Wuxi Titan Esports Club (Titan Esports Club),1.29,0.85,205.0,115.0,9.0,5.0,6.0,8.0,3.0,0.0,67.0,67.0,150.0,70.0,25.0,19.0,1.0,0.0,0.0,0.0
701029,273951,Haodong,4720,TEC,Wuxi Titan Esports Club (Titan Esports Club),1.26,0.78,219.0,129.0,10.0,5.0,8.0,8.0,1.0,3.0,67.0,50.0,153.0,89.0,59.0,14.0,2.0,0.0,1.0,1.0
701029,273951,Dynamite,42235,TEC,Wuxi Titan Esports Club (Titan Esports Club),0.88,0.94,211.0,187.0,10.0,7.0,9.0,8.0,1.0,2.0,75.0,58.0,135.0,125.0,17.0,35.0,1.0,3.0,2.0,2.0
701029,273951,Spitfires,4881,TEC,Wuxi Titan Esports Club (Titan Esports Club),0.88,0.51,171.0,159.0,7.0,6.0,7.0,11.0,1.0,2.0,58.0,42.0,127.0,103.0,28.0,26.0,1.0,1.0,3.0,4.0
701029,273952,vo0kashu,3741,DRG,Dragon Ranger Gaming,2.24,1.3,395.0,150.0,17.0,3.0,3.0,2.0,2.0,0.0,100.0,60.0,267.0,104.0,23.0,75.0,2.0,0.0,0.0,0.0
701029,273952,Nicc,11524,DRG,Dragon Ranger Gaming,1.3,1.31,233.0,240.0,12.0,4.0,5.0,3.0,3.0,3.0,92.0,60.0,130.0,164.0,22.0,33.0,2.0,1.0,1.0,1.0
701029,273952,SpiritZ1,31753,DRG,Dragon Ranger Gaming,0.84,1.43,244.0,275.0,10.0,5.0,9.0,3.0,1.0,0.0,83.0,60.0,138.0,199.0,26.0,67.0,2.0,0.0,0.0,0.0
701029,273952,Life,3028,DRG,Dragon Ranger Gaming,0.78,1.29,201.0,310.0,9.0,5.0,8.0,4.0,1.0,1.0,75.0,80.0,128.0,223.0,56.0,31.0,2.0,2.0,3.0,1.0
701029,273952,Verse,55817,DRG,Dragon Ranger Gaming,1.13,0.03,136.0,20.0,6.0,0.0,5.0,4.0,8.0,2.0,100.0,60.0,98.0,13.0,38.0,0.0,0.0,0.0,0.0,0.0
701029,273952,lucas,19677,TEC,Wuxi Titan Esports Club (Titan Esports Club),1.59,1.25,258.0,291.0,5.0,11.0,3.0,10.0,1.0,2.0,80.0,75.0,146.0,177.0,33.0,44.0,0.0,2.0,0.0,0.0
701029,273952,Coco,47629,TEC,Wuxi Titan Esports Club (Titan Esports Club),0.73,1.07,128.0,199.0,2.0,7.0,4.0,10.0,2.0,6.0,80.0,67.0,66.0,126.0,18.0,36.0,1.0,2.0,0.0,0.0
701029,273952,Dynamite,42235,TEC,Wuxi Titan Esports Club (Titan Esports Club),1.21,0.7,229.0,177.0,4.0,6.0,3.0,11.0,2.0,0.0,80.0,42.0,124.0,125.0,38.0,25.0,1.0,0.0,1.0,1.0
701029,273952,Haodong,4720,TEC,Wuxi Titan Esports Club (Titan Esports Club),0.71,0.46,124.0,125.0,3.0,5.0,3.0,12.0,0.0,1.0,60.0,33.0,93.0,86.0,60.0,30.0,0.0,0.0,0.0,1.0
701029,273952,Spitfires,4881,TEC,Wuxi Titan Esports Club (Titan Esports Club),0.44,0.16,138.0,53.0,2.0,1.0,4.0,11.0,3.0,4.0,100.0,50.0,89.0,38.0,25.0,17.0,0.0,0.0,2.0,6.0
701030,273953,whzy,4885,BLG,Guangzhou Huadu Bilibili Gaming (Bilibili Gaming),1.88,1.86,405.0,343.0,13.0,15.0,6.0,6.0,1.0,3.0,80.0,75.0,289.0,219.0,24.0,17.0,3.0,4.0,0.0,1.0
701030,273953,rushia,48878,BLG,Guangzhou Huadu Bilibili Gaming (Bilibili Gaming),1.12,1.08,279.0,213.0,9.0,9.0,7.0,7.0,0.0,5.0,70.0,92.0,183.0,145.0,35.0,18.0,2.0,3.0,3.0,1.0
701030,273953,nephh,10698,BLG,Guangzhou Huadu Bilibili Gaming (Bilibili Gaming),0.96,1.2,139.0,220.0,5.0,10.0,5.0,8.0,7.0,6.0,60.0,83.0,69.0,142.0,33.0,24.0,0.0,0.0,1.0,1.0
701030,273953,Knight,4774,BLG,Guangzhou Huadu Bilibili Gaming (Bilibili Gaming),0.53,1.11,113.0,205.0,4.0,8.0,7.0,7.0,1.0,7.0,50.0,75.0,82.0,161.0,20.0,17.0,1.0,1.0,0.0,0.0
701030,273953,FT,64029,BLG,Guangzhou Huadu Bilibili Gaming (Bilibili Gaming),0.4,0.71,55.0,138.0,2.0,6.0,6.0,7.0,2.0,3.0,90.0,75.0,29.0,99.0,75.0,50.0,0.0,0.0,0.0,1.0
701030,273953,Spring,14125,WOL,Wolves Esports,1.6,1.02,309.0,188.0,13.0,5.0,9.0,7.0,3.0,5.0,75.0,60.0,215.0,127.0,46.0,13.0,1.0,1.0,2.0,1.0
701030,273953,aluba,14441,WOL,Wolves Esports,0.59,1.49,131.0,256.0,6.0,10.0,10.0,6.0,1.0,1.0,58.0,70.0,91.0,159.0,21.0,29.0,0.0,2.0,0.0,0.0
701030,273953,yosemite,6022,WOL,Wolves Esports,0.91,0.96,160.0,204.0,6.0,7.0,9.0,7.0,5.0,3.0,75.0,60.0,98.0,129.0,30.0,25.0,2.0,1.0,2.0,2.0
701030,273953,Deryeon,9152,WOL,Wolves Esports,0.77,0.95,134.0,123.0,5.0,5.0,9.0,5.0,5.0,1.0,75.0,80.0,82.0,71.0,33.0,50.0,0.0,0.0,2.0,1.0
701030,273953,glacier,49973,WOL,Wolves Esports,0.54,0.67,163.0,150.0,5.0,4.0,11.0,8.0,3.0,3.0,50.0,60.0,117.0,108.0,43.0,36.0,1.0,0.0,2.0,2.0
701030,273954,Knight,4774,BLG,Guangzhou Huadu Bilibili Gaming (Bilibili Gaming),1.37,1.15,324.0,215.0,14.0,4.0,11.0,4.0,0.0,0.0,67.0,60.0,183.0,95.0,15.0,43.0,3.0,1.0,1.0,0.0
701030,273954,FT,64029,BLG,Guangzhou Huadu Bilibili Gaming (Bilibili Gaming),0.8,0.76,152.0,230.0,6.0,4.0,9.0,5.0,1.0,0.0,42.0,40.0,110.0,144.0,36.0,30.0,1.0,1.0,1.0,0.0
701030,273954,whzy,4885,BLG,Guangzhou Huadu Bilibili Gaming (Bilibili Gaming),0.77,0.7,227.0,176.0,8.0,3.0,11.0,4.0,5.0,2.0,75.0,60.0,135.0,121.0,9.0,21.0,1.0,1.0,1.0,1.0
701030,273954,nephh,10698,BLG,Guangzhou Huadu Bilibili Gaming (Bilibili Gaming),0.33,0.5,92.0,112.0,3.0,2.0,11.0,4.0,7.0,0.0,58.0,80.0,53.0,73.0,20.0,33.0,1.0,0.0,2.0,1.0
701030,273954,rushia,48878,BLG,Guangzhou Huadu Bilibili Gaming (Bilibili Gaming),0.07,0.04,66.0,73.0,2.0,1.0,12.0,5.0,4.0,1.0,58.0,60.0,39.0,53.0,11.0,20.0,1.0,0.0,0.0,0.0
701030,273954,Deryeon,9152,WOL,Wolves Esports,1.27,2.25,219.0,415.0,4.0,19.0,3.0,5.0,2.0,3.0,80.0,92.0,118.0,265.0,15.0,27.0,0.0,1.0,2.0,1.0
701030,273954,Spring,14125,WOL,Wolves Esports,1.55,1.6,326.0,327.0,6.0,14.0,3.0,8.0,2.0,7.0,80.0,92.0,188.0,206.0,11.0,30.0,0.0,1.0,0.0,1.0
701030,273954,glacier,49973,WOL,Wolves Esports,1.24,1.42,280.0,260.0,6.0,11.0,4.0,6.0,1.0,3.0,100.0,83.0,160.0,161.0,10.0,35.0,2.0,3.0,0.0,3.0
701030,273954,aluba,14441,WOL,Wolves Esports,1.55,0.82,170.0,126.0,4.0,5.0,2.0,6.0,4.0,2.0,100.0,67.0,111.0,88.0,67.0,16.0,0.0,0.0,1.0,0.0
701030,273954,yosemite,6022,WOL,Wolves Esports,1.09,0.79,165.0,142.0,2.0,5.0,2.0,8.0,4.0,9.0,100.0,92.0,128.0,105.0,33.0,16.0,0.0,0.0,0.0,2.0
701030,273955,FT,64029,BLG,Guangzhou Huadu Bilibili Gaming (Bilibili Gaming),1.9,0.33,377.0,119.0,17.0,2.0,4.0,6.0,2.0,1.0,75.0,50.0,213.0,96.0,23.0,25.0,4.0,0.0,3.0,1.0
701030,273955,Knight,4774,BLG,Guangzhou Huadu Bilibili Gaming (Bilibili Gaming),1.57,0.97,228.0,159.0,11.0,5.0,3.0,4.0,3.0,0.0,92.0,67.0,156.0,78.0,25.0,43.0,0.0,1.0,0.0,0.0
701030,273955,rushia,48878,BLG,Guangzhou Huadu Bilibili Gaming (Bilibili Gaming),1.15,1.72,154.0,286.0,6.0,5.0,3.0,4.0,5.0,6.0,83.0,100.0,93.0,195.0,25.0,21.0,1.0,0.0,0.0,0.0
701030,273955,whzy,4885,BLG,Guangzhou Huadu Bilibili Gaming (Bilibili Gaming),1.26,0.98,335.0,233.0,15.0,5.0,7.0,5.0,2.0,1.0,92.0,83.0,204.0,153.0,15.0,32.0,4.0,2.0,0.0,1.0
701030,273955,nephh,10698,BLG,Guangzhou Huadu Bilibili Gaming (Bilibili Gaming),0.64,1.38,101.0,257.0,4.0,6.0,7.0,4.0,8.0,3.0,75.0,83.0,68.0,110.0,38.0,13.0,0.0,0.0,0.0,1.0
701030,273955,glacier,49973,WOL,Wolves Esports,0.79,1.12,215.0,205.0,5.0,7.0,5.0,9.0,0.0,2.0,67.0,58.0,149.0,148.0,30.0,10.0,0.0,1.0,1.0,2.0
701030,273955,Spring,14125,WOL,Wolves Esports,0.52,0.97,199.0,229.0,3.0,8.0,6.0,11.0,3.0,4.0,83.0,50.0,126.0,149.0,36.0,30.0,1.0,1.0,1.0,1.0
701030,273955,aluba,14441,WOL,Wolves Esports,1.35,0.51,261.0,98.0,6.0,2.0,4.0,11.0,1.0,2.0,83.0,42.0,142.0,91.0,50.0,29.0,0.0,1.0,1.0,1.0
701030,273955,yosemite,6022,WOL,Wolves Esports,1.29,0.35,240.0,66.0,5.0,3.0,3.0,11.0,0.0,0.0,83.0,42.0,146.0,47.0,13.0,43.0,2.0,0.0,0.0,4.0
701030,273955,Deryeon,9152,WOL,Wolves Esports,0.62,0.53,166.0,115.0,4.0,4.0,5.0,11.0,4.0,2.0,83.0,50.0,104.0,71.0,27.0,15.0,0.0,0.0,0.0,1.0
701031,273957,qiutiaN,43007,NOVA,Nova Esports,1.62,1.28,291.0,166.0,8.0,9.0,5.0,4.0,5.0,5.0,88.0,100.0,180.0,117.0,24.0,19.0,1.0,0.0,0.0,0.0
701031,273957,cb,39697,NOVA,Nova Esports,1.07,1.6,188.0,301.0,5.0,11.0,4.0,6.0,3.0,6.0,63.0,92.0,122.0,220.0,21.0,38.0,0.0,1.0,1.0,1.0
701031,273957,GuanG,41054,NOVA,Nova Esports,1.24,1.02,242.0,170.0,7.0,9.0,4.0,5.0,2.0,2.0,75.0,83.0,151.0,103.0,58.0,15.0,1.0,1.0,0.0,0.0
701031,273957,Ezeir,46460,NOVA,Nova Esports,1.44,0.88,281.0,149.0,9.0,8.0,5.0,7.0,4.0,2.0,63.0,92.0,170.0,98.0,24.0,22.0,1.0,0.0,0.0,1.0
701031,273957,swagzor,45492,NOVA,Nova Esports,0.16,1.49,46.0,398.0,1.0,17.0,5.0,8.0,0.0,3.0,38.0,83.0,30.0,210.0,6.0,35.0,0.0,5.0,4.0,3.0
701031,273957,coconut,12365,FPX,FunPlus Phoenix,1.2,1.35,215.0,185.0,8.0,5.0,10.0,4.0,4.0,3.0,67.0,63.0,145.0,148.0,47.0,29.0,2.0,0.0,1.0,0.0
701031,273957,Setrod,50025,FPX,FunPlus Phoenix,0.64,1.29,122.0,280.0,6.0,8.0,10.0,7.0,1.0,0.0,42.0,63.0,71.0,184.0,40.0,31.0,1.0,2.0,3.0,1.0
701031,273957,AAAAY,19530,FPX,FunPlus Phoenix,0.88,0.54,187.0,122.0,7.0,3.0,12.0,7.0,1.0,1.0,58.0,63.0,132.0,87.0,44.0,50.0,0.0,1.0,0.0,0.0
701031,273957,KovaQ,7987,FPX,FunPlus Phoenix,0.5,0.96,120.0,183.0,4.0,4.0,11.0,6.0,7.0,5.0,58.0,50.0,75.0,110.0,25.0,29.0,0.0,2.0,0.0,2.0
701031,273957,Xlele,54487,FPX,FunPlus Phoenix,0.43,0.4,116.0,89.0,5.0,3.0,11.0,6.0,2.0,0.0,58.0,38.0,68.0,66.0,31.0,9.0,2.0,0.0,3.0,0.0
701031,277084,swagzor,45492,NOVA,Nova Esports,1.09,1.69,201.0,371.0,8.0,14.0,4.0,9.0,0.0,3.0,78.0,67.0,109.0,239.0,17.0,28.0,3.0,4.0,3.0,1.0
701031,277084,GuanG,41054,NOVA,Nova Esports,1.67,1.08,323.0,192.0,11.0,9.0,4.0,8.0,5.0,4.0,100.0,83.0,185.0,122.0,37.0,47.0,1.0,0.0,0.0,1.0
701031,277084,Ezeir,46460,NOVA,Nova Esports,0.99,1.25,150.0,267.0,3.0,11.0,4.0,8.0,8.0,4.0,89.0,83.0,87.0,164.0,5.0,36.0,0.0,3.0,0.0,1.0
701031,277084,cb,39697,NOVA,Nova Esports,1.45,0.5,189.0,96.0,6.0,4.0,2.0,8.0,2.0,1.0,100.0,67.0,125.0,67.0,29.0,20.0,0.0,0.0,0.0,1.0
701031,277084,qiutiaN,43007,NOVA,Nova Esports,1.37,0.57,264.0,126.0,10.0,6.0,4.0,11.0,2.0,5.0,78.0,67.0,159.0,89.0,23.0,31.0,2.0,0.0,0.0,1.0
701031,277084,Xlele,54487,FPX,FunPlus Phoenix,1.78,0.25,354.0,95.0,17.0,1.0,8.0,9.0,1.0,1.0,75.0,33.0,240.0,79.0,26.0,0.0,1.0,1.0,0.0,2.0
701031,277084,KovaQ,7987,FPX,FunPlus Phoenix,1.13,1.08,224.0,233.0,9.0,7.0,8.0,8.0,5.0,2.0,75.0,56.0,133.0,175.0,19.0,41.0,3.0,1.0,3.0,0.0
701031,277084,AAAAY,19530,FPX,FunPlus Phoenix,0.7,1.01,138.0,178.0,6.0,6.0,9.0,7.0,1.0,1.0,67.0,67.0,82.0,103.0,25.0,19.0,1.0,0.0,1.0,0.0
701031,277084,coconut,12365,FPX,FunPlus Phoenix,0.96,0.36,160.0,64.0,7.0,1.0,8.0,7.0,3.0,3.0,67.0,44.0,131.0,52.0,33.0,33.0,0.0,0.0,1.0,2.0
701031,277084,Setrod,50025,FPX,FunPlus Phoenix,0.37,0.68,146.0,120.0,5.0,3.0,11.0,7.0,4.0,1.0,42.0,44.0,100.0,77.0,36.0,13.0,0.0,1.0,2.0,2.0
701032,273959,slowly,41739,TYL,TYLOO,1.68,1.28,294.0,146.0,13.0,3.0,4.0,2.0,2.0,0.0,100.0,75.0,183.0,103.0,32.0,38.0,2.0,1.0,1.0,0.0
701032,273959,Scales,39485,TYL,TYLOO,1.56,1.48,431.0,211.0,18.0,3.0,9.0,2.0,4.0,1.0,100.0,75.0,267.0,167.0,24.0,67.0,5.0,0.0,0.0,1.0
701032,273959,splash,36685,TYL,TYLOO,1.25,2.05,247.0,367.0,12.0,6.0,6.0,3.0,0.0,0.0,67.0,100.0,151.0,271.0,36.0,67.0,1.0,1.0,3.0,0.0
701032,273959,Erv,55085,TYL,TYLOO,1.54,0.92,192.0,88.0,8.0,1.0,4.0,1.0,5.0,2.0,92.0,100.0,118.0,58.0,16.0,25.0,0.0,0.0,0.0,1.0
701032,273959,SiuFatBB,7849,TYL,TYLOO,1.02,1.0,73.0,157.0,3.0,1.0,3.0,2.0,6.0,4.0,92.0,75.0,54.0,118.0,13.0,14.0,0.0,0.0,0.0,0.0
701032,273959,LuoK1ng,3045,TE,Trace Esports,1.23,0.83,193.0,173.0,3.0,8.0,2.0,12.0,0.0,3.0,100.0,75.0,110.0,115.0,17.0,42.0,0.0,1.0,0.0,1.0
701032,273959,FKEY,51249,TE,Trace Esports,0.99,0.6,159.0,120.0,2.0,5.0,3.0,10.0,2.0,4.0,75.0,42.0,118.0,63.0,20.0,25.0,1.0,0.0,0.0,2.0
701032,273959,Kai,37494,TE,Trace Esports,0.26,0.63,159.0,139.0,2.0,5.0,4.0,10.0,0.0,3.0,50.0,58.0,111.0,95.0,14.0,18.0,1.0,2.0,0.0,1.0
701032,273959,deLb,10821,TE,Trace Esports,0.06,0.56,26.0,147.0,0.0,6.0,3.0,11.0,3.0,1.0,50.0,58.0,13.0,96.0,0.0,27.0,0.0,1.0,1.0,1.0
701032,273959,FengF,4770,TE,Trace Esports,0.84,0.19,159.0,78.0,3.0,2.0,2.0,11.0,1.0,2.0,50.0,50.0,81.0,61.0,100.0,50.0,0.0,0.0,1.0,3.0
701032,273960,Scales,39485,TYL,TYLOO,0.69,2.06,58.0,339.0,1.0,16.0,4.0,2.0,4.0,7.0,67.0,92.0,35.0,203.0,50.0,42.0,0.0,0.0,0.0,0.0
701032,273960,slowly,41739,TYL,TYLOO,0.96,1.86,298.0,352.0,6.0,16.0,6.0,4.0,1.0,1.0,83.0,83.0,166.0,223.0,44.0,17.0,2.0,6.0,2.0,0.0
701032,273960,splash,36685,TYL,TYLOO,1.83,1.14,414.0,207.0,8.0,9.0,4.0,6.0,2.0,4.0,83.0,83.0,281.0,139.0,40.0,26.0,1.0,1.0,0.0,1.0
701032,273960,SiuFatBB,7849,TYL,TYLOO,0.59,1.52,52.0,276.0,1.0,11.0,4.0,3.0,1.0,6.0,67.0,92.0,49.0,169.0,20.0,32.0,0.0,1.0,1.0,1.0
701032,273960,Erv,55085,TYL,TYLOO,0.95,1.05,115.0,190.0,2.0,8.0,4.0,6.0,0.0,6.0,50.0,100.0,92.0,121.0,29.0,17.0,0.0,0.0,0.0,2.0
701032,273960,LuoK1ng,3045,TE,Trace Esports,0.86,0.77,221.0,248.0,8.0,6.0,11.0,5.0,0.0,0.0,50.0,83.0,143.0,137.0,35.0,31.0,0.0,1.0,0.0,2.0
701032,273960,Kai,37494,TE,Trace Esports,0.65,0.98,165.0,246.0,7.0,4.0,13.0,5.0,1.0,3.0,50.0,67.0,82.0,178.0,18.0,26.0,4.0,2.0,4.0,1.0
701032,273960,deLb,10821,TE,Trace Esports,0.31,1.35,65.0,236.0,2.0,5.0,12.0,3.0,1.0,1.0,25.0,67.0,60.0,186.0,10.0,33.0,0.0,0.0,1.0,0.0
701032,273960,FengF,4770,TE,Trace Esports,0.27,1.28,86.0,188.0,3.0,5.0,12.0,2.0,1.0,0.0,42.0,100.0,61.0,97.0,15.0,18.0,0.0,0.0,3.0,0.0
701032,273960,FKEY,51249,TE,Trace Esports,0.18,0.44,64.0,58.0,1.0,2.0,12.0,3.0,1.0,0.0,25.0,67.0,60.0,42.0,15.0,25.0,0.0,0.0,0.0,0.0
701036,273962,Deryeon,9152,WOL,Wolves Esports,1.53,1.31,231.0,223.0,10.0,11.0,7.0,7.0,6.0,2.0,75.0,75.0,129.0,145.0,17.0,30.0,1.0,0.0,0.0,0.0
701036,273962,Spring,14125,WOL,Wolves Esports,1.14,1.14,249.0,219.0,11.0,10.0,9.0,8.0,2.0,6.0,67.0,83.0,170.0,140.0,31.0,33.0,1.0,1.0,2.0,0.0
701036,273962,glacier,49973,WOL,Wolves Esports,0.86,1.08,243.0,259.0,9.0,11.0,10.0,10.0,3.0,3.0,75.0,83.0,152.0,174.0,23.0,26.0,3.0,5.0,4.0,3.0
701036,273962,aluba,14441,WOL,Wolves Esports,0.9,0.98,128.0,178.0,6.0,7.0,8.0,9.0,3.0,6.0,92.0,83.0,106.0,132.0,29.0,26.0,0.0,0.0,0.0,1.0
701036,273962,yosemite,6022,WOL,Wolves Esports,0.77,1.0,178.0,176.0,8.0,7.0,11.0,7.0,1.0,3.0,58.0,75.0,116.0,124.0,32.0,26.0,0.0,1.0,1.0,1.0
701036,273962,K1ra,46748,AG,All Gamers,1.66,1.3,344.0,312.0,14.0,14.0,9.0,11.0,3.0,4.0,67.0,100.0,226.0,226.0,16.0,29.0,0.0,1.0,0.0,0.0
701036,273962,f4ngeer,21216,AG,All Gamers,0.65,1.3,190.0,396.0,7.0,9.0,11.0,6.0,2.0,4.0,67.0,83.0,133.0,153.0,20.0,28.0,4.0,1.0,4.0,1.0
701036,273962,Shr1mp,25494,AG,All Gamers,1.07,0.54,182.0,130.0,8.0,5.0,8.0,10.0,3.0,4.0,83.0,67.0,121.0,95.0,35.0,26.0,0.0,1.0,0.0,1.0
701036,273962,Bai,52101,AG,All Gamers,0.81,0.79,140.0,208.0,6.0,9.0,8.0,9.0,3.0,2.0,58.0,75.0,108.0,120.0,11.0,21.0,0.0,2.0,0.0,1.0
701036,273962,iamgrq,58959,AG,All Gamers,0.45,1.01,146.0,228.0,6.0,8.0,10.0,8.0,3.0,4.0,75.0,58.0,84.0,146.0,29.0,22.0,1.0,2.0,3.0,2.0
701036,273963,Spring,14125,WOL,Wolves Esports,1.01,1.04,205.0,239.0,8.0,5.0,10.0,4.0,3.0,0.0,67.0,60.0,145.0,155.0,17.0,27.0,0.0,0.0,1.0,0.0
701036,273963,aluba,14441,WOL,Wolves Esports,1.13,0.5,222.0,147.0,9.0,2.0,10.0,4.0,2.0,0.0,83.0,60.0,138.0,94.0,33.0,20.0,0.0,0.0,1.0,1.0
701036,273963,yosemite,6022,WOL,Wolves Esports,0.71,1.2,202.0,188.0,8.0,3.0,12.0,3.0,2.0,1.0,50.0,80.0,141.0,131.0,53.0,18.0,0.0,0.0,0.0,1.0
701036,273963,Deryeon,9152,WOL,Wolves Esports,0.63,0.72,115.0,180.0,4.0,3.0,10.0,4.0,6.0,1.0,67.0,60.0,65.0,116.0,33.0,12.0,0.0,1.0,3.0,0.0
701036,273963,glacier,49973,WOL,Wolves Esports,0.28,0.74,73.0,134.0,3.0,2.0,11.0,4.0,1.0,2.0,33.0,60.0,53.0,73.0,10.0,20.0,1.0,0.0,6.0,2.0
701036,273963,Shr1mp,25494,AG,All Gamers,1.33,1.66,226.0,277.0,5.0,13.0,3.0,6.0,1.0,6.0,80.0,100.0,135.0,142.0,10.0,10.0,0.0,2.0,0.0,0.0
701036,273963,iamgrq,58959,AG,All Gamers,0.9,1.32,131.0,277.0,3.0,12.0,3.0,8.0,2.0,6.0,80.0,100.0,142.0,199.0,33.0,46.0,0.0,2.0,0.0,0.0
701036,273963,K1ra,46748,AG,All Gamers,1.37,1.04,202.0,186.0,3.0,8.0,2.0,6.0,1.0,7.0,60.0,92.0,133.0,125.0,50.0,36.0,1.0,1.0,0.0,0.0
701036,273963,Bai,52101,AG,All Gamers,1.45,1.02,248.0,210.0,5.0,10.0,3.0,7.0,1.0,2.0,80.0,75.0,182.0,141.0,25.0,23.0,0.0,2.0,0.0,0.0
701036,273963,f4ngeer,21216,AG,All Gamers,0.53,1.24,175.0,215.0,3.0,10.0,4.0,5.0,0.0,1.0,80.0,83.0,112.0,132.0,50.0,18.0,3.0,4.0,1.0,1.0
701037,273965,Rarga,22047,XLG,Xi Lai Gaming,1.02,1.74,185.0,351.0,9.0,16.0,9.0,9.0,2.0,3.0,69.0,85.0,117.0,191.0,45.0,22.0,2.0,6.0,0.0,0.0
701037,273965,WsLeo,24308,XLG,Xi Lai Gaming,0.95,1.01,164.0,196.0,7.0,9.0,9.0,7.0,5.0,6.0,77.0,69.0,110.0,114.0,47.0,27.0,2.0,0.0,2.0,0.0
701037,273965,happywei,37927,XLG,Xi Lai Gaming,1.05,0.73,210.0,116.0,10.0,4.0,10.0,8.0,2.0,7.0,85.0,77.0,124.0,74.0,58.0,31.0,0.0,1.0,1.0,2.0
701037,273965,Lysoar,37489,XLG,Xi Lai Gaming,0.78,0.95,153.0,173.0,7.0,9.0,9.0,9.0,2.0,7.0,69.0,77.0,108.0,112.0,50.0,37.0,0.0,1.0,2.0,1.0
701037,273965,NoMan,11527,XLG,Xi Lai Gaming,0.47,0.77,151.0,147.0,7.0,6.0,11.0,7.0,0.0,1.0,38.0,46.0,93.0,97.0,46.0,26.0,1.0,2.0,3.0,0.0
701037,273965,Coco,47629,TEC,Wuxi Titan Esports Club (Titan Esports Club),1.45,1.23,278.0,218.0,13.0,10.0,8.0,8.0,5.0,9.0,77.0,92.0,159.0,119.0,70.0,56.0,1.0,1.0,0.0,0.0
701037,273965,lucas,19677,TEC,Wuxi Titan Esports Club (Titan Esports Club),0.97,1.34,164.0,246.0,7.0,12.0,8.0,8.0,1.0,2.0,62.0,77.0,110.0,190.0,17.0,26.0,0.0,0.0,1.0,0.0
701037,273965,Haodong,4720,TEC,Wuxi Titan Esports Club (Titan Esports Club),1.02,1.17,146.0,220.0,6.0,11.0,8.0,8.0,2.0,0.0,62.0,77.0,102.0,136.0,30.0,36.0,0.0,2.0,1.0,0.0
701037,273965,Dynamite,42235,TEC,Wuxi Titan Esports Club (Titan Esports Club),0.64,1.01,143.0,227.0,8.0,10.0,10.0,9.0,0.0,2.0,62.0,62.0,97.0,143.0,43.0,35.0,2.0,3.0,4.0,3.0
701037,273965,Spitfires,4881,TEC,Wuxi Titan Esports Club (Titan Esports Club),0.62,0.72,149.0,105.0,6.0,5.0,10.0,7.0,3.0,2.0,54.0,77.0,108.0,76.0,32.0,42.0,0.0,2.0,4.0,2.0
701037,273966,Rarga,22047,XLG,Xi Lai Gaming,1.22,1.81,227.0,370.0,7.0,15.0,5.0,7.0,2.0,4.0,88.0,75.0,130.0,235.0,38.0,40.0,3.0,3.0,1.0,2.0
701037,273966,WsLeo,24308,XLG,Xi Lai Gaming,1.35,1.21,185.0,257.0,6.0,10.0,4.0,7.0,4.0,5.0,88.0,67.0,120.0,162.0,40.0,21.0,0.0,3.0,0.0,1.0
701037,273966,NoMan,11527,XLG,Xi Lai Gaming,1.2,1.04,221.0,236.0,6.0,11.0,5.0,8.0,2.0,3.0,88.0,83.0,152.0,147.0,30.0,15.0,1.0,3.0,2.0,0.0
701037,273966,happywei,37927,XLG,Xi Lai Gaming,0.6,1.39,96.0,211.0,3.0,10.0,6.0,5.0,2.0,5.0,63.0,92.0,74.0,147.0,43.0,26.0,0.0,0.0,1.0,0.0
701037,273966,Lysoar,37489,XLG,Xi Lai Gaming,1.33,0.51,251.0,119.0,7.0,5.0,5.0,9.0,4.0,5.0,88.0,58.0,144.0,79.0,37.0,24.0,0.0,0.0,0.0,0.0
701037,273966,Coco,47629,TEC,Wuxi Titan Esports Club (Titan Esports Club),1.43,0.93,286.0,134.0,12.0,4.0,10.0,5.0,9.0,5.0,100.0,75.0,168.0,83.0,31.0,21.0,0.0,0.0,0.0,0.0
701037,273966,Spitfires,4881,TEC,Wuxi Titan Esports Club (Titan Esports Club),1.4,0.59,297.0,182.0,10.0,4.0,10.0,7.0,3.0,3.0,67.0,63.0,202.0,155.0,29.0,33.0,1.0,1.0,2.0,1.0
701037,273966,lucas,19677,TEC,Wuxi Titan Esports Club (Titan Esports Club),0.63,1.41,122.0,260.0,5.0,8.0,10.0,5.0,6.0,2.0,58.0,75.0,81.0,169.0,16.0,25.0,0.0,1.0,1.0,0.0
701037,273966,Haodong,4720,TEC,Wuxi Titan Esports Club (Titan Esports Club),0.51,1.11,111.0,206.0,4.0,6.0,10.0,6.0,2.0,3.0,42.0,75.0,76.0,134.0,33.0,39.0,0.0,2.0,1.0,0.0
701037,273966,Dynamite,42235,TEC,Wuxi Titan Esports Club (Titan Esports Club),0.42,0.54,127.0,102.0,5.0,3.0,11.0,6.0,3.0,4.0,67.0,50.0,79.0,87.0,24.0,18.0,2.0,0.0,5.0,3.0
701037,273967,Rarga,22047,XLG,Xi Lai Gaming,1.4,1.59,312.0,327.0,12.0,14.0,11.0,8.0,5.0,2.0,83.0,73.0,230.0,236.0,32.0,31.0,2.0,3.0,1.0,1.0
701037,273967,Lysoar,37489,XLG,Xi Lai Gaming,0.97,1.39,181.0,265.0,8.0,12.0,9.0,8.0,1.0,2.0,50.0,82.0,112.0,152.0,26.0,36.0,0.0,2.0,0.0,0.0
701037,273967,NoMan,11527,XLG,Xi Lai Gaming,0.72,0.57,213.0,69.0,8.0,3.0,11.0,7.0,2.0,3.0,83.0,55.0,141.0,64.0,41.0,20.0,2.0,0.0,3.0,1.0
701037,273967,WsLeo,24308,XLG,Xi Lai Gaming,0.51,0.74,64.0,166.0,2.0,5.0,8.0,8.0,2.0,4.0,50.0,73.0,56.0,129.0,15.0,18.0,0.0,3.0,0.0,0.0
701037,273967,happywei,37927,XLG,Xi Lai Gaming,0.16,1.04,53.0,304.0,1.0,11.0,10.0,10.0,1.0,2.0,42.0,73.0,42.0,234.0,29.0,23.0,1.0,0.0,3.0,1.0
701037,273967,lucas,19677,TEC,Wuxi Titan Esports Club (Titan Esports Club),1.92,1.34,374.0,200.0,16.0,9.0,8.0,3.0,1.0,2.0,82.0,75.0,231.0,128.0,22.0,3.0,0.0,2.0,0.0,1.0
701037,273967,Coco,47629,TEC,Wuxi Titan Esports Club (Titan Esports Club),0.71,1.85,177.0,317.0,7.0,14.0,9.0,5.0,1.0,4.0,55.0,92.0,114.0,198.0,27.0,33.0,1.0,0.0,0.0,1.0
701037,273967,Haodong,4720,TEC,Wuxi Titan Esports Club (Titan Esports Club),1.37,0.63,277.0,193.0,9.0,8.0,9.0,10.0,7.0,3.0,82.0,83.0,186.0,102.0,22.0,33.0,1.0,2.0,1.0,0.0
701037,273967,Dynamite,42235,TEC,Wuxi Titan Esports Club (Titan Esports Club),0.82,1.0,205.0,167.0,7.0,7.0,9.0,7.0,4.0,5.0,82.0,83.0,160.0,131.0,28.0,42.0,1.0,1.0,4.0,1.0
701037,273967,Spitfires,4881,TEC,Wuxi Titan Esports Club (Titan Esports Club),0.11,1.46,79.0,265.0,2.0,11.0,10.0,6.0,1.0,1.0,45.0,83.0,62.0,189.0,17.0,36.0,0.0,2.0,3.0,2.0
701038,277180,BerLIN,7857,JDG,JD Gaming,1.06,0.97,197.0,211.0,6.0,8.0,7.0,8.0,0.0,3.0,89.0,83.0,139.0,132.0,58.0,20.0,1.0,1.0,1.0,1.0
701038,277180,zhe,49476,JDG,JD Gaming,0.74,1.06,165.0,184.0,5.0,8.0,7.0,8.0,2.0,0.0,89.0,67.0,102.0,121.0,27.0,32.0,0.0,2.0,3.0,0.0
701038,277180,Yuicaw,11218,JDG,JD Gaming,0.34,1.26,90.0,260.0,3.0,11.0,8.0,8.0,2.0,2.0,78.0,50.0,65.0,188.0,29.0,38.0,0.0,0.0,1.0,1.0
701038,277180,crownfisher,64969,JDG,JD Gaming,1.01,0.68,166.0,143.0,5.0,6.0,6.0,8.0,2.0,0.0,56.0,50.0,114.0,81.0,29.0,5.0,1.0,2.0,1.0,4.0
701038,277180,jkuro,3519,JDG,JD Gaming,1.01,0.66,205.0,112.0,7.0,4.0,6.0,8.0,0.0,1.0,67.0,42.0,131.0,80.0,27.0,22.0,0.0,0.0,0.0,1.0
701038,277180,coconut,12365,FPX,FunPlus Phoenix,1.49,0.95,230.0,190.0,10.0,7.0,5.0,6.0,2.0,1.0,75.0,78.0,155.0,136.0,28.0,78.0,0.0,0.0,0.0,1.0
701038,277180,Setrod,50025,FPX,FunPlus Phoenix,1.17,1.33,192.0,283.0,9.0,9.0,7.0,5.0,1.0,2.0,75.0,89.0,122.0,187.0,41.0,19.0,4.0,0.0,2.0,0.0
701038,277180,Xlele,54487,FPX,FunPlus Phoenix,0.8,1.37,195.0,279.0,8.0,9.0,8.0,6.0,0.0,1.0,67.0,89.0,121.0,186.0,28.0,20.0,2.0,3.0,1.0,0.0
701038,277180,KovaQ,7987,FPX,FunPlus Phoenix,0.79,1.01,152.0,192.0,7.0,6.0,8.0,6.0,5.0,5.0,58.0,89.0,86.0,128.0,22.0,54.0,1.0,3.0,1.0,0.0
701038,277180,AAAAY,19530,FPX,FunPlus Phoenix,0.72,0.94,143.0,59.0,6.0,3.0,9.0,3.0,5.0,2.0,58.0,89.0,77.0,44.0,45.0,33.0,0.0,0.0,1.0,1.0
701038,277181,zhe,49476,JDG,JD Gaming,,,,,,,,,,,,,,,,,,,,
701038,277181,BerLIN,7857,JDG,JD Gaming,,,,,,,,,,,,,,,,,,,,
701038,277181,Yuicaw,11218,JDG,JD Gaming,,,,,,,,,,,,,,,,,,,,
701038,277181,crownfisher,64969,JDG,JD Gaming,,,,,,,,,,,,,,,,,,,,
701038,277181,jkuro,3519,JDG,JD Gaming,,,,,,,,,,,,,,,,,,,,
701038,277181,Setrod,50025,FPX,FunPlus Phoenix,,,,,,,,,,,,,,,,,,,,
701038,277181,KovaQ,7987,FPX,FunPlus Phoenix,,,,,,,,,,,,,,,,,,,,
701038,277181,Xlele,54487,FPX,FunPlus Phoenix,,,,,,,,,,,,,,,,,,,,
701038,277181,coconut,12365,FPX,FunPlus Phoenix,,,,,,,,,,,,,,,,,,,,
701038,277181,AAAAY,19530,FPX,FunPlus Phoenix,,,,,,,,,,,,,,,,,,,,
701039,273971,CHICHOO,15559,EDG,EDward Gaming,1.51,1.05,305.0,209.0,9.0,7.0,5.0,11.0,2.0,7.0,78.0,75.0,219.0,135.0,48.0,13.0,3.0,0.0,1.0,0.0
701039,273971,Smoggy,4742,EDG,EDward Gaming,1.35,0.99,280.0,203.0,9.0,8.0,6.0,11.0,5.0,2.0,78.0,58.0,156.0,126.0,42.0,38.0,2.0,0.0,0.0,1.0
701039,273971,nobody,3017,EDG,EDward Gaming,1.19,0.86,201.0,194.0,5.0,7.0,5.0,10.0,3.0,3.0,56.0,67.0,155.0,146.0,27.0,27.0,1.0,1.0,1.0,2.0
701039,273971,Jieni7,51244,EDG,EDward Gaming,0.58,0.76,126.0,182.0,4.0,7.0,6.0,11.0,3.0,3.0,56.0,75.0,63.0,116.0,6.0,24.0,0.0,2.0,0.0,0.0
701039,273971,ZmjjKK,3520,EDG,EDward Gaming,0.53,0.61,128.0,156.0,5.0,7.0,7.0,10.0,0.0,1.0,67.0,42.0,63.0,75.0,25.0,19.0,0.0,2.0,1.0,4.0
701039,273971,slowly,41739,TYL,TYLOO,1.46,1.73,326.0,270.0,15.0,9.0,8.0,4.0,2.0,0.0,83.0,67.0,202.0,160.0,8.0,46.0,3.0,2.0,3.0,1.0
701039,273971,Erv,55085,TYL,TYLOO,0.97,1.7,155.0,300.0,8.0,9.0,7.0,5.0,7.0,5.0,83.0,56.0,82.0,173.0,28.0,28.0,1.0,0.0,0.0,1.0
701039,273971,Scales,39485,TYL,TYLOO,1.31,0.48,263.0,100.0,11.0,2.0,7.0,7.0,5.0,4.0,83.0,67.0,169.0,87.0,33.0,19.0,1.0,1.0,0.0,2.0
701039,273971,SiuFatBB,7849,TYL,TYLOO,1.58,0.1,268.0,70.0,13.0,2.0,5.0,9.0,4.0,2.0,83.0,67.0,187.0,35.0,21.0,14.0,1.0,0.0,1.0,1.0
701039,273971,splash,36685,TYL,TYLOO,0.6,0.99,178.0,243.0,6.0,7.0,9.0,7.0,6.0,3.0,75.0,67.0,133.0,194.0,25.0,56.0,1.0,0.0,1.0,1.0
701039,273972,ZmjjKK,3520,EDG,EDward Gaming,0.95,1.62,206.0,319.0,6.0,14.0,6.0,7.0,1.0,1.0,63.0,58.0,132.0,194.0,14.0,25.0,2.0,4.0,0.0,1.0
701039,273972,CHICHOO,15559,EDG,EDward Gaming,1.53,1.07,266.0,199.0,9.0,9.0,3.0,7.0,2.0,2.0,88.0,67.0,155.0,145.0,44.0,45.0,0.0,1.0,1.0,2.0
701039,273972,Smoggy,4742,EDG,EDward Gaming,1.0,1.12,216.0,233.0,6.0,9.0,6.0,9.0,3.0,6.0,75.0,83.0,119.0,137.0,78.0,48.0,1.0,1.0,0.0,1.0
701039,273972,nobody,3017,EDG,EDward Gaming,1.14,0.65,198.0,98.0,5.0,4.0,4.0,7.0,2.0,3.0,75.0,75.0,125.0,83.0,36.0,21.0,2.0,0.0,0.0,0.0
701039,273972,Jieni7,51244,EDG,EDward Gaming,0.67,0.86,138.0,210.0,4.0,9.0,6.0,9.0,4.0,0.0,88.0,50.0,71.0,138.0,80.0,16.0,1.0,1.0,1.0,1.0
701039,273972,slowly,41739,TYL,TYLOO,1.29,1.18,226.0,314.0,10.0,8.0,8.0,7.0,2.0,1.0,67.0,75.0,132.0,182.0,36.0,41.0,3.0,1.0,1.0,1.0
701039,273972,SiuFatBB,7849,TYL,TYLOO,1.15,0.94,206.0,154.0,8.0,5.0,8.0,6.0,4.0,2.0,83.0,75.0,151.0,91.0,17.0,8.0,0.0,0.0,0.0,0.0
701039,273972,splash,36685,TYL,TYLOO,0.74,1.03,207.0,210.0,8.0,6.0,11.0,5.0,1.0,1.0,58.0,63.0,135.0,135.0,32.0,25.0,1.0,0.0,2.0,1.0
701039,273972,Erv,55085,TYL,TYLOO,0.79,0.9,192.0,172.0,7.0,3.0,10.0,7.0,7.0,8.0,58.0,63.0,128.0,116.0,28.0,20.0,0.0,1.0,1.0,2.0
701039,273972,Scales,39485,TYL,TYLOO,0.75,0.59,115.0,88.0,6.0,3.0,8.0,5.0,5.0,1.0,75.0,63.0,96.0,64.0,38.0,10.0,1.0,0.0,3.0,2.0
701039,273973,ZmjjKK,3520,EDG,EDward Gaming,1.09,0.51,265.0,133.0,11.0,2.0,11.0,4.0,2.0,0.0,75.0,50.0,163.0,75.0,31.0,67.0,1.0,1.0,2.0,1.0
701039,273973,CHICHOO,15559,EDG,EDward Gaming,0.98,0.84,209.0,133.0,10.0,2.0,11.0,3.0,1.0,0.0,83.0,50.0,146.0,94.0,48.0,67.0,2.0,1.0,0.0,0.0
701039,273973,Smoggy,4742,EDG,EDward Gaming,1.19,0.02,240.0,28.0,9.0,0.0,10.0,4.0,3.0,1.0,67.0,25.0,164.0,24.0,46.0,0.0,2.0,0.0,2.0,0.0
701039,273973,nobody,3017,EDG,EDward Gaming,0.7,0.95,153.0,229.0,6.0,4.0,10.0,4.0,5.0,0.0,58.0,75.0,109.0,133.0,20.0,67.0,0.0,0.0,0.0,1.0
701039,273973,Jieni7,51244,EDG,EDward Gaming,0.09,0.19,89.0,129.0,3.0,0.0,12.0,4.0,2.0,2.0,58.0,50.0,65.0,133.0,25.0,0.0,1.0,0.0,2.0,0.0
701039,273973,splash,36685,TYL,TYLOO,2.01,2.33,277.0,541.0,5.0,22.0,1.0,8.0,0.0,6.0,75.0,100.0,232.0,339.0,75.0,28.0,1.0,2.0,1.0,1.0
701039,273973,Erv,55085,TYL,TYLOO,2.23,1.03,310.0,238.0,5.0,11.0,1.0,8.0,1.0,1.0,100.0,67.0,183.0,136.0,13.0,30.0,0.0,2.0,0.0,2.0
701039,273973,slowly,41739,TYL,TYLOO,1.22,1.19,164.0,239.0,3.0,11.0,1.0,9.0,1.0,6.0,75.0,92.0,95.0,155.0,43.0,58.0,1.0,0.0,1.0,1.0
701039,273973,SiuFatBB,7849,TYL,TYLOO,1.11,0.74,214.0,103.0,4.0,5.0,2.0,7.0,0.0,5.0,100.0,58.0,103.0,75.0,38.0,36.0,0.0,0.0,0.0,1.0
701039,273973,Scales,39485,TYL,TYLOO,0.7,0.83,204.0,128.0,2.0,5.0,3.0,7.0,2.0,6.0,50.0,75.0,125.0,85.0,38.0,35.0,0.0,2.0,0.0,1.0
701040,273974,iamgrq,58959,AG,All Gamers,1.16,0.79,193.0,180.0,9.0,6.0,8.0,8.0,0.0,7.0,70.0,75.0,111.0,117.0,33.0,11.0,1.0,1.0,2.0,0.0
701040,273974,Bai,52101,AG,All Gamers,0.63,1.23,172.0,203.0,5.0,10.0,9.0,6.0,2.0,3.0,60.0,75.0,117.0,124.0,23.0,20.0,0.0,1.0,1.0,0.0
701040,273974,K1ra,46748,AG,All Gamers,0.56,1.13,173.0,204.0,5.0,9.0,10.0,6.0,4.0,1.0,80.0,83.0,115.0,128.0,60.0,35.0,1.0,2.0,2.0,0.0
701040,273974,Shr1mp,25494,AG,All Gamers,0.4,1.03,120.0,217.0,4.0,10.0,10.0,7.0,1.0,1.0,40.0,67.0,84.0,128.0,33.0,39.0,0.0,2.0,0.0,1.0
701040,273974,f4ngeer,21216,AG,All Gamers,0.15,1.06,74.0,239.0,2.0,10.0,10.0,8.0,1.0,1.0,40.0,67.0,47.0,126.0,11.0,23.0,1.0,3.0,2.0,2.0
701040,273974,whzy,4885,BLG,Guangzhou Huadu Bilibili Gaming (Bilibili Gaming),1.24,1.87,257.0,330.0,10.0,13.0,10.0,4.0,3.0,2.0,75.0,90.0,180.0,224.0,22.0,20.0,1.0,2.0,1.0,1.0
701040,273974,FT,64029,BLG,Guangzhou Huadu Bilibili Gaming (Bilibili Gaming),1.07,1.47,185.0,172.0,9.0,8.0,8.0,3.0,1.0,3.0,75.0,90.0,103.0,116.0,57.0,38.0,0.0,0.0,0.0,1.0
701040,273974,nephh,10698,BLG,Guangzhou Huadu Bilibili Gaming (Bilibili Gaming),0.88,1.45,114.0,327.0,4.0,12.0,7.0,7.0,5.0,2.0,75.0,90.0,81.0,213.0,27.0,37.0,0.0,3.0,0.0,1.0
701040,273974,Knight,4774,BLG,Guangzhou Huadu Bilibili Gaming (Bilibili Gaming),1.03,0.84,215.0,197.0,9.0,6.0,9.0,6.0,1.0,3.0,75.0,90.0,117.0,128.0,39.0,15.0,2.0,1.0,2.0,0.0
701040,273974,rushia,48878,BLG,Guangzhou Huadu Bilibili Gaming (Bilibili Gaming),0.28,1.23,101.0,200.0,3.0,8.0,11.0,5.0,5.0,2.0,67.0,90.0,64.0,139.0,15.0,10.0,0.0,1.0,6.0,0.0
701040,273975,K1ra,46748,AG,All Gamers,1.44,1.54,232.0,263.0,10.0,11.0,7.0,7.0,1.0,8.0,73.0,83.0,150.0,194.0,25.0,41.0,1.0,1.0,0.0,0.0
701040,273975,iamgrq,58959,AG,All Gamers,1.03,1.33,210.0,275.0,8.0,11.0,8.0,7.0,1.0,7.0,45.0,100.0,132.0,193.0,19.0,33.0,2.0,1.0,3.0,0.0
701040,273975,f4ngeer,21216,AG,All Gamers,0.9,1.33,160.0,244.0,6.0,11.0,8.0,9.0,1.0,4.0,73.0,92.0,119.0,173.0,20.0,17.0,2.0,4.0,1.0,1.0
701040,273975,Shr1mp,25494,AG,All Gamers,1.11,1.02,165.0,201.0,6.0,8.0,6.0,8.0,6.0,4.0,64.0,83.0,110.0,156.0,16.0,18.0,0.0,1.0,1.0,0.0
701040,273975,Bai,52101,AG,All Gamers,1.06,0.96,206.0,198.0,6.0,8.0,9.0,7.0,6.0,3.0,91.0,75.0,174.0,117.0,20.0,11.0,0.0,1.0,1.0,3.0
701040,273975,rushia,48878,BLG,Guangzhou Huadu Bilibili Gaming (Bilibili Gaming),1.42,1.23,296.0,271.0,11.0,11.0,8.0,8.0,2.0,2.0,33.0,91.0,188.0,180.0,24.0,14.0,2.0,1.0,5.0,1.0
701040,273975,Knight,4774,BLG,Guangzhou Huadu Bilibili Gaming (Bilibili Gaming),1.39,0.58,306.0,204.0,12.0,8.0,8.0,9.0,4.0,1.0,92.0,27.0,203.0,147.0,26.0,30.0,1.0,2.0,0.0,1.0
701040,273975,whzy,4885,BLG,Guangzhou Huadu Bilibili Gaming (Bilibili Gaming),0.74,1.22,157.0,236.0,7.0,9.0,10.0,6.0,1.0,1.0,58.0,82.0,113.0,134.0,43.0,7.0,1.0,3.0,1.0,0.0
701040,273975,FT,64029,BLG,Guangzhou Huadu Bilibili Gaming (Bilibili Gaming),0.33,0.98,94.0,157.0,4.0,7.0,12.0,7.0,3.0,5.0,42.0,73.0,78.0,124.0,29.0,35.0,0.0,0.0,1.0,2.0
701040,273975,nephh,10698,BLG,Guangzhou Huadu Bilibili Gaming (Bilibili Gaming),0.49,0.66,117.0,119.0,4.0,3.0,11.0,6.0,6.0,6.0,50.0,82.0,87.0,87.0,12.0,26.0,0.0,0.0,1.0,1.0
701040,273976,K1ra,46748,AG,All Gamers,0.73,1.54,148.0,287.0,6.0,10.0,9.0,6.0,2.0,6.0,58.0,80.0,114.0,182.0,29.0,38.0,0.0,2.0,3.0,0.0
701040,273976,f4ngeer,21216,AG,All Gamers,0.99,1.21,270.0,259.0,12.0,10.0,12.0,7.0,3.0,2.0,75.0,70.0,159.0,181.0,15.0,17.0,3.0,2.0,2.0,1.0
701040,273976,iamgrq,58959,AG,All Gamers,1.35,0.69,285.0,129.0,12.0,6.0,9.0,7.0,3.0,3.0,83.0,60.0,177.0,89.0,43.0,21.0,1.0,0.0,0.0,2.0
701040,273976,Bai,52101,AG,All Gamers,1.05,0.86,214.0,214.0,7.0,7.0,9.0,8.0,7.0,4.0,75.0,80.0,167.0,132.0,13.0,16.0,1.0,2.0,2.0,0.0
701040,273976,Shr1mp,25494,AG,All Gamers,0.59,1.03,112.0,198.0,4.0,7.0,10.0,6.0,3.0,3.0,58.0,90.0,92.0,116.0,29.0,0.0,0.0,1.0,0.0,0.0
701040,273976,nephh,10698,BLG,Guangzhou Huadu Bilibili Gaming (Bilibili Gaming),0.69,2.19,126.0,374.0,4.0,17.0,8.0,6.0,4.0,8.0,70.0,92.0,86.0,213.0,11.0,5.0,0.0,2.0,1.0,1.0
701040,273976,rushia,48878,BLG,Guangzhou Huadu Bilibili Gaming (Bilibili Gaming),1.3,1.37,258.0,265.0,9.0,12.0,7.0,8.0,1.0,4.0,50.0,75.0,180.0,167.0,32.0,31.0,0.0,4.0,2.0,0.0
701040,273976,Knight,4774,BLG,Guangzhou Huadu Bilibili Gaming (Bilibili Gaming),1.7,0.88,312.0,158.0,11.0,7.0,7.0,9.0,3.0,6.0,90.0,75.0,186.0,91.0,33.0,7.0,1.0,0.0,1.0,0.0
701040,273976,whzy,4885,BLG,Guangzhou Huadu Bilibili Gaming (Bilibili Gaming),1.2,0.91,252.0,204.0,9.0,8.0,8.0,8.0,4.0,5.0,70.0,75.0,165.0,149.0,19.0,22.0,2.0,1.0,0.0,2.0
701040,273976,FT,64029,BLG,Guangzhou Huadu Bilibili Gaming (Bilibili Gaming),0.02,0.23,32.0,105.0,1.0,5.0,10.0,10.0,0.0,2.0,30.0,67.0,19.0,61.0,33.0,12.0,0.0,0.0,3.0,2.0
701041,273977,Lysoar,37489,XLG,Xi Lai Gaming,1.45,1.33,211.0,281.0,7.0,12.0,4.0,8.0,2.0,7.0,88.0,83.0,159.0,177.0,37.0,26.0,1.0,2.0,0.0,1.0
701041,273977,happywei,37927,XLG,Xi Lai Gaming,1.36,1.24,280.0,290.0,8.0,12.0,5.0,10.0,5.0,6.0,100.0,83.0,206.0,208.0,30.0,36.0,2.0,2.0,1.0,0.0
701041,273977,WsLeo,24308,XLG,Xi Lai Gaming,1.83,0.84,272.0,204.0,9.0,8.0,3.0,10.0,4.0,2.0,100.0,58.0,138.0,131.0,14.0,20.0,0.0,1.0,0.0,1.0
701041,273977,Rarga,22047,XLG,Xi Lai Gaming,1.24,0.75,231.0,136.0,7.0,6.0,5.0,8.0,3.0,2.0,88.0,58.0,169.0,89.0,21.0,14.0,2.0,2.0,2.0,2.0
701041,273977,NoMan,11527,XLG,Xi Lai Gaming,0.85,0.99,148.0,150.0,5.0,7.0,4.0,6.0,2.0,2.0,63.0,67.0,106.0,88.0,27.0,16.0,0.0,0.0,0.0,1.0
701041,273977,vo0kashu,3741,DRG,Dragon Ranger Gaming,1.26,1.2,207.0,255.0,8.0,7.0,9.0,7.0,6.0,1.0,67.0,63.0,142.0,182.0,38.0,53.0,1.0,1.0,1.0,1.0
701041,273977,SpiritZ1,31753,DRG,Dragon Ranger Gaming,1.31,0.22,308.0,133.0,13.0,2.0,10.0,8.0,2.0,4.0,83.0,75.0,212.0,95.0,43.0,25.0,3.0,1.0,1.0,0.0
701041,273977,Life,3028,DRG,Dragon Ranger Gaming,1.01,0.57,168.0,108.0,8.0,3.0,7.0,7.0,0.0,0.0,50.0,38.0,118.0,73.0,47.0,43.0,1.0,1.0,3.0,1.0
701041,273977,Nicc,11524,DRG,Dragon Ranger Gaming,0.52,1.25,139.0,269.0,5.0,7.0,10.0,7.0,5.0,2.0,58.0,63.0,88.0,186.0,17.0,30.0,0.0,0.0,2.0,1.0
701041,273977,Verse,55817,DRG,Dragon Ranger Gaming,0.87,0.39,183.0,86.0,8.0,2.0,9.0,7.0,3.0,5.0,83.0,75.0,107.0,77.0,20.0,33.0,0.0,0.0,0.0,2.0
701041,273978,Lysoar,37489,XLG,Xi Lai Gaming,0.89,2.11,212.0,348.0,9.0,12.0,9.0,3.0,3.0,8.0,83.0,100.0,123.0,240.0,11.0,30.0,0.0,1.0,2.0,0.0
701041,273978,happywei,37927,XLG,Xi Lai Gaming,1.06,1.6,254.0,305.0,11.0,9.0,9.0,5.0,4.0,6.0,67.0,90.0,159.0,221.0,39.0,33.0,2.0,3.0,1.0,1.0
701041,273978,WsLeo,24308,XLG,Xi Lai Gaming,1.38,1.09,267.0,256.0,10.0,9.0,8.0,6.0,7.0,4.0,83.0,80.0,181.0,159.0,17.0,29.0,0.0,3.0,0.0,1.0
701041,273978,NoMan,11527,XLG,Xi Lai Gaming,0.97,1.25,159.0,146.0,8.0,6.0,7.0,4.0,2.0,4.0,75.0,90.0,129.0,100.0,28.0,29.0,1.0,0.0,3.0,1.0
701041,273978,Rarga,22047,XLG,Xi Lai Gaming,0.63,1.44,192.0,168.0,9.0,8.0,10.0,2.0,1.0,0.0,67.0,100.0,133.0,93.0,38.0,18.0,1.0,0.0,2.0,0.0
701041,273978,vo0kashu,3741,DRG,Dragon Ranger Gaming,1.0,2.02,224.0,367.0,7.0,14.0,8.0,6.0,1.0,4.0,80.0,83.0,158.0,253.0,40.0,27.0,0.0,1.0,0.0,0.0
701041,273978,SpiritZ1,31753,DRG,Dragon Ranger Gaming,0.32,1.08,78.0,289.0,3.0,11.0,9.0,12.0,1.0,3.0,50.0,83.0,54.0,182.0,33.0,42.0,1.0,6.0,2.0,2.0
701041,273978,Life,3028,DRG,Dragon Ranger Gaming,0.25,0.97,101.0,160.0,3.0,8.0,9.0,8.0,0.0,1.0,40.0,75.0,79.0,72.0,23.0,17.0,2.0,1.0,2.0,1.0
701041,273978,Nicc,11524,DRG,Dragon Ranger Gaming,0.64,0.4,153.0,118.0,5.0,5.0,9.0,11.0,3.0,2.0,60.0,67.0,80.0,73.0,11.0,17.0,0.0,0.0,2.0,1.0
701041,273978,Verse,55817,DRG,Dragon Ranger Gaming,0.37,0.62,65.0,116.0,2.0,5.0,9.0,10.0,1.0,6.0,70.0,58.0,50.0,67.0,25.0,42.0,0.0,0.0,1.0,0.0
701042,273980,swagzor,45492,NOVA,Nova Esports,2.84,1.79,578.0,351.0,11.0,14.0,2.0,7.0,1.0,4.0,100.0,100.0,353.0,235.0,43.0,20.0,1.0,3.0,0.0,0.0
701042,273980,GuanG,41054,NOVA,Nova Esports,1.98,1.15,250.0,193.0,6.0,9.0,1.0,5.0,1.0,0.0,100.0,83.0,183.0,121.0,38.0,42.0,0.0,1.0,0.0,1.0
701042,273980,Ezeir,46460,NOVA,Nova Esports,0.79,1.57,169.0,267.0,4.0,11.0,4.0,4.0,0.0,5.0,80.0,83.0,94.0,158.0,8.0,10.0,1.0,2.0,0.0,0.0
701042,273980,cb,39697,NOVA,Nova Esports,1.02,1.24,129.0,240.0,2.0,9.0,2.0,8.0,4.0,6.0,60.0,75.0,78.0,147.0,29.0,50.0,0.0,3.0,2.0,1.0
701042,273980,qiutiaN,43007,NOVA,Nova Esports,0.7,0.67,153.0,115.0,2.0,4.0,4.0,8.0,3.0,6.0,80.0,83.0,115.0,67.0,21.0,20.0,0.0,0.0,1.0,1.0
701042,273980,Yuicaw,11218,JDG,JD Gaming,1.19,0.63,235.0,167.0,9.0,3.0,8.0,5.0,3.0,0.0,92.0,40.0,160.0,99.0,29.0,22.0,1.0,0.0,1.0,0.0
701042,273980,zhe,49476,JDG,JD Gaming,1.13,0.11,237.0,104.0,10.0,1.0,9.0,5.0,2.0,0.0,75.0,20.0,147.0,99.0,21.0,38.0,0.0,0.0,1.0,0.0
701042,273980,jkuro,3519,JDG,JD Gaming,0.76,0.8,132.0,261.0,6.0,4.0,10.0,5.0,5.0,1.0,50.0,80.0,65.0,157.0,36.0,56.0,0.0,3.0,0.0,2.0
701042,273980,BerLIN,7857,JDG,JD Gaming,0.53,1.19,103.0,236.0,4.0,5.0,9.0,5.0,7.0,0.0,50.0,80.0,59.0,185.0,57.0,42.0,1.0,0.0,2.0,0.0
701042,273980,crownfisher,64969,JDG,JD Gaming,0.11,0.02,92.0,41.0,3.0,0.0,11.0,5.0,1.0,1.0,50.0,40.0,71.0,40.0,27.0,0.0,1.0,0.0,5.0,0.0
701042,273981,swagzor,45492,NOVA,Nova Esports,1.04,1.49,254.0,315.0,9.0,12.0,7.0,9.0,0.0,3.0,56.0,75.0,158.0,193.0,46.0,13.0,1.0,3.0,1.0,2.0
701042,273981,GuanG,41054,NOVA,Nova Esports,1.11,1.06,248.0,239.0,7.0,8.0,7.0,9.0,4.0,7.0,67.0,83.0,140.0,166.0,46.0,27.0,2.0,2.0,2.0,2.0
701042,273981,cb,39697,NOVA,Nova Esports,0.68,1.27,241.0,231.0,7.0,10.0,9.0,7.0,3.0,3.0,78.0,75.0,171.0,155.0,41.0,18.0,0.0,1.0,1.0,0.0
701042,273981,Ezeir,46460,NOVA,Nova Esports,0.84,1.01,139.0,169.0,3.0,8.0,6.0,8.0,3.0,6.0,78.0,83.0,126.0,112.0,16.0,54.0,0.0,1.0,1.0,0.0
701042,273981,qiutiaN,43007,NOVA,Nova Esports,0.37,0.8,90.0,125.0,4.0,6.0,7.0,8.0,1.0,4.0,78.0,83.0,49.0,93.0,57.0,39.0,0.0,0.0,1.0,1.0
701042,273981,jkuro,3519,JDG,JD Gaming,1.84,1.05,315.0,159.0,16.0,7.0,7.0,6.0,2.0,3.0,75.0,78.0,188.0,132.0,50.0,36.0,2.0,0.0,1.0,1.0
701042,273981,zhe,49476,JDG,JD Gaming,1.11,1.6,175.0,313.0,8.0,10.0,7.0,6.0,2.0,2.0,67.0,78.0,140.0,187.0,38.0,29.0,2.0,3.0,2.0,1.0
701042,273981,Yuicaw,11218,JDG,JD Gaming,0.51,1.21,160.0,130.0,6.0,4.0,10.0,5.0,1.0,5.0,67.0,78.0,114.0,77.0,37.0,80.0,0.0,1.0,1.0,0.0
701042,273981,crownfisher,64969,JDG,JD Gaming,0.33,1.43,149.0,317.0,6.0,10.0,11.0,7.0,1.0,1.0,50.0,78.0,98.0,247.0,19.0,16.0,0.0,0.0,2.0,1.0
701042,273981,BerLIN,7857,JDG,JD Gaming,0.74,0.78,143.0,166.0,5.0,5.0,9.0,6.0,6.0,3.0,67.0,89.0,86.0,100.0,24.0,13.0,1.0,2.0,1.0,0.0
701042,277454,swagzor,45492,NOVA,Nova Esports,,,,,,,,,,,,,,,,,,,,
701042,277454,Ezeir,46460,NOVA,Nova Esports,,,,,,,,,,,,,,,,,,,,
701042,277454,GuanG,41054,NOVA,Nova Esports,,,,,,,,,,,,,,,,,,,,
701042,277454,qiutiaN,43007,NOVA,Nova Esports,,,,,,,,,,,,,,,,,,,,
701042,277454,cb,39697,NOVA,Nova Esports,,,,,,,,,,,,,,,,,,,,
701042,277454,zhe,49476,JDG,JD Gaming,,,,,,,,,,,,,,,,,,,,
701042,277454,crownfisher,64969,JDG,JD Gaming,,,,,,,,,,,,,,,,,,,,
701042,277454,BerLIN,7857,JDG,JD Gaming,,,,,,,,,,,,,,,,,,,,
701042,277454,Yuicaw,11218,JDG,JD Gaming,,,,,,,,,,,,,,,,,,,,
701042,277454,jkuro,3519,JDG,JD Gaming,,,,,,,,,,,,,,,,,,,,
701043,273983,Erv,55085,TYL,TYLOO,,,,,,,,,,,,,,,,,,,,
701043,273983,splash,36685,TYL,TYLOO,,,,,,,,,,,,,,,,,,,,
701043,273983,slowly,41739,TYL,TYLOO,,,,,,,,,,,,,,,,,,,,
701043,273983,Scales,39485,TYL,TYLOO,,,,,,,,,,,,,,,,,,,,
701043,273983,SiuFatBB,7849,TYL,TYLOO,,,,,,,,,,,,,,,,,,,,
701043,273983,Setrod,50025,FPX,FunPlus Phoenix,,,,,,,,,,,,,,,,,,,,
701043,273983,KovaQ,7987,FPX,FunPlus Phoenix,,,,,,,,,,,,,,,,,,,,
701043,273983,coconut,12365,FPX,FunPlus Phoenix,,,,,,,,,,,,,,,,,,,,
701043,273983,AAAAY,19530,FPX,FunPlus Phoenix,,,,,,,,,,,,,,,,,,,,
701043,273983,Xlele,54487,FPX,FunPlus Phoenix,,,,,,,,,,,,,,,,,,,,
701043,273984,splash,36685,TYL,TYLOO,,,,,,,,,,,,,,,,,,,,
701043,273984,slowly,41739,TYL,TYLOO,,,,,,,,,,,,,,,,,,,,
701043,273984,Erv,55085,TYL,TYLOO,,,,,,,,,,,,,,,,,,,,
701043,273984,SiuFatBB,7849,TYL,TYLOO,,,,,,,,,,,,,,,,,,,,
701043,273984,Scales,39485,TYL,TYLOO,,,,,,,,,,,,,,,,,,,,
701043,273984,AAAAY,19530,FPX,FunPlus Phoenix,,,,,,,,,,,,,,,,,,,,
701043,273984,Setrod,50025,FPX,FunPlus Phoenix,,,,,,,,,,,,,,,,,,,,
701043,273984,coconut,12365,FPX,FunPlus Phoenix,,,,,,,,,,,,,,,,,,,,
701043,273984,KovaQ,7987,FPX,FunPlus Phoenix,,,,,,,,,,,,,,,,,,,,
701043,273984,Xlele,54487,FPX,FunPlus Phoenix,,,,,,,,,,,,,,,,,,,,
701043,273985,slowly,41739,TYL,TYLOO,,,,,,,,,,,,,,,,,,,,
701043,273985,splash,36685,TYL,TYLOO,,,,,,,,,,,,,,,,,,,,
701043,273985,Scales,39485,TYL,TYLOO,,,,,,,,,,,,,,,,,,,,
701043,273985,Erv,55085,TYL,TYLOO,,,,,,,,,,,,,,,,,,,,
701043,273985,SiuFatBB,7849,TYL,TYLOO,,,,,,,,,,,,,,,,,,,,
701043,273985,AAAAY,19530,FPX,FunPlus Phoenix,,,,,,,,,,,,,,,,,,,,
701043,273985,Setrod,50025,FPX,FunPlus Phoenix,,,,,,,,,,,,,,,,,,,,
701043,273985,coconut,12365,FPX,FunPlus Phoenix,,,,,,,,,,,,,,,,,,,,
701043,273985,Xlele,54487,FPX,FunPlus Phoenix,,,,,,,,,,,,,,,,,,,,
701043,273985,KovaQ,7987,FPX,FunPlus Phoenix,,,,,,,,,,,,,,,,,,,,
701044,273986,Kai,37494,TE,Trace Esports,,,,,,,,,,,,,,,,,,,,
701044,273986,deLb,10821,TE,Trace Esports,,,,,,,,,,,,,,,,,,,,
701044,273986,LuoK1ng,3045,TE,Trace Esports,,,,,,,,,,,,,,,,,,,,
701044,273986,FKEY,51249,TE,Trace Esports,,,,,,,,,,,,,,,,,,,,
701044,273986,FengF,4770,TE,Trace Esports,,,,,,,,,,,,,,,,,,,,
701044,273986,nobody,3017,EDG,EDward Gaming,,,,,,,,,,,,,,,,,,,,
701044,273986,ZmjjKK,3520,EDG,EDward Gaming,,,,,,,,,,,,,,,,,,,,
701044,273986,Jieni7,51244,EDG,EDward Gaming,,,,,,,,,,,,,,,,,,,,
701044,273986,Smoggy,4742,EDG,EDward Gaming,,,,,,,,,,,,,,,,,,,,
701044,273986,CHICHOO,15559,EDG,EDward Gaming,,,,,,,,,,,,,,,,,,,,
701044,273987,Kai,37494,TE,Trace Esports,,,,,,,,,,,,,,,,,,,,
701044,273987,FengF,4770,TE,Trace Esports,,,,,,,,,,,,,,,,,,,,
701044,273987,FKEY,51249,TE,Trace Esports,,,,,,,,,,,,,,,,,,,,
701044,273987,LuoK1ng,3045,TE,Trace Esports,,,,,,,,,,,,,,,,,,,,
701044,273987,deLb,10821,TE,Trace Esports,,,,,,,,,,,,,,,,,,,,
701044,273987,ZmjjKK,3520,EDG,EDward Gaming,,,,,,,,,,,,,,,,,,,,
701044,273987,Jieni7,51244,EDG,EDward Gaming,,,,,,,,,,,,,,,,,,,,
701044,273987,nobody,3017,EDG,EDward Gaming,,,,,,,,,,,,,,,,,,,,
701044,273987,Smoggy,4742,EDG,EDward Gaming,,,,,,,,,,,,,,,,,,,,
701044,273987,CHICHOO,15559,EDG,EDward Gaming,,,,,,,,,,,,,,,,,,,,
701045,273989,Dynamite,42235,TEC,Wuxi Titan Esports Club (Titan Esports Club),,,,,,,,,,,,,,,,,,,,
701045,273989,lucas,19677,TEC,Wuxi Titan Esports Club (Titan Esports Club),,,,,,,,,,,,,,,,,,,,
701045,273989,Spitfires,4881,TEC,Wuxi Titan Esports Club (Titan Esports Club),,,,,,,,,,,,,,,,,,,,
701045,273989,Haodong,4720,TEC,Wuxi Titan Esports Club (Titan Esports Club),,,,,,,,,,,,,,,,,,,,
701045,273989,Coco,47629,TEC,Wuxi Titan Esports Club (Titan Esports Club),,,,,,,,,,,,,,,,,,,,
701045,273989,whzy,4885,BLG,Guangzhou Huadu Bilibili Gaming (Bilibili Gaming),,,,,,,,,,,,,,,,,,,,
701045,273989,rushia,48878,BLG,Guangzhou Huadu Bilibili Gaming (Bilibili Gaming),,,,,,,,,,,,,,,,,,,,
701045,273989,Knight,4774,BLG,Guangzhou Huadu Bilibili Gaming (Bilibili Gaming),,,,,,,,,,,,,,,,,,,,
701045,273989,nephh,10698,BLG,Guangzhou Huadu Bilibili Gaming (Bilibili Gaming),,,,,,,,,,,,,,,,,,,,
701045,273989,FT,64029,BLG,Guangzhou Huadu Bilibili Gaming (Bilibili Gaming),,,,,,,,,,,,,,,,,,,,
701045,273990,Coco,47629,TEC,Wuxi Titan Esports Club (Titan Esports Club),,,,,,,,,,,,,,,,,,,,
701045,273990,Dynamite,42235,TEC,Wuxi Titan Esports Club (Titan Esports Club),,,,,,,,,,,,,,,,,,,,
701045,273990,Spitfires,4881,TEC,Wuxi Titan Esports Club (Titan Esports Club),,,,,,,,,,,,,,,,,,,,
701045,273990,lucas,19677,TEC,Wuxi Titan Esports Club (Titan Esports Club),,,,,,,,,,,,,,,,,,,,
701045,273990,Haodong,4720,TEC,Wuxi Titan Esports Club (Titan Esports Club),,,,,,,,,,,,,,,,,,,,
701045,273990,nephh,10698,BLG,Guangzhou Huadu Bilibili Gaming (Bilibili Gaming),,,,,,,,,,,,,,,,,,,,
701045,273990,Knight,4774,BLG,Guangzhou Huadu Bilibili Gaming (Bilibili Gaming),,,,,,,,,,,,,,,,,,,,
701045,273990,whzy,4885,BLG,Guangzhou Huadu Bilibili Gaming (Bilibili Gaming),,,,,,,,,,,,,,,,,,,,
701045,273990,rushia,48878,BLG,Guangzhou Huadu Bilibili Gaming (Bilibili Gaming),,,,,,,,,,,,,,,,,,,,
701045,273990,FT,64029,BLG,Guangzhou Huadu Bilibili Gaming (Bilibili Gaming),,,,,,,,,,,,,,,,,,,,
701045,273991,lucas,19677,TEC,Wuxi Titan Esports Club (Titan Esports Club),,,,,,,,,,,,,,,,,,,,
701045,273991,Spitfires,4881,TEC,Wuxi Titan Esports Club (Titan Esports Club),,,,,,,,,,,,,,,,,,,,
701045,273991,Dynamite,42235,TEC,Wuxi Titan Esports Club (Titan Esports Club),,,,,,,,,,,,,,,,,,,,
701045,273991,Coco,47629,TEC,Wuxi Titan Esports Club (Titan Esports Club),,,,,,,,,,,,,,,,,,,,
701045,273991,Haodong,4720,TEC,Wuxi Titan Esports Club (Titan Esports Club),,,,,,,,,,,,,,,,,,,,
701045,273991,Knight,4774,BLG,Guangzhou Huadu Bilibili Gaming (Bilibili Gaming),,,,,,,,,,,,,,,,,,,,
701045,273991,rushia,48878,BLG,Guangzhou Huadu Bilibili Gaming (Bilibili Gaming),,,,,,,,,,,,,,,,,,,,
701045,273991,nephh,10698,BLG,Guangzhou Huadu Bilibili Gaming (Bilibili Gaming),,,,,,,,,,,,,,,,,,,,
701045,273991,whzy,4885,BLG,Guangzhou Huadu Bilibili Gaming (Bilibili Gaming),,,,,,,,,,,,,,,,,,,,
701045,273991,FT,64029,BLG,Guangzhou Huadu Bilibili Gaming (Bilibili Gaming),,,,,,,,,,,,,,,,,,,,
701046,273992,K1ra,46748,AG,All Gamers,,,,,,,,,,,,,,,,,,,,
701046,273992,iamgrq,58959,AG,All Gamers,,,,,,,,,,,,,,,,,,,,
701046,273992,Bai,52101,AG,All Gamers,,,,,,,,,,,,,,,,,,,,
701046,273992,Shr1mp,25494,AG,All Gamers,,,,,,,,,,,,,,,,,,,,
701046,273992,f4ngeer,21216,AG,All Gamers,,,,,,,,,,,,,,,,,,,,
701046,273992,happywei,37927,XLG,Xi Lai Gaming,,,,,,,,,,,,,,,,,,,,
701046,273992,Lysoar,37489,XLG,Xi Lai Gaming,,,,,,,,,,,,,,,,,,,,
701046,273992,Rarga,22047,XLG,Xi Lai Gaming,,,,,,,,,,,,,,,,,,,,
701046,273992,WsLeo,24308,XLG,Xi Lai Gaming,,,,,,,,,,,,,,,,,,,,
701046,273992,NoMan,11527,XLG,Xi Lai Gaming,,,,,,,,,,,,,,,,,,,,
701046,273993,iamgrq,58959,AG,All Gamers,,,,,,,,,,,,,,,,,,,,
701046,273993,Shr1mp,25494,AG,All Gamers,,,,,,,,,,,,,,,,,,,,
701046,273993,K1ra,46748,AG,All Gamers,,,,,,,,,,,,,,,,,,,,
701046,273993,Bai,52101,AG,All Gamers,,,,,,,,,,,,,,,,,,,,
701046,273993,f4ngeer,21216,AG,All Gamers,,,,,,,,,,,,,,,,,,,,
701046,273993,Lysoar,37489,XLG,Xi Lai Gaming,,,,,,,,,,,,,,,,,,,,
701046,273993,NoMan,11527,XLG,Xi Lai Gaming,,,,,,,,,,,,,,,,,,,,
701046,273993,happywei,37927,XLG,Xi Lai Gaming,,,,,,,,,,,,,,,,,,,,
701046,273993,WsLeo,24308,XLG,Xi Lai Gaming,,,,,,,,,,,,,,,,,,,,
701046,273993,Rarga,22047,XLG,Xi Lai Gaming,,,,,,,,,,,,,,,,,,,,
701047,273995,Kai,37494,TE,Trace Esports,,,,,,,,,,,,,,,,,,,,
701047,273995,deLb,10821,TE,Trace Esports,,,,,,,,,,,,,,,,,,,,
701047,273995,FKEY,51249,TE,Trace Esports,,,,,,,,,,,,,,,,,,,,
701047,273995,LuoK1ng,3045,TE,Trace Esports,,,,,,,,,,,,,,,,,,,,
701047,273995,FengF,4770,TE,Trace Esports,,,,,,,,,,,,,,,,,,,,
701047,273995,swagzor,45492,NOVA,Nova Esports,,,,,,,,,,,,,,,,,,,,
701047,273995,Ezeir,46460,NOVA,Nova Esports,,,,,,,,,,,,,,,,,,,,
701047,273995,cb,39697,NOVA,Nova Esports,,,,,,,,,,,,,,,,,,,,
701047,273995,GuanG,41054,NOVA,Nova Esports,,,,,,,,,,,,,,,,,,,,
701047,273995,qiutiaN,43007,NOVA,Nova Esports,,,,,,,,,,,,,,,,,,,,
701047,273996,deLb,10821,TE,Trace Esports,,,,,,,,,,,,,,,,,,,,
701047,273996,Kai,37494,TE,Trace Esports,,,,,,,,,,,,,,,,,,,,
701047,273996,FKEY,51249,TE,Trace Esports,,,,,,,,,,,,,,,,,,,,
701047,273996,LuoK1ng,3045,TE,Trace Esports,,,,,,,,,,,,,,,,,,,,
701047,273996,FengF,4770,TE,Trace Esports,,,,,,,,,,,,,,,,,,,,
701047,273996,cb,39697,NOVA,Nova Esports,,,,,,,,,,,,,,,,,,,,
701047,273996,swagzor,45492,NOVA,Nova Esports,,,,,,,,,,,,,,,,,,,,
701047,273996,qiutiaN,43007,NOVA,Nova Esports,,,,,,,,,,,,,,,,,,,,
701047,273996,GuanG,41054,NOVA,Nova Esports,,,,,,,,,,,,,,,,,,,,
701047,273996,Ezeir,46460,NOVA,Nova Esports,,,,,,,,,,,,,,,,,,,,
701047,273997,FengF,4770,TE,Trace Esports,,,,,,,,,,,,,,,,,,,,
701047,273997,FKEY,51249,TE,Trace Esports,,,,,,,,,,,,,,,,,,,,
701047,273997,deLb,10821,TE,Trace Esports,,,,,,,,,,,,,,,,,,,,
701047,273997,Kai,37494,TE,Trace Esports,,,,,,,,,,,,,,,,,,,,
701047,273997,LuoK1ng,3045,TE,Trace Esports,,,,,,,,,,,,,,,,,,,,
701047,273997,cb,39697,NOVA,Nova Esports,,,,,,,,,,,,,,,,,,,,
701047,273997,swagzor,45492,NOVA,Nova Esports,,,,,,,,,,,,,,,,,,,,
701047,273997,GuanG,41054,NOVA,Nova Esports,,,,,,,,,,,,,,,,,,,,
701047,273997,qiutiaN,43007,NOVA,Nova Esports,,,,,,,,,,,,,,,,,,,,
701047,273997,Ezeir,46460,NOVA,Nova Esports,,,,,,,,,,,,,,,,,,,,
701048,273998,vo0kashu,3741,DRG,Dragon Ranger Gaming,,,,,,,,,,,,,,,,,,,,
701048,273998,Nicc,11524,DRG,Dragon Ranger Gaming,,,,,,,,,,,,,,,,,,,,
701048,273998,SpiritZ1,31753,DRG,Dragon Ranger Gaming,,,,,,,,,,,,,,,,,,,,
701048,273998,Verse,55817,DRG,Dragon Ranger Gaming,,,,,,,,,,,,,,,,,,,,
701048,273998,Life,3028,DRG,Dragon Ranger Gaming,,,,,,,,,,,,,,,,,,,,
701048,273998,glacier,49973,WOL,Wolves Esports,,,,,,,,,,,,,,,,,,,,
701048,273998,yosemite,6022,WOL,Wolves Esports,,,,,,,,,,,,,,,,,,,,
701048,273998,Spring,14125,WOL,Wolves Esports,,,,,,,,,,,,,,,,,,,,
701048,273998,aluba,14441,WOL,Wolves Esports,,,,,,,,,,,,,,,,,,,,
701048,273998,Deryeon,9152,WOL,Wolves Esports,,,,,,,,,,,,,,,,,,,,
701048,273999,SpiritZ1,31753,DRG,Dragon Ranger Gaming,,,,,,,,,,,,,,,,,,,,
701048,273999,Verse,55817,DRG,Dragon Ranger Gaming,,,,,,,,,,,,,,,,,,,,
701048,273999,Life,3028,DRG,Dragon Ranger Gaming,,,,,,,,,,,,,,,,,,,,
701048,273999,vo0kashu,3741,DRG,Dragon Ranger Gaming,,,,,,,,,,,,,,,,,,,,
701048,273999,Nicc,11524,DRG,Dragon Ranger Gaming,,,,,,,,,,,,,,,,,,,,
701048,273999,glacier,49973,WOL,Wolves Esports,,,,,,,,,,,,,,,,,,,,
701048,273999,Spring,14125,WOL,Wolves Esports,,,,,,,,,,,,,,,,,,,,
701048,273999,aluba,14441,WOL,Wolves Esports,,,,,,,,,,,,,,,,,,,,
701048,273999,Deryeon,9152,WOL,Wolves Esports,,,,,,,,,,,,,,,,,,,,
701048,273999,yosemite,6022,WOL,Wolves Esports,,,,,,,,,,,,,,,,,,,,
701048,274000,Nicc,11524,DRG,Dragon Ranger Gaming,,,,,,,,,,,,,,,,,,,,
701048,274000,Life,3028,DRG,Dragon Ranger Gaming,,,,,,,,,,,,,,,,,,,,
701048,274000,Verse,55817,DRG,Dragon Ranger Gaming,,,,,,,,,,,,,,,,,,,,
701048,274000,SpiritZ1,31753,DRG,Dragon Ranger Gaming,,,,,,,,,,,,,,,,,,,,
701048,274000,vo0kashu,3741,DRG,Dragon Ranger Gaming,,,,,,,,,,,,,,,,,,,,
701048,274000,glacier,49973,WOL,Wolves Esports,,,,,,,,,,,,,,,,,,,,
701048,274000,yosemite,6022,WOL,Wolves Esports,,,,,,,,,,,,,,,,,,,,
701048,274000,aluba,14441,WOL,Wolves Esports,,,,,,,,,,,,,,,,,,,,
701048,274000,Deryeon,9152,WOL,Wolves Esports,,,,,,,,,,,,,,,,,,,,
701048,274000,Spring,14125,WOL,Wolves Esports,,,,,,,,,,,,,,,,,,,,
701049,274001,ZmjjKK,3520,EDG,EDward Gaming,,,,,,,,,,,,,,,,,,,,
701049,274001,Jieni7,51244,EDG,EDward Gaming,,,,,,,,,,,,,,,,,,,,
701049,274001,CHICHOO,15559,EDG,EDward Gaming,,,,,,,,,,,,,,,,,,,,
701049,274001,nobody,3017,EDG,EDward Gaming,,,,,,,,,,,,,,,,,,,,
701049,274001,Smoggy,4742,EDG,EDward Gaming,,,,,,,,,,,,,,,,,,,,
701049,274001,BerLIN,7857,JDG,JD Gaming,,,,,,,,,,,,,,,,,,,,
701049,274001,crownfisher,64969,JDG,JD Gaming,,,,,,,,,,,,,,,,,,,,
701049,274001,Yuicaw,11218,JDG,JD Gaming,,,,,,,,,,,,,,,,,,,,
701049,274001,zhe,49476,JDG,JD Gaming,,,,,,,,,,,,,,,,,,,,
701049,274001,jkuro,3519,JDG,JD Gaming,,,,,,,,,,,,,,,,,,,,
701049,274002,nobody,3017,EDG,EDward Gaming,,,,,,,,,,,,,,,,,,,,
701049,274002,ZmjjKK,3520,EDG,EDward Gaming,,,,,,,,,,,,,,,,,,,,
701049,274002,Smoggy,4742,EDG,EDward Gaming,,,,,,,,,,,,,,,,,,,,
701049,274002,Jieni7,51244,EDG,EDward Gaming,,,,,,,,,,,,,,,,,,,,
701049,274002,CHICHOO,15559,EDG,EDward Gaming,,,,,,,,,,,,,,,,,,,,
701049,274002,crownfisher,64969,JDG,JD Gaming,,,,,,,,,,,,,,,,,,,,
701049,274002,jkuro,3519,JDG,JD Gaming,,,,,,,,,,,,,,,,,,,,
701049,274002,Yuicaw,11218,JDG,JD Gaming,,,,,,,,,,,,,,,,,,,,
701049,274002,zhe,49476,JDG,JD Gaming,,,,,,,,,,,,,,,,,,,,
701049,274002,BerLIN,7857,JDG,JD Gaming,,,,,,,,,,,,,,,,,,,,
701050,274004,Dynamite,42235,TEC,Wuxi Titan Esports Club (Titan Esports Club),,,,,,,,,,,,,,,,,,,,
701050,274004,Haodong,4720,TEC,Wuxi Titan Esports Club (Titan Esports Club),,,,,,,,,,,,,,,,,,,,
701050,274004,ra1ny,63107,TEC,Wuxi Titan Esports Club (Titan Esports Club),,,,,,,,,,,,,,,,,,,,
701050,274004,Coco,47629,TEC,Wuxi Titan Esports Club (Titan Esports Club),,,,,,,,,,,,,,,,,,,,
701050,274004,lucas,19677,TEC,Wuxi Titan Esports Club (Titan Esports Club),,,,,,,,,,,,,,,,,,,,
701050,274004,K1ra,46748,AG,All Gamers,,,,,,,,,,,,,,,,,,,,
701050,274004,Shr1mp,25494,AG,All Gamers,,,,,,,,,,,,,,,,,,,,
701050,274004,Bai,52101,AG,All Gamers,,,,,,,,,,,,,,,,,,,,
701050,274004,f4ngeer,21216,AG,All Gamers,,,,,,,,,,,,,,,,,,,,
701050,274004,iamgrq,58959,AG,All Gamers,,,,,,,,,,,,,,,,,,,,
701050,274005,Coco,47629,TEC,Wuxi Titan Esports Club (Titan Esports Club),,,,,,,,,,,,,,,,,,,,
701050,274005,lucas,19677,TEC,Wuxi Titan Esports Club (Titan Esports Club),,,,,,,,,,,,,,,,,,,,
701050,274005,Dynamite,42235,TEC,Wuxi Titan Esports Club (Titan Esports Club),,,,,,,,,,,,,,,,,,,,
701050,274005,Haodong,4720,TEC,Wuxi Titan Esports Club (Titan Esports Club),,,,,,,,,,,,,,,,,,,,
701050,274005,ra1ny,63107,TEC,Wuxi Titan Esports Club (Titan Esports Club),,,,,,,,,,,,,,,,,,,,
701050,274005,f4ngeer,21216,AG,All Gamers,,,,,,,,,,,,,,,,,,,,
701050,274005,Bai,52101,AG,All Gamers,,,,,,,,,,,,,,,,,,,,
701050,274005,K1ra,46748,AG,All Gamers,,,,,,,,,,,,,,,,,,,,
701050,274005,iamgrq,58959,AG,All Gamers,,,,,,,,,,,,,,,,,,,,
701050,274005,Shr1mp,25494,AG,All Gamers,,,,,,,,,,,,,,,,,,,,
701051,274007,nephh,10698,BLG,Guangzhou Huadu Bilibili Gaming (Bilibili Gaming),,,,,,,,,,,,,,,,,,,,
701051,274007,FT,64029,BLG,Guangzhou Huadu Bilibili Gaming (Bilibili Gaming),,,,,,,,,,,,,,,,,,,,
701051,274007,rushia,48878,BLG,Guangzhou Huadu Bilibili Gaming (Bilibili Gaming),,,,,,,,,,,,,,,,,,,,
701051,274007,Knight,4774,BLG,Guangzhou Huadu Bilibili Gaming (Bilibili Gaming),,,,,,,,,,,,,,,,,,,,
701051,274007,whzy,4885,BLG,Guangzhou Huadu Bilibili Gaming (Bilibili Gaming),,,,,,,,,,,,,,,,,,,,
701051,274007,WsLeo,24308,XLG,Xi Lai Gaming,,,,,,,,,,,,,,,,,,,,
701051,274007,NoMan,11527,XLG,Xi Lai Gaming,,,,,,,,,,,,,,,,,,,,
701051,274007,Lysoar,37489,XLG,Xi Lai Gaming,,,,,,,,,,,,,,,,,,,,
701051,274007,Rarga,22047,XLG,Xi Lai Gaming,,,,,,,,,,,,,,,,,,,,
701051,274007,happywei,37927,XLG,Xi Lai Gaming,,,,,,,,,,,,,,,,,,,,
701051,274008,whzy,4885,BLG,Guangzhou Huadu Bilibili Gaming (Bilibili Gaming),,,,,,,,,,,,,,,,,,,,
701051,274008,Knight,4774,BLG,Guangzhou Huadu Bilibili Gaming (Bilibili Gaming),,,,,,,,,,,,,,,,,,,,
701051,274008,nephh,10698,BLG,Guangzhou Huadu Bilibili Gaming (Bilibili Gaming),,,,,,,,,,,,,,,,,,,,
701051,274008,rushia,48878,BLG,Guangzhou Huadu Bilibili Gaming (Bilibili Gaming),,,,,,,,,,,,,,,,,,,,
701051,274008,FT,64029,BLG,Guangzhou Huadu Bilibili Gaming (Bilibili Gaming),,,,,,,,,,,,,,,,,,,,
701051,274008,Rarga,22047,XLG,Xi Lai Gaming,,,,,,,,,,,,,,,,,,,,
701051,274008,NoMan,11527,XLG,Xi Lai Gaming,,,,,,,,,,,,,,,,,,,,
701051,274008,happywei,37927,XLG,Xi Lai Gaming,,,,,,,,,,,,,,,,,,,,
701051,274008,Lysoar,37489,XLG,Xi Lai Gaming,,,,,,,,,,,,,,,,,,,,
701051,274008,WsLeo,24308,XLG,Xi Lai Gaming,,,,,,,,,,,,,,,,,,,,
701051,274009,nephh,10698,BLG,Guangzhou Huadu Bilibili Gaming (Bilibili Gaming),,,,,,,,,,,,,,,,,,,,
701051,274009,FT,64029,BLG,Guangzhou Huadu Bilibili Gaming (Bilibili Gaming),,,,,,,,,,,,,,,,,,,,
701051,274009,Knight,4774,BLG,Guangzhou Huadu Bilibili Gaming (Bilibili Gaming),,,,,,,,,,,,,,,,,,,,
701051,274009,whzy,4885,BLG,Guangzhou Huadu Bilibili Gaming (Bilibili Gaming),,,,,,,,,,,,,,,,,,,,
701051,274009,rushia,48878,BLG,Guangzhou Huadu Bilibili Gaming (Bilibili Gaming),,,,,,,,,,,,,,,,,,,,
701051,274009,Lysoar,37489,XLG,Xi Lai Gaming,,,,,,,,,,,,,,,,,,,,
701051,274009,Rarga,22047,XLG,Xi Lai Gaming,,,,,,,,,,,,,,,,,,,,
701051,274009,WsLeo,24308,XLG,Xi Lai Gaming,,,,,,,,,,,,,,,,,,,,
701051,274009,NoMan,11527,XLG,Xi Lai Gaming,,,,,,,,,,,,,,,,,,,,
701051,274009,happywei,37927,XLG,Xi Lai Gaming,,,,,,,,,,,,,,,,,,,,
701052,274011,zhe,49476,JDG,JD Gaming,,,,,10.0,12.0,6.0,8.0,2.0,7.0,67.0,67.0,,,15.0,28.0,0.0,1.0,1.0,2.0
701052,274011,Yuicaw,11218,JDG,JD Gaming,,,,,7.0,14.0,4.0,9.0,1.0,6.0,67.0,83.0,,,37.0,19.0,0.0,3.0,0.0,0.0
701052,274011,BerLIN,7857,JDG,JD Gaming,,,,,5.0,15.0,5.0,8.0,2.0,2.0,56.0,50.0,,,20.0,45.0,0.0,0.0,0.0,0.0
701052,274011,crownfisher,64969,JDG,JD Gaming,,,,,6.0,5.0,7.0,10.0,3.0,4.0,67.0,33.0,,,17.0,17.0,1.0,0.0,0.0,3.0
701052,274011,jkuro,3519,JDG,JD Gaming,,,,,2.0,7.0,6.0,11.0,2.0,3.0,44.0,75.0,,,30.0,55.0,1.0,0.0,4.0,6.0
701052,274011,Kai,37494,TE,Trace Esports,,,,,13.0,10.0,8.0,8.0,3.0,1.0,100.0,58.0,,,52.0,37.0,4.0,0.0,1.0,2.0
701052,274011,deLb,10821,TE,Trace Esports,,,,,6.0,12.0,6.0,10.0,1.0,4.0,78.0,67.0,,,38.0,45.0,0.0,2.0,0.0,1.0
701052,274011,FKEY,51249,TE,Trace Esports,,,,,7.0,4.0,8.0,10.0,5.0,4.0,89.0,58.0,,,17.0,19.0,2.0,4.0,0.0,0.0
701052,274011,LuoK1ng,3045,TE,Trace Esports,,,,,6.0,6.0,8.0,10.0,9.0,6.0,67.0,58.0,,,14.0,7.0,1.0,1.0,1.0,0.0
701052,274011,FengF,4770,TE,Trace Esports,,,,,2.0,8.0,6.0,9.0,5.0,2.0,67.0,58.0,,,21.0,12.0,0.0,1.0,1.0,0.0
701052,277921,zhe,49476,JDG,JD Gaming,,,,,11.0,12.0,4.0,9.0,2.0,1.0,90.0,54.0,,,13.0,4.0,1.0,5.0,1.0,1.0
701052,277921,crownfisher,64969,JDG,JD Gaming,,,,,8.0,10.0,4.0,8.0,9.0,6.0,80.0,54.0,,,33.0,46.0,1.0,0.0,0.0,0.0
701052,277921,jkuro,3519,JDG,JD Gaming,,,,,9.0,9.0,8.0,10.0,1.0,2.0,70.0,62.0,,,30.0,21.0,2.0,0.0,2.0,0.0
701052,277921,Yuicaw,11218,JDG,JD Gaming,,,,,10.0,6.0,6.0,8.0,2.0,2.0,90.0,46.0,,,47.0,47.0,0.0,2.0,1.0,2.0
701052,277921,BerLIN,7857,JDG,JD Gaming,,,,,7.0,5.0,5.0,10.0,6.0,3.0,90.0,62.0,,,23.0,44.0,0.0,0.0,2.0,2.0
701052,277921,Kai,37494,TE,Trace Esports,,,,,9.0,8.0,9.0,8.0,0.0,2.0,50.0,82.0,,,22.0,57.0,1.0,0.0,2.0,1.0
701052,277921,FengF,4770,TE,Trace Esports,,,,,10.0,5.0,9.0,9.0,4.0,4.0,75.0,55.0,,,36.0,11.0,2.0,1.0,3.0,2.0
701052,277921,deLb,10821,TE,Trace Esports,,,,,10.0,8.0,7.0,10.0,2.0,1.0,67.0,64.0,,,40.0,50.0,2.0,4.0,0.0,0.0
701052,277921,FKEY,51249,TE,Trace Esports,,,,,7.0,6.0,9.0,9.0,2.0,4.0,67.0,55.0,,,47.0,35.0,0.0,1.0,0.0,0.0
701052,277921,LuoK1ng,3045,TE,Trace Esports,,,,,7.0,2.0,8.0,9.0,8.0,5.0,75.0,45.0,,,30.0,17.0,0.0,0.0,2.0,1.0
701053,274013,CHICHOO,15559,EDG,EDward Gaming,,,,,15.0,11.0,11.0,7.0,1.0,3.0,64.0,86.0,,,30.0,18.0,2.0,1.0,1.0,0.0
701053,274013,ZmjjKK,3520,EDG,EDward Gaming,,,,,4.0,17.0,11.0,9.0,7.0,5.0,57.0,86.0,,,18.0,29.0,2.0,2.0,3.0,3.0
701053,274013,nobody,3017,EDG,EDward Gaming,,,,,13.0,11.0,11.0,7.0,1.0,2.0,64.0,71.0,,,29.0,31.0,0.0,1.0,1.0,1.0
701053,274013,Jieni7,51244,EDG,EDward Gaming,,,,,6.0,9.0,10.0,10.0,15.0,15.0,71.0,93.0,,,26.0,29.0,0.0,2.0,2.0,0.0
701053,274013,Smoggy,4742,EDG,EDward Gaming,,,,,6.0,9.0,10.0,11.0,6.0,7.0,64.0,86.0,,,33.0,44.0,0.0,1.0,3.0,3.0
701053,274013,GuanG,41054,NOVA,Nova Esports,,,,,12.0,15.0,10.0,9.0,0.0,1.0,57.0,79.0,,,50.0,41.0,1.0,5.0,0.0,0.0
701053,274013,swagzor,45492,NOVA,Nova Esports,,,,,10.0,14.0,12.0,11.0,4.0,2.0,64.0,79.0,,,38.0,26.0,4.0,2.0,5.0,3.0
701053,274013,cb,39697,NOVA,Nova Esports,,,,,10.0,9.0,12.0,7.0,2.0,11.0,64.0,86.0,,,16.0,32.0,1.0,3.0,0.0,0.0
701053,274013,qiutiaN,43007,NOVA,Nova Esports,,,,,5.0,10.0,11.0,8.0,7.0,3.0,79.0,79.0,,,13.0,33.0,0.0,0.0,1.0,0.0
701053,274013,Ezeir,46460,NOVA,Nova Esports,,,,,7.0,5.0,12.0,9.0,4.0,8.0,50.0,71.0,,,41.0,23.0,1.0,0.0,1.0,1.0
701053,274014,CHICHOO,15559,EDG,EDward Gaming,,,,,9.0,10.0,9.0,8.0,1.0,0.0,67.0,73.0,,,44.0,42.0,1.0,1.0,1.0,0.0
701053,274014,Jieni7,51244,EDG,EDward Gaming,,,,,10.0,5.0,8.0,9.0,4.0,0.0,75.0,55.0,,,17.0,25.0,3.0,0.0,1.0,3.0
701053,274014,ZmjjKK,3520,EDG,EDward Gaming,,,,,8.0,8.0,8.0,10.0,2.0,2.0,58.0,73.0,,,17.0,13.0,0.0,1.0,4.0,3.0
701053,274014,Smoggy,4742,EDG,EDward Gaming,,,,,8.0,6.0,8.0,10.0,3.0,4.0,67.0,73.0,,,47.0,26.0,0.0,0.0,1.0,3.0
701053,274014,nobody,3017,EDG,EDward Gaming,,,,,6.0,5.0,8.0,9.0,0.0,2.0,75.0,82.0,,,29.0,31.0,1.0,0.0,0.0,0.0
701053,274014,swagzor,45492,NOVA,Nova Esports,,,,,8.0,14.0,9.0,9.0,2.0,0.0,73.0,67.0,,,13.0,17.0,3.0,4.0,1.0,1.0
701053,274014,Ezeir,46460,NOVA,Nova Esports,,,,,11.0,9.0,7.0,8.0,3.0,5.0,91.0,83.0,,,13.0,27.0,2.0,0.0,0.0,2.0
701053,274014,cb,39697,NOVA,Nova Esports,,,,,11.0,5.0,5.0,8.0,3.0,3.0,82.0,75.0,,,21.0,18.0,1.0,1.0,1.0,0.0
701053,274014,qiutiaN,43007,NOVA,Nova Esports,,,,,7.0,8.0,8.0,8.0,6.0,2.0,64.0,75.0,,,19.0,37.0,1.0,1.0,0.0,1.0
701053,274014,GuanG,41054,NOVA,Nova Esports,,,,,9.0,5.0,5.0,8.0,3.0,1.0,91.0,58.0,,,23.0,36.0,2.0,1.0,0.0,1.0
701054,274016,happywei,37927,XLG,Xi Lai Gaming,,,,,16.0,11.0,6.0,10.0,4.0,3.0,100.0,79.0,,,45.0,36.0,2.0,2.0,0.0,0.0
701054,274016,WsLeo,24308,XLG,Xi Lai Gaming,,,,,12.0,8.0,10.0,10.0,2.0,4.0,86.0,79.0,,,31.0,33.0,1.0,2.0,1.0,3.0
701054,274016,Rarga,22047,XLG,Xi Lai Gaming,,,,,11.0,12.0,9.0,10.0,2.0,1.0,57.0,79.0,,,30.0,26.0,2.0,1.0,3.0,0.0
701054,274016,Lysoar,37489,XLG,Xi Lai Gaming,,,,,10.0,7.0,11.0,10.0,4.0,3.0,79.0,64.0,,,29.0,32.0,0.0,0.0,0.0,0.0
701054,274016,NoMan,11527,XLG,Xi Lai Gaming,,,,,5.0,10.0,10.0,11.0,0.0,2.0,57.0,64.0,,,40.0,29.0,1.0,2.0,4.0,4.0
701054,274016,Deryeon,9152,WOL,Wolves Esports,,,,,13.0,19.0,9.0,10.0,4.0,3.0,86.0,86.0,,,16.0,22.0,1.0,4.0,3.0,0.0
701054,274016,Spring,14125,WOL,Wolves Esports,,,,,10.0,10.0,10.0,9.0,6.0,4.0,86.0,79.0,,,19.0,52.0,0.0,0.0,0.0,0.0
701054,274016,glacier,49973,WOL,Wolves Esports,,,,,11.0,8.0,11.0,12.0,2.0,2.0,86.0,64.0,,,34.0,16.0,4.0,3.0,4.0,5.0
701054,274016,aluba,14441,WOL,Wolves Esports,,,,,10.0,4.0,9.0,11.0,6.0,9.0,79.0,57.0,,,38.0,25.0,0.0,0.0,0.0,0.0
701054,274016,yosemite,6022,WOL,Wolves Esports,,,,,7.0,5.0,9.0,12.0,4.0,3.0,57.0,43.0,,,24.0,22.0,2.0,1.0,0.0,1.0
701054,274017,WsLeo,24308,XLG,Xi Lai Gaming,,,,,7.0,3.0,12.0,2.0,6.0,1.0,75.0,75.0,,,24.0,20.0,0.0,0.0,1.0,0.0
701054,274017,NoMan,11527,XLG,Xi Lai Gaming,,,,,8.0,0.0,11.0,3.0,2.0,0.0,75.0,25.0,,,14.0,0.0,3.0,0.0,1.0,0.0
701054,274017,Lysoar,37489,XLG,Xi Lai Gaming,,,,,6.0,5.0,11.0,3.0,0.0,1.0,50.0,50.0,,,50.0,38.0,0.0,1.0,0.0,1.0
701054,274017,happywei,37927,XLG,Xi Lai Gaming,,,,,2.0,5.0,12.0,3.0,6.0,4.0,58.0,100.0,,,13.0,20.0,0.0,0.0,0.0,0.0
701054,274017,Rarga,22047,XLG,Xi Lai Gaming,,,,,6.0,2.0,12.0,3.0,2.0,0.0,75.0,75.0,,,23.0,33.0,3.0,1.0,4.0,1.0
701054,274017,Spring,14125,WOL,Wolves Esports,,,,,4.0,15.0,3.0,7.0,0.0,1.0,50.0,100.0,,,50.0,36.0,0.0,2.0,0.0,1.0
701054,274017,yosemite,6022,WOL,Wolves Esports,,,,,1.0,17.0,3.0,2.0,0.0,2.0,50.0,100.0,,,50.0,32.0,1.0,1.0,2.0,0.0
701054,274017,Deryeon,9152,WOL,Wolves Esports,,,,,4.0,10.0,2.0,6.0,4.0,8.0,75.0,100.0,,,30.0,25.0,1.0,2.0,0.0,1.0
701054,274017,glacier,49973,WOL,Wolves Esports,,,,,3.0,7.0,4.0,8.0,3.0,5.0,75.0,75.0,,,21.0,10.0,0.0,1.0,0.0,4.0
701054,274017,aluba,14441,WOL,Wolves Esports,,,,,2.0,9.0,3.0,6.0,2.0,5.0,50.0,92.0,,,29.0,22.0,0.0,0.0,0.0,0.0
701054,274018,Rarga,22047,XLG,Xi Lai Gaming,,,,,6.0,14.0,1.0,7.0,0.0,2.0,75.0,92.0,,,38.0,24.0,0.0,2.0,1.0,0.0
701054,274018,happywei,37927,XLG,Xi Lai Gaming,,,,,6.0,13.0,1.0,6.0,1.0,4.0,75.0,92.0,,,50.0,28.0,0.0,4.0,0.0,0.0
701054,274018,Lysoar,37489,XLG,Xi Lai Gaming,,,,,3.0,13.0,2.0,5.0,0.0,4.0,75.0,92.0,,,13.0,20.0,0.0,2.0,0.0,0.0
701054,274018,WsLeo,24308,XLG,Xi Lai Gaming,,,,,3.0,8.0,0.0,7.0,4.0,14.0,100.0,92.0,,,36.0,14.0,1.0,2.0,0.0,0.0
701054,274018,NoMan,11527,XLG,Xi Lai Gaming,,,,,2.0,3.0,3.0,9.0,1.0,2.0,100.0,58.0,,,43.0,56.0,2.0,0.0,0.0,2.0
701054,274018,glacier,49973,WOL,Wolves Esports,,,,,8.0,2.0,12.0,4.0,4.0,1.0,75.0,50.0,,,25.0,22.0,2.0,1.0,3.0,1.0
701054,274018,yosemite,6022,WOL,Wolves Esports,,,,,9.0,0.0,10.0,4.0,1.0,0.0,58.0,,,,30.0,25.0,0.0,0.0,2.0,0.0
701054,274018,Spring,14125,WOL,Wolves Esports,,,,,4.0,3.0,11.0,4.0,5.0,0.0,50.0,50.0,,,8.0,38.0,0.0,0.0,2.0,0.0
701054,274018,Deryeon,9152,WOL,Wolves Esports,,,,,5.0,2.0,9.0,4.0,5.0,0.0,67.0,50.0,,,29.0,13.0,0.0,0.0,1.0,0.0
701054,274018,aluba,14441,WOL,Wolves Esports,,,,,8.0,0.0,9.0,4.0,5.0,1.0,67.0,25.0,,,35.0,0.0,0.0,0.0,2.0,2.0
701055,274019,K1ra,46748,AG,All Gamers,,,,,6.0,4.0,12.0,3.0,3.0,0.0,58.0,33.0,,,10.0,25.0,1.0,0.0,3.0,1.0
701055,274019,Bai,52101,AG,All Gamers,,,,,6.0,3.0,12.0,3.0,2.0,0.0,50.0,67.0,,,21.0,29.0,0.0,0.0,1.0,0.0
701055,274019,Shr1mp,25494,AG,All Gamers,,,,,6.0,0.0,12.0,3.0,1.0,0.0,58.0,,,,20.0,50.0,0.0,0.0,0.0,1.0
701055,274019,iamgrq,58959,AG,All Gamers,,,,,3.0,3.0,12.0,2.0,2.0,4.0,58.0,100.0,,,40.0,13.0,0.0,0.0,1.0,0.0
701055,274019,f4ngeer,21216,AG,All Gamers,,,,,3.0,3.0,12.0,3.0,0.0,1.0,33.0,67.0,,,43.0,43.0,1.0,1.0,5.0,0.0
701055,274019,Life,3028,DRG,Dragon Ranger Gaming,,,,,4.0,18.0,3.0,6.0,2.0,3.0,100.0,92.0,,,40.0,42.0,0.0,3.0,0.0,0.0
701055,274019,vo0kashu,3741,DRG,Dragon Ranger Gaming,,,,,4.0,12.0,2.0,5.0,2.0,10.0,100.0,100.0,,,33.0,16.0,0.0,3.0,0.0,0.0
701055,274019,SpiritZ1,31753,DRG,Dragon Ranger Gaming,,,,,3.0,10.0,3.0,7.0,0.0,4.0,67.0,83.0,,,38.0,7.0,2.0,3.0,1.0,2.0
701055,274019,Verse,55817,DRG,Dragon Ranger Gaming,,,,,3.0,11.0,2.0,3.0,2.0,9.0,100.0,100.0,,,20.0,19.0,0.0,1.0,0.0,0.0
701055,274019,Nicc,11524,DRG,Dragon Ranger Gaming,,,,,0.0,9.0,3.0,3.0,7.0,8.0,100.0,100.0,,,0.0,10.0,0.0,0.0,0.0,0.0
701055,274020,f4ngeer,21216,AG,All Gamers,,,,,16.0,9.0,8.0,2.0,0.0,3.0,75.0,88.0,,,46.0,18.0,5.0,1.0,2.0,0.0
701055,274020,Bai,52101,AG,All Gamers,,,,,12.0,8.0,7.0,5.0,3.0,4.0,83.0,100.0,,,36.0,19.0,2.0,2.0,0.0,1.0
701055,274020,iamgrq,58959,AG,All Gamers,,,,,8.0,8.0,6.0,3.0,2.0,3.0,83.0,88.0,,,30.0,28.0,0.0,2.0,1.0,1.0
701055,274020,K1ra,46748,AG,All Gamers,,,,,5.0,5.0,7.0,5.0,6.0,9.0,75.0,88.0,,,22.0,17.0,0.0,1.0,2.0,0.0
701055,274020,Shr1mp,25494,AG,All Gamers,,,,,5.0,5.0,9.0,4.0,3.0,0.0,75.0,88.0,,,15.0,45.0,0.0,0.0,0.0,0.0
701055,274020,Verse,55817,DRG,Dragon Ranger Gaming,,,,,7.0,12.0,8.0,9.0,4.0,6.0,75.0,83.0,,,57.0,40.0,0.0,0.0,0.0,0.0
701055,274020,SpiritZ1,31753,DRG,Dragon Ranger Gaming,,,,,1.0,11.0,6.0,9.0,0.0,0.0,38.0,67.0,,,20.0,33.0,1.0,2.0,1.0,1.0
701055,274020,vo0kashu,3741,DRG,Dragon Ranger Gaming,,,,,5.0,5.0,6.0,9.0,0.0,5.0,50.0,58.0,,,45.0,24.0,0.0,1.0,1.0,1.0
701055,274020,Life,3028,DRG,Dragon Ranger Gaming,,,,,2.0,6.0,8.0,8.0,1.0,3.0,38.0,58.0,,,40.0,20.0,1.0,1.0,4.0,4.0
701055,274020,Nicc,11524,DRG,Dragon Ranger Gaming,,,,,4.0,3.0,7.0,11.0,4.0,3.0,50.0,58.0,,,38.0,15.0,0.0,1.0,0.0,1.0
701055,274021,iamgrq,58959,AG,All Gamers,,,,,14.0,9.0,8.0,10.0,4.0,5.0,92.0,77.0,,,32.0,43.0,3.0,1.0,0.0,0.0
701055,274021,f4ngeer,21216,AG,All Gamers,,,,,8.0,14.0,11.0,8.0,3.0,1.0,54.0,92.0,,,16.0,29.0,2.0,2.0,0.0,1.0
701055,274021,K1ra,46748,AG,All Gamers,,,,,8.0,15.0,10.0,10.0,1.0,2.0,69.0,62.0,,,12.0,37.0,2.0,2.0,2.0,3.0
701055,274021,Shr1mp,25494,AG,All Gamers,,,,,14.0,4.0,9.0,11.0,2.0,3.0,85.0,77.0,,,44.0,31.0,1.0,0.0,2.0,1.0
701055,274021,Bai,52101,AG,All Gamers,,,,,3.0,11.0,12.0,10.0,4.0,8.0,54.0,92.0,,,6.0,29.0,0.0,2.0,1.0,1.0
701055,274021,Life,3028,DRG,Dragon Ranger Gaming,,,,,6.0,17.0,11.0,10.0,2.0,3.0,69.0,77.0,,,24.0,41.0,3.0,4.0,1.0,2.0
701055,274021,Verse,55817,DRG,Dragon Ranger Gaming,,,,,13.0,9.0,11.0,8.0,5.0,3.0,85.0,69.0,,,34.0,31.0,0.0,0.0,0.0,2.0
701055,274021,SpiritZ1,31753,DRG,Dragon Ranger Gaming,,,,,8.0,11.0,12.0,10.0,5.0,2.0,77.0,77.0,,,31.0,35.0,2.0,1.0,4.0,2.0
701055,274021,vo0kashu,3741,DRG,Dragon Ranger Gaming,,,,,11.0,7.0,10.0,9.0,2.0,4.0,77.0,69.0,,,23.0,24.0,0.0,0.0,1.0,2.0
701055,274021,Nicc,11524,DRG,Dragon Ranger Gaming,,,,,11.0,6.0,9.0,10.0,9.0,9.0,77.0,77.0,,,32.0,9.0,1.0,0.0,1.0,0.0
701056,274022,SiuFatBB,7849,TYL,TYLOO,,,,,17.0,7.0,9.0,10.0,6.0,1.0,85.0,54.0,,,27.0,25.0,2.0,0.0,0.0,0.0
701056,274022,splash,36685,TYL,TYLOO,,,,,5.0,14.0,10.0,10.0,3.0,9.0,77.0,92.0,,,30.0,31.0,1.0,2.0,4.0,0.0
701056,274022,Erv,55085,TYL,TYLOO,,,,,7.0,12.0,11.0,9.0,5.0,6.0,54.0,92.0,,,33.0,30.0,0.0,1.0,0.0,0.0
701056,274022,Scales,39485,TYL,TYLOO,,,,,11.0,8.0,10.0,9.0,2.0,1.0,69.0,62.0,,,33.0,21.0,1.0,0.0,2.0,0.0
701056,274022,slowly,41739,TYL,TYLOO,,,,,8.0,9.0,10.0,8.0,2.0,4.0,62.0,85.0,,,30.0,35.0,0.0,5.0,3.0,5.0
701056,274022,swagzor,45492,NOVA,Nova Esports,,,,,4.0,14.0,11.0,12.0,1.0,2.0,62.0,85.0,,,13.0,41.0,2.0,5.0,5.0,0.0
701056,274022,Ezeir,46460,NOVA,Nova Esports,,,,,11.0,9.0,11.0,9.0,2.0,3.0,69.0,69.0,,,26.0,23.0,1.0,0.0,0.0,1.0
701056,274022,cb,39697,NOVA,Nova Esports,,,,,11.0,8.0,9.0,8.0,2.0,8.0,85.0,69.0,,,22.0,23.0,1.0,1.0,2.0,1.0
701056,274022,qiutiaN,43007,NOVA,Nova Esports,,,,,7.0,12.0,12.0,9.0,5.0,1.0,62.0,69.0,,,13.0,35.0,1.0,2.0,1.0,1.0
701056,274022,GuanG,41054,NOVA,Nova Esports,,,,,13.0,7.0,7.0,10.0,4.0,4.0,85.0,69.0,,,30.0,33.0,0.0,1.0,0.0,1.0
701056,274023,slowly,41739,TYL,TYLOO,,,,,17.0,6.0,6.0,10.0,5.0,0.0,92.0,58.0,,,31.0,40.0,4.0,1.0,2.0,2.0
701056,274023,SiuFatBB,7849,TYL,TYLOO,,,,,4.0,13.0,8.0,10.0,4.0,3.0,58.0,75.0,,,75.0,44.0,0.0,1.0,1.0,0.0
701056,274023,splash,36685,TYL,TYLOO,,,,,6.0,7.0,9.0,11.0,2.0,2.0,67.0,50.0,,,14.0,17.0,1.0,2.0,3.0,3.0
701056,274023,Scales,39485,TYL,TYLOO,,,,,8.0,4.0,8.0,10.0,4.0,5.0,83.0,42.0,,,38.0,17.0,1.0,0.0,0.0,1.0
701056,274023,Erv,55085,TYL,TYLOO,,,,,8.0,4.0,7.0,11.0,1.0,3.0,92.0,42.0,,,18.0,32.0,0.0,0.0,0.0,2.0
701056,274023,swagzor,45492,NOVA,Nova Esports,,,,,12.0,15.0,8.0,7.0,4.0,1.0,100.0,67.0,,,27.0,50.0,3.0,2.0,1.0,2.0
701056,274023,GuanG,41054,NOVA,Nova Esports,,,,,13.0,11.0,5.0,7.0,1.0,2.0,75.0,83.0,,,25.0,36.0,4.0,1.0,0.0,0.0
701056,274023,Ezeir,46460,NOVA,Nova Esports,,,,,15.0,5.0,7.0,11.0,2.0,3.0,92.0,42.0,,,30.0,38.0,0.0,1.0,0.0,1.0
701056,274023,cb,39697,NOVA,Nova Esports,,,,,6.0,5.0,8.0,9.0,8.0,5.0,83.0,58.0,,,29.0,33.0,0.0,1.0,1.0,2.0
701056,274023,qiutiaN,43007,NOVA,Nova Esports,,,,,6.0,2.0,6.0,9.0,2.0,6.0,67.0,58.0,,,32.0,25.0,1.0,1.0,2.0,1.0
701057,274025,AAAAY,19530,FPX,FunPlus Phoenix,,,,,17.0,5.0,6.0,6.0,3.0,0.0,75.0,80.0,,,50.0,27.0,1.0,2.0,0.0,0.0
701057,274025,KovaQ,7987,FPX,FunPlus Phoenix,,,,,7.0,8.0,6.0,8.0,3.0,5.0,75.0,70.0,,,46.0,38.0,0.0,2.0,1.0,1.0
701057,274025,Xlele,54487,FPX,FunPlus Phoenix,,,,,8.0,7.0,9.0,6.0,4.0,3.0,75.0,70.0,,,24.0,31.0,2.0,1.0,2.0,1.0
701057,274025,coconut,12365,FPX,FunPlus Phoenix,,,,,5.0,9.0,6.0,5.0,4.0,3.0,75.0,70.0,,,22.0,6.0,0.0,0.0,1.0,0.0
701057,274025,Setrod,50025,FPX,FunPlus Phoenix,,,,,6.0,4.0,9.0,5.0,1.0,4.0,58.0,90.0,,,43.0,5.0,2.0,3.0,3.0,0.0
701057,274025,ZmjjKK,3520,EDG,EDward Gaming,,,,,8.0,10.0,9.0,10.0,4.0,0.0,70.0,75.0,,,36.0,50.0,2.0,2.0,4.0,1.0
701057,274025,CHICHOO,15559,EDG,EDward Gaming,,,,,9.0,6.0,5.0,8.0,1.0,0.0,70.0,58.0,,,27.0,40.0,0.0,0.0,1.0,2.0
701057,274025,Jieni7,51244,EDG,EDward Gaming,,,,,7.0,6.0,6.0,8.0,5.0,2.0,70.0,42.0,,,20.0,38.0,0.0,2.0,1.0,0.0
701057,274025,nobody,3017,EDG,EDward Gaming,,,,,2.0,7.0,7.0,9.0,0.0,1.0,50.0,67.0,,,40.0,21.0,0.0,3.0,1.0,0.0
701057,274025,Smoggy,4742,EDG,EDward Gaming,,,,,4.0,7.0,6.0,8.0,3.0,0.0,70.0,42.0,,,7.0,54.0,0.0,0.0,1.0,2.0
701057,274026,Setrod,50025,FPX,FunPlus Phoenix,,,,,10.0,12.0,8.0,9.0,2.0,1.0,75.0,70.0,,,20.0,16.0,2.0,2.0,2.0,1.0
701057,274026,Xlele,54487,FPX,FunPlus Phoenix,,,,,13.0,3.0,8.0,10.0,2.0,2.0,67.0,40.0,,,30.0,16.0,4.0,1.0,0.0,0.0
701057,274026,KovaQ,7987,FPX,FunPlus Phoenix,,,,,10.0,5.0,7.0,10.0,3.0,6.0,83.0,50.0,,,20.0,36.0,0.0,2.0,1.0,3.0
701057,274026,AAAAY,19530,FPX,FunPlus Phoenix,,,,,10.0,6.0,6.0,8.0,2.0,1.0,83.0,70.0,,,44.0,31.0,0.0,0.0,1.0,0.0
701057,274026,coconut,12365,FPX,FunPlus Phoenix,,,,,1.0,6.0,8.0,9.0,1.0,0.0,42.0,50.0,,,0.0,33.0,0.0,0.0,2.0,1.0
701057,274026,ZmjjKK,3520,EDG,EDward Gaming,,,,,14.0,9.0,7.0,11.0,2.0,3.0,90.0,67.0,,,19.0,9.0,3.0,3.0,2.0,2.0
701057,274026,Jieni7,51244,EDG,EDward Gaming,,,,,9.0,10.0,6.0,9.0,8.0,4.0,80.0,58.0,,,39.0,17.0,1.0,2.0,1.0,1.0
701057,274026,CHICHOO,15559,EDG,EDward Gaming,,,,,11.0,7.0,5.0,7.0,7.0,6.0,80.0,50.0,,,24.0,21.0,1.0,0.0,1.0,2.0
701057,274026,nobody,3017,EDG,EDward Gaming,,,,,6.0,8.0,7.0,8.0,3.0,2.0,70.0,67.0,,,42.0,33.0,0.0,1.0,1.0,1.0
701057,274026,Smoggy,4742,EDG,EDward Gaming,,,,,6.0,3.0,7.0,9.0,7.0,4.0,100.0,67.0,,,24.0,17.0,0.0,0.0,0.0,0.0
701057,274027,coconut,12365,FPX,FunPlus Phoenix,,,,,9.0,8.0,9.0,3.0,2.0,1.0,75.0,100.0,,,33.0,57.0,0.0,1.0,2.0,0.0
701057,274027,AAAAY,19530,FPX,FunPlus Phoenix,,,,,9.0,3.0,12.0,4.0,4.0,1.0,67.0,50.0,,,52.0,60.0,1.0,0.0,0.0,0.0
701057,274027,Xlele,54487,FPX,FunPlus Phoenix,,,,,6.0,4.0,11.0,4.0,1.0,1.0,50.0,67.0,,,33.0,43.0,0.0,1.0,3.0,2.0
701057,274027,Setrod,50025,FPX,FunPlus Phoenix,,,,,7.0,2.0,11.0,4.0,1.0,0.0,67.0,33.0,,,17.0,22.0,2.0,1.0,4.0,0.0
701057,274027,KovaQ,7987,FPX,FunPlus Phoenix,,,,,2.0,2.0,10.0,5.0,4.0,1.0,50.0,67.0,,,19.0,60.0,0.0,0.0,0.0,1.0
701057,274027,ZmjjKK,3520,EDG,EDward Gaming,,,,,8.0,15.0,4.0,7.0,1.0,2.0,67.0,100.0,,,38.0,29.0,1.0,4.0,2.0,0.0
701057,274027,CHICHOO,15559,EDG,EDward Gaming,,,,,2.0,16.0,6.0,7.0,0.0,3.0,33.0,83.0,,,33.0,37.0,1.0,2.0,1.0,0.0
701057,274027,Jieni7,51244,EDG,EDward Gaming,,,,,4.0,12.0,2.0,7.0,1.0,0.0,83.0,58.0,,,33.0,48.0,0.0,1.0,0.0,1.0
701057,274027,nobody,3017,EDG,EDward Gaming,,,,,3.0,7.0,3.0,6.0,1.0,3.0,67.0,83.0,,,33.0,50.0,0.0,0.0,0.0,2.0
701057,274027,Smoggy,4742,EDG,EDward Gaming,,,,,3.0,3.0,4.0,6.0,0.0,3.0,67.0,83.0,,,43.0,11.0,1.0,2.0,0.0,0.0
701058,274028,deLb,10821,TE,Trace Esports,,,,,15.0,14.0,10.0,8.0,5.0,2.0,83.0,90.0,,,30.0,45.0,1.0,3.0,0.0,0.0
701058,274028,Kai,37494,TE,Trace Esports,,,,,9.0,12.0,10.0,6.0,2.0,0.0,67.0,90.0,,,14.0,28.0,3.0,2.0,3.0,0.0
701058,274028,FengF,4770,TE,Trace Esports,,,,,8.0,6.0,9.0,4.0,3.0,9.0,92.0,100.0,,,9.0,30.0,1.0,1.0,1.0,0.0
701058,274028,FKEY,51249,TE,Trace Esports,,,,,7.0,5.0,11.0,9.0,10.0,5.0,75.0,80.0,,,28.0,19.0,1.0,0.0,0.0,2.0
701058,274028,LuoK1ng,3045,TE,Trace Esports,,,,,7.0,5.0,8.0,5.0,5.0,2.0,83.0,70.0,,,21.0,15.0,0.0,1.0,2.0,1.0
701058,274028,lucas,19677,TEC,Wuxi Titan Esports Club (Titan Esports Club),,,,,12.0,19.0,9.0,8.0,3.0,4.0,100.0,100.0,,,43.0,52.0,1.0,1.0,0.0,0.0
701058,274028,Coco,47629,TEC,Wuxi Titan Esports Club (Titan Esports Club),,,,,6.0,5.0,7.0,11.0,1.0,6.0,60.0,58.0,,,64.0,27.0,1.0,1.0,3.0,2.0
701058,274028,Haodong,4720,TEC,Wuxi Titan Esports Club (Titan Esports Club),,,,,4.0,10.0,8.0,8.0,3.0,6.0,60.0,92.0,,,24.0,9.0,0.0,2.0,0.0,0.0
701058,274028,Dynamite,42235,TEC,Wuxi Titan Esports Club (Titan Esports Club),,,,,7.0,5.0,9.0,9.0,0.0,1.0,50.0,50.0,,,32.0,60.0,0.0,0.0,2.0,1.0
701058,274028,ra1ny,63107,TEC,Wuxi Titan Esports Club (Titan Esports Club),,,,,3.0,9.0,9.0,10.0,0.0,2.0,50.0,67.0,,,17.0,42.0,1.0,2.0,2.0,3.0
701058,274029,deLb,10821,TE,Trace Esports,,,,,18.0,13.0,6.0,9.0,0.0,2.0,85.0,77.0,,,60.0,58.0,0.0,2.0,0.0,0.0
701058,274029,Kai,37494,TE,Trace Esports,,,,,12.0,8.0,10.0,11.0,3.0,4.0,69.0,85.0,,,30.0,38.0,4.0,3.0,3.0,2.0
701058,274029,FengF,4770,TE,Trace Esports,,,,,6.0,9.0,9.0,9.0,8.0,5.0,85.0,69.0,,,17.0,38.0,0.0,1.0,1.0,1.0
701058,274029,FKEY,51249,TE,Trace Esports,,,,,7.0,13.0,8.0,9.0,1.0,3.0,54.0,85.0,,,13.0,33.0,0.0,2.0,1.0,1.0
701058,274029,LuoK1ng,3045,TE,Trace Esports,,,,,10.0,5.0,11.0,7.0,7.0,3.0,85.0,62.0,,,36.0,22.0,3.0,1.0,1.0,0.0
701058,274029,lucas,19677,TEC,Wuxi Titan Esports Club (Titan Esports Club),,,,,16.0,9.0,8.0,10.0,2.0,1.0,85.0,69.0,,,50.0,42.0,1.0,2.0,0.0,2.0
701058,274029,ra1ny,63107,TEC,Wuxi Titan Esports Club (Titan Esports Club),,,,,8.0,10.0,14.0,13.0,1.0,3.0,62.0,69.0,,,24.0,28.0,1.0,1.0,4.0,2.0
701058,274029,Dynamite,42235,TEC,Wuxi Titan Esports Club (Titan Esports Club),,,,,11.0,6.0,8.0,10.0,1.0,2.0,77.0,54.0,,,30.0,36.0,2.0,3.0,3.0,1.0
701058,274029,Haodong,4720,TEC,Wuxi Titan Esports Club (Titan Esports Club),,,,,6.0,10.0,10.0,11.0,4.0,10.0,46.0,85.0,,,38.0,19.0,0.0,0.0,2.0,2.0
701058,274029,Coco,47629,TEC,Wuxi Titan Esports Club (Titan Esports Club),,,,,4.0,9.0,8.0,9.0,6.0,5.0,62.0,69.0,,,24.0,45.0,0.0,0.0,0.0,0.0
701059,274031,ZmjjKK,3520,EDG,EDward Gaming,,,,,11.0,9.0,9.0,7.0,4.0,2.0,67.0,89.0,,,21.0,14.0,4.0,2.0,2.0,0.0
701059,274031,nobody,3017,EDG,EDward Gaming,,,,,3.0,11.0,8.0,5.0,5.0,4.0,58.0,89.0,,,25.0,35.0,0.0,2.0,1.0,1.0
701059,274031,Jieni7,51244,EDG,EDward Gaming,,,,,5.0,9.0,11.0,2.0,10.0,8.0,58.0,100.0,,,30.0,13.0,0.0,0.0,1.0,0.0
701059,274031,CHICHOO,15559,EDG,EDward Gaming,,,,,8.0,5.0,10.0,5.0,1.0,3.0,50.0,67.0,,,27.0,29.0,1.0,0.0,1.0,3.0
701059,274031,Smoggy,4742,EDG,EDward Gaming,,,,,4.0,7.0,8.0,5.0,3.0,7.0,50.0,67.0,,,10.0,21.0,2.0,0.0,0.0,1.0
701059,274031,K1ra,46748,AG,All Gamers,,,,,6.0,14.0,8.0,8.0,5.0,3.0,56.0,75.0,,,26.0,21.0,1.0,0.0,2.0,2.0
701059,274031,Shr1mp,25494,AG,All Gamers,,,,,4.0,9.0,8.0,5.0,5.0,2.0,78.0,83.0,,,28.0,13.0,1.0,1.0,1.0,0.0
701059,274031,f4ngeer,21216,AG,All Gamers,,,,,7.0,7.0,9.0,5.0,1.0,2.0,67.0,83.0,,,35.0,20.0,3.0,3.0,0.0,1.0
701059,274031,iamgrq,58959,AG,All Gamers,,,,,2.0,10.0,8.0,6.0,3.0,2.0,44.0,75.0,,,13.0,24.0,0.0,1.0,0.0,3.0
701059,274031,Bai,52101,AG,All Gamers,,,,,5.0,6.0,8.0,7.0,0.0,4.0,56.0,75.0,,,42.0,33.0,0.0,0.0,1.0,1.0
701059,274032,Smoggy,4742,EDG,EDward Gaming,,,,,9.0,12.0,5.0,9.0,4.0,3.0,78.0,67.0,,,19.0,29.0,1.0,2.0,1.0,1.0
701059,274032,ZmjjKK,3520,EDG,EDward Gaming,,,,,13.0,8.0,5.0,11.0,3.0,5.0,100.0,75.0,,,24.0,27.0,2.0,2.0,0.0,2.0
701059,274032,nobody,3017,EDG,EDward Gaming,,,,,12.0,4.0,5.0,9.0,4.0,8.0,78.0,58.0,,,33.0,27.0,1.0,1.0,0.0,2.0
701059,274032,CHICHOO,15559,EDG,EDward Gaming,,,,,5.0,9.0,7.0,7.0,4.0,5.0,78.0,83.0,,,31.0,28.0,1.0,0.0,3.0,1.0
701059,274032,Jieni7,51244,EDG,EDward Gaming,,,,,5.0,5.0,7.0,10.0,6.0,6.0,89.0,50.0,,,45.0,24.0,0.0,0.0,0.0,1.0
701059,274032,f4ngeer,21216,AG,All Gamers,,,,,11.0,7.0,8.0,9.0,3.0,2.0,92.0,67.0,,,21.0,38.0,2.0,1.0,1.0,2.0
701059,274032,Bai,52101,AG,All Gamers,,,,,10.0,6.0,8.0,9.0,2.0,3.0,83.0,100.0,,,15.0,25.0,2.0,0.0,1.0,1.0
701059,274032,Shr1mp,25494,AG,All Gamers,,,,,10.0,4.0,5.0,9.0,2.0,4.0,75.0,67.0,,,20.0,14.0,0.0,0.0,0.0,0.0
701059,274032,K1ra,46748,AG,All Gamers,,,,,8.0,4.0,8.0,8.0,7.0,4.0,83.0,56.0,,,28.0,15.0,2.0,0.0,2.0,1.0
701059,274032,iamgrq,58959,AG,All Gamers,,,,,7.0,8.0,9.0,9.0,2.0,1.0,75.0,67.0,,,31.0,46.0,1.0,3.0,1.0,1.0
701060,274034,zhe,49476,JDG,JD Gaming,,,,,21.0,10.0,8.0,12.0,4.0,2.0,87.0,60.0,,,42.0,20.0,4.0,2.0,0.0,4.0
701060,274034,jkuro,3519,JDG,JD Gaming,,,,,17.0,8.0,11.0,12.0,1.0,7.0,67.0,60.0,,,31.0,26.0,3.0,2.0,3.0,1.0
701060,274034,crownfisher,64969,JDG,JD Gaming,,,,,9.0,13.0,10.0,10.0,9.0,2.0,80.0,73.0,,,18.0,44.0,0.0,0.0,2.0,0.0
701060,274034,BerLIN,7857,JDG,JD Gaming,,,,,7.0,7.0,11.0,12.0,13.0,2.0,87.0,67.0,,,28.0,33.0,0.0,1.0,1.0,4.0
701060,274034,Yuicaw,11218,JDG,JD Gaming,,,,,5.0,6.0,10.0,12.0,6.0,3.0,67.0,67.0,,,11.0,9.0,0.0,0.0,2.0,1.0
701060,274034,Life,3028,DRG,Dragon Ranger Gaming,,,,,18.0,10.0,11.0,11.0,1.0,0.0,80.0,67.0,,,32.0,40.0,7.0,2.0,2.0,1.0
701060,274034,Nicc,11524,DRG,Dragon Ranger Gaming,,,,,12.0,13.0,8.0,12.0,6.0,4.0,80.0,80.0,,,32.0,41.0,0.0,1.0,1.0,0.0
701060,274034,vo0kashu,3741,DRG,Dragon Ranger Gaming,,,,,12.0,12.0,6.0,11.0,3.0,5.0,73.0,80.0,,,33.0,20.0,1.0,2.0,1.0,0.0
701060,274034,SpiritZ1,31753,DRG,Dragon Ranger Gaming,,,,,12.0,7.0,10.0,12.0,1.0,4.0,73.0,53.0,,,48.0,24.0,2.0,2.0,1.0,4.0
701060,274034,Verse,55817,DRG,Dragon Ranger Gaming,,,,,4.0,8.0,9.0,13.0,3.0,9.0,60.0,67.0,,,14.0,39.0,0.0,1.0,0.0,2.0
701060,274035,zhe,49476,JDG,JD Gaming,,,,,12.0,10.0,12.0,6.0,1.0,2.0,83.0,73.0,,,20.0,31.0,5.0,0.0,1.0,2.0
701060,274035,crownfisher,64969,JDG,JD Gaming,,,,,6.0,13.0,6.0,8.0,2.0,8.0,75.0,100.0,,,43.0,48.0,0.0,1.0,1.0,0.0
701060,274035,Yuicaw,11218,JDG,JD Gaming,,,,,12.0,5.0,7.0,8.0,3.0,3.0,75.0,73.0,,,43.0,13.0,2.0,1.0,1.0,1.0
701060,274035,jkuro,3519,JDG,JD Gaming,,,,,8.0,6.0,10.0,8.0,2.0,1.0,67.0,55.0,,,25.0,36.0,1.0,1.0,0.0,2.0
701060,274035,BerLIN,7857,JDG,JD Gaming,,,,,6.0,5.0,7.0,8.0,3.0,4.0,58.0,64.0,,,29.0,45.0,0.0,2.0,1.0,1.0
701060,274035,SpiritZ1,31753,DRG,Dragon Ranger Gaming,,,,,14.0,5.0,8.0,10.0,0.0,0.0,64.0,58.0,,,51.0,29.0,4.0,1.0,0.0,1.0
701060,274035,vo0kashu,3741,DRG,Dragon Ranger Gaming,,,,,6.0,11.0,8.0,9.0,2.0,7.0,82.0,100.0,,,31.0,50.0,0.0,1.0,2.0,0.0
701060,274035,Life,3028,DRG,Dragon Ranger Gaming,,,,,8.0,8.0,6.0,6.0,0.0,0.0,64.0,75.0,,,29.0,38.0,2.0,0.0,2.0,2.0
701060,274035,Nicc,11524,DRG,Dragon Ranger Gaming,,,,,5.0,11.0,9.0,8.0,6.0,9.0,73.0,83.0,,,10.0,32.0,0.0,2.0,0.0,2.0
701060,274035,Verse,55817,DRG,Dragon Ranger Gaming,,,,,5.0,7.0,8.0,11.0,3.0,5.0,73.0,58.0,,,50.0,28.0,0.0,0.0,1.0,3.0
701060,274036,Yuicaw,11218,JDG,JD Gaming,,,,,11.0,6.0,8.0,10.0,2.0,2.0,67.0,50.0,,,31.0,30.0,0.0,0.0,1.0,1.0
701060,274036,zhe,49476,JDG,JD Gaming,,,,,9.0,7.0,10.0,10.0,5.0,1.0,75.0,50.0,,,21.0,32.0,1.0,1.0,3.0,2.0
701060,274036,BerLIN,7857,JDG,JD Gaming,,,,,11.0,5.0,7.0,8.0,5.0,1.0,92.0,50.0,,,29.0,39.0,1.0,0.0,0.0,1.0
701060,274036,crownfisher,64969,JDG,JD Gaming,,,,,9.0,7.0,10.0,9.0,6.0,2.0,83.0,50.0,,,38.0,24.0,1.0,1.0,1.0,1.0
701060,274036,jkuro,3519,JDG,JD Gaming,,,,,2.0,6.0,11.0,9.0,2.0,0.0,33.0,50.0,,,17.0,20.0,0.0,2.0,4.0,3.0
701060,274036,vo0kashu,3741,DRG,Dragon Ranger Gaming,,,,,20.0,14.0,5.0,9.0,0.0,3.0,75.0,83.0,,,34.0,42.0,5.0,1.0,0.0,0.0
701060,274036,Life,3028,DRG,Dragon Ranger Gaming,,,,,11.0,9.0,7.0,8.0,4.0,3.0,92.0,75.0,,,24.0,21.0,3.0,2.0,0.0,2.0
701060,274036,SpiritZ1,31753,DRG,Dragon Ranger Gaming,,,,,8.0,11.0,7.0,9.0,1.0,4.0,58.0,83.0,,,33.0,20.0,0.0,3.0,3.0,1.0
701060,274036,Verse,55817,DRG,Dragon Ranger Gaming,,,,,4.0,7.0,8.0,9.0,4.0,9.0,50.0,92.0,,,42.0,33.0,0.0,2.0,0.0,0.0
701060,274036,Nicc,11524,DRG,Dragon Ranger Gaming,,,,,3.0,5.0,4.0,7.0,5.0,4.0,83.0,58.0,,,25.0,50.0,0.0,1.0,1.0,0.0
701061,274037,slowly,41739,TYL,TYLOO,,,,,7.0,9.0,11.0,6.0,2.0,1.0,33.0,67.0,,,47.0,50.0,1.0,2.0,0.0,0.0
701061,274037,SiuFatBB,7849,TYL,TYLOO,,,,,8.0,7.0,11.0,5.0,1.0,2.0,58.0,67.0,,,29.0,19.0,0.0,1.0,1.0,1.0
701061,274037,Scales,39485,TYL,TYLOO,,,,,4.0,10.0,11.0,6.0,3.0,4.0,42.0,78.0,,,27.0,43.0,0.0,3.0,2.0,0.0
701061,274037,splash,36685,TYL,TYLOO,,,,,5.0,8.0,12.0,6.0,1.0,1.0,58.0,78.0,,,50.0,33.0,2.0,1.0,4.0,1.0
701061,274037,Erv,55085,TYL,TYLOO,,,,,3.0,2.0,10.0,5.0,6.0,6.0,67.0,89.0,,,31.0,15.0,1.0,0.0,1.0,0.0
701061,274037,WsLeo,24308,XLG,Xi Lai Gaming,,,,,9.0,17.0,6.0,4.0,2.0,7.0,67.0,100.0,,,32.0,35.0,1.0,0.0,1.0,0.0
701061,274037,Sharks,64849,XLG,Xi Lai Gaming,,,,,6.0,12.0,9.0,7.0,0.0,2.0,44.0,92.0,,,36.0,21.0,1.0,7.0,3.0,1.0
701061,274037,Lysoar,37489,XLG,Xi Lai Gaming,,,,,4.0,12.0,7.0,5.0,0.0,4.0,67.0,92.0,,,67.0,22.0,0.0,1.0,0.0,0.0
701061,274037,Rarga,22047,XLG,Xi Lai Gaming,,,,,6.0,10.0,7.0,5.0,2.0,3.0,78.0,75.0,,,54.0,30.0,0.0,0.0,2.0,2.0
701061,274037,happywei,37927,XLG,Xi Lai Gaming,,,,,3.0,4.0,7.0,6.0,2.0,2.0,44.0,75.0,,,50.0,25.0,0.0,0.0,1.0,1.0
701061,274038,slowly,41739,TYL,TYLOO,,,,,15.0,9.0,11.0,9.0,4.0,8.0,85.0,85.0,,,33.0,30.0,1.0,1.0,1.0,0.0
701061,274038,Scales,39485,TYL,TYLOO,,,,,13.0,9.0,8.0,11.0,1.0,5.0,77.0,77.0,,,33.0,41.0,3.0,2.0,0.0,2.0
701061,274038,splash,36685,TYL,TYLOO,,,,,10.0,9.0,11.0,10.0,0.0,6.0,54.0,69.0,,,24.0,32.0,3.0,1.0,2.0,1.0
701061,274038,Erv,55085,TYL,TYLOO,,,,,6.0,11.0,11.0,10.0,7.0,4.0,77.0,85.0,,,23.0,28.0,1.0,4.0,1.0,0.0
701061,274038,SiuFatBB,7849,TYL,TYLOO,,,,,5.0,11.0,8.0,8.0,1.0,3.0,62.0,62.0,,,35.0,52.0,0.0,1.0,1.0,1.0
701061,274038,WsLeo,24308,XLG,Xi Lai Gaming,,,,,14.0,13.0,10.0,6.0,4.0,5.0,85.0,69.0,,,21.0,13.0,1.0,1.0,0.0,2.0
701061,274038,Rarga,22047,XLG,Xi Lai Gaming,,,,,11.0,11.0,10.0,11.0,3.0,2.0,77.0,62.0,,,46.0,45.0,0.0,1.0,3.0,0.0
701061,274038,Lysoar,37489,XLG,Xi Lai Gaming,,,,,10.0,7.0,7.0,10.0,2.0,4.0,77.0,77.0,,,24.0,26.0,0.0,0.0,1.0,3.0
701061,274038,Sharks,64849,XLG,Xi Lai Gaming,,,,,7.0,9.0,10.0,12.0,2.0,6.0,54.0,85.0,,,29.0,18.0,1.0,1.0,3.0,3.0
701061,274038,happywei,37927,XLG,Xi Lai Gaming,,,,,6.0,9.0,12.0,10.0,4.0,7.0,62.0,77.0,,,26.0,24.0,2.0,2.0,2.0,0.0
701062,274040,KovaQ,7987,FPX,FunPlus Phoenix,,,,,14.0,10.0,9.0,6.0,1.0,1.0,92.0,64.0,,,36.0,29.0,2.0,1.0,0.0,2.0
701062,274040,AAAAY,19530,FPX,FunPlus Phoenix,,,,,7.0,14.0,7.0,5.0,0.0,4.0,50.0,82.0,,,42.0,44.0,0.0,1.0,0.0,0.0
701062,274040,Xlele,54487,FPX,FunPlus Phoenix,,,,,5.0,10.0,8.0,6.0,2.0,2.0,83.0,91.0,,,39.0,34.0,1.0,2.0,2.0,1.0
701062,274040,Setrod,50025,FPX,FunPlus Phoenix,,,,,10.0,6.0,9.0,5.0,0.0,1.0,75.0,73.0,,,31.0,30.0,3.0,2.0,2.0,1.0
701062,274040,coconut,12365,FPX,FunPlus Phoenix,,,,,7.0,5.0,8.0,7.0,1.0,3.0,67.0,73.0,,,21.0,27.0,1.0,0.0,1.0,1.0
701062,274040,Spring,14125,WOL,Wolves Esports,,,,,6.0,10.0,9.0,10.0,5.0,2.0,64.0,83.0,,,24.0,36.0,1.0,1.0,0.0,2.0
701062,274040,glacier,49973,WOL,Wolves Esports,,,,,6.0,8.0,9.0,9.0,2.0,2.0,45.0,67.0,,,39.0,33.0,3.0,1.0,3.0,3.0
701062,274040,aluba,14441,WOL,Wolves Esports,,,,,5.0,10.0,8.0,7.0,2.0,0.0,64.0,83.0,,,12.0,47.0,0.0,2.0,1.0,2.0
701062,274040,yosemite,6022,WOL,Wolves Esports,,,,,8.0,5.0,8.0,8.0,3.0,6.0,55.0,83.0,,,43.0,33.0,1.0,1.0,2.0,0.0
701062,274040,Deryeon,9152,WOL,Wolves Esports,,,,,4.0,8.0,11.0,9.0,2.0,4.0,45.0,75.0,,,21.0,24.0,0.0,0.0,0.0,0.0
701062,274041,Setrod,50025,FPX,FunPlus Phoenix,,,,,18.0,10.0,8.0,8.0,3.0,3.0,83.0,83.0,,,32.0,32.0,2.0,3.0,0.0,0.0
701062,274041,AAAAY,19530,FPX,FunPlus Phoenix,,,,,9.0,12.0,7.0,8.0,3.0,5.0,67.0,83.0,,,83.0,27.0,0.0,1.0,2.0,0.0
701062,274041,KovaQ,7987,FPX,FunPlus Phoenix,,,,,10.0,7.0,8.0,10.0,1.0,4.0,75.0,67.0,,,24.0,25.0,1.0,2.0,2.0,4.0
701062,274041,Xlele,54487,FPX,FunPlus Phoenix,,,,,9.0,6.0,10.0,9.0,2.0,2.0,58.0,75.0,,,26.0,27.0,2.0,1.0,2.0,0.0
701062,274041,coconut,12365,FPX,FunPlus Phoenix,,,,,4.0,7.0,11.0,7.0,1.0,6.0,50.0,83.0,,,45.0,30.0,0.0,1.0,1.0,0.0
701062,274041,Spring,14125,WOL,Wolves Esports,,,,,14.0,14.0,8.0,9.0,5.0,3.0,75.0,75.0,,,37.0,38.0,0.0,1.0,0.0,1.0
701062,274041,Deryeon,9152,WOL,Wolves Esports,,,,,6.0,11.0,10.0,9.0,5.0,4.0,67.0,75.0,,,17.0,44.0,1.0,1.0,3.0,0.0
701062,274041,glacier,49973,WOL,Wolves Esports,,,,,6.0,8.0,8.0,11.0,1.0,1.0,67.0,67.0,,,21.0,26.0,1.0,2.0,5.0,2.0
701062,274041,aluba,14441,WOL,Wolves Esports,,,,,5.0,7.0,8.0,10.0,5.0,6.0,58.0,75.0,,,15.0,33.0,0.0,1.0,0.0,0.0
701062,274041,yosemite,6022,WOL,Wolves Esports,,,,,11.0,4.0,8.0,11.0,1.0,0.0,75.0,50.0,,,43.0,71.0,2.0,2.0,0.0,2.0
701063,274043,cb,39697,NOVA,Nova Esports,,,,,9.0,10.0,9.0,4.0,0.0,4.0,67.0,89.0,,,30.0,27.0,1.0,3.0,0.0,1.0
701063,274043,swagzor,45492,NOVA,Nova Esports,,,,,7.0,12.0,10.0,6.0,3.0,3.0,67.0,89.0,,,26.0,35.0,2.0,0.0,7.0,0.0
701063,274043,GuanG,41054,NOVA,Nova Esports,,,,,15.0,2.0,6.0,6.0,0.0,1.0,75.0,56.0,,,30.0,0.0,0.0,1.0,1.0,0.0
701063,274043,qiutiaN,43007,NOVA,Nova Esports,,,,,9.0,7.0,10.0,5.0,5.0,1.0,83.0,78.0,,,33.0,28.0,0.0,0.0,0.0,1.0
701063,274043,Ezeir,46460,NOVA,Nova Esports,,,,,2.0,7.0,10.0,3.0,4.0,4.0,42.0,89.0,,,18.0,17.0,0.0,1.0,1.0,2.0
701063,274043,whzy,4885,BLG,Guangzhou Huadu Bilibili Gaming (Bilibili Gaming),,,,,9.0,15.0,7.0,8.0,0.0,0.0,67.0,67.0,,,24.0,23.0,1.0,2.0,2.0,0.0
701063,274043,nephh,10698,BLG,Guangzhou Huadu Bilibili Gaming (Bilibili Gaming),,,,,4.0,12.0,7.0,8.0,5.0,7.0,78.0,75.0,,,28.0,29.0,1.0,4.0,1.0,1.0
701063,274043,rushia,48878,BLG,Guangzhou Huadu Bilibili Gaming (Bilibili Gaming),,,,,3.0,8.0,7.0,9.0,1.0,1.0,44.0,67.0,,,20.0,24.0,1.0,2.0,0.0,1.0
701063,274043,Knight,4774,BLG,Guangzhou Huadu Bilibili Gaming (Bilibili Gaming),,,,,2.0,8.0,9.0,8.0,1.0,5.0,56.0,67.0,,,50.0,17.0,0.0,0.0,1.0,1.0
701063,274043,FT,64029,BLG,Guangzhou Huadu Bilibili Gaming (Bilibili Gaming),,,,,6.0,2.0,8.0,9.0,1.0,5.0,56.0,75.0,,,0.0,17.0,1.0,1.0,1.0,0.0
701063,274044,Ezeir,46460,NOVA,Nova Esports,,,,,13.0,7.0,7.0,3.0,7.0,3.0,100.0,75.0,,,29.0,23.0,3.0,0.0,1.0,0.0
701063,274044,qiutiaN,43007,NOVA,Nova Esports,,,,,11.0,8.0,8.0,5.0,3.0,3.0,58.0,75.0,,,22.0,23.0,0.0,2.0,0.0,1.0
701063,274044,GuanG,41054,NOVA,Nova Esports,,,,,11.0,7.0,5.0,5.0,0.0,0.0,83.0,75.0,,,33.0,21.0,0.0,1.0,0.0,0.0
701063,274044,swagzor,45492,NOVA,Nova Esports,,,,,11.0,6.0,8.0,6.0,0.0,4.0,58.0,88.0,,,23.0,27.0,3.0,2.0,1.0,1.0
701063,274044,cb,39697,NOVA,Nova Esports,,,,,6.0,4.0,9.0,6.0,3.0,3.0,75.0,75.0,,,11.0,31.0,1.0,0.0,3.0,1.0
701063,274044,whzy,4885,BLG,Guangzhou Huadu Bilibili Gaming (Bilibili Gaming),,,,,6.0,10.0,7.0,10.0,1.0,2.0,75.0,58.0,,,18.0,28.0,2.0,3.0,3.0,4.0
701063,274044,nephh,10698,BLG,Guangzhou Huadu Bilibili Gaming (Bilibili Gaming),,,,,5.0,8.0,7.0,10.0,5.0,9.0,75.0,67.0,,,50.0,18.0,0.0,0.0,0.0,0.0
701063,274044,FT,64029,BLG,Guangzhou Huadu Bilibili Gaming (Bilibili Gaming),,,,,7.0,6.0,8.0,11.0,1.0,1.0,75.0,50.0,,,30.0,43.0,1.0,1.0,0.0,1.0
701063,274044,rushia,48878,BLG,Guangzhou Huadu Bilibili Gaming (Bilibili Gaming),,,,,3.0,8.0,5.0,10.0,0.0,5.0,38.0,67.0,,,21.0,19.0,0.0,1.0,1.0,0.0
701063,274044,Knight,4774,BLG,Guangzhou Huadu Bilibili Gaming (Bilibili Gaming),,,,,4.0,5.0,5.0,11.0,1.0,2.0,38.0,58.0,,,22.0,21.0,0.0,0.0,1.0,2.0
724619,278572,LuoK1ng,3045,TE,Trace Esports,1.58,1.65,231.0,266.0,6.0,11.0,3.0,7.0,4.0,5.0,100.0,83.0,137.0,150.0,33.0,36.0,2.0,0.0,0.0,0.0
724619,278572,deLb,10821,TE,Trace Esports,1.44,1.4,143.0,295.0,4.0,13.0,1.0,8.0,2.0,3.0,86.0,75.0,109.0,195.0,25.0,31.0,0.0,0.0,0.0,3.0
724619,278572,FKEY,51249,TE,Trace Esports,1.69,0.81,284.0,202.0,7.0,9.0,2.0,10.0,4.0,1.0,100.0,58.0,180.0,128.0,19.0,29.0,0.0,1.0,0.0,0.0
724619,278572,Kai,37494,TE,Trace Esports,1.72,0.76,308.0,129.0,9.0,5.0,2.0,7.0,1.0,2.0,86.0,67.0,202.0,88.0,33.0,14.0,2.0,2.0,2.0,4.0
724619,278572,FengF,4770,TE,Trace Esports,1.3,0.63,259.0,121.0,7.0,5.0,4.0,9.0,1.0,1.0,71.0,58.0,157.0,86.0,21.0,22.0,1.0,1.0,0.0,1.0
724619,278572,Layla,8240,AT,A Team,1.47,0.14,226.0,90.0,11.0,1.0,7.0,7.0,5.0,1.0,67.0,14.0,163.0,76.0,24.0,18.0,1.0,0.0,1.0,2.0
724619,278572,Dingwei,42513,AT,A Team,0.75,0.92,160.0,187.0,7.0,5.0,9.0,6.0,4.0,0.0,58.0,71.0,106.0,98.0,29.0,18.0,0.0,0.0,0.0,1.0
724619,278572,Eren,14444,AT,A Team,0.79,0.51,194.0,148.0,8.0,3.0,9.0,7.0,3.0,1.0,75.0,71.0,142.0,90.0,21.0,22.0,3.0,1.0,2.0,1.0
724619,278572,Folykiki,56305,AT,A Team,0.82,0.45,204.0,106.0,9.0,2.0,10.0,6.0,3.0,1.0,67.0,43.0,128.0,76.0,16.0,0.0,3.0,1.0,1.0,0.0
724619,278572,monk,14431,AT,A Team,0.87,0.13,149.0,62.0,6.0,1.0,8.0,7.0,5.0,3.0,75.0,71.0,92.0,43.0,17.0,17.0,1.0,0.0,0.0,1.0
724619,279339,deLb,10821,TE,Trace Esports,2.01,1.12,430.0,186.0,18.0,8.0,9.0,6.0,2.0,4.0,83.0,92.0,306.0,134.0,57.0,35.0,2.0,0.0,1.0,0.0
724619,279339,Kai,37494,TE,Trace Esports,0.88,1.57,139.0,371.0,6.0,14.0,7.0,11.0,5.0,3.0,75.0,75.0,91.0,237.0,22.0,18.0,0.0,1.0,4.0,1.0
724619,279339,FengF,4770,TE,Trace Esports,1.28,1.09,277.0,207.0,11.0,9.0,8.0,8.0,2.0,5.0,83.0,75.0,182.0,136.0,31.0,25.0,1.0,0.0,0.0,1.0
724619,279339,LuoK1ng,3045,TE,Trace Esports,0.39,1.17,92.0,204.0,3.0,9.0,10.0,7.0,3.0,3.0,67.0,92.0,62.0,136.0,15.0,43.0,0.0,2.0,1.0,1.0
724619,279339,FKEY,51249,TE,Trace Esports,0.7,0.53,141.0,147.0,6.0,6.0,9.0,8.0,5.0,3.0,75.0,67.0,91.0,87.0,36.0,15.0,1.0,3.0,2.0,3.0
724619,279339,Layla,8240,AT,A Team,1.32,1.2,237.0,261.0,11.0,11.0,8.0,9.0,3.0,2.0,75.0,83.0,182.0,162.0,40.0,38.0,1.0,2.0,1.0,0.0
724619,279339,monk,14431,AT,A Team,0.9,1.14,187.0,255.0,7.0,12.0,9.0,9.0,6.0,3.0,67.0,75.0,122.0,172.0,32.0,30.0,1.0,2.0,3.0,1.0
724619,279339,Eren,14444,AT,A Team,0.99,1.02,185.0,245.0,7.0,10.0,10.0,10.0,4.0,2.0,83.0,83.0,140.0,168.0,11.0,37.0,1.0,2.0,0.0,2.0
724619,279339,Dingwei,42513,AT,A Team,0.77,0.91,143.0,139.0,5.0,6.0,8.0,7.0,4.0,1.0,67.0,67.0,97.0,85.0,29.0,11.0,1.0,1.0,0.0,0.0
724619,279339,Folykiki,56305,AT,A Team,0.89,0.56,245.0,121.0,10.0,4.0,11.0,9.0,4.0,5.0,83.0,75.0,146.0,82.0,16.0,8.0,2.0,1.0,2.0,1.0
724620,278574,ra1ny,63107,TEC,Wuxi Titan Esports Club (Titan Esports Club),1.06,1.14,259.0,280.0,11.0,11.0,10.0,10.0,0.0,1.0,67.0,64.0,171.0,179.0,28.0,18.0,4.0,2.0,3.0,1.0
724620,278574,Haodong,4720,TEC,Wuxi Titan Esports Club (Titan Esports Club),0.64,1.24,148.0,236.0,7.0,10.0,8.0,7.0,0.0,1.0,58.0,64.0,88.0,151.0,20.0,32.0,0.0,2.0,2.0,0.0
724620,278574,lucas,19677,TEC,Wuxi Titan Esports Club (Titan Esports Club),0.86,1.01,172.0,270.0,6.0,10.0,8.0,8.0,5.0,4.0,83.0,82.0,124.0,168.0,30.0,24.0,0.0,2.0,2.0,3.0
724620,278574,Coco,47629,TEC,Wuxi Titan Esports Club (Titan Esports Club),1.09,0.74,226.0,130.0,10.0,4.0,9.0,6.0,4.0,6.0,83.0,91.0,142.0,94.0,35.0,18.0,0.0,0.0,0.0,0.0
724620,278574,Dynamite,42235,TEC,Wuxi Titan Esports Club (Titan Esports Club),0.39,1.07,132.0,186.0,5.0,7.0,11.0,7.0,3.0,5.0,58.0,73.0,97.0,158.0,14.0,32.0,1.0,0.0,0.0,1.0
724620,278574,Ying,51250,KBG,KeepBest Gaming,1.84,0.76,296.0,133.0,12.0,4.0,6.0,7.0,6.0,3.0,82.0,67.0,205.0,111.0,42.0,10.0,1.0,0.0,0.0,1.0
724620,278574,Krst1Ng,58009,KBG,KeepBest Gaming,0.99,1.48,188.0,290.0,8.0,12.0,9.0,8.0,2.0,4.0,73.0,75.0,127.0,185.0,44.0,38.0,1.0,3.0,0.0,3.0
724620,278574,Tonk,58008,KBG,KeepBest Gaming,0.98,1.31,175.0,246.0,7.0,11.0,8.0,9.0,1.0,4.0,82.0,83.0,116.0,174.0,46.0,25.0,2.0,1.0,1.0,0.0
724620,278574,Akeman,52904,KBG,KeepBest Gaming,0.34,1.54,131.0,298.0,4.0,13.0,10.0,8.0,3.0,3.0,45.0,92.0,97.0,183.0,14.0,32.0,1.0,3.0,5.0,1.0
724620,278574,sibeastw0w,6126,KBG,KeepBest Gaming,0.84,0.99,188.0,138.0,7.0,6.0,9.0,7.0,0.0,6.0,64.0,75.0,134.0,90.0,47.0,5.0,0.0,0.0,0.0,0.0
724620,278575,Haodong,4720,TEC,Wuxi Titan Esports Club (Titan Esports Club),1.54,0.93,296.0,184.0,17.0,10.0,8.0,11.0,2.0,1.0,80.0,53.0,194.0,120.0,34.0,33.0,1.0,1.0,0.0,1.0
724620,278575,Dynamite,42235,TEC,Wuxi Titan Esports Club (Titan Esports Club),0.65,1.61,162.0,348.0,7.0,19.0,12.0,12.0,3.0,1.0,67.0,87.0,106.0,220.0,23.0,34.0,4.0,4.0,2.0,2.0
724620,278575,Coco,47629,TEC,Wuxi Titan Esports Club (Titan Esports Club),1.19,1.08,181.0,217.0,9.0,11.0,8.0,12.0,7.0,7.0,73.0,73.0,124.0,150.0,27.0,48.0,0.0,1.0,0.0,1.0
724620,278575,ra1ny,63107,TEC,Wuxi Titan Esports Club (Titan Esports Club),1.18,0.83,240.0,208.0,12.0,11.0,9.0,12.0,1.0,2.0,87.0,53.0,164.0,142.0,15.0,21.0,3.0,1.0,2.0,3.0
724620,278575,lucas,19677,TEC,Wuxi Titan Esports Club (Titan Esports Club),0.98,0.33,154.0,74.0,8.0,2.0,9.0,12.0,9.0,8.0,80.0,53.0,87.0,53.0,17.0,19.0,1.0,1.0,2.0,0.0
724620,278575,Akeman,52904,KBG,KeepBest Gaming,0.92,1.34,250.0,262.0,13.0,15.0,13.0,10.0,4.0,1.0,73.0,87.0,168.0,158.0,34.0,24.0,4.0,1.0,4.0,2.0
724620,278575,sibeastw0w,6126,KBG,KeepBest Gaming,1.17,1.09,224.0,228.0,11.0,10.0,10.0,11.0,8.0,11.0,87.0,67.0,128.0,152.0,27.0,27.0,2.0,1.0,0.0,2.0
724620,278575,Krst1Ng,58009,KBG,KeepBest Gaming,1.04,1.06,192.0,182.0,11.0,9.0,9.0,9.0,1.0,6.0,67.0,87.0,135.0,111.0,57.0,32.0,0.0,2.0,1.0,3.0
724620,278575,Tonk,58008,KBG,KeepBest Gaming,1.12,0.59,220.0,132.0,13.0,7.0,9.0,12.0,1.0,3.0,73.0,53.0,139.0,79.0,36.0,24.0,1.0,1.0,2.0,1.0
724620,278575,Ying,51250,KBG,KeepBest Gaming,0.95,0.51,191.0,111.0,11.0,5.0,12.0,11.0,4.0,4.0,80.0,60.0,127.0,75.0,38.0,46.0,0.0,1.0,1.0,1.0
724620,279340,Dynamite,42235,TEC,Wuxi Titan Esports Club (Titan Esports Club),,,,,,,,,,,,,,,,,,,,
724620,279340,Haodong,4720,TEC,Wuxi Titan Esports Club (Titan Esports Club),,,,,,,,,,,,,,,,,,,,
724620,279340,Coco,47629,TEC,Wuxi Titan Esports Club (Titan Esports Club),,,,,,,,,,,,,,,,,,,,
724620,279340,lucas,19677,TEC,Wuxi Titan Esports Club (Titan Esports Club),,,,,,,,,,,,,,,,,,,,
724620,279340,ra1ny,63107,TEC,Wuxi Titan Esports Club (Titan Esports Club),,,,,,,,,,,,,,,,,,,,
724620,279340,Akeman,52904,KBG,KeepBest Gaming,,,,,,,,,,,,,,,,,,,,
724620,279340,Ying,51250,KBG,KeepBest Gaming,,,,,,,,,,,,,,,,,,,,
724620,279340,Tonk,58008,KBG,KeepBest Gaming,,,,,,,,,,,,,,,,,,,,
724620,279340,sibeastw0w,6126,KBG,KeepBest Gaming,,,,,,,,,,,,,,,,,,,,
724620,279340,Krst1Ng,58009,KBG,KeepBest Gaming,,,,,,,,,,,,,,,,,,,,
724621,278577,KovaQ,7987,FPX,FunPlus Phoenix,3.05,1.88,415.0,311.0,2.0,15.0,0.0,4.0,0.0,4.0,100.0,92.0,225.0,221.0,20.0,38.0,0.0,1.0,0.0,1.0
724621,278577,Setrod,50025,FPX,FunPlus Phoenix,1.74,1.54,340.0,196.0,1.0,9.0,1.0,3.0,1.0,5.0,100.0,100.0,195.0,135.0,25.0,60.0,1.0,3.0,0.0,1.0
724621,278577,AAAAY,19530,FPX,FunPlus Phoenix,0.86,1.43,,,0.0,15.0,0.0,5.0,0.0,5.0,100.0,100.0,,,,25.0,0.0,2.0,0.0,0.0
724621,278577,coconut,12365,FPX,FunPlus Phoenix,3.12,1.11,419.0,228.0,2.0,9.0,0.0,8.0,0.0,4.0,100.0,75.0,263.0,154.0,50.0,23.0,0.0,3.0,0.0,0.0
724621,278577,Xlele,54487,FPX,FunPlus Phoenix,0.01,0.86,,,0.0,10.0,1.0,8.0,0.0,1.0,,83.0,,,,18.0,0.0,1.0,0.0,0.0
724621,278577,Yuicaw,11218,JDG,JD Gaming,0.98,0.59,235.0,144.0,10.0,1.0,11.0,1.0,4.0,0.0,92.0,100.0,139.0,35.0,28.0,0.0,1.0,0.0,2.0,0.0
724621,278577,jkuro,3519,JDG,JD Gaming,0.58,1.28,155.0,337.0,6.0,1.0,12.0,1.0,2.0,1.0,50.0,100.0,108.0,212.0,40.0,50.0,0.0,0.0,0.0,0.0
724621,278577,crownfisher,64969,JDG,JD Gaming,0.5,0.04,125.0,47.0,5.0,0.0,12.0,1.0,2.0,1.0,75.0,100.0,69.0,17.0,56.0,0.0,0.0,0.0,0.0,0.0
724621,278577,zhe,49476,JDG,JD Gaming,0.18,0.45,105.0,-12.0,4.0,0.0,11.0,1.0,1.0,0.0,33.0,,27.0,469.0,27.0,,1.0,0.0,5.0,1.0
724621,278577,BerLIN,7857,JDG,JD Gaming,0.17,0.01,88.0,-3.0,2.0,0.0,12.0,1.0,6.0,0.0,67.0,,60.0,-5.0,33.0,,0.0,0.0,3.0,0.0
724621,278578,AAAAY,19530,FPX,FunPlus Phoenix,0.87,1.59,179.0,197.0,8.0,10.0,8.0,3.0,1.0,1.0,50.0,83.0,117.0,125.0,29.0,63.0,0.0,1.0,1.0,1.0
724621,278578,KovaQ,7987,FPX,FunPlus Phoenix,0.99,1.42,240.0,282.0,9.0,12.0,8.0,7.0,5.0,4.0,83.0,75.0,158.0,182.0,29.0,43.0,1.0,3.0,3.0,1.0
724621,278578,Setrod,50025,FPX,FunPlus Phoenix,0.81,1.26,204.0,248.0,9.0,10.0,9.0,6.0,1.0,5.0,67.0,83.0,133.0,151.0,35.0,18.0,1.0,1.0,1.0,2.0
724621,278578,coconut,12365,FPX,FunPlus Phoenix,0.7,1.02,135.0,193.0,5.0,9.0,9.0,7.0,0.0,2.0,58.0,83.0,90.0,132.0,28.0,35.0,0.0,0.0,1.0,0.0
724621,278578,Xlele,54487,FPX,FunPlus Phoenix,0.56,0.9,154.0,176.0,8.0,7.0,10.0,8.0,1.0,2.0,58.0,67.0,89.0,117.0,50.0,39.0,1.0,2.0,3.0,1.0
724621,278578,Yuicaw,11218,JDG,JD Gaming,0.64,1.66,150.0,164.0,5.0,9.0,9.0,4.0,3.0,1.0,58.0,75.0,101.0,117.0,54.0,32.0,1.0,1.0,1.0,0.0
724621,278578,zhe,49476,JDG,JD Gaming,0.58,1.64,151.0,315.0,6.0,14.0,11.0,8.0,1.0,4.0,83.0,75.0,87.0,207.0,50.0,29.0,2.0,2.0,1.0,0.0
724621,278578,crownfisher,64969,JDG,JD Gaming,0.82,1.16,187.0,235.0,7.0,9.0,10.0,9.0,2.0,4.0,58.0,75.0,123.0,157.0,23.0,26.0,1.0,3.0,2.0,0.0
724621,278578,BerLIN,7857,JDG,JD Gaming,0.77,0.88,117.0,165.0,5.0,6.0,9.0,8.0,4.0,4.0,75.0,67.0,83.0,111.0,56.0,28.0,0.0,1.0,0.0,0.0
724621,278578,jkuro,3519,JDG,JD Gaming,0.86,0.62,199.0,155.0,8.0,6.0,9.0,10.0,3.0,5.0,50.0,58.0,124.0,116.0,44.0,42.0,1.0,2.0,3.0,3.0
724621,278579,coconut,12365,FPX,FunPlus Phoenix,1.56,1.5,230.0,281.0,12.0,9.0,8.0,8.0,5.0,3.0,75.0,100.0,163.0,184.0,39.0,30.0,0.0,1.0,0.0,3.0
724621,278579,AAAAY,19530,FPX,FunPlus Phoenix,1.28,0.43,236.0,122.0,10.0,3.0,10.0,9.0,4.0,3.0,83.0,67.0,170.0,88.0,45.0,29.0,1.0,1.0,0.0,0.0
724621,278579,Xlele,54487,FPX,FunPlus Phoenix,0.76,0.99,206.0,192.0,9.0,6.0,11.0,8.0,1.0,3.0,75.0,67.0,132.0,137.0,22.0,62.0,4.0,1.0,0.0,1.0
724621,278579,KovaQ,7987,FPX,FunPlus Phoenix,0.89,0.66,151.0,142.0,5.0,5.0,9.0,8.0,9.0,1.0,75.0,78.0,112.0,112.0,25.0,43.0,1.0,0.0,2.0,0.0
724621,278579,Setrod,50025,FPX,FunPlus Phoenix,0.67,0.36,193.0,146.0,8.0,4.0,10.0,9.0,3.0,1.0,75.0,67.0,120.0,94.0,28.0,56.0,1.0,0.0,3.0,2.0
724621,278579,Yuicaw,11218,JDG,JD Gaming,1.51,1.13,320.0,296.0,11.0,12.0,6.0,10.0,3.0,4.0,89.0,92.0,196.0,215.0,21.0,28.0,3.0,0.0,0.0,1.0
724621,278579,jkuro,3519,JDG,JD Gaming,0.84,1.51,128.0,303.0,5.0,14.0,6.0,9.0,2.0,0.0,56.0,83.0,93.0,198.0,31.0,41.0,0.0,0.0,1.0,0.0
724621,278579,zhe,49476,JDG,JD Gaming,2.1,0.44,412.0,165.0,14.0,6.0,4.0,10.0,2.0,2.0,100.0,67.0,280.0,109.0,28.0,9.0,2.0,3.0,0.0,2.0
724621,278579,crownfisher,64969,JDG,JD Gaming,1.0,1.21,224.0,233.0,8.0,11.0,6.0,8.0,7.0,8.0,89.0,83.0,149.0,137.0,26.0,31.0,1.0,1.0,0.0,2.0
724621,278579,BerLIN,7857,JDG,JD Gaming,0.94,0.79,168.0,114.0,4.0,5.0,5.0,7.0,7.0,4.0,78.0,75.0,99.0,73.0,55.0,21.0,0.0,1.0,2.0,2.0
724622,278580,yosemite,6022,WOL,Wolves Esports,1.68,0.89,316.0,160.0,14.0,7.0,8.0,8.0,2.0,5.0,67.0,67.0,213.0,111.0,35.0,23.0,1.0,0.0,1.0,1.0
724622,278580,Spring,14125,WOL,Wolves Esports,1.02,1.47,185.0,299.0,8.0,12.0,7.0,8.0,2.0,4.0,75.0,67.0,105.0,199.0,40.0,38.0,1.0,2.0,1.0,1.0
724622,278580,glacier,49973,WOL,Wolves Esports,1.01,1.44,258.0,262.0,12.0,11.0,9.0,6.0,3.0,1.0,67.0,58.0,155.0,155.0,22.0,9.0,2.0,3.0,5.0,2.0
724622,278580,aluba,14441,WOL,Wolves Esports,1.36,0.94,229.0,191.0,10.0,8.0,6.0,8.0,5.0,3.0,83.0,75.0,164.0,112.0,27.0,11.0,0.0,0.0,0.0,0.0
724622,278580,Deryeon,9152,WOL,Wolves Esports,0.72,0.49,109.0,91.0,4.0,3.0,7.0,8.0,7.0,3.0,58.0,67.0,91.0,55.0,25.0,56.0,0.0,1.0,1.0,2.0
724622,278580,Nicc,11524,DRG,Dragon Ranger Gaming,1.47,0.72,244.0,150.0,11.0,6.0,7.0,9.0,5.0,3.0,75.0,58.0,136.0,112.0,36.0,23.0,2.0,1.0,1.0,0.0
724622,278580,SpiritZ1,31753,DRG,Dragon Ranger Gaming,1.28,0.53,283.0,147.0,13.0,6.0,9.0,11.0,0.0,1.0,58.0,50.0,164.0,84.0,38.0,11.0,1.0,2.0,3.0,2.0
724622,278580,Verse,55817,DRG,Dragon Ranger Gaming,0.62,1.07,81.0,225.0,2.0,9.0,7.0,9.0,5.0,1.0,75.0,50.0,66.0,152.0,20.0,50.0,0.0,0.0,0.0,1.0
724622,278580,vo0kashu,3741,DRG,Dragon Ranger Gaming,0.56,1.02,97.0,205.0,4.0,8.0,7.0,9.0,1.0,1.0,58.0,75.0,66.0,134.0,20.0,32.0,0.0,1.0,1.0,1.0
724622,278580,Life,3028,DRG,Dragon Ranger Gaming,0.73,0.74,219.0,203.0,8.0,8.0,11.0,10.0,3.0,0.0,67.0,50.0,142.0,118.0,24.0,40.0,3.0,4.0,1.0,0.0
724622,278581,Spring,14125,WOL,Wolves Esports,1.42,1.67,243.0,360.0,11.0,12.0,7.0,7.0,4.0,2.0,75.0,90.0,154.0,211.0,38.0,33.0,0.0,4.0,0.0,1.0
724622,278581,aluba,14441,WOL,Wolves Esports,0.81,0.88,135.0,153.0,5.0,7.0,9.0,8.0,6.0,0.0,92.0,70.0,96.0,89.0,35.0,45.0,1.0,0.0,1.0,0.0
724622,278581,glacier,49973,WOL,Wolves Esports,1.16,0.43,271.0,124.0,12.0,3.0,9.0,8.0,1.0,3.0,58.0,50.0,177.0,87.0,25.0,21.0,3.0,1.0,4.0,1.0
724622,278581,yosemite,6022,WOL,Wolves Esports,0.74,0.65,176.0,194.0,7.0,6.0,9.0,9.0,2.0,1.0,83.0,70.0,114.0,125.0,19.0,17.0,2.0,1.0,1.0,1.0
724622,278581,Deryeon,9152,WOL,Wolves Esports,0.99,0.22,211.0,48.0,10.0,1.0,9.0,8.0,5.0,5.0,92.0,30.0,137.0,34.0,17.0,9.0,0.0,0.0,0.0,1.0
724622,278581,Nicc,11524,DRG,Dragon Ranger Gaming,1.65,1.28,212.0,141.0,8.0,7.0,4.0,5.0,5.0,6.0,80.0,75.0,141.0,95.0,18.0,40.0,0.0,0.0,1.0,1.0
724622,278581,Verse,55817,DRG,Dragon Ranger Gaming,1.58,0.92,239.0,224.0,8.0,9.0,5.0,11.0,8.0,4.0,80.0,67.0,154.0,125.0,30.0,35.0,1.0,3.0,0.0,1.0
724622,278581,SpiritZ1,31753,DRG,Dragon Ranger Gaming,1.3,0.8,273.0,205.0,10.0,9.0,7.0,11.0,1.0,1.0,90.0,67.0,188.0,135.0,39.0,37.0,0.0,1.0,1.0,1.0
724622,278581,vo0kashu,3741,DRG,Dragon Ranger Gaming,0.36,1.58,125.0,338.0,5.0,14.0,8.0,9.0,2.0,3.0,70.0,75.0,83.0,222.0,15.0,32.0,0.0,1.0,1.0,0.0
724622,278581,Life,3028,DRG,Dragon Ranger Gaming,1.26,0.39,249.0,95.0,9.0,3.0,5.0,9.0,1.0,4.0,70.0,58.0,157.0,76.0,50.0,25.0,3.0,1.0,3.0,3.0
724622,278582,yosemite,6022,WOL,Wolves Esports,1.03,1.13,206.0,192.0,8.0,6.0,10.0,5.0,1.0,2.0,50.0,67.0,125.0,120.0,38.0,21.0,2.0,2.0,1.0,0.0
724622,278582,glacier,49973,WOL,Wolves Esports,0.78,1.36,159.0,329.0,6.0,10.0,9.0,7.0,2.0,2.0,33.0,89.0,108.0,204.0,17.0,24.0,1.0,2.0,2.0,1.0
724622,278582,aluba,14441,WOL,Wolves Esports,0.68,0.77,124.0,115.0,6.0,5.0,10.0,6.0,4.0,2.0,67.0,67.0,83.0,60.0,33.0,6.0,0.0,0.0,2.0,0.0
724622,278582,Spring,14125,WOL,Wolves Esports,0.58,0.9,141.0,202.0,5.0,6.0,11.0,7.0,4.0,6.0,50.0,89.0,93.0,116.0,24.0,11.0,1.0,0.0,1.0,1.0
724622,278582,Deryeon,9152,WOL,Wolves Esports,0.62,0.62,137.0,153.0,5.0,4.0,10.0,7.0,2.0,3.0,42.0,78.0,93.0,107.0,32.0,13.0,1.0,1.0,1.0,2.0
724622,278582,Life,3028,DRG,Dragon Ranger Gaming,1.04,1.87,232.0,404.0,8.0,18.0,7.0,7.0,1.0,1.0,56.0,75.0,122.0,241.0,40.0,38.0,2.0,3.0,2.0,0.0
724622,278582,vo0kashu,3741,DRG,Dragon Ranger Gaming,1.22,1.59,204.0,272.0,6.0,12.0,5.0,5.0,2.0,1.0,67.0,100.0,152.0,184.0,24.0,41.0,0.0,1.0,1.0,0.0
724622,278582,Nicc,11524,DRG,Dragon Ranger Gaming,1.36,0.93,172.0,127.0,6.0,5.0,4.0,5.0,4.0,8.0,78.0,92.0,119.0,79.0,42.0,33.0,0.0,0.0,0.0,0.0
724622,278582,Verse,55817,DRG,Dragon Ranger Gaming,0.93,0.95,225.0,183.0,7.0,8.0,7.0,6.0,6.0,8.0,78.0,67.0,138.0,93.0,50.0,67.0,0.0,1.0,2.0,3.0
724622,278582,SpiritZ1,31753,DRG,Dragon Ranger Gaming,0.78,0.86,170.0,154.0,5.0,7.0,8.0,7.0,3.0,0.0,78.0,58.0,118.0,108.0,13.0,64.0,2.0,2.0,0.0,2.0
724623,278583,K1ra,46748,AG,All Gamers,0.92,0.89,212.0,248.0,8.0,5.0,11.0,5.0,6.0,0.0,83.0,67.0,124.0,142.0,43.0,33.0,0.0,1.0,2.0,1.0
724623,278583,Bai,52101,AG,All Gamers,0.86,1.03,156.0,207.0,6.0,4.0,9.0,4.0,3.0,2.0,58.0,67.0,112.0,100.0,39.0,38.0,0.0,1.0,1.0,0.0
724623,278583,Shr1mp,25494,AG,All Gamers,1.12,0.4,229.0,115.0,9.0,2.0,9.0,5.0,0.0,1.0,58.0,33.0,139.0,94.0,20.0,22.0,2.0,0.0,1.0,0.0
724623,278583,iamgrq,58959,AG,All Gamers,0.98,0.27,232.0,43.0,8.0,1.0,10.0,4.0,7.0,0.0,92.0,33.0,148.0,25.0,13.0,0.0,0.0,0.0,0.0,1.0
724623,278583,f4ngeer,21216,AG,All Gamers,0.67,0.56,186.0,186.0,7.0,4.0,11.0,5.0,3.0,0.0,67.0,50.0,124.0,157.0,44.0,36.0,2.0,0.0,4.0,2.0
724623,278583,FengF,4770,TE,Trace Esports,0.67,1.76,130.0,298.0,3.0,14.0,4.0,6.0,3.0,5.0,67.0,83.0,66.0,197.0,0.0,23.0,0.0,0.0,0.0,0.0
724623,278583,LuoK1ng,3045,TE,Trace Esports,0.83,1.56,129.0,320.0,4.0,13.0,4.0,8.0,0.0,10.0,67.0,92.0,72.0,203.0,30.0,26.0,0.0,2.0,1.0,1.0
724623,278583,deLb,10821,TE,Trace Esports,1.88,0.94,243.0,129.0,5.0,7.0,1.0,6.0,1.0,2.0,83.0,75.0,145.0,81.0,71.0,42.0,0.0,1.0,0.0,0.0
724623,278583,FKEY,51249,TE,Trace Esports,1.76,0.9,251.0,205.0,5.0,9.0,3.0,9.0,4.0,2.0,67.0,67.0,177.0,141.0,31.0,37.0,2.0,2.0,0.0,1.0
724623,278583,Kai,37494,TE,Trace Esports,1.46,0.65,280.0,165.0,6.0,7.0,4.0,9.0,3.0,6.0,67.0,67.0,169.0,120.0,46.0,27.0,2.0,3.0,1.0,2.0
724623,278584,f4ngeer,21216,AG,All Gamers,1.38,2.17,319.0,384.0,10.0,16.0,6.0,5.0,1.0,1.0,78.0,83.0,200.0,216.0,44.0,17.0,3.0,5.0,0.0,1.0
724623,278584,Shr1mp,25494,AG,All Gamers,2.0,0.72,277.0,148.0,11.0,5.0,3.0,8.0,4.0,7.0,78.0,75.0,159.0,103.0,33.0,41.0,0.0,1.0,0.0,0.0
724623,278584,iamgrq,58959,AG,All Gamers,1.72,0.51,299.0,91.0,9.0,4.0,5.0,8.0,6.0,3.0,78.0,58.0,197.0,50.0,25.0,25.0,1.0,0.0,0.0,3.0
724623,278584,K1ra,46748,AG,All Gamers,0.28,1.24,183.0,218.0,6.0,13.0,8.0,9.0,1.0,2.0,56.0,83.0,111.0,139.0,15.0,21.0,1.0,1.0,3.0,1.0
724623,278584,Bai,52101,AG,All Gamers,0.4,0.91,123.0,144.0,3.0,7.0,7.0,7.0,2.0,0.0,56.0,67.0,97.0,108.0,19.0,21.0,0.0,0.0,1.0,0.0
724623,278584,Kai,37494,TE,Trace Esports,1.4,0.96,296.0,142.0,12.0,5.0,8.0,6.0,4.0,1.0,75.0,56.0,168.0,96.0,28.0,31.0,2.0,0.0,2.0,0.0
724623,278584,LuoK1ng,3045,TE,Trace Esports,1.1,1.11,173.0,283.0,8.0,9.0,8.0,9.0,4.0,0.0,67.0,56.0,123.0,198.0,19.0,45.0,0.0,1.0,2.0,1.0
724623,278584,FengF,4770,TE,Trace Esports,0.99,1.18,256.0,284.0,10.0,8.0,11.0,8.0,3.0,2.0,58.0,67.0,164.0,176.0,33.0,37.0,3.0,1.0,2.0,2.0
724623,278584,deLb,10821,TE,Trace Esports,0.59,0.93,97.0,176.0,5.0,6.0,8.0,7.0,0.0,1.0,50.0,56.0,68.0,94.0,71.0,16.0,0.0,1.0,1.0,0.0
724623,278584,FKEY,51249,TE,Trace Esports,0.11,0.02,65.0,53.0,2.0,1.0,10.0,9.0,3.0,3.0,33.0,44.0,57.0,36.0,27.0,50.0,0.0,1.0,0.0,2.0
724623,278585,f4ngeer,21216,AG,All Gamers,0.86,2.02,185.0,416.0,2.0,20.0,2.0,5.0,1.0,1.0,100.0,92.0,130.0,253.0,40.0,33.0,0.0,2.0,0.0,0.0
724623,278585,Bai,52101,AG,All Gamers,1.71,1.58,184.0,173.0,3.0,8.0,1.0,3.0,1.0,2.0,100.0,83.0,104.0,133.0,20.0,44.0,1.0,0.0,0.0,1.0
724623,278585,Shr1mp,25494,AG,All Gamers,1.74,1.46,415.0,256.0,5.0,10.0,2.0,5.0,0.0,5.0,100.0,92.0,238.0,156.0,63.0,26.0,1.0,4.0,0.0,1.0
724623,278585,K1ra,46748,AG,All Gamers,0.7,1.31,113.0,288.0,1.0,12.0,2.0,8.0,3.0,5.0,100.0,83.0,112.0,195.0,67.0,41.0,0.0,3.0,1.0,0.0
724623,278585,iamgrq,58959,AG,All Gamers,1.3,0.88,315.0,193.0,3.0,8.0,2.0,9.0,4.0,7.0,100.0,83.0,207.0,142.0,23.0,27.0,0.0,0.0,0.0,1.0
724623,278585,LuoK1ng,3045,TE,Trace Esports,0.64,2.59,166.0,426.0,7.0,5.0,11.0,2.0,1.0,0.0,42.0,67.0,106.0,221.0,50.0,40.0,0.0,0.0,1.0,0.0
724623,278585,deLb,10821,TE,Trace Esports,0.78,0.2,201.0,86.0,7.0,1.0,12.0,3.0,3.0,0.0,50.0,33.0,133.0,63.0,41.0,33.0,1.0,0.0,1.0,0.0
724623,278585,FengF,4770,TE,Trace Esports,0.66,0.26,200.0,65.0,8.0,1.0,11.0,3.0,1.0,0.0,50.0,67.0,121.0,51.0,27.0,50.0,1.0,0.0,3.0,0.0
724623,278585,FKEY,51249,TE,Trace Esports,0.54,0.58,174.0,189.0,6.0,2.0,12.0,3.0,2.0,1.0,58.0,67.0,124.0,129.0,41.0,67.0,1.0,1.0,3.0,1.0
724623,278585,Kai,37494,TE,Trace Esports,0.12,0.15,46.0,51.0,2.0,0.0,12.0,3.0,0.0,1.0,25.0,33.0,28.0,48.0,17.0,0.0,0.0,0.0,1.0,1.0
724624,278586,CHICHOO,15559,EDG,EDward Gaming,1.61,1.34,304.0,234.0,14.0,6.0,8.0,4.0,2.0,7.0,92.0,88.0,204.0,159.0,31.0,12.0,1.0,1.0,1.0,0.0
724624,278586,Smoggy,4742,EDG,EDward Gaming,1.02,1.22,192.0,192.0,7.0,5.0,9.0,3.0,8.0,1.0,67.0,88.0,156.0,134.0,32.0,38.0,1.0,1.0,0.0,0.0
724624,278586,ZmjjKK,3520,EDG,EDward Gaming,0.86,1.39,240.0,260.0,9.0,7.0,10.0,4.0,3.0,2.0,58.0,88.0,147.0,155.0,31.0,6.0,0.0,2.0,4.0,1.0
724624,278586,nobody,3017,EDG,EDward Gaming,0.45,1.8,117.0,322.0,5.0,11.0,10.0,3.0,2.0,2.0,67.0,88.0,75.0,188.0,18.0,22.0,0.0,1.0,2.0,1.0
724624,278586,Jieni7,51244,EDG,EDward Gaming,0.77,1.25,148.0,166.0,7.0,6.0,10.0,3.0,2.0,3.0,58.0,75.0,99.0,104.0,29.0,33.0,1.0,0.0,2.0,1.0
724624,278586,ra1ny,63107,TEC,Wuxi Titan Esports Club (Titan Esports Club),1.07,1.83,261.0,389.0,7.0,17.0,7.0,9.0,1.0,2.0,63.0,83.0,148.0,231.0,25.0,21.0,3.0,5.0,3.0,0.0
724624,278586,Dynamite,42235,TEC,Wuxi Titan Esports Club (Titan Esports Club),0.65,0.97,141.0,251.0,3.0,10.0,7.0,9.0,4.0,5.0,63.0,75.0,105.0,157.0,17.0,18.0,0.0,1.0,0.0,1.0
724624,278586,lucas,19677,TEC,Wuxi Titan Esports Club (Titan Esports Club),0.69,0.9,145.0,157.0,4.0,7.0,7.0,8.0,2.0,6.0,75.0,83.0,92.0,102.0,22.0,7.0,0.0,1.0,0.0,0.0
724624,278586,Haodong,4720,TEC,Wuxi Titan Esports Club (Titan Esports Club),0.18,1.09,53.0,170.0,1.0,9.0,7.0,7.0,0.0,0.0,25.0,67.0,36.0,111.0,13.0,44.0,0.0,1.0,0.0,1.0
724624,278586,Coco,47629,TEC,Wuxi Titan Esports Club (Titan Esports Club),0.37,0.72,74.0,144.0,2.0,4.0,7.0,9.0,1.0,10.0,38.0,92.0,67.0,92.0,29.0,28.0,0.0,1.0,2.0,1.0
724624,278587,nobody,3017,EDG,EDward Gaming,1.19,1.24,215.0,211.0,9.0,8.0,8.0,6.0,7.0,7.0,92.0,83.0,138.0,154.0,33.0,42.0,0.0,1.0,1.0,0.0
724624,278587,Smoggy,4742,EDG,EDward Gaming,1.1,1.16,257.0,283.0,10.0,12.0,11.0,9.0,1.0,3.0,67.0,83.0,198.0,176.0,34.0,22.0,2.0,4.0,0.0,1.0
724624,278587,CHICHOO,15559,EDG,EDward Gaming,0.92,1.18,213.0,211.0,8.0,8.0,9.0,6.0,3.0,4.0,75.0,67.0,158.0,156.0,30.0,35.0,1.0,2.0,1.0,0.0
724624,278587,ZmjjKK,3520,EDG,EDward Gaming,0.24,1.84,96.0,342.0,3.0,16.0,11.0,6.0,4.0,1.0,50.0,83.0,65.0,197.0,13.0,9.0,1.0,2.0,4.0,1.0
724624,278587,Jieni7,51244,EDG,EDward Gaming,0.8,0.59,160.0,50.0,7.0,2.0,10.0,5.0,6.0,2.0,67.0,75.0,101.0,29.0,30.0,14.0,0.0,1.0,2.0,0.0
724624,278587,ra1ny,63107,TEC,Wuxi Titan Esports Club (Titan Esports Club),1.12,1.54,256.0,334.0,11.0,13.0,10.0,9.0,0.0,5.0,67.0,75.0,139.0,209.0,17.0,24.0,1.0,5.0,2.0,2.0
724624,278587,Dynamite,42235,TEC,Wuxi Titan Esports Club (Titan Esports Club),0.85,1.5,174.0,276.0,6.0,12.0,9.0,7.0,4.0,10.0,92.0,92.0,115.0,163.0,20.0,15.0,1.0,2.0,3.0,1.0
724624,278587,Haodong,4720,TEC,Wuxi Titan Esports Club (Titan Esports Club),0.99,1.23,159.0,173.0,7.0,10.0,7.0,6.0,3.0,4.0,75.0,83.0,96.0,102.0,26.0,30.0,0.0,0.0,1.0,0.0
724624,278587,Coco,47629,TEC,Wuxi Titan Esports Club (Titan Esports Club),0.23,1.56,103.0,273.0,3.0,12.0,11.0,7.0,4.0,4.0,33.0,83.0,70.0,192.0,5.0,34.0,0.0,1.0,3.0,0.0
724624,278587,lucas,19677,TEC,Wuxi Titan Esports Club (Titan Esports Club),0.78,0.43,137.0,85.0,5.0,2.0,9.0,8.0,5.0,5.0,50.0,67.0,79.0,69.0,14.0,12.0,0.0,0.0,1.0,1.0
724624,278588,CHICHOO,15559,EDG,EDward Gaming,,,,,7.0,13.0,9.0,7.0,0.0,4.0,40.0,92.0,,,57.0,26.0,0.0,3.0,2.0,0.0
724624,278588,Smoggy,4742,EDG,EDward Gaming,,,,,5.0,10.0,10.0,8.0,4.0,4.0,60.0,58.0,,,55.0,45.0,0.0,1.0,2.0,1.0
724624,278588,Jieni7,51244,EDG,EDward Gaming,,,,,1.0,11.0,10.0,7.0,5.0,3.0,30.0,58.0,,,13.0,36.0,0.0,3.0,1.0,0.0
724624,278588,nobody,3017,EDG,EDward Gaming,,,,,4.0,8.0,10.0,7.0,0.0,3.0,40.0,83.0,,,33.0,40.0,1.0,1.0,2.0,0.0
724624,278588,ZmjjKK,3520,EDG,EDward Gaming,,,,,2.0,7.0,10.0,5.0,3.0,1.0,50.0,92.0,,,27.0,18.0,0.0,2.0,2.0,1.0
724624,278588,Dynamite,42235,TEC,Wuxi Titan Esports Club (Titan Esports Club),,,,,8.0,12.0,10.0,4.0,3.0,4.0,67.0,90.0,,,12.0,16.0,0.0,2.0,0.0,1.0
724624,278588,ra1ny,63107,TEC,Wuxi Titan Esports Club (Titan Esports Club),,,,,7.0,13.0,10.0,7.0,0.0,4.0,42.0,100.0,,,38.0,17.0,0.0,4.0,8.0,0.0
724624,278588,lucas,19677,TEC,Wuxi Titan Esports Club (Titan Esports Club),,,,,6.0,11.0,9.0,2.0,2.0,6.0,75.0,100.0,,,17.0,26.0,0.0,1.0,1.0,0.0
724624,278588,Haodong,4720,TEC,Wuxi Titan Esports Club (Titan Esports Club),,,,,8.0,6.0,10.0,2.0,2.0,6.0,67.0,100.0,,,42.0,28.0,2.0,0.0,0.0,0.0
724624,278588,Coco,47629,TEC,Wuxi Titan Esports Club (Titan Esports Club),,,,,5.0,7.0,10.0,4.0,4.0,11.0,50.0,90.0,,,29.0,39.0,0.0,2.0,1.0,0.0
724625,278589,Folykiki,56305,AT,A Team,1.11,1.62,239.0,315.0,10.0,12.0,7.0,8.0,3.0,2.0,67.0,83.0,168.0,192.0,9.0,32.0,1.0,2.0,1.0,1.0
724625,278589,monk,14431,AT,A Team,1.72,0.64,219.0,103.0,10.0,4.0,3.0,9.0,8.0,4.0,83.0,75.0,119.0,59.0,26.0,24.0,0.0,2.0,1.0,1.0
724625,278589,Eren,14444,AT,A Team,1.37,0.61,319.0,119.0,13.0,5.0,9.0,9.0,3.0,2.0,83.0,67.0,197.0,83.0,26.0,18.0,3.0,1.0,2.0,2.0
724625,278589,Layla,8240,AT,A Team,1.1,0.79,257.0,109.0,12.0,5.0,8.0,8.0,1.0,3.0,75.0,50.0,159.0,71.0,40.0,21.0,1.0,0.0,2.0,0.0
724625,278589,Dingwei,42513,AT,A Team,0.57,1.24,95.0,211.0,5.0,9.0,8.0,6.0,0.0,1.0,67.0,67.0,78.0,120.0,23.0,70.0,0.0,2.0,1.0,1.0
724625,278589,Deryeon,9152,WOL,Wolves Esports,0.7,1.53,161.0,341.0,6.0,14.0,8.0,10.0,4.0,3.0,75.0,83.0,112.0,210.0,15.0,40.0,1.0,3.0,2.0,0.0
724625,278589,glacier,49973,WOL,Wolves Esports,1.8,0.17,390.0,78.0,18.0,2.0,7.0,11.0,1.0,1.0,75.0,50.0,208.0,62.0,37.0,40.0,4.0,2.0,3.0,2.0
724625,278589,Spring,14125,WOL,Wolves Esports,1.13,0.76,164.0,186.0,7.0,6.0,5.0,10.0,4.0,5.0,75.0,67.0,121.0,123.0,23.0,29.0,0.0,2.0,1.0,2.0
724625,278589,yosemite,6022,WOL,Wolves Esports,0.46,1.06,85.0,215.0,3.0,10.0,7.0,10.0,1.0,1.0,50.0,67.0,69.0,139.0,5.0,33.0,0.0,0.0,1.0,1.0
724625,278589,aluba,14441,WOL,Wolves Esports,0.74,0.5,159.0,75.0,6.0,3.0,8.0,9.0,2.0,2.0,83.0,75.0,105.0,57.0,20.0,20.0,0.0,0.0,0.0,0.0
724625,278590,Layla,8240,AT,A Team,0.92,2.2,226.0,438.0,11.0,14.0,9.0,7.0,0.0,3.0,58.0,89.0,133.0,259.0,13.0,29.0,3.0,3.0,2.0,1.0
724625,278590,monk,14431,AT,A Team,1.22,0.79,234.0,246.0,10.0,7.0,7.0,8.0,6.0,2.0,100.0,67.0,166.0,152.0,44.0,22.0,0.0,0.0,0.0,1.0
724625,278590,Eren,14444,AT,A Team,1.34,0.48,316.0,162.0,13.0,5.0,10.0,8.0,6.0,1.0,83.0,67.0,202.0,120.0,46.0,36.0,0.0,2.0,1.0,0.0
724625,278590,Folykiki,56305,AT,A Team,0.89,0.26,209.0,78.0,9.0,2.0,9.0,7.0,3.0,0.0,75.0,33.0,127.0,64.0,31.0,7.0,3.0,0.0,2.0,2.0
724625,278590,Dingwei,42513,AT,A Team,0.27,0.05,89.0,38.0,3.0,1.0,9.0,9.0,1.0,3.0,33.0,67.0,65.0,30.0,14.0,33.0,0.0,0.0,1.0,0.0
724625,278590,yosemite,6022,WOL,Wolves Esports,2.44,1.53,491.0,288.0,15.0,13.0,5.0,9.0,4.0,3.0,78.0,83.0,311.0,185.0,34.0,30.0,2.0,2.0,2.0,0.0
724625,278590,Spring,14125,WOL,Wolves Esports,1.38,1.43,172.0,226.0,7.0,10.0,4.0,8.0,4.0,2.0,78.0,67.0,142.0,174.0,33.0,44.0,0.0,1.0,0.0,0.0
724625,278590,glacier,49973,WOL,Wolves Esports,1.81,0.73,306.0,168.0,11.0,5.0,5.0,9.0,2.0,6.0,89.0,75.0,211.0,129.0,21.0,14.0,1.0,2.0,1.0,5.0
724625,278590,aluba,14441,WOL,Wolves Esports,0.48,0.95,101.0,236.0,3.0,8.0,7.0,11.0,1.0,5.0,78.0,75.0,69.0,151.0,38.0,33.0,1.0,1.0,0.0,1.0
724625,278590,Deryeon,9152,WOL,Wolves Esports,0.13,0.94,100.0,170.0,3.0,8.0,8.0,9.0,2.0,5.0,56.0,58.0,55.0,94.0,50.0,21.0,0.0,0.0,2.0,0.0
724625,278591,monk,14431,AT,A Team,1.24,1.02,181.0,223.0,9.0,11.0,8.0,11.0,12.0,5.0,73.0,80.0,117.0,145.0,27.0,34.0,0.0,3.0,0.0,0.0
724625,278591,Dingwei,42513,AT,A Team,1.16,1.08,173.0,271.0,11.0,14.0,9.0,14.0,3.0,8.0,73.0,80.0,123.0,179.0,47.0,41.0,0.0,0.0,0.0,1.0
724625,278591,Eren,14444,AT,A Team,0.85,1.39,179.0,201.0,9.0,12.0,11.0,7.0,3.0,2.0,73.0,67.0,128.0,144.0,38.0,44.0,1.0,0.0,1.0,1.0
724625,278591,Folykiki,56305,AT,A Team,1.17,0.66,261.0,165.0,13.0,8.0,11.0,12.0,3.0,1.0,53.0,53.0,165.0,99.0,29.0,38.0,3.0,3.0,4.0,2.0
724625,278591,Layla,8240,AT,A Team,0.63,0.84,183.0,151.0,10.0,7.0,11.0,10.0,2.0,4.0,40.0,73.0,100.0,92.0,21.0,30.0,1.0,3.0,5.0,2.0
724625,278591,yosemite,6022,WOL,Wolves Esports,1.32,1.08,232.0,224.0,14.0,12.0,9.0,11.0,3.0,2.0,67.0,60.0,143.0,159.0,36.0,44.0,1.0,3.0,1.0,1.0
724625,278591,glacier,49973,WOL,Wolves Esports,1.27,1.08,333.0,265.0,15.0,14.0,12.0,11.0,5.0,0.0,73.0,60.0,235.0,141.0,27.0,28.0,4.0,3.0,5.0,1.0
724625,278591,Deryeon,9152,WOL,Wolves Esports,0.81,1.28,180.0,206.0,9.0,9.0,11.0,8.0,4.0,8.0,73.0,73.0,120.0,154.0,17.0,33.0,1.0,2.0,1.0,1.0
724625,278591,aluba,14441,WOL,Wolves Esports,0.99,0.84,187.0,149.0,9.0,7.0,11.0,11.0,11.0,8.0,87.0,67.0,117.0,97.0,22.0,37.0,0.0,1.0,1.0,1.0
724625,278591,Spring,14125,WOL,Wolves Esports,0.96,0.86,139.0,189.0,7.0,8.0,9.0,11.0,10.0,6.0,93.0,73.0,94.0,122.0,13.0,50.0,0.0,1.0,1.0,1.0
724626,278592,Ying,51250,KBG,KeepBest Gaming,1.12,1.57,284.0,330.0,10.0,13.0,10.0,9.0,2.0,5.0,55.0,83.0,181.0,200.0,30.0,23.0,1.0,4.0,2.0,0.0
724626,278592,Tonk,58008,KBG,KeepBest Gaming,0.36,2.21,101.0,452.0,4.0,19.0,10.0,6.0,1.0,3.0,45.0,83.0,66.0,317.0,38.0,37.0,2.0,2.0,1.0,0.0
724626,278592,sibeastw0w,6126,KBG,KeepBest Gaming,0.75,1.45,146.0,192.0,6.0,9.0,9.0,5.0,2.0,5.0,55.0,83.0,84.0,142.0,40.0,57.0,0.0,0.0,0.0,0.0
724626,278592,Krst1Ng,58009,KBG,KeepBest Gaming,0.8,0.42,176.0,50.0,7.0,2.0,9.0,9.0,3.0,5.0,55.0,75.0,122.0,40.0,33.0,50.0,0.0,1.0,0.0,0.0
724626,278592,Akeman,52904,KBG,KeepBest Gaming,0.07,0.6,86.0,136.0,3.0,7.0,11.0,8.0,2.0,1.0,27.0,75.0,57.0,80.0,7.0,19.0,1.0,2.0,4.0,3.0
724626,278592,AAAAY,19530,FPX,FunPlus Phoenix,1.08,2.06,304.0,415.0,13.0,17.0,10.0,7.0,0.0,5.0,67.0,91.0,199.0,301.0,28.0,38.0,1.0,2.0,3.0,0.0
724626,278592,Xlele,54487,FPX,FunPlus Phoenix,1.03,1.1,255.0,186.0,11.0,7.0,10.0,6.0,1.0,2.0,67.0,100.0,151.0,120.0,39.0,27.0,1.0,3.0,3.0,1.0
724626,278592,KovaQ,7987,FPX,FunPlus Phoenix,0.84,1.19,125.0,207.0,5.0,8.0,9.0,6.0,4.0,4.0,75.0,82.0,78.0,149.0,33.0,38.0,0.0,1.0,0.0,1.0
724626,278592,coconut,12365,FPX,FunPlus Phoenix,0.44,1.61,88.0,268.0,2.0,12.0,10.0,6.0,3.0,3.0,42.0,91.0,67.0,163.0,15.0,32.0,0.0,1.0,0.0,0.0
724626,278592,Setrod,50025,FPX,FunPlus Phoenix,0.39,0.88,149.0,122.0,6.0,5.0,11.0,5.0,1.0,3.0,33.0,82.0,111.0,88.0,27.0,14.0,1.0,0.0,3.0,2.0
724626,278593,Ying,51250,KBG,KeepBest Gaming,1.54,0.56,271.0,121.0,9.0,5.0,6.0,10.0,2.0,1.0,67.0,42.0,160.0,87.0,28.0,38.0,0.0,0.0,1.0,2.0
724626,278593,Krst1Ng,58009,KBG,KeepBest Gaming,0.74,0.99,138.0,182.0,5.0,7.0,7.0,10.0,2.0,4.0,56.0,67.0,92.0,124.0,27.0,41.0,0.0,3.0,1.0,0.0
724626,278593,Tonk,58008,KBG,KeepBest Gaming,0.97,0.8,257.0,128.0,8.0,5.0,8.0,9.0,1.0,4.0,89.0,42.0,184.0,90.0,27.0,19.0,1.0,1.0,2.0,1.0
724626,278593,sibeastw0w,6126,KBG,KeepBest Gaming,0.5,1.05,124.0,192.0,3.0,8.0,7.0,9.0,1.0,3.0,67.0,67.0,92.0,127.0,14.0,50.0,0.0,0.0,0.0,1.0
724626,278593,Akeman,52904,KBG,KeepBest Gaming,0.62,0.65,137.0,163.0,4.0,7.0,7.0,11.0,2.0,0.0,67.0,67.0,85.0,99.0,14.0,25.0,1.0,2.0,3.0,2.0
724626,278593,Setrod,50025,FPX,FunPlus Phoenix,1.53,1.51,280.0,306.0,12.0,11.0,5.0,6.0,2.0,1.0,83.0,100.0,164.0,185.0,32.0,7.0,3.0,4.0,2.0,0.0
724626,278593,AAAAY,19530,FPX,FunPlus Phoenix,1.67,0.91,261.0,217.0,13.0,7.0,4.0,7.0,2.0,1.0,83.0,56.0,189.0,133.0,42.0,47.0,0.0,1.0,0.0,0.0
724626,278593,KovaQ,7987,FPX,FunPlus Phoenix,1.25,1.25,225.0,176.0,9.0,6.0,6.0,4.0,6.0,2.0,92.0,56.0,141.0,125.0,38.0,47.0,0.0,0.0,1.0,1.0
724626,278593,Xlele,54487,FPX,FunPlus Phoenix,0.87,0.84,220.0,169.0,11.0,5.0,9.0,6.0,3.0,1.0,75.0,56.0,153.0,125.0,31.0,13.0,2.0,1.0,3.0,1.0
724626,278593,coconut,12365,FPX,FunPlus Phoenix,0.52,0.9,115.0,220.0,4.0,6.0,8.0,6.0,3.0,1.0,58.0,56.0,78.0,167.0,33.0,73.0,1.0,1.0,0.0,0.0
724627,278595,CHICHOO,15559,EDG,EDward Gaming,1.33,1.51,266.0,316.0,11.0,13.0,10.0,7.0,1.0,5.0,67.0,83.0,182.0,180.0,36.0,29.0,1.0,1.0,1.0,0.0
724627,278595,nobody,3017,EDG,EDward Gaming,1.47,0.81,281.0,141.0,12.0,5.0,10.0,6.0,4.0,4.0,83.0,67.0,198.0,108.0,27.0,28.0,0.0,0.0,0.0,4.0
724627,278595,Jieni7,51244,EDG,EDward Gaming,0.82,1.44,178.0,242.0,6.0,11.0,10.0,5.0,9.0,5.0,58.0,83.0,122.0,160.0,19.0,18.0,2.0,1.0,2.0,1.0
724627,278595,Smoggy,4742,EDG,EDward Gaming,0.29,1.28,71.0,237.0,2.0,10.0,11.0,7.0,8.0,6.0,58.0,75.0,87.0,157.0,8.0,24.0,0.0,0.0,0.0,0.0
724627,278595,ZmjjKK,3520,EDG,EDward Gaming,0.34,0.61,120.0,142.0,6.0,7.0,10.0,9.0,0.0,1.0,42.0,67.0,94.0,96.0,36.0,22.0,1.0,2.0,5.0,3.0
724627,278595,glacier,49973,WOL,Wolves Esports,0.63,1.8,207.0,449.0,9.0,19.0,11.0,10.0,1.0,3.0,58.0,83.0,120.0,302.0,42.0,28.0,4.0,2.0,2.0,0.0
724627,278595,yosemite,6022,WOL,Wolves Esports,0.9,1.45,201.0,243.0,8.0,12.0,11.0,6.0,1.0,1.0,50.0,75.0,119.0,155.0,67.0,23.0,4.0,2.0,1.0,2.0
724627,278595,aluba,14441,WOL,Wolves Esports,1.24,0.93,169.0,193.0,7.0,8.0,7.0,7.0,3.0,1.0,58.0,67.0,109.0,117.0,29.0,9.0,0.0,2.0,0.0,0.0
724627,278595,Spring,14125,WOL,Wolves Esports,0.63,1.41,83.0,199.0,3.0,9.0,8.0,6.0,5.0,5.0,58.0,67.0,60.0,142.0,14.0,35.0,0.0,1.0,0.0,1.0
724627,278595,Deryeon,9152,WOL,Wolves Esports,0.93,0.63,174.0,118.0,7.0,3.0,9.0,8.0,4.0,8.0,83.0,92.0,112.0,88.0,15.0,3.0,0.0,1.0,1.0,1.0
724627,278596,nobody,3017,EDG,EDward Gaming,1.79,0.82,324.0,153.0,14.0,5.0,6.0,9.0,2.0,7.0,92.0,82.0,212.0,101.0,50.0,31.0,0.0,1.0,0.0,0.0
724627,278596,Jieni7,51244,EDG,EDward Gaming,1.58,0.81,248.0,187.0,11.0,8.0,5.0,9.0,8.0,5.0,100.0,45.0,157.0,132.0,48.0,42.0,1.0,0.0,0.0,2.0
724627,278596,Smoggy,4742,EDG,EDward Gaming,1.16,0.93,215.0,209.0,8.0,7.0,7.0,10.0,6.0,8.0,83.0,91.0,126.0,143.0,32.0,33.0,1.0,1.0,1.0,1.0
724627,278596,CHICHOO,15559,EDG,EDward Gaming,1.36,0.66,219.0,154.0,11.0,6.0,4.0,10.0,3.0,1.0,75.0,36.0,139.0,95.0,23.0,15.0,1.0,1.0,1.0,0.0
724627,278596,ZmjjKK,3520,EDG,EDward Gaming,0.5,1.14,144.0,234.0,6.0,9.0,9.0,9.0,2.0,3.0,67.0,82.0,82.0,134.0,8.0,19.0,2.0,4.0,5.0,1.0
724627,278596,Deryeon,9152,WOL,Wolves Esports,1.76,0.86,295.0,155.0,14.0,7.0,6.0,9.0,3.0,1.0,91.0,50.0,150.0,98.0,9.0,32.0,0.0,1.0,0.0,1.0
724627,278596,yosemite,6022,WOL,Wolves Esports,1.06,1.04,164.0,185.0,7.0,8.0,6.0,9.0,5.0,5.0,82.0,67.0,137.0,145.0,41.0,24.0,0.0,2.0,1.0,2.0
724627,278596,aluba,14441,WOL,Wolves Esports,0.94,0.81,184.0,171.0,7.0,7.0,7.0,10.0,5.0,1.0,82.0,58.0,140.0,111.0,29.0,39.0,0.0,1.0,3.0,0.0
724627,278596,Spring,14125,WOL,Wolves Esports,1.41,0.35,289.0,145.0,10.0,4.0,7.0,12.0,6.0,4.0,73.0,67.0,188.0,104.0,53.0,29.0,2.0,2.0,1.0,1.0
724627,278596,glacier,49973,WOL,Wolves Esports,0.86,0.64,219.0,150.0,9.0,5.0,9.0,10.0,2.0,2.0,82.0,67.0,157.0,109.0,42.0,21.0,2.0,1.0,2.0,1.0
724627,278597,CHICHOO,15559,EDG,EDward Gaming,1.3,1.56,253.0,361.0,6.0,15.0,5.0,8.0,2.0,5.0,71.0,75.0,186.0,230.0,40.0,30.0,0.0,2.0,0.0,4.0
724627,278597,nobody,3017,EDG,EDward Gaming,1.86,1.18,301.0,219.0,8.0,10.0,4.0,8.0,2.0,3.0,86.0,92.0,189.0,130.0,38.0,26.0,0.0,0.0,0.0,0.0
724627,278597,ZmjjKK,3520,EDG,EDward Gaming,0.86,1.03,227.0,225.0,6.0,11.0,5.0,8.0,0.0,1.0,57.0,83.0,130.0,152.0,13.0,8.0,4.0,3.0,1.0,1.0
724627,278597,Jieni7,51244,EDG,EDward Gaming,0.81,1.03,155.0,153.0,4.0,6.0,5.0,6.0,2.0,11.0,71.0,92.0,109.0,87.0,45.0,23.0,0.0,0.0,0.0,1.0
724627,278597,Smoggy,4742,EDG,EDward Gaming,0.3,0.96,109.0,234.0,2.0,10.0,6.0,9.0,3.0,3.0,57.0,83.0,72.0,154.0,25.0,18.0,1.0,0.0,1.0,1.0
724627,278597,yosemite,6022,WOL,Wolves Esports,1.54,1.65,320.0,358.0,13.0,9.0,9.0,5.0,2.0,0.0,83.0,86.0,203.0,230.0,33.0,50.0,1.0,0.0,0.0,0.0
724627,278597,aluba,14441,WOL,Wolves Esports,0.53,1.62,108.0,325.0,3.0,7.0,10.0,5.0,6.0,2.0,58.0,71.0,99.0,273.0,19.0,47.0,0.0,1.0,1.0,0.0
724627,278597,glacier,49973,WOL,Wolves Esports,0.96,0.7,254.0,137.0,10.0,4.0,12.0,5.0,1.0,0.0,67.0,57.0,155.0,87.0,19.0,20.0,5.0,1.0,3.0,3.0
724627,278597,Spring,14125,WOL,Wolves Esports,0.66,0.96,148.0,172.0,6.0,4.0,11.0,5.0,5.0,5.0,67.0,57.0,95.0,100.0,22.0,57.0,1.0,0.0,1.0,1.0
724627,278597,Deryeon,9152,WOL,Wolves Esports,0.79,0.15,159.0,64.0,7.0,1.0,10.0,6.0,1.0,4.0,58.0,57.0,130.0,49.0,41.0,25.0,0.0,0.0,0.0,1.0
724628,278598,deLb,10821,TE,Trace Esports,1.59,1.48,265.0,297.0,7.0,13.0,2.0,8.0,1.0,2.0,100.0,92.0,217.0,187.0,43.0,30.0,0.0,2.0,0.0,0.0
724628,278598,FengF,4770,TE,Trace Esports,2.18,0.87,356.0,142.0,8.0,6.0,2.0,7.0,2.0,2.0,100.0,92.0,206.0,121.0,31.0,19.0,2.0,0.0,0.0,2.0
724628,278598,LuoK1ng,3045,TE,Trace Esports,1.04,1.33,183.0,210.0,3.0,10.0,3.0,6.0,5.0,5.0,100.0,92.0,109.0,130.0,14.0,58.0,0.0,1.0,1.0,1.0
724628,278598,FKEY,51249,TE,Trace Esports,2.02,0.73,269.0,233.0,7.0,9.0,1.0,12.0,4.0,7.0,100.0,75.0,149.0,140.0,27.0,53.0,0.0,2.0,0.0,1.0
724628,278598,Kai,37494,TE,Trace Esports,0.7,0.95,191.0,221.0,4.0,10.0,4.0,9.0,1.0,1.0,50.0,75.0,102.0,135.0,29.0,6.0,2.0,1.0,1.0,2.0
724628,278598,KovaQ,7987,FPX,FunPlus Phoenix,1.46,0.08,274.0,25.0,13.0,0.0,9.0,6.0,3.0,2.0,92.0,33.0,177.0,21.0,37.0,0.0,1.0,0.0,0.0,0.0
724628,278598,Setrod,50025,FPX,FunPlus Phoenix,1.02,0.69,275.0,143.0,11.0,3.0,10.0,5.0,3.0,1.0,75.0,67.0,161.0,89.0,33.0,0.0,4.0,1.0,3.0,0.0
724628,278598,AAAAY,19530,FPX,FunPlus Phoenix,0.71,0.94,110.0,227.0,5.0,4.0,9.0,6.0,1.0,1.0,75.0,67.0,79.0,190.0,18.0,54.0,0.0,0.0,1.0,1.0
724628,278598,coconut,12365,FPX,FunPlus Phoenix,0.73,0.48,188.0,134.0,8.0,3.0,10.0,6.0,4.0,0.0,83.0,33.0,106.0,85.0,17.0,9.0,0.0,0.0,1.0,0.0
724628,278598,Xlele,54487,FPX,FunPlus Phoenix,0.6,0.24,137.0,101.0,5.0,2.0,10.0,6.0,1.0,0.0,58.0,33.0,104.0,68.0,30.0,40.0,1.0,1.0,1.0,3.0
724628,278599,Kai,37494,TE,Trace Esports,1.4,1.63,309.0,292.0,14.0,10.0,8.0,3.0,0.0,0.0,75.0,88.0,186.0,196.0,38.0,27.0,2.0,2.0,1.0,0.0
724628,278599,deLb,10821,TE,Trace Esports,1.09,1.69,203.0,263.0,9.0,9.0,7.0,2.0,2.0,1.0,75.0,88.0,123.0,171.0,44.0,50.0,1.0,2.0,1.0,0.0
724628,278599,FKEY,51249,TE,Trace Esports,0.78,1.43,176.0,286.0,8.0,8.0,10.0,4.0,3.0,2.0,67.0,88.0,125.0,190.0,32.0,47.0,0.0,1.0,1.0,1.0
724628,278599,FengF,4770,TE,Trace Esports,0.56,1.23,159.0,157.0,6.0,4.0,10.0,3.0,3.0,3.0,58.0,88.0,108.0,143.0,38.0,33.0,0.0,0.0,6.0,1.0
724628,278599,LuoK1ng,3045,TE,Trace Esports,0.36,1.31,71.0,226.0,3.0,6.0,9.0,4.0,4.0,4.0,75.0,100.0,51.0,131.0,43.0,30.0,0.0,1.0,0.0,0.0
724628,278599,Xlele,54487,FPX,FunPlus Phoenix,1.23,1.73,256.0,306.0,7.0,12.0,7.0,6.0,1.0,2.0,75.0,83.0,170.0,188.0,41.0,33.0,1.0,2.0,0.0,0.0
724628,278599,coconut,12365,FPX,FunPlus Phoenix,0.81,1.75,213.0,275.0,5.0,12.0,8.0,6.0,2.0,3.0,63.0,67.0,132.0,180.0,46.0,42.0,1.0,1.0,0.0,1.0
724628,278599,AAAAY,19530,FPX,FunPlus Phoenix,0.28,1.09,59.0,202.0,1.0,8.0,7.0,8.0,1.0,5.0,25.0,83.0,54.0,132.0,20.0,27.0,0.0,1.0,0.0,0.0
724628,278599,KovaQ,7987,FPX,FunPlus Phoenix,0.34,0.9,79.0,204.0,2.0,8.0,7.0,9.0,2.0,2.0,38.0,67.0,56.0,134.0,22.0,40.0,0.0,4.0,2.0,1.0
724628,278599,Setrod,50025,FPX,FunPlus Phoenix,0.03,0.14,42.0,77.0,1.0,4.0,8.0,11.0,2.0,0.0,38.0,42.0,27.0,47.0,0.0,60.0,0.0,1.0,4.0,1.0
724629,278601,iamgrq,58959,AG,All Gamers,1.49,1.09,238.0,192.0,12.0,8.0,5.0,9.0,6.0,8.0,83.0,67.0,157.0,117.0,37.0,33.0,1.0,1.0,0.0,1.0
724629,278601,f4ngeer,21216,AG,All Gamers,1.09,1.31,209.0,295.0,9.0,11.0,7.0,9.0,0.0,3.0,50.0,67.0,128.0,204.0,37.0,37.0,2.0,2.0,3.0,0.0
724629,278601,Bai,52101,AG,All Gamers,1.03,1.22,200.0,238.0,8.0,12.0,8.0,9.0,2.0,0.0,83.0,83.0,131.0,151.0,41.0,28.0,1.0,1.0,1.0,1.0
724629,278601,K1ra,46748,AG,All Gamers,1.21,0.76,231.0,173.0,10.0,6.0,7.0,11.0,1.0,6.0,75.0,92.0,125.0,119.0,42.0,17.0,2.0,1.0,1.0,3.0
724629,278601,Shr1mp,25494,AG,All Gamers,0.47,0.99,73.0,165.0,2.0,7.0,8.0,8.0,4.0,5.0,75.0,75.0,58.0,104.0,27.0,15.0,0.0,1.0,1.0,1.0
724629,278601,zhe,49476,JDG,JD Gaming,1.29,1.4,254.0,266.0,12.0,11.0,8.0,8.0,1.0,1.0,75.0,75.0,158.0,182.0,28.0,32.0,1.0,2.0,1.0,1.0
724629,278601,Yuicaw,11218,JDG,JD Gaming,1.06,1.07,219.0,215.0,9.0,8.0,8.0,8.0,2.0,1.0,75.0,67.0,163.0,137.0,16.0,39.0,1.0,2.0,3.0,1.0
724629,278601,BerLIN,7857,JDG,JD Gaming,1.3,0.7,306.0,144.0,13.0,6.0,9.0,8.0,6.0,3.0,100.0,58.0,210.0,96.0,38.0,17.0,2.0,0.0,0.0,1.0
724629,278601,crownfisher,64969,JDG,JD Gaming,0.86,0.8,169.0,149.0,7.0,7.0,9.0,8.0,7.0,1.0,67.0,83.0,124.0,98.0,21.0,53.0,0.0,1.0,1.0,0.0
724629,278601,jkuro,3519,JDG,JD Gaming,0.49,0.39,136.0,78.0,5.0,3.0,10.0,9.0,4.0,0.0,67.0,58.0,92.0,64.0,12.0,21.0,2.0,1.0,1.0,3.0
724629,278602,Shr1mp,25494,AG,All Gamers,1.47,1.77,247.0,331.0,11.0,18.0,8.0,6.0,2.0,0.0,77.0,85.0,189.0,201.0,27.0,21.0,0.0,0.0,0.0,0.0
724629,278602,f4ngeer,21216,AG,All Gamers,0.91,1.57,181.0,279.0,7.0,13.0,10.0,7.0,1.0,7.0,62.0,77.0,118.0,172.0,33.0,31.0,6.0,3.0,3.0,1.0
724629,278602,Bai,52101,AG,All Gamers,0.66,1.24,147.0,201.0,6.0,8.0,10.0,6.0,1.0,5.0,54.0,77.0,109.0,143.0,30.0,16.0,1.0,2.0,1.0,1.0
724629,278602,K1ra,46748,AG,All Gamers,0.91,0.92,187.0,169.0,8.0,8.0,11.0,8.0,4.0,6.0,62.0,62.0,115.0,115.0,22.0,28.0,0.0,1.0,1.0,2.0
724629,278602,iamgrq,58959,AG,All Gamers,0.74,0.78,117.0,157.0,6.0,5.0,11.0,9.0,3.0,8.0,54.0,85.0,61.0,105.0,5.0,16.0,0.0,2.0,1.0,1.0
724629,278602,crownfisher,64969,JDG,JD Gaming,1.54,1.13,329.0,227.0,15.0,11.0,9.0,8.0,1.0,6.0,69.0,85.0,202.0,140.0,35.0,17.0,0.0,1.0,1.0,0.0
724629,278602,jkuro,3519,JDG,JD Gaming,0.9,1.56,206.0,264.0,9.0,12.0,10.0,6.0,0.0,5.0,54.0,92.0,136.0,172.0,53.0,30.0,3.0,1.0,0.0,0.0
724629,278602,Yuicaw,11218,JDG,JD Gaming,0.58,0.79,99.0,117.0,4.0,7.0,10.0,7.0,4.0,5.0,46.0,85.0,74.0,80.0,11.0,29.0,0.0,1.0,1.0,2.0
724629,278602,BerLIN,7857,JDG,JD Gaming,0.44,0.9,101.0,225.0,4.0,9.0,11.0,9.0,0.0,8.0,54.0,77.0,69.0,161.0,43.0,29.0,1.0,0.0,2.0,2.0
724629,278602,zhe,49476,JDG,JD Gaming,0.28,1.03,109.0,235.0,4.0,11.0,12.0,8.0,1.0,1.0,54.0,62.0,82.0,156.0,18.0,16.0,1.0,3.0,4.0,3.0
724630,278604,ra1ny,63107,TEC,Wuxi Titan Esports Club (Titan Esports Club),1.69,1.23,365.0,323.0,13.0,14.0,7.0,10.0,2.0,2.0,80.0,75.0,261.0,212.0,34.0,25.0,5.0,1.0,1.0,2.0
724630,278604,Coco,47629,TEC,Wuxi Titan Esports Club (Titan Esports Club),0.8,1.52,131.0,300.0,5.0,13.0,7.0,7.0,5.0,11.0,80.0,100.0,73.0,185.0,21.0,20.0,0.0,2.0,0.0,0.0
724630,278604,Dynamite,42235,TEC,Wuxi Titan Esports Club (Titan Esports Club),1.29,1.09,283.0,155.0,10.0,7.0,7.0,7.0,2.0,4.0,70.0,67.0,205.0,112.0,42.0,31.0,2.0,2.0,1.0,0.0
724630,278604,lucas,19677,TEC,Wuxi Titan Esports Club (Titan Esports Club),0.77,0.78,150.0,181.0,6.0,7.0,7.0,9.0,2.0,4.0,80.0,83.0,93.0,106.0,42.0,17.0,0.0,3.0,0.0,0.0
724630,278604,Haodong,4720,TEC,Wuxi Titan Esports Club (Titan Esports Club),0.41,0.77,59.0,116.0,2.0,6.0,6.0,7.0,2.0,1.0,80.0,83.0,49.0,78.0,10.0,18.0,0.0,1.0,1.0,1.0
724630,278604,vo0kashu,3741,DRG,Dragon Ranger Gaming,1.29,1.21,203.0,234.0,10.0,8.0,7.0,7.0,1.0,2.0,67.0,80.0,137.0,148.0,47.0,30.0,0.0,2.0,0.0,1.0
724630,278604,Nicc,11524,DRG,Dragon Ranger Gaming,1.19,1.13,209.0,231.0,9.0,8.0,8.0,8.0,3.0,2.0,75.0,70.0,115.0,144.0,29.0,44.0,1.0,0.0,1.0,2.0
724630,278604,Verse,55817,DRG,Dragon Ranger Gaming,0.95,1.09,163.0,165.0,7.0,7.0,9.0,6.0,5.0,5.0,83.0,70.0,101.0,103.0,50.0,46.0,0.0,0.0,0.0,1.0
724630,278604,SpiritZ1,31753,DRG,Dragon Ranger Gaming,0.56,1.02,193.0,204.0,7.0,6.0,12.0,7.0,2.0,2.0,75.0,50.0,127.0,129.0,40.0,47.0,2.0,0.0,5.0,1.0
724630,278604,Life,3028,DRG,Dragon Ranger Gaming,0.61,0.53,177.0,115.0,7.0,5.0,11.0,8.0,2.0,1.0,58.0,50.0,131.0,74.0,29.0,25.0,0.0,1.0,3.0,2.0
724630,278605,Dynamite,42235,TEC,Wuxi Titan Esports Club (Titan Esports Club),1.07,0.98,237.0,321.0,9.0,2.0,11.0,2.0,4.0,1.0,58.0,100.0,155.0,197.0,25.0,33.0,3.0,0.0,3.0,1.0
724630,278605,Coco,47629,TEC,Wuxi Titan Esports Club (Titan Esports Club),1.11,0.62,217.0,217.0,9.0,1.0,11.0,2.0,3.0,2.0,67.0,100.0,154.0,147.0,55.0,10.0,0.0,0.0,1.0,0.0
724630,278605,Haodong,4720,TEC,Wuxi Titan Esports Club (Titan Esports Club),0.89,0.72,193.0,158.0,8.0,2.0,11.0,2.0,3.0,0.0,75.0,50.0,125.0,76.0,29.0,100.0,1.0,0.0,0.0,0.0
724630,278605,ra1ny,63107,TEC,Wuxi Titan Esports Club (Titan Esports Club),0.42,0.02,137.0,11.0,5.0,0.0,11.0,2.0,3.0,1.0,50.0,100.0,90.0,-1.0,9.0,,0.0,0.0,4.0,1.0
724630,278605,lucas,19677,TEC,Wuxi Titan Esports Club (Titan Esports Club),0.17,0.68,79.0,205.0,1.0,1.0,11.0,2.0,3.0,1.0,42.0,100.0,76.0,153.0,18.0,25.0,0.0,0.0,0.0,0.0
724630,278605,Nicc,11524,DRG,Dragon Ranger Gaming,1.74,1.72,248.0,249.0,1.0,12.0,1.0,4.0,4.0,4.0,100.0,92.0,152.0,163.0,0.0,15.0,1.0,1.0,0.0,0.0
724630,278605,Life,3028,DRG,Dragon Ranger Gaming,2.42,1.39,452.0,313.0,3.0,13.0,1.0,7.0,2.0,8.0,100.0,92.0,275.0,217.0,30.0,40.0,0.0,1.0,0.0,1.0
724630,278605,SpiritZ1,31753,DRG,Dragon Ranger Gaming,0.32,1.53,95.0,313.0,1.0,13.0,2.0,7.0,0.0,4.0,100.0,83.0,57.0,187.0,100.0,24.0,0.0,4.0,0.0,1.0
724630,278605,vo0kashu,3741,DRG,Dragon Ranger Gaming,1.86,1.23,290.0,255.0,3.0,10.0,1.0,7.0,0.0,5.0,100.0,75.0,155.0,175.0,33.0,24.0,1.0,1.0,0.0,0.0
724630,278605,Verse,55817,DRG,Dragon Ranger Gaming,1.67,0.81,175.0,114.0,2.0,6.0,1.0,7.0,4.0,2.0,100.0,75.0,62.0,80.0,33.0,18.0,0.0,1.0,0.0,2.0
724630,278606,Dynamite,42235,TEC,Wuxi Titan Esports Club (Titan Esports Club),1.01,1.73,229.0,301.0,8.0,13.0,7.0,8.0,0.0,6.0,89.0,92.0,149.0,186.0,26.0,28.0,1.0,4.0,0.0,0.0
724630,278606,Coco,47629,TEC,Wuxi Titan Esports Club (Titan Esports Club),1.09,1.64,228.0,265.0,8.0,13.0,6.0,7.0,4.0,2.0,78.0,75.0,134.0,176.0,62.0,40.0,0.0,0.0,1.0,0.0
724630,278606,ra1ny,63107,TEC,Wuxi Titan Esports Club (Titan Esports Club),1.24,1.18,271.0,245.0,9.0,10.0,6.0,9.0,2.0,3.0,67.0,58.0,173.0,166.0,38.0,24.0,2.0,4.0,2.0,1.0
724630,278606,Haodong,4720,TEC,Wuxi Titan Esports Club (Titan Esports Club),1.08,0.8,193.0,162.0,7.0,6.0,4.0,10.0,1.0,3.0,78.0,83.0,142.0,126.0,26.0,15.0,1.0,0.0,2.0,2.0
724630,278606,lucas,19677,TEC,Wuxi Titan Esports Club (Titan Esports Club),1.15,0.67,193.0,172.0,5.0,6.0,5.0,10.0,5.0,4.0,78.0,58.0,147.0,123.0,18.0,22.0,0.0,1.0,0.0,0.0
724630,278606,vo0kashu,3741,DRG,Dragon Ranger Gaming,1.16,0.92,261.0,191.0,11.0,6.0,9.0,8.0,1.0,2.0,75.0,56.0,153.0,120.0,40.0,33.0,0.0,1.0,0.0,1.0
724630,278606,Life,3028,DRG,Dragon Ranger Gaming,0.69,1.32,209.0,270.0,9.0,8.0,10.0,7.0,1.0,1.0,58.0,78.0,140.0,189.0,60.0,40.0,1.0,2.0,4.0,1.0
724630,278606,SpiritZ1,31753,DRG,Dragon Ranger Gaming,0.85,0.83,235.0,214.0,8.0,7.0,10.0,9.0,4.0,1.0,67.0,67.0,157.0,127.0,22.0,42.0,1.0,2.0,3.0,2.0
724630,278606,Nicc,11524,DRG,Dragon Ranger Gaming,0.71,0.8,181.0,132.0,9.0,4.0,10.0,6.0,5.0,2.0,83.0,67.0,134.0,92.0,32.0,45.0,1.0,0.0,1.0,0.0
724630,278606,Verse,55817,DRG,Dragon Ranger Gaming,0.81,0.49,149.0,112.0,7.0,3.0,9.0,7.0,8.0,3.0,75.0,56.0,96.0,70.0,20.0,23.0,0.0,0.0,1.0,0.0
724631,278607,crownfisher,64969,JDG,JD Gaming,2.34,1.62,370.0,323.0,10.0,16.0,3.0,6.0,3.0,2.0,86.0,92.0,211.0,208.0,53.0,36.0,2.0,3.0,1.0,0.0
724631,278607,BerLIN,7857,JDG,JD Gaming,0.67,1.71,100.0,249.0,3.0,10.0,4.0,5.0,1.0,8.0,57.0,92.0,90.0,177.0,67.0,25.0,1.0,2.0,0.0,0.0
724631,278607,zhe,49476,JDG,JD Gaming,1.0,1.37,250.0,229.0,6.0,9.0,6.0,5.0,1.0,6.0,100.0,92.0,169.0,163.0,28.0,12.0,2.0,2.0,0.0,0.0
724631,278607,jkuro,3519,JDG,JD Gaming,1.08,1.14,251.0,197.0,6.0,9.0,5.0,6.0,1.0,1.0,57.0,75.0,202.0,137.0,46.0,25.0,0.0,2.0,1.0,2.0
724631,278607,Yuicaw,11218,JDG,JD Gaming,0.65,1.02,54.0,174.0,1.0,9.0,4.0,6.0,3.0,1.0,86.0,83.0,37.0,104.0,0.0,21.0,0.0,1.0,0.0,0.0
724631,278607,ZmjjKK,3520,EDG,EDward Gaming,0.82,1.68,177.0,286.0,7.0,8.0,10.0,4.0,1.0,0.0,42.0,86.0,108.0,227.0,12.0,41.0,0.0,0.0,4.0,1.0
724631,278607,CHICHOO,15559,EDG,EDward Gaming,0.93,0.57,189.0,78.0,6.0,1.0,10.0,4.0,4.0,3.0,58.0,57.0,140.0,61.0,30.0,14.0,1.0,0.0,0.0,0.0
724631,278607,Jieni7,51244,EDG,EDward Gaming,0.57,0.94,138.0,200.0,6.0,4.0,10.0,6.0,1.0,6.0,42.0,71.0,87.0,128.0,29.0,29.0,0.0,1.0,2.0,1.0
724631,278607,Smoggy,4742,EDG,EDward Gaming,0.68,0.55,164.0,224.0,8.0,5.0,11.0,7.0,2.0,2.0,50.0,57.0,104.0,128.0,50.0,11.0,1.0,1.0,1.0,3.0
724631,278607,nobody,3017,EDG,EDward Gaming,0.05,0.7,42.0,151.0,1.0,4.0,12.0,5.0,2.0,0.0,50.0,43.0,32.0,89.0,0.0,33.0,0.0,0.0,3.0,0.0
724631,278608,Yuicaw,11218,JDG,JD Gaming,1.54,1.49,294.0,265.0,15.0,9.0,6.0,8.0,1.0,5.0,83.0,70.0,189.0,191.0,46.0,23.0,2.0,1.0,0.0,0.0
724631,278608,zhe,49476,JDG,JD Gaming,1.11,1.28,217.0,239.0,10.0,10.0,6.0,8.0,3.0,1.0,83.0,100.0,137.0,133.0,21.0,41.0,1.0,2.0,4.0,1.0
724631,278608,crownfisher,64969,JDG,JD Gaming,1.65,0.61,255.0,134.0,11.0,3.0,5.0,9.0,6.0,8.0,100.0,80.0,156.0,108.0,20.0,18.0,0.0,0.0,0.0,1.0
724631,278608,BerLIN,7857,JDG,JD Gaming,1.12,0.96,194.0,205.0,9.0,7.0,7.0,8.0,4.0,4.0,75.0,50.0,120.0,133.0,23.0,27.0,0.0,2.0,2.0,2.0
724631,278608,jkuro,3519,JDG,JD Gaming,0.98,0.58,225.0,161.0,9.0,5.0,8.0,9.0,7.0,3.0,92.0,60.0,167.0,108.0,15.0,24.0,2.0,1.0,1.0,0.0
724631,278608,ZmjjKK,3520,EDG,EDward Gaming,2.43,0.47,561.0,132.0,20.0,5.0,6.0,11.0,3.0,2.0,100.0,50.0,348.0,106.0,25.0,12.0,1.0,3.0,0.0,1.0
724631,278608,Jieni7,51244,EDG,EDward Gaming,1.06,1.18,183.0,156.0,7.0,8.0,6.0,9.0,5.0,3.0,90.0,75.0,138.0,94.0,38.0,38.0,0.0,0.0,1.0,0.0
724631,278608,nobody,3017,EDG,EDward Gaming,0.98,0.54,173.0,157.0,7.0,6.0,6.0,11.0,0.0,0.0,70.0,42.0,115.0,95.0,53.0,54.0,2.0,3.0,1.0,2.0
724631,278608,CHICHOO,15559,EDG,EDward Gaming,0.6,0.83,127.0,188.0,4.0,7.0,7.0,11.0,4.0,4.0,70.0,67.0,86.0,148.0,40.0,29.0,0.0,0.0,2.0,1.0
724631,278608,Smoggy,4742,EDG,EDward Gaming,0.34,0.54,100.0,159.0,4.0,6.0,9.0,12.0,3.0,1.0,80.0,67.0,66.0,103.0,18.0,25.0,1.0,1.0,2.0,1.0
724632,278610,Verse,55817,DRG,Dragon Ranger Gaming,0.76,1.6,159.0,311.0,9.0,16.0,13.0,8.0,3.0,10.0,60.0,93.0,107.0,211.0,43.0,54.0,2.0,1.0,0.0,0.0
724632,278610,vo0kashu,3741,DRG,Dragon Ranger Gaming,1.23,1.13,284.0,202.0,15.0,11.0,13.0,8.0,3.0,5.0,73.0,67.0,198.0,130.0,29.0,18.0,0.0,1.0,0.0,0.0
724632,278610,Nicc,11524,DRG,Dragon Ranger Gaming,1.07,1.03,214.0,188.0,11.0,11.0,12.0,8.0,7.0,2.0,80.0,80.0,137.0,123.0,35.0,17.0,0.0,2.0,0.0,0.0
724632,278610,SpiritZ1,31753,DRG,Dragon Ranger Gaming,0.67,1.24,198.0,280.0,9.0,16.0,14.0,9.0,4.0,2.0,67.0,93.0,125.0,183.0,48.0,30.0,2.0,6.0,3.0,1.0
724632,278610,Life,3028,DRG,Dragon Ranger Gaming,0.16,1.32,116.0,240.0,6.0,14.0,15.0,7.0,2.0,1.0,47.0,73.0,75.0,161.0,29.0,35.0,2.0,4.0,6.0,0.0
724632,278610,deLb,10821,TE,Trace Esports,1.17,2.12,237.0,353.0,13.0,21.0,12.0,7.0,1.0,6.0,67.0,87.0,156.0,234.0,54.0,43.0,0.0,2.0,2.0,2.0
724632,278610,FengF,4770,TE,Trace Esports,0.51,1.39,136.0,294.0,6.0,16.0,14.0,11.0,5.0,3.0,47.0,87.0,90.0,188.0,32.0,29.0,0.0,3.0,1.0,1.0
724632,278610,LuoK1ng,3045,TE,Trace Esports,0.65,1.15,119.0,227.0,6.0,13.0,12.0,9.0,2.0,7.0,47.0,87.0,78.0,126.0,58.0,32.0,0.0,0.0,4.0,1.0
724632,278610,FKEY,51249,TE,Trace Esports,0.77,0.77,192.0,122.0,9.0,7.0,15.0,10.0,4.0,1.0,67.0,80.0,123.0,89.0,44.0,16.0,1.0,2.0,2.0,1.0
724632,278610,Kai,37494,TE,Trace Esports,0.55,0.86,140.0,230.0,6.0,10.0,15.0,13.0,3.0,9.0,47.0,87.0,102.0,174.0,31.0,15.0,0.0,2.0,5.0,1.0
724632,278611,vo0kashu,3741,DRG,Dragon Ranger Gaming,1.4,0.82,302.0,142.0,13.0,2.0,11.0,4.0,0.0,0.0,67.0,20.0,195.0,107.0,18.0,36.0,0.0,0.0,1.0,0.0
724632,278611,Verse,55817,DRG,Dragon Ranger Gaming,1.32,0.44,235.0,89.0,9.0,2.0,9.0,4.0,6.0,0.0,83.0,40.0,153.0,68.0,48.0,17.0,0.0,0.0,1.0,2.0
724632,278611,SpiritZ1,31753,DRG,Dragon Ranger Gaming,0.92,0.32,158.0,56.0,8.0,0.0,9.0,4.0,2.0,1.0,67.0,40.0,117.0,56.0,50.0,17.0,0.0,0.0,3.0,0.0
724632,278611,Nicc,11524,DRG,Dragon Ranger Gaming,0.76,0.68,193.0,169.0,7.0,3.0,11.0,4.0,6.0,1.0,75.0,60.0,144.0,107.0,12.0,25.0,0.0,0.0,1.0,2.0
724632,278611,Life,3028,DRG,Dragon Ranger Gaming,0.17,0.59,94.0,148.0,4.0,2.0,12.0,5.0,1.0,0.0,42.0,40.0,72.0,109.0,23.0,50.0,1.0,1.0,5.0,0.0
724632,278611,Kai,37494,TE,Trace Esports,1.36,2.17,255.0,360.0,4.0,18.0,2.0,5.0,2.0,1.0,80.0,100.0,155.0,219.0,9.0,14.0,1.0,3.0,0.0,0.0
724632,278611,FengF,4770,TE,Trace Esports,1.43,1.14,218.0,286.0,5.0,12.0,2.0,10.0,1.0,5.0,100.0,100.0,129.0,181.0,38.0,32.0,2.0,1.0,1.0,0.0
724632,278611,LuoK1ng,3045,TE,Trace Esports,2.15,0.76,326.0,150.0,6.0,5.0,1.0,8.0,4.0,9.0,100.0,83.0,212.0,106.0,27.0,11.0,1.0,1.0,0.0,1.0
724632,278611,FKEY,51249,TE,Trace Esports,1.6,0.93,247.0,213.0,5.0,9.0,2.0,9.0,4.0,7.0,80.0,92.0,175.0,147.0,33.0,35.0,0.0,5.0,0.0,0.0
724632,278611,deLb,10821,TE,Trace Esports,0.58,0.74,33.0,169.0,1.0,8.0,2.0,9.0,0.0,5.0,80.0,75.0,35.0,109.0,100.0,21.0,0.0,1.0,0.0,0.0
724632,278612,Nicc,11524,DRG,Dragon Ranger Gaming,1.24,1.21,240.0,162.0,11.0,8.0,11.0,4.0,4.0,3.0,85.0,85.0,142.0,108.0,38.0,13.0,0.0,1.0,0.0,0.0
724632,278612,vo0kashu,3741,DRG,Dragon Ranger Gaming,1.38,0.95,299.0,163.0,14.0,9.0,11.0,7.0,2.0,7.0,62.0,77.0,194.0,102.0,31.0,24.0,0.0,1.0,0.0,2.0
724632,278612,Verse,55817,DRG,Dragon Ranger Gaming,0.69,1.37,201.0,289.0,8.0,12.0,12.0,7.0,5.0,6.0,77.0,69.0,124.0,178.0,42.0,38.0,1.0,2.0,1.0,1.0
724632,278612,Life,3028,DRG,Dragon Ranger Gaming,0.42,1.27,119.0,203.0,5.0,10.0,13.0,6.0,2.0,1.0,69.0,85.0,83.0,119.0,38.0,23.0,4.0,1.0,4.0,0.0
724632,278612,SpiritZ1,31753,DRG,Dragon Ranger Gaming,0.04,1.6,21.0,389.0,1.0,19.0,11.0,8.0,3.0,3.0,38.0,77.0,15.0,261.0,25.0,63.0,0.0,3.0,3.0,2.0
724632,278612,FengF,4770,TE,Trace Esports,0.65,1.55,143.0,319.0,6.0,16.0,11.0,8.0,5.0,5.0,54.0,85.0,83.0,187.0,64.0,33.0,1.0,0.0,1.0,0.0
724632,278612,FKEY,51249,TE,Trace Esports,0.77,1.36,200.0,384.0,8.0,17.0,11.0,10.0,1.0,4.0,38.0,85.0,128.0,246.0,52.0,21.0,1.0,4.0,5.0,1.0
724632,278612,LuoK1ng,3045,TE,Trace Esports,0.96,1.13,184.0,140.0,8.0,8.0,12.0,6.0,3.0,8.0,54.0,85.0,105.0,85.0,53.0,32.0,1.0,1.0,1.0,3.0
724632,278612,Kai,37494,TE,Trace Esports,0.83,1.15,192.0,202.0,8.0,8.0,12.0,8.0,1.0,8.0,46.0,85.0,120.0,144.0,53.0,20.0,2.0,2.0,0.0,1.0
724632,278612,deLb,10821,TE,Trace Esports,0.24,1.23,58.0,174.0,2.0,9.0,12.0,7.0,2.0,5.0,23.0,85.0,37.0,117.0,18.0,36.0,0.0,1.0,1.0,0.0
724633,278613,f4ngeer,21216,AG,All Gamers,0.98,2.72,231.0,532.0,9.0,24.0,9.0,5.0,2.0,1.0,73.0,92.0,148.0,326.0,37.0,34.0,2.0,4.0,0.0,0.0
724633,278613,iamgrq,58959,AG,All Gamers,1.3,0.88,235.0,183.0,9.0,8.0,6.0,8.0,4.0,5.0,73.0,83.0,143.0,132.0,41.0,43.0,1.0,0.0,3.0,0.0
724633,278613,Bai,52101,AG,All Gamers,1.44,0.72,243.0,140.0,11.0,3.0,6.0,7.0,2.0,7.0,73.0,83.0,142.0,109.0,37.0,19.0,2.0,1.0,0.0,1.0
724633,278613,Shr1mp,25494,AG,All Gamers,0.66,1.18,132.0,230.0,5.0,10.0,7.0,6.0,1.0,1.0,82.0,75.0,95.0,139.0,11.0,24.0,0.0,1.0,1.0,1.0
724633,278613,K1ra,46748,AG,All Gamers,0.95,0.66,180.0,107.0,6.0,5.0,8.0,8.0,5.0,2.0,73.0,75.0,119.0,69.0,50.0,5.0,2.0,1.0,0.0,3.0
724633,278613,Dynamite,42235,TEC,Wuxi Titan Esports Club (Titan Esports Club),1.32,0.89,225.0,185.0,10.0,7.0,9.0,7.0,4.0,5.0,58.0,73.0,151.0,113.0,19.0,8.0,1.0,0.0,1.0,2.0
724633,278613,Haodong,4720,TEC,Wuxi Titan Esports Club (Titan Esports Club),0.89,0.96,196.0,200.0,8.0,8.0,10.0,9.0,4.0,4.0,67.0,73.0,122.0,141.0,35.0,40.0,2.0,0.0,2.0,1.0
724633,278613,Coco,47629,TEC,Wuxi Titan Esports Club (Titan Esports Club),0.39,1.42,62.0,261.0,3.0,10.0,9.0,7.0,4.0,7.0,50.0,82.0,35.0,194.0,18.0,26.0,1.0,0.0,0.0,0.0
724633,278613,lucas,19677,TEC,Wuxi Titan Esports Club (Titan Esports Club),0.72,1.05,162.0,189.0,7.0,6.0,11.0,8.0,3.0,2.0,58.0,73.0,103.0,120.0,20.0,30.0,0.0,2.0,0.0,1.0
724633,278613,ra1ny,63107,TEC,Wuxi Titan Esports Club (Titan Esports Club),0.6,0.49,180.0,142.0,6.0,5.0,11.0,9.0,3.0,1.0,67.0,64.0,126.0,95.0,27.0,14.0,1.0,2.0,4.0,3.0
724633,278614,iamgrq,58959,AG,All Gamers,1.36,1.46,268.0,286.0,12.0,13.0,8.0,8.0,5.0,4.0,69.0,62.0,190.0,196.0,41.0,22.0,1.0,1.0,2.0,1.0
724633,278614,Shr1mp,25494,AG,All Gamers,1.32,1.02,207.0,177.0,9.0,7.0,6.0,8.0,3.0,5.0,85.0,62.0,140.0,132.0,11.0,12.0,1.0,2.0,0.0,0.0
724633,278614,K1ra,46748,AG,All Gamers,1.0,1.02,159.0,153.0,7.0,6.0,8.0,8.0,8.0,10.0,85.0,77.0,94.0,88.0,54.0,14.0,1.0,1.0,0.0,2.0
724633,278614,f4ngeer,21216,AG,All Gamers,1.04,0.78,232.0,146.0,11.0,7.0,9.0,10.0,1.0,2.0,62.0,62.0,160.0,96.0,23.0,31.0,4.0,1.0,3.0,2.0
724633,278614,Bai,52101,AG,All Gamers,0.65,0.92,150.0,188.0,7.0,7.0,10.0,8.0,2.0,7.0,62.0,69.0,100.0,116.0,17.0,19.0,1.0,2.0,0.0,1.0
724633,278614,lucas,19677,TEC,Wuxi Titan Esports Club (Titan Esports Club),1.59,1.22,273.0,215.0,13.0,9.0,7.0,8.0,3.0,4.0,69.0,85.0,189.0,141.0,33.0,18.0,1.0,2.0,0.0,0.0
724633,278614,ra1ny,63107,TEC,Wuxi Titan Esports Club (Titan Esports Club),0.87,1.3,197.0,323.0,9.0,13.0,9.0,11.0,5.0,2.0,62.0,85.0,135.0,209.0,22.0,23.0,1.0,3.0,4.0,0.0
724633,278614,Dynamite,42235,TEC,Wuxi Titan Esports Club (Titan Esports Club),0.91,1.0,174.0,208.0,5.0,10.0,10.0,9.0,9.0,3.0,77.0,46.0,137.0,135.0,14.0,19.0,2.0,0.0,0.0,5.0
724633,278614,Coco,47629,TEC,Wuxi Titan Esports Club (Titan Esports Club),1.34,0.54,207.0,93.0,11.0,5.0,7.0,9.0,5.0,2.0,69.0,69.0,130.0,74.0,30.0,33.0,2.0,0.0,2.0,2.0
724633,278614,Haodong,4720,TEC,Wuxi Titan Esports Club (Titan Esports Club),0.52,0.6,87.0,77.0,4.0,4.0,7.0,9.0,0.0,1.0,54.0,46.0,53.0,63.0,33.0,29.0,0.0,0.0,1.0,1.0
724633,278615,Shr1mp,25494,AG,All Gamers,1.17,1.49,188.0,241.0,9.0,9.0,8.0,5.0,1.0,2.0,58.0,80.0,113.0,157.0,36.0,11.0,0.0,1.0,2.0,1.0
724633,278615,iamgrq,58959,AG,All Gamers,1.18,1.04,275.0,224.0,11.0,9.0,10.0,7.0,3.0,1.0,83.0,80.0,180.0,140.0,40.0,35.0,0.0,1.0,0.0,0.0
724633,278615,K1ra,46748,AG,All Gamers,0.33,0.85,83.0,160.0,4.0,5.0,11.0,8.0,2.0,6.0,58.0,80.0,43.0,129.0,22.0,19.0,1.0,1.0,2.0,0.0
724633,278615,Bai,52101,AG,All Gamers,0.07,1.14,45.0,243.0,2.0,8.0,11.0,9.0,1.0,2.0,42.0,60.0,38.0,185.0,33.0,18.0,0.0,3.0,1.0,0.0
724633,278615,f4ngeer,21216,AG,All Gamers,0.38,0.31,170.0,128.0,7.0,4.0,11.0,9.0,0.0,2.0,50.0,70.0,101.0,88.0,24.0,19.0,2.0,1.0,4.0,2.0
724633,278615,Coco,47629,TEC,Wuxi Titan Esports Club (Titan Esports Club),1.6,1.32,214.0,232.0,8.0,10.0,5.0,6.0,4.0,4.0,90.0,83.0,151.0,146.0,53.0,29.0,0.0,2.0,0.0,0.0
724633,278615,Haodong,4720,TEC,Wuxi Titan Esports Club (Titan Esports Club),0.84,1.8,182.0,312.0,7.0,14.0,7.0,6.0,1.0,6.0,80.0,92.0,103.0,202.0,22.0,46.0,1.0,2.0,3.0,0.0
724633,278615,lucas,19677,TEC,Wuxi Titan Esports Club (Titan Esports Club),1.07,1.6,190.0,229.0,7.0,12.0,7.0,5.0,5.0,2.0,80.0,92.0,118.0,136.0,25.0,20.0,0.0,1.0,0.0,0.0
724633,278615,Dynamite,42235,TEC,Wuxi Titan Esports Club (Titan Esports Club),1.09,1.2,249.0,211.0,8.0,9.0,7.0,7.0,4.0,2.0,90.0,83.0,150.0,141.0,15.0,30.0,1.0,4.0,1.0,0.0
724633,278615,ra1ny,63107,TEC,Wuxi Titan Esports Club (Titan Esports Club),0.58,0.73,210.0,168.0,8.0,6.0,9.0,9.0,0.0,6.0,60.0,67.0,122.0,148.0,25.0,19.0,1.0,0.0,3.0,3.0
724634,278616,crownfisher,64969,JDG,JD Gaming,1.64,1.28,287.0,243.0,12.0,11.0,7.0,7.0,4.0,4.0,73.0,92.0,233.0,149.0,32.0,36.0,0.0,0.0,1.0,0.0
724634,278616,Yuicaw,11218,JDG,JD Gaming,0.93,1.52,222.0,303.0,8.0,12.0,9.0,8.0,1.0,6.0,82.0,75.0,141.0,179.0,16.0,42.0,0.0,2.0,1.0,2.0
724634,278616,jkuro,3519,JDG,JD Gaming,0.7,1.36,190.0,307.0,8.0,12.0,10.0,9.0,1.0,4.0,64.0,75.0,125.0,196.0,38.0,50.0,2.0,3.0,4.0,2.0
724634,278616,BerLIN,7857,JDG,JD Gaming,0.87,0.62,199.0,145.0,7.0,6.0,9.0,9.0,6.0,6.0,82.0,67.0,129.0,100.0,50.0,47.0,0.0,0.0,0.0,1.0
724634,278616,zhe,49476,JDG,JD Gaming,0.73,0.51,237.0,162.0,9.0,7.0,10.0,10.0,1.0,2.0,64.0,83.0,133.0,99.0,15.0,40.0,2.0,1.0,1.0,1.0
724634,278616,Kai,37494,TE,Trace Esports,1.44,1.25,318.0,295.0,13.0,12.0,10.0,9.0,3.0,1.0,75.0,82.0,222.0,161.0,31.0,27.0,1.0,3.0,0.0,1.0
724634,278616,FengF,4770,TE,Trace Esports,1.05,1.38,220.0,287.0,10.0,11.0,9.0,9.0,3.0,6.0,75.0,100.0,132.0,222.0,28.0,32.0,4.0,2.0,3.0,0.0
724634,278616,deLb,10821,TE,Trace Esports,1.24,0.93,203.0,226.0,9.0,9.0,9.0,9.0,2.0,2.0,75.0,55.0,150.0,135.0,40.0,32.0,1.0,1.0,0.0,2.0
724634,278616,LuoK1ng,3045,TE,Trace Esports,0.68,1.31,157.0,245.0,6.0,10.0,10.0,8.0,6.0,6.0,67.0,82.0,89.0,152.0,22.0,28.0,0.0,1.0,0.0,0.0
724634,278616,FKEY,51249,TE,Trace Esports,0.48,0.45,110.0,91.0,5.0,3.0,10.0,9.0,4.0,5.0,58.0,55.0,65.0,71.0,20.0,17.0,0.0,0.0,3.0,1.0
724634,278617,zhe,49476,JDG,JD Gaming,1.32,1.51,274.0,374.0,12.0,12.0,9.0,6.0,1.0,0.0,50.0,67.0,173.0,201.0,36.0,24.0,3.0,2.0,3.0,2.0
724634,278617,BerLIN,7857,JDG,JD Gaming,1.0,0.85,179.0,207.0,8.0,7.0,9.0,7.0,2.0,0.0,67.0,67.0,136.0,120.0,46.0,14.0,0.0,1.0,2.0,0.0
724634,278617,Yuicaw,11218,JDG,JD Gaming,1.16,0.48,239.0,92.0,10.0,3.0,9.0,6.0,2.0,1.0,58.0,56.0,156.0,65.0,20.0,23.0,0.0,0.0,0.0,0.0
724634,278617,jkuro,3519,JDG,JD Gaming,0.72,0.99,141.0,269.0,6.0,8.0,9.0,7.0,1.0,3.0,58.0,78.0,93.0,177.0,63.0,23.0,1.0,1.0,1.0,2.0
724634,278617,crownfisher,64969,JDG,JD Gaming,0.54,0.73,76.0,162.0,2.0,5.0,9.0,7.0,9.0,2.0,67.0,67.0,41.0,97.0,25.0,70.0,0.0,0.0,2.0,1.0
724634,278617,FengF,4770,TE,Trace Esports,2.23,1.39,432.0,296.0,14.0,13.0,7.0,7.0,0.0,2.0,78.0,58.0,274.0,178.0,62.0,30.0,1.0,2.0,0.0,2.0
724634,278617,deLb,10821,TE,Trace Esports,1.35,1.35,237.0,232.0,7.0,10.0,7.0,6.0,1.0,4.0,78.0,67.0,180.0,157.0,33.0,60.0,2.0,1.0,0.0,0.0
724634,278617,LuoK1ng,3045,TE,Trace Esports,0.69,0.99,116.0,211.0,4.0,8.0,6.0,8.0,5.0,5.0,67.0,75.0,67.0,148.0,0.0,31.0,0.0,1.0,1.0,1.0
724634,278617,FKEY,51249,TE,Trace Esports,0.03,1.36,30.0,228.0,1.0,10.0,8.0,6.0,0.0,5.0,33.0,83.0,20.0,144.0,50.0,13.0,0.0,2.0,2.0,0.0
724634,278617,Kai,37494,TE,Trace Esports,0.84,0.16,221.0,93.0,6.0,4.0,7.0,11.0,1.0,1.0,67.0,42.0,144.0,58.0,32.0,30.0,2.0,2.0,1.0,1.0
724638,278619,SiuFatBB,7849,TYL,TYLOO,2.42,1.0,375.0,213.0,9.0,10.0,1.0,8.0,2.0,3.0,100.0,83.0,229.0,150.0,56.0,25.0,1.0,1.0,0.0,0.0
724638,278619,slowly,41739,TYL,TYLOO,1.51,1.34,352.0,265.0,7.0,11.0,3.0,6.0,1.0,2.0,83.0,75.0,217.0,192.0,13.0,23.0,1.0,3.0,1.0,0.0
724638,278619,Scales,39485,TYL,TYLOO,1.48,1.3,211.0,292.0,6.0,12.0,2.0,7.0,1.0,1.0,100.0,67.0,116.0,178.0,40.0,40.0,0.0,3.0,0.0,0.0
724638,278619,Erv,55085,TYL,TYLOO,1.45,1.08,194.0,166.0,4.0,8.0,2.0,6.0,8.0,6.0,100.0,100.0,137.0,125.0,31.0,50.0,0.0,1.0,0.0,0.0
724638,278619,splash,36685,TYL,TYLOO,0.58,0.77,157.0,208.0,3.0,8.0,6.0,9.0,3.0,5.0,83.0,75.0,119.0,149.0,23.0,27.0,1.0,2.0,2.0,2.0
724638,278619,Coco,47629,TEC,Wuxi Titan Esports Club (Titan Esports Club),1.2,0.98,231.0,195.0,9.0,4.0,10.0,6.0,4.0,2.0,58.0,67.0,160.0,115.0,34.0,33.0,0.0,1.0,2.0,0.0
724638,278619,ra1ny,63107,TEC,Wuxi Titan Esports Club (Titan Esports Club),1.01,0.79,225.0,213.0,8.0,4.0,11.0,5.0,4.0,0.0,67.0,33.0,144.0,132.0,24.0,36.0,1.0,1.0,4.0,1.0
724638,278619,lucas,19677,TEC,Wuxi Titan Esports Club (Titan Esports Club),1.29,0.05,234.0,51.0,10.0,0.0,8.0,6.0,1.0,1.0,50.0,17.0,146.0,50.0,16.0,29.0,0.0,0.0,0.0,0.0
724638,278619,Dynamite,42235,TEC,Wuxi Titan Esports Club (Titan Esports Club),0.59,0.42,126.0,150.0,4.0,3.0,10.0,6.0,2.0,1.0,50.0,67.0,81.0,96.0,25.0,30.0,1.0,1.0,1.0,2.0
724638,278619,Haodong,4720,TEC,Wuxi Titan Esports Club (Titan Esports Club),0.49,0.46,101.0,155.0,5.0,3.0,10.0,6.0,1.0,1.0,50.0,67.0,56.0,101.0,23.0,50.0,0.0,0.0,3.0,0.0
724638,278620,Scales,39485,TYL,TYLOO,1.24,2.31,210.0,419.0,11.0,11.0,5.0,5.0,0.0,1.0,83.0,86.0,161.0,240.0,41.0,50.0,0.0,2.0,0.0,1.0
724638,278620,Erv,55085,TYL,TYLOO,1.64,1.36,268.0,244.0,12.0,6.0,5.0,4.0,5.0,1.0,92.0,57.0,175.0,153.0,46.0,8.0,0.0,1.0,0.0,0.0
724638,278620,slowly,41739,TYL,TYLOO,1.32,0.93,300.0,186.0,13.0,6.0,8.0,5.0,5.0,0.0,83.0,71.0,173.0,119.0,19.0,22.0,5.0,1.0,1.0,1.0
724638,278620,SiuFatBB,7849,TYL,TYLOO,0.91,1.17,120.0,123.0,5.0,3.0,5.0,3.0,5.0,4.0,92.0,86.0,72.0,94.0,38.0,63.0,1.0,0.0,0.0,0.0
724638,278620,splash,36685,TYL,TYLOO,1.35,0.21,318.0,133.0,13.0,1.0,8.0,7.0,6.0,7.0,83.0,57.0,171.0,100.0,19.0,13.0,4.0,0.0,1.0,1.0
724638,278620,ra1ny,63107,TEC,Wuxi Titan Esports Club (Titan Esports Club),1.39,1.09,345.0,250.0,9.0,10.0,5.0,10.0,0.0,1.0,86.0,42.0,218.0,169.0,16.0,21.0,2.0,1.0,0.0,3.0
724638,278620,Haodong,4720,TEC,Wuxi Titan Esports Club (Titan Esports Club),1.59,0.74,224.0,151.0,7.0,7.0,4.0,10.0,1.0,2.0,100.0,58.0,123.0,79.0,27.0,17.0,0.0,0.0,0.0,3.0
724638,278620,Coco,47629,TEC,Wuxi Titan Esports Club (Titan Esports Club),1.22,0.71,262.0,161.0,6.0,6.0,6.0,11.0,6.0,6.0,71.0,75.0,158.0,99.0,37.0,40.0,1.0,0.0,1.0,0.0
724638,278620,Dynamite,42235,TEC,Wuxi Titan Esports Club (Titan Esports Club),0.02,0.97,60.0,212.0,0.0,7.0,6.0,12.0,3.0,6.0,57.0,58.0,60.0,155.0,0.0,27.0,0.0,1.0,1.0,1.0
724638,278620,lucas,19677,TEC,Wuxi Titan Esports Club (Titan Esports Club),0.09,0.19,82.0,66.0,2.0,1.0,6.0,11.0,1.0,4.0,43.0,58.0,81.0,57.0,50.0,4.0,0.0,0.0,2.0,3.0
724639,278622,GuanG,41054,NOVA,Nova Esports,1.58,0.54,253.0,95.0,10.0,3.0,4.0,8.0,2.0,4.0,80.0,50.0,174.0,70.0,59.0,23.0,0.0,0.0,0.0,2.0
724639,278622,qiutiaN,43007,NOVA,Nova Esports,0.58,1.37,131.0,236.0,5.0,10.0,7.0,9.0,3.0,2.0,60.0,67.0,73.0,159.0,31.0,38.0,0.0,2.0,2.0,1.0
724639,278622,Ezeir,46460,NOVA,Nova Esports,1.09,0.88,236.0,203.0,8.0,9.0,6.0,10.0,2.0,2.0,90.0,75.0,154.0,130.0,30.0,23.0,0.0,1.0,0.0,0.0
724639,278622,cb,39697,NOVA,Nova Esports,0.94,1.0,142.0,155.0,6.0,6.0,5.0,8.0,1.0,3.0,70.0,67.0,87.0,94.0,17.0,29.0,1.0,2.0,1.0,1.0
724639,278622,swagzor,45492,NOVA,Nova Esports,0.57,0.91,235.0,233.0,8.0,9.0,9.0,10.0,1.0,2.0,70.0,75.0,147.0,138.0,32.0,35.0,4.0,0.0,2.0,3.0
724639,278622,jkuro,3519,JDG,JD Gaming,1.12,1.14,233.0,231.0,11.0,9.0,8.0,8.0,0.0,1.0,75.0,50.0,137.0,155.0,60.0,32.0,3.0,0.0,2.0,2.0
724639,278622,BerLIN,7857,JDG,JD Gaming,1.43,0.67,238.0,113.0,11.0,4.0,5.0,7.0,4.0,3.0,83.0,40.0,164.0,61.0,40.0,18.0,0.0,0.0,1.0,1.0
724639,278622,crownfisher,64969,JDG,JD Gaming,1.01,1.19,159.0,170.0,8.0,5.0,7.0,6.0,6.0,7.0,83.0,50.0,99.0,108.0,32.0,19.0,1.0,1.0,0.0,0.0
724639,278622,zhe,49476,JDG,JD Gaming,0.83,1.2,159.0,236.0,6.0,8.0,8.0,7.0,5.0,0.0,83.0,70.0,130.0,132.0,35.0,27.0,0.0,3.0,1.0,1.0
724639,278622,Yuicaw,11218,JDG,JD Gaming,0.78,0.8,194.0,165.0,9.0,5.0,9.0,9.0,2.0,2.0,58.0,70.0,112.0,123.0,40.0,44.0,3.0,1.0,1.0,1.0
724639,278623,Ezeir,46460,NOVA,Nova Esports,0.99,1.42,138.0,218.0,5.0,9.0,7.0,5.0,1.0,6.0,50.0,92.0,104.0,107.0,23.0,25.0,0.0,0.0,0.0,0.0
724639,278623,cb,39697,NOVA,Nova Esports,0.68,1.18,146.0,223.0,4.0,10.0,6.0,9.0,1.0,3.0,50.0,75.0,81.0,126.0,13.0,11.0,0.0,5.0,1.0,1.0
724639,278623,qiutiaN,43007,NOVA,Nova Esports,0.48,1.11,113.0,236.0,2.0,11.0,8.0,8.0,5.0,1.0,50.0,50.0,83.0,150.0,14.0,24.0,0.0,0.0,2.0,1.0
724639,278623,swagzor,45492,NOVA,Nova Esports,0.28,0.99,141.0,234.0,3.0,9.0,8.0,10.0,1.0,3.0,50.0,92.0,94.0,162.0,19.0,28.0,2.0,3.0,2.0,0.0
724639,278623,GuanG,41054,NOVA,Nova Esports,0.68,0.14,135.0,97.0,3.0,3.0,7.0,11.0,3.0,2.0,50.0,58.0,98.0,70.0,31.0,10.0,0.0,0.0,1.0,2.0
724639,278623,zhe,49476,JDG,JD Gaming,1.14,1.42,252.0,235.0,11.0,8.0,9.0,3.0,2.0,1.0,83.0,100.0,146.0,139.0,10.0,27.0,3.0,1.0,3.0,0.0
724639,278623,crownfisher,64969,JDG,JD Gaming,1.1,1.48,196.0,291.0,8.0,9.0,8.0,4.0,4.0,2.0,58.0,75.0,135.0,210.0,23.0,30.0,0.0,0.0,1.0,0.0
724639,278623,BerLIN,7857,JDG,JD Gaming,0.99,1.55,140.0,235.0,6.0,7.0,7.0,3.0,7.0,4.0,83.0,100.0,82.0,147.0,50.0,58.0,0.0,4.0,0.0,0.0
724639,278623,Yuicaw,11218,JDG,JD Gaming,1.05,0.95,244.0,197.0,10.0,5.0,8.0,5.0,1.0,1.0,50.0,100.0,139.0,152.0,33.0,29.0,1.0,1.0,4.0,1.0
724639,278623,jkuro,3519,JDG,JD Gaming,0.64,1.46,179.0,214.0,8.0,7.0,10.0,2.0,1.0,3.0,83.0,75.0,101.0,121.0,26.0,16.0,0.0,0.0,0.0,1.0
724640,278625,Lysoar,37489,XLG,Xi Lai Gaming,1.25,1.08,292.0,185.0,4.0,7.0,4.0,8.0,0.0,4.0,50.0,75.0,203.0,116.0,20.0,42.0,0.0,0.0,0.0,1.0
724640,278625,happywei,37927,XLG,Xi Lai Gaming,0.42,0.83,150.0,174.0,2.0,8.0,4.0,10.0,0.0,2.0,50.0,50.0,81.0,110.0,0.0,44.0,1.0,1.0,0.0,2.0
724640,278625,WsLeo,24308,XLG,Xi Lai Gaming,0.18,0.68,89.0,196.0,1.0,6.0,4.0,11.0,0.0,4.0,25.0,67.0,58.0,137.0,13.0,19.0,0.0,0.0,0.0,1.0
724640,278625,NoMan,11527,XLG,Xi Lai Gaming,0.01,0.77,46.0,161.0,0.0,6.0,4.0,9.0,1.0,1.0,50.0,67.0,46.0,117.0,0.0,44.0,0.0,1.0,2.0,3.0
724640,278625,Rarga,22047,XLG,Xi Lai Gaming,0.02,0.35,53.0,169.0,1.0,7.0,4.0,12.0,0.0,0.0,50.0,42.0,19.0,91.0,0.0,21.0,0.0,1.0,1.0,2.0
724640,278625,f4ngeer,21216,AG,All Gamers,2.1,1.77,369.0,229.0,16.0,4.0,6.0,1.0,2.0,1.0,83.0,75.0,228.0,196.0,29.0,56.0,3.0,0.0,1.0,0.0
724640,278625,K1ra,46748,AG,All Gamers,1.91,0.89,439.0,231.0,18.0,3.0,7.0,3.0,3.0,2.0,100.0,100.0,257.0,133.0,18.0,37.0,4.0,1.0,0.0,1.0
724640,278625,Shr1mp,25494,AG,All Gamers,1.04,2.45,170.0,274.0,8.0,5.0,6.0,0.0,6.0,1.0,92.0,100.0,87.0,207.0,31.0,38.0,2.0,0.0,0.0,0.0
724640,278625,Bai,52101,AG,All Gamers,0.55,1.84,102.0,366.0,5.0,6.0,8.0,3.0,2.0,0.0,67.0,100.0,75.0,235.0,18.0,26.0,0.0,2.0,2.0,0.0
724640,278625,iamgrq,58959,AG,All Gamers,0.5,1.53,67.0,203.0,3.0,2.0,7.0,1.0,1.0,4.0,83.0,100.0,57.0,145.0,21.0,7.0,0.0,0.0,0.0,0.0
724640,278626,happywei,37927,XLG,Xi Lai Gaming,1.87,1.36,205.0,216.0,6.0,8.0,3.0,4.0,2.0,3.0,83.0,100.0,152.0,145.0,42.0,23.0,0.0,2.0,0.0,0.0
724640,278626,Rarga,22047,XLG,Xi Lai Gaming,0.81,1.86,235.0,262.0,4.0,13.0,6.0,2.0,3.0,2.0,67.0,92.0,171.0,185.0,57.0,50.0,0.0,1.0,0.0,0.0
724640,278626,WsLeo,24308,XLG,Xi Lai Gaming,1.44,1.23,242.0,205.0,5.0,10.0,4.0,5.0,3.0,4.0,67.0,83.0,129.0,129.0,14.0,21.0,2.0,3.0,0.0,0.0
724640,278626,Lysoar,37489,XLG,Xi Lai Gaming,0.39,1.52,133.0,277.0,3.0,13.0,5.0,5.0,0.0,8.0,50.0,100.0,91.0,183.0,36.0,39.0,0.0,1.0,1.0,0.0
724640,278626,NoMan,11527,XLG,Xi Lai Gaming,0.62,1.36,150.0,263.0,3.0,11.0,5.0,6.0,1.0,6.0,50.0,83.0,99.0,177.0,20.0,34.0,2.0,4.0,1.0,1.0
724640,278626,Bai,52101,AG,All Gamers,0.7,1.83,157.0,358.0,7.0,9.0,11.0,3.0,2.0,1.0,58.0,100.0,102.0,198.0,32.0,21.0,0.0,1.0,1.0,0.0
724640,278626,Shr1mp,25494,AG,All Gamers,0.76,0.56,145.0,106.0,5.0,2.0,11.0,4.0,1.0,3.0,33.0,67.0,95.0,86.0,17.0,15.0,1.0,0.0,2.0,1.0
724640,278626,K1ra,46748,AG,All Gamers,0.64,0.59,125.0,179.0,4.0,4.0,10.0,6.0,3.0,1.0,42.0,83.0,90.0,144.0,14.0,14.0,0.0,0.0,2.0,0.0
724640,278626,iamgrq,58959,AG,All Gamers,0.03,1.7,22.0,298.0,0.0,6.0,12.0,3.0,2.0,3.0,25.0,83.0,20.0,164.0,0.0,31.0,0.0,1.0,2.0,1.0
724640,278626,f4ngeer,21216,AG,All Gamers,0.54,0.21,118.0,103.0,6.0,2.0,11.0,5.0,1.0,1.0,42.0,67.0,69.0,78.0,45.0,20.0,0.0,0.0,4.0,2.0
724640,278627,happywei,37927,XLG,Xi Lai Gaming,1.55,1.38,285.0,208.0,12.0,9.0,8.0,4.0,0.0,1.0,67.0,82.0,195.0,139.0,33.0,42.0,0.0,1.0,0.0,0.0
724640,278627,NoMan,11527,XLG,Xi Lai Gaming,0.9,1.52,219.0,326.0,9.0,13.0,11.0,6.0,1.0,4.0,75.0,91.0,151.0,212.0,44.0,31.0,3.0,3.0,0.0,0.0
724640,278627,WsLeo,24308,XLG,Xi Lai Gaming,0.43,1.87,164.0,350.0,4.0,15.0,12.0,6.0,7.0,9.0,75.0,100.0,120.0,212.0,22.0,32.0,0.0,2.0,3.0,0.0
724640,278627,Rarga,22047,XLG,Xi Lai Gaming,0.68,1.28,186.0,211.0,8.0,8.0,12.0,5.0,1.0,3.0,58.0,82.0,140.0,153.0,50.0,44.0,1.0,4.0,2.0,1.0
724640,278627,Lysoar,37489,XLG,Xi Lai Gaming,0.56,0.59,100.0,41.0,3.0,1.0,10.0,5.0,7.0,6.0,75.0,73.0,62.0,20.0,28.0,0.0,1.0,0.0,2.0,0.0
724640,278627,Bai,52101,AG,All Gamers,1.07,1.73,203.0,328.0,7.0,17.0,9.0,7.0,2.0,3.0,64.0,92.0,124.0,203.0,33.0,29.0,1.0,0.0,1.0,0.0
724640,278627,Shr1mp,25494,AG,All Gamers,0.59,1.6,118.0,294.0,5.0,11.0,8.0,6.0,0.0,7.0,73.0,100.0,73.0,215.0,13.0,32.0,0.0,2.0,1.0,0.0
724640,278627,f4ngeer,21216,AG,All Gamers,0.46,1.18,131.0,202.0,5.0,10.0,9.0,7.0,0.0,3.0,27.0,83.0,77.0,135.0,63.0,31.0,0.0,1.0,5.0,2.0
724640,278627,iamgrq,58959,AG,All Gamers,0.72,0.87,164.0,154.0,5.0,6.0,10.0,8.0,4.0,8.0,45.0,83.0,106.0,85.0,13.0,9.0,0.0,1.0,1.0,1.0
724640,278627,K1ra,46748,AG,All Gamers,0.52,0.92,116.0,214.0,4.0,9.0,10.0,8.0,2.0,5.0,64.0,75.0,100.0,142.0,29.0,20.0,0.0,3.0,2.0,2.0
724641,278628,FT,64029,BLG,Guangzhou Huadu Bilibili Gaming (Bilibili Gaming),1.11,1.5,199.0,318.0,6.0,13.0,6.0,9.0,2.0,0.0,56.0,83.0,142.0,207.0,30.0,36.0,0.0,1.0,1.0,1.0
724641,278628,Knight,4774,BLG,Guangzhou Huadu Bilibili Gaming (Bilibili Gaming),1.08,0.99,173.0,196.0,5.0,6.0,6.0,8.0,2.0,7.0,78.0,58.0,119.0,151.0,33.0,18.0,1.0,1.0,0.0,2.0
724641,278628,rushia,48878,BLG,Guangzhou Huadu Bilibili Gaming (Bilibili Gaming),0.64,1.2,101.0,260.0,3.0,12.0,6.0,8.0,1.0,1.0,44.0,83.0,84.0,154.0,13.0,26.0,1.0,2.0,1.0,0.0
724641,278628,nephh,10698,BLG,Guangzhou Huadu Bilibili Gaming (Bilibili Gaming),0.37,0.88,118.0,218.0,2.0,9.0,8.0,10.0,4.0,6.0,56.0,67.0,87.0,119.0,21.0,32.0,0.0,1.0,1.0,3.0
724641,278628,whzy,4885,BLG,Guangzhou Huadu Bilibili Gaming (Bilibili Gaming),0.86,0.43,192.0,85.0,6.0,3.0,7.0,9.0,0.0,2.0,56.0,58.0,107.0,72.0,29.0,5.0,3.0,0.0,1.0,1.0
724641,278628,LuoK1ng,3045,TE,Trace Esports,1.29,1.22,184.0,156.0,8.0,6.0,6.0,3.0,4.0,2.0,92.0,89.0,110.0,82.0,50.0,29.0,1.0,0.0,1.0,0.0
724641,278628,FengF,4770,TE,Trace Esports,0.59,1.78,157.0,346.0,7.0,10.0,10.0,4.0,1.0,4.0,67.0,67.0,99.0,218.0,38.0,33.0,2.0,2.0,2.0,3.0
724641,278628,Kai,37494,TE,Trace Esports,1.29,0.81,317.0,156.0,14.0,5.0,10.0,6.0,2.0,1.0,75.0,78.0,184.0,109.0,52.0,38.0,3.0,2.0,1.0,1.0
724641,278628,deLb,10821,TE,Trace Esports,0.86,1.06,150.0,113.0,7.0,3.0,8.0,3.0,2.0,4.0,67.0,78.0,113.0,78.0,33.0,19.0,0.0,0.0,0.0,0.0
724641,278628,FKEY,51249,TE,Trace Esports,0.84,1.02,168.0,257.0,8.0,9.0,9.0,6.0,2.0,1.0,67.0,67.0,105.0,168.0,47.0,50.0,1.0,0.0,1.0,1.0
724641,278629,Knight,4774,BLG,Guangzhou Huadu Bilibili Gaming (Bilibili Gaming),1.28,1.53,252.0,288.0,12.0,15.0,10.0,9.0,4.0,10.0,67.0,93.0,170.0,168.0,25.0,21.0,2.0,2.0,1.0,1.0
724641,278629,whzy,4885,BLG,Guangzhou Huadu Bilibili Gaming (Bilibili Gaming),0.58,1.54,133.0,327.0,7.0,19.0,12.0,9.0,2.0,1.0,67.0,73.0,82.0,214.0,38.0,42.0,1.0,2.0,3.0,1.0
724641,278629,rushia,48878,BLG,Guangzhou Huadu Bilibili Gaming (Bilibili Gaming),1.22,0.8,255.0,185.0,13.0,9.0,11.0,9.0,1.0,1.0,67.0,73.0,161.0,115.0,27.0,20.0,1.0,2.0,0.0,3.0
724641,278629,FT,64029,BLG,Guangzhou Huadu Bilibili Gaming (Bilibili Gaming),0.65,1.19,129.0,201.0,7.0,12.0,12.0,9.0,3.0,2.0,60.0,80.0,74.0,136.0,24.0,27.0,3.0,1.0,2.0,1.0
724641,278629,nephh,10698,BLG,Guangzhou Huadu Bilibili Gaming (Bilibili Gaming),0.25,1.38,68.0,238.0,3.0,13.0,14.0,7.0,4.0,3.0,33.0,80.0,39.0,163.0,17.0,29.0,0.0,1.0,2.0,1.0
724641,278629,FengF,4770,TE,Trace Esports,1.13,1.33,195.0,251.0,10.0,14.0,11.0,9.0,3.0,2.0,60.0,80.0,136.0,188.0,29.0,45.0,2.0,0.0,0.0,2.0
724641,278629,deLb,10821,TE,Trace Esports,0.87,1.44,229.0,259.0,12.0,14.0,14.0,7.0,3.0,3.0,60.0,87.0,148.0,168.0,48.0,46.0,1.0,2.0,1.0,0.0
724641,278629,LuoK1ng,3045,TE,Trace Esports,0.53,1.18,135.0,185.0,7.0,8.0,14.0,7.0,2.0,9.0,67.0,80.0,83.0,117.0,45.0,29.0,1.0,1.0,2.0,2.0
724641,278629,Kai,37494,TE,Trace Esports,0.64,0.81,206.0,240.0,10.0,12.0,15.0,12.0,3.0,4.0,60.0,73.0,138.0,154.0,23.0,24.0,2.0,3.0,3.0,1.0
724641,278629,FKEY,51249,TE,Trace Esports,0.25,1.19,86.0,170.0,4.0,11.0,14.0,7.0,4.0,3.0,47.0,87.0,59.0,117.0,21.0,44.0,1.0,2.0,2.0,2.0
724641,278630,rushia,48878,BLG,Guangzhou Huadu Bilibili Gaming (Bilibili Gaming),1.22,1.49,186.0,300.0,6.0,13.0,5.0,6.0,5.0,3.0,80.0,92.0,116.0,188.0,14.0,22.0,1.0,3.0,0.0,0.0
724641,278630,whzy,4885,BLG,Guangzhou Huadu Bilibili Gaming (Bilibili Gaming),1.0,1.23,199.0,296.0,7.0,13.0,7.0,10.0,1.0,3.0,70.0,67.0,146.0,192.0,29.0,33.0,1.0,3.0,3.0,2.0
724641,278630,Knight,4774,BLG,Guangzhou Huadu Bilibili Gaming (Bilibili Gaming),1.38,0.89,281.0,134.0,9.0,4.0,8.0,6.0,5.0,7.0,90.0,83.0,171.0,98.0,23.0,17.0,1.0,1.0,0.0,2.0
724641,278630,nephh,10698,BLG,Guangzhou Huadu Bilibili Gaming (Bilibili Gaming),0.73,1.32,115.0,187.0,5.0,10.0,7.0,5.0,5.0,4.0,70.0,92.0,65.0,135.0,31.0,24.0,1.0,0.0,0.0,1.0
724641,278630,FT,64029,BLG,Guangzhou Huadu Bilibili Gaming (Bilibili Gaming),1.11,0.98,244.0,121.0,9.0,5.0,7.0,5.0,2.0,1.0,70.0,75.0,170.0,86.0,16.0,40.0,3.0,0.0,0.0,0.0
724641,278630,deLb,10821,TE,Trace Esports,1.2,1.55,191.0,312.0,8.0,12.0,7.0,7.0,2.0,0.0,58.0,60.0,135.0,212.0,50.0,26.0,1.0,1.0,0.0,1.0
724641,278630,LuoK1ng,3045,TE,Trace Esports,0.63,1.48,100.0,201.0,4.0,8.0,9.0,4.0,3.0,4.0,33.0,80.0,67.0,124.0,11.0,14.0,0.0,0.0,1.0,0.0
724641,278630,FengF,4770,TE,Trace Esports,1.12,0.36,238.0,119.0,10.0,3.0,9.0,9.0,1.0,3.0,67.0,60.0,130.0,84.0,32.0,33.0,3.0,0.0,5.0,2.0
724641,278630,FKEY,51249,TE,Trace Esports,0.8,0.72,180.0,222.0,7.0,8.0,10.0,9.0,4.0,1.0,75.0,50.0,142.0,129.0,30.0,54.0,0.0,0.0,0.0,3.0
724641,278630,Kai,37494,TE,Trace Esports,0.33,0.45,78.0,104.0,3.0,3.0,10.0,7.0,2.0,2.0,50.0,70.0,55.0,66.0,23.0,8.0,1.0,2.0,1.0,1.0
724642,278631,Erv,55085,TYL,TYLOO,1.5,1.01,284.0,161.0,9.0,7.0,5.0,8.0,2.0,1.0,75.0,58.0,185.0,97.0,23.0,28.0,1.0,0.0,0.0,1.0
724642,278631,splash,36685,TYL,TYLOO,0.6,1.09,203.0,238.0,5.0,8.0,8.0,11.0,3.0,2.0,75.0,50.0,143.0,151.0,38.0,28.0,1.0,2.0,0.0,3.0
724642,278631,Scales,39485,TYL,TYLOO,1.07,0.76,205.0,140.0,5.0,5.0,5.0,9.0,6.0,4.0,63.0,42.0,153.0,103.0,50.0,21.0,1.0,0.0,2.0,1.0
724642,278631,SiuFatBB,7849,TYL,TYLOO,1.29,0.28,178.0,60.0,6.0,2.0,4.0,10.0,2.0,0.0,88.0,50.0,111.0,54.0,27.0,20.0,1.0,0.0,1.0,1.0
724642,278631,slowly,41739,TYL,TYLOO,0.67,0.46,194.0,131.0,6.0,5.0,7.0,12.0,2.0,1.0,50.0,33.0,132.0,117.0,31.0,33.0,1.0,1.0,0.0,3.0
724642,278631,zhe,49476,JDG,JD Gaming,2.04,1.3,397.0,247.0,18.0,7.0,5.0,6.0,1.0,3.0,83.0,100.0,242.0,157.0,23.0,26.0,4.0,1.0,1.0,0.0
724642,278631,Yuicaw,11218,JDG,JD Gaming,1.14,1.27,167.0,230.0,7.0,6.0,5.0,6.0,2.0,3.0,92.0,88.0,139.0,134.0,44.0,24.0,0.0,1.0,0.0,1.0
724642,278631,BerLIN,7857,JDG,JD Gaming,0.63,1.69,74.0,329.0,3.0,10.0,5.0,6.0,3.0,3.0,83.0,88.0,70.0,225.0,14.0,32.0,0.0,1.0,2.0,0.0
724642,278631,jkuro,3519,JDG,JD Gaming,1.62,0.13,340.0,55.0,15.0,1.0,6.0,7.0,2.0,1.0,83.0,38.0,219.0,52.0,36.0,29.0,4.0,0.0,0.0,3.0
724642,278631,crownfisher,64969,JDG,JD Gaming,0.82,0.67,141.0,126.0,7.0,5.0,6.0,6.0,3.0,2.0,83.0,50.0,90.0,83.0,22.0,15.0,1.0,0.0,0.0,1.0
724642,278632,Erv,55085,TYL,TYLOO,1.44,1.1,269.0,233.0,12.0,9.0,6.0,7.0,5.0,1.0,83.0,91.0,181.0,156.0,50.0,24.0,0.0,0.0,0.0,0.0
724642,278632,SiuFatBB,7849,TYL,TYLOO,1.07,1.18,163.0,171.0,9.0,7.0,5.0,7.0,0.0,4.0,83.0,82.0,110.0,125.0,53.0,33.0,0.0,1.0,1.0,0.0
724642,278632,Scales,39485,TYL,TYLOO,1.07,1.11,129.0,206.0,6.0,8.0,4.0,8.0,0.0,3.0,67.0,73.0,86.0,132.0,38.0,28.0,1.0,2.0,0.0,1.0
724642,278632,slowly,41739,TYL,TYLOO,1.01,0.79,316.0,163.0,13.0,5.0,11.0,9.0,0.0,5.0,75.0,82.0,169.0,138.0,36.0,24.0,6.0,1.0,1.0,1.0
724642,278632,splash,36685,TYL,TYLOO,0.59,0.97,177.0,150.0,7.0,5.0,9.0,8.0,4.0,6.0,67.0,64.0,121.0,106.0,38.0,16.0,0.0,2.0,3.0,3.0
724642,278632,jkuro,3519,JDG,JD Gaming,1.28,1.07,222.0,264.0,9.0,10.0,6.0,10.0,2.0,1.0,82.0,58.0,145.0,172.0,32.0,14.0,1.0,1.0,2.0,2.0
724642,278632,crownfisher,64969,JDG,JD Gaming,0.93,1.17,166.0,224.0,6.0,9.0,7.0,8.0,7.0,2.0,73.0,50.0,124.0,141.0,35.0,29.0,1.0,0.0,0.0,1.0
724642,278632,zhe,49476,JDG,JD Gaming,1.07,0.79,234.0,108.0,9.0,4.0,7.0,8.0,6.0,2.0,91.0,67.0,166.0,61.0,41.0,7.0,1.0,1.0,2.0,1.0
724642,278632,BerLIN,7857,JDG,JD Gaming,1.02,0.82,177.0,164.0,7.0,7.0,6.0,10.0,3.0,2.0,64.0,58.0,101.0,105.0,21.0,54.0,0.0,2.0,1.0,3.0
724642,278632,Yuicaw,11218,JDG,JD Gaming,0.96,0.57,210.0,131.0,8.0,5.0,8.0,11.0,3.0,1.0,82.0,58.0,136.0,86.0,35.0,36.0,2.0,1.0,1.0,0.0
724642,278633,slowly,41739,TYL,TYLOO,1.2,1.45,308.0,341.0,11.0,14.0,9.0,8.0,1.0,2.0,50.0,83.0,183.0,200.0,52.0,27.0,3.0,4.0,3.0,1.0
724642,278633,SiuFatBB,7849,TYL,TYLOO,1.09,1.48,212.0,273.0,8.0,12.0,8.0,6.0,2.0,3.0,90.0,83.0,150.0,189.0,27.0,50.0,0.0,2.0,0.0,0.0
724642,278633,splash,36685,TYL,TYLOO,0.43,1.05,86.0,191.0,2.0,7.0,9.0,7.0,6.0,5.0,60.0,83.0,55.0,132.0,11.0,26.0,0.0,2.0,1.0,1.0
724642,278633,Erv,55085,TYL,TYLOO,0.59,0.61,102.0,131.0,4.0,6.0,9.0,8.0,3.0,2.0,60.0,50.0,67.0,91.0,30.0,39.0,0.0,1.0,0.0,1.0
724642,278633,Scales,39485,TYL,TYLOO,0.27,0.6,79.0,129.0,2.0,5.0,9.0,8.0,2.0,1.0,30.0,75.0,63.0,91.0,7.0,28.0,0.0,0.0,3.0,0.0
724642,278633,BerLIN,7857,JDG,JD Gaming,1.64,1.52,255.0,317.0,11.0,11.0,6.0,6.0,4.0,4.0,58.0,80.0,159.0,227.0,48.0,38.0,1.0,3.0,4.0,1.0
724642,278633,Yuicaw,11218,JDG,JD Gaming,0.62,1.7,112.0,361.0,5.0,14.0,9.0,7.0,4.0,3.0,75.0,80.0,65.0,226.0,12.0,42.0,0.0,2.0,2.0,0.0
724642,278633,zhe,49476,JDG,JD Gaming,0.77,1.47,159.0,225.0,7.0,8.0,10.0,4.0,2.0,3.0,75.0,90.0,127.0,162.0,41.0,29.0,1.0,2.0,2.0,1.0
724642,278633,jkuro,3519,JDG,JD Gaming,0.82,1.21,159.0,163.0,6.0,7.0,10.0,4.0,6.0,4.0,58.0,80.0,102.0,98.0,19.0,22.0,1.0,0.0,0.0,1.0
724642,278633,crownfisher,64969,JDG,JD Gaming,1.01,0.67,193.0,125.0,8.0,4.0,9.0,6.0,4.0,5.0,67.0,80.0,125.0,81.0,28.0,11.0,0.0,0.0,1.0,0.0
724643,278634,Lysoar,37489,XLG,Xi Lai Gaming,1.54,1.55,292.0,302.0,14.0,14.0,8.0,10.0,5.0,4.0,75.0,92.0,168.0,174.0,25.0,56.0,0.0,1.0,0.0,0.0
724643,278634,Rarga,22047,XLG,Xi Lai Gaming,0.64,1.31,176.0,296.0,5.0,12.0,10.0,10.0,5.0,1.0,83.0,58.0,127.0,181.0,18.0,46.0,4.0,1.0,2.0,2.0
724643,278634,WsLeo,24308,XLG,Xi Lai Gaming,1.31,0.53,233.0,123.0,10.0,4.0,8.0,10.0,4.0,3.0,75.0,58.0,172.0,92.0,20.0,15.0,0.0,0.0,0.0,2.0
724643,278634,NoMan,11527,XLG,Xi Lai Gaming,0.42,1.2,109.0,231.0,5.0,9.0,9.0,9.0,0.0,8.0,58.0,67.0,72.0,142.0,45.0,30.0,2.0,2.0,2.0,1.0
724643,278634,happywei,37927,XLG,Xi Lai Gaming,1.02,0.37,187.0,99.0,9.0,4.0,8.0,10.0,1.0,0.0,75.0,42.0,117.0,71.0,33.0,29.0,0.0,1.0,2.0,2.0
724643,278634,Knight,4774,BLG,Guangzhou Huadu Bilibili Gaming (Bilibili Gaming),1.62,1.31,280.0,260.0,12.0,10.0,7.0,9.0,6.0,8.0,100.0,92.0,193.0,181.0,16.0,30.0,2.0,0.0,0.0,1.0
724643,278634,rushia,48878,BLG,Guangzhou Huadu Bilibili Gaming (Bilibili Gaming),1.01,1.42,217.0,255.0,9.0,11.0,9.0,6.0,5.0,2.0,83.0,83.0,153.0,169.0,15.0,26.0,0.0,1.0,0.0,1.0
724643,278634,nephh,10698,BLG,Guangzhou Huadu Bilibili Gaming (Bilibili Gaming),1.36,0.91,293.0,177.0,12.0,8.0,8.0,9.0,8.0,4.0,100.0,92.0,178.0,110.0,24.0,44.0,3.0,0.0,1.0,0.0
724643,278634,whzy,4885,BLG,Guangzhou Huadu Bilibili Gaming (Bilibili Gaming),0.86,0.75,201.0,161.0,9.0,6.0,9.0,9.0,4.0,3.0,58.0,67.0,149.0,117.0,38.0,0.0,1.0,3.0,2.0,2.0
724643,278634,FT,64029,BLG,Guangzhou Huadu Bilibili Gaming (Bilibili Gaming),0.43,0.78,151.0,183.0,7.0,8.0,10.0,10.0,1.0,1.0,67.0,67.0,89.0,127.0,13.0,36.0,1.0,2.0,2.0,2.0
724643,278635,NoMan,11527,XLG,Xi Lai Gaming,1.56,1.26,318.0,248.0,14.0,9.0,7.0,5.0,0.0,0.0,58.0,56.0,209.0,186.0,39.0,47.0,2.0,0.0,2.0,1.0
724643,278635,WsLeo,24308,XLG,Xi Lai Gaming,1.02,1.28,183.0,230.0,7.0,7.0,7.0,4.0,5.0,0.0,67.0,67.0,115.0,134.0,19.0,38.0,1.0,3.0,0.0,0.0
724643,278635,Rarga,22047,XLG,Xi Lai Gaming,1.07,1.17,256.0,275.0,10.0,8.0,8.0,6.0,3.0,1.0,58.0,78.0,179.0,177.0,32.0,47.0,2.0,1.0,3.0,1.0
724643,278635,happywei,37927,XLG,Xi Lai Gaming,0.68,1.0,116.0,153.0,4.0,4.0,8.0,4.0,3.0,2.0,67.0,67.0,90.0,90.0,50.0,23.0,1.0,2.0,1.0,1.0
724643,278635,Lysoar,37489,XLG,Xi Lai Gaming,0.55,0.99,121.0,175.0,5.0,6.0,10.0,4.0,7.0,1.0,75.0,89.0,91.0,124.0,46.0,21.0,0.0,0.0,0.0,0.0
724643,278635,Knight,4774,BLG,Guangzhou Huadu Bilibili Gaming (Bilibili Gaming),1.47,1.01,293.0,130.0,9.0,5.0,7.0,8.0,1.0,8.0,100.0,75.0,191.0,83.0,33.0,33.0,0.0,0.0,0.0,0.0
724643,278635,whzy,4885,BLG,Guangzhou Huadu Bilibili Gaming (Bilibili Gaming),1.0,1.22,227.0,225.0,7.0,9.0,7.0,7.0,1.0,2.0,44.0,75.0,130.0,146.0,13.0,19.0,3.0,1.0,2.0,2.0
724643,278635,nephh,10698,BLG,Guangzhou Huadu Bilibili Gaming (Bilibili Gaming),0.88,0.94,138.0,177.0,4.0,9.0,6.0,8.0,2.0,3.0,78.0,75.0,91.0,96.0,29.0,30.0,0.0,2.0,1.0,2.0
724643,278635,FT,64029,BLG,Guangzhou Huadu Bilibili Gaming (Bilibili Gaming),0.62,0.85,77.0,158.0,3.0,7.0,6.0,9.0,1.0,4.0,56.0,58.0,49.0,93.0,25.0,29.0,0.0,1.0,1.0,1.0
724643,278635,rushia,48878,BLG,Guangzhou Huadu Bilibili Gaming (Bilibili Gaming),0.02,1.31,13.0,253.0,0.0,10.0,8.0,8.0,1.0,3.0,44.0,67.0,13.0,186.0,0.0,31.0,0.0,2.0,2.0,1.0
724643,278636,happywei,37927,XLG,Xi Lai Gaming,0.89,1.32,194.0,209.0,9.0,4.0,11.0,4.0,0.0,3.0,67.0,83.0,126.0,165.0,47.0,38.0,4.0,0.0,0.0,0.0
724643,278636,Lysoar,37489,XLG,Xi Lai Gaming,1.04,0.14,207.0,81.0,8.0,2.0,11.0,6.0,3.0,1.0,58.0,33.0,138.0,63.0,26.0,50.0,0.0,0.0,0.0,0.0
724643,278636,Rarga,22047,XLG,Xi Lai Gaming,0.21,1.79,93.0,381.0,4.0,7.0,12.0,5.0,2.0,2.0,58.0,67.0,45.0,231.0,67.0,25.0,2.0,3.0,3.0,1.0
724643,278636,NoMan,11527,XLG,Xi Lai Gaming,0.45,0.64,140.0,155.0,5.0,4.0,11.0,5.0,1.0,1.0,42.0,50.0,88.0,79.0,33.0,20.0,1.0,0.0,2.0,0.0
724643,278636,WsLeo,24308,XLG,Xi Lai Gaming,0.33,0.83,60.0,198.0,1.0,4.0,10.0,5.0,3.0,1.0,42.0,83.0,55.0,124.0,15.0,25.0,0.0,1.0,0.0,1.0
724643,278636,whzy,4885,BLG,Guangzhou Huadu Bilibili Gaming (Bilibili Gaming),1.02,2.29,222.0,438.0,5.0,21.0,4.0,4.0,2.0,0.0,83.0,92.0,133.0,277.0,13.0,30.0,1.0,1.0,2.0,0.0
724643,278636,Knight,4774,BLG,Guangzhou Huadu Bilibili Gaming (Bilibili Gaming),1.06,2.13,156.0,380.0,3.0,16.0,3.0,3.0,2.0,4.0,83.0,92.0,114.0,260.0,21.0,39.0,0.0,2.0,0.0,0.0
724643,278636,FT,64029,BLG,Guangzhou Huadu Bilibili Gaming (Bilibili Gaming),1.81,1.06,371.0,166.0,9.0,6.0,4.0,6.0,2.0,7.0,83.0,100.0,221.0,116.0,29.0,13.0,0.0,0.0,0.0,1.0
724643,278636,nephh,10698,BLG,Guangzhou Huadu Bilibili Gaming (Bilibili Gaming),1.01,1.24,210.0,192.0,4.0,9.0,4.0,5.0,5.0,5.0,100.0,75.0,147.0,110.0,19.0,15.0,0.0,1.0,0.0,0.0
724643,278636,rushia,48878,BLG,Guangzhou Huadu Bilibili Gaming (Bilibili Gaming),0.6,0.2,195.0,63.0,4.0,3.0,6.0,9.0,1.0,1.0,50.0,58.0,137.0,50.0,10.0,30.0,1.0,1.0,2.0,6.0
724644,278637,BerLIN,7857,JDG,JD Gaming,1.13,1.56,142.0,352.0,7.0,10.0,5.0,5.0,3.0,4.0,83.0,88.0,85.0,215.0,24.0,48.0,0.0,1.0,0.0,1.0
724644,278637,zhe,49476,JDG,JD Gaming,1.28,1.2,170.0,195.0,8.0,5.0,5.0,4.0,1.0,2.0,75.0,88.0,117.0,142.0,25.0,42.0,1.0,1.0,1.0,1.0
724644,278637,jkuro,3519,JDG,JD Gaming,1.66,0.47,345.0,133.0,14.0,4.0,6.0,6.0,3.0,2.0,67.0,75.0,233.0,81.0,31.0,9.0,3.0,0.0,1.0,2.0
724644,278637,crownfisher,64969,JDG,JD Gaming,1.01,1.06,190.0,180.0,8.0,6.0,7.0,4.0,5.0,5.0,75.0,75.0,113.0,101.0,26.0,20.0,3.0,0.0,2.0,0.0
724644,278637,Yuicaw,11218,JDG,JD Gaming,0.88,0.98,148.0,186.0,6.0,5.0,7.0,5.0,3.0,2.0,75.0,75.0,120.0,138.0,33.0,47.0,0.0,1.0,1.0,1.0
724644,278637,Knight,4774,BLG,Guangzhou Huadu Bilibili Gaming (Bilibili Gaming),1.42,1.5,206.0,289.0,6.0,12.0,4.0,7.0,3.0,2.0,63.0,75.0,140.0,175.0,41.0,28.0,1.0,0.0,0.0,0.0
724644,278637,whzy,4885,BLG,Guangzhou Huadu Bilibili Gaming (Bilibili Gaming),1.68,0.96,293.0,225.0,9.0,7.0,6.0,9.0,0.0,3.0,63.0,50.0,206.0,151.0,16.0,14.0,1.0,2.0,1.0,2.0
724644,278637,rushia,48878,BLG,Guangzhou Huadu Bilibili Gaming (Bilibili Gaming),0.99,0.62,214.0,104.0,6.0,4.0,6.0,8.0,0.0,2.0,75.0,50.0,170.0,93.0,46.0,12.0,1.0,0.0,1.0,1.0
724644,278637,nephh,10698,BLG,Guangzhou Huadu Bilibili Gaming (Bilibili Gaming),0.43,0.41,87.0,62.0,2.0,2.0,7.0,9.0,0.0,2.0,50.0,58.0,54.0,39.0,14.0,22.0,2.0,0.0,0.0,0.0
724644,278637,FT,64029,BLG,Guangzhou Huadu Bilibili Gaming (Bilibili Gaming),0.27,0.5,68.0,131.0,1.0,5.0,7.0,10.0,3.0,1.0,50.0,50.0,55.0,88.0,0.0,43.0,0.0,3.0,1.0,4.0
724644,278638,Yuicaw,11218,JDG,JD Gaming,1.79,0.77,331.0,193.0,15.0,6.0,5.0,6.0,5.0,2.0,100.0,56.0,226.0,109.0,30.0,19.0,1.0,0.0,0.0,1.0
724644,278638,zhe,49476,JDG,JD Gaming,0.58,2.23,156.0,373.0,7.0,12.0,9.0,3.0,1.0,3.0,83.0,78.0,94.0,199.0,29.0,23.0,4.0,1.0,2.0,0.0
724644,278638,BerLIN,7857,JDG,JD Gaming,1.11,1.31,178.0,190.0,8.0,7.0,5.0,4.0,8.0,1.0,92.0,89.0,119.0,112.0,26.0,40.0,0.0,1.0,0.0,1.0
724644,278638,jkuro,3519,JDG,JD Gaming,1.2,0.77,225.0,122.0,10.0,4.0,6.0,6.0,3.0,1.0,92.0,56.0,135.0,84.0,25.0,25.0,4.0,1.0,1.0,2.0
724644,278638,crownfisher,64969,JDG,JD Gaming,1.33,0.43,235.0,125.0,11.0,3.0,5.0,8.0,6.0,3.0,92.0,56.0,162.0,94.0,21.0,15.0,0.0,1.0,0.0,1.0
724644,278638,rushia,48878,BLG,Guangzhou Huadu Bilibili Gaming (Bilibili Gaming),1.34,1.01,228.0,212.0,7.0,9.0,5.0,10.0,1.0,0.0,78.0,42.0,171.0,129.0,40.0,40.0,1.0,1.0,0.0,3.0
724644,278638,nephh,10698,BLG,Guangzhou Huadu Bilibili Gaming (Bilibili Gaming),0.95,1.01,186.0,172.0,5.0,6.0,7.0,10.0,4.0,5.0,78.0,42.0,151.0,127.0,43.0,33.0,1.0,0.0,2.0,1.0
724644,278638,Knight,4774,BLG,Guangzhou Huadu Bilibili Gaming (Bilibili Gaming),1.1,0.68,159.0,110.0,5.0,5.0,5.0,9.0,4.0,4.0,89.0,50.0,90.0,64.0,19.0,38.0,1.0,0.0,0.0,2.0
724644,278638,whzy,4885,BLG,Guangzhou Huadu Bilibili Gaming (Bilibili Gaming),0.52,0.76,191.0,184.0,6.0,6.0,8.0,12.0,2.0,1.0,67.0,50.0,117.0,114.0,50.0,25.0,1.0,2.0,1.0,2.0
724644,278638,FT,64029,BLG,Guangzhou Huadu Bilibili Gaming (Bilibili Gaming),0.49,0.54,145.0,89.0,4.0,4.0,7.0,10.0,1.0,1.0,44.0,42.0,90.0,73.0,44.0,42.0,1.0,0.0,1.0,1.0
724645,278640,jkuro,3519,JDG,JD Gaming,1.16,1.6,163.0,296.0,6.0,14.0,4.0,6.0,0.0,2.0,86.0,92.0,136.0,180.0,63.0,41.0,0.0,2.0,2.0,0.0
724645,278640,zhe,49476,JDG,JD Gaming,1.29,1.51,184.0,295.0,5.0,13.0,4.0,6.0,1.0,2.0,71.0,67.0,119.0,208.0,44.0,26.0,0.0,3.0,0.0,2.0
724645,278640,Yuicaw,11218,JDG,JD Gaming,1.34,1.28,315.0,317.0,7.0,14.0,6.0,8.0,4.0,2.0,86.0,83.0,226.0,190.0,42.0,36.0,1.0,3.0,1.0,1.0
724645,278640,BerLIN,7857,JDG,JD Gaming,1.12,0.71,170.0,105.0,4.0,4.0,4.0,7.0,2.0,2.0,86.0,75.0,114.0,70.0,29.0,14.0,1.0,0.0,1.0,0.0
724645,278640,crownfisher,64969,JDG,JD Gaming,1.43,0.51,201.0,108.0,6.0,4.0,4.0,9.0,2.0,9.0,86.0,75.0,148.0,72.0,64.0,27.0,1.0,0.0,0.0,1.0
724645,278640,splash,36685,TYL,TYLOO,0.89,1.0,192.0,222.0,8.0,5.0,10.0,5.0,1.0,2.0,58.0,86.0,126.0,150.0,45.0,29.0,2.0,2.0,4.0,0.0
724645,278640,Erv,55085,TYL,TYLOO,0.86,0.77,182.0,163.0,6.0,4.0,10.0,5.0,7.0,3.0,67.0,86.0,130.0,97.0,29.0,30.0,0.0,0.0,1.0,1.0
724645,278640,slowly,41739,TYL,TYLOO,0.68,0.97,164.0,297.0,7.0,7.0,10.0,7.0,1.0,1.0,67.0,86.0,123.0,180.0,44.0,35.0,1.0,1.0,2.0,0.0
724645,278640,Scales,39485,TYL,TYLOO,0.8,0.66,131.0,202.0,7.0,5.0,9.0,6.0,0.0,1.0,42.0,86.0,79.0,128.0,88.0,33.0,0.0,1.0,1.0,2.0
724645,278640,SiuFatBB,7849,TYL,TYLOO,0.99,0.28,174.0,52.0,8.0,1.0,10.0,5.0,1.0,1.0,75.0,57.0,108.0,56.0,14.0,17.0,1.0,0.0,0.0,0.0
724645,278641,BerLIN,7857,JDG,JD Gaming,1.22,0.77,228.0,191.0,10.0,6.0,8.0,8.0,2.0,2.0,75.0,75.0,150.0,105.0,41.0,36.0,1.0,1.0,1.0,1.0
724645,278641,Yuicaw,11218,JDG,JD Gaming,1.19,0.6,274.0,159.0,11.0,4.0,8.0,8.0,2.0,2.0,75.0,75.0,192.0,135.0,32.0,31.0,1.0,1.0,1.0,0.0
724645,278641,crownfisher,64969,JDG,JD Gaming,0.77,0.45,142.0,97.0,6.0,3.0,8.0,7.0,6.0,1.0,75.0,38.0,89.0,54.0,44.0,25.0,0.0,1.0,0.0,0.0
724645,278641,jkuro,3519,JDG,JD Gaming,0.82,0.28,158.0,128.0,8.0,3.0,8.0,8.0,0.0,2.0,58.0,63.0,99.0,82.0,31.0,40.0,1.0,0.0,3.0,2.0
724645,278641,zhe,49476,JDG,JD Gaming,0.3,0.62,139.0,197.0,5.0,5.0,12.0,7.0,3.0,0.0,67.0,38.0,100.0,113.0,16.0,11.0,1.0,1.0,3.0,1.0
724645,278641,Scales,39485,TYL,TYLOO,1.91,1.17,242.0,219.0,7.0,9.0,2.0,7.0,3.0,4.0,100.0,67.0,162.0,134.0,25.0,33.0,0.0,3.0,0.0,1.0
724645,278641,SiuFatBB,7849,TYL,TYLOO,2.24,0.66,330.0,150.0,12.0,5.0,2.0,10.0,3.0,4.0,100.0,83.0,221.0,103.0,28.0,38.0,0.0,3.0,0.0,2.0
724645,278641,splash,36685,TYL,TYLOO,1.53,1.11,314.0,186.0,9.0,8.0,5.0,7.0,2.0,2.0,100.0,75.0,198.0,138.0,31.0,29.0,1.0,1.0,1.0,1.0
724645,278641,Erv,55085,TYL,TYLOO,1.08,1.28,172.0,217.0,5.0,11.0,5.0,7.0,6.0,1.0,100.0,100.0,116.0,131.0,23.0,35.0,0.0,0.0,0.0,0.0
724645,278641,slowly,41739,TYL,TYLOO,0.48,1.35,200.0,255.0,5.0,11.0,7.0,9.0,2.0,1.0,63.0,75.0,122.0,185.0,40.0,26.0,3.0,1.0,3.0,0.0
724645,278642,BerLIN,7857,JDG,JD Gaming,0.58,1.57,132.0,295.0,4.0,11.0,10.0,7.0,1.0,4.0,45.0,75.0,94.0,198.0,40.0,30.0,0.0,3.0,2.0,0.0
724645,278642,zhe,49476,JDG,JD Gaming,0.81,1.08,153.0,201.0,6.0,10.0,8.0,8.0,1.0,2.0,55.0,67.0,103.0,128.0,20.0,35.0,1.0,1.0,2.0,2.0
724645,278642,jkuro,3519,JDG,JD Gaming,0.53,1.23,181.0,196.0,7.0,10.0,10.0,7.0,0.0,0.0,55.0,67.0,107.0,124.0,78.0,28.0,1.0,3.0,4.0,0.0
724645,278642,Yuicaw,11218,JDG,JD Gaming,0.24,1.26,70.0,154.0,2.0,6.0,11.0,5.0,0.0,8.0,36.0,67.0,48.0,111.0,22.0,17.0,1.0,0.0,0.0,2.0
724645,278642,crownfisher,64969,JDG,JD Gaming,1.01,0.54,192.0,121.0,7.0,4.0,9.0,10.0,1.0,7.0,55.0,58.0,124.0,95.0,35.0,25.0,0.0,0.0,0.0,1.0
724645,278642,slowly,41739,TYL,TYLOO,1.49,0.92,311.0,169.0,12.0,8.0,7.0,5.0,3.0,1.0,83.0,73.0,188.0,109.0,23.0,43.0,1.0,0.0,0.0,2.0
724645,278642,Scales,39485,TYL,TYLOO,0.63,1.62,119.0,376.0,4.0,14.0,8.0,8.0,6.0,6.0,50.0,100.0,96.0,240.0,21.0,23.0,0.0,2.0,2.0,1.0
724645,278642,SiuFatBB,7849,TYL,TYLOO,0.98,1.23,169.0,209.0,8.0,9.0,8.0,5.0,3.0,2.0,75.0,91.0,97.0,124.0,50.0,33.0,0.0,3.0,1.0,0.0
724645,278642,Erv,55085,TYL,TYLOO,0.81,1.38,143.0,222.0,6.0,8.0,8.0,4.0,4.0,8.0,58.0,82.0,91.0,133.0,50.0,31.0,0.0,2.0,1.0,0.0
724645,278642,splash,36685,TYL,TYLOO,0.51,1.39,158.0,219.0,7.0,9.0,10.0,4.0,0.0,1.0,42.0,82.0,104.0,133.0,55.0,13.0,4.0,1.0,3.0,0.0
724645,278643,BerLIN,7857,JDG,JD Gaming,0.58,1.13,129.0,219.0,1.0,9.0,3.0,9.0,2.0,0.0,67.0,67.0,88.0,142.0,25.0,27.0,0.0,2.0,0.0,1.0
724645,278643,zhe,49476,JDG,JD Gaming,0.45,1.11,175.0,213.0,1.0,8.0,3.0,8.0,2.0,3.0,100.0,67.0,133.0,152.0,17.0,35.0,0.0,1.0,1.0,3.0
724645,278643,Yuicaw,11218,JDG,JD Gaming,0.96,0.96,166.0,189.0,2.0,9.0,3.0,10.0,0.0,1.0,100.0,75.0,83.0,132.0,33.0,45.0,2.0,0.0,0.0,0.0
724645,278643,crownfisher,64969,JDG,JD Gaming,0.48,0.3,108.0,102.0,1.0,3.0,3.0,10.0,2.0,4.0,67.0,58.0,59.0,68.0,67.0,23.0,0.0,1.0,0.0,3.0
724645,278643,jkuro,3519,JDG,JD Gaming,0.01,0.23,,,0.0,2.0,3.0,11.0,0.0,6.0,,42.0,,,,8.0,0.0,0.0,0.0,1.0
724645,278643,slowly,41739,TYL,TYLOO,1.43,1.82,283.0,263.0,13.0,3.0,6.0,1.0,2.0,2.0,67.0,100.0,189.0,144.0,22.0,50.0,2.0,1.0,2.0,0.0
724645,278643,splash,36685,TYL,TYLOO,1.51,1.45,306.0,336.0,12.0,3.0,7.0,2.0,4.0,4.0,92.0,100.0,191.0,266.0,38.0,36.0,4.0,0.0,0.0,1.0
724645,278643,SiuFatBB,7849,TYL,TYLOO,1.29,1.92,130.0,315.0,5.0,3.0,4.0,1.0,8.0,3.0,92.0,67.0,85.0,215.0,20.0,44.0,0.0,0.0,0.0,0.0
724645,278643,Erv,55085,TYL,TYLOO,1.11,1.51,166.0,201.0,8.0,3.0,6.0,1.0,7.0,4.0,83.0,100.0,106.0,36.0,54.0,0.0,0.0,0.0,1.0,1.0
724645,278643,Scales,39485,TYL,TYLOO,0.95,1.87,191.0,221.0,10.0,3.0,8.0,0.0,2.0,0.0,67.0,100.0,134.0,139.0,36.0,50.0,2.0,0.0,1.0,0.0
724646,278645,lucas,19677,TEC,Wuxi Titan Esports Club (Titan Esports Club),1.38,1.01,213.0,231.0,10.0,8.0,4.0,11.0,4.0,5.0,83.0,58.0,103.0,173.0,13.0,31.0,0.0,0.0,1.0,2.0
724646,278645,Coco,47629,TEC,Wuxi Titan Esports Club (Titan Esports Club),1.57,0.74,267.0,109.0,13.0,4.0,6.0,10.0,1.0,11.0,75.0,67.0,157.0,79.0,39.0,50.0,1.0,1.0,1.0,1.0
724646,278645,Haodong,4720,TEC,Wuxi Titan Esports Club (Titan Esports Club),0.8,0.87,134.0,186.0,6.0,9.0,8.0,10.0,3.0,1.0,58.0,75.0,92.0,112.0,22.0,33.0,1.0,0.0,1.0,1.0
724646,278645,Dynamite,42235,TEC,Wuxi Titan Esports Club (Titan Esports Club),0.74,0.88,217.0,187.0,9.0,6.0,10.0,10.0,2.0,7.0,58.0,75.0,122.0,124.0,21.0,29.0,4.0,3.0,2.0,1.0
724646,278645,ra1ny,63107,TEC,Wuxi Titan Esports Club (Titan Esports Club),0.28,0.83,52.0,176.0,1.0,7.0,9.0,11.0,2.0,4.0,50.0,58.0,41.0,109.0,17.0,11.0,1.0,1.0,0.0,2.0
724646,278645,Ezeir,46460,NOVA,Nova Esports,2.08,1.25,353.0,205.0,17.0,8.0,4.0,6.0,7.0,6.0,100.0,67.0,210.0,114.0,32.0,32.0,1.0,0.0,1.0,0.0
724646,278645,swagzor,45492,NOVA,Nova Esports,1.33,1.54,255.0,329.0,11.0,14.0,7.0,9.0,3.0,2.0,92.0,67.0,189.0,205.0,24.0,63.0,2.0,3.0,0.0,1.0
724646,278645,GuanG,41054,NOVA,Nova Esports,0.95,0.8,163.0,165.0,9.0,6.0,6.0,8.0,2.0,3.0,83.0,58.0,100.0,114.0,47.0,23.0,1.0,0.0,1.0,2.0
724646,278645,cb,39697,NOVA,Nova Esports,0.93,0.71,220.0,138.0,9.0,5.0,9.0,9.0,4.0,2.0,67.0,58.0,135.0,99.0,25.0,20.0,2.0,2.0,2.0,3.0
724646,278645,qiutiaN,43007,NOVA,Nova Esports,0.75,0.6,151.0,83.0,6.0,4.0,8.0,7.0,4.0,1.0,83.0,67.0,102.0,64.0,32.0,44.0,1.0,0.0,1.0,1.0
724646,278646,Dynamite,42235,TEC,Wuxi Titan Esports Club (Titan Esports Club),2.11,0.82,414.0,187.0,13.0,6.0,7.0,10.0,2.0,6.0,89.0,67.0,240.0,130.0,33.0,27.0,1.0,1.0,0.0,2.0
724646,278646,ra1ny,63107,TEC,Wuxi Titan Esports Club (Titan Esports Club),0.41,1.59,178.0,280.0,5.0,13.0,9.0,8.0,2.0,2.0,67.0,75.0,139.0,199.0,28.0,16.0,2.0,1.0,3.0,1.0
724646,278646,Coco,47629,TEC,Wuxi Titan Esports Club (Titan Esports Club),0.4,0.98,142.0,214.0,4.0,7.0,9.0,9.0,5.0,1.0,78.0,50.0,96.0,168.0,21.0,40.0,0.0,1.0,0.0,1.0
724646,278646,Haodong,4720,TEC,Wuxi Titan Esports Club (Titan Esports Club),0.61,0.78,144.0,134.0,5.0,5.0,7.0,9.0,0.0,3.0,44.0,67.0,107.0,88.0,31.0,24.0,0.0,2.0,1.0,0.0
724646,278646,lucas,19677,TEC,Wuxi Titan Esports Club (Titan Esports Club),0.21,0.97,75.0,178.0,1.0,7.0,7.0,8.0,2.0,4.0,44.0,58.0,68.0,143.0,0.0,12.0,0.0,1.0,2.0,2.0
724646,278646,Ezeir,46460,NOVA,Nova Esports,1.59,1.29,341.0,199.0,15.0,7.0,7.0,5.0,3.0,5.0,83.0,89.0,249.0,139.0,40.0,26.0,1.0,0.0,1.0,1.0
724646,278646,GuanG,41054,NOVA,Nova Esports,0.53,2.46,100.0,445.0,5.0,15.0,8.0,4.0,0.0,2.0,58.0,89.0,61.0,299.0,7.0,35.0,0.0,3.0,1.0,0.0
724646,278646,cb,39697,NOVA,Nova Esports,1.08,1.37,198.0,228.0,8.0,8.0,7.0,6.0,4.0,0.0,67.0,78.0,121.0,163.0,27.0,28.0,3.0,1.0,3.0,0.0
724646,278646,qiutiaN,43007,NOVA,Nova Esports,1.03,1.26,200.0,184.0,6.0,6.0,8.0,4.0,12.0,5.0,92.0,67.0,131.0,124.0,32.0,50.0,1.0,0.0,0.0,0.0
724646,278646,swagzor,45492,NOVA,Nova Esports,0.96,0.11,197.0,115.0,10.0,3.0,8.0,9.0,1.0,2.0,83.0,33.0,110.0,87.0,19.0,30.0,1.0,2.0,1.0,2.0
724647,278648,iamgrq,58959,AG,All Gamers,1.47,1.25,215.0,213.0,13.0,11.0,7.0,10.0,4.0,5.0,71.0,71.0,123.0,149.0,20.0,37.0,1.0,1.0,0.0,1.0
724647,278648,Bai,52101,AG,All Gamers,1.59,0.63,321.0,139.0,15.0,5.0,8.0,10.0,3.0,7.0,93.0,57.0,200.0,90.0,19.0,15.0,1.0,2.0,0.0,2.0
724647,278648,f4ngeer,21216,AG,All Gamers,0.95,0.74,222.0,156.0,11.0,8.0,10.0,10.0,2.0,0.0,64.0,50.0,147.0,91.0,33.0,11.0,2.0,2.0,4.0,1.0
724647,278648,Shr1mp,25494,AG,All Gamers,0.96,0.68,139.0,123.0,8.0,6.0,9.0,11.0,7.0,3.0,86.0,57.0,90.0,90.0,24.0,13.0,0.0,1.0,1.0,0.0
724647,278648,K1ra,46748,AG,All Gamers,0.42,1.14,136.0,282.0,5.0,12.0,12.0,10.0,5.0,5.0,57.0,79.0,91.0,173.0,13.0,16.0,2.0,2.0,3.0,2.0
724647,278648,deLb,10821,TE,Trace Esports,1.12,1.28,210.0,280.0,10.0,13.0,8.0,11.0,1.0,2.0,64.0,64.0,136.0,188.0,43.0,45.0,1.0,2.0,1.0,0.0
724647,278648,LuoK1ng,3045,TE,Trace Esports,1.14,1.04,180.0,192.0,10.0,9.0,8.0,10.0,4.0,10.0,71.0,79.0,136.0,116.0,43.0,31.0,0.0,2.0,0.0,0.0
724647,278648,FengF,4770,TE,Trace Esports,0.63,1.53,173.0,271.0,9.0,14.0,11.0,8.0,2.0,4.0,64.0,79.0,99.0,205.0,21.0,27.0,3.0,1.0,5.0,0.0
724647,278648,FKEY,51249,TE,Trace Esports,1.09,0.71,158.0,152.0,7.0,7.0,7.0,11.0,4.0,0.0,79.0,50.0,108.0,94.0,31.0,28.0,0.0,1.0,1.0,1.0
724647,278648,Kai,37494,TE,Trace Esports,1.53,0.05,309.0,61.0,15.0,3.0,8.0,12.0,1.0,1.0,64.0,50.0,203.0,39.0,34.0,9.0,2.0,2.0,1.0,5.0
724647,278649,K1ra,46748,AG,All Gamers,1.76,0.93,356.0,202.0,19.0,7.0,9.0,12.0,2.0,8.0,86.0,79.0,205.0,153.0,29.0,15.0,1.0,3.0,1.0,1.0
724647,278649,f4ngeer,21216,AG,All Gamers,1.03,1.63,240.0,364.0,12.0,18.0,11.0,11.0,2.0,4.0,64.0,100.0,144.0,222.0,45.0,45.0,4.0,5.0,2.0,2.0
724647,278649,iamgrq,58959,AG,All Gamers,0.97,1.32,158.0,210.0,7.0,11.0,9.0,8.0,7.0,6.0,79.0,79.0,99.0,129.0,47.0,23.0,2.0,0.0,1.0,1.0
724647,278649,Shr1mp,25494,AG,All Gamers,0.71,1.25,107.0,215.0,5.0,9.0,9.0,8.0,3.0,7.0,57.0,86.0,73.0,153.0,12.0,19.0,1.0,0.0,1.0,1.0
724647,278649,Bai,52101,AG,All Gamers,0.55,0.86,119.0,111.0,6.0,7.0,11.0,9.0,0.0,2.0,57.0,57.0,81.0,75.0,40.0,22.0,0.0,0.0,1.0,1.0
724647,278649,deLb,10821,TE,Trace Esports,0.82,1.31,160.0,246.0,9.0,14.0,9.0,9.0,3.0,2.0,71.0,71.0,107.0,173.0,23.0,54.0,0.0,0.0,2.0,2.0
724647,278649,FengF,4770,TE,Trace Esports,0.79,1.21,226.0,258.0,10.0,12.0,13.0,9.0,7.0,2.0,79.0,71.0,135.0,179.0,17.0,28.0,1.0,1.0,3.0,2.0
724647,278649,LuoK1ng,3045,TE,Trace Esports,0.77,0.84,164.0,180.0,8.0,9.0,9.0,10.0,4.0,2.0,79.0,71.0,107.0,119.0,42.0,45.0,0.0,2.0,2.0,0.0
724647,278649,FKEY,51249,TE,Trace Esports,1.33,0.26,256.0,68.0,15.0,3.0,10.0,11.0,3.0,1.0,86.0,43.0,159.0,49.0,29.0,33.0,3.0,0.0,0.0,1.0
724647,278649,Kai,37494,TE,Trace Esports,0.52,1.0,140.0,238.0,6.0,11.0,11.0,10.0,3.0,1.0,64.0,64.0,93.0,131.0,17.0,14.0,2.0,3.0,1.0,3.0
724647,278650,K1ra,46748,AG,All Gamers,0.8,2.13,134.0,448.0,5.0,19.0,7.0,9.0,2.0,8.0,70.0,92.0,78.0,272.0,24.0,14.0,0.0,4.0,1.0,1.0
724647,278650,Shr1mp,25494,AG,All Gamers,1.54,1.15,274.0,153.0,10.0,7.0,7.0,5.0,2.0,5.0,80.0,83.0,199.0,93.0,33.0,10.0,0.0,2.0,2.0,1.0
724647,278650,f4ngeer,21216,AG,All Gamers,1.04,1.42,248.0,299.0,9.0,14.0,8.0,7.0,0.0,1.0,60.0,83.0,147.0,186.0,21.0,22.0,2.0,3.0,3.0,1.0
724647,278650,iamgrq,58959,AG,All Gamers,0.77,0.76,159.0,144.0,5.0,5.0,7.0,9.0,1.0,7.0,80.0,83.0,112.0,101.0,20.0,15.0,2.0,0.0,0.0,0.0
724647,278650,Bai,52101,AG,All Gamers,0.65,0.62,151.0,96.0,5.0,4.0,7.0,7.0,2.0,3.0,60.0,50.0,94.0,74.0,16.0,29.0,0.0,0.0,0.0,0.0
724647,278650,Kai,37494,TE,Trace Esports,0.66,1.4,202.0,231.0,8.0,9.0,12.0,5.0,1.0,1.0,58.0,70.0,124.0,126.0,23.0,21.0,2.0,4.0,5.0,3.0
724647,278650,FengF,4770,TE,Trace Esports,0.92,1.07,189.0,158.0,8.0,6.0,9.0,6.0,1.0,3.0,50.0,50.0,125.0,107.0,20.0,16.0,0.0,0.0,1.0,0.0
724647,278650,LuoK1ng,3045,TE,Trace Esports,1.32,0.58,237.0,112.0,10.0,3.0,8.0,7.0,6.0,6.0,75.0,80.0,165.0,81.0,32.0,16.0,0.0,1.0,0.0,1.0
724647,278650,FKEY,51249,TE,Trace Esports,1.04,0.9,183.0,242.0,8.0,8.0,9.0,8.0,6.0,3.0,58.0,80.0,130.0,161.0,50.0,60.0,1.0,1.0,3.0,0.0
724647,278650,deLb,10821,TE,Trace Esports,0.3,1.09,105.0,239.0,3.0,9.0,11.0,8.0,5.0,1.0,50.0,100.0,90.0,171.0,20.0,34.0,0.0,0.0,0.0,0.0
724648,278651,WsLeo,24308,XLG,Xi Lai Gaming,1.75,1.18,324.0,180.0,13.0,3.0,6.0,2.0,7.0,3.0,100.0,100.0,223.0,131.0,45.0,10.0,2.0,2.0,0.0,0.0
724648,278651,NoMan,11527,XLG,Xi Lai Gaming,0.97,1.63,253.0,381.0,11.0,10.0,8.0,5.0,1.0,1.0,67.0,71.0,147.0,247.0,30.0,50.0,0.0,3.0,2.0,1.0
724648,278651,Lysoar,37489,XLG,Xi Lai Gaming,1.08,1.37,241.0,179.0,12.0,6.0,9.0,3.0,3.0,2.0,83.0,86.0,159.0,137.0,22.0,46.0,1.0,0.0,0.0,0.0
724648,278651,happywei,37927,XLG,Xi Lai Gaming,0.94,1.01,153.0,188.0,7.0,5.0,8.0,4.0,2.0,1.0,67.0,71.0,109.0,114.0,25.0,40.0,1.0,0.0,0.0,0.0
724648,278651,Rarga,22047,XLG,Xi Lai Gaming,0.45,0.82,153.0,202.0,7.0,6.0,10.0,5.0,2.0,1.0,58.0,86.0,108.0,124.0,39.0,42.0,2.0,1.0,4.0,0.0
724648,278651,GuanG,41054,NOVA,Nova Esports,1.19,1.47,256.0,258.0,6.0,11.0,6.0,8.0,0.0,3.0,71.0,75.0,189.0,172.0,38.0,34.0,0.0,0.0,0.0,0.0
724648,278651,cb,39697,NOVA,Nova Esports,0.96,1.16,189.0,233.0,4.0,9.0,6.0,9.0,4.0,5.0,43.0,83.0,116.0,152.0,11.0,29.0,0.0,1.0,1.0,1.0
724648,278651,swagzor,45492,NOVA,Nova Esports,0.88,0.94,179.0,238.0,5.0,9.0,6.0,12.0,0.0,2.0,71.0,67.0,134.0,180.0,27.0,23.0,1.0,4.0,2.0,2.0
724648,278651,Ezeir,46460,NOVA,Nova Esports,0.9,0.56,188.0,98.0,4.0,4.0,6.0,10.0,2.0,4.0,57.0,75.0,127.0,67.0,50.0,50.0,0.0,1.0,2.0,2.0
724648,278651,qiutiaN,43007,NOVA,Nova Esports,0.05,0.89,26.0,224.0,0.0,8.0,6.0,11.0,2.0,5.0,57.0,75.0,26.0,146.0,67.0,22.0,0.0,0.0,1.0,1.0
724648,278652,happywei,37927,XLG,Xi Lai Gaming,1.3,0.74,205.0,139.0,4.0,5.0,4.0,10.0,0.0,3.0,50.0,33.0,141.0,87.0,31.0,38.0,0.0,0.0,1.0,1.0
724648,278652,Lysoar,37489,XLG,Xi Lai Gaming,0.47,1.11,122.0,254.0,3.0,10.0,5.0,11.0,0.0,3.0,33.0,50.0,110.0,143.0,29.0,39.0,0.0,2.0,0.0,2.0
724648,278652,WsLeo,24308,XLG,Xi Lai Gaming,1.52,0.58,207.0,120.0,5.0,4.0,3.0,10.0,3.0,5.0,67.0,50.0,107.0,85.0,24.0,15.0,0.0,1.0,0.0,0.0
724648,278652,NoMan,11527,XLG,Xi Lai Gaming,0.33,0.63,100.0,136.0,2.0,6.0,5.0,10.0,1.0,0.0,50.0,75.0,60.0,75.0,33.0,29.0,2.0,1.0,2.0,2.0
724648,278652,Rarga,22047,XLG,Xi Lai Gaming,0.39,0.25,96.0,47.0,2.0,2.0,5.0,9.0,0.0,1.0,67.0,42.0,52.0,40.0,100.0,29.0,0.0,0.0,1.0,3.0
724648,278652,GuanG,41054,NOVA,Nova Esports,1.77,1.27,232.0,211.0,11.0,4.0,3.0,3.0,5.0,2.0,75.0,83.0,174.0,135.0,52.0,40.0,1.0,0.0,0.0,0.0
724648,278652,swagzor,45492,NOVA,Nova Esports,1.28,1.4,267.0,249.0,11.0,6.0,7.0,3.0,3.0,0.0,83.0,67.0,162.0,159.0,32.0,31.0,3.0,2.0,1.0,0.0
724648,278652,cb,39697,NOVA,Nova Esports,1.52,0.78,270.0,135.0,13.0,2.0,4.0,3.0,0.0,1.0,83.0,67.0,160.0,106.0,23.0,40.0,3.0,1.0,0.0,0.0
724648,278652,qiutiaN,43007,NOVA,Nova Esports,1.16,1.18,179.0,197.0,8.0,4.0,5.0,3.0,4.0,2.0,83.0,83.0,115.0,124.0,33.0,44.0,0.0,1.0,0.0,2.0
724648,278652,Ezeir,46460,NOVA,Nova Esports,0.86,1.03,183.0,234.0,7.0,6.0,8.0,4.0,7.0,2.0,67.0,67.0,135.0,159.0,29.0,33.0,1.0,0.0,3.0,0.0
724648,278653,Lysoar,37489,XLG,Xi Lai Gaming,1.55,1.04,384.0,215.0,6.0,9.0,3.0,10.0,2.0,1.0,75.0,58.0,197.0,148.0,36.0,32.0,0.0,1.0,1.0,1.0
724648,278653,happywei,37927,XLG,Xi Lai Gaming,0.77,0.98,209.0,254.0,3.0,10.0,3.0,12.0,1.0,3.0,75.0,75.0,150.0,165.0,25.0,48.0,0.0,1.0,1.0,1.0
724648,278653,NoMan,11527,XLG,Xi Lai Gaming,0.9,0.83,229.0,241.0,4.0,9.0,3.0,12.0,0.0,1.0,50.0,58.0,134.0,155.0,20.0,23.0,0.0,2.0,1.0,1.0
724648,278653,Rarga,22047,XLG,Xi Lai Gaming,1.53,0.3,225.0,97.0,3.0,3.0,2.0,11.0,1.0,1.0,50.0,67.0,187.0,63.0,36.0,31.0,1.0,2.0,0.0,1.0
724648,278653,WsLeo,24308,XLG,Xi Lai Gaming,0.01,0.87,33.0,225.0,0.0,8.0,4.0,11.0,0.0,1.0,25.0,58.0,33.0,158.0,0.0,42.0,0.0,1.0,0.0,1.0
724648,278653,Ezeir,46460,NOVA,Nova Esports,1.67,1.89,274.0,418.0,13.0,6.0,6.0,3.0,2.0,1.0,83.0,75.0,188.0,288.0,43.0,33.0,2.0,0.0,0.0,0.0
724648,278653,GuanG,41054,NOVA,Nova Esports,1.23,1.38,245.0,233.0,11.0,3.0,8.0,3.0,2.0,1.0,50.0,75.0,171.0,147.0,45.0,10.0,0.0,3.0,1.0,0.0
724648,278653,swagzor,45492,NOVA,Nova Esports,1.13,1.52,290.0,262.0,13.0,4.0,9.0,3.0,3.0,2.0,75.0,100.0,182.0,206.0,24.0,44.0,1.0,0.0,3.0,0.0
724648,278653,qiutiaN,43007,NOVA,Nova Esports,1.48,0.06,289.0,17.0,13.0,0.0,7.0,3.0,7.0,0.0,92.0,50.0,174.0,18.0,15.0,0.0,1.0,0.0,0.0,0.0
724648,278653,cb,39697,NOVA,Nova Esports,0.48,0.6,161.0,157.0,6.0,2.0,9.0,4.0,3.0,0.0,83.0,25.0,113.0,97.0,19.0,22.0,1.0,0.0,3.0,1.0
724649,278655,slowly,41739,TYL,TYLOO,1.02,1.42,258.0,346.0,11.0,13.0,10.0,6.0,2.0,1.0,58.0,90.0,151.0,210.0,40.0,20.0,3.0,5.0,1.0,1.0
724649,278655,splash,36685,TYL,TYLOO,0.4,1.93,128.0,372.0,5.0,15.0,9.0,5.0,4.0,2.0,67.0,90.0,90.0,229.0,39.0,33.0,0.0,1.0,3.0,1.0
724649,278655,Scales,39485,TYL,TYLOO,1.09,0.7,240.0,115.0,10.0,4.0,9.0,6.0,4.0,5.0,83.0,70.0,163.0,93.0,36.0,11.0,1.0,0.0,1.0,0.0
724649,278655,Erv,55085,TYL,TYLOO,0.9,0.89,151.0,116.0,7.0,4.0,9.0,4.0,7.0,4.0,75.0,80.0,80.0,87.0,22.0,19.0,2.0,0.0,1.0,1.0
724649,278655,SiuFatBB,7849,TYL,TYLOO,0.4,1.32,80.0,234.0,4.0,8.0,9.0,5.0,4.0,5.0,50.0,100.0,60.0,172.0,23.0,32.0,0.0,0.0,0.0,1.0
724649,278655,K1ra,46748,AG,All Gamers,1.59,1.9,290.0,385.0,9.0,17.0,7.0,9.0,2.0,4.0,70.0,83.0,201.0,221.0,28.0,47.0,0.0,2.0,0.0,1.0
724649,278655,iamgrq,58959,AG,All Gamers,0.5,1.44,113.0,247.0,3.0,10.0,9.0,7.0,5.0,6.0,70.0,83.0,67.0,166.0,33.0,31.0,1.0,0.0,1.0,1.0
724649,278655,Shr1mp,25494,AG,All Gamers,0.74,1.04,158.0,136.0,5.0,5.0,9.0,6.0,1.0,3.0,60.0,75.0,112.0,114.0,23.0,11.0,0.0,0.0,0.0,1.0
724649,278655,Bai,52101,AG,All Gamers,0.53,1.03,104.0,128.0,4.0,6.0,9.0,6.0,1.0,3.0,50.0,58.0,81.0,99.0,25.0,47.0,0.0,0.0,1.0,1.0
724649,278655,f4ngeer,21216,AG,All Gamers,0.53,0.87,161.0,190.0,5.0,8.0,10.0,9.0,2.0,2.0,60.0,58.0,106.0,113.0,56.0,10.0,3.0,4.0,4.0,2.0
724649,280619,splash,36685,TYL,TYLOO,1.23,2.04,239.0,399.0,11.0,20.0,10.0,6.0,2.0,5.0,62.0,92.0,152.0,246.0,26.0,27.0,2.0,2.0,1.0,1.0
724649,280619,Erv,55085,TYL,TYLOO,1.15,1.19,198.0,228.0,9.0,11.0,10.0,7.0,4.0,6.0,69.0,85.0,137.0,151.0,28.0,21.0,0.0,1.0,0.0,0.0
724649,280619,slowly,41739,TYL,TYLOO,0.49,1.34,141.0,257.0,6.0,12.0,12.0,7.0,3.0,5.0,54.0,92.0,88.0,160.0,13.0,43.0,3.0,3.0,5.0,3.0
724649,280619,Scales,39485,TYL,TYLOO,0.46,1.29,108.0,236.0,4.0,10.0,11.0,7.0,3.0,8.0,46.0,92.0,75.0,143.0,67.0,19.0,1.0,2.0,1.0,0.0
724649,280619,SiuFatBB,7849,TYL,TYLOO,0.53,0.72,95.0,105.0,5.0,5.0,11.0,8.0,3.0,4.0,46.0,77.0,47.0,77.0,23.0,31.0,0.0,1.0,0.0,0.0
724649,280619,iamgrq,58959,AG,All Gamers,1.31,1.43,200.0,234.0,10.0,9.0,9.0,6.0,2.0,12.0,62.0,92.0,123.0,163.0,22.0,30.0,1.0,1.0,1.0,0.0
724649,280619,Bai,52101,AG,All Gamers,0.91,1.09,175.0,215.0,8.0,10.0,11.0,8.0,2.0,3.0,62.0,69.0,128.0,156.0,25.0,23.0,0.0,1.0,0.0,1.0
724649,280619,Shr1mp,25494,AG,All Gamers,0.58,1.33,145.0,239.0,6.0,11.0,12.0,7.0,4.0,6.0,54.0,77.0,96.0,178.0,25.0,24.0,0.0,2.0,0.0,2.0
724649,280619,f4ngeer,21216,AG,All Gamers,0.17,1.5,110.0,316.0,4.0,14.0,13.0,7.0,2.0,2.0,31.0,85.0,77.0,191.0,18.0,32.0,0.0,2.0,4.0,1.0
724649,280619,K1ra,46748,AG,All Gamers,0.59,1.01,179.0,209.0,7.0,10.0,13.0,7.0,4.0,3.0,62.0,77.0,120.0,140.0,21.0,15.0,3.0,1.0,4.0,2.0
724650,278657,cb,39697,NOVA,Nova Esports,0.61,1.65,189.0,264.0,8.0,8.0,12.0,4.0,4.0,5.0,58.0,100.0,117.0,182.0,17.0,18.0,1.0,0.0,3.0,2.0
724650,278657,swagzor,45492,NOVA,Nova Esports,0.7,1.51,208.0,351.0,8.0,10.0,11.0,6.0,2.0,0.0,50.0,88.0,147.0,212.0,38.0,29.0,0.0,2.0,4.0,0.0
724650,278657,Ezeir,46460,NOVA,Nova Esports,0.56,0.87,112.0,180.0,5.0,5.0,10.0,7.0,3.0,2.0,50.0,75.0,67.0,117.0,44.0,20.0,0.0,2.0,1.0,0.0
724650,278657,GuanG,41054,NOVA,Nova Esports,0.93,0.32,239.0,107.0,9.0,2.0,10.0,8.0,1.0,2.0,67.0,38.0,162.0,102.0,30.0,29.0,1.0,0.0,0.0,0.0
724650,278657,qiutiaN,43007,NOVA,Nova Esports,0.78,0.03,161.0,64.0,6.0,0.0,10.0,7.0,3.0,5.0,50.0,63.0,113.0,58.0,22.0,8.0,0.0,0.0,2.0,2.0
724650,278657,splash,36685,TYL,TYLOO,1.63,1.95,355.0,340.0,9.0,15.0,6.0,6.0,5.0,3.0,88.0,92.0,231.0,199.0,32.0,41.0,2.0,5.0,2.0,0.0
724650,278657,slowly,41739,TYL,TYLOO,1.63,1.69,303.0,320.0,10.0,14.0,5.0,7.0,2.0,2.0,100.0,75.0,185.0,222.0,50.0,23.0,1.0,4.0,1.0,1.0
724650,278657,SiuFatBB,7849,TYL,TYLOO,0.83,1.34,125.0,230.0,4.0,10.0,4.0,6.0,0.0,4.0,75.0,75.0,84.0,169.0,57.0,26.0,0.0,0.0,1.0,0.0
724650,278657,Erv,55085,TYL,TYLOO,1.03,0.76,159.0,144.0,4.0,6.0,4.0,7.0,6.0,4.0,88.0,83.0,112.0,100.0,33.0,43.0,1.0,0.0,0.0,1.0
724650,278657,Scales,39485,TYL,TYLOO,0.88,0.76,151.0,193.0,5.0,8.0,6.0,10.0,1.0,4.0,75.0,67.0,109.0,121.0,33.0,32.0,0.0,1.0,0.0,0.0
724650,278658,cb,39697,NOVA,Nova Esports,1.65,0.94,278.0,215.0,12.0,6.0,5.0,9.0,4.0,6.0,67.0,73.0,161.0,148.0,17.0,8.0,2.0,0.0,0.0,1.0
724650,278658,Ezeir,46460,NOVA,Nova Esports,1.24,1.25,263.0,204.0,9.0,8.0,9.0,8.0,8.0,6.0,92.0,73.0,191.0,149.0,23.0,22.0,2.0,0.0,0.0,0.0
724650,278658,GuanG,41054,NOVA,Nova Esports,1.61,0.51,315.0,133.0,16.0,4.0,6.0,8.0,1.0,3.0,75.0,45.0,194.0,87.0,28.0,12.0,0.0,1.0,1.0,1.0
724650,278658,qiutiaN,43007,NOVA,Nova Esports,0.12,1.3,49.0,281.0,2.0,11.0,10.0,9.0,3.0,4.0,58.0,82.0,32.0,164.0,9.0,17.0,0.0,1.0,4.0,2.0
724650,278658,swagzor,45492,NOVA,Nova Esports,0.54,0.8,132.0,197.0,6.0,7.0,8.0,10.0,0.0,2.0,58.0,64.0,90.0,138.0,63.0,26.0,1.0,3.0,2.0,2.0
724650,278658,splash,36685,TYL,TYLOO,2.0,1.53,328.0,307.0,14.0,12.0,5.0,8.0,3.0,5.0,73.0,67.0,214.0,203.0,36.0,34.0,2.0,2.0,0.0,0.0
724650,278658,Erv,55085,TYL,TYLOO,0.95,0.84,203.0,172.0,7.0,8.0,8.0,9.0,4.0,3.0,73.0,58.0,136.0,121.0,19.0,53.0,0.0,0.0,2.0,1.0
724650,278658,slowly,41739,TYL,TYLOO,0.57,1.15,187.0,231.0,8.0,8.0,9.0,9.0,1.0,1.0,64.0,58.0,108.0,141.0,40.0,24.0,3.0,5.0,3.0,1.0
724650,278658,SiuFatBB,7849,TYL,TYLOO,1.13,0.55,207.0,134.0,9.0,5.0,7.0,10.0,3.0,2.0,55.0,67.0,118.0,89.0,25.0,50.0,0.0,0.0,0.0,2.0
724650,278658,Scales,39485,TYL,TYLOO,0.84,0.75,182.0,126.0,6.0,5.0,7.0,9.0,6.0,1.0,73.0,50.0,120.0,103.0,26.0,50.0,1.0,0.0,0.0,1.0
724651,278660,Knight,4774,BLG,Guangzhou Huadu Bilibili Gaming (Bilibili Gaming),1.68,1.11,288.0,228.0,13.0,10.0,5.0,10.0,5.0,5.0,77.0,69.0,169.0,161.0,43.0,15.0,2.0,0.0,1.0,1.0
724651,278660,FT,64029,BLG,Guangzhou Huadu Bilibili Gaming (Bilibili Gaming),1.0,1.23,188.0,250.0,9.0,11.0,7.0,10.0,2.0,3.0,62.0,62.0,112.0,164.0,37.0,32.0,1.0,1.0,2.0,1.0
724651,278660,whzy,4885,BLG,Guangzhou Huadu Bilibili Gaming (Bilibili Gaming),0.78,1.04,161.0,267.0,9.0,11.0,9.0,11.0,0.0,1.0,69.0,62.0,115.0,159.0,50.0,22.0,1.0,2.0,3.0,4.0
724651,278660,rushia,48878,BLG,Guangzhou Huadu Bilibili Gaming (Bilibili Gaming),0.92,0.51,210.0,86.0,8.0,3.0,9.0,9.0,3.0,1.0,69.0,54.0,136.0,66.0,15.0,5.0,1.0,0.0,1.0,0.0
724651,278660,nephh,10698,BLG,Guangzhou Huadu Bilibili Gaming (Bilibili Gaming),0.5,0.82,80.0,210.0,3.0,8.0,9.0,12.0,3.0,8.0,69.0,77.0,59.0,145.0,45.0,21.0,0.0,1.0,1.0,3.0
724651,278660,slowly,41739,TYL,TYLOO,1.71,1.09,375.0,209.0,18.0,9.0,8.0,9.0,1.0,2.0,69.0,62.0,221.0,131.0,19.0,47.0,5.0,3.0,0.0,3.0
724651,278660,Erv,55085,TYL,TYLOO,0.86,1.2,168.0,198.0,8.0,9.0,8.0,8.0,6.0,3.0,85.0,54.0,101.0,129.0,37.0,38.0,1.0,1.0,0.0,0.0
724651,278660,Scales,39485,TYL,TYLOO,1.01,1.02,161.0,241.0,9.0,10.0,8.0,10.0,6.0,5.0,85.0,54.0,95.0,155.0,26.0,32.0,1.0,2.0,0.0,0.0
724651,278660,splash,36685,TYL,TYLOO,1.0,0.86,221.0,145.0,10.0,8.0,10.0,8.0,5.0,0.0,85.0,62.0,142.0,110.0,28.0,42.0,1.0,2.0,2.0,1.0
724651,278660,SiuFatBB,7849,TYL,TYLOO,0.92,0.75,179.0,75.0,7.0,3.0,9.0,7.0,6.0,3.0,85.0,54.0,117.0,59.0,28.0,23.0,1.0,0.0,2.0,1.0
724651,278661,FT,64029,BLG,Guangzhou Huadu Bilibili Gaming (Bilibili Gaming),1.18,0.95,287.0,227.0,8.0,8.0,6.0,10.0,1.0,1.0,71.0,58.0,185.0,138.0,33.0,45.0,1.0,1.0,0.0,0.0
724651,278661,Knight,4774,BLG,Guangzhou Huadu Bilibili Gaming (Bilibili Gaming),1.58,0.58,237.0,115.0,7.0,5.0,3.0,10.0,1.0,2.0,86.0,42.0,144.0,76.0,40.0,22.0,0.0,1.0,0.0,3.0
724651,278661,whzy,4885,BLG,Guangzhou Huadu Bilibili Gaming (Bilibili Gaming),0.94,0.96,173.0,203.0,4.0,8.0,5.0,10.0,2.0,3.0,71.0,50.0,138.0,149.0,15.0,17.0,1.0,1.0,0.0,2.0
724651,278661,nephh,10698,BLG,Guangzhou Huadu Bilibili Gaming (Bilibili Gaming),1.04,0.51,244.0,141.0,6.0,4.0,6.0,11.0,0.0,3.0,71.0,50.0,167.0,102.0,35.0,32.0,0.0,0.0,0.0,1.0
724651,278661,rushia,48878,BLG,Guangzhou Huadu Bilibili Gaming (Bilibili Gaming),0.01,0.4,17.0,122.0,0.0,4.0,7.0,11.0,1.0,2.0,29.0,42.0,17.0,91.0,0.0,10.0,0.0,0.0,5.0,3.0
724651,278661,splash,36685,TYL,TYLOO,1.95,1.31,414.0,276.0,19.0,6.0,6.0,6.0,2.0,5.0,92.0,86.0,268.0,195.0,49.0,22.0,4.0,2.0,1.0,0.0
724651,278661,Erv,55085,TYL,TYLOO,1.44,1.07,176.0,214.0,8.0,5.0,4.0,6.0,5.0,5.0,92.0,100.0,104.0,147.0,10.0,28.0,0.0,1.0,0.0,0.0
724651,278661,slowly,41739,TYL,TYLOO,0.99,1.5,239.0,280.0,10.0,6.0,8.0,4.0,1.0,4.0,75.0,86.0,162.0,159.0,48.0,33.0,2.0,2.0,1.0,2.0
724651,278661,Scales,39485,TYL,TYLOO,0.93,1.4,175.0,240.0,7.0,7.0,6.0,4.0,2.0,1.0,75.0,86.0,124.0,167.0,20.0,28.0,3.0,0.0,1.0,0.0
724651,278661,SiuFatBB,7849,TYL,TYLOO,1.28,0.8,163.0,147.0,8.0,3.0,5.0,5.0,5.0,5.0,92.0,71.0,106.0,82.0,47.0,38.0,0.0,0.0,0.0,0.0
724651,278662,Knight,4774,BLG,Guangzhou Huadu Bilibili Gaming (Bilibili Gaming),1.29,1.1,243.0,229.0,15.0,12.0,10.0,10.0,9.0,2.0,81.0,75.0,142.0,140.0,29.0,22.0,0.0,2.0,2.0,0.0
724651,278662,rushia,48878,BLG,Guangzhou Huadu Bilibili Gaming (Bilibili Gaming),1.19,1.14,282.0,232.0,16.0,11.0,12.0,13.0,5.0,7.0,75.0,63.0,175.0,163.0,20.0,26.0,4.0,3.0,1.0,1.0
724651,278662,whzy,4885,BLG,Guangzhou Huadu Bilibili Gaming (Bilibili Gaming),0.79,1.04,198.0,224.0,11.0,12.0,11.0,13.0,1.0,6.0,56.0,63.0,130.0,146.0,20.0,25.0,2.0,2.0,3.0,1.0
724651,278662,FT,64029,BLG,Guangzhou Huadu Bilibili Gaming (Bilibili Gaming),0.72,0.68,182.0,162.0,10.0,9.0,12.0,14.0,5.0,2.0,69.0,56.0,101.0,121.0,16.0,29.0,2.0,1.0,2.0,2.0
724651,278662,nephh,10698,BLG,Guangzhou Huadu Bilibili Gaming (Bilibili Gaming),0.77,0.52,184.0,124.0,9.0,6.0,12.0,13.0,8.0,7.0,81.0,44.0,138.0,84.0,17.0,23.0,0.0,0.0,0.0,4.0
724651,278662,Erv,55085,TYL,TYLOO,1.33,1.39,222.0,232.0,14.0,13.0,8.0,11.0,5.0,11.0,75.0,75.0,157.0,153.0,32.0,54.0,0.0,0.0,0.0,0.0
724651,278662,Scales,39485,TYL,TYLOO,1.58,0.97,312.0,234.0,17.0,11.0,9.0,15.0,6.0,4.0,94.0,69.0,224.0,160.0,25.0,21.0,1.0,3.0,2.0,2.0
724651,278662,slowly,41739,TYL,TYLOO,0.95,1.59,212.0,304.0,11.0,17.0,11.0,12.0,5.0,4.0,69.0,81.0,150.0,206.0,21.0,53.0,3.0,4.0,6.0,2.0
724651,278662,splash,36685,TYL,TYLOO,1.15,0.91,242.0,170.0,14.0,10.0,12.0,12.0,2.0,5.0,88.0,69.0,141.0,111.0,21.0,13.0,4.0,0.0,0.0,3.0
724651,278662,SiuFatBB,7849,TYL,TYLOO,0.85,0.7,136.0,106.0,7.0,6.0,10.0,11.0,7.0,7.0,75.0,75.0,95.0,59.0,42.0,22.0,0.0,1.0,0.0,1.0
