match_id,game_id,player,tag,agent,m2k,m3k,m4k,m5k,c1v1,c1v2,c1v3,c1v4,c1v5,econ,plants,defuses,team
706349,275064,kiNgg,LEV,astra,1.0,0.0,0.0,0.0,0.0,0.0,0.0,0.0,0.0,36.0,1.0,1.0,LEVIATÁN
706349,275064,blowz,LEV,sova,3.0,0.0,0.0,0.0,0.0,0.0,0.0,0.0,0.0,58.0,5.0,0.0,LEVIATÁN
706349,275064,Sato,LEV,phoenix,2.0,0.0,1.0,0.0,0.0,0.0,0.0,0.0,0.0,58.0,3.0,0.0,LEVIATÁN
706349,275064,spike,LEV,neon,4.0,1.0,0.0,0.0,0.0,0.0,0.0,0.0,0.0,57.0,0.0,1.0,LEVIATÁN
706349,275064,Neon,LEV,chamber,4.0,1.0,0.0,0.0,0.0,0.0,1.0,0.0,0.0,55.0,1.0,1.0,LEVIATÁN
706349,275064,eeiu,FUR,sova,2.0,2.0,0.0,0.0,0.0,1.0,0.0,0.0,0.0,69.0,3.0,0.0,FURIA
706349,275064,koalanoob,FUR,jett,1.0,1.0,0.0,0.0,0.0,0.0,0.0,0.0,0.0,44.0,1.0,0.0,FURIA
706349,275064,artzin,FUR,phoenix,3.0,0.0,0.0,0.0,0.0,0.0,0.0,0.0,0.0,47.0,0.0,0.0,FURIA
706349,275064,Shyy,FUR,cypher,2.0,0.0,0.0,0.0,0.0,0.0,0.0,0.0,0.0,36.0,0.0,1.0,FURIA
706349,275064,basic,FUR,omen,4.0,0.0,1.0,0.0,1.0,1.0,0.0,0.0,0.0,63.0,4.0,0.0,FURIA
706349,275065,kiNgg,LEV,omen,2.0,0.0,0.0,0.0,0.0,0.0,0.0,0.0,0.0,45.0,0.0,0.0,LEVIATÁN
706349,275065,blowz,LEV,fade,1.0,0.0,0.0,0.0,1.0,0.0,0.0,0.0,0.0,25.0,0.0,0.0,LEVIATÁN
706349,275065,Sato,LEV,phoenix,2.0,0.0,1.0,0.0,0.0,0.0,0.0,0.0,0.0,64.0,1.0,0.0,LEVIATÁN
706349,275065,spike,LEV,neon,1.0,0.0,0.0,0.0,0.0,0.0,0.0,0.0,0.0,43.0,0.0,0.0,LEVIATÁN
706349,275065,Neon,LEV,chamber,3.0,0.0,0.0,0.0,0.0,0.0,0.0,0.0,0.0,52.0,0.0,0.0,LEVIATÁN
706349,275065,eeiu,FUR,sova,2.0,2.0,0.0,0.0,0.0,1.0,1.0,0.0,0.0,54.0,4.0,0.0,FURIA
706349,275065,koalanoob,FUR,raze,0.0,1.0,0.0,0.0,0.0,0.0,0.0,0.0,0.0,60.0,0.0,0.0,FURIA
706349,275065,artzin,FUR,omen,0.0,0.0,0.0,0.0,0.0,0.0,0.0,0.0,0.0,34.0,0.0,0.0,FURIA
706349,275065,Shyy,FUR,cypher,2.0,1.0,0.0,0.0,1.0,0.0,0.0,0.0,0.0,63.0,1.0,1.0,FURIA
706349,275065,basic,FUR,deadlock,6.0,2.0,0.0,0.0,0.0,1.0,0.0,0.0,0.0,88.0,5.0,0.0,FURIA
706349,275066,kiNgg,LEV,viper,3.0,1.0,1.0,0.0,2.0,0.0,0.0,0.0,0.0,91.0,0.0,0.0,LEVIATÁN
706349,275066,blowz,LEV,fade,1.0,0.0,0.0,0.0,0.0,0.0,0.0,0.0,0.0,41.0,5.0,2.0,LEVIATÁN
706349,275066,Sato,LEV,phoenix,4.0,1.0,1.0,0.0,0.0,0.0,0.0,0.0,0.0,62.0,1.0,0.0,LEVIATÁN
706349,275066,spike,LEV,neon,2.0,0.0,0.0,0.0,0.0,0.0,0.0,0.0,0.0,41.0,1.0,1.0,LEVIATÁN
706349,275066,Neon,LEV,omen,3.0,2.0,0.0,0.0,1.0,0.0,0.0,0.0,0.0,72.0,1.0,0.0,LEVIATÁN
706349,275066,eeiu,FUR,skye,1.0,0.0,0.0,0.0,0.0,0.0,0.0,0.0,0.0,31.0,1.0,0.0,FURIA
706349,275066,koalanoob,FUR,jett,3.0,1.0,0.0,0.0,1.0,0.0,0.0,0.0,0.0,62.0,2.0,1.0,FURIA
706349,275066,artzin,FUR,raze,2.0,0.0,0.0,0.0,0.0,0.0,0.0,0.0,0.0,41.0,2.0,0.0,FURIA
706349,275066,Shyy,FUR,viper,3.0,2.0,0.0,0.0,0.0,0.0,0.0,0.0,0.0,75.0,0.0,0.0,FURIA
706349,275066,basic,FUR,omen,0.0,1.0,0.0,0.0,0.0,0.0,0.0,0.0,0.0,38.0,4.0,0.0,FURIA
706350,275067,Marved,SEN,harbor,2.0,0.0,0.0,0.0,0.0,0.0,0.0,0.0,0.0,48.0,2.0,1.0,Sentinels
706350,275067,JonahP,SEN,fade,1.0,2.0,0.0,0.0,0.0,0.0,0.0,0.0,0.0,76.0,3.0,2.0,Sentinels
706350,275067,cortezia,SEN,vyse,4.0,2.0,2.0,0.0,0.0,1.0,0.0,0.0,0.0,86.0,0.0,1.0,Sentinels
706350,275067,Reduxx,SEN,omen,1.0,2.0,0.0,0.0,0.0,0.0,0.0,0.0,0.0,50.0,0.0,0.0,Sentinels
706350,275067,Jerrwin,SEN,waylay,1.0,0.0,0.0,1.0,0.0,0.0,0.0,1.0,0.0,51.0,0.0,1.0,Sentinels
706350,275067,Zellsis,C9,harbor,0.0,0.0,0.0,0.0,0.0,0.0,0.0,0.0,0.0,34.0,3.0,0.0,Cloud9
706350,275067,FireBallOps,C9,cypher,1.0,0.0,0.0,0.0,0.0,0.0,0.0,0.0,0.0,42.0,1.0,0.0,Cloud9
706350,275067,v1c,C9,viper,3.0,0.0,0.0,0.0,1.0,0.0,0.0,0.0,0.0,46.0,2.0,0.0,Cloud9
706350,275067,OXY,C9,raze,3.0,1.0,0.0,0.0,0.0,0.0,0.0,0.0,0.0,48.0,0.0,0.0,Cloud9
706350,275067,Jackk,C9,fade,1.0,0.0,0.0,0.0,1.0,0.0,0.0,0.0,0.0,49.0,3.0,0.0,Cloud9
706350,275068,Marved,SEN,omen,3.0,1.0,0.0,0.0,1.0,0.0,0.0,0.0,0.0,49.0,3.0,0.0,Sentinels
706350,275068,JonahP,SEN,sova,0.0,0.0,0.0,0.0,0.0,0.0,0.0,0.0,0.0,29.0,4.0,1.0,Sentinels
706350,275068,cortezia,SEN,chamber,2.0,0.0,0.0,0.0,0.0,0.0,0.0,0.0,0.0,37.0,0.0,0.0,Sentinels
706350,275068,Reduxx,SEN,jett,2.0,0.0,0.0,0.0,0.0,0.0,0.0,0.0,0.0,59.0,0.0,0.0,Sentinels
706350,275068,Jerrwin,SEN,waylay,2.0,0.0,0.0,0.0,0.0,0.0,0.0,0.0,0.0,36.0,0.0,1.0,Sentinels
706350,275068,Zellsis,C9,cypher,3.0,1.0,0.0,0.0,0.0,0.0,0.0,0.0,0.0,45.0,1.0,0.0,Cloud9
706350,275068,FireBallOps,C9,phoenix,5.0,1.0,0.0,0.0,0.0,0.0,0.0,0.0,0.0,66.0,0.0,0.0,Cloud9
706350,275068,v1c,C9,omen,6.0,0.0,0.0,0.0,0.0,0.0,0.0,0.0,0.0,73.0,3.0,1.0,Cloud9
706350,275068,OXY,C9,waylay,3.0,0.0,0.0,0.0,0.0,0.0,0.0,0.0,0.0,58.0,0.0,0.0,Cloud9
706350,275068,Jackk,C9,fade,0.0,0.0,0.0,0.0,0.0,0.0,0.0,0.0,0.0,27.0,3.0,1.0,Cloud9
706350,275069,Marved,SEN,viper,2.0,1.0,0.0,0.0,1.0,0.0,0.0,0.0,0.0,43.0,2.0,1.0,Sentinels
706350,275069,JonahP,SEN,fade,2.0,2.0,0.0,0.0,0.0,0.0,0.0,0.0,0.0,41.0,5.0,1.0,Sentinels
706350,275069,cortezia,SEN,vyse,5.0,0.0,1.0,0.0,1.0,0.0,0.0,0.0,0.0,51.0,2.0,0.0,Sentinels
706350,275069,Reduxx,SEN,omen,5.0,4.0,0.0,0.0,2.0,1.0,0.0,0.0,0.0,58.0,3.0,0.0,Sentinels
706350,275069,Jerrwin,SEN,raze,1.0,2.0,0.0,0.0,0.0,0.0,0.0,0.0,0.0,40.0,0.0,2.0,Sentinels
706350,275069,Zellsis,C9,vyse,4.0,0.0,0.0,0.0,1.0,0.0,0.0,0.0,0.0,34.0,1.0,2.0,Cloud9
706350,275069,FireBallOps,C9,viper,2.0,0.0,0.0,0.0,1.0,0.0,0.0,0.0,0.0,31.0,0.0,0.0,Cloud9
706350,275069,v1c,C9,omen,5.0,2.0,0.0,0.0,1.0,0.0,0.0,0.0,0.0,47.0,2.0,1.0,Cloud9
706350,275069,OXY,C9,raze,6.0,1.0,1.0,0.0,0.0,1.0,0.0,0.0,0.0,56.0,1.0,0.0,Cloud9
706350,275069,Jackk,C9,fade,5.0,1.0,0.0,0.0,0.0,0.0,0.0,0.0,0.0,40.0,7.0,1.0,Cloud9
706351,275070,Rossy,ENVY,sova,1.0,0.0,0.0,0.0,0.0,0.0,0.0,0.0,0.0,44.0,3.0,0.0,ENVY
706351,275070,keznit,ENVY,jett,1.0,0.0,0.0,0.0,0.0,0.0,0.0,0.0,0.0,29.0,0.0,0.0,ENVY
706351,275070,GLYPH,ENVY,kayo,3.0,0.0,2.0,0.0,0.0,0.0,0.0,0.0,0.0,68.0,1.0,0.0,ENVY
706351,275070,Demon1,ENVY,killjoy,2.0,0.0,0.0,0.0,0.0,0.0,0.0,0.0,0.0,35.0,0.0,0.0,ENVY
706351,275070,nightz,ENVY,omen,2.0,0.0,0.0,0.0,0.0,0.0,0.0,0.0,0.0,54.0,0.0,0.0,ENVY
706351,275070,supamen,EG,omen,0.0,0.0,0.0,0.0,0.0,0.0,0.0,0.0,0.0,24.0,4.0,0.0,Evil Geniuses
706351,275070,Paincakes,EG,sova,1.0,0.0,0.0,0.0,0.0,0.0,0.0,0.0,0.0,43.0,3.0,1.0,Evil Geniuses
706351,275070,dgzin,EG,veto,4.0,1.0,1.0,0.0,0.0,0.0,0.0,0.0,0.0,53.0,0.0,0.0,Evil Geniuses
706351,275070,zerona,EG,yoru,4.0,1.0,1.0,0.0,0.0,0.0,0.0,0.0,0.0,87.0,0.0,1.0,Evil Geniuses
706351,275070,bao,EG,vyse,2.0,1.0,0.0,0.0,3.0,0.0,0.0,0.0,0.0,83.0,2.0,0.0,Evil Geniuses
706351,275071,Rossy,ENVY,sova,4.0,1.0,0.0,0.0,1.0,0.0,0.0,0.0,0.0,49.0,4.0,0.0,ENVY
706351,275071,keznit,ENVY,jett,4.0,0.0,0.0,0.0,0.0,0.0,0.0,0.0,0.0,63.0,0.0,0.0,ENVY
706351,275071,GLYPH,ENVY,astra,5.0,0.0,0.0,0.0,1.0,0.0,0.0,0.0,0.0,39.0,2.0,1.0,ENVY
706351,275071,Demon1,ENVY,phoenix,1.0,0.0,1.0,0.0,0.0,0.0,0.0,0.0,0.0,39.0,1.0,2.0,ENVY
706351,275071,nightz,ENVY,harbor,2.0,0.0,0.0,1.0,1.0,0.0,0.0,0.0,0.0,46.0,2.0,0.0,ENVY
706351,275071,supamen,EG,viper,4.0,0.0,0.0,0.0,0.0,1.0,0.0,0.0,0.0,55.0,0.0,1.0,Evil Geniuses
706351,275071,Paincakes,EG,sova,4.0,1.0,0.0,0.0,0.0,0.0,0.0,0.0,0.0,74.0,9.0,1.0,Evil Geniuses
706351,275071,dgzin,EG,jett,3.0,2.0,0.0,0.0,1.0,0.0,0.0,0.0,0.0,51.0,2.0,0.0,Evil Geniuses
706351,275071,zerona,EG,phoenix,3.0,1.0,0.0,0.0,0.0,0.0,0.0,0.0,0.0,69.0,0.0,0.0,Evil Geniuses
706351,275071,bao,EG,omen,1.0,2.0,0.0,0.0,2.0,0.0,0.0,0.0,0.0,60.0,0.0,1.0,Evil Geniuses
706352,275073,saadhak,KRÜ,omen,1.0,0.0,0.0,0.0,0.0,0.0,0.0,0.0,0.0,56.0,3.0,2.0,KRÜ Esports
706352,275073,mwzera,KRÜ,fade,3.0,1.0,0.0,0.0,0.0,0.0,0.0,0.0,0.0,47.0,5.0,1.0,KRÜ Esports
706352,275073,Less,KRÜ,viper,6.0,3.0,0.0,0.0,1.0,0.0,0.0,0.0,0.0,102.0,0.0,0.0,KRÜ Esports
706352,275073,heat,KRÜ,raze,4.0,1.0,0.0,0.0,0.0,0.0,0.0,0.0,0.0,63.0,2.0,0.0,KRÜ Esports
706352,275073,Dantedeu5,KRÜ,neon,1.0,1.0,0.0,0.0,0.0,0.0,0.0,0.0,0.0,32.0,0.0,0.0,KRÜ Esports
706352,275073,Darker,LOUD,vyse,3.0,1.0,0.0,0.0,0.0,0.0,0.0,0.0,0.0,56.0,0.0,0.0,LOUD
706352,275073,DaviH,LOUD,fade,1.0,0.0,0.0,0.0,0.0,0.0,0.0,0.0,0.0,28.0,5.0,1.0,LOUD
706352,275073,lukxo,LOUD,viper,2.0,1.0,1.0,0.0,0.0,0.0,0.0,0.0,0.0,53.0,0.0,1.0,LOUD
706352,275073,erde,LOUD,omen,1.0,0.0,0.0,0.0,0.0,0.0,0.0,0.0,0.0,33.0,3.0,0.0,LOUD
706352,275073,tkzin,LOUD,raze,2.0,0.0,1.0,0.0,1.0,0.0,0.0,0.0,0.0,54.0,2.0,0.0,LOUD
706352,275074,saadhak,KRÜ,astra,3.0,0.0,1.0,0.0,0.0,1.0,0.0,0.0,0.0,40.0,4.0,2.0,KRÜ Esports
706352,275074,mwzera,KRÜ,sova,4.0,2.0,0.0,0.0,0.0,0.0,1.0,0.0,0.0,43.0,6.0,1.0,KRÜ Esports
706352,275074,Less,KRÜ,viper,4.0,0.0,0.0,0.0,1.0,0.0,0.0,0.0,0.0,41.0,0.0,0.0,KRÜ Esports
706352,275074,heat,KRÜ,jett,3.0,2.0,0.0,0.0,0.0,1.0,0.0,0.0,0.0,41.0,0.0,1.0,KRÜ Esports
706352,275074,Dantedeu5,KRÜ,neon,2.0,1.0,1.0,1.0,0.0,0.0,0.0,0.0,0.0,47.0,0.0,2.0,KRÜ Esports
706352,275074,Darker,LOUD,cypher,3.0,3.0,0.0,0.0,2.0,0.0,0.0,0.0,0.0,52.0,3.0,1.0,LOUD
706352,275074,DaviH,LOUD,sova,4.0,0.0,1.0,0.0,1.0,1.0,1.0,0.0,0.0,44.0,8.0,2.0,LOUD
706352,275074,lukxo,LOUD,harbor,3.0,3.0,0.0,0.0,0.0,0.0,0.0,0.0,0.0,45.0,0.0,0.0,LOUD
706352,275074,erde,LOUD,astra,4.0,0.0,0.0,0.0,0.0,0.0,0.0,0.0,0.0,31.0,1.0,0.0,LOUD
706352,275074,tkzin,LOUD,jett,4.0,0.0,1.0,0.0,0.0,0.0,0.0,0.0,0.0,46.0,0.0,1.0,LOUD
706352,275075,saadhak,KRÜ,omen,2.0,0.0,0.0,0.0,0.0,1.0,0.0,0.0,0.0,44.0,0.0,0.0,KRÜ Esports
706352,275075,mwzera,KRÜ,sova,0.0,1.0,1.0,0.0,0.0,0.0,0.0,0.0,0.0,47.0,0.0,0.0,KRÜ Esports
706352,275075,Less,KRÜ,sage,0.0,0.0,0.0,0.0,0.0,0.0,0.0,0.0,0.0,23.0,0.0,0.0,KRÜ Esports
706352,275075,heat,KRÜ,raze,2.0,0.0,0.0,0.0,0.0,0.0,0.0,0.0,0.0,51.0,0.0,1.0,KRÜ Esports
706352,275075,Dantedeu5,KRÜ,neon,2.0,0.0,0.0,0.0,0.0,0.0,0.0,0.0,0.0,41.0,0.0,0.0,KRÜ Esports
706352,275075,Darker,LOUD,omen,3.0,0.0,1.0,0.0,0.0,0.0,0.0,0.0,0.0,86.0,5.0,0.0,LOUD
706352,275075,DaviH,LOUD,sova,2.0,1.0,0.0,0.0,0.0,0.0,0.0,0.0,0.0,47.0,2.0,0.0,LOUD
706352,275075,lukxo,LOUD,chamber,6.0,0.0,1.0,0.0,0.0,0.0,0.0,0.0,0.0,75.0,0.0,0.0,LOUD
706352,275075,erde,LOUD,sage,1.0,0.0,1.0,0.0,0.0,0.0,0.0,0.0,0.0,43.0,2.0,0.0,LOUD
706352,275075,tkzin,LOUD,neon,1.0,4.0,0.0,0.0,0.0,0.0,0.0,0.0,0.0,68.0,0.0,0.0,LOUD
706353,275076,BABYBAY,G2,neon,1.0,0.0,0.0,0.0,0.0,0.0,0.0,0.0,0.0,39.0,0.0,0.0,G2 Esports
706353,275076,valyn,G2,astra,1.0,0.0,0.0,0.0,0.0,0.0,0.0,0.0,0.0,33.0,0.0,0.0,G2 Esports
706353,275076,jawgemo,G2,kayo,3.0,0.0,0.0,0.0,0.0,0.0,0.0,0.0,0.0,48.0,3.0,0.0,G2 Esports
706353,275076,leaf,G2,viper,2.0,0.0,0.0,0.0,0.0,0.0,0.0,0.0,0.0,36.0,0.0,0.0,G2 Esports
706353,275076,trent,G2,sova,1.0,2.0,0.0,0.0,0.0,0.0,0.0,0.0,0.0,40.0,0.0,0.0,G2 Esports
706353,275076,Asuna,100T,phoenix,4.0,0.0,0.0,0.0,0.0,0.0,0.0,0.0,0.0,78.0,4.0,1.0,100 Thieves
706353,275076,bang,100T,harbor,2.0,1.0,0.0,0.0,1.0,0.0,0.0,0.0,0.0,98.0,1.0,0.0,100 Thieves
706353,275076,Cryocells,100T,cypher,3.0,2.0,0.0,0.0,1.0,0.0,0.0,0.0,0.0,81.0,1.0,0.0,100 Thieves
706353,275076,vora,100T,sova,2.0,0.0,0.0,0.0,0.0,0.0,0.0,0.0,0.0,54.0,3.0,0.0,100 Thieves
706353,275076,Timotino,100T,neon,3.0,2.0,0.0,0.0,0.0,0.0,0.0,0.0,0.0,67.0,0.0,0.0,100 Thieves
706353,275077,BABYBAY,G2,chamber,3.0,1.0,1.0,0.0,0.0,0.0,0.0,0.0,0.0,53.0,0.0,0.0,G2 Esports
706353,275077,valyn,G2,omen,4.0,0.0,1.0,0.0,0.0,0.0,1.0,0.0,0.0,45.0,1.0,2.0,G2 Esports
706353,275077,jawgemo,G2,neon,5.0,2.0,1.0,0.0,0.0,0.0,0.0,0.0,0.0,63.0,0.0,0.0,G2 Esports
706353,275077,leaf,G2,sage,2.0,0.0,0.0,1.0,0.0,0.0,0.0,0.0,0.0,47.0,1.0,0.0,G2 Esports
706353,275077,trent,G2,skye,2.0,1.0,0.0,0.0,0.0,0.0,0.0,0.0,0.0,41.0,7.0,1.0,G2 Esports
706353,275077,Asuna,100T,phoenix,4.0,0.0,1.0,0.0,1.0,0.0,0.0,0.0,0.0,58.0,1.0,0.0,100 Thieves
706353,275077,bang,100T,omen,2.0,1.0,0.0,0.0,1.0,0.0,0.0,0.0,0.0,29.0,0.0,0.0,100 Thieves
706353,275077,Cryocells,100T,cypher,2.0,2.0,0.0,0.0,0.0,0.0,0.0,0.0,0.0,27.0,1.0,0.0,100 Thieves
706353,275077,vora,100T,sova,2.0,0.0,0.0,1.0,0.0,0.0,0.0,0.0,0.0,45.0,6.0,0.0,100 Thieves
706353,275077,Timotino,100T,neon,1.0,3.0,0.0,1.0,0.0,0.0,0.0,0.0,0.0,51.0,2.0,1.0,100 Thieves
706353,275078,BABYBAY,G2,neon,4.0,0.0,0.0,0.0,0.0,0.0,0.0,0.0,0.0,56.0,2.0,1.0,G2 Esports
706353,275078,valyn,G2,omen,2.0,1.0,1.0,0.0,1.0,0.0,0.0,0.0,0.0,58.0,0.0,0.0,G2 Esports
706353,275078,jawgemo,G2,phoenix,2.0,0.0,1.0,0.0,1.0,0.0,0.0,0.0,0.0,73.0,2.0,0.0,G2 Esports
706353,275078,leaf,G2,cypher,4.0,0.0,1.0,0.0,0.0,0.0,0.0,0.0,0.0,56.0,0.0,0.0,G2 Esports
706353,275078,trent,G2,sova,1.0,0.0,0.0,0.0,0.0,0.0,0.0,0.0,0.0,47.0,3.0,0.0,G2 Esports
706353,275078,Asuna,100T,phoenix,6.0,1.0,0.0,0.0,0.0,0.0,0.0,0.0,0.0,62.0,3.0,1.0,100 Thieves
706353,275078,bang,100T,omen,4.0,1.0,0.0,0.0,0.0,0.0,0.0,0.0,0.0,48.0,2.0,0.0,100 Thieves
706353,275078,Cryocells,100T,cypher,3.0,0.0,0.0,0.0,0.0,0.0,0.0,0.0,0.0,52.0,0.0,0.0,100 Thieves
706353,275078,vora,100T,sova,5.0,1.0,0.0,0.0,0.0,1.0,0.0,0.0,0.0,60.0,4.0,0.0,100 Thieves
706353,275078,Timotino,100T,neon,2.0,1.0,0.0,0.0,0.0,0.0,0.0,0.0,0.0,38.0,0.0,0.0,100 Thieves
706354,275079,brawk,NRG,sova,1.0,1.0,0.0,0.0,0.0,0.0,0.0,0.0,0.0,54.0,4.0,0.0,NRG
706354,275079,mada,NRG,neon,1.0,2.0,1.0,0.0,0.0,0.0,0.0,0.0,0.0,51.0,1.0,0.0,NRG
706354,275079,skuba,NRG,omen,0.0,2.0,0.0,0.0,1.0,0.0,0.0,0.0,0.0,42.0,3.0,0.0,NRG
706354,275079,Ethan,NRG,phoenix,1.0,0.0,0.0,0.0,0.0,0.0,0.0,0.0,0.0,42.0,1.0,0.0,NRG
706354,275079,keiko,NRG,cypher,5.0,0.0,0.0,0.0,0.0,0.0,0.0,0.0,0.0,40.0,0.0,0.0,NRG
706354,275079,tex,MIBR,cypher,3.0,0.0,0.0,0.0,1.0,0.0,0.0,0.0,0.0,69.0,0.0,0.0,MIBR
706354,275079,zekken,MIBR,phoenix,4.0,0.0,0.0,0.0,0.0,1.0,0.0,0.0,0.0,46.0,1.0,1.0,MIBR
706354,275079,Mazino,MIBR,omen,5.0,0.0,0.0,0.0,0.0,0.0,0.0,0.0,0.0,55.0,3.0,0.0,MIBR
706354,275079,aspas,MIBR,neon,5.0,1.0,1.0,0.0,0.0,0.0,0.0,0.0,0.0,75.0,0.0,0.0,MIBR
706354,275079,Verno,MIBR,sova,3.0,0.0,0.0,0.0,0.0,0.0,0.0,0.0,0.0,65.0,5.0,2.0,MIBR
706354,275080,brawk,NRG,sova,1.0,1.0,0.0,0.0,0.0,1.0,0.0,0.0,0.0,34.0,2.0,0.0,NRG
706354,275080,mada,NRG,harbor,5.0,1.0,0.0,0.0,0.0,1.0,0.0,0.0,0.0,48.0,4.0,0.0,NRG
706354,275080,skuba,NRG,viper,3.0,0.0,1.0,0.0,1.0,0.0,0.0,0.0,0.0,67.0,2.0,0.0,NRG
706354,275080,Ethan,NRG,kayo,3.0,0.0,0.0,0.0,0.0,0.0,0.0,0.0,0.0,49.0,4.0,0.0,NRG
706354,275080,keiko,NRG,jett,4.0,1.0,1.0,0.0,0.0,1.0,0.0,0.0,0.0,66.0,0.0,0.0,NRG
706354,275080,tex,MIBR,cypher,5.0,0.0,0.0,0.0,0.0,1.0,0.0,0.0,0.0,50.0,1.0,0.0,MIBR
706354,275080,zekken,MIBR,phoenix,6.0,0.0,0.0,0.0,0.0,0.0,0.0,0.0,0.0,58.0,2.0,0.0,MIBR
706354,275080,Mazino,MIBR,harbor,0.0,0.0,0.0,0.0,0.0,0.0,0.0,0.0,0.0,33.0,7.0,1.0,MIBR
706354,275080,aspas,MIBR,neon,3.0,2.0,1.0,0.0,0.0,0.0,0.0,0.0,0.0,61.0,0.0,0.0,MIBR
706354,275080,Verno,MIBR,sova,2.0,1.0,0.0,0.0,0.0,0.0,0.0,0.0,0.0,49.0,0.0,0.0,MIBR
706354,275081,brawk,NRG,sova,3.0,0.0,0.0,0.0,0.0,0.0,0.0,0.0,0.0,68.0,1.0,1.0,NRG
706354,275081,mada,NRG,neon,4.0,0.0,0.0,0.0,0.0,0.0,0.0,0.0,0.0,64.0,0.0,0.0,NRG
706354,275081,skuba,NRG,cypher,1.0,2.0,0.0,0.0,1.0,0.0,0.0,0.0,0.0,66.0,1.0,0.0,NRG
706354,275081,Ethan,NRG,kayo,3.0,3.0,0.0,0.0,1.0,0.0,0.0,0.0,0.0,87.0,0.0,1.0,NRG
706354,275081,keiko,NRG,brimstone,2.0,1.0,0.0,0.0,0.0,0.0,0.0,0.0,0.0,67.0,1.0,0.0,NRG
706354,275081,tex,MIBR,cypher,1.0,0.0,0.0,0.0,1.0,0.0,0.0,0.0,0.0,28.0,0.0,1.0,MIBR
706354,275081,zekken,MIBR,phoenix,2.0,1.0,0.0,0.0,0.0,0.0,0.0,0.0,0.0,43.0,0.0,0.0,MIBR
706354,275081,Mazino,MIBR,omen,0.0,0.0,0.0,0.0,0.0,0.0,0.0,0.0,0.0,32.0,1.0,0.0,MIBR
706354,275081,aspas,MIBR,neon,1.0,1.0,0.0,0.0,0.0,0.0,0.0,0.0,0.0,37.0,0.0,0.0,MIBR
706354,275081,Verno,MIBR,sova,2.0,1.0,0.0,0.0,0.0,0.0,1.0,0.0,0.0,53.0,3.0,0.0,MIBR
706355,275082,supamen,EG,viper,5.0,1.0,0.0,0.0,0.0,1.0,0.0,0.0,0.0,77.0,2.0,0.0,Evil Geniuses
706355,275082,Paincakes,EG,fade,1.0,0.0,0.0,0.0,0.0,0.0,0.0,0.0,0.0,22.0,2.0,0.0,Evil Geniuses
706355,275082,dgzin,EG,neon,2.0,1.0,1.0,0.0,0.0,0.0,0.0,0.0,0.0,45.0,0.0,0.0,Evil Geniuses
706355,275082,zerona,EG,phoenix,3.0,0.0,0.0,0.0,0.0,0.0,0.0,0.0,0.0,47.0,0.0,0.0,Evil Geniuses
706355,275082,bao,EG,omen,2.0,0.0,0.0,0.0,1.0,0.0,0.0,0.0,0.0,26.0,2.0,0.0,Evil Geniuses
706355,275082,kiNgg,LEV,viper,0.0,2.0,0.0,0.0,1.0,0.0,0.0,0.0,0.0,76.0,0.0,0.0,LEVIATÁN
706355,275082,blowz,LEV,fade,2.0,2.0,0.0,0.0,0.0,0.0,0.0,0.0,0.0,53.0,3.0,1.0,LEVIATÁN
706355,275082,Sato,LEV,phoenix,3.0,1.0,1.0,0.0,1.0,0.0,0.0,0.0,0.0,78.0,1.0,1.0,LEVIATÁN
706355,275082,spike,LEV,neon,0.0,3.0,0.0,0.0,0.0,0.0,0.0,0.0,0.0,68.0,0.0,0.0,LEVIATÁN
706355,275082,Neon,LEV,omen,2.0,0.0,0.0,0.0,1.0,0.0,0.0,0.0,0.0,37.0,0.0,0.0,LEVIATÁN
706355,275083,supamen,EG,omen,1.0,0.0,0.0,0.0,0.0,0.0,0.0,0.0,0.0,34.0,0.0,0.0,Evil Geniuses
706355,275083,Paincakes,EG,sova,0.0,1.0,0.0,0.0,1.0,0.0,0.0,0.0,0.0,44.0,2.0,0.0,Evil Geniuses
706355,275083,dgzin,EG,neon,2.0,2.0,0.0,0.0,1.0,0.0,0.0,0.0,0.0,53.0,0.0,0.0,Evil Geniuses
706355,275083,zerona,EG,viper,0.0,0.0,0.0,0.0,0.0,0.0,0.0,0.0,0.0,40.0,3.0,0.0,Evil Geniuses
706355,275083,bao,EG,cypher,3.0,0.0,0.0,0.0,0.0,0.0,0.0,0.0,0.0,49.0,1.0,0.0,Evil Geniuses
706355,275083,kiNgg,LEV,omen,6.0,1.0,0.0,0.0,0.0,0.0,0.0,0.0,0.0,91.0,0.0,0.0,LEVIATÁN
706355,275083,blowz,LEV,fade,7.0,0.0,0.0,0.0,1.0,0.0,0.0,0.0,0.0,68.0,5.0,0.0,LEVIATÁN
706355,275083,Sato,LEV,phoenix,4.0,0.0,0.0,0.0,0.0,0.0,0.0,0.0,0.0,45.0,1.0,1.0,LEVIATÁN
706355,275083,spike,LEV,neon,1.0,1.0,0.0,0.0,0.0,0.0,0.0,0.0,0.0,54.0,0.0,0.0,LEVIATÁN
706355,275083,Neon,LEV,chamber,4.0,1.0,0.0,0.0,0.0,0.0,0.0,0.0,0.0,71.0,0.0,0.0,LEVIATÁN
706356,275085,Rossy,ENVY,astra,5.0,0.0,0.0,1.0,0.0,1.0,0.0,0.0,0.0,64.0,0.0,0.0,ENVY
706356,275085,keznit,ENVY,neon,1.0,0.0,0.0,0.0,0.0,0.0,0.0,0.0,0.0,30.0,0.0,0.0,ENVY
706356,275085,GLYPH,ENVY,sova,2.0,0.0,0.0,0.0,0.0,0.0,0.0,0.0,0.0,48.0,1.0,0.0,ENVY
706356,275085,Demon1,ENVY,chamber,3.0,0.0,0.0,0.0,0.0,0.0,0.0,0.0,0.0,44.0,0.0,0.0,ENVY
706356,275085,nightz,ENVY,phoenix,1.0,0.0,0.0,0.0,0.0,0.0,0.0,0.0,0.0,37.0,1.0,0.0,ENVY
706356,275085,tex,MIBR,cypher,0.0,1.0,0.0,0.0,0.0,0.0,0.0,0.0,0.0,49.0,1.0,0.0,MIBR
706356,275085,zekken,MIBR,phoenix,3.0,1.0,1.0,0.0,0.0,0.0,0.0,0.0,0.0,74.0,1.0,0.0,MIBR
706356,275085,Mazino,MIBR,omen,5.0,0.0,1.0,0.0,0.0,0.0,0.0,0.0,0.0,123.0,4.0,0.0,MIBR
706356,275085,aspas,MIBR,neon,4.0,0.0,0.0,0.0,0.0,0.0,0.0,0.0,0.0,46.0,0.0,0.0,MIBR
706356,275085,Verno,MIBR,sova,3.0,0.0,0.0,0.0,0.0,0.0,0.0,0.0,0.0,65.0,4.0,0.0,MIBR
706356,275086,Rossy,ENVY,sage,0.0,2.0,0.0,0.0,0.0,0.0,0.0,0.0,0.0,34.0,4.0,0.0,ENVY
706356,275086,keznit,ENVY,neon,0.0,0.0,0.0,0.0,0.0,0.0,0.0,0.0,0.0,26.0,0.0,0.0,ENVY
706356,275086,GLYPH,ENVY,fade,1.0,0.0,0.0,0.0,0.0,0.0,0.0,0.0,0.0,32.0,0.0,0.0,ENVY
706356,275086,Demon1,ENVY,chamber,1.0,1.0,0.0,0.0,1.0,0.0,0.0,0.0,0.0,52.0,0.0,0.0,ENVY
706356,275086,nightz,ENVY,omen,1.0,1.0,0.0,0.0,0.0,0.0,0.0,0.0,0.0,43.0,0.0,0.0,ENVY
706356,275086,tex,MIBR,cypher,1.0,2.0,0.0,0.0,0.0,0.0,0.0,0.0,0.0,73.0,0.0,0.0,MIBR
706356,275086,zekken,MIBR,phoenix,2.0,1.0,0.0,0.0,0.0,0.0,0.0,0.0,0.0,75.0,0.0,0.0,MIBR
706356,275086,Mazino,MIBR,omen,1.0,2.0,0.0,0.0,0.0,0.0,1.0,0.0,0.0,83.0,1.0,1.0,MIBR
706356,275086,aspas,MIBR,neon,3.0,3.0,0.0,0.0,0.0,0.0,0.0,0.0,0.0,58.0,0.0,1.0,MIBR
706356,275086,Verno,MIBR,sova,5.0,0.0,1.0,0.0,0.0,1.0,0.0,0.0,0.0,109.0,1.0,1.0,MIBR
706357,275088,C0M,FUR,sova,2.0,0.0,1.0,0.0,3.0,0.0,0.0,0.0,0.0,45.0,4.0,1.0,FURIA
706357,275088,koalanoob,FUR,jett,2.0,2.0,0.0,0.0,0.0,0.0,0.0,0.0,0.0,48.0,0.0,0.0,FURIA
706357,275088,artzin,FUR,kayo,4.0,0.0,0.0,0.0,0.0,0.0,0.0,0.0,0.0,37.0,0.0,1.0,FURIA
706357,275088,Shyy,FUR,viper,2.0,1.0,0.0,0.0,0.0,0.0,0.0,0.0,0.0,41.0,0.0,0.0,FURIA
706357,275088,basic,FUR,harbor,3.0,0.0,0.0,0.0,0.0,0.0,0.0,0.0,0.0,39.0,6.0,0.0,FURIA
706357,275088,brawk,NRG,sova,3.0,2.0,0.0,0.0,0.0,1.0,0.0,0.0,0.0,57.0,3.0,0.0,NRG
706357,275088,mada,NRG,harbor,3.0,2.0,0.0,0.0,0.0,0.0,0.0,0.0,0.0,55.0,3.0,0.0,NRG
706357,275088,skuba,NRG,viper,4.0,0.0,0.0,0.0,0.0,0.0,0.0,0.0,0.0,40.0,2.0,0.0,NRG
706357,275088,Ethan,NRG,kayo,4.0,1.0,0.0,0.0,0.0,0.0,0.0,0.0,0.0,44.0,3.0,2.0,NRG
706357,275088,keiko,NRG,jett,4.0,0.0,2.0,0.0,0.0,0.0,0.0,0.0,0.0,45.0,0.0,0.0,NRG
706357,275089,C0M,FUR,sova,1.0,0.0,0.0,0.0,0.0,0.0,0.0,0.0,0.0,32.0,4.0,0.0,FURIA
706357,275089,koalanoob,FUR,waylay,1.0,0.0,1.0,0.0,0.0,0.0,0.0,0.0,0.0,30.0,0.0,0.0,FURIA
706357,275089,artzin,FUR,omen,4.0,0.0,0.0,0.0,0.0,0.0,0.0,0.0,0.0,51.0,2.0,1.0,FURIA
706357,275089,Shyy,FUR,chamber,4.0,0.0,0.0,0.0,0.0,0.0,0.0,0.0,0.0,66.0,0.0,0.0,FURIA
706357,275089,basic,FUR,kayo,2.0,0.0,0.0,0.0,1.0,0.0,0.0,0.0,0.0,39.0,1.0,1.0,FURIA
706357,275089,brawk,NRG,sova,1.0,1.0,1.0,0.0,0.0,0.0,0.0,0.0,0.0,66.0,1.0,0.0,NRG
706357,275089,mada,NRG,neon,5.0,1.0,0.0,0.0,1.0,0.0,0.0,0.0,0.0,61.0,0.0,4.0,NRG
706357,275089,skuba,NRG,cypher,5.0,0.0,0.0,0.0,0.0,0.0,0.0,0.0,0.0,48.0,0.0,0.0,NRG
706357,275089,Ethan,NRG,kayo,5.0,0.0,0.0,0.0,1.0,0.0,0.0,0.0,0.0,53.0,2.0,1.0,NRG
706357,275089,keiko,NRG,brimstone,2.0,1.0,0.0,0.0,0.0,0.0,0.0,0.0,0.0,37.0,2.0,1.0,NRG
706358,275091,Asuna,100T,phoenix,4.0,1.0,0.0,0.0,0.0,0.0,0.0,0.0,0.0,106.0,0.0,0.0,100 Thieves
706358,275091,bang,100T,omen,2.0,0.0,0.0,0.0,2.0,0.0,0.0,0.0,0.0,43.0,0.0,1.0,100 Thieves
706358,275091,Cryocells,100T,viper,5.0,2.0,0.0,0.0,0.0,0.0,0.0,0.0,0.0,81.0,0.0,0.0,100 Thieves
706358,275091,vora,100T,fade,2.0,1.0,0.0,0.0,0.0,1.0,0.0,0.0,0.0,81.0,1.0,0.0,100 Thieves
706358,275091,Timotino,100T,neon,4.0,1.0,0.0,0.0,0.0,0.0,0.0,0.0,0.0,162.0,0.0,0.0,100 Thieves
706358,275091,saadhak,KRÜ,omen,0.0,0.0,0.0,0.0,0.0,0.0,0.0,0.0,0.0,18.0,0.0,0.0,KRÜ Esports
706358,275091,mwzera,KRÜ,fade,1.0,1.0,0.0,0.0,0.0,0.0,0.0,0.0,0.0,51.0,1.0,0.0,KRÜ Esports
706358,275091,Less,KRÜ,viper,1.0,0.0,0.0,0.0,0.0,0.0,0.0,0.0,0.0,34.0,0.0,0.0,KRÜ Esports
706358,275091,heat,KRÜ,raze,0.0,0.0,0.0,0.0,0.0,0.0,0.0,0.0,0.0,22.0,0.0,0.0,KRÜ Esports
706358,275091,Dantedeu5,KRÜ,waylay,2.0,0.0,0.0,0.0,0.0,0.0,0.0,0.0,0.0,32.0,0.0,0.0,KRÜ Esports
706358,275092,Asuna,100T,phoenix,2.0,1.0,1.0,0.0,0.0,0.0,0.0,0.0,0.0,66.0,2.0,0.0,100 Thieves
706358,275092,bang,100T,omen,3.0,0.0,0.0,0.0,0.0,0.0,0.0,0.0,0.0,46.0,1.0,0.0,100 Thieves
706358,275092,Cryocells,100T,cypher,3.0,1.0,0.0,0.0,0.0,0.0,0.0,0.0,0.0,56.0,2.0,0.0,100 Thieves
706358,275092,vora,100T,sova,3.0,1.0,0.0,0.0,0.0,0.0,0.0,0.0,0.0,57.0,3.0,1.0,100 Thieves
706358,275092,Timotino,100T,jett,4.0,2.0,0.0,0.0,0.0,0.0,0.0,0.0,0.0,78.0,0.0,0.0,100 Thieves
706358,275092,saadhak,KRÜ,omen,1.0,0.0,0.0,0.0,0.0,1.0,0.0,0.0,0.0,33.0,2.0,0.0,KRÜ Esports
706358,275092,mwzera,KRÜ,sova,1.0,1.0,0.0,0.0,0.0,0.0,1.0,0.0,0.0,45.0,2.0,0.0,KRÜ Esports
706358,275092,Less,KRÜ,cypher,3.0,0.0,1.0,0.0,0.0,0.0,0.0,0.0,0.0,43.0,0.0,0.0,KRÜ Esports
706358,275092,heat,KRÜ,jett,6.0,1.0,1.0,0.0,0.0,1.0,0.0,0.0,0.0,67.0,0.0,2.0,KRÜ Esports
706358,275092,Dantedeu5,KRÜ,phoenix,4.0,0.0,0.0,0.0,0.0,0.0,0.0,0.0,0.0,37.0,1.0,0.0,KRÜ Esports
706359,275094,BABYBAY,G2,chamber,3.0,0.0,0.0,0.0,0.0,0.0,0.0,0.0,0.0,53.0,0.0,1.0,G2 Esports
706359,275094,valyn,G2,astra,3.0,1.0,1.0,0.0,0.0,0.0,0.0,0.0,0.0,69.0,0.0,0.0,G2 Esports
706359,275094,jawgemo,G2,neon,3.0,1.0,0.0,0.0,0.0,0.0,0.0,0.0,0.0,58.0,0.0,0.0,G2 Esports
706359,275094,leaf,G2,viper,1.0,0.0,1.0,0.0,0.0,1.0,0.0,0.0,0.0,87.0,0.0,2.0,G2 Esports
706359,275094,trent,G2,sova,2.0,1.0,0.0,0.0,0.0,0.0,0.0,0.0,0.0,73.0,2.0,3.0,G2 Esports
706359,275094,Zellsis,C9,kayo,2.0,1.0,0.0,0.0,0.0,0.0,0.0,0.0,0.0,43.0,3.0,0.0,Cloud9
706359,275094,FireBallOps,C9,viper,0.0,0.0,0.0,0.0,0.0,0.0,0.0,0.0,0.0,33.0,1.0,0.0,Cloud9
706359,275094,v1c,C9,harbor,0.0,0.0,0.0,0.0,0.0,0.0,0.0,0.0,0.0,26.0,0.0,0.0,Cloud9
706359,275094,OXY,C9,jett,1.0,1.0,0.0,0.0,0.0,0.0,0.0,0.0,0.0,39.0,0.0,0.0,Cloud9
706359,275094,Jackk,C9,sova,0.0,0.0,0.0,0.0,0.0,0.0,0.0,0.0,0.0,47.0,2.0,0.0,Cloud9
706359,275095,BABYBAY,G2,chamber,4.0,1.0,0.0,0.0,0.0,0.0,0.0,0.0,0.0,64.0,1.0,1.0,G2 Esports
706359,275095,valyn,G2,omen,4.0,1.0,0.0,0.0,1.0,0.0,0.0,0.0,0.0,42.0,3.0,0.0,G2 Esports
706359,275095,jawgemo,G2,neon,4.0,2.0,0.0,0.0,0.0,0.0,0.0,0.0,0.0,57.0,0.0,1.0,G2 Esports
706359,275095,leaf,G2,sage,0.0,1.0,0.0,0.0,0.0,0.0,0.0,0.0,0.0,33.0,1.0,1.0,G2 Esports
706359,275095,trent,G2,skye,3.0,1.0,0.0,0.0,0.0,0.0,0.0,0.0,0.0,56.0,6.0,0.0,G2 Esports
706359,275095,Zellsis,C9,sage,1.0,0.0,0.0,0.0,0.0,0.0,0.0,0.0,0.0,31.0,3.0,1.0,Cloud9
706359,275095,FireBallOps,C9,cypher,1.0,0.0,1.0,0.0,0.0,0.0,0.0,0.0,0.0,44.0,0.0,0.0,Cloud9
706359,275095,v1c,C9,omen,3.0,1.0,0.0,1.0,1.0,0.0,0.0,0.0,0.0,79.0,0.0,1.0,Cloud9
706359,275095,OXY,C9,neon,3.0,2.0,0.0,0.0,0.0,0.0,0.0,0.0,0.0,83.0,0.0,1.0,Cloud9
706359,275095,Jackk,C9,fade,2.0,0.0,0.0,0.0,0.0,0.0,0.0,0.0,0.0,37.0,1.0,1.0,Cloud9
706360,275097,johnqt,SEN,viper,6.0,1.0,0.0,0.0,0.0,0.0,0.0,0.0,0.0,83.0,2.0,1.0,Sentinels
706360,275097,JonahP,SEN,fade,3.0,1.0,0.0,0.0,1.0,0.0,0.0,0.0,0.0,55.0,5.0,2.0,Sentinels
706360,275097,cortezia,SEN,vyse,2.0,1.0,0.0,0.0,2.0,0.0,0.0,0.0,0.0,48.0,1.0,0.0,Sentinels
706360,275097,Reduxx,SEN,omen,3.0,1.0,0.0,0.0,0.0,0.0,0.0,0.0,0.0,56.0,1.0,0.0,Sentinels
706360,275097,Jerrwin,SEN,raze,2.0,0.0,0.0,0.0,0.0,0.0,0.0,0.0,0.0,49.0,1.0,0.0,Sentinels
706360,275097,Darker,LOUD,vyse,1.0,1.0,0.0,0.0,1.0,0.0,0.0,0.0,0.0,48.0,0.0,2.0,LOUD
706360,275097,DaviH,LOUD,fade,1.0,0.0,0.0,0.0,0.0,0.0,0.0,0.0,0.0,47.0,4.0,0.0,LOUD
706360,275097,lukxo,LOUD,viper,1.0,0.0,0.0,0.0,0.0,0.0,0.0,0.0,0.0,54.0,0.0,0.0,LOUD
706360,275097,erde,LOUD,omen,2.0,1.0,0.0,0.0,0.0,0.0,0.0,0.0,0.0,49.0,1.0,0.0,LOUD
706360,275097,tkzin,LOUD,raze,1.0,1.0,0.0,0.0,0.0,0.0,0.0,0.0,0.0,42.0,1.0,0.0,LOUD
706360,275098,johnqt,SEN,harbor,3.0,1.0,0.0,0.0,1.0,0.0,0.0,0.0,0.0,61.0,1.0,1.0,Sentinels
706360,275098,JonahP,SEN,sova,2.0,0.0,0.0,0.0,0.0,0.0,0.0,0.0,0.0,62.0,4.0,1.0,Sentinels
706360,275098,cortezia,SEN,viper,3.0,2.0,0.0,0.0,0.0,0.0,0.0,0.0,0.0,80.0,1.0,0.0,Sentinels
706360,275098,Reduxx,SEN,phoenix,1.0,1.0,0.0,0.0,0.0,0.0,0.0,0.0,0.0,39.0,0.0,2.0,Sentinels
706360,275098,Jerrwin,SEN,waylay,3.0,1.0,0.0,0.0,0.0,0.0,0.0,0.0,0.0,51.0,0.0,2.0,Sentinels
706360,275098,Darker,LOUD,cypher,1.0,1.0,0.0,0.0,0.0,0.0,0.0,0.0,0.0,50.0,1.0,1.0,LOUD
706360,275098,DaviH,LOUD,sova,3.0,0.0,0.0,0.0,0.0,0.0,0.0,0.0,0.0,45.0,8.0,0.0,LOUD
706360,275098,lukxo,LOUD,harbor,1.0,2.0,0.0,0.0,0.0,0.0,1.0,0.0,0.0,61.0,1.0,0.0,LOUD
706360,275098,erde,LOUD,astra,2.0,0.0,0.0,0.0,0.0,0.0,0.0,0.0,0.0,23.0,0.0,0.0,LOUD
706360,275098,tkzin,LOUD,jett,1.0,1.0,1.0,0.0,0.0,0.0,0.0,0.0,0.0,55.0,0.0,0.0,LOUD
706361,275100,Rossy,ENVY,viper,2.0,1.0,0.0,0.0,0.0,0.0,0.0,0.0,0.0,62.0,2.0,0.0,ENVY
706361,275100,keznit,ENVY,raze,0.0,1.0,0.0,0.0,0.0,0.0,0.0,0.0,0.0,49.0,0.0,0.0,ENVY
706361,275100,GLYPH,ENVY,skye,0.0,1.0,0.0,0.0,0.0,0.0,0.0,0.0,0.0,24.0,2.0,1.0,ENVY
706361,275100,Demon1,ENVY,cypher,0.0,0.0,0.0,0.0,0.0,0.0,0.0,0.0,0.0,27.0,0.0,0.0,ENVY
706361,275100,nightz,ENVY,omen,3.0,0.0,0.0,0.0,0.0,0.0,0.0,0.0,0.0,49.0,1.0,0.0,ENVY
706361,275100,kiNgg,LEV,viper,5.0,0.0,1.0,0.0,0.0,0.0,0.0,0.0,0.0,66.0,0.0,0.0,LEVIATÁN
706361,275100,blowz,LEV,fade,0.0,0.0,0.0,0.0,0.0,0.0,0.0,0.0,0.0,41.0,2.0,0.0,LEVIATÁN
706361,275100,Sato,LEV,phoenix,4.0,1.0,0.0,0.0,0.0,1.0,0.0,0.0,0.0,88.0,0.0,2.0,LEVIATÁN
706361,275100,spike,LEV,neon,6.0,1.0,0.0,0.0,1.0,0.0,0.0,0.0,0.0,105.0,0.0,1.0,LEVIATÁN
706361,275100,Neon,LEV,omen,3.0,0.0,0.0,0.0,0.0,0.0,0.0,0.0,0.0,40.0,1.0,0.0,LEVIATÁN
706361,275101,Rossy,ENVY,sage,0.0,1.0,0.0,0.0,0.0,0.0,0.0,0.0,0.0,27.0,2.0,0.0,ENVY
706361,275101,keznit,ENVY,neon,0.0,0.0,0.0,0.0,0.0,0.0,0.0,0.0,0.0,30.0,0.0,0.0,ENVY
706361,275101,GLYPH,ENVY,fade,0.0,1.0,0.0,0.0,0.0,0.0,0.0,0.0,0.0,48.0,3.0,0.0,ENVY
706361,275101,Demon1,ENVY,chamber,4.0,1.0,0.0,0.0,0.0,0.0,0.0,0.0,0.0,53.0,0.0,1.0,ENVY
706361,275101,nightz,ENVY,omen,5.0,0.0,0.0,0.0,1.0,0.0,0.0,0.0,0.0,67.0,0.0,0.0,ENVY
706361,275101,kiNgg,LEV,omen,2.0,0.0,0.0,0.0,0.0,0.0,0.0,0.0,0.0,45.0,1.0,0.0,LEVIATÁN
706361,275101,blowz,LEV,fade,2.0,2.0,0.0,0.0,0.0,0.0,0.0,0.0,0.0,59.0,4.0,0.0,LEVIATÁN
706361,275101,Sato,LEV,phoenix,2.0,1.0,0.0,0.0,0.0,0.0,0.0,0.0,0.0,64.0,1.0,1.0,LEVIATÁN
706361,275101,spike,LEV,neon,2.0,3.0,1.0,0.0,1.0,0.0,0.0,0.0,0.0,75.0,0.0,0.0,LEVIATÁN
706361,275101,Neon,LEV,chamber,4.0,0.0,0.0,0.0,0.0,0.0,0.0,0.0,0.0,51.0,0.0,0.0,LEVIATÁN
706362,275103,C0M,FUR,sova,2.0,1.0,0.0,0.0,0.0,1.0,0.0,0.0,0.0,36.0,4.0,1.0,FURIA
706362,275103,koalanoob,FUR,neon,2.0,1.0,0.0,0.0,0.0,0.0,0.0,0.0,0.0,45.0,0.0,0.0,FURIA
706362,275103,artzin,FUR,omen,2.0,1.0,0.0,0.0,1.0,0.0,0.0,0.0,0.0,59.0,1.0,0.0,FURIA
706362,275103,Shyy,FUR,chamber,5.0,1.0,0.0,0.0,0.0,1.0,0.0,0.0,0.0,47.0,1.0,0.0,FURIA
706362,275103,basic,FUR,breach,5.0,2.0,0.0,0.0,0.0,0.0,0.0,0.0,0.0,52.0,6.0,1.0,FURIA
706362,275103,tex,MIBR,cypher,2.0,1.0,0.0,0.0,0.0,1.0,0.0,0.0,0.0,50.0,1.0,1.0,MIBR
706362,275103,zekken,MIBR,phoenix,7.0,0.0,1.0,0.0,0.0,0.0,0.0,0.0,0.0,75.0,2.0,2.0,MIBR
706362,275103,Mazino,MIBR,omen,3.0,1.0,0.0,0.0,0.0,0.0,0.0,0.0,0.0,50.0,1.0,0.0,MIBR
706362,275103,aspas,MIBR,neon,1.0,0.0,1.0,0.0,0.0,0.0,0.0,0.0,0.0,39.0,1.0,0.0,MIBR
706362,275103,Verno,MIBR,sova,3.0,1.0,0.0,0.0,1.0,1.0,0.0,0.0,0.0,48.0,6.0,1.0,MIBR
706362,275104,C0M,FUR,sova,4.0,0.0,0.0,0.0,1.0,0.0,0.0,0.0,0.0,63.0,2.0,0.0,FURIA
706362,275104,koalanoob,FUR,jett,4.0,0.0,0.0,0.0,0.0,0.0,0.0,0.0,0.0,51.0,0.0,1.0,FURIA
706362,275104,artzin,FUR,kayo,2.0,0.0,0.0,0.0,0.0,0.0,0.0,0.0,0.0,52.0,1.0,1.0,FURIA
706362,275104,Shyy,FUR,viper,4.0,0.0,0.0,0.0,0.0,0.0,0.0,0.0,0.0,60.0,0.0,1.0,FURIA
706362,275104,basic,FUR,harbor,4.0,0.0,0.0,0.0,1.0,0.0,0.0,0.0,0.0,41.0,3.0,1.0,FURIA
706362,275104,tex,MIBR,cypher,5.0,1.0,0.0,0.0,0.0,1.0,0.0,0.0,0.0,54.0,1.0,0.0,MIBR
706362,275104,zekken,MIBR,phoenix,1.0,1.0,0.0,0.0,0.0,0.0,0.0,0.0,0.0,39.0,1.0,0.0,MIBR
706362,275104,Mazino,MIBR,harbor,2.0,0.0,0.0,0.0,0.0,0.0,0.0,0.0,0.0,35.0,7.0,0.0,MIBR
706362,275104,aspas,MIBR,neon,4.0,1.0,0.0,0.0,0.0,0.0,0.0,0.0,0.0,62.0,0.0,1.0,MIBR
706362,275104,Verno,MIBR,sova,3.0,4.0,0.0,0.0,1.0,1.0,0.0,0.0,0.0,95.0,1.0,1.0,MIBR
706364,275106,saadhak,KRÜ,harbor,1.0,0.0,0.0,0.0,0.0,0.0,0.0,0.0,0.0,28.0,6.0,0.0,KRÜ Esports
706364,275106,mwzera,KRÜ,sova,3.0,0.0,0.0,0.0,0.0,0.0,0.0,0.0,0.0,59.0,0.0,1.0,KRÜ Esports
706364,275106,Less,KRÜ,cypher,3.0,0.0,0.0,0.0,0.0,0.0,0.0,0.0,0.0,43.0,2.0,0.0,KRÜ Esports
706364,275106,heat,KRÜ,phoenix,3.0,2.0,0.0,0.0,0.0,0.0,0.0,0.0,0.0,79.0,0.0,0.0,KRÜ Esports
706364,275106,Dantedeu5,KRÜ,neon,1.0,0.0,0.0,0.0,0.0,0.0,0.0,0.0,0.0,48.0,1.0,0.0,KRÜ Esports
706364,275106,BABYBAY,G2,chamber,1.0,0.0,0.0,0.0,0.0,0.0,0.0,0.0,0.0,43.0,1.0,0.0,G2 Esports
706364,275106,valyn,G2,astra,2.0,1.0,0.0,0.0,1.0,0.0,0.0,0.0,0.0,63.0,1.0,1.0,G2 Esports
706364,275106,jawgemo,G2,neon,4.0,3.0,0.0,0.0,0.0,0.0,0.0,0.0,0.0,63.0,1.0,0.0,G2 Esports
706364,275106,leaf,G2,viper,1.0,1.0,0.0,0.0,0.0,0.0,0.0,0.0,0.0,49.0,0.0,0.0,G2 Esports
706364,275106,trent,G2,sova,2.0,2.0,0.0,0.0,1.0,1.0,0.0,0.0,0.0,63.0,6.0,1.0,G2 Esports
706364,275107,saadhak,KRÜ,omen,1.0,1.0,0.0,0.0,0.0,1.0,0.0,0.0,0.0,37.0,2.0,0.0,KRÜ Esports
706364,275107,mwzera,KRÜ,fade,1.0,2.0,0.0,0.0,0.0,0.0,0.0,0.0,0.0,55.0,8.0,1.0,KRÜ Esports
706364,275107,Less,KRÜ,viper,2.0,1.0,0.0,0.0,0.0,1.0,0.0,0.0,0.0,51.0,0.0,0.0,KRÜ Esports
706364,275107,heat,KRÜ,raze,2.0,0.0,0.0,0.0,0.0,0.0,0.0,0.0,0.0,43.0,0.0,1.0,KRÜ Esports
706364,275107,Dantedeu5,KRÜ,neon,2.0,0.0,0.0,0.0,0.0,0.0,0.0,0.0,0.0,44.0,1.0,2.0,KRÜ Esports
706364,275107,BABYBAY,G2,vyse,5.0,3.0,1.0,0.0,1.0,0.0,0.0,0.0,0.0,101.0,1.0,2.0,G2 Esports
706364,275107,valyn,G2,omen,1.0,0.0,0.0,0.0,0.0,0.0,0.0,0.0,0.0,30.0,2.0,1.0,G2 Esports
706364,275107,jawgemo,G2,raze,1.0,1.0,0.0,0.0,0.0,0.0,0.0,0.0,0.0,44.0,2.0,1.0,G2 Esports
706364,275107,leaf,G2,viper,7.0,0.0,0.0,0.0,0.0,0.0,0.0,0.0,0.0,59.0,0.0,0.0,G2 Esports
706364,275107,trent,G2,skye,1.0,1.0,0.0,0.0,0.0,0.0,0.0,0.0,0.0,38.0,5.0,2.0,G2 Esports
706365,275109,Asuna,100T,phoenix,5.0,2.0,1.0,0.0,0.0,0.0,0.0,0.0,0.0,73.0,3.0,1.0,100 Thieves
706365,275109,bang,100T,omen,4.0,0.0,0.0,0.0,0.0,0.0,0.0,0.0,0.0,38.0,4.0,0.0,100 Thieves
706365,275109,Cryocells,100T,cypher,4.0,0.0,1.0,0.0,1.0,1.0,0.0,0.0,0.0,44.0,0.0,1.0,100 Thieves
706365,275109,vora,100T,sova,6.0,0.0,0.0,0.0,0.0,1.0,0.0,0.0,0.0,41.0,3.0,0.0,100 Thieves
706365,275109,Timotino,100T,neon,1.0,0.0,1.0,0.0,0.0,0.0,0.0,0.0,0.0,34.0,0.0,0.0,100 Thieves
706365,275109,johnqt,SEN,cypher,2.0,2.0,1.0,0.0,1.0,1.0,0.0,0.0,0.0,55.0,2.0,0.0,Sentinels
706365,275109,JonahP,SEN,fade,5.0,0.0,0.0,0.0,1.0,0.0,0.0,0.0,0.0,29.0,3.0,1.0,Sentinels
706365,275109,cortezia,SEN,omen,4.0,2.0,0.0,0.0,0.0,0.0,0.0,0.0,0.0,47.0,1.0,1.0,Sentinels
706365,275109,Reduxx,SEN,phoenix,4.0,1.0,0.0,0.0,0.0,0.0,0.0,0.0,0.0,51.0,1.0,2.0,Sentinels
706365,275109,Jerrwin,SEN,waylay,4.0,1.0,0.0,0.0,0.0,0.0,0.0,0.0,0.0,57.0,1.0,1.0,Sentinels
706365,275110,Asuna,100T,phoenix,5.0,0.0,0.0,0.0,1.0,0.0,0.0,0.0,0.0,81.0,2.0,1.0,100 Thieves
706365,275110,bang,100T,omen,2.0,0.0,0.0,0.0,0.0,0.0,0.0,0.0,0.0,26.0,1.0,0.0,100 Thieves
706365,275110,Cryocells,100T,cypher,3.0,1.0,1.0,0.0,0.0,0.0,0.0,0.0,0.0,74.0,1.0,2.0,100 Thieves
706365,275110,vora,100T,sova,1.0,0.0,0.0,0.0,0.0,0.0,0.0,0.0,0.0,41.0,3.0,1.0,100 Thieves
706365,275110,Timotino,100T,jett,4.0,2.0,0.0,0.0,1.0,0.0,0.0,0.0,0.0,74.0,1.0,0.0,100 Thieves
706365,275110,johnqt,SEN,omen,1.0,1.0,0.0,0.0,1.0,0.0,0.0,0.0,0.0,63.0,4.0,2.0,Sentinels
706365,275110,JonahP,SEN,sova,1.0,2.0,0.0,0.0,0.0,0.0,0.0,0.0,0.0,59.0,1.0,1.0,Sentinels
706365,275110,cortezia,SEN,cypher,1.0,1.0,0.0,0.0,0.0,0.0,0.0,0.0,0.0,29.0,0.0,0.0,Sentinels
706365,275110,Reduxx,SEN,phoenix,3.0,0.0,0.0,0.0,0.0,0.0,0.0,0.0,0.0,30.0,2.0,0.0,Sentinels
706365,275110,Jerrwin,SEN,neon,2.0,1.0,0.0,0.0,0.0,0.0,0.0,0.0,0.0,45.0,1.0,0.0,Sentinels
706365,275111,Asuna,100T,phoenix,2.0,2.0,0.0,0.0,0.0,0.0,0.0,0.0,0.0,87.0,3.0,2.0,100 Thieves
706365,275111,bang,100T,harbor,4.0,0.0,0.0,0.0,0.0,0.0,0.0,0.0,0.0,54.0,3.0,1.0,100 Thieves
706365,275111,Cryocells,100T,cypher,1.0,1.0,0.0,0.0,1.0,1.0,0.0,0.0,0.0,46.0,0.0,0.0,100 Thieves
706365,275111,vora,100T,sova,3.0,1.0,0.0,0.0,0.0,1.0,0.0,0.0,0.0,66.0,5.0,0.0,100 Thieves
706365,275111,Timotino,100T,neon,0.0,1.0,0.0,0.0,0.0,0.0,0.0,0.0,0.0,34.0,0.0,0.0,100 Thieves
706365,275111,johnqt,SEN,harbor,2.0,1.0,0.0,0.0,1.0,0.0,0.0,0.0,0.0,42.0,1.0,1.0,Sentinels
706365,275111,JonahP,SEN,sova,6.0,0.0,0.0,0.0,0.0,0.0,0.0,0.0,0.0,90.0,2.0,0.0,Sentinels
706365,275111,cortezia,SEN,viper,0.0,0.0,0.0,0.0,0.0,0.0,0.0,0.0,0.0,27.0,0.0,1.0,Sentinels
706365,275111,Reduxx,SEN,phoenix,0.0,0.0,0.0,0.0,0.0,0.0,0.0,0.0,0.0,45.0,1.0,0.0,Sentinels
706365,275111,Jerrwin,SEN,waylay,1.0,1.0,1.0,0.0,0.0,0.0,0.0,0.0,0.0,69.0,0.0,1.0,Sentinels
706366,275112,Zellsis,C9,viper,4.0,0.0,0.0,0.0,0.0,0.0,0.0,0.0,0.0,49.0,2.0,0.0,Cloud9
706366,275112,FireBallOps,C9,vyse,2.0,1.0,0.0,0.0,0.0,0.0,0.0,0.0,0.0,48.0,0.0,1.0,Cloud9
706366,275112,v1c,C9,omen,1.0,1.0,0.0,0.0,0.0,0.0,1.0,0.0,0.0,43.0,2.0,1.0,Cloud9
706366,275112,OXY,C9,neon,3.0,3.0,0.0,0.0,0.0,0.0,0.0,0.0,0.0,66.0,0.0,2.0,Cloud9
706366,275112,Jackk,C9,sova,3.0,1.0,1.0,0.0,0.0,0.0,0.0,0.0,0.0,92.0,5.0,0.0,Cloud9
706366,275112,Darker,LOUD,omen,3.0,1.0,0.0,0.0,0.0,0.0,0.0,0.0,0.0,44.0,0.0,0.0,LOUD
706366,275112,DaviH,LOUD,sova,1.0,0.0,1.0,0.0,0.0,0.0,0.0,0.0,0.0,52.0,2.0,0.0,LOUD
706366,275112,lukxo,LOUD,chamber,2.0,1.0,0.0,0.0,0.0,1.0,0.0,0.0,0.0,54.0,1.0,0.0,LOUD
706366,275112,erde,LOUD,sage,3.0,0.0,0.0,0.0,0.0,1.0,0.0,0.0,0.0,54.0,6.0,1.0,LOUD
706366,275112,tkzin,LOUD,neon,3.0,1.0,0.0,0.0,0.0,0.0,0.0,0.0,0.0,56.0,0.0,1.0,LOUD
706366,275113,Zellsis,C9,sage,4.0,0.0,0.0,0.0,0.0,0.0,0.0,0.0,0.0,48.0,3.0,0.0,Cloud9
706366,275113,FireBallOps,C9,chamber,4.0,1.0,0.0,0.0,0.0,0.0,0.0,0.0,0.0,66.0,0.0,0.0,Cloud9
706366,275113,v1c,C9,omen,4.0,0.0,0.0,0.0,1.0,0.0,0.0,0.0,0.0,49.0,1.0,1.0,Cloud9
706366,275113,OXY,C9,neon,0.0,1.0,0.0,0.0,0.0,0.0,0.0,0.0,0.0,40.0,0.0,1.0,Cloud9
706366,275113,Jackk,C9,fade,4.0,1.0,0.0,0.0,1.0,1.0,0.0,0.0,0.0,56.0,2.0,0.0,Cloud9
706366,275113,Darker,LOUD,omen,0.0,1.0,0.0,0.0,1.0,0.0,0.0,0.0,0.0,38.0,2.0,1.0,LOUD
706366,275113,DaviH,LOUD,sova,0.0,0.0,0.0,0.0,0.0,0.0,0.0,0.0,0.0,46.0,5.0,0.0,LOUD
706366,275113,lukxo,LOUD,chamber,7.0,2.0,1.0,0.0,0.0,2.0,0.0,0.0,0.0,102.0,0.0,0.0,LOUD
706366,275113,erde,LOUD,sage,3.0,1.0,0.0,0.0,0.0,0.0,0.0,0.0,0.0,57.0,3.0,1.0,LOUD
706366,275113,tkzin,LOUD,neon,6.0,1.0,0.0,0.0,0.0,0.0,0.0,0.0,0.0,71.0,0.0,0.0,LOUD
706366,275114,Zellsis,C9,kayo,0.0,0.0,0.0,0.0,0.0,0.0,1.0,0.0,0.0,35.0,1.0,0.0,Cloud9
706366,275114,FireBallOps,C9,cypher,5.0,0.0,2.0,0.0,0.0,0.0,1.0,0.0,0.0,89.0,0.0,1.0,Cloud9
706366,275114,v1c,C9,omen,2.0,0.0,0.0,0.0,0.0,0.0,0.0,0.0,0.0,35.0,2.0,1.0,Cloud9
706366,275114,OXY,C9,neon,3.0,2.0,0.0,0.0,0.0,0.0,0.0,0.0,0.0,48.0,0.0,1.0,Cloud9
706366,275114,Jackk,C9,tejo,2.0,1.0,0.0,0.0,0.0,0.0,0.0,0.0,0.0,41.0,3.0,0.0,Cloud9
706366,275114,Darker,LOUD,omen,2.0,1.0,0.0,0.0,2.0,0.0,0.0,0.0,0.0,56.0,0.0,0.0,LOUD
706366,275114,DaviH,LOUD,fade,4.0,0.0,0.0,0.0,1.0,0.0,0.0,0.0,0.0,70.0,7.0,1.0,LOUD
706366,275114,lukxo,LOUD,chamber,5.0,3.0,0.0,0.0,0.0,0.0,0.0,0.0,0.0,73.0,0.0,1.0,LOUD
706366,275114,erde,LOUD,sage,2.0,0.0,0.0,0.0,0.0,0.0,0.0,0.0,0.0,51.0,3.0,1.0,LOUD
706366,275114,tkzin,LOUD,neon,2.0,0.0,0.0,1.0,0.0,0.0,0.0,0.0,0.0,47.0,0.0,0.0,LOUD
706367,275115,supamen,EG,omen,2.0,1.0,0.0,0.0,1.0,0.0,0.0,0.0,0.0,54.0,2.0,1.0,Evil Geniuses
706367,275115,Paincakes,EG,sova,2.0,1.0,0.0,0.0,0.0,0.0,0.0,0.0,0.0,58.0,3.0,0.0,Evil Geniuses
706367,275115,dgzin,EG,neon,2.0,3.0,0.0,0.0,0.0,0.0,0.0,0.0,0.0,46.0,2.0,0.0,Evil Geniuses
706367,275115,zerona,EG,phoenix,1.0,1.0,0.0,0.0,0.0,0.0,0.0,0.0,0.0,48.0,2.0,0.0,Evil Geniuses
706367,275115,bao,EG,cypher,4.0,2.0,0.0,0.0,0.0,0.0,0.0,0.0,0.0,59.0,1.0,0.0,Evil Geniuses
706367,275115,tex,MIBR,cypher,3.0,1.0,0.0,0.0,1.0,0.0,1.0,0.0,0.0,38.0,0.0,1.0,MIBR
706367,275115,zekken,MIBR,phoenix,4.0,0.0,0.0,0.0,0.0,0.0,0.0,0.0,0.0,39.0,3.0,0.0,MIBR
706367,275115,Mazino,MIBR,omen,3.0,1.0,1.0,0.0,0.0,0.0,0.0,0.0,0.0,42.0,2.0,0.0,MIBR
706367,275115,aspas,MIBR,neon,1.0,3.0,0.0,0.0,0.0,0.0,0.0,0.0,0.0,68.0,0.0,1.0,MIBR
706367,275115,Verno,MIBR,sova,2.0,0.0,3.0,0.0,1.0,2.0,1.0,0.0,0.0,60.0,6.0,0.0,MIBR
706367,275116,supamen,EG,omen,1.0,0.0,0.0,0.0,0.0,0.0,0.0,0.0,0.0,43.0,1.0,0.0,Evil Geniuses
706367,275116,Paincakes,EG,sova,1.0,0.0,0.0,0.0,0.0,0.0,0.0,0.0,0.0,37.0,1.0,0.0,Evil Geniuses
706367,275116,dgzin,EG,veto,2.0,0.0,0.0,0.0,0.0,0.0,0.0,0.0,0.0,45.0,0.0,0.0,Evil Geniuses
706367,275116,zerona,EG,yoru,2.0,0.0,0.0,0.0,0.0,0.0,0.0,0.0,0.0,37.0,0.0,0.0,Evil Geniuses
706367,275116,bao,EG,vyse,2.0,0.0,0.0,0.0,0.0,0.0,0.0,0.0,0.0,59.0,2.0,0.0,Evil Geniuses
706367,275116,tex,MIBR,cypher,1.0,1.0,0.0,0.0,0.0,0.0,0.0,0.0,0.0,42.0,0.0,0.0,MIBR
706367,275116,zekken,MIBR,neon,5.0,0.0,1.0,0.0,1.0,0.0,0.0,0.0,0.0,67.0,0.0,1.0,MIBR
706367,275116,Mazino,MIBR,omen,3.0,0.0,0.0,0.0,0.0,0.0,0.0,0.0,0.0,52.0,0.0,0.0,MIBR
706367,275116,aspas,MIBR,jett,6.0,0.0,0.0,0.0,0.0,0.0,0.0,0.0,0.0,95.0,1.0,1.0,MIBR
706367,275116,Verno,MIBR,sova,2.0,2.0,0.0,0.0,0.0,2.0,0.0,0.0,0.0,80.0,2.0,1.0,MIBR
706368,275118,Rossy,ENVY,astra,2.0,0.0,0.0,0.0,0.0,0.0,0.0,0.0,0.0,36.0,3.0,1.0,ENVY
706368,275118,keznit,ENVY,neon,3.0,0.0,0.0,0.0,0.0,0.0,0.0,0.0,0.0,34.0,0.0,0.0,ENVY
706368,275118,GLYPH,ENVY,sova,4.0,1.0,0.0,0.0,0.0,1.0,0.0,0.0,0.0,34.0,6.0,1.0,ENVY
706368,275118,Demon1,ENVY,chamber,8.0,1.0,0.0,0.0,0.0,0.0,0.0,0.0,0.0,44.0,0.0,0.0,ENVY
706368,275118,nightz,ENVY,phoenix,8.0,1.0,0.0,0.0,0.0,1.0,0.0,0.0,0.0,40.0,3.0,0.0,ENVY
706368,275118,C0M,FUR,sova,5.0,3.0,0.0,0.0,0.0,0.0,0.0,0.0,0.0,53.0,3.0,3.0,FURIA
706368,275118,koalanoob,FUR,jett,2.0,2.0,0.0,0.0,0.0,0.0,0.0,0.0,0.0,30.0,0.0,1.0,FURIA
706368,275118,artzin,FUR,omen,4.0,2.0,1.0,0.0,0.0,0.0,0.0,0.0,0.0,50.0,0.0,0.0,FURIA
706368,275118,Shyy,FUR,cypher,7.0,0.0,0.0,0.0,0.0,1.0,0.0,0.0,0.0,49.0,1.0,1.0,FURIA
706368,275118,basic,FUR,breach,3.0,1.0,0.0,1.0,0.0,1.0,0.0,0.0,0.0,48.0,3.0,2.0,FURIA
706368,275119,Rossy,ENVY,cypher,3.0,2.0,0.0,0.0,0.0,0.0,0.0,0.0,0.0,73.0,1.0,0.0,ENVY
706368,275119,keznit,ENVY,waylay,2.0,0.0,0.0,0.0,0.0,0.0,0.0,0.0,0.0,37.0,2.0,0.0,ENVY
706368,275119,GLYPH,ENVY,sova,3.0,0.0,0.0,0.0,1.0,0.0,0.0,0.0,0.0,47.0,4.0,2.0,ENVY
706368,275119,Demon1,ENVY,omen,1.0,1.0,0.0,0.0,1.0,0.0,1.0,0.0,0.0,45.0,0.0,2.0,ENVY
706368,275119,nightz,ENVY,yoru,7.0,1.0,0.0,0.0,2.0,0.0,0.0,0.0,0.0,67.0,0.0,0.0,ENVY
706368,275119,C0M,FUR,sova,2.0,2.0,0.0,0.0,1.0,0.0,0.0,0.0,0.0,63.0,1.0,1.0,FURIA
706368,275119,koalanoob,FUR,raze,3.0,1.0,0.0,0.0,0.0,0.0,0.0,0.0,0.0,36.0,0.0,0.0,FURIA
706368,275119,artzin,FUR,omen,4.0,0.0,0.0,0.0,0.0,1.0,0.0,0.0,0.0,48.0,2.0,0.0,FURIA
706368,275119,Shyy,FUR,cypher,2.0,0.0,0.0,0.0,0.0,0.0,0.0,0.0,0.0,36.0,0.0,0.0,FURIA
706368,275119,basic,FUR,deadlock,3.0,3.0,0.0,0.0,0.0,1.0,0.0,0.0,0.0,58.0,5.0,1.0,FURIA
706368,275120,Rossy,ENVY,omen,0.0,2.0,0.0,0.0,0.0,0.0,0.0,0.0,0.0,80.0,0.0,1.0,ENVY
706368,275120,keznit,ENVY,neon,4.0,1.0,0.0,0.0,0.0,0.0,0.0,0.0,0.0,54.0,0.0,0.0,ENVY
706368,275120,GLYPH,ENVY,sova,1.0,0.0,0.0,0.0,1.0,0.0,0.0,0.0,0.0,48.0,3.0,2.0,ENVY
706368,275120,Demon1,ENVY,chamber,1.0,4.0,0.0,0.0,0.0,0.0,0.0,0.0,0.0,89.0,0.0,0.0,ENVY
706368,275120,nightz,ENVY,phoenix,3.0,1.0,1.0,0.0,0.0,0.0,0.0,0.0,0.0,84.0,0.0,1.0,ENVY
706368,275120,C0M,FUR,sova,2.0,0.0,0.0,0.0,0.0,0.0,0.0,0.0,0.0,57.0,2.0,0.0,FURIA
706368,275120,koalanoob,FUR,jett,2.0,0.0,0.0,0.0,0.0,0.0,0.0,0.0,0.0,23.0,1.0,0.0,FURIA
706368,275120,artzin,FUR,omen,0.0,0.0,1.0,0.0,0.0,0.0,0.0,0.0,0.0,27.0,0.0,0.0,FURIA
706368,275120,Shyy,FUR,cypher,1.0,1.0,0.0,0.0,0.0,0.0,0.0,0.0,0.0,37.0,0.0,0.0,FURIA
706368,275120,basic,FUR,kayo,3.0,1.0,0.0,0.0,0.0,1.0,0.0,0.0,0.0,63.0,3.0,0.0,FURIA
706369,275121,kiNgg,LEV,viper,8.0,1.0,0.0,0.0,0.0,1.0,0.0,0.0,0.0,58.0,1.0,0.0,LEVIATÁN
706369,275121,blowz,LEV,skye,0.0,2.0,0.0,0.0,0.0,0.0,0.0,0.0,0.0,34.0,5.0,1.0,LEVIATÁN
706369,275121,Sato,LEV,omen,2.0,0.0,0.0,0.0,0.0,0.0,0.0,0.0,0.0,36.0,0.0,0.0,LEVIATÁN
706369,275121,spike,LEV,neon,1.0,0.0,0.0,0.0,0.0,0.0,0.0,0.0,0.0,28.0,0.0,0.0,LEVIATÁN
706369,275121,Neon,LEV,jett,3.0,2.0,0.0,0.0,0.0,0.0,0.0,0.0,0.0,60.0,0.0,0.0,LEVIATÁN
706369,275121,brawk,NRG,sova,1.0,2.0,1.0,0.0,1.0,0.0,0.0,0.0,0.0,65.0,3.0,1.0,NRG
706369,275121,mada,NRG,neon,2.0,0.0,0.0,0.0,0.0,0.0,0.0,0.0,0.0,34.0,0.0,0.0,NRG
706369,275121,skuba,NRG,cypher,2.0,0.0,0.0,0.0,0.0,0.0,0.0,0.0,0.0,52.0,0.0,0.0,NRG
706369,275121,Ethan,NRG,kayo,3.0,0.0,0.0,0.0,0.0,0.0,0.0,0.0,0.0,53.0,4.0,0.0,NRG
706369,275121,keiko,NRG,brimstone,2.0,1.0,0.0,0.0,0.0,0.0,0.0,0.0,0.0,47.0,2.0,0.0,NRG
706369,275122,kiNgg,LEV,omen,2.0,1.0,1.0,0.0,1.0,1.0,0.0,0.0,0.0,54.0,1.0,0.0,LEVIATÁN
706369,275122,blowz,LEV,fade,2.0,1.0,0.0,0.0,0.0,1.0,0.0,0.0,0.0,35.0,6.0,1.0,LEVIATÁN
706369,275122,Sato,LEV,phoenix,2.0,1.0,0.0,0.0,0.0,0.0,0.0,0.0,0.0,61.0,1.0,0.0,LEVIATÁN
706369,275122,spike,LEV,neon,3.0,2.0,0.0,0.0,0.0,0.0,0.0,0.0,0.0,64.0,1.0,0.0,LEVIATÁN
706369,275122,Neon,LEV,chamber,3.0,1.0,0.0,0.0,1.0,1.0,0.0,0.0,0.0,44.0,0.0,1.0,LEVIATÁN
706369,275122,brawk,NRG,sova,0.0,0.0,0.0,0.0,1.0,0.0,0.0,0.0,0.0,42.0,1.0,0.0,NRG
706369,275122,mada,NRG,neon,2.0,1.0,0.0,0.0,0.0,0.0,0.0,0.0,0.0,52.0,0.0,0.0,NRG
706369,275122,skuba,NRG,cypher,2.0,1.0,0.0,0.0,1.0,0.0,0.0,0.0,0.0,55.0,0.0,1.0,NRG
706369,275122,Ethan,NRG,kayo,3.0,1.0,1.0,0.0,0.0,0.0,0.0,0.0,0.0,47.0,3.0,0.0,NRG
706369,275122,keiko,NRG,omen,3.0,0.0,0.0,0.0,0.0,0.0,0.0,0.0,0.0,50.0,1.0,0.0,NRG
706369,275123,kiNgg,LEV,astra,4.0,2.0,0.0,0.0,0.0,0.0,0.0,0.0,0.0,52.0,1.0,0.0,LEVIATÁN
706369,275123,blowz,LEV,sova,3.0,1.0,0.0,0.0,0.0,0.0,0.0,0.0,0.0,40.0,7.0,1.0,LEVIATÁN
706369,275123,Sato,LEV,phoenix,5.0,1.0,0.0,0.0,0.0,0.0,0.0,0.0,0.0,51.0,2.0,0.0,LEVIATÁN
706369,275123,spike,LEV,neon,3.0,2.0,1.0,0.0,0.0,0.0,0.0,0.0,0.0,54.0,1.0,1.0,LEVIATÁN
706369,275123,Neon,LEV,chamber,2.0,0.0,1.0,0.0,0.0,1.0,0.0,0.0,0.0,31.0,0.0,1.0,LEVIATÁN
706369,275123,brawk,NRG,sova,3.0,2.0,0.0,0.0,0.0,0.0,0.0,0.0,0.0,44.0,2.0,0.0,NRG
706369,275123,mada,NRG,neon,7.0,0.0,0.0,0.0,0.0,0.0,0.0,0.0,0.0,45.0,0.0,0.0,NRG
706369,275123,skuba,NRG,omen,4.0,2.0,0.0,0.0,0.0,0.0,1.0,0.0,0.0,50.0,4.0,3.0,NRG
706369,275123,Ethan,NRG,phoenix,1.0,1.0,0.0,0.0,0.0,0.0,0.0,0.0,0.0,30.0,4.0,1.0,NRG
706369,275123,keiko,NRG,chamber,3.0,1.0,0.0,0.0,0.0,1.0,0.0,0.0,0.0,45.0,0.0,1.0,NRG
706370,275124,Zellsis,C9,viper,1.0,0.0,0.0,0.0,0.0,0.0,0.0,0.0,0.0,45.0,1.0,2.0,Cloud9
706370,275124,FireBallOps,C9,cypher,2.0,0.0,0.0,0.0,0.0,1.0,0.0,0.0,0.0,43.0,2.0,0.0,Cloud9
706370,275124,v1c,C9,harbor,4.0,0.0,0.0,0.0,0.0,0.0,0.0,0.0,0.0,48.0,0.0,0.0,Cloud9
706370,275124,OXY,C9,neon,1.0,4.0,3.0,0.0,1.0,0.0,0.0,0.0,0.0,90.0,0.0,0.0,Cloud9
706370,275124,Jackk,C9,sova,3.0,0.0,0.0,0.0,1.0,0.0,0.0,0.0,0.0,51.0,3.0,2.0,Cloud9
706370,275124,saadhak,KRÜ,harbor,2.0,0.0,0.0,0.0,0.0,0.0,0.0,0.0,0.0,32.0,3.0,0.0,KRÜ Esports
706370,275124,mwzera,KRÜ,sova,2.0,0.0,0.0,0.0,0.0,1.0,0.0,0.0,0.0,40.0,3.0,1.0,KRÜ Esports
706370,275124,Less,KRÜ,cypher,2.0,1.0,0.0,1.0,0.0,0.0,1.0,0.0,0.0,56.0,1.0,0.0,KRÜ Esports
706370,275124,heat,KRÜ,phoenix,0.0,0.0,1.0,0.0,0.0,0.0,0.0,0.0,0.0,42.0,0.0,0.0,KRÜ Esports
706370,275124,Dantedeu5,KRÜ,neon,0.0,3.0,1.0,0.0,0.0,0.0,0.0,0.0,0.0,64.0,1.0,0.0,KRÜ Esports
706370,275125,Zellsis,C9,viper,3.0,2.0,0.0,0.0,0.0,0.0,0.0,0.0,0.0,69.0,1.0,1.0,Cloud9
706370,275125,FireBallOps,C9,cypher,3.0,0.0,0.0,0.0,0.0,0.0,0.0,0.0,0.0,51.0,0.0,0.0,Cloud9
706370,275125,v1c,C9,omen,3.0,2.0,0.0,0.0,1.0,0.0,0.0,0.0,0.0,83.0,2.0,1.0,Cloud9
706370,275125,OXY,C9,neon,3.0,1.0,0.0,0.0,0.0,0.0,0.0,0.0,0.0,44.0,0.0,0.0,Cloud9
706370,275125,Jackk,C9,skye,1.0,1.0,0.0,0.0,1.0,0.0,0.0,0.0,0.0,43.0,5.0,0.0,Cloud9
706370,275125,saadhak,KRÜ,omen,0.0,0.0,0.0,0.0,0.0,0.0,0.0,0.0,0.0,40.0,1.0,0.0,KRÜ Esports
706370,275125,mwzera,KRÜ,fade,2.0,1.0,0.0,0.0,0.0,0.0,0.0,0.0,0.0,45.0,0.0,0.0,KRÜ Esports
706370,275125,Less,KRÜ,viper,3.0,0.0,0.0,0.0,0.0,0.0,0.0,0.0,0.0,59.0,1.0,1.0,KRÜ Esports
706370,275125,heat,KRÜ,phoenix,3.0,3.0,0.0,0.0,0.0,0.0,0.0,0.0,0.0,67.0,1.0,0.0,KRÜ Esports
706370,275125,Dantedeu5,KRÜ,neon,2.0,0.0,0.0,0.0,0.0,0.0,0.0,0.0,0.0,32.0,0.0,0.0,KRÜ Esports
706371,275127,BABYBAY,G2,chamber,2.0,2.0,0.0,0.0,1.0,0.0,0.0,0.0,0.0,61.0,0.0,1.0,G2 Esports
706371,275127,valyn,G2,astra,2.0,0.0,0.0,0.0,1.0,0.0,0.0,0.0,0.0,33.0,2.0,1.0,G2 Esports
706371,275127,jawgemo,G2,neon,5.0,0.0,0.0,0.0,0.0,0.0,0.0,0.0,0.0,49.0,0.0,0.0,G2 Esports
706371,275127,leaf,G2,viper,3.0,2.0,0.0,0.0,2.0,0.0,0.0,0.0,0.0,50.0,3.0,1.0,G2 Esports
706371,275127,trent,G2,sova,2.0,0.0,0.0,0.0,0.0,0.0,0.0,0.0,0.0,57.0,4.0,0.0,G2 Esports
706371,275127,johnqt,SEN,harbor,3.0,0.0,0.0,0.0,0.0,1.0,0.0,0.0,0.0,43.0,4.0,0.0,Sentinels
706371,275127,JonahP,SEN,sova,2.0,1.0,0.0,0.0,0.0,1.0,0.0,0.0,0.0,54.0,4.0,1.0,Sentinels
706371,275127,cortezia,SEN,viper,3.0,2.0,0.0,0.0,0.0,0.0,0.0,0.0,0.0,69.0,1.0,0.0,Sentinels
706371,275127,Reduxx,SEN,phoenix,5.0,1.0,0.0,0.0,0.0,0.0,0.0,0.0,0.0,45.0,0.0,2.0,Sentinels
706371,275127,Jerrwin,SEN,neon,3.0,3.0,0.0,0.0,0.0,0.0,0.0,0.0,0.0,71.0,0.0,0.0,Sentinels
706371,275128,BABYBAY,G2,vyse,4.0,0.0,1.0,0.0,0.0,0.0,0.0,0.0,0.0,58.0,0.0,4.0,G2 Esports
706371,275128,valyn,G2,omen,3.0,0.0,1.0,0.0,0.0,0.0,0.0,0.0,0.0,60.0,0.0,1.0,G2 Esports
706371,275128,jawgemo,G2,raze,2.0,0.0,0.0,0.0,0.0,0.0,0.0,0.0,0.0,45.0,1.0,0.0,G2 Esports
706371,275128,leaf,G2,viper,3.0,0.0,0.0,0.0,1.0,1.0,0.0,0.0,0.0,46.0,0.0,0.0,G2 Esports
706371,275128,trent,G2,skye,2.0,0.0,1.0,0.0,0.0,0.0,1.0,0.0,0.0,46.0,5.0,2.0,G2 Esports
706371,275128,johnqt,SEN,viper,7.0,0.0,0.0,0.0,0.0,0.0,0.0,0.0,0.0,69.0,0.0,0.0,Sentinels
706371,275128,JonahP,SEN,fade,0.0,1.0,0.0,0.0,0.0,0.0,0.0,0.0,0.0,41.0,6.0,1.0,Sentinels
706371,275128,cortezia,SEN,vyse,4.0,1.0,0.0,0.0,0.0,0.0,0.0,0.0,0.0,59.0,2.0,1.0,Sentinels
706371,275128,Reduxx,SEN,omen,2.0,0.0,0.0,0.0,0.0,0.0,0.0,0.0,0.0,32.0,2.0,0.0,Sentinels
706371,275128,Jerrwin,SEN,raze,6.0,0.0,0.0,0.0,0.0,0.0,0.0,0.0,0.0,51.0,0.0,0.0,Sentinels
706371,275129,BABYBAY,G2,chamber,2.0,0.0,0.0,0.0,1.0,0.0,0.0,0.0,0.0,47.0,0.0,1.0,G2 Esports
706371,275129,valyn,G2,omen,1.0,0.0,0.0,0.0,0.0,0.0,0.0,0.0,0.0,52.0,4.0,0.0,G2 Esports
706371,275129,jawgemo,G2,neon,2.0,2.0,0.0,0.0,0.0,0.0,0.0,0.0,0.0,42.0,0.0,0.0,G2 Esports
706371,275129,leaf,G2,viper,5.0,1.0,1.0,0.0,0.0,0.0,0.0,0.0,0.0,87.0,2.0,0.0,G2 Esports
706371,275129,trent,G2,skye,3.0,0.0,0.0,0.0,0.0,0.0,0.0,0.0,0.0,44.0,4.0,2.0,G2 Esports
706371,275129,johnqt,SEN,cypher,3.0,0.0,0.0,0.0,0.0,0.0,0.0,0.0,0.0,54.0,1.0,0.0,Sentinels
706371,275129,JonahP,SEN,skye,1.0,1.0,1.0,0.0,2.0,1.0,0.0,0.0,0.0,53.0,4.0,1.0,Sentinels
706371,275129,cortezia,SEN,viper,1.0,1.0,0.0,0.0,0.0,1.0,0.0,0.0,0.0,52.0,1.0,1.0,Sentinels
706371,275129,Reduxx,SEN,omen,2.0,1.0,0.0,0.0,0.0,0.0,0.0,0.0,0.0,50.0,1.0,0.0,Sentinels
706371,275129,Jerrwin,SEN,waylay,1.0,1.0,0.0,0.0,0.0,0.0,0.0,0.0,0.0,39.0,0.0,0.0,Sentinels
706372,275130,supamen,EG,omen,3.0,3.0,0.0,0.0,0.0,0.0,0.0,0.0,0.0,59.0,1.0,1.0,Evil Geniuses
706372,275130,Paincakes,EG,sova,2.0,0.0,1.0,0.0,0.0,1.0,0.0,0.0,0.0,47.0,5.0,0.0,Evil Geniuses
706372,275130,dgzin,EG,neon,4.0,0.0,1.0,0.0,0.0,0.0,0.0,0.0,0.0,40.0,1.0,0.0,Evil Geniuses
706372,275130,zerona,EG,viper,2.0,0.0,2.0,0.0,0.0,0.0,0.0,0.0,0.0,47.0,0.0,1.0,Evil Geniuses
706372,275130,bao,EG,cypher,1.0,2.0,0.0,0.0,0.0,0.0,0.0,0.0,0.0,34.0,1.0,1.0,Evil Geniuses
706372,275130,C0M,FUR,sova,0.0,0.0,0.0,0.0,0.0,0.0,0.0,0.0,0.0,41.0,1.0,0.0,FURIA
706372,275130,koalanoob,FUR,waylay,5.0,1.0,0.0,0.0,0.0,0.0,0.0,0.0,0.0,57.0,0.0,1.0,FURIA
706372,275130,artzin,FUR,astra,3.0,1.0,0.0,0.0,0.0,0.0,0.0,0.0,0.0,51.0,2.0,0.0,FURIA
706372,275130,Shyy,FUR,chamber,4.0,0.0,0.0,0.0,1.0,0.0,0.0,0.0,0.0,53.0,1.0,0.0,FURIA
706372,275130,basic,FUR,kayo,4.0,0.0,2.0,0.0,1.0,0.0,0.0,0.0,0.0,60.0,5.0,0.0,FURIA
706372,275131,supamen,EG,viper,1.0,1.0,0.0,0.0,0.0,0.0,0.0,0.0,0.0,54.0,0.0,0.0,Evil Geniuses
706372,275131,Paincakes,EG,sova,1.0,0.0,0.0,0.0,0.0,0.0,0.0,0.0,0.0,35.0,8.0,0.0,Evil Geniuses
706372,275131,dgzin,EG,jett,5.0,2.0,0.0,0.0,0.0,0.0,0.0,0.0,0.0,70.0,1.0,0.0,Evil Geniuses
706372,275131,zerona,EG,phoenix,1.0,0.0,0.0,0.0,0.0,0.0,0.0,0.0,0.0,32.0,1.0,2.0,Evil Geniuses
706372,275131,bao,EG,omen,5.0,1.0,0.0,0.0,1.0,0.0,0.0,0.0,0.0,80.0,0.0,1.0,Evil Geniuses
706372,275131,C0M,FUR,sova,0.0,0.0,0.0,0.0,0.0,0.0,0.0,0.0,0.0,26.0,0.0,0.0,FURIA
706372,275131,koalanoob,FUR,jett,2.0,0.0,1.0,0.0,0.0,0.0,0.0,0.0,0.0,70.0,0.0,0.0,FURIA
706372,275131,artzin,FUR,kayo,0.0,0.0,0.0,0.0,0.0,0.0,0.0,0.0,0.0,42.0,0.0,0.0,FURIA
706372,275131,Shyy,FUR,viper,1.0,1.0,0.0,0.0,0.0,0.0,0.0,0.0,0.0,33.0,0.0,0.0,FURIA
706372,275131,basic,FUR,harbor,0.0,1.0,0.0,0.0,0.0,0.0,0.0,0.0,0.0,69.0,3.0,1.0,FURIA
706373,275133,Rossy,ENVY,viper,0.0,0.0,0.0,0.0,0.0,0.0,0.0,0.0,0.0,36.0,0.0,1.0,ENVY
706373,275133,keznit,ENVY,neon,0.0,1.0,1.0,0.0,1.0,0.0,0.0,0.0,0.0,48.0,0.0,1.0,ENVY
706373,275133,GLYPH,ENVY,sova,0.0,1.0,0.0,0.0,0.0,0.0,0.0,0.0,0.0,50.0,5.0,0.0,ENVY
706373,275133,Demon1,ENVY,astra,1.0,1.0,1.0,0.0,0.0,1.0,0.0,0.0,0.0,52.0,2.0,0.0,ENVY
706373,275133,nightz,ENVY,yoru,2.0,0.0,0.0,0.0,0.0,0.0,0.0,0.0,0.0,39.0,0.0,0.0,ENVY
706373,275133,brawk,NRG,sova,4.0,1.0,0.0,0.0,0.0,0.0,0.0,0.0,0.0,80.0,1.0,3.0,NRG
706373,275133,mada,NRG,harbor,2.0,1.0,0.0,0.0,0.0,0.0,0.0,0.0,0.0,44.0,2.0,1.0,NRG
706373,275133,skuba,NRG,viper,3.0,0.0,0.0,0.0,0.0,1.0,0.0,0.0,0.0,59.0,1.0,0.0,NRG
706373,275133,Ethan,NRG,kayo,4.0,0.0,1.0,0.0,0.0,0.0,0.0,0.0,0.0,76.0,2.0,1.0,NRG
706373,275133,keiko,NRG,jett,2.0,1.0,2.0,0.0,0.0,0.0,0.0,0.0,0.0,56.0,0.0,0.0,NRG
706373,275134,Rossy,ENVY,astra,3.0,0.0,0.0,0.0,0.0,0.0,0.0,0.0,0.0,37.0,0.0,0.0,ENVY
706373,275134,keznit,ENVY,neon,4.0,0.0,0.0,0.0,0.0,0.0,0.0,0.0,0.0,47.0,0.0,0.0,ENVY
706373,275134,GLYPH,ENVY,sova,2.0,0.0,0.0,0.0,0.0,1.0,0.0,0.0,0.0,43.0,4.0,0.0,ENVY
706373,275134,Demon1,ENVY,chamber,3.0,0.0,0.0,0.0,0.0,0.0,0.0,0.0,0.0,47.0,0.0,2.0,ENVY
706373,275134,nightz,ENVY,phoenix,1.0,2.0,0.0,0.0,0.0,0.0,0.0,0.0,0.0,55.0,2.0,1.0,ENVY
706373,275134,brawk,NRG,sova,3.0,1.0,1.0,0.0,0.0,2.0,0.0,0.0,0.0,87.0,2.0,0.0,NRG
706373,275134,mada,NRG,neon,1.0,0.0,1.0,0.0,0.0,0.0,0.0,0.0,0.0,44.0,0.0,0.0,NRG
706373,275134,skuba,NRG,omen,0.0,2.0,0.0,0.0,1.0,0.0,0.0,0.0,0.0,43.0,3.0,0.0,NRG
706373,275134,Ethan,NRG,phoenix,4.0,0.0,0.0,0.0,0.0,0.0,0.0,0.0,0.0,53.0,4.0,0.0,NRG
706373,275134,keiko,NRG,chamber,4.0,0.0,0.0,0.0,0.0,0.0,0.0,0.0,0.0,79.0,0.0,1.0,NRG
706374,275136,Asuna,100T,phoenix,3.0,0.0,2.0,0.0,0.0,0.0,0.0,0.0,0.0,61.0,4.0,1.0,100 Thieves
706374,275136,bang,100T,omen,2.0,2.0,0.0,0.0,0.0,0.0,0.0,0.0,0.0,44.0,1.0,0.0,100 Thieves
706374,275136,Cryocells,100T,viper,4.0,2.0,0.0,0.0,0.0,0.0,0.0,0.0,0.0,48.0,0.0,1.0,100 Thieves
706374,275136,vora,100T,fade,1.0,1.0,0.0,0.0,0.0,0.0,0.0,0.0,0.0,29.0,2.0,0.0,100 Thieves
706374,275136,Timotino,100T,neon,2.0,3.0,0.0,0.0,0.0,0.0,0.0,0.0,0.0,55.0,1.0,1.0,100 Thieves
706374,275136,Zellsis,C9,viper,3.0,0.0,0.0,0.0,0.0,1.0,0.0,0.0,0.0,41.0,0.0,0.0,Cloud9
706374,275136,FireBallOps,C9,cypher,6.0,1.0,0.0,0.0,0.0,0.0,0.0,0.0,0.0,55.0,0.0,1.0,Cloud9
706374,275136,v1c,C9,omen,4.0,0.0,0.0,0.0,1.0,0.0,0.0,0.0,0.0,39.0,1.0,1.0,Cloud9
706374,275136,OXY,C9,neon,2.0,2.0,0.0,0.0,0.0,0.0,0.0,0.0,0.0,38.0,1.0,1.0,Cloud9
706374,275136,Jackk,C9,skye,1.0,2.0,1.0,0.0,1.0,0.0,0.0,0.0,0.0,46.0,6.0,1.0,Cloud9
706374,275137,Asuna,100T,phoenix,1.0,3.0,0.0,0.0,1.0,0.0,0.0,0.0,0.0,60.0,1.0,1.0,100 Thieves
706374,275137,bang,100T,harbor,1.0,0.0,0.0,0.0,0.0,0.0,0.0,0.0,0.0,22.0,2.0,1.0,100 Thieves
706374,275137,Cryocells,100T,cypher,4.0,0.0,0.0,0.0,0.0,0.0,0.0,0.0,0.0,45.0,0.0,0.0,100 Thieves
706374,275137,vora,100T,sova,2.0,1.0,0.0,0.0,0.0,0.0,0.0,0.0,0.0,62.0,5.0,1.0,100 Thieves
706374,275137,Timotino,100T,neon,3.0,0.0,0.0,0.0,0.0,0.0,0.0,0.0,0.0,43.0,2.0,0.0,100 Thieves
706374,275137,Zellsis,C9,viper,3.0,1.0,0.0,0.0,0.0,0.0,0.0,0.0,0.0,58.0,2.0,1.0,Cloud9
706374,275137,FireBallOps,C9,cypher,2.0,2.0,0.0,0.0,0.0,0.0,0.0,0.0,0.0,47.0,1.0,1.0,Cloud9
706374,275137,v1c,C9,harbor,0.0,0.0,0.0,0.0,0.0,0.0,0.0,0.0,0.0,34.0,4.0,0.0,Cloud9
706374,275137,OXY,C9,neon,5.0,5.0,1.0,0.0,0.0,0.0,0.0,0.0,0.0,73.0,0.0,1.0,Cloud9
706374,275137,Jackk,C9,sova,1.0,0.0,0.0,0.0,0.0,0.0,0.0,0.0,0.0,34.0,3.0,0.0,Cloud9
706375,275139,BABYBAY,G2,chamber,5.0,0.0,0.0,0.0,0.0,0.0,0.0,0.0,0.0,44.0,1.0,0.0,G2 Esports
706375,275139,valyn,G2,omen,3.0,0.0,2.0,0.0,0.0,0.0,0.0,0.0,0.0,64.0,1.0,0.0,G2 Esports
706375,275139,jawgemo,G2,neon,2.0,1.0,0.0,0.0,0.0,0.0,0.0,0.0,0.0,39.0,0.0,0.0,G2 Esports
706375,275139,leaf,G2,sage,2.0,1.0,0.0,0.0,0.0,0.0,0.0,0.0,0.0,29.0,3.0,1.0,G2 Esports
706375,275139,trent,G2,skye,5.0,1.0,0.0,0.0,2.0,0.0,0.0,0.0,0.0,34.0,8.0,2.0,G2 Esports
706375,275139,Darker,LOUD,omen,4.0,1.0,0.0,0.0,1.0,1.0,0.0,0.0,0.0,48.0,2.0,1.0,LOUD
706375,275139,DaviH,LOUD,sova,3.0,1.0,0.0,0.0,0.0,0.0,0.0,0.0,0.0,48.0,4.0,2.0,LOUD
706375,275139,lukxo,LOUD,chamber,6.0,3.0,0.0,0.0,0.0,0.0,0.0,0.0,0.0,62.0,0.0,1.0,LOUD
706375,275139,erde,LOUD,sage,2.0,2.0,0.0,0.0,0.0,0.0,0.0,0.0,0.0,46.0,5.0,1.0,LOUD
706375,275139,tkzin,LOUD,neon,4.0,0.0,0.0,0.0,0.0,0.0,0.0,0.0,0.0,43.0,0.0,0.0,LOUD
706375,275140,BABYBAY,G2,vyse,3.0,0.0,0.0,0.0,0.0,0.0,0.0,0.0,0.0,55.0,0.0,0.0,G2 Esports
706375,275140,valyn,G2,omen,0.0,0.0,0.0,0.0,0.0,0.0,0.0,0.0,0.0,18.0,0.0,0.0,G2 Esports
706375,275140,jawgemo,G2,raze,3.0,0.0,0.0,0.0,0.0,0.0,0.0,0.0,0.0,46.0,0.0,0.0,G2 Esports
706375,275140,leaf,G2,viper,0.0,0.0,0.0,0.0,0.0,0.0,0.0,0.0,0.0,28.0,0.0,0.0,G2 Esports
706375,275140,trent,G2,skye,1.0,0.0,0.0,0.0,1.0,0.0,0.0,0.0,0.0,53.0,0.0,0.0,G2 Esports
706375,275140,Darker,LOUD,viper,2.0,0.0,0.0,0.0,1.0,0.0,0.0,0.0,0.0,55.0,0.0,0.0,LOUD
706375,275140,DaviH,LOUD,fade,2.0,0.0,1.0,0.0,0.0,0.0,0.0,0.0,0.0,48.0,9.0,0.0,LOUD
706375,275140,lukxo,LOUD,chamber,2.0,0.0,0.0,1.0,1.0,0.0,0.0,0.0,0.0,73.0,0.0,0.0,LOUD
706375,275140,erde,LOUD,omen,1.0,1.0,0.0,0.0,0.0,0.0,0.0,0.0,0.0,64.0,1.0,0.0,LOUD
706375,275140,tkzin,LOUD,neon,5.0,0.0,1.0,0.0,0.0,0.0,0.0,0.0,0.0,78.0,1.0,0.0,LOUD
706376,275142,saadhak,KRÜ,kayo,0.0,0.0,0.0,0.0,0.0,0.0,0.0,0.0,0.0,46.0,1.0,1.0,KRÜ Esports
706376,275142,mwzera,KRÜ,fade,0.0,0.0,0.0,0.0,0.0,0.0,0.0,0.0,0.0,32.0,5.0,0.0,KRÜ Esports
706376,275142,Less,KRÜ,omen,2.0,1.0,0.0,0.0,0.0,0.0,0.0,0.0,0.0,59.0,0.0,0.0,KRÜ Esports
706376,275142,heat,KRÜ,chamber,2.0,1.0,0.0,0.0,0.0,0.0,0.0,0.0,0.0,39.0,0.0,1.0,KRÜ Esports
706376,275142,Dantedeu5,KRÜ,neon,4.0,0.0,0.0,0.0,0.0,0.0,0.0,0.0,0.0,45.0,0.0,1.0,KRÜ Esports
706376,275142,johnqt,SEN,harbor,2.0,0.0,0.0,0.0,0.0,0.0,0.0,0.0,0.0,43.0,5.0,1.0,Sentinels
706376,275142,JonahP,SEN,fade,3.0,1.0,0.0,0.0,0.0,0.0,0.0,0.0,0.0,46.0,5.0,0.0,Sentinels
706376,275142,cortezia,SEN,vyse,3.0,1.0,0.0,0.0,0.0,0.0,0.0,0.0,0.0,52.0,0.0,1.0,Sentinels
706376,275142,Reduxx,SEN,omen,3.0,2.0,1.0,0.0,0.0,0.0,0.0,0.0,0.0,78.0,1.0,2.0,Sentinels
706376,275142,Jerrwin,SEN,waylay,1.0,1.0,0.0,0.0,0.0,0.0,0.0,0.0,0.0,47.0,0.0,0.0,Sentinels
706376,275143,saadhak,KRÜ,kayo,3.0,1.0,0.0,0.0,1.0,0.0,0.0,0.0,0.0,66.0,7.0,1.0,KRÜ Esports
706376,275143,mwzera,KRÜ,fade,2.0,0.0,1.0,0.0,0.0,0.0,0.0,0.0,0.0,54.0,3.0,0.0,KRÜ Esports
706376,275143,Less,KRÜ,omen,5.0,0.0,1.0,0.0,0.0,0.0,0.0,0.0,0.0,74.0,1.0,0.0,KRÜ Esports
706376,275143,heat,KRÜ,chamber,4.0,1.0,0.0,0.0,0.0,0.0,0.0,0.0,0.0,91.0,0.0,0.0,KRÜ Esports
706376,275143,Dantedeu5,KRÜ,neon,1.0,0.0,1.0,0.0,0.0,0.0,0.0,0.0,0.0,43.0,0.0,1.0,KRÜ Esports
706376,275143,johnqt,SEN,cypher,1.0,0.0,0.0,0.0,0.0,0.0,0.0,0.0,0.0,37.0,0.0,0.0,Sentinels
706376,275143,JonahP,SEN,fade,0.0,0.0,0.0,0.0,0.0,0.0,0.0,0.0,0.0,44.0,1.0,0.0,Sentinels
706376,275143,cortezia,SEN,omen,1.0,2.0,0.0,0.0,0.0,1.0,1.0,0.0,0.0,51.0,1.0,2.0,Sentinels
706376,275143,Reduxx,SEN,phoenix,1.0,0.0,2.0,0.0,0.0,0.0,0.0,0.0,0.0,49.0,3.0,0.0,Sentinels
706376,275143,Jerrwin,SEN,waylay,1.0,0.0,0.0,0.0,0.0,0.0,0.0,0.0,0.0,29.0,0.0,0.0,Sentinels
706376,275144,saadhak,KRÜ,kayo,2.0,0.0,0.0,0.0,1.0,0.0,0.0,0.0,0.0,51.0,5.0,2.0,KRÜ Esports
706376,275144,mwzera,KRÜ,sova,4.0,0.0,0.0,0.0,0.0,0.0,0.0,0.0,0.0,47.0,3.0,0.0,KRÜ Esports
706376,275144,Less,KRÜ,viper,0.0,2.0,0.0,0.0,0.0,0.0,1.0,0.0,0.0,85.0,1.0,1.0,KRÜ Esports
706376,275144,heat,KRÜ,chamber,1.0,1.0,0.0,0.0,0.0,0.0,0.0,0.0,0.0,54.0,0.0,0.0,KRÜ Esports
706376,275144,Dantedeu5,KRÜ,neon,0.0,3.0,1.0,0.0,1.0,0.0,0.0,0.0,0.0,50.0,1.0,0.0,KRÜ Esports
706376,275144,johnqt,SEN,harbor,2.0,0.0,0.0,0.0,0.0,1.0,0.0,0.0,0.0,41.0,3.0,2.0,Sentinels
706376,275144,JonahP,SEN,sova,2.0,1.0,0.0,0.0,0.0,0.0,0.0,0.0,0.0,57.0,2.0,0.0,Sentinels
706376,275144,cortezia,SEN,viper,5.0,2.0,0.0,0.0,0.0,0.0,0.0,0.0,0.0,71.0,1.0,0.0,Sentinels
706376,275144,Reduxx,SEN,phoenix,3.0,1.0,0.0,0.0,0.0,0.0,0.0,0.0,0.0,44.0,0.0,0.0,Sentinels
706376,275144,Jerrwin,SEN,neon,2.0,0.0,0.0,0.0,0.0,0.0,0.0,0.0,0.0,35.0,1.0,0.0,Sentinels
706377,275145,kiNgg,LEV,viper,5.0,0.0,0.0,0.0,0.0,0.0,0.0,0.0,0.0,71.0,0.0,1.0,LEVIATÁN
706377,275145,blowz,LEV,fade,2.0,0.0,0.0,0.0,0.0,0.0,0.0,0.0,0.0,46.0,6.0,0.0,LEVIATÁN
706377,275145,Sato,LEV,phoenix,2.0,1.0,0.0,0.0,0.0,0.0,0.0,0.0,0.0,61.0,1.0,1.0,LEVIATÁN
706377,275145,spike,LEV,neon,5.0,0.0,0.0,0.0,1.0,0.0,0.0,0.0,0.0,48.0,1.0,0.0,LEVIATÁN
706377,275145,Neon,LEV,omen,2.0,2.0,0.0,0.0,0.0,0.0,0.0,0.0,0.0,62.0,0.0,0.0,LEVIATÁN
706377,275145,tex,MIBR,viper,0.0,1.0,0.0,0.0,1.0,0.0,0.0,0.0,0.0,33.0,1.0,0.0,MIBR
706377,275145,zekken,MIBR,raze,1.0,2.0,0.0,0.0,0.0,0.0,0.0,0.0,0.0,52.0,1.0,0.0,MIBR
706377,275145,Mazino,MIBR,skye,1.0,0.0,0.0,0.0,0.0,0.0,0.0,0.0,0.0,35.0,4.0,0.0,MIBR
706377,275145,aspas,MIBR,jett,4.0,1.0,0.0,0.0,1.0,1.0,0.0,0.0,0.0,55.0,0.0,0.0,MIBR
706377,275145,Verno,MIBR,omen,4.0,0.0,0.0,0.0,0.0,0.0,0.0,0.0,0.0,45.0,0.0,1.0,MIBR
706377,275146,kiNgg,LEV,omen,0.0,0.0,0.0,0.0,0.0,0.0,0.0,0.0,0.0,35.0,0.0,0.0,LEVIATÁN
706377,275146,blowz,LEV,fade,3.0,1.0,0.0,0.0,0.0,0.0,1.0,0.0,0.0,56.0,4.0,1.0,LEVIATÁN
706377,275146,Sato,LEV,phoenix,5.0,2.0,0.0,0.0,1.0,0.0,0.0,0.0,0.0,86.0,1.0,1.0,LEVIATÁN
706377,275146,spike,LEV,neon,4.0,1.0,0.0,0.0,0.0,0.0,0.0,0.0,0.0,53.0,0.0,0.0,LEVIATÁN
706377,275146,Neon,LEV,chamber,4.0,1.0,0.0,0.0,0.0,0.0,0.0,0.0,0.0,63.0,0.0,0.0,LEVIATÁN
706377,275146,tex,MIBR,cypher,2.0,0.0,0.0,0.0,0.0,0.0,0.0,0.0,0.0,43.0,0.0,0.0,MIBR
706377,275146,zekken,MIBR,phoenix,2.0,0.0,0.0,0.0,0.0,0.0,0.0,0.0,0.0,56.0,1.0,0.0,MIBR
706377,275146,Mazino,MIBR,omen,2.0,0.0,0.0,0.0,0.0,0.0,0.0,0.0,0.0,46.0,3.0,0.0,MIBR
706377,275146,aspas,MIBR,neon,2.0,1.0,0.0,0.0,0.0,0.0,0.0,0.0,0.0,57.0,0.0,0.0,MIBR
706377,275146,Verno,MIBR,sova,1.0,1.0,0.0,0.0,0.0,0.0,0.0,0.0,0.0,38.0,2.0,0.0,MIBR
706378,275148,supamen,EG,omen,1.0,0.0,0.0,0.0,0.0,0.0,0.0,0.0,0.0,28.0,0.0,0.0,Evil Geniuses
706378,275148,Paincakes,EG,fade,2.0,0.0,0.0,0.0,0.0,0.0,0.0,0.0,0.0,45.0,3.0,0.0,Evil Geniuses
706378,275148,dgzin,EG,raze,0.0,1.0,0.0,0.0,0.0,0.0,0.0,0.0,0.0,34.0,2.0,0.0,Evil Geniuses
706378,275148,zerona,EG,viper,1.0,0.0,0.0,0.0,0.0,0.0,0.0,0.0,0.0,48.0,0.0,0.0,Evil Geniuses
706378,275148,bao,EG,cypher,0.0,0.0,0.0,0.0,0.0,0.0,0.0,0.0,0.0,38.0,0.0,0.0,Evil Geniuses
706378,275148,brawk,NRG,vyse,0.0,1.0,1.0,0.0,0.0,0.0,0.0,0.0,0.0,47.0,0.0,0.0,NRG
706378,275148,mada,NRG,raze,5.0,0.0,1.0,0.0,1.0,0.0,0.0,0.0,0.0,92.0,0.0,2.0,NRG
706378,275148,skuba,NRG,viper,2.0,1.0,0.0,0.0,1.0,0.0,0.0,0.0,0.0,75.0,0.0,0.0,NRG
706378,275148,Ethan,NRG,fade,2.0,0.0,0.0,0.0,0.0,1.0,0.0,0.0,0.0,33.0,1.0,1.0,NRG
706378,275148,keiko,NRG,omen,4.0,2.0,1.0,0.0,0.0,0.0,0.0,0.0,0.0,92.0,1.0,1.0,NRG
706378,275149,supamen,EG,viper,6.0,0.0,0.0,0.0,0.0,0.0,0.0,0.0,0.0,65.0,0.0,0.0,Evil Geniuses
706378,275149,Paincakes,EG,sova,2.0,0.0,0.0,0.0,0.0,0.0,0.0,0.0,0.0,25.0,4.0,0.0,Evil Geniuses
706378,275149,dgzin,EG,jett,2.0,0.0,2.0,0.0,0.0,0.0,0.0,0.0,0.0,47.0,1.0,0.0,Evil Geniuses
706378,275149,zerona,EG,phoenix,2.0,1.0,0.0,0.0,0.0,0.0,0.0,0.0,0.0,65.0,1.0,1.0,Evil Geniuses
706378,275149,bao,EG,omen,4.0,0.0,0.0,0.0,0.0,0.0,0.0,0.0,0.0,45.0,2.0,0.0,Evil Geniuses
706378,275149,brawk,NRG,sova,1.0,0.0,1.0,0.0,0.0,0.0,1.0,0.0,0.0,79.0,3.0,1.0,NRG
706378,275149,mada,NRG,harbor,2.0,1.0,0.0,0.0,0.0,0.0,0.0,0.0,0.0,54.0,1.0,1.0,NRG
706378,275149,skuba,NRG,viper,1.0,1.0,0.0,0.0,1.0,0.0,0.0,0.0,0.0,53.0,2.0,0.0,NRG
706378,275149,Ethan,NRG,kayo,3.0,1.0,0.0,0.0,1.0,0.0,0.0,0.0,0.0,38.0,3.0,1.0,NRG
706378,275149,keiko,NRG,jett,0.0,1.0,0.0,1.0,0.0,0.0,0.0,0.0,0.0,47.0,1.0,1.0,NRG
706379,275151,Darker,LOUD,omen,4.0,2.0,0.0,0.0,0.0,0.0,0.0,0.0,0.0,58.0,0.0,0.0,LOUD
706379,275151,DaviH,LOUD,fade,1.0,0.0,0.0,0.0,0.0,0.0,0.0,0.0,0.0,44.0,2.0,0.0,LOUD
706379,275151,lukxo,LOUD,chamber,5.0,0.0,0.0,0.0,0.0,0.0,0.0,0.0,0.0,43.0,1.0,0.0,LOUD
706379,275151,erde,LOUD,sage,3.0,0.0,0.0,0.0,0.0,0.0,0.0,0.0,0.0,54.0,1.0,1.0,LOUD
706379,275151,tkzin,LOUD,neon,4.0,1.0,0.0,0.0,0.0,0.0,0.0,0.0,0.0,52.0,1.0,0.0,LOUD
706379,275151,Asuna,100T,phoenix,4.0,5.0,0.0,0.0,0.0,0.0,0.0,0.0,0.0,93.0,1.0,0.0,100 Thieves
706379,275151,bang,100T,harbor,2.0,1.0,0.0,1.0,2.0,0.0,0.0,0.0,0.0,52.0,2.0,1.0,100 Thieves
706379,275151,Cryocells,100T,cypher,2.0,0.0,0.0,0.0,0.0,0.0,0.0,0.0,0.0,34.0,0.0,0.0,100 Thieves
706379,275151,vora,100T,fade,4.0,0.0,0.0,0.0,0.0,0.0,0.0,0.0,0.0,38.0,2.0,0.0,100 Thieves
706379,275151,Timotino,100T,neon,3.0,1.0,0.0,0.0,0.0,1.0,0.0,0.0,0.0,51.0,0.0,1.0,100 Thieves
706379,275152,Darker,LOUD,omen,3.0,0.0,0.0,0.0,1.0,0.0,0.0,0.0,0.0,35.0,0.0,1.0,LOUD
706379,275152,DaviH,LOUD,sova,2.0,1.0,0.0,0.0,1.0,0.0,0.0,0.0,0.0,44.0,4.0,1.0,LOUD
706379,275152,lukxo,LOUD,chamber,5.0,1.0,0.0,0.0,0.0,0.0,0.0,0.0,0.0,64.0,0.0,0.0,LOUD
706379,275152,erde,LOUD,phoenix,2.0,1.0,0.0,0.0,0.0,0.0,0.0,0.0,0.0,47.0,1.0,0.0,LOUD
706379,275152,tkzin,LOUD,neon,1.0,2.0,0.0,0.0,1.0,0.0,0.0,0.0,0.0,50.0,0.0,1.0,LOUD
706379,275152,Asuna,100T,phoenix,0.0,0.0,0.0,0.0,0.0,0.0,0.0,0.0,0.0,39.0,2.0,0.0,100 Thieves
706379,275152,bang,100T,omen,4.0,3.0,0.0,0.0,0.0,0.0,0.0,0.0,0.0,65.0,4.0,0.0,100 Thieves
706379,275152,Cryocells,100T,cypher,4.0,0.0,0.0,0.0,0.0,0.0,0.0,0.0,0.0,49.0,0.0,1.0,100 Thieves
706379,275152,vora,100T,sova,4.0,0.0,0.0,0.0,1.0,0.0,0.0,0.0,0.0,65.0,1.0,1.0,100 Thieves
706379,275152,Timotino,100T,neon,0.0,2.0,0.0,1.0,0.0,0.0,0.0,0.0,0.0,53.0,0.0,0.0,100 Thieves
729742,278962,saadhak,KRÜ,kayo,0.0,1.0,0.0,0.0,0.0,0.0,0.0,0.0,0.0,44.0,2.0,0.0,KRÜ Esports
729742,278962,mwzera,KRÜ,sova,0.0,0.0,0.0,0.0,0.0,0.0,0.0,0.0,0.0,28.0,3.0,0.0,KRÜ Esports
729742,278962,Less,KRÜ,viper,2.0,0.0,0.0,0.0,0.0,0.0,0.0,0.0,0.0,41.0,0.0,0.0,KRÜ Esports
729742,278962,heat,KRÜ,chamber,3.0,0.0,0.0,0.0,0.0,0.0,1.0,0.0,0.0,45.0,0.0,0.0,KRÜ Esports
729742,278962,Dantedeu5,KRÜ,neon,2.0,0.0,0.0,0.0,0.0,0.0,0.0,0.0,0.0,49.0,1.0,0.0,KRÜ Esports
729742,278962,Melser,BST,sova,1.0,0.0,0.0,0.0,0.0,0.0,0.0,0.0,0.0,50.0,0.0,0.0,BESTIA
729742,278962,Tacolilla,BST,neon,5.0,1.0,1.0,0.0,0.0,0.0,0.0,0.0,0.0,96.0,1.0,1.0,BESTIA
729742,278962,david,BST,cypher,1.0,1.0,1.0,0.0,0.0,0.0,1.0,0.0,0.0,59.0,0.0,0.0,BESTIA
729742,278962,chubizin,BST,harbor,2.0,1.0,0.0,0.0,0.0,0.0,0.0,0.0,0.0,42.0,3.0,1.0,BESTIA
729742,278962,Loss,BST,jett,2.0,2.0,0.0,0.0,1.0,0.0,0.0,0.0,0.0,64.0,0.0,1.0,BESTIA
729742,278963,saadhak,KRÜ,kayo,1.0,0.0,0.0,0.0,0.0,0.0,0.0,0.0,0.0,46.0,9.0,0.0,KRÜ Esports
729742,278963,mwzera,KRÜ,fade,3.0,1.0,0.0,0.0,0.0,0.0,0.0,0.0,0.0,73.0,0.0,0.0,KRÜ Esports
729742,278963,Less,KRÜ,omen,3.0,0.0,0.0,0.0,0.0,0.0,0.0,0.0,0.0,77.0,1.0,0.0,KRÜ Esports
729742,278963,heat,KRÜ,chamber,5.0,0.0,0.0,0.0,0.0,1.0,0.0,0.0,0.0,103.0,0.0,1.0,KRÜ Esports
729742,278963,Dantedeu5,KRÜ,neon,4.0,0.0,0.0,0.0,0.0,0.0,0.0,0.0,0.0,49.0,1.0,0.0,KRÜ Esports
729742,278963,Melser,BST,omen,1.0,0.0,0.0,0.0,0.0,0.0,0.0,0.0,0.0,45.0,0.0,0.0,BESTIA
729742,278963,Tacolilla,BST,neon,2.0,1.0,0.0,0.0,0.0,0.0,0.0,0.0,0.0,49.0,0.0,0.0,BESTIA
729742,278963,david,BST,cypher,1.0,0.0,0.0,0.0,0.0,0.0,0.0,0.0,0.0,41.0,0.0,0.0,BESTIA
729742,278963,chubizin,BST,fade,1.0,0.0,0.0,0.0,0.0,0.0,0.0,0.0,0.0,23.0,1.0,0.0,BESTIA
729742,278963,Loss,BST,chamber,0.0,1.0,0.0,0.0,0.0,0.0,0.0,0.0,0.0,39.0,0.0,0.0,BESTIA
729742,278964,saadhak,KRÜ,kayo,1.0,0.0,0.0,0.0,2.0,0.0,0.0,0.0,0.0,41.0,1.0,1.0,KRÜ Esports
729742,278964,mwzera,KRÜ,fade,5.0,1.0,0.0,0.0,0.0,0.0,0.0,0.0,0.0,80.0,3.0,0.0,KRÜ Esports
729742,278964,Less,KRÜ,omen,4.0,0.0,0.0,0.0,0.0,0.0,0.0,0.0,0.0,69.0,0.0,0.0,KRÜ Esports
729742,278964,heat,KRÜ,chamber,4.0,0.0,0.0,0.0,1.0,0.0,0.0,0.0,0.0,55.0,0.0,0.0,KRÜ Esports
729742,278964,Dantedeu5,KRÜ,neon,4.0,0.0,0.0,0.0,0.0,0.0,0.0,0.0,0.0,62.0,1.0,0.0,KRÜ Esports
729742,278964,Melser,BST,omen,2.0,0.0,0.0,0.0,0.0,0.0,0.0,0.0,0.0,35.0,1.0,0.0,BESTIA
729742,278964,Tacolilla,BST,waylay,3.0,0.0,0.0,0.0,0.0,0.0,0.0,0.0,0.0,55.0,0.0,1.0,BESTIA
729742,278964,david,BST,viper,1.0,0.0,0.0,0.0,1.0,0.0,0.0,0.0,0.0,64.0,0.0,0.0,BESTIA
729742,278964,chubizin,BST,fade,4.0,0.0,0.0,0.0,0.0,0.0,0.0,0.0,0.0,42.0,2.0,0.0,BESTIA
729742,278964,Loss,BST,sage,0.0,1.0,0.0,0.0,1.0,0.0,0.0,0.0,0.0,26.0,2.0,0.0,BESTIA
729743,278965,Rossy,ENVY,omen,1.0,1.0,0.0,0.0,1.0,0.0,0.0,0.0,0.0,31.0,1.0,1.0,ENVY
729743,278965,keznit,ENVY,neon,5.0,1.0,0.0,0.0,0.0,0.0,0.0,0.0,0.0,73.0,2.0,0.0,ENVY
729743,278965,GLYPH,ENVY,sova,1.0,0.0,0.0,0.0,0.0,0.0,0.0,0.0,0.0,35.0,2.0,0.0,ENVY
729743,278965,Demon1,ENVY,chamber,2.0,1.0,1.0,0.0,0.0,0.0,0.0,0.0,0.0,86.0,0.0,0.0,ENVY
729743,278965,nightz,ENVY,phoenix,2.0,3.0,0.0,0.0,0.0,0.0,0.0,0.0,0.0,69.0,3.0,1.0,ENVY
729743,278965,NiSMO,M80,deadlock,2.0,1.0,0.0,0.0,0.0,0.0,0.0,0.0,0.0,58.0,0.0,0.0,M80
729743,278965,Spaz,M80,omen,2.0,0.0,0.0,0.0,0.0,0.0,0.0,0.0,0.0,40.0,0.0,0.0,M80
729743,278965,alvinboy,M80,cypher,2.0,0.0,0.0,0.0,0.0,1.0,0.0,0.0,0.0,46.0,0.0,1.0,M80
729743,278965,Boni,M80,waylay,3.0,1.0,0.0,0.0,0.0,0.0,0.0,0.0,0.0,70.0,2.0,0.0,M80
729743,278965,Kyu,M80,sova,0.0,0.0,0.0,0.0,0.0,0.0,0.0,0.0,0.0,34.0,1.0,1.0,M80
729743,278966,Rossy,ENVY,viper,2.0,0.0,0.0,0.0,0.0,0.0,0.0,0.0,0.0,46.0,0.0,0.0,ENVY
729743,278966,keznit,ENVY,neon,5.0,3.0,0.0,0.0,0.0,0.0,0.0,0.0,0.0,67.0,1.0,0.0,ENVY
729743,278966,GLYPH,ENVY,fade,1.0,0.0,0.0,0.0,0.0,0.0,0.0,0.0,0.0,39.0,4.0,0.0,ENVY
729743,278966,Demon1,ENVY,omen,1.0,2.0,0.0,0.0,0.0,0.0,1.0,0.0,0.0,56.0,2.0,1.0,ENVY
729743,278966,nightz,ENVY,phoenix,1.0,0.0,0.0,0.0,0.0,0.0,0.0,0.0,0.0,38.0,1.0,1.0,ENVY
729743,278966,NiSMO,M80,raze,2.0,1.0,0.0,0.0,0.0,0.0,0.0,0.0,0.0,61.0,0.0,0.0,M80
729743,278966,Spaz,M80,viper,5.0,1.0,0.0,0.0,0.0,0.0,0.0,0.0,0.0,65.0,0.0,0.0,M80
729743,278966,alvinboy,M80,omen,3.0,1.0,0.0,0.0,0.0,0.0,0.0,0.0,0.0,41.0,2.0,0.0,M80
729743,278966,Boni,M80,neon,3.0,2.0,0.0,0.0,0.0,0.0,0.0,0.0,0.0,45.0,0.0,0.0,M80
729743,278966,Kyu,M80,fade,0.0,1.0,0.0,0.0,0.0,0.0,0.0,0.0,0.0,44.0,7.0,0.0,M80
729744,278968,C0M,FUR,sova,1.0,0.0,0.0,0.0,0.0,0.0,0.0,0.0,0.0,40.0,3.0,0.0,FURIA
729744,278968,koalanoob,FUR,neon,1.0,0.0,0.0,0.0,0.0,0.0,0.0,0.0,0.0,28.0,0.0,0.0,FURIA
729744,278968,artzin,FUR,omen,3.0,0.0,0.0,0.0,0.0,0.0,0.0,0.0,0.0,38.0,1.0,0.0,FURIA
729744,278968,Shyy,FUR,vyse,5.0,1.0,0.0,0.0,0.0,0.0,0.0,0.0,0.0,66.0,1.0,0.0,FURIA
729744,278968,basic,FUR,phoenix,6.0,2.0,0.0,0.0,0.0,0.0,0.0,0.0,0.0,69.0,1.0,0.0,FURIA
729744,278968,frz,2G,sova,0.0,0.0,1.0,0.0,0.0,0.0,0.0,0.0,0.0,45.0,2.0,0.0,2Game Esports
729744,278968,qck,2G,phoenix,6.0,0.0,0.0,0.0,0.0,0.0,0.0,0.0,0.0,54.0,2.0,1.0,2Game Esports
729744,278968,gobera,2G,jett,7.0,1.0,0.0,0.0,0.0,1.0,0.0,0.0,0.0,67.0,0.0,1.0,2Game Esports
729744,278968,xenom,2G,omen,2.0,0.0,0.0,0.0,0.0,0.0,0.0,0.0,0.0,64.0,1.0,0.0,2Game Esports
729744,278968,Brinks,2G,cypher,3.0,0.0,0.0,0.0,0.0,0.0,0.0,0.0,0.0,44.0,0.0,0.0,2Game Esports
729744,278969,C0M,FUR,fade,2.0,0.0,0.0,0.0,0.0,0.0,0.0,0.0,0.0,44.0,0.0,0.0,FURIA
729744,278969,koalanoob,FUR,neon,3.0,1.0,0.0,0.0,0.0,0.0,0.0,0.0,0.0,50.0,0.0,0.0,FURIA
729744,278969,artzin,FUR,omen,1.0,1.0,0.0,0.0,0.0,0.0,0.0,0.0,0.0,33.0,1.0,1.0,FURIA
729744,278969,Shyy,FUR,viper,2.0,0.0,1.0,0.0,0.0,0.0,0.0,0.0,0.0,69.0,0.0,2.0,FURIA
729744,278969,basic,FUR,phoenix,4.0,1.0,0.0,0.0,0.0,1.0,0.0,0.0,0.0,74.0,2.0,5.0,FURIA
729744,278969,frz,2G,skye,4.0,0.0,0.0,0.0,0.0,0.0,0.0,0.0,0.0,50.0,6.0,0.0,2Game Esports
729744,278969,qck,2G,jett,2.0,2.0,0.0,0.0,0.0,0.0,0.0,0.0,0.0,64.0,1.0,0.0,2Game Esports
729744,278969,gobera,2G,raze,2.0,0.0,0.0,0.0,0.0,0.0,0.0,0.0,0.0,58.0,1.0,0.0,2Game Esports
729744,278969,xenom,2G,viper,2.0,0.0,0.0,0.0,1.0,0.0,0.0,0.0,0.0,51.0,1.0,0.0,2Game Esports
729744,278969,Brinks,2G,omen,2.0,1.0,0.0,0.0,0.0,1.0,0.0,0.0,0.0,47.0,1.0,0.0,2Game Esports
729744,278970,C0M,FUR,fade,2.0,0.0,0.0,0.0,0.0,0.0,0.0,0.0,0.0,36.0,5.0,0.0,FURIA
729744,278970,koalanoob,FUR,neon,4.0,1.0,0.0,0.0,0.0,0.0,0.0,0.0,0.0,49.0,0.0,0.0,FURIA
729744,278970,artzin,FUR,omen,4.0,2.0,1.0,0.0,0.0,0.0,0.0,0.0,0.0,82.0,0.0,0.0,FURIA
729744,278970,Shyy,FUR,cypher,4.0,0.0,0.0,0.0,0.0,0.0,0.0,0.0,0.0,45.0,2.0,0.0,FURIA
729744,278970,basic,FUR,phoenix,3.0,1.0,0.0,0.0,1.0,0.0,0.0,0.0,0.0,68.0,1.0,1.0,FURIA
729744,278970,frz,2G,sova,3.0,1.0,0.0,0.0,0.0,1.0,0.0,0.0,0.0,48.0,0.0,3.0,2Game Esports
729744,278970,qck,2G,phoenix,0.0,1.0,0.0,0.0,0.0,0.0,0.0,0.0,0.0,35.0,1.0,0.0,2Game Esports
729744,278970,gobera,2G,neon,4.0,2.0,0.0,0.0,0.0,0.0,0.0,0.0,0.0,64.0,0.0,0.0,2Game Esports
729744,278970,xenom,2G,omen,3.0,0.0,0.0,0.0,0.0,0.0,0.0,0.0,0.0,39.0,1.0,0.0,2Game Esports
729744,278970,Brinks,2G,cypher,3.0,0.0,0.0,0.0,0.0,0.0,0.0,0.0,0.0,55.0,1.0,0.0,2Game Esports
729745,278971,Zellsis,C9,viper,1.0,1.0,0.0,0.0,0.0,0.0,0.0,0.0,0.0,32.0,3.0,0.0,Cloud9
729745,278971,FireBallOps,C9,vyse,2.0,0.0,0.0,0.0,0.0,1.0,0.0,0.0,0.0,63.0,0.0,0.0,Cloud9
729745,278971,v1c,C9,omen,1.0,0.0,0.0,0.0,0.0,1.0,0.0,0.0,0.0,38.0,0.0,2.0,Cloud9
729745,278971,OXY,C9,yoru,2.0,1.0,0.0,0.0,0.0,0.0,0.0,0.0,0.0,59.0,1.0,0.0,Cloud9
729745,278971,Jackk,C9,fade,3.0,1.0,0.0,0.0,0.0,0.0,0.0,0.0,0.0,39.0,1.0,2.0,Cloud9
729745,278971,tuyz,FX,omen,2.0,1.0,0.0,0.0,1.0,0.0,0.0,0.0,0.0,68.0,3.0,1.0,Fluxo W7M
729745,278971,Zanatsu,FX,neon,3.0,1.0,0.0,0.0,0.0,0.0,0.0,0.0,0.0,47.0,0.0,0.0,Fluxo W7M
729745,278971,mazin,FX,fade,0.0,1.0,0.0,0.0,0.0,0.0,0.0,0.0,0.0,39.0,6.0,1.0,Fluxo W7M
729745,278971,jzz,FX,vyse,2.0,0.0,0.0,0.0,1.0,0.0,0.0,0.0,0.0,52.0,0.0,0.0,Fluxo W7M
729745,278971,Palla,FX,waylay,5.0,1.0,1.0,0.0,0.0,0.0,0.0,0.0,0.0,67.0,2.0,0.0,Fluxo W7M
729745,278972,Zellsis,C9,viper,1.0,0.0,0.0,0.0,0.0,0.0,0.0,0.0,0.0,32.0,0.0,0.0,Cloud9
729745,278972,FireBallOps,C9,cypher,4.0,1.0,0.0,0.0,0.0,0.0,0.0,0.0,0.0,51.0,1.0,1.0,Cloud9
729745,278972,v1c,C9,harbor,3.0,1.0,0.0,0.0,0.0,0.0,0.0,0.0,0.0,46.0,3.0,0.0,Cloud9
729745,278972,OXY,C9,neon,2.0,3.0,1.0,0.0,1.0,0.0,0.0,0.0,0.0,96.0,0.0,0.0,Cloud9
729745,278972,Jackk,C9,sova,4.0,0.0,0.0,0.0,1.0,0.0,0.0,0.0,0.0,74.0,0.0,0.0,Cloud9
729745,278972,tuyz,FX,harbor,0.0,0.0,0.0,0.0,0.0,0.0,0.0,0.0,0.0,42.0,0.0,0.0,Fluxo W7M
729745,278972,Zanatsu,FX,sova,2.0,1.0,0.0,0.0,0.0,0.0,0.0,0.0,0.0,74.0,1.0,0.0,Fluxo W7M
729745,278972,mazin,FX,omen,3.0,0.0,0.0,0.0,1.0,0.0,0.0,0.0,0.0,49.0,0.0,0.0,Fluxo W7M
729745,278972,jzz,FX,vyse,0.0,1.0,0.0,0.0,0.0,0.0,0.0,0.0,0.0,27.0,1.0,1.0,Fluxo W7M
729745,278972,Palla,FX,neon,3.0,1.0,0.0,0.0,0.0,0.0,0.0,0.0,0.0,52.0,1.0,0.0,Fluxo W7M
729745,278973,Zellsis,C9,viper,4.0,0.0,0.0,0.0,1.0,0.0,0.0,0.0,0.0,66.0,0.0,1.0,Cloud9
729745,278973,FireBallOps,C9,cypher,2.0,1.0,0.0,0.0,0.0,0.0,0.0,0.0,0.0,53.0,0.0,0.0,Cloud9
729745,278973,v1c,C9,omen,0.0,1.0,0.0,0.0,0.0,0.0,0.0,0.0,0.0,30.0,1.0,1.0,Cloud9
729745,278973,OXY,C9,neon,6.0,1.0,0.0,0.0,0.0,0.0,0.0,0.0,0.0,89.0,0.0,0.0,Cloud9
729745,278973,Jackk,C9,skye,2.0,1.0,0.0,0.0,1.0,1.0,0.0,0.0,0.0,73.0,4.0,1.0,Cloud9
729745,278973,tuyz,FX,astra,2.0,0.0,0.0,0.0,0.0,0.0,0.0,0.0,0.0,59.0,3.0,0.0,Fluxo W7M
729745,278973,Zanatsu,FX,raze,4.0,0.0,0.0,0.0,0.0,0.0,0.0,0.0,0.0,54.0,0.0,0.0,Fluxo W7M
729745,278973,mazin,FX,skye,0.0,0.0,0.0,0.0,0.0,0.0,0.0,0.0,0.0,21.0,1.0,0.0,Fluxo W7M
729745,278973,jzz,FX,viper,0.0,0.0,1.0,0.0,0.0,0.0,0.0,0.0,0.0,46.0,1.0,0.0,Fluxo W7M
729745,278973,Palla,FX,jett,1.0,2.0,0.0,0.0,0.0,0.0,0.0,0.0,0.0,59.0,2.0,0.0,Fluxo W7M
729746,278974,tex,MIBR,cypher,0.0,1.0,0.0,0.0,0.0,0.0,0.0,0.0,0.0,66.0,0.0,1.0,MIBR
729746,278974,zekken,MIBR,phoenix,2.0,2.0,0.0,0.0,0.0,1.0,0.0,0.0,0.0,54.0,3.0,1.0,MIBR
729746,278974,Mazino,MIBR,harbor,1.0,1.0,0.0,0.0,0.0,0.0,0.0,0.0,0.0,42.0,4.0,1.0,MIBR
729746,278974,aspas,MIBR,neon,3.0,1.0,0.0,0.0,0.0,0.0,0.0,0.0,0.0,64.0,0.0,0.0,MIBR
729746,278974,Verno,MIBR,sova,6.0,1.0,1.0,0.0,1.0,0.0,0.0,0.0,0.0,77.0,0.0,1.0,MIBR
729746,278974,saadhak,KRÜ,kayo,0.0,1.0,0.0,0.0,0.0,0.0,0.0,0.0,0.0,39.0,1.0,1.0,KRÜ Esports
729746,278974,mwzera,KRÜ,sova,4.0,2.0,0.0,0.0,0.0,0.0,0.0,0.0,0.0,86.0,5.0,0.0,KRÜ Esports
729746,278974,Less,KRÜ,harbor,1.0,1.0,0.0,0.0,0.0,0.0,0.0,0.0,0.0,42.0,1.0,0.0,KRÜ Esports
729746,278974,heat,KRÜ,chamber,1.0,0.0,0.0,0.0,0.0,0.0,0.0,0.0,0.0,38.0,0.0,0.0,KRÜ Esports
729746,278974,Dantedeu5,KRÜ,neon,0.0,1.0,0.0,0.0,0.0,0.0,0.0,0.0,0.0,35.0,1.0,0.0,KRÜ Esports
729746,278975,tex,MIBR,cypher,2.0,1.0,0.0,0.0,0.0,0.0,0.0,0.0,0.0,58.0,0.0,0.0,MIBR
729746,278975,zekken,MIBR,phoenix,6.0,1.0,0.0,0.0,0.0,0.0,0.0,0.0,0.0,70.0,3.0,0.0,MIBR
729746,278975,Mazino,MIBR,omen,3.0,3.0,0.0,0.0,1.0,0.0,0.0,0.0,0.0,74.0,3.0,0.0,MIBR
729746,278975,aspas,MIBR,neon,3.0,0.0,0.0,0.0,0.0,0.0,0.0,0.0,0.0,36.0,0.0,0.0,MIBR
729746,278975,Verno,MIBR,sova,3.0,0.0,0.0,0.0,0.0,0.0,0.0,0.0,0.0,45.0,3.0,0.0,MIBR
729746,278975,saadhak,KRÜ,kayo,1.0,0.0,0.0,0.0,0.0,0.0,0.0,0.0,0.0,44.0,0.0,1.0,KRÜ Esports
729746,278975,mwzera,KRÜ,fade,4.0,1.0,0.0,0.0,0.0,0.0,0.0,0.0,0.0,64.0,2.0,1.0,KRÜ Esports
729746,278975,Less,KRÜ,omen,4.0,0.0,0.0,0.0,0.0,0.0,0.0,0.0,0.0,46.0,0.0,0.0,KRÜ Esports
729746,278975,heat,KRÜ,chamber,3.0,0.0,0.0,0.0,0.0,0.0,0.0,0.0,0.0,63.0,0.0,0.0,KRÜ Esports
729746,278975,Dantedeu5,KRÜ,neon,2.0,0.0,0.0,0.0,0.0,0.0,0.0,0.0,0.0,48.0,0.0,0.0,KRÜ Esports
729747,278977,johnqt,SEN,omen,3.0,0.0,0.0,0.0,0.0,0.0,0.0,0.0,0.0,45.0,2.0,0.0,Sentinels
729747,278977,JonahP,SEN,sova,2.0,1.0,0.0,0.0,1.0,0.0,0.0,0.0,0.0,44.0,5.0,0.0,Sentinels
729747,278977,cortezia,SEN,cypher,2.0,0.0,0.0,0.0,0.0,0.0,0.0,0.0,0.0,46.0,0.0,1.0,Sentinels
729747,278977,Reduxx,SEN,phoenix,3.0,0.0,0.0,0.0,0.0,0.0,0.0,0.0,0.0,51.0,1.0,0.0,Sentinels
729747,278977,Jerrwin,SEN,neon,3.0,4.0,0.0,0.0,0.0,0.0,0.0,0.0,0.0,74.0,0.0,1.0,Sentinels
729747,278977,Rossy,ENVY,omen,2.0,0.0,0.0,0.0,0.0,0.0,0.0,0.0,0.0,41.0,1.0,2.0,ENVY
729747,278977,keznit,ENVY,neon,2.0,1.0,0.0,0.0,0.0,0.0,0.0,0.0,0.0,41.0,1.0,0.0,ENVY
729747,278977,GLYPH,ENVY,sova,3.0,1.0,1.0,0.0,1.0,0.0,0.0,1.0,0.0,65.0,4.0,0.0,ENVY
729747,278977,Demon1,ENVY,chamber,6.0,1.0,0.0,0.0,0.0,0.0,0.0,0.0,0.0,63.0,0.0,1.0,ENVY
729747,278977,nightz,ENVY,phoenix,3.0,0.0,0.0,0.0,0.0,0.0,0.0,0.0,0.0,45.0,2.0,1.0,ENVY
729747,278978,johnqt,SEN,harbor,1.0,1.0,0.0,0.0,0.0,0.0,0.0,0.0,0.0,52.0,3.0,0.0,Sentinels
729747,278978,JonahP,SEN,fade,3.0,1.0,0.0,0.0,0.0,0.0,0.0,0.0,0.0,46.0,0.0,1.0,Sentinels
729747,278978,cortezia,SEN,vyse,2.0,0.0,0.0,0.0,1.0,0.0,0.0,0.0,0.0,77.0,0.0,1.0,Sentinels
729747,278978,Reduxx,SEN,omen,1.0,0.0,0.0,0.0,0.0,0.0,0.0,0.0,0.0,51.0,0.0,0.0,Sentinels
729747,278978,Jerrwin,SEN,waylay,2.0,1.0,0.0,0.0,0.0,0.0,0.0,0.0,0.0,42.0,0.0,0.0,Sentinels
729747,278978,Rossy,ENVY,sage,2.0,0.0,1.0,0.0,1.0,2.0,0.0,0.0,0.0,50.0,6.0,1.0,ENVY
729747,278978,keznit,ENVY,neon,1.0,0.0,0.0,0.0,0.0,0.0,0.0,0.0,0.0,47.0,0.0,0.0,ENVY
729747,278978,GLYPH,ENVY,fade,0.0,0.0,0.0,0.0,1.0,0.0,0.0,0.0,0.0,27.0,1.0,1.0,ENVY
729747,278978,Demon1,ENVY,chamber,3.0,3.0,0.0,0.0,1.0,0.0,1.0,0.0,0.0,91.0,1.0,1.0,ENVY
729747,278978,nightz,ENVY,omen,4.0,1.0,0.0,0.0,0.0,0.0,0.0,0.0,0.0,82.0,3.0,0.0,ENVY
729748,278980,BABYBAY,G2,chamber,1.0,0.0,0.0,0.0,0.0,0.0,0.0,0.0,0.0,32.0,1.0,0.0,G2 Esports
729748,278980,valyn,G2,omen,1.0,0.0,1.0,0.0,0.0,0.0,0.0,0.0,0.0,47.0,0.0,0.0,G2 Esports
729748,278980,jawgemo,G2,neon,4.0,2.0,0.0,0.0,0.0,0.0,0.0,0.0,0.0,64.0,1.0,1.0,G2 Esports
729748,278980,leaf,G2,viper,7.0,1.0,1.0,0.0,1.0,0.0,0.0,0.0,0.0,53.0,0.0,1.0,G2 Esports
729748,278980,trent,G2,skye,4.0,0.0,0.0,0.0,0.0,0.0,0.0,0.0,0.0,40.0,6.0,2.0,G2 Esports
729748,278980,C0M,FUR,fade,5.0,0.0,0.0,0.0,0.0,1.0,0.0,0.0,0.0,66.0,5.0,1.0,FURIA
729748,278980,koalanoob,FUR,neon,2.0,4.0,0.0,0.0,0.0,0.0,0.0,0.0,0.0,49.0,2.0,1.0,FURIA
729748,278980,artzin,FUR,omen,1.0,0.0,0.0,0.0,0.0,0.0,0.0,0.0,0.0,22.0,1.0,0.0,FURIA
729748,278980,Shyy,FUR,viper,4.0,1.0,0.0,0.0,0.0,0.0,0.0,0.0,0.0,55.0,0.0,0.0,FURIA
729748,278980,basic,FUR,phoenix,3.0,1.0,0.0,0.0,0.0,0.0,0.0,0.0,0.0,32.0,1.0,0.0,FURIA
729748,278981,BABYBAY,G2,chamber,2.0,0.0,0.0,0.0,0.0,0.0,0.0,0.0,0.0,33.0,0.0,0.0,G2 Esports
729748,278981,valyn,G2,astra,4.0,1.0,0.0,0.0,0.0,0.0,0.0,0.0,0.0,57.0,4.0,1.0,G2 Esports
729748,278981,jawgemo,G2,phoenix,6.0,0.0,0.0,0.0,0.0,0.0,0.0,0.0,0.0,48.0,1.0,1.0,G2 Esports
729748,278981,leaf,G2,yoru,2.0,0.0,0.0,0.0,1.0,0.0,0.0,0.0,0.0,44.0,1.0,0.0,G2 Esports
729748,278981,trent,G2,fade,1.0,2.0,0.0,0.0,0.0,0.0,0.0,0.0,0.0,66.0,5.0,0.0,G2 Esports
729748,278981,C0M,FUR,sova,1.0,0.0,0.0,0.0,0.0,0.0,0.0,0.0,0.0,52.0,7.0,1.0,FURIA
729748,278981,koalanoob,FUR,neon,2.0,2.0,0.0,0.0,0.0,0.0,0.0,0.0,0.0,40.0,0.0,0.0,FURIA
729748,278981,artzin,FUR,astra,2.0,1.0,1.0,1.0,2.0,0.0,1.0,0.0,0.0,65.0,3.0,1.0,FURIA
729748,278981,Shyy,FUR,cypher,4.0,1.0,0.0,0.0,0.0,0.0,0.0,0.0,0.0,50.0,0.0,0.0,FURIA
729748,278981,basic,FUR,phoenix,5.0,1.0,0.0,0.0,2.0,0.0,0.0,0.0,0.0,71.0,0.0,1.0,FURIA
729748,278982,BABYBAY,G2,chamber,1.0,0.0,0.0,0.0,0.0,0.0,0.0,0.0,0.0,46.0,0.0,0.0,G2 Esports
729748,278982,valyn,G2,astra,4.0,0.0,0.0,0.0,0.0,0.0,0.0,0.0,0.0,42.0,4.0,0.0,G2 Esports
729748,278982,jawgemo,G2,neon,1.0,1.0,0.0,0.0,0.0,0.0,0.0,0.0,0.0,27.0,0.0,1.0,G2 Esports
729748,278982,leaf,G2,viper,4.0,0.0,0.0,0.0,0.0,0.0,0.0,0.0,0.0,51.0,0.0,0.0,G2 Esports
729748,278982,trent,G2,sova,1.0,2.0,0.0,0.0,0.0,0.0,0.0,0.0,0.0,64.0,5.0,0.0,G2 Esports
729748,278982,C0M,FUR,sova,3.0,1.0,0.0,0.0,1.0,1.0,0.0,0.0,0.0,56.0,4.0,1.0,FURIA
729748,278982,koalanoob,FUR,neon,3.0,2.0,0.0,0.0,0.0,0.0,0.0,0.0,0.0,58.0,0.0,0.0,FURIA
729748,278982,artzin,FUR,harbor,3.0,0.0,1.0,0.0,0.0,0.0,0.0,0.0,0.0,54.0,3.0,1.0,FURIA
729748,278982,Shyy,FUR,cypher,5.0,0.0,0.0,0.0,0.0,1.0,0.0,0.0,0.0,52.0,1.0,0.0,FURIA
729748,278982,basic,FUR,phoenix,4.0,2.0,0.0,0.0,0.0,0.0,0.0,0.0,0.0,65.0,1.0,0.0,FURIA
729749,278983,supamen,EG,viper,2.0,0.0,1.0,0.0,0.0,0.0,0.0,0.0,0.0,53.0,1.0,0.0,Evil Geniuses
729749,278983,Paincakes,EG,sova,0.0,1.0,0.0,0.0,0.0,0.0,1.0,0.0,0.0,33.0,5.0,0.0,Evil Geniuses
729749,278983,dgzin,EG,jett,3.0,1.0,0.0,0.0,0.0,0.0,0.0,0.0,0.0,48.0,0.0,0.0,Evil Geniuses
729749,278983,zerona,EG,phoenix,1.0,1.0,0.0,0.0,0.0,0.0,0.0,0.0,0.0,43.0,2.0,0.0,Evil Geniuses
729749,278983,bao,EG,omen,0.0,0.0,0.0,0.0,0.0,0.0,0.0,0.0,0.0,31.0,1.0,0.0,Evil Geniuses
729749,278983,Zellsis,C9,viper,1.0,0.0,1.0,0.0,0.0,0.0,0.0,0.0,0.0,45.0,0.0,0.0,Cloud9
729749,278983,FireBallOps,C9,cypher,0.0,2.0,0.0,0.0,0.0,0.0,0.0,0.0,0.0,73.0,1.0,2.0,Cloud9
729749,278983,v1c,C9,harbor,2.0,0.0,0.0,0.0,0.0,0.0,0.0,0.0,0.0,51.0,2.0,1.0,Cloud9
729749,278983,OXY,C9,neon,3.0,4.0,0.0,1.0,0.0,1.0,0.0,0.0,0.0,105.0,0.0,2.0,Cloud9
729749,278983,Jackk,C9,sova,2.0,2.0,0.0,0.0,0.0,0.0,0.0,0.0,0.0,58.0,1.0,1.0,Cloud9
729749,278984,supamen,EG,omen,1.0,0.0,0.0,0.0,0.0,0.0,0.0,0.0,0.0,29.0,1.0,0.0,Evil Geniuses
729749,278984,Paincakes,EG,sova,3.0,0.0,1.0,0.0,0.0,0.0,0.0,0.0,0.0,62.0,1.0,0.0,Evil Geniuses
729749,278984,dgzin,EG,neon,4.0,3.0,0.0,0.0,0.0,0.0,0.0,0.0,0.0,95.0,1.0,0.0,Evil Geniuses
729749,278984,zerona,EG,phoenix,3.0,1.0,0.0,0.0,0.0,0.0,0.0,0.0,0.0,77.0,2.0,4.0,Evil Geniuses
729749,278984,bao,EG,cypher,2.0,1.0,0.0,0.0,1.0,0.0,0.0,0.0,0.0,71.0,0.0,0.0,Evil Geniuses
729749,278984,Zellsis,C9,viper,1.0,0.0,0.0,0.0,0.0,0.0,0.0,0.0,0.0,21.0,3.0,0.0,Cloud9
729749,278984,FireBallOps,C9,vyse,0.0,1.0,0.0,0.0,0.0,0.0,0.0,0.0,0.0,32.0,1.0,0.0,Cloud9
729749,278984,v1c,C9,omen,0.0,0.0,0.0,0.0,0.0,0.0,0.0,0.0,0.0,36.0,2.0,0.0,Cloud9
729749,278984,OXY,C9,neon,2.0,1.0,1.0,0.0,0.0,0.0,0.0,0.0,0.0,68.0,0.0,0.0,Cloud9
729749,278984,Jackk,C9,sova,3.0,1.0,0.0,0.0,1.0,0.0,0.0,0.0,0.0,51.0,2.0,0.0,Cloud9
729749,278985,supamen,EG,omen,3.0,1.0,0.0,0.0,0.0,0.0,0.0,0.0,0.0,56.0,0.0,0.0,Evil Geniuses
729749,278985,Paincakes,EG,sova,2.0,1.0,0.0,0.0,1.0,0.0,0.0,0.0,0.0,33.0,6.0,0.0,Evil Geniuses
729749,278985,dgzin,EG,neon,3.0,0.0,0.0,0.0,1.0,0.0,0.0,0.0,0.0,29.0,0.0,1.0,Evil Geniuses
729749,278985,zerona,EG,viper,1.0,0.0,0.0,0.0,0.0,0.0,0.0,0.0,0.0,58.0,4.0,0.0,Evil Geniuses
729749,278985,bao,EG,cypher,0.0,2.0,0.0,0.0,0.0,0.0,0.0,0.0,0.0,32.0,1.0,0.0,Evil Geniuses
729749,278985,Zellsis,C9,deadlock,0.0,2.0,0.0,0.0,0.0,0.0,0.0,0.0,0.0,41.0,4.0,0.0,Cloud9
729749,278985,FireBallOps,C9,cypher,2.0,0.0,0.0,0.0,0.0,0.0,0.0,0.0,0.0,55.0,0.0,1.0,Cloud9
729749,278985,v1c,C9,omen,3.0,1.0,0.0,0.0,0.0,1.0,0.0,0.0,0.0,47.0,2.0,0.0,Cloud9
729749,278985,OXY,C9,neon,4.0,2.0,0.0,0.0,0.0,0.0,0.0,0.0,0.0,81.0,0.0,1.0,Cloud9
729749,278985,Jackk,C9,sova,3.0,1.0,0.0,0.0,0.0,0.0,0.0,0.0,0.0,56.0,1.0,1.0,Cloud9
729750,278986,tex,MIBR,cypher,0.0,0.0,0.0,0.0,0.0,0.0,0.0,0.0,0.0,32.0,0.0,0.0,MIBR
729750,278986,zekken,MIBR,phoenix,1.0,0.0,1.0,0.0,0.0,0.0,0.0,0.0,0.0,39.0,0.0,0.0,MIBR
729750,278986,Mazino,MIBR,omen,2.0,0.0,1.0,0.0,0.0,0.0,0.0,0.0,0.0,50.0,2.0,0.0,MIBR
729750,278986,aspas,MIBR,neon,2.0,0.0,0.0,0.0,0.0,0.0,0.0,0.0,0.0,47.0,0.0,1.0,MIBR
729750,278986,Verno,MIBR,sova,3.0,3.0,0.0,0.0,1.0,1.0,0.0,0.0,0.0,99.0,2.0,2.0,MIBR
729750,278986,Rossy,ENVY,omen,3.0,0.0,0.0,0.0,1.0,0.0,0.0,0.0,0.0,46.0,3.0,1.0,ENVY
729750,278986,keznit,ENVY,neon,1.0,2.0,0.0,0.0,1.0,0.0,0.0,0.0,0.0,56.0,0.0,1.0,ENVY
729750,278986,GLYPH,ENVY,fade,3.0,0.0,1.0,0.0,0.0,0.0,0.0,0.0,0.0,58.0,5.0,0.0,ENVY
729750,278986,Demon1,ENVY,chamber,1.0,1.0,0.0,0.0,0.0,0.0,0.0,0.0,0.0,56.0,0.0,1.0,ENVY
729750,278986,nightz,ENVY,phoenix,3.0,0.0,1.0,0.0,0.0,1.0,0.0,0.0,0.0,75.0,1.0,0.0,ENVY
729750,278987,tex,MIBR,cypher,2.0,2.0,0.0,0.0,0.0,1.0,0.0,0.0,0.0,40.0,1.0,2.0,MIBR
729750,278987,zekken,MIBR,neon,3.0,1.0,0.0,0.0,0.0,1.0,0.0,0.0,0.0,44.0,0.0,1.0,MIBR
729750,278987,Mazino,MIBR,omen,0.0,0.0,0.0,0.0,0.0,0.0,0.0,0.0,0.0,39.0,2.0,0.0,MIBR
729750,278987,aspas,MIBR,jett,3.0,2.0,0.0,0.0,0.0,0.0,0.0,0.0,0.0,89.0,0.0,0.0,MIBR
729750,278987,Verno,MIBR,sova,0.0,1.0,1.0,0.0,0.0,0.0,1.0,0.0,0.0,59.0,4.0,1.0,MIBR
729750,278987,Rossy,ENVY,omen,2.0,1.0,0.0,0.0,2.0,0.0,0.0,0.0,0.0,51.0,3.0,2.0,ENVY
729750,278987,keznit,ENVY,neon,2.0,1.0,0.0,0.0,0.0,0.0,0.0,0.0,0.0,39.0,1.0,0.0,ENVY
729750,278987,GLYPH,ENVY,sova,4.0,0.0,0.0,0.0,0.0,0.0,0.0,0.0,0.0,56.0,3.0,0.0,ENVY
729750,278987,Demon1,ENVY,chamber,0.0,1.0,0.0,0.0,0.0,0.0,0.0,0.0,0.0,47.0,0.0,0.0,ENVY
729750,278987,nightz,ENVY,phoenix,6.0,0.0,0.0,0.0,0.0,0.0,0.0,0.0,0.0,53.0,1.0,0.0,ENVY
729750,278988,tex,MIBR,viper,4.0,1.0,1.0,0.0,1.0,1.0,0.0,0.0,0.0,66.0,2.0,0.0,MIBR
729750,278988,zekken,MIBR,raze,7.0,1.0,0.0,0.0,1.0,1.0,0.0,0.0,0.0,78.0,1.0,1.0,MIBR
729750,278988,Mazino,MIBR,skye,2.0,1.0,0.0,0.0,0.0,0.0,0.0,0.0,0.0,35.0,2.0,1.0,MIBR
729750,278988,aspas,MIBR,jett,2.0,1.0,0.0,0.0,0.0,0.0,0.0,0.0,0.0,46.0,0.0,1.0,MIBR
729750,278988,Verno,MIBR,omen,3.0,0.0,0.0,0.0,0.0,0.0,0.0,0.0,0.0,56.0,0.0,0.0,MIBR
729750,278988,Rossy,ENVY,viper,2.0,0.0,0.0,0.0,0.0,0.0,0.0,0.0,0.0,47.0,0.0,0.0,ENVY
729750,278988,keznit,ENVY,neon,1.0,0.0,0.0,0.0,0.0,0.0,0.0,0.0,0.0,27.0,0.0,0.0,ENVY
729750,278988,GLYPH,ENVY,fade,4.0,0.0,1.0,0.0,0.0,0.0,0.0,0.0,0.0,63.0,5.0,0.0,ENVY
729750,278988,Demon1,ENVY,omen,1.0,1.0,1.0,0.0,0.0,0.0,1.0,0.0,0.0,57.0,0.0,0.0,ENVY
729750,278988,nightz,ENVY,phoenix,2.0,1.0,0.0,0.0,0.0,0.0,0.0,0.0,0.0,40.0,2.0,0.0,ENVY
729751,278989,C0M,FUR,fade,1.0,0.0,0.0,0.0,0.0,0.0,0.0,0.0,0.0,25.0,2.0,1.0,FURIA
729751,278989,koalanoob,FUR,neon,0.0,2.0,0.0,0.0,0.0,0.0,0.0,0.0,0.0,40.0,0.0,0.0,FURIA
729751,278989,artzin,FUR,omen,3.0,0.0,0.0,0.0,0.0,0.0,0.0,0.0,0.0,52.0,0.0,0.0,FURIA
729751,278989,Shyy,FUR,cypher,2.0,3.0,0.0,0.0,1.0,0.0,0.0,0.0,0.0,84.0,1.0,0.0,FURIA
729751,278989,basic,FUR,phoenix,4.0,1.0,0.0,0.0,0.0,0.0,0.0,0.0,0.0,47.0,0.0,0.0,FURIA
729751,278989,supamen,EG,omen,3.0,1.0,0.0,0.0,0.0,0.0,0.0,0.0,0.0,56.0,2.0,1.0,Evil Geniuses
729751,278989,Paincakes,EG,sova,2.0,2.0,0.0,0.0,0.0,0.0,1.0,0.0,0.0,60.0,3.0,1.0,Evil Geniuses
729751,278989,dgzin,EG,neon,2.0,4.0,0.0,0.0,0.0,0.0,0.0,0.0,0.0,58.0,0.0,0.0,Evil Geniuses
729751,278989,zerona,EG,viper,3.0,0.0,1.0,0.0,0.0,0.0,0.0,0.0,0.0,66.0,3.0,0.0,Evil Geniuses
729751,278989,bao,EG,cypher,1.0,0.0,0.0,0.0,0.0,0.0,0.0,0.0,0.0,42.0,0.0,0.0,Evil Geniuses
729751,278990,C0M,FUR,sova,1.0,1.0,0.0,0.0,0.0,0.0,0.0,0.0,0.0,63.0,4.0,0.0,FURIA
729751,278990,koalanoob,FUR,neon,0.0,1.0,1.0,1.0,0.0,0.0,0.0,0.0,0.0,60.0,0.0,0.0,FURIA
729751,278990,artzin,FUR,harbor,3.0,1.0,0.0,0.0,0.0,0.0,0.0,0.0,0.0,90.0,4.0,0.0,FURIA
729751,278990,Shyy,FUR,cypher,1.0,1.0,0.0,0.0,0.0,0.0,0.0,0.0,0.0,45.0,0.0,0.0,FURIA
729751,278990,basic,FUR,phoenix,2.0,0.0,2.0,0.0,1.0,0.0,0.0,0.0,0.0,62.0,4.0,1.0,FURIA
729751,278990,supamen,EG,viper,1.0,0.0,0.0,0.0,0.0,0.0,0.0,0.0,0.0,40.0,0.0,0.0,Evil Geniuses
729751,278990,Paincakes,EG,sova,1.0,0.0,0.0,0.0,0.0,0.0,0.0,0.0,0.0,45.0,4.0,0.0,Evil Geniuses
729751,278990,dgzin,EG,neon,3.0,0.0,0.0,0.0,0.0,0.0,0.0,0.0,0.0,39.0,0.0,0.0,Evil Geniuses
729751,278990,zerona,EG,phoenix,1.0,2.0,0.0,0.0,0.0,0.0,0.0,0.0,0.0,44.0,3.0,0.0,Evil Geniuses
729751,278990,bao,EG,omen,1.0,0.0,0.0,0.0,0.0,0.0,0.0,0.0,0.0,52.0,0.0,1.0,Evil Geniuses
729751,278991,C0M,FUR,sova,0.0,0.0,0.0,0.0,0.0,0.0,0.0,0.0,0.0,51.0,3.0,1.0,FURIA
729751,278991,koalanoob,FUR,neon,2.0,1.0,0.0,0.0,0.0,0.0,0.0,0.0,0.0,40.0,0.0,0.0,FURIA
729751,278991,artzin,FUR,astra,3.0,2.0,1.0,0.0,0.0,1.0,0.0,0.0,0.0,57.0,2.0,1.0,FURIA
729751,278991,Shyy,FUR,cypher,2.0,4.0,0.0,1.0,1.0,2.0,0.0,0.0,0.0,90.0,0.0,1.0,FURIA
729751,278991,basic,FUR,phoenix,4.0,0.0,0.0,0.0,0.0,0.0,0.0,0.0,0.0,57.0,3.0,0.0,FURIA
729751,278991,supamen,EG,omen,0.0,0.0,0.0,0.0,0.0,1.0,0.0,0.0,0.0,35.0,2.0,1.0,Evil Geniuses
729751,278991,Paincakes,EG,sova,2.0,0.0,0.0,0.0,1.0,0.0,0.0,0.0,0.0,55.0,2.0,0.0,Evil Geniuses
729751,278991,dgzin,EG,neon,5.0,1.0,0.0,0.0,0.0,0.0,0.0,0.0,0.0,53.0,0.0,0.0,Evil Geniuses
729751,278991,zerona,EG,phoenix,3.0,2.0,0.0,0.0,0.0,0.0,0.0,0.0,0.0,96.0,1.0,0.0,Evil Geniuses
729751,278991,bao,EG,cypher,1.0,0.0,0.0,0.0,0.0,0.0,0.0,0.0,0.0,26.0,1.0,0.0,Evil Geniuses
729752,278992,Zellsis,C9,viper,2.0,1.0,0.0,0.0,0.0,0.0,0.0,0.0,0.0,67.0,2.0,1.0,Cloud9
729752,278992,FireBallOps,C9,vyse,2.0,1.0,0.0,0.0,1.0,0.0,0.0,0.0,0.0,45.0,0.0,0.0,Cloud9
729752,278992,v1c,C9,omen,0.0,0.0,0.0,0.0,0.0,0.0,0.0,0.0,0.0,48.0,2.0,0.0,Cloud9
729752,278992,OXY,C9,neon,1.0,0.0,0.0,0.0,0.0,1.0,0.0,0.0,0.0,39.0,0.0,1.0,Cloud9
729752,278992,Jackk,C9,fade,6.0,0.0,0.0,0.0,0.0,0.0,0.0,0.0,0.0,55.0,4.0,0.0,Cloud9
729752,278992,Melser,BST,omen,7.0,1.0,0.0,0.0,0.0,0.0,0.0,0.0,0.0,67.0,3.0,1.0,BESTIA
729752,278992,Tacolilla,BST,raze,0.0,1.0,0.0,1.0,0.0,1.0,0.0,0.0,0.0,55.0,0.0,2.0,BESTIA
729752,278992,david,BST,cypher,3.0,0.0,1.0,0.0,0.0,0.0,0.0,0.0,0.0,52.0,2.0,0.0,BESTIA
729752,278992,chubizin,BST,fade,4.0,0.0,0.0,0.0,0.0,0.0,0.0,0.0,0.0,40.0,3.0,1.0,BESTIA
729752,278992,Loss,BST,yoru,2.0,1.0,1.0,0.0,1.0,0.0,0.0,0.0,0.0,57.0,0.0,2.0,BESTIA
729752,278993,Zellsis,C9,viper,2.0,0.0,0.0,0.0,0.0,0.0,0.0,0.0,0.0,39.0,1.0,1.0,Cloud9
729752,278993,FireBallOps,C9,cypher,3.0,0.0,0.0,0.0,0.0,0.0,0.0,0.0,0.0,38.0,0.0,1.0,Cloud9
729752,278993,v1c,C9,harbor,1.0,1.0,0.0,0.0,1.0,0.0,0.0,0.0,0.0,45.0,3.0,0.0,Cloud9
729752,278993,OXY,C9,neon,3.0,2.0,1.0,0.0,0.0,0.0,1.0,0.0,0.0,62.0,0.0,1.0,Cloud9
729752,278993,Jackk,C9,sova,1.0,0.0,0.0,0.0,1.0,0.0,0.0,0.0,0.0,46.0,5.0,1.0,Cloud9
729752,278993,Melser,BST,sova,2.0,0.0,0.0,0.0,0.0,0.0,0.0,0.0,0.0,50.0,1.0,2.0,BESTIA
729752,278993,Tacolilla,BST,neon,5.0,1.0,0.0,0.0,0.0,0.0,0.0,0.0,0.0,56.0,1.0,1.0,BESTIA
729752,278993,david,BST,cypher,1.0,2.0,0.0,1.0,0.0,0.0,0.0,1.0,0.0,62.0,1.0,0.0,BESTIA
729752,278993,chubizin,BST,harbor,2.0,1.0,1.0,0.0,0.0,0.0,0.0,0.0,0.0,59.0,6.0,0.0,BESTIA
729752,278993,Loss,BST,jett,4.0,2.0,1.0,0.0,0.0,0.0,0.0,0.0,0.0,70.0,1.0,1.0,BESTIA
729753,278995,BABYBAY,G2,chamber,7.0,2.0,0.0,0.0,0.0,0.0,0.0,0.0,0.0,63.0,0.0,0.0,G2 Esports
729753,278995,valyn,G2,harbor,1.0,1.0,0.0,0.0,0.0,0.0,0.0,0.0,0.0,38.0,5.0,1.0,G2 Esports
729753,278995,jawgemo,G2,neon,7.0,0.0,0.0,0.0,1.0,0.0,0.0,0.0,0.0,52.0,1.0,3.0,G2 Esports
729753,278995,leaf,G2,viper,2.0,2.0,0.0,0.0,0.0,0.0,0.0,0.0,0.0,44.0,1.0,1.0,G2 Esports
729753,278995,trent,G2,sova,7.0,3.0,0.0,0.0,0.0,0.0,0.0,0.0,0.0,69.0,3.0,1.0,G2 Esports
729753,278995,NiSMO,M80,phoenix,8.0,0.0,0.0,0.0,0.0,0.0,0.0,0.0,0.0,51.0,1.0,0.0,M80
729753,278995,Spaz,M80,harbor,1.0,0.0,0.0,0.0,1.0,0.0,0.0,0.0,0.0,22.0,5.0,2.0,M80
729753,278995,alvinboy,M80,cypher,6.0,1.0,0.0,0.0,2.0,0.0,0.0,0.0,0.0,59.0,1.0,1.0,M80
729753,278995,Boni,M80,neon,5.0,0.0,1.0,0.0,0.0,0.0,0.0,0.0,0.0,56.0,0.0,0.0,M80
729753,278995,Kyu,M80,sova,3.0,1.0,0.0,0.0,2.0,0.0,0.0,0.0,0.0,54.0,3.0,2.0,M80
729753,278996,BABYBAY,G2,chamber,2.0,0.0,0.0,0.0,0.0,0.0,0.0,0.0,0.0,57.0,0.0,1.0,G2 Esports
729753,278996,valyn,G2,omen,2.0,0.0,1.0,0.0,0.0,0.0,0.0,0.0,0.0,41.0,3.0,0.0,G2 Esports
729753,278996,jawgemo,G2,neon,1.0,4.0,0.0,0.0,1.0,0.0,0.0,0.0,0.0,76.0,0.0,0.0,G2 Esports
729753,278996,leaf,G2,sage,3.0,0.0,2.0,0.0,2.0,0.0,0.0,0.0,0.0,65.0,1.0,1.0,G2 Esports
729753,278996,trent,G2,skye,3.0,0.0,0.0,0.0,1.0,0.0,0.0,0.0,0.0,42.0,6.0,1.0,G2 Esports
729753,278996,NiSMO,M80,kayo,5.0,0.0,0.0,0.0,0.0,0.0,0.0,0.0,0.0,44.0,2.0,0.0,M80
729753,278996,Spaz,M80,omen,4.0,0.0,0.0,0.0,1.0,0.0,0.0,0.0,0.0,60.0,0.0,1.0,M80
729753,278996,alvinboy,M80,cypher,0.0,2.0,0.0,0.0,0.0,0.0,0.0,0.0,0.0,60.0,0.0,0.0,M80
729753,278996,Boni,M80,neon,3.0,2.0,1.0,0.0,0.0,0.0,0.0,0.0,0.0,80.0,0.0,0.0,M80
729753,278996,Kyu,M80,sova,1.0,0.0,0.0,0.0,0.0,0.0,0.0,0.0,0.0,28.0,4.0,1.0,M80
729754,278998,johnqt,SEN,phoenix,2.0,2.0,0.0,0.0,0.0,0.0,0.0,0.0,0.0,69.0,1.0,0.0,Sentinels
729754,278998,JonahP,SEN,sova,3.0,0.0,0.0,0.0,0.0,1.0,0.0,0.0,0.0,67.0,5.0,1.0,Sentinels
729754,278998,cortezia,SEN,cypher,5.0,1.0,0.0,0.0,0.0,0.0,0.0,0.0,0.0,66.0,1.0,0.0,Sentinels
729754,278998,Reduxx,SEN,omen,2.0,0.0,0.0,0.0,0.0,0.0,0.0,0.0,0.0,37.0,2.0,1.0,Sentinels
729754,278998,Jerrwin,SEN,neon,3.0,0.0,0.0,0.0,0.0,0.0,0.0,0.0,0.0,35.0,0.0,0.0,Sentinels
729754,278998,frz,2G,sova,2.0,0.0,0.0,0.0,0.0,0.0,0.0,0.0,0.0,37.0,4.0,0.0,2Game Esports
729754,278998,qck,2G,killjoy,1.0,1.0,0.0,0.0,0.0,0.0,0.0,0.0,0.0,44.0,0.0,0.0,2Game Esports
729754,278998,gobera,2G,neon,3.0,0.0,0.0,0.0,0.0,0.0,0.0,0.0,0.0,38.0,0.0,0.0,2Game Esports
729754,278998,xenom,2G,viper,3.0,0.0,0.0,0.0,2.0,0.0,0.0,0.0,0.0,75.0,2.0,0.0,2Game Esports
729754,278998,Brinks,2G,omen,2.0,1.0,0.0,0.0,0.0,0.0,0.0,0.0,0.0,48.0,1.0,0.0,2Game Esports
729754,278999,johnqt,SEN,phoenix,4.0,1.0,2.0,0.0,0.0,0.0,0.0,1.0,0.0,84.0,2.0,2.0,Sentinels
729754,278999,JonahP,SEN,fade,1.0,0.0,1.0,0.0,0.0,0.0,0.0,0.0,0.0,36.0,5.0,0.0,Sentinels
729754,278999,cortezia,SEN,viper,2.0,0.0,0.0,0.0,0.0,0.0,0.0,0.0,0.0,60.0,0.0,0.0,Sentinels
729754,278999,Reduxx,SEN,omen,3.0,1.0,0.0,0.0,0.0,0.0,0.0,0.0,0.0,57.0,3.0,1.0,Sentinels
729754,278999,Jerrwin,SEN,neon,4.0,1.0,1.0,0.0,0.0,0.0,0.0,0.0,0.0,66.0,0.0,0.0,Sentinels
729754,278999,frz,2G,fade,3.0,0.0,0.0,0.0,0.0,1.0,0.0,0.0,0.0,41.0,6.0,0.0,2Game Esports
729754,278999,qck,2G,phoenix,2.0,0.0,0.0,0.0,0.0,0.0,0.0,0.0,0.0,41.0,0.0,0.0,2Game Esports
729754,278999,gobera,2G,neon,3.0,0.0,0.0,0.0,0.0,0.0,0.0,0.0,0.0,31.0,0.0,0.0,2Game Esports
729754,278999,xenom,2G,viper,5.0,3.0,0.0,0.0,0.0,0.0,0.0,0.0,0.0,79.0,2.0,1.0,2Game Esports
729754,278999,Brinks,2G,omen,3.0,0.0,0.0,0.0,0.0,0.0,0.0,0.0,0.0,37.0,1.0,1.0,2Game Esports
729755,279001,saadhak,KRÜ,omen,1.0,1.0,0.0,0.0,0.0,0.0,0.0,0.0,0.0,38.0,1.0,0.0,KRÜ Esports
729755,279001,mwzera,KRÜ,fade,4.0,0.0,0.0,0.0,0.0,0.0,0.0,0.0,0.0,65.0,4.0,1.0,KRÜ Esports
729755,279001,Less,KRÜ,viper,5.0,1.0,0.0,0.0,0.0,0.0,0.0,0.0,0.0,64.0,0.0,0.0,KRÜ Esports
729755,279001,heat,KRÜ,chamber,4.0,0.0,0.0,0.0,0.0,0.0,1.0,0.0,0.0,47.0,1.0,0.0,KRÜ Esports
729755,279001,Dantedeu5,KRÜ,neon,3.0,1.0,0.0,0.0,0.0,0.0,0.0,0.0,0.0,48.0,0.0,0.0,KRÜ Esports
729755,279001,tuyz,FX,omen,3.0,0.0,0.0,0.0,0.0,0.0,0.0,0.0,0.0,42.0,0.0,0.0,Fluxo W7M
729755,279001,Zanatsu,FX,neon,3.0,0.0,1.0,0.0,0.0,0.0,0.0,0.0,0.0,55.0,0.0,0.0,Fluxo W7M
729755,279001,mazin,FX,fade,3.0,0.0,0.0,0.0,0.0,0.0,0.0,0.0,0.0,42.0,2.0,0.0,Fluxo W7M
729755,279001,jzz,FX,vyse,2.0,1.0,0.0,0.0,0.0,0.0,0.0,0.0,0.0,54.0,0.0,1.0,Fluxo W7M
729755,279001,Palla,FX,waylay,3.0,1.0,0.0,0.0,0.0,0.0,0.0,0.0,0.0,56.0,2.0,1.0,Fluxo W7M
729755,279002,saadhak,KRÜ,kayo,2.0,2.0,0.0,0.0,0.0,0.0,0.0,0.0,0.0,54.0,2.0,0.0,KRÜ Esports
729755,279002,mwzera,KRÜ,sova,3.0,0.0,0.0,0.0,1.0,0.0,0.0,0.0,0.0,42.0,7.0,1.0,KRÜ Esports
729755,279002,Less,KRÜ,omen,2.0,1.0,0.0,0.0,0.0,0.0,0.0,0.0,0.0,49.0,1.0,0.0,KRÜ Esports
729755,279002,heat,KRÜ,chamber,3.0,1.0,0.0,0.0,0.0,0.0,0.0,0.0,0.0,64.0,0.0,0.0,KRÜ Esports
729755,279002,Dantedeu5,KRÜ,neon,5.0,0.0,0.0,0.0,0.0,0.0,0.0,0.0,0.0,59.0,0.0,0.0,KRÜ Esports
729755,279002,tuyz,FX,omen,5.0,0.0,0.0,0.0,0.0,0.0,0.0,0.0,0.0,52.0,1.0,0.0,Fluxo W7M
729755,279002,Zanatsu,FX,sova,2.0,2.0,0.0,0.0,0.0,0.0,0.0,0.0,0.0,57.0,3.0,0.0,Fluxo W7M
729755,279002,mazin,FX,kayo,2.0,1.0,0.0,0.0,1.0,0.0,0.0,0.0,0.0,35.0,3.0,0.0,Fluxo W7M
729755,279002,jzz,FX,cypher,0.0,0.0,0.0,0.0,0.0,0.0,0.0,0.0,0.0,25.0,1.0,1.0,Fluxo W7M
729755,279002,Palla,FX,jett,3.0,0.0,0.0,1.0,0.0,0.0,0.0,0.0,0.0,75.0,0.0,0.0,Fluxo W7M
729756,279004,Melser,BST,sova,1.0,1.0,1.0,0.0,0.0,0.0,0.0,0.0,0.0,48.0,3.0,0.0,BESTIA
729756,279004,Tacolilla,BST,neon,1.0,0.0,0.0,0.0,0.0,0.0,0.0,0.0,0.0,40.0,1.0,0.0,BESTIA
729756,279004,david,BST,cypher,1.0,0.0,0.0,0.0,0.0,0.0,0.0,0.0,0.0,60.0,0.0,1.0,BESTIA
729756,279004,chubizin,BST,harbor,3.0,0.0,0.0,0.0,0.0,0.0,0.0,0.0,0.0,33.0,4.0,0.0,BESTIA
729756,279004,Loss,BST,jett,3.0,1.0,0.0,0.0,0.0,0.0,0.0,0.0,0.0,49.0,1.0,0.0,BESTIA
729756,279004,BABYBAY,G2,chamber,4.0,0.0,0.0,0.0,0.0,0.0,0.0,0.0,0.0,60.0,0.0,0.0,G2 Esports
729756,279004,valyn,G2,harbor,4.0,1.0,0.0,0.0,0.0,0.0,0.0,0.0,0.0,48.0,4.0,1.0,G2 Esports
729756,279004,jawgemo,G2,neon,2.0,0.0,0.0,0.0,0.0,0.0,0.0,0.0,0.0,28.0,0.0,1.0,G2 Esports
729756,279004,leaf,G2,viper,4.0,1.0,0.0,0.0,0.0,0.0,0.0,0.0,0.0,63.0,0.0,2.0,G2 Esports
729756,279004,trent,G2,sova,2.0,0.0,0.0,0.0,1.0,0.0,0.0,0.0,0.0,52.0,6.0,0.0,G2 Esports
729756,279005,Melser,BST,omen,1.0,0.0,0.0,0.0,0.0,0.0,0.0,0.0,0.0,36.0,0.0,0.0,BESTIA
729756,279005,Tacolilla,BST,neon,4.0,0.0,0.0,0.0,0.0,0.0,0.0,0.0,0.0,59.0,1.0,0.0,BESTIA
729756,279005,david,BST,cypher,3.0,0.0,0.0,0.0,0.0,0.0,0.0,0.0,0.0,58.0,0.0,0.0,BESTIA
729756,279005,chubizin,BST,sova,3.0,0.0,0.0,0.0,1.0,0.0,0.0,0.0,0.0,48.0,5.0,2.0,BESTIA
729756,279005,Loss,BST,waylay,2.0,1.0,0.0,0.0,0.0,1.0,0.0,0.0,0.0,41.0,0.0,0.0,BESTIA
729756,279005,BABYBAY,G2,chamber,4.0,2.0,0.0,0.0,0.0,1.0,0.0,0.0,0.0,79.0,1.0,0.0,G2 Esports
729756,279005,valyn,G2,omen,1.0,1.0,0.0,0.0,0.0,0.0,0.0,0.0,0.0,43.0,3.0,0.0,G2 Esports
729756,279005,jawgemo,G2,yoru,3.0,1.0,0.0,0.0,0.0,0.0,0.0,0.0,0.0,48.0,3.0,1.0,G2 Esports
729756,279005,leaf,G2,vyse,2.0,2.0,0.0,0.0,0.0,0.0,1.0,0.0,0.0,67.0,2.0,4.0,G2 Esports
729756,279005,trent,G2,sova,1.0,2.0,0.0,0.0,1.0,0.0,0.0,0.0,0.0,66.0,2.0,0.0,G2 Esports
729757,279007,johnqt,SEN,omen,2.0,2.0,0.0,0.0,1.0,0.0,0.0,0.0,0.0,60.0,1.0,1.0,Sentinels
729757,279007,JonahP,SEN,sova,0.0,0.0,0.0,0.0,0.0,0.0,0.0,0.0,0.0,38.0,1.0,0.0,Sentinels
729757,279007,cortezia,SEN,cypher,0.0,1.0,0.0,0.0,1.0,1.0,0.0,0.0,0.0,31.0,1.0,1.0,Sentinels
729757,279007,Reduxx,SEN,phoenix,2.0,3.0,0.0,0.0,0.0,0.0,0.0,0.0,0.0,78.0,0.0,1.0,Sentinels
729757,279007,Jerrwin,SEN,neon,2.0,0.0,0.0,0.0,1.0,0.0,0.0,0.0,0.0,22.0,0.0,1.0,Sentinels
729757,279007,saadhak,KRÜ,kayo,1.0,0.0,0.0,0.0,0.0,0.0,0.0,0.0,0.0,52.0,3.0,1.0,KRÜ Esports
729757,279007,mwzera,KRÜ,sova,3.0,0.0,0.0,1.0,0.0,0.0,0.0,1.0,0.0,76.0,4.0,0.0,KRÜ Esports
729757,279007,Less,KRÜ,omen,5.0,2.0,0.0,0.0,0.0,1.0,0.0,0.0,0.0,67.0,1.0,1.0,KRÜ Esports
729757,279007,heat,KRÜ,chamber,2.0,0.0,1.0,0.0,0.0,0.0,0.0,0.0,0.0,64.0,0.0,0.0,KRÜ Esports
729757,279007,Dantedeu5,KRÜ,neon,7.0,0.0,0.0,0.0,0.0,0.0,0.0,0.0,0.0,58.0,0.0,1.0,KRÜ Esports
729757,279008,johnqt,SEN,phoenix,3.0,0.0,0.0,0.0,0.0,0.0,0.0,0.0,0.0,49.0,1.0,2.0,Sentinels
729757,279008,JonahP,SEN,sova,3.0,1.0,0.0,0.0,0.0,1.0,0.0,0.0,0.0,47.0,0.0,1.0,Sentinels
729757,279008,cortezia,SEN,cypher,2.0,1.0,1.0,0.0,0.0,0.0,0.0,0.0,0.0,62.0,1.0,1.0,Sentinels
729757,279008,Reduxx,SEN,omen,2.0,1.0,0.0,0.0,1.0,0.0,0.0,0.0,0.0,55.0,0.0,1.0,Sentinels
729757,279008,Jerrwin,SEN,neon,2.0,0.0,0.0,0.0,0.0,0.0,0.0,0.0,0.0,35.0,0.0,1.0,Sentinels
729757,279008,saadhak,KRÜ,omen,5.0,0.0,0.0,0.0,0.0,0.0,0.0,0.0,0.0,61.0,4.0,0.0,KRÜ Esports
729757,279008,mwzera,KRÜ,sova,5.0,1.0,0.0,0.0,0.0,0.0,0.0,0.0,0.0,73.0,4.0,0.0,KRÜ Esports
729757,279008,Less,KRÜ,cypher,5.0,1.0,0.0,0.0,0.0,0.0,0.0,0.0,0.0,73.0,0.0,0.0,KRÜ Esports
729757,279008,heat,KRÜ,phoenix,4.0,0.0,0.0,0.0,0.0,0.0,0.0,0.0,0.0,41.0,2.0,0.0,KRÜ Esports
729757,279008,Dantedeu5,KRÜ,neon,3.0,0.0,0.0,0.0,0.0,0.0,0.0,0.0,0.0,44.0,1.0,1.0,KRÜ Esports
729758,279010,Rossy,ENVY,viper,2.0,0.0,1.0,0.0,0.0,0.0,1.0,0.0,0.0,56.0,1.0,0.0,ENVY
729758,279010,keznit,ENVY,neon,2.0,2.0,0.0,0.0,0.0,0.0,0.0,0.0,0.0,53.0,1.0,0.0,ENVY
729758,279010,GLYPH,ENVY,fade,3.0,0.0,0.0,0.0,0.0,0.0,0.0,0.0,0.0,60.0,4.0,0.0,ENVY
729758,279010,Demon1,ENVY,chamber,1.0,0.0,0.0,0.0,0.0,0.0,0.0,0.0,0.0,34.0,0.0,0.0,ENVY
729758,279010,nightz,ENVY,omen,2.0,0.0,0.0,0.0,0.0,0.0,0.0,0.0,0.0,31.0,1.0,0.0,ENVY
729758,279010,BABYBAY,G2,vyse,4.0,0.0,0.0,0.0,1.0,1.0,0.0,0.0,0.0,74.0,0.0,0.0,G2 Esports
729758,279010,valyn,G2,omen,1.0,3.0,0.0,0.0,0.0,0.0,0.0,0.0,0.0,44.0,0.0,1.0,G2 Esports
729758,279010,jawgemo,G2,raze,2.0,1.0,0.0,0.0,0.0,0.0,0.0,0.0,0.0,48.0,0.0,0.0,G2 Esports
729758,279010,leaf,G2,viper,1.0,2.0,0.0,0.0,0.0,1.0,0.0,0.0,0.0,49.0,0.0,1.0,G2 Esports
729758,279010,trent,G2,skye,4.0,1.0,0.0,0.0,0.0,0.0,0.0,0.0,0.0,73.0,4.0,0.0,G2 Esports
729758,279011,Rossy,ENVY,omen,5.0,1.0,0.0,0.0,0.0,0.0,0.0,0.0,0.0,47.0,1.0,1.0,ENVY
729758,279011,keznit,ENVY,neon,7.0,2.0,0.0,0.0,1.0,0.0,0.0,0.0,0.0,62.0,0.0,0.0,ENVY
729758,279011,GLYPH,ENVY,sova,2.0,0.0,0.0,0.0,0.0,0.0,0.0,0.0,0.0,36.0,4.0,0.0,ENVY
729758,279011,Demon1,ENVY,chamber,4.0,1.0,0.0,0.0,0.0,0.0,0.0,0.0,0.0,44.0,2.0,1.0,ENVY
729758,279011,nightz,ENVY,phoenix,3.0,1.0,1.0,0.0,0.0,0.0,0.0,0.0,0.0,61.0,3.0,1.0,ENVY
729758,279011,BABYBAY,G2,chamber,5.0,2.0,1.0,0.0,0.0,0.0,0.0,0.0,0.0,67.0,0.0,0.0,G2 Esports
729758,279011,valyn,G2,omen,2.0,1.0,0.0,0.0,0.0,1.0,0.0,0.0,0.0,47.0,4.0,1.0,G2 Esports
729758,279011,jawgemo,G2,yoru,3.0,0.0,0.0,0.0,0.0,0.0,0.0,0.0,0.0,35.0,0.0,0.0,G2 Esports
729758,279011,leaf,G2,vyse,1.0,2.0,0.0,0.0,1.0,1.0,0.0,0.0,0.0,57.0,1.0,2.0,G2 Esports
729758,279011,trent,G2,sova,2.0,1.0,0.0,0.0,0.0,1.0,0.0,0.0,0.0,39.0,4.0,0.0,G2 Esports
729758,279012,Rossy,ENVY,astra,2.0,1.0,0.0,0.0,1.0,1.0,1.0,0.0,0.0,47.0,4.0,1.0,ENVY
729758,279012,keznit,ENVY,neon,5.0,0.0,0.0,0.0,0.0,0.0,0.0,0.0,0.0,48.0,0.0,0.0,ENVY
729758,279012,GLYPH,ENVY,sova,1.0,1.0,0.0,0.0,0.0,0.0,0.0,0.0,0.0,47.0,5.0,0.0,ENVY
729758,279012,Demon1,ENVY,chamber,1.0,0.0,0.0,0.0,0.0,0.0,0.0,0.0,0.0,51.0,0.0,0.0,ENVY
729758,279012,nightz,ENVY,phoenix,2.0,1.0,0.0,0.0,0.0,0.0,0.0,0.0,0.0,40.0,2.0,0.0,ENVY
729758,279012,BABYBAY,G2,chamber,4.0,2.0,0.0,0.0,0.0,0.0,0.0,0.0,0.0,58.0,1.0,1.0,G2 Esports
729758,279012,valyn,G2,omen,5.0,1.0,0.0,0.0,0.0,0.0,0.0,0.0,0.0,45.0,1.0,0.0,G2 Esports
729758,279012,jawgemo,G2,neon,3.0,0.0,0.0,0.0,0.0,0.0,0.0,0.0,0.0,53.0,0.0,1.0,G2 Esports
729758,279012,leaf,G2,yoru,4.0,2.0,0.0,0.0,0.0,0.0,0.0,0.0,0.0,64.0,0.0,1.0,G2 Esports
729758,279012,trent,G2,fade,4.0,1.0,0.0,0.0,1.0,0.0,0.0,0.0,0.0,56.0,6.0,2.0,G2 Esports
729759,279013,supamen,EG,omen,2.0,2.0,0.0,0.0,0.0,0.0,0.0,0.0,0.0,49.0,1.0,0.0,Evil Geniuses
729759,279013,Paincakes,EG,fade,0.0,0.0,0.0,0.0,1.0,0.0,0.0,0.0,0.0,22.0,5.0,1.0,Evil Geniuses
729759,279013,dgzin,EG,raze,2.0,1.0,0.0,0.0,0.0,0.0,0.0,0.0,0.0,48.0,2.0,0.0,Evil Geniuses
729759,279013,zerona,EG,viper,3.0,0.0,0.0,0.0,1.0,0.0,0.0,0.0,0.0,50.0,0.0,1.0,Evil Geniuses
729759,279013,bao,EG,cypher,6.0,0.0,0.0,0.0,1.0,0.0,0.0,0.0,0.0,62.0,0.0,1.0,Evil Geniuses
729759,279013,saadhak,KRÜ,omen,3.0,0.0,0.0,0.0,0.0,0.0,0.0,0.0,0.0,57.0,4.0,0.0,KRÜ Esports
729759,279013,mwzera,KRÜ,fade,5.0,0.0,0.0,0.0,0.0,0.0,0.0,0.0,0.0,43.0,4.0,2.0,KRÜ Esports
729759,279013,Less,KRÜ,viper,3.0,4.0,1.0,0.0,0.0,0.0,0.0,0.0,0.0,77.0,0.0,0.0,KRÜ Esports
729759,279013,heat,KRÜ,chamber,3.0,3.0,0.0,0.0,0.0,0.0,0.0,0.0,0.0,58.0,0.0,1.0,KRÜ Esports
729759,279013,Dantedeu5,KRÜ,neon,1.0,1.0,0.0,0.0,0.0,0.0,0.0,0.0,0.0,36.0,1.0,1.0,KRÜ Esports
729759,279014,supamen,EG,omen,4.0,1.0,0.0,0.0,0.0,0.0,0.0,0.0,0.0,58.0,2.0,0.0,Evil Geniuses
729759,279014,Paincakes,EG,sova,2.0,0.0,0.0,0.0,0.0,0.0,0.0,0.0,0.0,47.0,3.0,0.0,Evil Geniuses
729759,279014,dgzin,EG,neon,4.0,1.0,1.0,0.0,0.0,1.0,0.0,0.0,0.0,73.0,0.0,0.0,Evil Geniuses
729759,279014,zerona,EG,viper,5.0,0.0,0.0,0.0,1.0,0.0,0.0,0.0,0.0,54.0,5.0,1.0,Evil Geniuses
729759,279014,bao,EG,cypher,1.0,0.0,0.0,0.0,0.0,0.0,0.0,0.0,0.0,39.0,0.0,1.0,Evil Geniuses
729759,279014,saadhak,KRÜ,kayo,0.0,1.0,1.0,0.0,0.0,0.0,0.0,0.0,0.0,49.0,4.0,0.0,KRÜ Esports
729759,279014,mwzera,KRÜ,fade,2.0,0.0,0.0,0.0,0.0,0.0,0.0,0.0,0.0,52.0,1.0,0.0,KRÜ Esports
729759,279014,Less,KRÜ,omen,1.0,0.0,1.0,0.0,1.0,0.0,0.0,0.0,0.0,68.0,1.0,1.0,KRÜ Esports
729759,279014,heat,KRÜ,chamber,4.0,0.0,0.0,0.0,0.0,0.0,0.0,0.0,0.0,48.0,0.0,2.0,KRÜ Esports
729759,279014,Dantedeu5,KRÜ,neon,3.0,0.0,0.0,0.0,0.0,0.0,0.0,0.0,0.0,33.0,0.0,0.0,KRÜ Esports
729759,279015,supamen,EG,omen,4.0,0.0,0.0,0.0,0.0,0.0,0.0,0.0,0.0,54.0,0.0,0.0,Evil Geniuses
729759,279015,Paincakes,EG,sova,2.0,1.0,0.0,0.0,0.0,0.0,0.0,0.0,0.0,63.0,4.0,2.0,Evil Geniuses
729759,279015,dgzin,EG,neon,4.0,1.0,2.0,0.0,0.0,0.0,0.0,0.0,0.0,87.0,0.0,1.0,Evil Geniuses
729759,279015,zerona,EG,viper,4.0,0.0,0.0,0.0,0.0,0.0,0.0,0.0,0.0,49.0,0.0,1.0,Evil Geniuses
729759,279015,bao,EG,cypher,1.0,1.0,0.0,1.0,0.0,0.0,0.0,0.0,0.0,92.0,0.0,0.0,Evil Geniuses
729759,279015,saadhak,KRÜ,kayo,1.0,0.0,0.0,0.0,1.0,0.0,0.0,0.0,0.0,36.0,4.0,0.0,KRÜ Esports
729759,279015,mwzera,KRÜ,fade,1.0,1.0,0.0,0.0,0.0,0.0,0.0,0.0,0.0,43.0,0.0,0.0,KRÜ Esports
729759,279015,Less,KRÜ,omen,0.0,0.0,0.0,0.0,0.0,0.0,0.0,0.0,0.0,21.0,0.0,0.0,KRÜ Esports
729759,279015,heat,KRÜ,chamber,2.0,0.0,0.0,0.0,0.0,0.0,0.0,0.0,0.0,56.0,1.0,0.0,KRÜ Esports
729759,279015,Dantedeu5,KRÜ,neon,0.0,0.0,0.0,0.0,0.0,0.0,0.0,0.0,0.0,30.0,2.0,0.0,KRÜ Esports
734302,280023,Darker,LOUD,phoenix,4.0,0.0,0.0,0.0,0.0,0.0,0.0,0.0,0.0,53.0,7.0,0.0,LOUD
734302,280023,DaviH,LOUD,sova,0.0,1.0,0.0,0.0,1.0,0.0,0.0,0.0,0.0,66.0,3.0,0.0,LOUD
734302,280023,lukxo,LOUD,chamber,1.0,1.0,0.0,0.0,0.0,1.0,0.0,0.0,0.0,49.0,0.0,1.0,LOUD
734302,280023,erde,LOUD,omen,2.0,2.0,0.0,0.0,1.0,0.0,0.0,0.0,0.0,56.0,0.0,0.0,LOUD
734302,280023,tkzin,LOUD,neon,2.0,2.0,0.0,0.0,1.0,0.0,0.0,0.0,0.0,71.0,1.0,0.0,LOUD
734302,280023,C0M,FUR,sova,1.0,0.0,0.0,0.0,0.0,0.0,0.0,0.0,0.0,54.0,1.0,0.0,FURIA
734302,280023,koalanoob,FUR,neon,3.0,1.0,0.0,0.0,0.0,1.0,0.0,0.0,0.0,38.0,0.0,1.0,FURIA
734302,280023,artzin,FUR,astra,2.0,0.0,0.0,0.0,0.0,0.0,0.0,0.0,0.0,36.0,1.0,0.0,FURIA
734302,280023,Shyy,FUR,cypher,1.0,1.0,0.0,0.0,0.0,0.0,0.0,0.0,0.0,54.0,0.0,0.0,FURIA
734302,280023,basic,FUR,phoenix,4.0,0.0,0.0,0.0,0.0,0.0,0.0,0.0,0.0,72.0,0.0,1.0,FURIA
734302,280024,Darker,LOUD,omen,2.0,0.0,0.0,0.0,0.0,0.0,0.0,0.0,0.0,32.0,1.0,0.0,LOUD
734302,280024,DaviH,LOUD,fade,2.0,2.0,1.0,0.0,0.0,1.0,0.0,0.0,0.0,101.0,4.0,2.0,LOUD
734302,280024,lukxo,LOUD,chamber,1.0,0.0,1.0,1.0,0.0,0.0,0.0,0.0,0.0,90.0,0.0,0.0,LOUD
734302,280024,erde,LOUD,sage,1.0,0.0,0.0,0.0,0.0,0.0,0.0,0.0,0.0,41.0,3.0,0.0,LOUD
734302,280024,tkzin,LOUD,neon,4.0,1.0,0.0,0.0,0.0,0.0,0.0,0.0,0.0,66.0,0.0,0.0,LOUD
734302,280024,C0M,FUR,fade,3.0,0.0,0.0,0.0,0.0,0.0,0.0,0.0,0.0,26.0,5.0,0.0,FURIA
734302,280024,koalanoob,FUR,neon,4.0,0.0,0.0,0.0,1.0,0.0,0.0,0.0,0.0,28.0,0.0,0.0,FURIA
734302,280024,artzin,FUR,harbor,3.0,2.0,1.0,0.0,0.0,0.0,0.0,0.0,0.0,78.0,0.0,0.0,FURIA
734302,280024,Shyy,FUR,cypher,1.0,0.0,0.0,0.0,0.0,0.0,0.0,0.0,0.0,33.0,0.0,0.0,FURIA
734302,280024,basic,FUR,phoenix,2.0,0.0,0.0,0.0,0.0,0.0,0.0,1.0,0.0,59.0,2.0,0.0,FURIA
734303,280026,kiNgg,LEV,astra,1.0,0.0,0.0,0.0,1.0,0.0,0.0,0.0,0.0,47.0,2.0,1.0,LEVIATÁN
734303,280026,blowz,LEV,sova,3.0,0.0,0.0,0.0,0.0,0.0,0.0,0.0,0.0,38.0,2.0,2.0,LEVIATÁN
734303,280026,Sato,LEV,phoenix,5.0,4.0,0.0,0.0,0.0,0.0,0.0,0.0,0.0,106.0,3.0,2.0,LEVIATÁN
734303,280026,spike,LEV,neon,2.0,1.0,1.0,0.0,0.0,1.0,0.0,0.0,0.0,58.0,1.0,0.0,LEVIATÁN
734303,280026,Neon,LEV,chamber,2.0,0.0,0.0,0.0,0.0,0.0,0.0,0.0,0.0,51.0,1.0,0.0,LEVIATÁN
734303,280026,tex,MIBR,vyse,2.0,1.0,0.0,0.0,0.0,0.0,0.0,0.0,0.0,50.0,1.0,0.0,MIBR
734303,280026,zekken,MIBR,phoenix,2.0,0.0,0.0,0.0,0.0,0.0,0.0,0.0,0.0,29.0,0.0,0.0,MIBR
734303,280026,Mazino,MIBR,astra,3.0,0.0,0.0,0.0,0.0,0.0,0.0,0.0,0.0,46.0,1.0,0.0,MIBR
734303,280026,aspas,MIBR,jett,2.0,0.0,0.0,0.0,0.0,0.0,0.0,0.0,0.0,60.0,0.0,1.0,MIBR
734303,280026,Verno,MIBR,sova,1.0,1.0,0.0,0.0,0.0,0.0,0.0,0.0,0.0,58.0,5.0,1.0,MIBR
734303,280027,kiNgg,LEV,astra,1.0,1.0,0.0,0.0,0.0,0.0,0.0,0.0,0.0,50.0,1.0,0.0,LEVIATÁN
734303,280027,blowz,LEV,sova,1.0,1.0,0.0,0.0,0.0,0.0,1.0,0.0,0.0,50.0,5.0,0.0,LEVIATÁN
734303,280027,Sato,LEV,yoru,4.0,0.0,0.0,0.0,0.0,0.0,0.0,0.0,0.0,60.0,2.0,0.0,LEVIATÁN
734303,280027,spike,LEV,neon,2.0,2.0,0.0,0.0,1.0,0.0,0.0,0.0,0.0,58.0,2.0,1.0,LEVIATÁN
734303,280027,Neon,LEV,chamber,5.0,1.0,1.0,0.0,0.0,0.0,0.0,0.0,0.0,75.0,0.0,0.0,LEVIATÁN
734303,280027,tex,MIBR,cypher,0.0,1.0,0.0,0.0,0.0,0.0,0.0,0.0,0.0,37.0,0.0,0.0,MIBR
734303,280027,zekken,MIBR,phoenix,0.0,1.0,0.0,0.0,0.0,0.0,0.0,0.0,0.0,30.0,0.0,0.0,MIBR
734303,280027,Mazino,MIBR,omen,0.0,1.0,0.0,0.0,0.0,0.0,0.0,0.0,0.0,24.0,1.0,0.0,MIBR
734303,280027,aspas,MIBR,neon,3.0,0.0,0.0,0.0,0.0,0.0,0.0,0.0,0.0,56.0,0.0,0.0,MIBR
734303,280027,Verno,MIBR,sova,2.0,1.0,0.0,0.0,1.0,0.0,0.0,0.0,0.0,78.0,0.0,1.0,MIBR
734304,280029,brawk,NRG,sova,3.0,3.0,2.0,0.0,0.0,0.0,0.0,0.0,0.0,116.0,1.0,0.0,NRG
734304,280029,mada,NRG,phoenix,4.0,1.0,1.0,0.0,0.0,0.0,0.0,0.0,0.0,52.0,1.0,0.0,NRG
734304,280029,skuba,NRG,cypher,2.0,0.0,0.0,0.0,0.0,0.0,0.0,0.0,0.0,36.0,1.0,2.0,NRG
734304,280029,Ethan,NRG,omen,1.0,1.0,0.0,0.0,0.0,0.0,0.0,0.0,0.0,34.0,3.0,0.0,NRG
734304,280029,keiko,NRG,jett,2.0,0.0,0.0,0.0,0.0,0.0,0.0,0.0,0.0,48.0,0.0,0.0,NRG
734304,280029,Darker,LOUD,phoenix,1.0,0.0,0.0,0.0,0.0,0.0,0.0,0.0,0.0,33.0,3.0,0.0,LOUD
734304,280029,DaviH,LOUD,sova,2.0,0.0,0.0,0.0,1.0,0.0,0.0,0.0,0.0,43.0,2.0,0.0,LOUD
734304,280029,lukxo,LOUD,chamber,0.0,2.0,0.0,0.0,0.0,0.0,0.0,0.0,0.0,56.0,0.0,0.0,LOUD
734304,280029,erde,LOUD,omen,1.0,0.0,0.0,0.0,0.0,0.0,0.0,0.0,0.0,38.0,1.0,0.0,LOUD
734304,280029,tkzin,LOUD,neon,1.0,1.0,1.0,0.0,0.0,0.0,0.0,0.0,0.0,70.0,1.0,0.0,LOUD
734304,280030,brawk,NRG,sova,2.0,1.0,0.0,0.0,0.0,0.0,0.0,0.0,0.0,50.0,2.0,1.0,NRG
734304,280030,mada,NRG,phoenix,6.0,1.0,1.0,0.0,0.0,0.0,0.0,0.0,0.0,77.0,3.0,1.0,NRG
734304,280030,skuba,NRG,viper,5.0,1.0,0.0,0.0,0.0,0.0,0.0,0.0,0.0,55.0,4.0,0.0,NRG
734304,280030,Ethan,NRG,omen,1.0,0.0,0.0,0.0,0.0,0.0,0.0,0.0,0.0,37.0,0.0,0.0,NRG
734304,280030,keiko,NRG,jett,1.0,1.0,1.0,0.0,0.0,0.0,0.0,0.0,0.0,38.0,0.0,3.0,NRG
734304,280030,Darker,LOUD,harbor,4.0,0.0,0.0,0.0,0.0,0.0,0.0,0.0,0.0,47.0,4.0,1.0,LOUD
734304,280030,DaviH,LOUD,sova,1.0,0.0,0.0,0.0,0.0,0.0,0.0,0.0,0.0,44.0,4.0,1.0,LOUD
734304,280030,lukxo,LOUD,yoru,2.0,5.0,0.0,0.0,1.0,0.0,0.0,0.0,0.0,73.0,0.0,2.0,LOUD
734304,280030,erde,LOUD,omen,4.0,2.0,1.0,0.0,1.0,0.0,0.0,0.0,0.0,73.0,3.0,1.0,LOUD
734304,280030,tkzin,LOUD,waylay,2.0,0.0,0.0,0.0,0.0,0.0,0.0,0.0,0.0,28.0,0.0,0.0,LOUD
734304,280031,brawk,NRG,vyse,4.0,0.0,0.0,0.0,1.0,0.0,0.0,0.0,0.0,69.0,0.0,0.0,NRG
734304,280031,mada,NRG,raze,5.0,0.0,1.0,0.0,0.0,0.0,0.0,0.0,0.0,69.0,0.0,1.0,NRG
734304,280031,skuba,NRG,viper,2.0,0.0,0.0,0.0,1.0,0.0,0.0,0.0,0.0,51.0,0.0,0.0,NRG
734304,280031,Ethan,NRG,fade,3.0,0.0,0.0,0.0,0.0,0.0,0.0,0.0,0.0,48.0,5.0,1.0,NRG
734304,280031,keiko,NRG,omen,2.0,0.0,1.0,0.0,2.0,0.0,0.0,0.0,0.0,75.0,0.0,1.0,NRG
734304,280031,Darker,LOUD,viper,3.0,0.0,1.0,0.0,0.0,0.0,0.0,0.0,0.0,58.0,0.0,0.0,LOUD
734304,280031,DaviH,LOUD,fade,1.0,0.0,0.0,0.0,0.0,0.0,0.0,0.0,0.0,13.0,2.0,0.0,LOUD
734304,280031,lukxo,LOUD,chamber,1.0,0.0,1.0,1.0,0.0,0.0,0.0,0.0,0.0,66.0,1.0,0.0,LOUD
734304,280031,erde,LOUD,omen,0.0,0.0,0.0,0.0,0.0,0.0,0.0,0.0,0.0,23.0,3.0,0.0,LOUD
734304,280031,tkzin,LOUD,neon,2.0,0.0,0.0,0.0,0.0,0.0,0.0,0.0,0.0,38.0,1.0,1.0,LOUD
734305,280032,Asuna,100T,omen,3.0,1.0,0.0,0.0,0.0,0.0,0.0,0.0,0.0,56.0,2.0,0.0,100 Thieves
734305,280032,bang,100T,viper,2.0,2.0,1.0,0.0,1.0,1.0,0.0,0.0,0.0,113.0,2.0,0.0,100 Thieves
734305,280032,Cryocells,100T,chamber,0.0,1.0,1.0,0.0,0.0,0.0,0.0,0.0,0.0,45.0,0.0,0.0,100 Thieves
734305,280032,vora,100T,skye,1.0,1.0,0.0,0.0,0.0,0.0,0.0,0.0,0.0,44.0,4.0,0.0,100 Thieves
734305,280032,Timotino,100T,neon,1.0,1.0,0.0,0.0,2.0,0.0,1.0,0.0,0.0,58.0,1.0,1.0,100 Thieves
734305,280032,kiNgg,LEV,vyse,1.0,0.0,0.0,0.0,0.0,0.0,0.0,0.0,0.0,24.0,0.0,0.0,LEVIATÁN
734305,280032,blowz,LEV,skye,2.0,2.0,0.0,0.0,0.0,0.0,0.0,0.0,0.0,77.0,1.0,0.0,LEVIATÁN
734305,280032,Sato,LEV,raze,1.0,0.0,1.0,0.0,0.0,0.0,0.0,0.0,0.0,44.0,0.0,0.0,LEVIATÁN
734305,280032,spike,LEV,omen,2.0,1.0,0.0,0.0,0.0,0.0,0.0,0.0,0.0,68.0,0.0,0.0,LEVIATÁN
734305,280032,Neon,LEV,jett,1.0,0.0,0.0,0.0,1.0,0.0,0.0,0.0,0.0,41.0,0.0,1.0,LEVIATÁN
734305,280033,Asuna,100T,phoenix,2.0,0.0,0.0,0.0,0.0,0.0,0.0,0.0,0.0,35.0,3.0,0.0,100 Thieves
734305,280033,bang,100T,harbor,2.0,0.0,0.0,0.0,0.0,0.0,0.0,0.0,0.0,24.0,6.0,0.0,100 Thieves
734305,280033,Cryocells,100T,cypher,4.0,0.0,0.0,0.0,0.0,0.0,0.0,0.0,0.0,48.0,0.0,0.0,100 Thieves
734305,280033,vora,100T,fade,7.0,2.0,0.0,0.0,1.0,1.0,0.0,0.0,0.0,75.0,1.0,1.0,100 Thieves
734305,280033,Timotino,100T,neon,5.0,2.0,0.0,0.0,0.0,1.0,0.0,0.0,0.0,63.0,0.0,2.0,100 Thieves
734305,280033,kiNgg,LEV,viper,2.0,0.0,0.0,0.0,0.0,0.0,0.0,0.0,0.0,37.0,0.0,1.0,LEVIATÁN
734305,280033,blowz,LEV,fade,0.0,0.0,0.0,0.0,0.0,0.0,0.0,0.0,0.0,37.0,5.0,1.0,LEVIATÁN
734305,280033,Sato,LEV,omen,3.0,0.0,0.0,0.0,0.0,0.0,0.0,0.0,0.0,45.0,0.0,1.0,LEVIATÁN
734305,280033,spike,LEV,neon,3.0,1.0,1.0,0.0,0.0,0.0,0.0,0.0,0.0,61.0,0.0,0.0,LEVIATÁN
734305,280033,Neon,LEV,yoru,4.0,0.0,0.0,0.0,0.0,1.0,0.0,0.0,0.0,55.0,0.0,0.0,LEVIATÁN
734307,280035,brawk,NRG,sova,2.0,0.0,0.0,0.0,0.0,0.0,0.0,0.0,0.0,43.0,0.0,0.0,NRG
734307,280035,mada,NRG,phoenix,3.0,1.0,0.0,0.0,0.0,0.0,0.0,0.0,0.0,44.0,2.0,0.0,NRG
734307,280035,skuba,NRG,viper,2.0,0.0,0.0,0.0,1.0,0.0,0.0,0.0,0.0,41.0,0.0,1.0,NRG
734307,280035,Ethan,NRG,omen,2.0,0.0,0.0,0.0,0.0,0.0,0.0,0.0,0.0,60.0,0.0,1.0,NRG
734307,280035,keiko,NRG,jett,0.0,0.0,0.0,0.0,0.0,0.0,0.0,0.0,0.0,33.0,0.0,0.0,NRG
734307,280035,Asuna,100T,phoenix,4.0,0.0,0.0,0.0,0.0,0.0,0.0,0.0,0.0,70.0,4.0,0.0,100 Thieves
734307,280035,bang,100T,harbor,3.0,2.0,0.0,0.0,0.0,0.0,0.0,0.0,0.0,73.0,4.0,1.0,100 Thieves
734307,280035,Cryocells,100T,cypher,2.0,0.0,0.0,0.0,0.0,1.0,0.0,0.0,0.0,33.0,1.0,0.0,100 Thieves
734307,280035,vora,100T,sova,3.0,0.0,0.0,0.0,1.0,0.0,0.0,0.0,0.0,56.0,2.0,1.0,100 Thieves
734307,280035,Timotino,100T,jett,3.0,1.0,0.0,1.0,1.0,0.0,0.0,0.0,0.0,66.0,0.0,0.0,100 Thieves
734307,280036,brawk,NRG,sova,1.0,2.0,0.0,0.0,0.0,0.0,0.0,0.0,0.0,60.0,3.0,1.0,NRG
734307,280036,mada,NRG,neon,2.0,0.0,0.0,0.0,0.0,0.0,0.0,0.0,0.0,39.0,0.0,0.0,NRG
734307,280036,skuba,NRG,omen,1.0,0.0,0.0,0.0,0.0,0.0,0.0,0.0,0.0,43.0,1.0,0.0,NRG
734307,280036,Ethan,NRG,kayo,2.0,0.0,0.0,0.0,0.0,0.0,0.0,0.0,0.0,48.0,3.0,0.0,NRG
734307,280036,keiko,NRG,chamber,2.0,0.0,1.0,0.0,1.0,1.0,0.0,0.0,0.0,62.0,1.0,0.0,NRG
734307,280036,Asuna,100T,phoenix,3.0,1.0,0.0,0.0,0.0,0.0,0.0,0.0,0.0,46.0,2.0,1.0,100 Thieves
734307,280036,bang,100T,omen,1.0,1.0,0.0,0.0,0.0,0.0,0.0,0.0,0.0,62.0,3.0,0.0,100 Thieves
734307,280036,Cryocells,100T,cypher,4.0,0.0,0.0,0.0,1.0,0.0,0.0,0.0,0.0,54.0,0.0,0.0,100 Thieves
734307,280036,vora,100T,fade,4.0,1.0,0.0,0.0,1.0,0.0,0.0,0.0,0.0,68.0,1.0,1.0,100 Thieves
734307,280036,Timotino,100T,neon,5.0,0.0,0.0,0.0,0.0,0.0,0.0,0.0,0.0,59.0,0.0,1.0,100 Thieves
734308,280038,Asuna,100T,phoenix,3.0,1.0,0.0,0.0,0.0,0.0,0.0,0.0,0.0,61.0,0.0,0.0,100 Thieves
734308,280038,bang,100T,omen,0.0,2.0,0.0,0.0,0.0,0.0,0.0,0.0,0.0,37.0,3.0,0.0,100 Thieves
734308,280038,Cryocells,100T,viper,0.0,1.0,0.0,0.0,0.0,0.0,0.0,0.0,0.0,39.0,0.0,0.0,100 Thieves
734308,280038,vora,100T,fade,1.0,0.0,0.0,0.0,0.0,0.0,0.0,0.0,0.0,45.0,4.0,0.0,100 Thieves
734308,280038,Timotino,100T,neon,3.0,0.0,0.0,0.0,0.0,0.0,0.0,0.0,0.0,63.0,0.0,0.0,100 Thieves
734308,280038,Darker,LOUD,viper,0.0,1.0,0.0,0.0,0.0,0.0,1.0,0.0,0.0,39.0,1.0,0.0,LOUD
734308,280038,DaviH,LOUD,fade,3.0,2.0,0.0,0.0,0.0,0.0,0.0,0.0,0.0,71.0,5.0,2.0,LOUD
734308,280038,lukxo,LOUD,yoru,1.0,2.0,0.0,0.0,0.0,0.0,0.0,0.0,0.0,50.0,0.0,1.0,LOUD
734308,280038,erde,LOUD,astra,5.0,1.0,1.0,0.0,0.0,0.0,0.0,0.0,0.0,75.0,3.0,0.0,LOUD
734308,280038,tkzin,LOUD,neon,2.0,1.0,0.0,0.0,0.0,0.0,0.0,0.0,0.0,37.0,0.0,0.0,LOUD
734308,280039,Asuna,100T,phoenix,3.0,0.0,1.0,0.0,0.0,1.0,0.0,0.0,0.0,43.0,4.0,0.0,100 Thieves
734308,280039,bang,100T,omen,2.0,0.0,0.0,0.0,0.0,0.0,0.0,0.0,0.0,38.0,2.0,0.0,100 Thieves
734308,280039,Cryocells,100T,chamber,4.0,2.0,1.0,0.0,0.0,0.0,0.0,0.0,0.0,70.0,0.0,1.0,100 Thieves
734308,280039,vora,100T,fade,2.0,0.0,0.0,0.0,0.0,0.0,0.0,0.0,0.0,33.0,2.0,0.0,100 Thieves
734308,280039,Timotino,100T,neon,1.0,1.0,1.0,0.0,0.0,0.0,0.0,0.0,0.0,59.0,0.0,0.0,100 Thieves
734308,280039,Darker,LOUD,omen,0.0,0.0,1.0,0.0,0.0,0.0,0.0,0.0,0.0,41.0,0.0,0.0,LOUD
734308,280039,DaviH,LOUD,sova,3.0,0.0,0.0,0.0,0.0,0.0,0.0,0.0,0.0,44.0,4.0,0.0,LOUD
734308,280039,lukxo,LOUD,chamber,3.0,1.0,0.0,1.0,0.0,0.0,0.0,0.0,0.0,64.0,0.0,0.0,LOUD
734308,280039,erde,LOUD,sage,4.0,2.0,0.0,0.0,1.0,0.0,0.0,0.0,0.0,54.0,3.0,0.0,LOUD
734308,280039,tkzin,LOUD,neon,3.0,1.0,1.0,0.0,0.0,0.0,0.0,0.0,0.0,55.0,0.0,1.0,LOUD
734308,280040,Asuna,100T,phoenix,3.0,3.0,0.0,0.0,0.0,1.0,0.0,0.0,0.0,60.0,3.0,0.0,100 Thieves
734308,280040,bang,100T,omen,4.0,2.0,0.0,0.0,0.0,1.0,0.0,0.0,0.0,50.0,1.0,0.0,100 Thieves
734308,280040,Cryocells,100T,cypher,3.0,0.0,1.0,0.0,0.0,0.0,0.0,0.0,0.0,45.0,0.0,0.0,100 Thieves
734308,280040,vora,100T,sova,4.0,0.0,0.0,0.0,0.0,1.0,0.0,0.0,0.0,49.0,2.0,2.0,100 Thieves
734308,280040,Timotino,100T,jett,4.0,1.0,0.0,0.0,0.0,0.0,0.0,0.0,0.0,47.0,0.0,1.0,100 Thieves
734308,280040,Darker,LOUD,phoenix,0.0,1.0,0.0,0.0,0.0,0.0,0.0,0.0,0.0,38.0,1.0,0.0,LOUD
734308,280040,DaviH,LOUD,sova,5.0,1.0,0.0,0.0,1.0,0.0,0.0,0.0,0.0,59.0,3.0,1.0,LOUD
734308,280040,lukxo,LOUD,chamber,2.0,0.0,1.0,0.0,1.0,0.0,0.0,0.0,0.0,48.0,0.0,1.0,LOUD
734308,280040,erde,LOUD,omen,5.0,0.0,1.0,0.0,1.0,0.0,0.0,0.0,0.0,59.0,1.0,0.0,LOUD
734308,280040,tkzin,LOUD,neon,1.0,3.0,0.0,0.0,0.0,0.0,0.0,0.0,0.0,35.0,0.0,1.0,LOUD
734308,280041,Asuna,100T,phoenix,1.0,0.0,0.0,0.0,0.0,0.0,0.0,0.0,0.0,32.0,1.0,0.0,100 Thieves
734308,280041,bang,100T,harbor,1.0,0.0,0.0,0.0,0.0,0.0,0.0,0.0,0.0,31.0,0.0,0.0,100 Thieves
734308,280041,Cryocells,100T,cypher,2.0,0.0,0.0,0.0,0.0,0.0,0.0,0.0,0.0,67.0,0.0,0.0,100 Thieves
734308,280041,vora,100T,fade,1.0,0.0,1.0,0.0,0.0,0.0,0.0,0.0,0.0,62.0,1.0,0.0,100 Thieves
734308,280041,Timotino,100T,neon,0.0,0.0,0.0,0.0,0.0,0.0,0.0,0.0,0.0,17.0,0.0,0.0,100 Thieves
734308,280041,Darker,LOUD,omen,2.0,0.0,0.0,0.0,0.0,0.0,0.0,0.0,0.0,41.0,0.0,0.0,LOUD
734308,280041,DaviH,LOUD,fade,1.0,0.0,0.0,0.0,0.0,0.0,0.0,0.0,0.0,66.0,7.0,0.0,LOUD
734308,280041,lukxo,LOUD,chamber,2.0,2.0,0.0,0.0,0.0,0.0,0.0,0.0,0.0,84.0,0.0,1.0,LOUD
734308,280041,erde,LOUD,sage,4.0,1.0,1.0,0.0,0.0,0.0,0.0,0.0,0.0,125.0,2.0,1.0,LOUD
734308,280041,tkzin,LOUD,neon,1.0,0.0,0.0,0.0,0.0,0.0,0.0,0.0,0.0,42.0,0.0,0.0,LOUD
734308,280042,Asuna,100T,phoenix,6.0,2.0,0.0,0.0,0.0,0.0,0.0,0.0,0.0,61.0,5.0,0.0,100 Thieves
734308,280042,bang,100T,omen,3.0,1.0,0.0,0.0,1.0,0.0,0.0,0.0,0.0,42.0,2.0,1.0,100 Thieves
734308,280042,Cryocells,100T,cypher,6.0,0.0,0.0,0.0,1.0,0.0,0.0,0.0,0.0,36.0,0.0,0.0,100 Thieves
734308,280042,vora,100T,sova,1.0,1.0,0.0,0.0,0.0,0.0,0.0,0.0,0.0,45.0,3.0,0.0,100 Thieves
734308,280042,Timotino,100T,neon,7.0,1.0,0.0,0.0,0.0,0.0,0.0,0.0,0.0,70.0,0.0,1.0,100 Thieves
734308,280042,Darker,LOUD,phoenix,2.0,1.0,0.0,0.0,0.0,0.0,0.0,0.0,0.0,36.0,1.0,0.0,LOUD
734308,280042,DaviH,LOUD,sova,2.0,0.0,0.0,0.0,0.0,0.0,0.0,0.0,0.0,39.0,3.0,1.0,LOUD
734308,280042,lukxo,LOUD,chamber,2.0,1.0,1.0,0.0,0.0,0.0,0.0,0.0,0.0,60.0,2.0,1.0,LOUD
734308,280042,erde,LOUD,omen,4.0,0.0,1.0,0.0,0.0,1.0,0.0,0.0,0.0,50.0,2.0,0.0,LOUD
734308,280042,tkzin,LOUD,neon,1.0,3.0,0.0,0.0,1.0,0.0,0.0,0.0,0.0,46.0,1.0,1.0,LOUD
734309,280043,C0M,FUR,sova,2.0,0.0,0.0,0.0,0.0,0.0,0.0,0.0,0.0,46.0,1.0,0.0,FURIA
734309,280043,koalanoob,FUR,neon,4.0,1.0,0.0,0.0,0.0,0.0,0.0,0.0,0.0,50.0,0.0,0.0,FURIA
734309,280043,artzin,FUR,astra,4.0,1.0,0.0,0.0,1.0,0.0,0.0,0.0,0.0,68.0,7.0,0.0,FURIA
734309,280043,Shyy,FUR,cypher,5.0,1.0,0.0,0.0,0.0,0.0,0.0,0.0,0.0,65.0,0.0,2.0,FURIA
734309,280043,basic,FUR,phoenix,2.0,0.0,0.0,0.0,0.0,0.0,0.0,0.0,0.0,58.0,1.0,2.0,FURIA
734309,280043,BABYBAY,G2,chamber,1.0,1.0,0.0,0.0,0.0,0.0,0.0,0.0,0.0,51.0,1.0,0.0,G2 Esports
734309,280043,valyn,G2,omen,3.0,0.0,0.0,0.0,0.0,0.0,0.0,0.0,0.0,46.0,1.0,1.0,G2 Esports
734309,280043,jawgemo,G2,neon,0.0,1.0,0.0,0.0,0.0,0.0,0.0,0.0,0.0,28.0,0.0,0.0,G2 Esports
734309,280043,leaf,G2,yoru,1.0,2.0,1.0,0.0,0.0,1.0,0.0,0.0,0.0,49.0,0.0,0.0,G2 Esports
734309,280043,trent,G2,fade,2.0,2.0,0.0,0.0,0.0,0.0,0.0,0.0,0.0,62.0,6.0,0.0,G2 Esports
734309,280044,C0M,FUR,sova,0.0,0.0,0.0,0.0,0.0,0.0,0.0,0.0,0.0,26.0,2.0,1.0,FURIA
734309,280044,koalanoob,FUR,yoru,6.0,0.0,0.0,0.0,0.0,0.0,0.0,0.0,0.0,56.0,1.0,1.0,FURIA
734309,280044,artzin,FUR,omen,4.0,0.0,0.0,0.0,0.0,0.0,0.0,0.0,0.0,38.0,0.0,0.0,FURIA
734309,280044,Shyy,FUR,cypher,3.0,1.0,0.0,0.0,1.0,0.0,0.0,0.0,0.0,56.0,0.0,1.0,FURIA
734309,280044,basic,FUR,neon,1.0,0.0,0.0,0.0,0.0,0.0,0.0,0.0,0.0,43.0,1.0,0.0,FURIA
734309,280044,BABYBAY,G2,chamber,3.0,1.0,0.0,0.0,0.0,0.0,0.0,0.0,0.0,66.0,0.0,0.0,G2 Esports
734309,280044,valyn,G2,omen,5.0,1.0,0.0,0.0,0.0,0.0,0.0,0.0,0.0,73.0,1.0,0.0,G2 Esports
734309,280044,jawgemo,G2,neon,1.0,2.0,0.0,0.0,0.0,0.0,0.0,0.0,0.0,37.0,1.0,0.0,G2 Esports
734309,280044,leaf,G2,sage,4.0,2.0,0.0,0.0,0.0,0.0,0.0,0.0,0.0,70.0,0.0,3.0,G2 Esports
734309,280044,trent,G2,skye,2.0,0.0,0.0,0.0,0.0,0.0,0.0,0.0,0.0,41.0,4.0,0.0,G2 Esports
734309,280045,C0M,FUR,sova,0.0,0.0,0.0,0.0,0.0,0.0,0.0,0.0,0.0,23.0,1.0,0.0,FURIA
734309,280045,koalanoob,FUR,yoru,4.0,0.0,0.0,0.0,0.0,0.0,0.0,0.0,0.0,48.0,0.0,1.0,FURIA
734309,280045,artzin,FUR,astra,0.0,0.0,0.0,0.0,0.0,0.0,0.0,0.0,0.0,18.0,0.0,0.0,FURIA
734309,280045,Shyy,FUR,harbor,3.0,0.0,0.0,0.0,0.0,1.0,0.0,0.0,0.0,68.0,6.0,0.0,FURIA
734309,280045,basic,FUR,waylay,1.0,1.0,0.0,0.0,0.0,1.0,0.0,0.0,0.0,44.0,1.0,0.0,FURIA
734309,280045,BABYBAY,G2,waylay,2.0,1.0,0.0,0.0,0.0,0.0,0.0,0.0,0.0,66.0,0.0,3.0,G2 Esports
734309,280045,valyn,G2,harbor,2.0,1.0,0.0,0.0,0.0,0.0,0.0,0.0,0.0,50.0,1.0,1.0,G2 Esports
734309,280045,jawgemo,G2,neon,3.0,2.0,0.0,0.0,0.0,0.0,0.0,0.0,0.0,62.0,0.0,0.0,G2 Esports
734309,280045,leaf,G2,astra,1.0,0.0,0.0,0.0,0.0,0.0,0.0,0.0,0.0,29.0,0.0,0.0,G2 Esports
734309,280045,trent,G2,sova,2.0,3.0,0.0,0.0,0.0,0.0,0.0,0.0,0.0,127.0,4.0,0.0,G2 Esports
734310,280046,tex,MIBR,viper,5.0,0.0,0.0,0.0,1.0,0.0,0.0,0.0,0.0,48.0,1.0,1.0,MIBR
734310,280046,zekken,MIBR,omen,3.0,3.0,0.0,0.0,0.0,1.0,0.0,0.0,0.0,41.0,1.0,1.0,MIBR
734310,280046,Mazino,MIBR,vyse,2.0,1.0,0.0,0.0,0.0,0.0,0.0,0.0,0.0,43.0,1.0,0.0,MIBR
734310,280046,aspas,MIBR,raze,7.0,1.0,0.0,0.0,0.0,0.0,0.0,0.0,0.0,45.0,0.0,1.0,MIBR
734310,280046,Verno,MIBR,fade,0.0,2.0,0.0,0.0,0.0,0.0,0.0,0.0,0.0,33.0,6.0,2.0,MIBR
734310,280046,supamen,EG,omen,4.0,1.0,0.0,0.0,0.0,0.0,0.0,0.0,0.0,42.0,1.0,0.0,Evil Geniuses
734310,280046,Paincakes,EG,skye,4.0,0.0,0.0,0.0,1.0,0.0,0.0,0.0,0.0,34.0,8.0,3.0,Evil Geniuses
734310,280046,dgzin,EG,neon,2.0,2.0,1.0,0.0,0.0,0.0,0.0,0.0,0.0,31.0,0.0,1.0,Evil Geniuses
734310,280046,zerona,EG,raze,3.0,3.0,2.0,0.0,0.0,0.0,0.0,0.0,0.0,51.0,0.0,0.0,Evil Geniuses
734310,280046,bao,EG,cypher,3.0,2.0,0.0,0.0,1.0,0.0,0.0,0.0,0.0,42.0,0.0,1.0,Evil Geniuses
734310,280047,tex,MIBR,cypher,2.0,0.0,0.0,0.0,0.0,0.0,0.0,0.0,0.0,35.0,1.0,1.0,MIBR
734310,280047,zekken,MIBR,phoenix,6.0,0.0,0.0,0.0,1.0,0.0,0.0,0.0,0.0,45.0,0.0,0.0,MIBR
734310,280047,Mazino,MIBR,omen,1.0,1.0,0.0,0.0,1.0,1.0,0.0,0.0,0.0,48.0,0.0,0.0,MIBR
734310,280047,aspas,MIBR,neon,4.0,2.0,1.0,0.0,0.0,0.0,0.0,0.0,0.0,70.0,2.0,1.0,MIBR
734310,280047,Verno,MIBR,sova,6.0,1.0,0.0,0.0,0.0,0.0,0.0,0.0,0.0,82.0,5.0,1.0,MIBR
734310,280047,supamen,EG,omen,5.0,0.0,0.0,0.0,1.0,0.0,0.0,0.0,0.0,61.0,0.0,1.0,Evil Geniuses
734310,280047,Paincakes,EG,sova,4.0,0.0,0.0,0.0,1.0,0.0,0.0,0.0,0.0,47.0,4.0,0.0,Evil Geniuses
734310,280047,dgzin,EG,neon,3.0,1.0,0.0,1.0,0.0,0.0,0.0,0.0,0.0,47.0,2.0,0.0,Evil Geniuses
734310,280047,zerona,EG,viper,1.0,2.0,0.0,1.0,0.0,0.0,0.0,0.0,0.0,67.0,0.0,0.0,Evil Geniuses
734310,280047,bao,EG,cypher,2.0,0.0,0.0,0.0,1.0,0.0,0.0,0.0,0.0,43.0,1.0,1.0,Evil Geniuses
734310,280048,tex,MIBR,cypher,3.0,0.0,0.0,0.0,0.0,0.0,0.0,0.0,0.0,48.0,1.0,1.0,MIBR
734310,280048,zekken,MIBR,phoenix,4.0,3.0,0.0,0.0,0.0,0.0,0.0,0.0,0.0,68.0,2.0,0.0,MIBR
734310,280048,Mazino,MIBR,omen,4.0,0.0,0.0,0.0,0.0,0.0,0.0,0.0,0.0,44.0,3.0,0.0,MIBR
734310,280048,aspas,MIBR,neon,5.0,1.0,0.0,0.0,0.0,0.0,0.0,0.0,0.0,63.0,0.0,0.0,MIBR
734310,280048,Verno,MIBR,sova,3.0,1.0,0.0,0.0,1.0,1.0,0.0,0.0,0.0,54.0,4.0,1.0,MIBR
734310,280048,supamen,EG,omen,3.0,0.0,0.0,0.0,1.0,0.0,0.0,0.0,0.0,46.0,2.0,1.0,Evil Geniuses
734310,280048,Paincakes,EG,sova,4.0,0.0,0.0,0.0,0.0,0.0,0.0,0.0,0.0,61.0,3.0,0.0,Evil Geniuses
734310,280048,dgzin,EG,neon,3.0,2.0,0.0,0.0,0.0,0.0,0.0,0.0,0.0,47.0,0.0,1.0,Evil Geniuses
734310,280048,zerona,EG,phoenix,3.0,1.0,0.0,0.0,0.0,0.0,0.0,0.0,0.0,54.0,1.0,0.0,Evil Geniuses
734310,280048,bao,EG,cypher,0.0,0.0,0.0,0.0,0.0,0.0,0.0,0.0,0.0,32.0,1.0,0.0,Evil Geniuses
734311,280049,kiNgg,LEV,viper,6.0,0.0,0.0,0.0,0.0,0.0,0.0,0.0,0.0,63.0,0.0,0.0,LEVIATÁN
734311,280049,blowz,LEV,fade,3.0,0.0,1.0,0.0,1.0,1.0,0.0,0.0,0.0,47.0,7.0,1.0,LEVIATÁN
734311,280049,Sato,LEV,phoenix,5.0,1.0,1.0,0.0,0.0,0.0,0.0,0.0,0.0,96.0,2.0,0.0,LEVIATÁN
734311,280049,spike,LEV,neon,1.0,0.0,0.0,0.0,0.0,0.0,0.0,0.0,0.0,31.0,0.0,1.0,LEVIATÁN
734311,280049,Neon,LEV,omen,4.0,0.0,0.0,0.0,1.0,0.0,0.0,0.0,0.0,48.0,1.0,1.0,LEVIATÁN
734311,280049,BABYBAY,G2,chamber,2.0,2.0,0.0,0.0,0.0,0.0,0.0,0.0,0.0,58.0,0.0,0.0,G2 Esports
734311,280049,valyn,G2,omen,2.0,0.0,0.0,0.0,0.0,0.0,0.0,0.0,0.0,35.0,2.0,0.0,G2 Esports
734311,280049,jawgemo,G2,neon,1.0,0.0,0.0,0.0,0.0,0.0,0.0,0.0,0.0,34.0,0.0,1.0,G2 Esports
734311,280049,leaf,G2,viper,3.0,1.0,0.0,0.0,0.0,0.0,0.0,0.0,0.0,58.0,0.0,0.0,G2 Esports
734311,280049,trent,G2,skye,1.0,1.0,0.0,0.0,0.0,0.0,0.0,0.0,0.0,44.0,6.0,2.0,G2 Esports
734311,280050,kiNgg,LEV,astra,0.0,1.0,0.0,0.0,0.0,0.0,0.0,0.0,0.0,52.0,1.0,2.0,LEVIATÁN
734311,280050,blowz,LEV,sova,3.0,0.0,0.0,0.0,0.0,0.0,0.0,0.0,0.0,63.0,5.0,0.0,LEVIATÁN
734311,280050,Sato,LEV,phoenix,2.0,1.0,0.0,0.0,0.0,0.0,0.0,0.0,0.0,62.0,0.0,1.0,LEVIATÁN
734311,280050,spike,LEV,neon,2.0,0.0,0.0,0.0,0.0,0.0,0.0,0.0,0.0,44.0,1.0,1.0,LEVIATÁN
734311,280050,Neon,LEV,chamber,2.0,1.0,0.0,0.0,1.0,0.0,0.0,0.0,0.0,41.0,1.0,0.0,LEVIATÁN
734311,280050,BABYBAY,G2,waylay,1.0,0.0,0.0,0.0,0.0,0.0,0.0,0.0,0.0,35.0,0.0,0.0,G2 Esports
734311,280050,valyn,G2,harbor,4.0,1.0,0.0,0.0,0.0,0.0,0.0,0.0,0.0,45.0,1.0,1.0,G2 Esports
734311,280050,jawgemo,G2,neon,2.0,1.0,0.0,0.0,0.0,0.0,0.0,0.0,0.0,47.0,0.0,0.0,G2 Esports
734311,280050,leaf,G2,astra,3.0,0.0,1.0,0.0,0.0,2.0,0.0,0.0,0.0,47.0,0.0,0.0,G2 Esports
734311,280050,trent,G2,sova,3.0,2.0,1.0,0.0,0.0,0.0,0.0,0.0,0.0,75.0,7.0,3.0,G2 Esports
734311,280051,kiNgg,LEV,viper,4.0,1.0,0.0,1.0,0.0,0.0,1.0,0.0,0.0,80.0,0.0,0.0,LEVIATÁN
734311,280051,blowz,LEV,fade,2.0,0.0,0.0,0.0,0.0,0.0,0.0,0.0,0.0,33.0,3.0,0.0,LEVIATÁN
734311,280051,Sato,LEV,omen,1.0,1.0,0.0,0.0,0.0,1.0,0.0,0.0,0.0,28.0,2.0,0.0,LEVIATÁN
734311,280051,spike,LEV,neon,0.0,1.0,0.0,0.0,0.0,0.0,0.0,0.0,0.0,38.0,0.0,0.0,LEVIATÁN
734311,280051,Neon,LEV,yoru,3.0,1.0,0.0,0.0,0.0,0.0,0.0,0.0,0.0,35.0,0.0,0.0,LEVIATÁN
734311,280051,BABYBAY,G2,vyse,1.0,1.0,1.0,0.0,0.0,0.0,0.0,0.0,0.0,61.0,0.0,0.0,G2 Esports
734311,280051,valyn,G2,harbor,3.0,3.0,0.0,0.0,0.0,0.0,0.0,0.0,0.0,84.0,1.0,0.0,G2 Esports
734311,280051,jawgemo,G2,neon,3.0,0.0,0.0,0.0,0.0,0.0,0.0,0.0,0.0,39.0,0.0,0.0,G2 Esports
734311,280051,leaf,G2,viper,2.0,1.0,0.0,0.0,0.0,0.0,0.0,0.0,0.0,53.0,0.0,2.0,G2 Esports
734311,280051,trent,G2,fade,2.0,1.0,1.0,0.0,0.0,0.0,0.0,0.0,0.0,61.0,3.0,0.0,G2 Esports
734312,280052,Darker,LOUD,viper,5.0,0.0,0.0,0.0,0.0,1.0,0.0,0.0,0.0,50.0,1.0,2.0,LOUD
734312,280052,DaviH,LOUD,fade,2.0,0.0,0.0,0.0,0.0,0.0,0.0,0.0,0.0,30.0,7.0,0.0,LOUD
734312,280052,lukxo,LOUD,chamber,3.0,4.0,0.0,0.0,1.0,0.0,0.0,0.0,0.0,94.0,0.0,0.0,LOUD
734312,280052,erde,LOUD,omen,3.0,1.0,0.0,0.0,0.0,0.0,0.0,0.0,0.0,49.0,2.0,0.0,LOUD
734312,280052,tkzin,LOUD,neon,6.0,0.0,0.0,0.0,1.0,0.0,0.0,0.0,0.0,48.0,0.0,0.0,LOUD
734312,280052,tex,MIBR,viper,0.0,0.0,0.0,0.0,0.0,0.0,0.0,0.0,0.0,36.0,1.0,0.0,MIBR
734312,280052,zekken,MIBR,omen,1.0,0.0,0.0,0.0,0.0,0.0,0.0,0.0,0.0,44.0,1.0,0.0,MIBR
734312,280052,Mazino,MIBR,vyse,3.0,3.0,1.0,0.0,0.0,0.0,0.0,0.0,0.0,81.0,1.0,2.0,MIBR
734312,280052,aspas,MIBR,raze,4.0,1.0,1.0,0.0,0.0,0.0,0.0,0.0,0.0,55.0,0.0,2.0,MIBR
734312,280052,Verno,MIBR,fade,2.0,1.0,0.0,0.0,0.0,0.0,0.0,0.0,0.0,39.0,3.0,0.0,MIBR
734312,280053,Darker,LOUD,omen,3.0,0.0,0.0,0.0,0.0,0.0,0.0,0.0,0.0,38.0,2.0,0.0,LOUD
734312,280053,DaviH,LOUD,sova,2.0,0.0,0.0,0.0,0.0,1.0,0.0,0.0,0.0,49.0,0.0,0.0,LOUD
734312,280053,lukxo,LOUD,chamber,1.0,3.0,0.0,0.0,0.0,0.0,0.0,0.0,0.0,49.0,1.0,0.0,LOUD
734312,280053,erde,LOUD,sage,5.0,2.0,0.0,0.0,0.0,1.0,0.0,0.0,0.0,79.0,7.0,1.0,LOUD
734312,280053,tkzin,LOUD,neon,3.0,2.0,1.0,0.0,1.0,0.0,0.0,0.0,0.0,64.0,0.0,2.0,LOUD
734312,280053,tex,MIBR,cypher,3.0,0.0,0.0,0.0,0.0,0.0,0.0,0.0,0.0,39.0,0.0,0.0,MIBR
734312,280053,zekken,MIBR,phoenix,6.0,0.0,0.0,0.0,0.0,1.0,0.0,0.0,0.0,76.0,4.0,0.0,MIBR
734312,280053,Mazino,MIBR,omen,3.0,1.0,0.0,0.0,0.0,0.0,0.0,0.0,0.0,48.0,1.0,0.0,MIBR
734312,280053,aspas,MIBR,neon,5.0,0.0,0.0,0.0,1.0,0.0,0.0,0.0,0.0,54.0,0.0,1.0,MIBR
734312,280053,Verno,MIBR,sova,3.0,1.0,0.0,0.0,0.0,0.0,0.0,0.0,0.0,54.0,3.0,2.0,MIBR
734313,280055,BABYBAY,G2,waylay,2.0,0.0,0.0,0.0,0.0,0.0,0.0,0.0,0.0,30.0,0.0,0.0,G2 Esports
734313,280055,valyn,G2,harbor,1.0,0.0,0.0,0.0,0.0,0.0,0.0,0.0,0.0,21.0,5.0,0.0,G2 Esports
734313,280055,jawgemo,G2,neon,2.0,0.0,0.0,0.0,0.0,0.0,0.0,0.0,0.0,37.0,0.0,0.0,G2 Esports
734313,280055,leaf,G2,astra,2.0,0.0,0.0,0.0,0.0,0.0,0.0,0.0,0.0,79.0,0.0,0.0,G2 Esports
734313,280055,trent,G2,sova,2.0,2.0,0.0,0.0,0.0,0.0,0.0,0.0,0.0,57.0,6.0,0.0,G2 Esports
734313,280055,Darker,LOUD,harbor,0.0,0.0,0.0,0.0,0.0,0.0,0.0,0.0,0.0,53.0,3.0,1.0,LOUD
734313,280055,DaviH,LOUD,sova,3.0,0.0,0.0,0.0,1.0,2.0,0.0,0.0,0.0,71.0,0.0,4.0,LOUD
734313,280055,lukxo,LOUD,yoru,5.0,1.0,0.0,0.0,0.0,0.0,0.0,0.0,0.0,57.0,0.0,1.0,LOUD
734313,280055,erde,LOUD,omen,1.0,0.0,0.0,0.0,0.0,0.0,0.0,0.0,0.0,47.0,1.0,0.0,LOUD
734313,280055,tkzin,LOUD,waylay,5.0,1.0,1.0,0.0,0.0,0.0,0.0,0.0,0.0,79.0,0.0,2.0,LOUD
734313,280056,BABYBAY,G2,vyse,1.0,0.0,0.0,0.0,0.0,0.0,0.0,0.0,0.0,42.0,0.0,0.0,G2 Esports
734313,280056,valyn,G2,harbor,3.0,1.0,0.0,0.0,1.0,0.0,0.0,0.0,0.0,63.0,1.0,1.0,G2 Esports
734313,280056,jawgemo,G2,neon,5.0,0.0,0.0,0.0,0.0,0.0,0.0,0.0,0.0,66.0,0.0,0.0,G2 Esports
734313,280056,leaf,G2,viper,2.0,1.0,0.0,0.0,1.0,0.0,0.0,0.0,0.0,51.0,0.0,0.0,G2 Esports
734313,280056,trent,G2,fade,2.0,0.0,0.0,0.0,0.0,0.0,0.0,0.0,0.0,30.0,3.0,1.0,G2 Esports
734313,280056,Darker,LOUD,omen,1.0,1.0,0.0,0.0,0.0,0.0,0.0,0.0,0.0,56.0,1.0,0.0,LOUD
734313,280056,DaviH,LOUD,fade,3.0,0.0,0.0,0.0,1.0,0.0,0.0,0.0,0.0,29.0,4.0,1.0,LOUD
734313,280056,lukxo,LOUD,chamber,2.0,2.0,0.0,0.0,0.0,0.0,0.0,0.0,0.0,70.0,0.0,0.0,LOUD
734313,280056,erde,LOUD,sage,5.0,1.0,2.0,0.0,0.0,0.0,0.0,0.0,0.0,93.0,4.0,1.0,LOUD
734313,280056,tkzin,LOUD,neon,2.0,2.0,0.0,0.0,0.0,0.0,0.0,0.0,0.0,41.0,0.0,0.0,LOUD
734314,280058,brawk,NRG,sova,2.0,1.0,1.0,0.0,2.0,0.0,0.0,0.0,0.0,58.0,2.0,0.0,NRG
734314,280058,mada,NRG,phoenix,1.0,0.0,1.0,0.0,0.0,0.0,0.0,0.0,0.0,36.0,1.0,0.0,NRG
734314,280058,skuba,NRG,vyse,8.0,1.0,0.0,0.0,0.0,0.0,0.0,0.0,0.0,68.0,2.0,0.0,NRG
734314,280058,Ethan,NRG,harbor,1.0,0.0,0.0,0.0,0.0,0.0,0.0,0.0,0.0,30.0,5.0,0.0,NRG
734314,280058,keiko,NRG,jett,3.0,0.0,0.0,0.0,0.0,1.0,0.0,0.0,0.0,39.0,0.0,1.0,NRG
734314,280058,Darker,LOUD,harbor,2.0,0.0,0.0,0.0,0.0,0.0,0.0,0.0,0.0,34.0,5.0,1.0,LOUD
734314,280058,DaviH,LOUD,sova,2.0,1.0,0.0,0.0,2.0,0.0,0.0,0.0,0.0,50.0,1.0,0.0,LOUD
734314,280058,lukxo,LOUD,yoru,3.0,0.0,2.0,0.0,0.0,0.0,0.0,1.0,0.0,54.0,2.0,1.0,LOUD
734314,280058,erde,LOUD,omen,5.0,1.0,1.0,0.0,0.0,0.0,0.0,0.0,0.0,75.0,0.0,0.0,LOUD
734314,280058,tkzin,LOUD,waylay,0.0,1.0,1.0,0.0,0.0,0.0,0.0,0.0,0.0,44.0,1.0,0.0,LOUD
734314,280059,brawk,NRG,sova,3.0,0.0,0.0,0.0,0.0,0.0,0.0,0.0,0.0,50.0,1.0,0.0,NRG
734314,280059,mada,NRG,neon,1.0,2.0,0.0,0.0,0.0,0.0,0.0,0.0,0.0,45.0,0.0,0.0,NRG
734314,280059,skuba,NRG,omen,3.0,2.0,0.0,0.0,1.0,0.0,0.0,0.0,0.0,45.0,1.0,0.0,NRG
734314,280059,Ethan,NRG,kayo,2.0,1.0,0.0,0.0,0.0,0.0,0.0,0.0,0.0,52.0,1.0,0.0,NRG
734314,280059,keiko,NRG,chamber,1.0,1.0,0.0,0.0,0.0,0.0,0.0,0.0,0.0,51.0,0.0,0.0,NRG
734314,280059,Darker,LOUD,omen,4.0,3.0,0.0,0.0,0.0,0.0,0.0,0.0,0.0,77.0,0.0,0.0,LOUD
734314,280059,DaviH,LOUD,sova,1.0,1.0,0.0,0.0,0.0,1.0,0.0,0.0,0.0,37.0,3.0,0.0,LOUD
734314,280059,lukxo,LOUD,chamber,3.0,1.0,1.0,0.0,0.0,0.0,0.0,0.0,0.0,50.0,1.0,0.0,LOUD
734314,280059,erde,LOUD,sage,3.0,1.0,0.0,0.0,1.0,0.0,0.0,0.0,0.0,72.0,2.0,1.0,LOUD
734314,280059,tkzin,LOUD,neon,1.0,1.0,0.0,0.0,0.0,0.0,0.0,0.0,0.0,45.0,0.0,0.0,LOUD
734314,280060,brawk,NRG,sova,4.0,1.0,1.0,0.0,1.0,0.0,0.0,0.0,0.0,82.0,4.0,0.0,NRG
734314,280060,mada,NRG,neon,1.0,2.0,1.0,0.0,0.0,0.0,0.0,0.0,0.0,61.0,0.0,0.0,NRG
734314,280060,skuba,NRG,cypher,3.0,0.0,0.0,0.0,0.0,0.0,0.0,0.0,0.0,45.0,0.0,0.0,NRG
734314,280060,Ethan,NRG,kayo,1.0,3.0,0.0,0.0,1.0,0.0,0.0,0.0,0.0,63.0,5.0,0.0,NRG
734314,280060,keiko,NRG,brimstone,2.0,0.0,0.0,0.0,0.0,0.0,0.0,0.0,0.0,37.0,0.0,0.0,NRG
734314,280060,Darker,LOUD,omen,2.0,2.0,0.0,0.0,0.0,0.0,0.0,0.0,0.0,52.0,0.0,0.0,LOUD
734314,280060,DaviH,LOUD,fade,0.0,0.0,0.0,0.0,0.0,0.0,0.0,0.0,0.0,29.0,6.0,0.0,LOUD
734314,280060,lukxo,LOUD,chamber,3.0,2.0,0.0,0.0,0.0,0.0,0.0,0.0,0.0,57.0,0.0,0.0,LOUD
734314,280060,erde,LOUD,sage,3.0,1.0,0.0,0.0,0.0,0.0,0.0,0.0,0.0,41.0,1.0,0.0,LOUD
734314,280060,tkzin,LOUD,neon,4.0,0.0,0.0,0.0,0.0,0.0,0.0,0.0,0.0,47.0,0.0,0.0,LOUD
734314,280061,brawk,NRG,sova,1.0,1.0,0.0,0.0,0.0,0.0,0.0,0.0,0.0,72.0,0.0,2.0,NRG
734314,280061,mada,NRG,neon,1.0,1.0,1.0,0.0,0.0,0.0,0.0,0.0,0.0,60.0,0.0,0.0,NRG
734314,280061,skuba,NRG,omen,2.0,0.0,1.0,0.0,0.0,0.0,0.0,0.0,0.0,60.0,0.0,0.0,NRG
734314,280061,Ethan,NRG,phoenix,3.0,2.0,0.0,0.0,0.0,0.0,0.0,0.0,0.0,68.0,4.0,0.0,NRG
734314,280061,keiko,NRG,chamber,2.0,0.0,0.0,0.0,0.0,0.0,0.0,0.0,0.0,45.0,1.0,1.0,NRG
734314,280061,Darker,LOUD,phoenix,0.0,0.0,0.0,0.0,0.0,0.0,0.0,0.0,0.0,28.0,2.0,0.0,LOUD
734314,280061,DaviH,LOUD,sova,2.0,0.0,0.0,0.0,0.0,0.0,0.0,0.0,0.0,50.0,5.0,0.0,LOUD
734314,280061,lukxo,LOUD,chamber,2.0,0.0,1.0,0.0,0.0,0.0,0.0,0.0,0.0,61.0,0.0,0.0,LOUD
734314,280061,erde,LOUD,omen,2.0,0.0,0.0,0.0,0.0,0.0,0.0,0.0,0.0,30.0,0.0,0.0,LOUD
734314,280061,tkzin,LOUD,neon,0.0,2.0,0.0,1.0,0.0,0.0,0.0,0.0,0.0,49.0,0.0,0.0,LOUD
734314,280062,brawk,NRG,vyse,2.0,0.0,0.0,0.0,0.0,0.0,0.0,0.0,0.0,59.0,0.0,1.0,NRG
734314,280062,mada,NRG,raze,2.0,0.0,0.0,0.0,0.0,0.0,0.0,0.0,0.0,40.0,1.0,0.0,NRG
734314,280062,skuba,NRG,viper,0.0,0.0,0.0,0.0,0.0,0.0,0.0,0.0,0.0,28.0,0.0,0.0,NRG
734314,280062,Ethan,NRG,fade,1.0,0.0,0.0,0.0,0.0,0.0,0.0,0.0,0.0,41.0,0.0,0.0,NRG
734314,280062,keiko,NRG,omen,7.0,1.0,0.0,0.0,0.0,0.0,0.0,0.0,0.0,94.0,1.0,1.0,NRG
734314,280062,Darker,LOUD,viper,4.0,0.0,0.0,0.0,1.0,0.0,0.0,0.0,0.0,65.0,2.0,0.0,LOUD
734314,280062,DaviH,LOUD,fade,3.0,1.0,0.0,0.0,0.0,0.0,1.0,0.0,0.0,60.0,5.0,0.0,LOUD
734314,280062,lukxo,LOUD,chamber,2.0,2.0,0.0,0.0,0.0,0.0,0.0,0.0,0.0,70.0,2.0,1.0,LOUD
734314,280062,erde,LOUD,omen,1.0,2.0,0.0,0.0,1.0,1.0,0.0,0.0,0.0,64.0,0.0,1.0,LOUD
734314,280062,tkzin,LOUD,neon,1.0,0.0,1.0,0.0,0.0,0.0,0.0,0.0,0.0,40.0,0.0,0.0,LOUD
