match_id,game_id,event_id,event,stage,date,map,map_order,team,opp,team_rounds,opp_rounds,player,player_id,agent,rating,acs,k,d,a,kast,adr,hs,fk,fd,best_of,completed
511543,226424,2498,VCT 2025: EMEA Stage 2,Group Stage: Week 1,2025-07-16,Icebox,1,Natus Vincere,Apeks,13,4,hiro,29867,killjoy,1.69,284.0,19.0,7.0,3.0,76.0,183.0,39.0,4.0,2.0,3,True
511543,226424,2498,VCT 2025: EMEA Stage 2,Group Stage: Week 1,2025-07-16,Icebox,1,Natus Vincere,Apeks,13,4,alexiiik,25906,jett,1.39,271.0,17.0,11.0,2.0,76.0,168.0,38.0,3.0,2.0,3,True
511543,226424,2498,VCT 2025: EMEA Stage 2,Group Stage: Week 1,2025-07-16,Icebox,1,Natus Vincere,Apeks,13,4,ANGE1,109,sova,1.3,184.0,12.0,8.0,3.0,65.0,131.0,23.0,2.0,1.0,3,True
511543,226424,2498,VCT 2025: EMEA Stage 2,Group Stage: Week 1,2025-07-16,Icebox,1,Natus Vincere,Apeks,13,4,Ruxic,18677,viper,1.11,243.0,16.0,11.0,4.0,65.0,163.0,34.0,1.0,1.0,3,True
511543,226424,2498,VCT 2025: EMEA Stage 2,Group Stage: Week 1,2025-07-16,Icebox,1,Natus Vincere,Apeks,13,4,Shao,384,sage,0.65,81.0,4.0,9.0,6.0,82.0,57.0,31.0,0.0,1.0,3,True
511543,226424,2498,VCT 2025: EMEA Stage 2,Group Stage: Week 1,2025-07-16,Icebox,1,Apeks,Natus Vincere,4,13,penny,7716,jett,1.03,273.0,16.0,15.0,3.0,71.0,167.0,17.0,4.0,2.0,3,True
511543,226424,2498,VCT 2025: EMEA Stage 2,Group Stage: Week 1,2025-07-16,Icebox,1,Apeks,Natus Vincere,4,13,MOLSI,1281,sova,0.96,191.0,10.0,14.0,6.0,76.0,147.0,24.0,1.0,1.0,3,True
511543,226424,2498,VCT 2025: EMEA Stage 2,Group Stage: Week 1,2025-07-16,Icebox,1,Apeks,Natus Vincere,4,13,AvovA,1507,viper,0.61,112.0,6.0,12.0,6.0,59.0,70.0,33.0,1.0,2.0,3,True
511543,226424,2498,VCT 2025: EMEA Stage 2,Group Stage: Week 1,2025-07-16,Icebox,1,Apeks,Natus Vincere,4,13,batujnax,18615,omen,0.61,110.0,8.0,13.0,2.0,47.0,71.0,50.0,0.0,3.0,3,True
511543,226424,2498,VCT 2025: EMEA Stage 2,Group Stage: Week 1,2025-07-16,Icebox,1,Apeks,Natus Vincere,4,13,OLIZERA,8502,killjoy,0.47,102.0,6.0,14.0,3.0,47.0,67.0,22.0,1.0,2.0,3,True
511543,226425,2498,VCT 2025: EMEA Stage 2,Group Stage: Week 1,2025-07-16,Sunset,2,Natus Vincere,Apeks,6,13,Ruxic,18677,omen,1.36,227.0,17.0,12.0,4.0,58.0,135.0,31.0,3.0,2.0,3,True
511543,226425,2498,VCT 2025: EMEA Stage 2,Group Stage: Week 1,2025-07-16,Sunset,2,Natus Vincere,Apeks,6,13,hiro,29867,cypher,0.83,168.0,12.0,13.0,2.0,63.0,135.0,27.0,0.0,1.0,3,True
511543,226425,2498,VCT 2025: EMEA Stage 2,Group Stage: Week 1,2025-07-16,Sunset,2,Natus Vincere,Apeks,6,13,Shao,384,sova,0.76,149.0,9.0,14.0,3.0,63.0,116.0,20.0,1.0,1.0,3,True
511543,226425,2498,VCT 2025: EMEA Stage 2,Group Stage: Week 1,2025-07-16,Sunset,2,Natus Vincere,Apeks,6,13,alexiiik,25906,neon,0.56,136.0,10.0,15.0,2.0,58.0,86.0,43.0,2.0,6.0,3,True
511543,226425,2498,VCT 2025: EMEA Stage 2,Group Stage: Week 1,2025-07-16,Sunset,2,Natus Vincere,Apeks,6,13,ANGE1,109,kayo,0.39,89.0,5.0,16.0,5.0,47.0,57.0,24.0,2.0,1.0,3,True
511543,226425,2498,VCT 2025: EMEA Stage 2,Group Stage: Week 1,2025-07-16,Sunset,2,Apeks,Natus Vincere,13,6,MOLSI,1281,sova,1.58,296.0,19.0,10.0,5.0,84.0,208.0,40.0,2.0,1.0,3,True
511543,226425,2498,VCT 2025: EMEA Stage 2,Group Stage: Week 1,2025-07-16,Sunset,2,Apeks,Natus Vincere,13,6,OLIZERA,8502,viper,1.29,268.0,18.0,12.0,4.0,84.0,160.0,32.0,2.0,0.0,3,True
511543,226425,2498,VCT 2025: EMEA Stage 2,Group Stage: Week 1,2025-07-16,Sunset,2,Apeks,Natus Vincere,13,6,batujnax,18615,deadlock,1.13,193.0,13.0,11.0,6.0,84.0,127.0,28.0,3.0,2.0,3,True
511543,226425,2498,VCT 2025: EMEA Stage 2,Group Stage: Week 1,2025-07-16,Sunset,2,Apeks,Natus Vincere,13,6,penny,7716,neon,1.01,169.0,12.0,10.0,2.0,74.0,114.0,19.0,3.0,4.0,3,True
511543,226425,2498,VCT 2025: EMEA Stage 2,Group Stage: Week 1,2025-07-16,Sunset,2,Apeks,Natus Vincere,13,6,AvovA,1507,omen,0.92,117.0,8.0,10.0,6.0,74.0,86.0,22.0,1.0,1.0,3,True
511543,226426,2498,VCT 2025: EMEA Stage 2,Group Stage: Week 1,2025-07-16,Corrode,3,Natus Vincere,Apeks,13,3,Ruxic,18677,omen,1.79,258.0,17.0,6.0,4.0,88.0,182.0,34.0,2.0,1.0,3,True
511543,226426,2498,VCT 2025: EMEA Stage 2,Group Stage: Week 1,2025-07-16,Corrode,3,Natus Vincere,Apeks,13,3,ANGE1,109,kayo,1.65,278.0,18.0,7.0,6.0,88.0,175.0,40.0,2.0,1.0,3,True
511543,226426,2498,VCT 2025: EMEA Stage 2,Group Stage: Week 1,2025-07-16,Corrode,3,Natus Vincere,Apeks,13,3,Shao,384,fade,1.38,187.0,11.0,5.0,4.0,81.0,116.0,31.0,1.0,0.0,3,True
511543,226426,2498,VCT 2025: EMEA Stage 2,Group Stage: Week 1,2025-07-16,Corrode,3,Natus Vincere,Apeks,13,3,hiro,29867,cypher,1.22,200.0,13.0,8.0,3.0,81.0,153.0,48.0,2.0,3.0,3,True
511543,226426,2498,VCT 2025: EMEA Stage 2,Group Stage: Week 1,2025-07-16,Corrode,3,Natus Vincere,Apeks,13,3,alexiiik,25906,jett,0.88,188.0,11.0,11.0,4.0,75.0,132.0,31.0,2.0,2.0,3,True
511543,226426,2498,VCT 2025: EMEA Stage 2,Group Stage: Week 1,2025-07-16,Corrode,3,Apeks,Natus Vincere,3,13,OLIZERA,8502,vyse,0.74,197.0,9.0,13.0,2.0,69.0,137.0,44.0,3.0,1.0,3,True
511543,226426,2498,VCT 2025: EMEA Stage 2,Group Stage: Week 1,2025-07-16,Corrode,3,Apeks,Natus Vincere,3,13,penny,7716,yoru,0.74,147.0,8.0,12.0,1.0,50.0,96.0,25.0,2.0,3.0,3,True
511543,226426,2498,VCT 2025: EMEA Stage 2,Group Stage: Week 1,2025-07-16,Corrode,3,Apeks,Natus Vincere,3,13,batujnax,18615,sova,0.64,148.0,9.0,15.0,0.0,56.0,86.0,26.0,0.0,2.0,3,True
511543,226426,2498,VCT 2025: EMEA Stage 2,Group Stage: Week 1,2025-07-16,Corrode,3,Apeks,Natus Vincere,3,13,MOLSI,1281,kayo,0.37,138.0,6.0,15.0,4.0,50.0,100.0,22.0,0.0,1.0,3,True
511543,226426,2498,VCT 2025: EMEA Stage 2,Group Stage: Week 1,2025-07-16,Corrode,3,Apeks,Natus Vincere,3,13,AvovA,1507,omen,0.28,96.0,5.0,15.0,2.0,50.0,61.0,60.0,2.0,2.0,3,True
511544,226427,2498,VCT 2025: EMEA Stage 2,Group Stage: Week 1,2025-07-16,Sunset,1,Team Vitality,GIANTX,10,13,Derke,5022,neon,1.13,245.0,20.0,15.0,4.0,61.0,151.0,23.0,4.0,5.0,3,True
511544,226427,2498,VCT 2025: EMEA Stage 2,Group Stage: Week 1,2025-07-16,Sunset,1,Team Vitality,GIANTX,10,13,Less,8447,cypher,1.05,218.0,17.0,16.0,2.0,74.0,134.0,40.0,3.0,3.0,3,True
511544,226427,2498,VCT 2025: EMEA Stage 2,Group Stage: Week 1,2025-07-16,Sunset,1,Team Vitality,GIANTX,10,13,KovaQ,7987,breach,0.94,184.0,15.0,16.0,8.0,74.0,125.0,36.0,1.0,1.0,3,True
511544,226427,2498,VCT 2025: EMEA Stage 2,Group Stage: Week 1,2025-07-16,Sunset,1,Team Vitality,GIANTX,10,13,Kicks,11134,omen,0.92,142.0,12.0,14.0,7.0,78.0,84.0,32.0,1.0,2.0,3,True
511544,226427,2498,VCT 2025: EMEA Stage 2,Group Stage: Week 1,2025-07-16,Sunset,1,Team Vitality,GIANTX,10,13,UNFAKE,4521,sova,0.76,149.0,12.0,16.0,3.0,70.0,95.0,36.0,1.0,2.0,3,True
511544,226427,2498,VCT 2025: EMEA Stage 2,Group Stage: Week 1,2025-07-16,Sunset,1,GIANTX,Team Vitality,13,10,grubinho,5550,omen,1.4,303.0,24.0,17.0,8.0,83.0,193.0,23.0,5.0,0.0,3,True
511544,226427,2498,VCT 2025: EMEA Stage 2,Group Stage: Week 1,2025-07-16,Sunset,1,GIANTX,Team Vitality,13,10,Cloud,4181,sova,1.21,218.0,18.0,15.0,5.0,65.0,169.0,49.0,1.0,2.0,3,True
511544,226427,2498,VCT 2025: EMEA Stage 2,Group Stage: Week 1,2025-07-16,Sunset,1,GIANTX,Team Vitality,13,10,westside,34684,cypher,0.97,159.0,13.0,14.0,2.0,52.0,102.0,54.0,4.0,0.0,3,True
511544,226427,2498,VCT 2025: EMEA Stage 2,Group Stage: Week 1,2025-07-16,Sunset,1,GIANTX,Team Vitality,13,10,Flickless,6959,breach,0.96,155.0,13.0,13.0,5.0,65.0,106.0,31.0,1.0,2.0,3,True
511544,226427,2498,VCT 2025: EMEA Stage 2,Group Stage: Week 1,2025-07-16,Sunset,1,GIANTX,Team Vitality,13,10,ara,11332,neon,0.43,103.0,9.0,17.0,0.0,57.0,70.0,18.0,2.0,6.0,3,True
511544,226428,2498,VCT 2025: EMEA Stage 2,Group Stage: Week 1,2025-07-16,Bind,2,Team Vitality,GIANTX,11,13,Derke,5022,raze,1.34,283.0,23.0,17.0,5.0,88.0,198.0,24.0,4.0,5.0,3,True
511544,226428,2498,VCT 2025: EMEA Stage 2,Group Stage: Week 1,2025-07-16,Bind,2,Team Vitality,GIANTX,11,13,Less,8447,viper,1.23,243.0,21.0,15.0,7.0,75.0,159.0,23.0,2.0,3.0,3,True
511544,226428,2498,VCT 2025: EMEA Stage 2,Group Stage: Week 1,2025-07-16,Bind,2,Team Vitality,GIANTX,11,13,Kicks,11134,skye,0.96,166.0,14.0,13.0,11.0,75.0,95.0,38.0,0.0,2.0,3,True
511544,226428,2498,VCT 2025: EMEA Stage 2,Group Stage: Week 1,2025-07-16,Bind,2,Team Vitality,GIANTX,11,13,KovaQ,7987,brimstone,0.93,190.0,17.0,16.0,6.0,75.0,110.0,35.0,3.0,0.0,3,True
511544,226428,2498,VCT 2025: EMEA Stage 2,Group Stage: Week 1,2025-07-16,Bind,2,Team Vitality,GIANTX,11,13,UNFAKE,4521,gekko,0.4,114.0,10.0,19.0,8.0,58.0,74.0,26.0,1.0,4.0,3,True
511544,226428,2498,VCT 2025: EMEA Stage 2,Group Stage: Week 1,2025-07-16,Bind,2,GIANTX,Team Vitality,13,11,Cloud,4181,gekko,1.03,198.0,18.0,17.0,6.0,71.0,113.0,26.0,2.0,2.0,3,True
511544,226428,2498,VCT 2025: EMEA Stage 2,Group Stage: Week 1,2025-07-16,Bind,2,GIANTX,Team Vitality,13,11,Flickless,6959,viper,1.03,174.0,15.0,16.0,6.0,63.0,111.0,22.0,4.0,2.0,3,True
511544,226428,2498,VCT 2025: EMEA Stage 2,Group Stage: Week 1,2025-07-16,Bind,2,GIANTX,Team Vitality,13,11,westside,34684,deadlock,1.02,209.0,17.0,19.0,7.0,75.0,136.0,35.0,4.0,2.0,3,True
511544,226428,2498,VCT 2025: EMEA Stage 2,Group Stage: Week 1,2025-07-16,Bind,2,GIANTX,Team Vitality,13,11,grubinho,5550,astra,1.01,154.0,12.0,15.0,11.0,63.0,123.0,40.0,0.0,2.0,3,True
511544,226428,2498,VCT 2025: EMEA Stage 2,Group Stage: Week 1,2025-07-16,Bind,2,GIANTX,Team Vitality,13,11,ara,11332,raze,0.97,209.0,18.0,18.0,4.0,83.0,128.0,22.0,4.0,2.0,3,True
511545,226430,2498,VCT 2025: EMEA Stage 2,Group Stage: Week 1,2025-07-17,Bind,1,FUT Esports,Gentle Mates,7,13,cNed,573,omen,1.26,259.0,19.0,15.0,5.0,70.0,159.0,35.0,3.0,2.0,3,True
511545,226430,2498,VCT 2025: EMEA Stage 2,Group Stage: Week 1,2025-07-17,Bind,1,FUT Esports,Gentle Mates,7,13,yetujey,8369,viper,1.13,219.0,14.0,15.0,4.0,65.0,160.0,39.0,2.0,2.0,3,True
511545,226430,2498,VCT 2025: EMEA Stage 2,Group Stage: Week 1,2025-07-17,Bind,1,FUT Esports,Gentle Mates,7,13,MrFaliN,8044,fade,0.75,127.0,9.0,14.0,3.0,60.0,88.0,30.0,3.0,3.0,3,True
511545,226430,2498,VCT 2025: EMEA Stage 2,Group Stage: Week 1,2025-07-17,Bind,1,FUT Esports,Gentle Mates,7,13,qRaxs,1139,kayo,0.69,153.0,10.0,18.0,8.0,65.0,120.0,45.0,1.0,0.0,3,True
511545,226430,2498,VCT 2025: EMEA Stage 2,Group Stage: Week 1,2025-07-17,Bind,1,FUT Esports,Gentle Mates,7,13,xeus,12793,raze,0.4,127.0,9.0,18.0,3.0,60.0,84.0,27.0,2.0,2.0,3,True
511545,226430,2498,VCT 2025: EMEA Stage 2,Group Stage: Week 1,2025-07-17,Bind,1,Gentle Mates,FUT Esports,13,7,ComeBack,40591,waylay,1.31,257.0,19.0,12.0,5.0,75.0,170.0,42.0,2.0,4.0,3,True
511545,226430,2498,VCT 2025: EMEA Stage 2,Group Stage: Week 1,2025-07-17,Bind,1,Gentle Mates,FUT Esports,13,7,Minny,23169,viper,1.26,254.0,18.0,12.0,4.0,70.0,165.0,44.0,3.0,3.0,3,True
511545,226430,2498,VCT 2025: EMEA Stage 2,Group Stage: Week 1,2025-07-17,Bind,1,Gentle Mates,FUT Esports,13,7,kamyk,1475,gekko,1.17,199.0,14.0,11.0,4.0,90.0,141.0,35.0,0.0,1.0,3,True
511545,226430,2498,VCT 2025: EMEA Stage 2,Group Stage: Week 1,2025-07-17,Bind,1,Gentle Mates,FUT Esports,13,7,Veqaj,12928,fade,1.06,194.0,15.0,12.0,6.0,75.0,120.0,22.0,2.0,2.0,3,True
511545,226430,2498,VCT 2025: EMEA Stage 2,Group Stage: Week 1,2025-07-17,Bind,1,Gentle Mates,FUT Esports,13,7,Proxh,45494,astra,0.91,197.0,14.0,14.0,5.0,70.0,114.0,41.0,2.0,1.0,3,True
511545,226431,2498,VCT 2025: EMEA Stage 2,Group Stage: Week 1,2025-07-17,Sunset,2,FUT Esports,Gentle Mates,13,5,qRaxs,1139,kayo,1.61,277.0,18.0,11.0,16.0,94.0,174.0,36.0,1.0,2.0,3,True
511545,226431,2498,VCT 2025: EMEA Stage 2,Group Stage: Week 1,2025-07-17,Sunset,2,FUT Esports,Gentle Mates,13,5,yetujey,8369,cypher,1.57,235.0,18.0,9.0,1.0,78.0,158.0,32.0,1.0,0.0,3,True
511545,226431,2498,VCT 2025: EMEA Stage 2,Group Stage: Week 1,2025-07-17,Sunset,2,FUT Esports,Gentle Mates,13,5,cNed,573,omen,1.38,286.0,21.0,13.0,5.0,89.0,164.0,24.0,3.0,0.0,3,True
511545,226431,2498,VCT 2025: EMEA Stage 2,Group Stage: Week 1,2025-07-17,Sunset,2,FUT Esports,Gentle Mates,13,5,MrFaliN,8044,fade,0.93,161.0,8.0,11.0,10.0,78.0,124.0,21.0,3.0,1.0,3,True
511545,226431,2498,VCT 2025: EMEA Stage 2,Group Stage: Week 1,2025-07-17,Sunset,2,FUT Esports,Gentle Mates,13,5,xeus,12793,raze,0.74,217.0,12.0,16.0,9.0,83.0,135.0,24.0,4.0,3.0,3,True
511545,226431,2498,VCT 2025: EMEA Stage 2,Group Stage: Week 1,2025-07-17,Sunset,2,Gentle Mates,FUT Esports,5,13,kamyk,1475,breach,0.92,196.0,12.0,14.0,10.0,72.0,131.0,23.0,2.0,0.0,3,True
511545,226431,2498,VCT 2025: EMEA Stage 2,Group Stage: Week 1,2025-07-17,Sunset,2,Gentle Mates,FUT Esports,5,13,Proxh,45494,omen,0.87,160.0,10.0,13.0,9.0,89.0,115.0,19.0,0.0,2.0,3,True
511545,226431,2498,VCT 2025: EMEA Stage 2,Group Stage: Week 1,2025-07-17,Sunset,2,Gentle Mates,FUT Esports,5,13,Veqaj,12928,sova,0.85,205.0,11.0,16.0,5.0,67.0,150.0,30.0,0.0,1.0,3,True
511545,226431,2498,VCT 2025: EMEA Stage 2,Group Stage: Week 1,2025-07-17,Sunset,2,Gentle Mates,FUT Esports,5,13,ComeBack,40591,neon,0.73,243.0,15.0,18.0,3.0,56.0,151.0,36.0,2.0,5.0,3,True
511545,226431,2498,VCT 2025: EMEA Stage 2,Group Stage: Week 1,2025-07-17,Sunset,2,Gentle Mates,FUT Esports,5,13,Minny,23169,cypher,0.66,184.0,12.0,16.0,0.0,56.0,117.0,46.0,2.0,4.0,3,True
511545,226432,2498,VCT 2025: EMEA Stage 2,Group Stage: Week 1,2025-07-17,Lotus,3,FUT Esports,Gentle Mates,16,14,yetujey,8369,cypher,1.17,249.0,24.0,23.0,9.0,67.0,169.0,23.0,4.0,1.0,3,True
511545,226432,2498,VCT 2025: EMEA Stage 2,Group Stage: Week 1,2025-07-17,Lotus,3,FUT Esports,Gentle Mates,16,14,cNed,573,yoru,1.14,241.0,25.0,22.0,8.0,63.0,167.0,29.0,4.0,8.0,3,True
511545,226432,2498,VCT 2025: EMEA Stage 2,Group Stage: Week 1,2025-07-17,Lotus,3,FUT Esports,Gentle Mates,16,14,MrFaliN,8044,omen,1.04,218.0,25.0,24.0,11.0,70.0,123.0,31.0,3.0,2.0,3,True
511545,226432,2498,VCT 2025: EMEA Stage 2,Group Stage: Week 1,2025-07-17,Lotus,3,FUT Esports,Gentle Mates,16,14,qRaxs,1139,fade,0.97,185.0,19.0,23.0,12.0,80.0,107.0,35.0,1.0,1.0,3,True
511545,226432,2498,VCT 2025: EMEA Stage 2,Group Stage: Week 1,2025-07-17,Lotus,3,FUT Esports,Gentle Mates,16,14,xeus,12793,raze,0.73,152.0,17.0,23.0,5.0,77.0,104.0,29.0,2.0,4.0,3,True
511545,226432,2498,VCT 2025: EMEA Stage 2,Group Stage: Week 1,2025-07-17,Lotus,3,Gentle Mates,FUT Esports,14,16,Minny,23169,viper,1.57,318.0,34.0,20.0,11.0,100.0,205.0,35.0,3.0,2.0,3,True
511545,226432,2498,VCT 2025: EMEA Stage 2,Group Stage: Week 1,2025-07-17,Lotus,3,Gentle Mates,FUT Esports,14,16,Veqaj,12928,sova,1.11,232.0,24.0,22.0,14.0,87.0,161.0,15.0,1.0,2.0,3,True
511545,226432,2498,VCT 2025: EMEA Stage 2,Group Stage: Week 1,2025-07-17,Lotus,3,Gentle Mates,FUT Esports,14,16,ComeBack,40591,neon,0.89,209.0,23.0,24.0,6.0,67.0,131.0,25.0,6.0,7.0,3,True
511545,226432,2498,VCT 2025: EMEA Stage 2,Group Stage: Week 1,2025-07-17,Lotus,3,Gentle Mates,FUT Esports,14,16,kamyk,1475,breach,0.83,183.0,20.0,22.0,11.0,87.0,108.0,30.0,4.0,2.0,3,True
511545,226432,2498,VCT 2025: EMEA Stage 2,Group Stage: Week 1,2025-07-17,Lotus,3,Gentle Mates,FUT Esports,14,16,Proxh,45494,omen,0.75,142.0,14.0,22.0,14.0,83.0,103.0,17.0,2.0,1.0,3,True
511546,226433,2498,VCT 2025: EMEA Stage 2,Group Stage: Week 1,2025-07-17,Bind,1,Team Liquid,Movistar KOI (KOI),13,4,keiko,11494,brimstone,1.81,353.0,24.0,10.0,12.0,94.0,198.0,31.0,1.0,1.0,3,True
511546,226433,2498,VCT 2025: EMEA Stage 2,Group Stage: Week 1,2025-07-17,Bind,1,Team Liquid,Movistar KOI (KOI),13,4,nAts,457,viper,1.52,342.0,22.0,13.0,8.0,88.0,207.0,16.0,3.0,2.0,3,True
511546,226433,2498,VCT 2025: EMEA Stage 2,Group Stage: Week 1,2025-07-17,Bind,1,Team Liquid,Movistar KOI (KOI),13,4,kamo,14681,raze,1.2,224.0,13.0,11.0,3.0,94.0,176.0,20.0,3.0,1.0,3,True
511546,226433,2498,VCT 2025: EMEA Stage 2,Group Stage: Week 1,2025-07-17,Bind,1,Team Liquid,Movistar KOI (KOI),13,4,trexx,2168,gekko,0.88,149.0,9.0,10.0,9.0,76.0,97.0,21.0,1.0,0.0,3,True
511546,226433,2498,VCT 2025: EMEA Stage 2,Group Stage: Week 1,2025-07-17,Bind,1,Team Liquid,Movistar KOI (KOI),13,4,paTiTek,309,skye,0.85,157.0,11.0,11.0,6.0,82.0,78.0,37.0,3.0,2.0,3,True
511546,226433,2498,VCT 2025: EMEA Stage 2,Group Stage: Week 1,2025-07-17,Bind,1,Movistar KOI (KOI),Team Liquid,4,13,flyuh,3685,fade,1.14,240.0,16.0,15.0,2.0,71.0,134.0,30.0,2.0,1.0,3,True
511546,226433,2498,VCT 2025: EMEA Stage 2,Group Stage: Week 1,2025-07-17,Bind,1,Movistar KOI (KOI),Team Liquid,4,13,MONSTEERR,3127,viper,1.09,253.0,15.0,16.0,5.0,71.0,178.0,43.0,1.0,1.0,3,True
511546,226433,2498,VCT 2025: EMEA Stage 2,Group Stage: Week 1,2025-07-17,Bind,1,Movistar KOI (KOI),Team Liquid,4,13,baddyG,2190,brimstone,0.95,200.0,11.0,16.0,7.0,71.0,145.0,14.0,1.0,1.0,3,True
511546,226433,2498,VCT 2025: EMEA Stage 2,Group Stage: Week 1,2025-07-17,Bind,1,Movistar KOI (KOI),Team Liquid,4,13,nataNk,5004,gekko,0.67,156.0,9.0,15.0,8.0,76.0,115.0,31.0,1.0,4.0,3,True
511546,226433,2498,VCT 2025: EMEA Stage 2,Group Stage: Week 1,2025-07-17,Bind,1,Movistar KOI (KOI),Team Liquid,4,13,Filu,4544,raze,0.16,114.0,4.0,17.0,3.0,47.0,92.0,10.0,1.0,4.0,3,True
511546,226434,2498,VCT 2025: EMEA Stage 2,Group Stage: Week 1,2025-07-17,Icebox,2,Team Liquid,Movistar KOI (KOI),10,13,nAts,457,viper,1.09,243.0,18.0,19.0,7.0,65.0,180.0,37.0,0.0,3.0,3,True
511546,226434,2498,VCT 2025: EMEA Stage 2,Group Stage: Week 1,2025-07-17,Icebox,2,Team Liquid,Movistar KOI (KOI),10,13,keiko,11494,killjoy,1.04,200.0,16.0,17.0,3.0,83.0,146.0,51.0,3.0,0.0,3,True
511546,226434,2498,VCT 2025: EMEA Stage 2,Group Stage: Week 1,2025-07-17,Icebox,2,Team Liquid,Movistar KOI (KOI),10,13,kamo,14681,jett,1.0,236.0,20.0,18.0,4.0,65.0,149.0,33.0,4.0,8.0,3,True
511546,226434,2498,VCT 2025: EMEA Stage 2,Group Stage: Week 1,2025-07-17,Icebox,2,Team Liquid,Movistar KOI (KOI),10,13,paTiTek,309,gekko,0.71,165.0,15.0,18.0,0.0,65.0,104.0,20.0,0.0,3.0,3,True
511546,226434,2498,VCT 2025: EMEA Stage 2,Group Stage: Week 1,2025-07-17,Icebox,2,Team Liquid,Movistar KOI (KOI),10,13,trexx,2168,kayo,0.64,137.0,9.0,19.0,7.0,52.0,94.0,14.0,0.0,2.0,3,True
511546,226434,2498,VCT 2025: EMEA Stage 2,Group Stage: Week 1,2025-07-17,Icebox,2,Movistar KOI (KOI),Team Liquid,13,10,flyuh,3685,sova,1.47,280.0,23.0,15.0,6.0,78.0,209.0,26.0,3.0,0.0,3,True
511546,226434,2498,VCT 2025: EMEA Stage 2,Group Stage: Week 1,2025-07-17,Icebox,2,Movistar KOI (KOI),Team Liquid,13,10,baddyG,2190,omen,1.41,262.0,22.0,14.0,10.0,91.0,163.0,31.0,6.0,2.0,3,True
511546,226434,2498,VCT 2025: EMEA Stage 2,Group Stage: Week 1,2025-07-17,Icebox,2,Movistar KOI (KOI),Team Liquid,13,10,MONSTEERR,3127,viper,1.29,261.0,23.0,14.0,3.0,70.0,167.0,24.0,3.0,0.0,3,True
511546,226434,2498,VCT 2025: EMEA Stage 2,Group Stage: Week 1,2025-07-17,Icebox,2,Movistar KOI (KOI),Team Liquid,13,10,nataNk,5004,killjoy,0.69,149.0,13.0,16.0,3.0,74.0,114.0,26.0,2.0,4.0,3,True
511546,226434,2498,VCT 2025: EMEA Stage 2,Group Stage: Week 1,2025-07-17,Icebox,2,Movistar KOI (KOI),Team Liquid,13,10,Filu,4544,sage,0.53,143.0,10.0,19.0,8.0,74.0,98.0,22.0,2.0,1.0,3,True
511546,226435,2498,VCT 2025: EMEA Stage 2,Group Stage: Week 1,2025-07-17,Lotus,3,Team Liquid,Movistar KOI (KOI),13,8,keiko,11494,raze,1.6,326.0,26.0,14.0,0.0,81.0,206.0,41.0,1.0,2.0,3,True
511546,226435,2498,VCT 2025: EMEA Stage 2,Group Stage: Week 1,2025-07-17,Lotus,3,Team Liquid,Movistar KOI (KOI),13,8,trexx,2168,fade,1.28,242.0,17.0,14.0,12.0,86.0,156.0,19.0,1.0,1.0,3,True
511546,226435,2498,VCT 2025: EMEA Stage 2,Group Stage: Week 1,2025-07-17,Lotus,3,Team Liquid,Movistar KOI (KOI),13,8,nAts,457,vyse,1.22,220.0,18.0,15.0,8.0,71.0,148.0,33.0,2.0,3.0,3,True
511546,226435,2498,VCT 2025: EMEA Stage 2,Group Stage: Week 1,2025-07-17,Lotus,3,Team Liquid,Movistar KOI (KOI),13,8,kamo,14681,yoru,0.85,176.0,13.0,16.0,5.0,76.0,116.0,21.0,3.0,3.0,3,True
511546,226435,2498,VCT 2025: EMEA Stage 2,Group Stage: Week 1,2025-07-17,Lotus,3,Team Liquid,Movistar KOI (KOI),13,8,paTiTek,309,omen,0.48,95.0,6.0,15.0,7.0,62.0,72.0,13.0,2.0,3.0,3,True
511546,226435,2498,VCT 2025: EMEA Stage 2,Group Stage: Week 1,2025-07-17,Lotus,3,Movistar KOI (KOI),Team Liquid,8,13,Filu,4544,raze,1.1,254.0,18.0,17.0,5.0,81.0,171.0,24.0,2.0,1.0,3,True
511546,226435,2498,VCT 2025: EMEA Stage 2,Group Stage: Week 1,2025-07-17,Lotus,3,Movistar KOI (KOI),Team Liquid,8,13,MONSTEERR,3127,viper,1.06,206.0,14.0,15.0,9.0,86.0,141.0,23.0,2.0,1.0,3,True
511546,226435,2498,VCT 2025: EMEA Stage 2,Group Stage: Week 1,2025-07-17,Lotus,3,Movistar KOI (KOI),Team Liquid,8,13,nataNk,5004,vyse,0.89,165.0,13.0,15.0,2.0,81.0,119.0,29.0,3.0,3.0,3,True
511546,226435,2498,VCT 2025: EMEA Stage 2,Group Stage: Week 1,2025-07-17,Lotus,3,Movistar KOI (KOI),Team Liquid,8,13,baddyG,2190,omen,0.81,176.0,14.0,16.0,8.0,67.0,97.0,14.0,3.0,3.0,3,True
511546,226435,2498,VCT 2025: EMEA Stage 2,Group Stage: Week 1,2025-07-17,Lotus,3,Movistar KOI (KOI),Team Liquid,8,13,flyuh,3685,fade,0.72,189.0,15.0,17.0,6.0,76.0,124.0,19.0,2.0,1.0,3,True
511547,226436,2498,VCT 2025: EMEA Stage 2,Group Stage: Week 1,2025-07-18,Icebox,1,Team Heretics,BBL Esports,5,13,Boo,1144,viper,1.15,245.0,16.0,15.0,3.0,78.0,150.0,28.0,3.0,1.0,3,True
511547,226436,2498,VCT 2025: EMEA Stage 2,Group Stage: Week 1,2025-07-18,Icebox,1,Team Heretics,BBL Esports,5,13,RieNs,10971,sova,0.96,225.0,13.0,15.0,5.0,72.0,156.0,27.0,1.0,1.0,3,True
511547,226436,2498,VCT 2025: EMEA Stage 2,Group Stage: Week 1,2025-07-18,Icebox,1,Team Heretics,BBL Esports,5,13,MiniBoo,18350,omen,0.86,189.0,12.0,14.0,4.0,78.0,116.0,17.0,1.0,3.0,3,True
511547,226436,2498,VCT 2025: EMEA Stage 2,Group Stage: Week 1,2025-07-18,Icebox,1,Team Heretics,BBL Esports,5,13,Wo0t,21328,kayo,0.7,136.0,9.0,15.0,8.0,83.0,72.0,24.0,2.0,2.0,3,True
511547,226436,2498,VCT 2025: EMEA Stage 2,Group Stage: Week 1,2025-07-18,Icebox,1,Team Heretics,BBL Esports,5,13,benjyfishy,29873,killjoy,0.48,113.0,7.0,16.0,3.0,61.0,80.0,32.0,1.0,3.0,3,True
511547,226436,2498,VCT 2025: EMEA Stage 2,Group Stage: Week 1,2025-07-18,Icebox,1,BBL Esports,Team Heretics,13,5,Jamppi,9780,sova,1.53,244.0,20.0,9.0,1.0,94.0,148.0,28.0,0.0,3.0,3,True
511547,226436,2498,VCT 2025: EMEA Stage 2,Group Stage: Week 1,2025-07-18,Icebox,1,BBL Esports,Team Heretics,13,5,PROFEK,5554,viper,1.52,237.0,16.0,9.0,9.0,89.0,170.0,16.0,2.0,0.0,3,True
511547,226436,2498,VCT 2025: EMEA Stage 2,Group Stage: Week 1,2025-07-18,Icebox,1,BBL Esports,Team Heretics,13,5,LewN,20144,jett,1.2,287.0,17.0,13.0,4.0,72.0,189.0,29.0,5.0,4.0,3,True
511547,226436,2498,VCT 2025: EMEA Stage 2,Group Stage: Week 1,2025-07-18,Icebox,1,BBL Esports,Team Heretics,13,5,MAGNUM,2173,killjoy,0.9,187.0,12.0,12.0,5.0,83.0,128.0,29.0,1.0,1.0,3,True
511547,226436,2498,VCT 2025: EMEA Stage 2,Group Stage: Week 1,2025-07-18,Icebox,1,BBL Esports,Team Heretics,13,5,sociablEE,5568,omen,0.69,160.0,10.0,14.0,9.0,72.0,108.0,19.0,2.0,0.0,3,True
511547,226437,2498,VCT 2025: EMEA Stage 2,Group Stage: Week 1,2025-07-18,Haven,2,Team Heretics,BBL Esports,13,9,MiniBoo,18350,yoru,1.49,340.0,27.0,15.0,2.0,77.0,217.0,33.0,5.0,5.0,3,True
511547,226437,2498,VCT 2025: EMEA Stage 2,Group Stage: Week 1,2025-07-18,Haven,2,Team Heretics,BBL Esports,13,9,benjyfishy,29873,cypher,1.39,236.0,19.0,11.0,5.0,73.0,151.0,34.0,1.0,1.0,3,True
511547,226437,2498,VCT 2025: EMEA Stage 2,Group Stage: Week 1,2025-07-18,Haven,2,Team Heretics,BBL Esports,13,9,Wo0t,21328,iso,1.19,245.0,19.0,14.0,5.0,73.0,162.0,26.0,5.0,1.0,3,True
511547,226437,2498,VCT 2025: EMEA Stage 2,Group Stage: Week 1,2025-07-18,Haven,2,Team Heretics,BBL Esports,13,9,RieNs,10971,sova,1.17,201.0,17.0,12.0,7.0,77.0,147.0,48.0,1.0,0.0,3,True
511547,226437,2498,VCT 2025: EMEA Stage 2,Group Stage: Week 1,2025-07-18,Haven,2,Team Heretics,BBL Esports,13,9,Boo,1144,omen,0.76,104.0,7.0,13.0,17.0,77.0,59.0,36.0,1.0,2.0,3,True
511547,226437,2498,VCT 2025: EMEA Stage 2,Group Stage: Week 1,2025-07-18,Haven,2,BBL Esports,Team Heretics,9,13,PROFEK,5554,omen,0.99,197.0,14.0,18.0,11.0,64.0,138.0,28.0,0.0,1.0,3,True
511547,226437,2498,VCT 2025: EMEA Stage 2,Group Stage: Week 1,2025-07-18,Haven,2,BBL Esports,Team Heretics,9,13,MAGNUM,2173,cypher,0.94,190.0,14.0,17.0,4.0,64.0,123.0,33.0,2.0,3.0,3,True
511547,226437,2498,VCT 2025: EMEA Stage 2,Group Stage: Week 1,2025-07-18,Haven,2,BBL Esports,Team Heretics,9,13,sociablEE,5568,sova,0.88,200.0,17.0,19.0,2.0,55.0,118.0,34.0,1.0,3.0,3,True
511547,226437,2498,VCT 2025: EMEA Stage 2,Group Stage: Week 1,2025-07-18,Haven,2,BBL Esports,Team Heretics,9,13,LewN,20144,jett,0.66,171.0,13.0,18.0,2.0,59.0,118.0,45.0,4.0,3.0,3,True
511547,226437,2498,VCT 2025: EMEA Stage 2,Group Stage: Week 1,2025-07-18,Haven,2,BBL Esports,Team Heretics,9,13,Jamppi,9780,breach,0.5,103.0,7.0,17.0,6.0,59.0,71.0,26.0,2.0,3.0,3,True
511547,226438,2498,VCT 2025: EMEA Stage 2,Group Stage: Week 1,2025-07-18,Sunset,3,Team Heretics,BBL Esports,13,11,Wo0t,21328,kayo,1.66,299.0,28.0,14.0,12.0,79.0,186.0,48.0,2.0,0.0,3,True
511547,226438,2498,VCT 2025: EMEA Stage 2,Group Stage: Week 1,2025-07-18,Sunset,3,Team Heretics,BBL Esports,13,11,benjyfishy,29873,vyse,1.19,216.0,17.0,15.0,12.0,75.0,155.0,44.0,3.0,1.0,3,True
511547,226438,2498,VCT 2025: EMEA Stage 2,Group Stage: Week 1,2025-07-18,Sunset,3,Team Heretics,BBL Esports,13,11,RieNs,10971,sova,1.02,226.0,19.0,18.0,7.0,75.0,142.0,35.0,3.0,2.0,3,True
511547,226438,2498,VCT 2025: EMEA Stage 2,Group Stage: Week 1,2025-07-18,Sunset,3,Team Heretics,BBL Esports,13,11,MiniBoo,18350,neon,1.02,231.0,17.0,18.0,7.0,79.0,156.0,32.0,5.0,3.0,3,True
511547,226438,2498,VCT 2025: EMEA Stage 2,Group Stage: Week 1,2025-07-18,Sunset,3,Team Heretics,BBL Esports,13,11,Boo,1144,omen,0.74,127.0,10.0,16.0,12.0,71.0,83.0,26.0,1.0,4.0,3,True
511547,226438,2498,VCT 2025: EMEA Stage 2,Group Stage: Week 1,2025-07-18,Sunset,3,BBL Esports,Team Heretics,11,13,PROFEK,5554,omen,1.52,245.0,23.0,15.0,9.0,75.0,172.0,39.0,1.0,1.0,3,True
511547,226438,2498,VCT 2025: EMEA Stage 2,Group Stage: Week 1,2025-07-18,Sunset,3,BBL Esports,Team Heretics,11,13,Jamppi,9780,sova,1.37,299.0,24.0,18.0,10.0,71.0,185.0,21.0,3.0,3.0,3,True
511547,226438,2498,VCT 2025: EMEA Stage 2,Group Stage: Week 1,2025-07-18,Sunset,3,BBL Esports,Team Heretics,11,13,LewN,20144,neon,0.71,196.0,15.0,21.0,4.0,63.0,131.0,29.0,3.0,4.0,3,True
511547,226438,2498,VCT 2025: EMEA Stage 2,Group Stage: Week 1,2025-07-18,Sunset,3,BBL Esports,Team Heretics,11,13,MAGNUM,2173,viper,0.58,137.0,9.0,19.0,7.0,63.0,101.0,16.0,1.0,3.0,3,True
511547,226438,2498,VCT 2025: EMEA Stage 2,Group Stage: Week 1,2025-07-18,Sunset,3,BBL Esports,Team Heretics,11,13,sociablEE,5568,deadlock,0.54,118.0,10.0,18.0,2.0,46.0,86.0,37.0,2.0,3.0,3,True
511548,226439,2498,VCT 2025: EMEA Stage 2,Group Stage: Week 1,2025-07-18,Bind,1,FNATIC,Karmine Corp,13,7,kaajak,9554,raze,1.58,294.0,22.0,11.0,4.0,90.0,179.0,33.0,2.0,1.0,3,True
511548,226439,2498,VCT 2025: EMEA Stage 2,Group Stage: Week 1,2025-07-18,Bind,1,FNATIC,Karmine Corp,13,7,crashies,4,fade,1.43,284.0,21.0,12.0,6.0,90.0,195.0,33.0,2.0,1.0,3,True
511548,226439,2498,VCT 2025: EMEA Stage 2,Group Stage: Week 1,2025-07-18,Bind,1,FNATIC,Karmine Corp,13,7,Chronicle,458,viper,1.36,281.0,21.0,12.0,2.0,80.0,192.0,29.0,5.0,2.0,3,True
511548,226439,2498,VCT 2025: EMEA Stage 2,Group Stage: Week 1,2025-07-18,Bind,1,FNATIC,Karmine Corp,13,7,Alfajer,9810,tejo,0.63,128.0,11.0,13.0,2.0,70.0,84.0,19.0,2.0,2.0,3,True
511548,226439,2498,VCT 2025: EMEA Stage 2,Group Stage: Week 1,2025-07-18,Bind,1,FNATIC,Karmine Corp,13,7,Boaster,438,astra,0.55,107.0,7.0,13.0,7.0,65.0,70.0,29.0,1.0,2.0,3,True
511548,226439,2498,VCT 2025: EMEA Stage 2,Group Stage: Week 1,2025-07-18,Bind,1,Karmine Corp,FNATIC,7,13,Avez,5654,gekko,1.23,215.0,16.0,16.0,7.0,70.0,129.0,24.0,1.0,0.0,3,True
511548,226439,2498,VCT 2025: EMEA Stage 2,Group Stage: Week 1,2025-07-18,Bind,1,Karmine Corp,FNATIC,7,13,marteen,10307,yoru,0.93,214.0,13.0,17.0,8.0,75.0,143.0,36.0,4.0,5.0,3,True
511548,226439,2498,VCT 2025: EMEA Stage 2,Group Stage: Week 1,2025-07-18,Bind,1,Karmine Corp,FNATIC,7,13,Elite,16459,vyse,0.91,183.0,14.0,16.0,2.0,70.0,117.0,41.0,0.0,1.0,3,True
511548,226439,2498,VCT 2025: EMEA Stage 2,Group Stage: Week 1,2025-07-18,Bind,1,Karmine Corp,FNATIC,7,13,SUYGETSU,2858,astra,0.8,161.0,11.0,16.0,4.0,60.0,112.0,39.0,2.0,2.0,3,True
511548,226439,2498,VCT 2025: EMEA Stage 2,Group Stage: Week 1,2025-07-18,Bind,1,Karmine Corp,FNATIC,7,13,saadhak,727,deadlock,0.44,92.0,7.0,17.0,6.0,50.0,59.0,44.0,1.0,4.0,3,True
511548,226440,2498,VCT 2025: EMEA Stage 2,Group Stage: Week 1,2025-07-18,Lotus,2,FNATIC,Karmine Corp,10,13,kaajak,9554,raze,1.21,305.0,23.0,22.0,5.0,65.0,204.0,33.0,6.0,1.0,3,True
511548,226440,2498,VCT 2025: EMEA Stage 2,Group Stage: Week 1,2025-07-18,Lotus,2,FNATIC,Karmine Corp,10,13,crashies,4,fade,1.07,178.0,15.0,17.0,8.0,65.0,139.0,33.0,1.0,0.0,3,True
511548,226440,2498,VCT 2025: EMEA Stage 2,Group Stage: Week 1,2025-07-18,Lotus,2,FNATIC,Karmine Corp,10,13,Chronicle,458,viper,0.85,222.0,18.0,21.0,3.0,74.0,134.0,17.0,3.0,3.0,3,True
511548,226440,2498,VCT 2025: EMEA Stage 2,Group Stage: Week 1,2025-07-18,Lotus,2,FNATIC,Karmine Corp,10,13,Boaster,438,omen,0.63,100.0,8.0,15.0,8.0,65.0,71.0,8.0,0.0,3.0,3,True
511548,226440,2498,VCT 2025: EMEA Stage 2,Group Stage: Week 1,2025-07-18,Lotus,2,FNATIC,Karmine Corp,10,13,Alfajer,9810,killjoy,0.53,171.0,13.0,22.0,4.0,52.0,125.0,29.0,2.0,4.0,3,True
511548,226440,2498,VCT 2025: EMEA Stage 2,Group Stage: Week 1,2025-07-18,Lotus,2,Karmine Corp,FNATIC,13,10,SUYGETSU,2858,omen,1.25,234.0,21.0,15.0,10.0,87.0,153.0,30.0,1.0,1.0,3,True
511548,226440,2498,VCT 2025: EMEA Stage 2,Group Stage: Week 1,2025-07-18,Lotus,2,Karmine Corp,FNATIC,13,10,saadhak,727,fade,1.23,238.0,21.0,15.0,4.0,87.0,156.0,35.0,2.0,2.0,3,True
511548,226440,2498,VCT 2025: EMEA Stage 2,Group Stage: Week 1,2025-07-18,Lotus,2,Karmine Corp,FNATIC,13,10,Avez,5654,raze,1.21,259.0,21.0,15.0,3.0,70.0,166.0,22.0,3.0,4.0,3,True
511548,226440,2498,VCT 2025: EMEA Stage 2,Group Stage: Week 1,2025-07-18,Lotus,2,Karmine Corp,FNATIC,13,10,Elite,16459,cypher,1.08,206.0,16.0,16.0,7.0,87.0,145.0,46.0,3.0,2.0,3,True
511548,226440,2498,VCT 2025: EMEA Stage 2,Group Stage: Week 1,2025-07-18,Lotus,2,Karmine Corp,FNATIC,13,10,marteen,10307,yoru,0.93,199.0,18.0,16.0,7.0,74.0,137.0,30.0,2.0,3.0,3,True
511548,226441,2498,VCT 2025: EMEA Stage 2,Group Stage: Week 1,2025-07-18,Icebox,3,FNATIC,Karmine Corp,13,11,crashies,4,sova,1.28,261.0,22.0,16.0,5.0,79.0,196.0,36.0,0.0,0.0,3,True
511548,226441,2498,VCT 2025: EMEA Stage 2,Group Stage: Week 1,2025-07-18,Icebox,3,FNATIC,Karmine Corp,13,11,kaajak,9554,jett,1.13,213.0,20.0,15.0,2.0,75.0,137.0,34.0,4.0,3.0,3,True
511548,226441,2498,VCT 2025: EMEA Stage 2,Group Stage: Week 1,2025-07-18,Icebox,3,FNATIC,Karmine Corp,13,11,Alfajer,9810,killjoy,0.88,170.0,15.0,16.0,2.0,63.0,112.0,33.0,5.0,4.0,3,True
511548,226441,2498,VCT 2025: EMEA Stage 2,Group Stage: Week 1,2025-07-18,Icebox,3,FNATIC,Karmine Corp,13,11,Boaster,438,viper,0.81,186.0,16.0,18.0,6.0,58.0,130.0,30.0,4.0,2.0,3,True
511548,226441,2498,VCT 2025: EMEA Stage 2,Group Stage: Week 1,2025-07-18,Icebox,3,FNATIC,Karmine Corp,13,11,Chronicle,458,sage,0.64,139.0,12.0,18.0,7.0,54.0,87.0,38.0,1.0,1.0,3,True
511548,226441,2498,VCT 2025: EMEA Stage 2,Group Stage: Week 1,2025-07-18,Icebox,3,Karmine Corp,FNATIC,11,13,Avez,5654,sova,1.57,315.0,28.0,17.0,4.0,71.0,202.0,42.0,1.0,1.0,3,True
511548,226441,2498,VCT 2025: EMEA Stage 2,Group Stage: Week 1,2025-07-18,Icebox,3,Karmine Corp,FNATIC,11,13,SUYGETSU,2858,viper,0.93,192.0,17.0,16.0,4.0,54.0,123.0,41.0,3.0,7.0,3,True
511548,226441,2498,VCT 2025: EMEA Stage 2,Group Stage: Week 1,2025-07-18,Icebox,3,Karmine Corp,FNATIC,11,13,saadhak,727,kayo,0.89,162.0,11.0,17.0,17.0,71.0,100.0,15.0,2.0,0.0,3,True
511548,226441,2498,VCT 2025: EMEA Stage 2,Group Stage: Week 1,2025-07-18,Icebox,3,Karmine Corp,FNATIC,11,13,marteen,10307,omen,0.87,199.0,13.0,18.0,11.0,75.0,126.0,40.0,2.0,2.0,3,True
511548,226441,2498,VCT 2025: EMEA Stage 2,Group Stage: Week 1,2025-07-18,Icebox,3,Karmine Corp,FNATIC,11,13,Elite,16459,killjoy,0.86,168.0,14.0,17.0,1.0,46.0,112.0,55.0,2.0,4.0,3,True
511549,226442,2498,VCT 2025: EMEA Stage 2,Group Stage: Week 2,2025-07-23,Icebox,1,Apeks,Karmine Corp,7,13,batujnax,18615,omen,1.08,200.0,15.0,12.0,6.0,80.0,119.0,43.0,1.0,2.0,3,True
511549,226442,2498,VCT 2025: EMEA Stage 2,Group Stage: Week 2,2025-07-23,Icebox,1,Apeks,Karmine Corp,7,13,MOLSI,1281,sova,1.01,202.0,14.0,15.0,7.0,70.0,134.0,20.0,1.0,1.0,3,True
511549,226442,2498,VCT 2025: EMEA Stage 2,Group Stage: Week 2,2025-07-23,Icebox,1,Apeks,Karmine Corp,7,13,penny,7716,jett,0.92,180.0,12.0,13.0,5.0,70.0,131.0,18.0,1.0,6.0,3,True
511549,226442,2498,VCT 2025: EMEA Stage 2,Group Stage: Week 2,2025-07-23,Icebox,1,Apeks,Karmine Corp,7,13,OLIZERA,8502,killjoy,0.71,187.0,13.0,17.0,4.0,75.0,131.0,20.0,3.0,1.0,3,True
511549,226442,2498,VCT 2025: EMEA Stage 2,Group Stage: Week 2,2025-07-23,Icebox,1,Apeks,Karmine Corp,7,13,AvovA,1507,viper,0.47,126.0,9.0,17.0,7.0,55.0,82.0,45.0,1.0,3.0,3,True
511549,226442,2498,VCT 2025: EMEA Stage 2,Group Stage: Week 2,2025-07-23,Icebox,1,Karmine Corp,Apeks,13,7,SUYGETSU,2858,viper,1.76,350.0,26.0,13.0,1.0,95.0,225.0,51.0,5.0,0.0,3,True
511549,226442,2498,VCT 2025: EMEA Stage 2,Group Stage: Week 2,2025-07-23,Icebox,1,Karmine Corp,Apeks,13,7,Avez,5654,sova,1.03,151.0,14.0,11.0,0.0,80.0,100.0,31.0,3.0,0.0,3,True
511549,226442,2498,VCT 2025: EMEA Stage 2,Group Stage: Week 2,2025-07-23,Icebox,1,Karmine Corp,Apeks,13,7,Elite,16459,killjoy,1.01,203.0,14.0,13.0,4.0,70.0,141.0,40.0,2.0,2.0,3,True
511549,226442,2498,VCT 2025: EMEA Stage 2,Group Stage: Week 2,2025-07-23,Icebox,1,Karmine Corp,Apeks,13,7,marteen,10307,omen,0.91,137.0,10.0,12.0,7.0,85.0,86.0,23.0,2.0,2.0,3,True
511549,226442,2498,VCT 2025: EMEA Stage 2,Group Stage: Week 2,2025-07-23,Icebox,1,Karmine Corp,Apeks,13,7,saadhak,727,kayo,0.83,153.0,10.0,14.0,13.0,70.0,87.0,29.0,1.0,3.0,3,True
511549,226443,2498,VCT 2025: EMEA Stage 2,Group Stage: Week 2,2025-07-23,Sunset,2,Apeks,Karmine Corp,13,11,batujnax,18615,deadlock,1.51,280.0,25.0,15.0,4.0,92.0,195.0,23.0,3.0,3.0,3,True
511549,226443,2498,VCT 2025: EMEA Stage 2,Group Stage: Week 2,2025-07-23,Sunset,2,Apeks,Karmine Corp,13,11,penny,7716,neon,1.28,258.0,23.0,16.0,3.0,79.0,170.0,23.0,3.0,2.0,3,True
511549,226443,2498,VCT 2025: EMEA Stage 2,Group Stage: Week 2,2025-07-23,Sunset,2,Apeks,Karmine Corp,13,11,MOLSI,1281,sova,1.26,240.0,18.0,17.0,9.0,75.0,175.0,19.0,2.0,1.0,3,True
511549,226443,2498,VCT 2025: EMEA Stage 2,Group Stage: Week 2,2025-07-23,Sunset,2,Apeks,Karmine Corp,13,11,AvovA,1507,omen,0.8,136.0,13.0,17.0,3.0,67.0,84.0,35.0,2.0,0.0,3,True
511549,226443,2498,VCT 2025: EMEA Stage 2,Group Stage: Week 2,2025-07-23,Sunset,2,Apeks,Karmine Corp,13,11,OLIZERA,8502,viper,0.64,141.0,10.0,18.0,9.0,71.0,100.0,29.0,1.0,7.0,3,True
511549,226443,2498,VCT 2025: EMEA Stage 2,Group Stage: Week 2,2025-07-23,Sunset,2,Karmine Corp,Apeks,11,13,SUYGETSU,2858,omen,1.14,235.0,22.0,19.0,5.0,71.0,160.0,42.0,4.0,1.0,3,True
511549,226443,2498,VCT 2025: EMEA Stage 2,Group Stage: Week 2,2025-07-23,Sunset,2,Karmine Corp,Apeks,11,13,Elite,16459,cypher,1.13,235.0,22.0,16.0,2.0,79.0,154.0,47.0,5.0,2.0,3,True
511549,226443,2498,VCT 2025: EMEA Stage 2,Group Stage: Week 2,2025-07-23,Sunset,2,Karmine Corp,Apeks,11,13,saadhak,727,sova,1.01,190.0,14.0,16.0,11.0,71.0,147.0,34.0,1.0,0.0,3,True
511549,226443,2498,VCT 2025: EMEA Stage 2,Group Stage: Week 2,2025-07-23,Sunset,2,Karmine Corp,Apeks,11,13,Avez,5654,phoenix,0.79,170.0,15.0,19.0,9.0,79.0,130.0,26.0,2.0,3.0,3,True
511549,226443,2498,VCT 2025: EMEA Stage 2,Group Stage: Week 2,2025-07-23,Sunset,2,Karmine Corp,Apeks,11,13,marteen,10307,yoru,0.59,143.0,10.0,19.0,11.0,58.0,105.0,20.0,1.0,5.0,3,True
511549,226444,2498,VCT 2025: EMEA Stage 2,Group Stage: Week 2,2025-07-23,Lotus,3,Apeks,Karmine Corp,11,13,penny,7716,raze,1.29,258.0,21.0,17.0,8.0,71.0,177.0,21.0,5.0,1.0,3,True
511549,226444,2498,VCT 2025: EMEA Stage 2,Group Stage: Week 2,2025-07-23,Lotus,3,Apeks,Karmine Corp,11,13,OLIZERA,8502,cypher,1.25,270.0,23.0,19.0,5.0,88.0,167.0,25.0,8.0,0.0,3,True
511549,226444,2498,VCT 2025: EMEA Stage 2,Group Stage: Week 2,2025-07-23,Lotus,3,Apeks,Karmine Corp,11,13,MOLSI,1281,kayo,1.08,197.0,17.0,17.0,17.0,83.0,124.0,28.0,2.0,2.0,3,True
511549,226444,2498,VCT 2025: EMEA Stage 2,Group Stage: Week 2,2025-07-23,Lotus,3,Apeks,Karmine Corp,11,13,AvovA,1507,omen,0.88,163.0,13.0,16.0,10.0,71.0,107.0,26.0,1.0,2.0,3,True
511549,226444,2498,VCT 2025: EMEA Stage 2,Group Stage: Week 2,2025-07-23,Lotus,3,Apeks,Karmine Corp,11,13,batujnax,18615,deadlock,0.78,142.0,14.0,17.0,8.0,79.0,86.0,30.0,2.0,1.0,3,True
511549,226444,2498,VCT 2025: EMEA Stage 2,Group Stage: Week 2,2025-07-23,Lotus,3,Karmine Corp,Apeks,13,11,Avez,5654,raze,1.29,287.0,23.0,18.0,7.0,75.0,186.0,25.0,1.0,3.0,3,True
511549,226444,2498,VCT 2025: EMEA Stage 2,Group Stage: Week 2,2025-07-23,Lotus,3,Karmine Corp,Apeks,13,11,SUYGETSU,2858,omen,1.12,208.0,20.0,16.0,6.0,75.0,131.0,34.0,2.0,4.0,3,True
511549,226444,2498,VCT 2025: EMEA Stage 2,Group Stage: Week 2,2025-07-23,Lotus,3,Karmine Corp,Apeks,13,11,Elite,16459,cypher,0.96,177.0,14.0,15.0,6.0,71.0,130.0,37.0,1.0,3.0,3,True
511549,226444,2498,VCT 2025: EMEA Stage 2,Group Stage: Week 2,2025-07-23,Lotus,3,Karmine Corp,Apeks,13,11,marteen,10307,yoru,0.91,195.0,19.0,18.0,5.0,67.0,118.0,20.0,1.0,5.0,3,True
511549,226444,2498,VCT 2025: EMEA Stage 2,Group Stage: Week 2,2025-07-23,Lotus,3,Karmine Corp,Apeks,13,11,saadhak,727,fade,0.55,128.0,10.0,21.0,6.0,50.0,80.0,18.0,1.0,3.0,3,True
511550,226445,2498,VCT 2025: EMEA Stage 2,Group Stage: Week 2,2025-07-23,Icebox,1,GIANTX,BBL Esports,13,7,ara,11332,jett,1.22,240.0,17.0,13.0,2.0,80.0,168.0,24.0,4.0,1.0,3,True
511550,226445,2498,VCT 2025: EMEA Stage 2,Group Stage: Week 2,2025-07-23,Icebox,1,GIANTX,BBL Esports,13,7,Flickless,6959,kayo,1.13,189.0,13.0,14.0,10.0,75.0,130.0,25.0,1.0,3.0,3,True
511550,226445,2498,VCT 2025: EMEA Stage 2,Group Stage: Week 2,2025-07-23,Icebox,1,GIANTX,BBL Esports,13,7,westside,34684,killjoy,1.09,219.0,16.0,13.0,1.0,75.0,147.0,44.0,0.0,1.0,3,True
511550,226445,2498,VCT 2025: EMEA Stage 2,Group Stage: Week 2,2025-07-23,Icebox,1,GIANTX,BBL Esports,13,7,grubinho,5550,viper,1.07,211.0,16.0,12.0,4.0,65.0,124.0,30.0,2.0,5.0,3,True
511550,226445,2498,VCT 2025: EMEA Stage 2,Group Stage: Week 2,2025-07-23,Icebox,1,GIANTX,BBL Esports,13,7,Cloud,4181,gekko,0.71,164.0,11.0,16.0,6.0,70.0,106.0,30.0,2.0,1.0,3,True
511550,226445,2498,VCT 2025: EMEA Stage 2,Group Stage: Week 2,2025-07-23,Icebox,1,BBL Esports,GIANTX,7,13,sociablEE,5568,omen,1.23,271.0,21.0,15.0,4.0,70.0,156.0,40.0,1.0,1.0,3,True
511550,226445,2498,VCT 2025: EMEA Stage 2,Group Stage: Week 2,2025-07-23,Icebox,1,BBL Esports,GIANTX,7,13,MAGNUM,2173,killjoy,1.1,244.0,17.0,14.0,3.0,75.0,166.0,35.0,4.0,1.0,3,True
511550,226445,2498,VCT 2025: EMEA Stage 2,Group Stage: Week 2,2025-07-23,Icebox,1,BBL Esports,GIANTX,7,13,LewN,20144,jett,0.84,141.0,11.0,13.0,0.0,60.0,96.0,67.0,2.0,4.0,3,True
511550,226445,2498,VCT 2025: EMEA Stage 2,Group Stage: Week 2,2025-07-23,Icebox,1,BBL Esports,GIANTX,7,13,Jamppi,9780,sova,0.79,220.0,14.0,16.0,4.0,65.0,144.0,43.0,3.0,0.0,3,True
511550,226445,2498,VCT 2025: EMEA Stage 2,Group Stage: Week 2,2025-07-23,Icebox,1,BBL Esports,GIANTX,7,13,PROFEK,5554,viper,0.54,101.0,5.0,15.0,6.0,60.0,72.0,13.0,1.0,3.0,3,True
511550,226446,2498,VCT 2025: EMEA Stage 2,Group Stage: Week 2,2025-07-23,Lotus,2,GIANTX,BBL Esports,11,13,ara,11332,raze,1.86,358.0,31.0,15.0,5.0,88.0,229.0,21.0,3.0,1.0,3,True
511550,226446,2498,VCT 2025: EMEA Stage 2,Group Stage: Week 2,2025-07-23,Lotus,2,GIANTX,BBL Esports,11,13,Cloud,4181,fade,0.95,193.0,16.0,18.0,10.0,71.0,118.0,26.0,2.0,1.0,3,True
511550,226446,2498,VCT 2025: EMEA Stage 2,Group Stage: Week 2,2025-07-23,Lotus,2,GIANTX,BBL Esports,11,13,Flickless,6959,viper,0.85,192.0,15.0,19.0,11.0,92.0,139.0,21.0,2.0,3.0,3,True
511550,226446,2498,VCT 2025: EMEA Stage 2,Group Stage: Week 2,2025-07-23,Lotus,2,GIANTX,BBL Esports,11,13,grubinho,5550,omen,0.68,122.0,10.0,17.0,16.0,71.0,80.0,18.0,0.0,4.0,3,True
511550,226446,2498,VCT 2025: EMEA Stage 2,Group Stage: Week 2,2025-07-23,Lotus,2,GIANTX,BBL Esports,11,13,westside,34684,cypher,0.61,148.0,12.0,20.0,5.0,67.0,105.0,37.0,5.0,3.0,3,True
511550,226446,2498,VCT 2025: EMEA Stage 2,Group Stage: Week 2,2025-07-23,Lotus,2,BBL Esports,GIANTX,13,11,LewN,20144,raze,1.5,296.0,26.0,16.0,3.0,67.0,186.0,28.0,4.0,3.0,3,True
511550,226446,2498,VCT 2025: EMEA Stage 2,Group Stage: Week 2,2025-07-23,Lotus,2,BBL Esports,GIANTX,13,11,PROFEK,5554,omen,1.2,205.0,18.0,15.0,12.0,75.0,134.0,24.0,2.0,1.0,3,True
511550,226446,2498,VCT 2025: EMEA Stage 2,Group Stage: Week 2,2025-07-23,Lotus,2,BBL Esports,GIANTX,13,11,sociablEE,5568,chamber,0.94,202.0,16.0,17.0,7.0,71.0,136.0,27.0,5.0,3.0,3,True
511550,226446,2498,VCT 2025: EMEA Stage 2,Group Stage: Week 2,2025-07-23,Lotus,2,BBL Esports,GIANTX,13,11,MAGNUM,2173,deadlock,0.92,203.0,19.0,19.0,6.0,58.0,113.0,42.0,0.0,3.0,3,True
511550,226446,2498,VCT 2025: EMEA Stage 2,Group Stage: Week 2,2025-07-23,Lotus,2,BBL Esports,GIANTX,13,11,Jamppi,9780,fade,0.67,142.0,10.0,17.0,8.0,67.0,94.0,7.0,1.0,2.0,3,True
511550,226447,2498,VCT 2025: EMEA Stage 2,Group Stage: Week 2,2025-07-23,Corrode,3,GIANTX,BBL Esports,13,11,Flickless,6959,kayo,1.13,240.0,17.0,19.0,18.0,79.0,152.0,24.0,4.0,3.0,3,True
511550,226447,2498,VCT 2025: EMEA Stage 2,Group Stage: Week 2,2025-07-23,Corrode,3,GIANTX,BBL Esports,13,11,grubinho,5550,omen,1.12,200.0,17.0,16.0,8.0,67.0,126.0,28.0,2.0,2.0,3,True
511550,226447,2498,VCT 2025: EMEA Stage 2,Group Stage: Week 2,2025-07-23,Corrode,3,GIANTX,BBL Esports,13,11,westside,34684,cypher,1.08,209.0,19.0,15.0,4.0,63.0,152.0,44.0,0.0,1.0,3,True
511550,226447,2498,VCT 2025: EMEA Stage 2,Group Stage: Week 2,2025-07-23,Corrode,3,GIANTX,BBL Esports,13,11,Cloud,4181,fade,1.01,175.0,15.0,15.0,6.0,75.0,110.0,34.0,2.0,0.0,3,True
511550,226447,2498,VCT 2025: EMEA Stage 2,Group Stage: Week 2,2025-07-23,Corrode,3,GIANTX,BBL Esports,13,11,ara,11332,neon,0.95,197.0,17.0,17.0,3.0,67.0,123.0,30.0,6.0,4.0,3,True
511550,226447,2498,VCT 2025: EMEA Stage 2,Group Stage: Week 2,2025-07-23,Corrode,3,BBL Esports,GIANTX,11,13,sociablEE,5568,omen,1.23,232.0,21.0,16.0,5.0,75.0,146.0,35.0,2.0,2.0,3,True
511550,226447,2498,VCT 2025: EMEA Stage 2,Group Stage: Week 2,2025-07-23,Corrode,3,BBL Esports,GIANTX,11,13,MAGNUM,2173,fade,1.06,205.0,16.0,17.0,16.0,63.0,128.0,28.0,1.0,3.0,3,True
511550,226447,2498,VCT 2025: EMEA Stage 2,Group Stage: Week 2,2025-07-23,Corrode,3,BBL Esports,GIANTX,11,13,LewN,20144,phoenix,0.99,214.0,20.0,17.0,5.0,71.0,132.0,27.0,3.0,5.0,3,True
511550,226447,2498,VCT 2025: EMEA Stage 2,Group Stage: Week 2,2025-07-23,Corrode,3,BBL Esports,GIANTX,11,13,Jamppi,9780,gekko,0.91,182.0,15.0,17.0,4.0,58.0,117.0,32.0,3.0,3.0,3,True
511550,226447,2498,VCT 2025: EMEA Stage 2,Group Stage: Week 2,2025-07-23,Corrode,3,BBL Esports,GIANTX,11,13,PROFEK,5554,astra,0.64,131.0,10.0,18.0,7.0,54.0,109.0,21.0,1.0,1.0,3,True
511551,226448,2498,VCT 2025: EMEA Stage 2,Group Stage: Week 2,2025-07-24,Corrode,1,Team Liquid,Natus Vincere,13,7,nAts,457,viper,1.29,232.0,18.0,13.0,8.0,90.0,163.0,42.0,2.0,2.0,3,True
511551,226448,2498,VCT 2025: EMEA Stage 2,Group Stage: Week 2,2025-07-24,Corrode,1,Team Liquid,Natus Vincere,13,7,paTiTek,309,gekko,1.15,227.0,16.0,13.0,5.0,85.0,156.0,22.0,2.0,1.0,3,True
511551,226448,2498,VCT 2025: EMEA Stage 2,Group Stage: Week 2,2025-07-24,Corrode,1,Team Liquid,Natus Vincere,13,7,keiko,11494,omen,1.15,206.0,15.0,12.0,5.0,75.0,125.0,43.0,2.0,2.0,3,True
511551,226448,2498,VCT 2025: EMEA Stage 2,Group Stage: Week 2,2025-07-24,Corrode,1,Team Liquid,Natus Vincere,13,7,kamo,14681,yoru,1.11,258.0,17.0,14.0,3.0,60.0,158.0,27.0,2.0,5.0,3,True
511551,226448,2498,VCT 2025: EMEA Stage 2,Group Stage: Week 2,2025-07-24,Corrode,1,Team Liquid,Natus Vincere,13,7,trexx,2168,fade,0.93,188.0,14.0,15.0,8.0,80.0,126.0,17.0,2.0,0.0,3,True
511551,226448,2498,VCT 2025: EMEA Stage 2,Group Stage: Week 2,2025-07-24,Corrode,1,Natus Vincere,Team Liquid,7,13,Shao,384,fade,1.34,226.0,16.0,13.0,8.0,85.0,159.0,45.0,2.0,0.0,3,True
511551,226448,2498,VCT 2025: EMEA Stage 2,Group Stage: Week 2,2025-07-24,Corrode,1,Natus Vincere,Team Liquid,7,13,Ruxic,18677,omen,0.92,217.0,14.0,17.0,7.0,75.0,134.0,31.0,2.0,3.0,3,True
511551,226448,2498,VCT 2025: EMEA Stage 2,Group Stage: Week 2,2025-07-24,Corrode,1,Natus Vincere,Team Liquid,7,13,hiro,29867,cypher,0.86,187.0,15.0,15.0,1.0,65.0,126.0,20.0,0.0,2.0,3,True
511551,226448,2498,VCT 2025: EMEA Stage 2,Group Stage: Week 2,2025-07-24,Corrode,1,Natus Vincere,Team Liquid,7,13,alexiiik,25906,jett,0.77,201.0,14.0,18.0,1.0,70.0,135.0,32.0,4.0,1.0,3,True
511551,226448,2498,VCT 2025: EMEA Stage 2,Group Stage: Week 2,2025-07-24,Corrode,1,Natus Vincere,Team Liquid,7,13,ANGE1,109,kayo,0.48,117.0,8.0,17.0,6.0,65.0,73.0,23.0,2.0,4.0,3,True
511551,226449,2498,VCT 2025: EMEA Stage 2,Group Stage: Week 2,2025-07-24,Sunset,2,Team Liquid,Natus Vincere,13,4,keiko,11494,raze,2.07,353.0,24.0,7.0,1.0,88.0,226.0,29.0,4.0,0.0,3,True
511551,226449,2498,VCT 2025: EMEA Stage 2,Group Stage: Week 2,2025-07-24,Sunset,2,Team Liquid,Natus Vincere,13,4,trexx,2168,fade,1.32,230.0,14.0,8.0,9.0,88.0,151.0,18.0,1.0,0.0,3,True
511551,226449,2498,VCT 2025: EMEA Stage 2,Group Stage: Week 2,2025-07-24,Sunset,2,Team Liquid,Natus Vincere,13,4,kamo,14681,yoru,1.23,242.0,15.0,12.0,6.0,94.0,182.0,44.0,4.0,1.0,3,True
511551,226449,2498,VCT 2025: EMEA Stage 2,Group Stage: Week 2,2025-07-24,Sunset,2,Team Liquid,Natus Vincere,13,4,paTiTek,309,omen,1.17,212.0,13.0,8.0,9.0,82.0,131.0,14.0,3.0,1.0,3,True
511551,226449,2498,VCT 2025: EMEA Stage 2,Group Stage: Week 2,2025-07-24,Sunset,2,Team Liquid,Natus Vincere,13,4,nAts,457,cypher,0.89,152.0,10.0,10.0,4.0,76.0,128.0,37.0,2.0,1.0,3,True
511551,226449,2498,VCT 2025: EMEA Stage 2,Group Stage: Week 2,2025-07-24,Sunset,2,Natus Vincere,Team Liquid,4,13,ANGE1,109,kayo,0.91,209.0,12.0,16.0,6.0,71.0,151.0,34.0,0.0,0.0,3,True
511551,226449,2498,VCT 2025: EMEA Stage 2,Group Stage: Week 2,2025-07-24,Sunset,2,Natus Vincere,Team Liquid,4,13,Ruxic,18677,omen,0.82,187.0,11.0,15.0,4.0,76.0,105.0,58.0,1.0,3.0,3,True
511551,226449,2498,VCT 2025: EMEA Stage 2,Group Stage: Week 2,2025-07-24,Sunset,2,Natus Vincere,Team Liquid,4,13,Shao,384,sova,0.73,153.0,8.0,14.0,1.0,41.0,110.0,21.0,0.0,2.0,3,True
511551,226449,2498,VCT 2025: EMEA Stage 2,Group Stage: Week 2,2025-07-24,Sunset,2,Natus Vincere,Team Liquid,4,13,hiro,29867,cypher,0.64,178.0,9.0,15.0,3.0,53.0,124.0,37.0,0.0,2.0,3,True
511551,226449,2498,VCT 2025: EMEA Stage 2,Group Stage: Week 2,2025-07-24,Sunset,2,Natus Vincere,Team Liquid,4,13,alexiiik,25906,neon,0.3,93.0,5.0,16.0,1.0,35.0,62.0,42.0,2.0,7.0,3,True
511552,226451,2498,VCT 2025: EMEA Stage 2,Group Stage: Week 2,2025-07-24,Corrode,1,Gentle Mates,Team Heretics,12,14,Veqaj,12928,fade,1.45,304.0,28.0,18.0,7.0,85.0,201.0,43.0,3.0,2.0,3,True
511552,226451,2498,VCT 2025: EMEA Stage 2,Group Stage: Week 2,2025-07-24,Corrode,1,Gentle Mates,Team Heretics,12,14,kamyk,1475,viper,1.14,249.0,24.0,17.0,7.0,65.0,156.0,41.0,3.0,4.0,3,True
511552,226451,2498,VCT 2025: EMEA Stage 2,Group Stage: Week 2,2025-07-24,Corrode,1,Gentle Mates,Team Heretics,12,14,Proxh,45494,omen,1.07,199.0,18.0,17.0,11.0,73.0,128.0,37.0,4.0,1.0,3,True
511552,226451,2498,VCT 2025: EMEA Stage 2,Group Stage: Week 2,2025-07-24,Corrode,1,Gentle Mates,Team Heretics,12,14,ComeBack,40591,neon,0.88,141.0,13.0,15.0,5.0,77.0,98.0,46.0,3.0,2.0,3,True
511552,226451,2498,VCT 2025: EMEA Stage 2,Group Stage: Week 2,2025-07-24,Corrode,1,Gentle Mates,Team Heretics,12,14,Minny,23169,vyse,0.82,136.0,12.0,16.0,7.0,58.0,93.0,33.0,1.0,3.0,3,True
511552,226451,2498,VCT 2025: EMEA Stage 2,Group Stage: Week 2,2025-07-24,Corrode,1,Team Heretics,Gentle Mates,14,12,MiniBoo,18350,yoru,1.14,251.0,24.0,19.0,1.0,69.0,159.0,33.0,4.0,3.0,3,True
511552,226451,2498,VCT 2025: EMEA Stage 2,Group Stage: Week 2,2025-07-24,Corrode,1,Team Heretics,Gentle Mates,14,12,RieNs,10971,fade,1.13,214.0,18.0,20.0,10.0,62.0,149.0,37.0,2.0,1.0,3,True
511552,226451,2498,VCT 2025: EMEA Stage 2,Group Stage: Week 2,2025-07-24,Corrode,1,Team Heretics,Gentle Mates,14,12,Wo0t,21328,waylay,1.1,285.0,24.0,22.0,4.0,54.0,180.0,38.0,6.0,4.0,3,True
511552,226451,2498,VCT 2025: EMEA Stage 2,Group Stage: Week 2,2025-07-24,Corrode,1,Team Heretics,Gentle Mates,14,12,Boo,1144,omen,0.9,143.0,13.0,15.0,7.0,62.0,103.0,58.0,0.0,3.0,3,True
511552,226451,2498,VCT 2025: EMEA Stage 2,Group Stage: Week 2,2025-07-24,Corrode,1,Team Heretics,Gentle Mates,14,12,benjyfishy,29873,viper,0.3,41.0,4.0,19.0,2.0,50.0,37.0,27.0,0.0,3.0,3,True
511552,226452,2498,VCT 2025: EMEA Stage 2,Group Stage: Week 2,2025-07-24,Ascent,2,Gentle Mates,Team Heretics,14,12,Veqaj,12928,sova,1.45,274.0,27.0,15.0,6.0,73.0,175.0,31.0,5.0,1.0,3,True
511552,226452,2498,VCT 2025: EMEA Stage 2,Group Stage: Week 2,2025-07-24,Ascent,2,Gentle Mates,Team Heretics,14,12,Minny,23169,killjoy,1.12,195.0,20.0,16.0,2.0,69.0,135.0,33.0,2.0,3.0,3,True
511552,226452,2498,VCT 2025: EMEA Stage 2,Group Stage: Week 2,2025-07-24,Ascent,2,Gentle Mates,Team Heretics,14,12,ComeBack,40591,jett,1.1,204.0,17.0,18.0,5.0,73.0,139.0,40.0,2.0,2.0,3,True
511552,226452,2498,VCT 2025: EMEA Stage 2,Group Stage: Week 2,2025-07-24,Ascent,2,Gentle Mates,Team Heretics,14,12,kamyk,1475,kayo,1.07,212.0,18.0,19.0,22.0,92.0,130.0,29.0,3.0,5.0,3,True
511552,226452,2498,VCT 2025: EMEA Stage 2,Group Stage: Week 2,2025-07-24,Ascent,2,Gentle Mates,Team Heretics,14,12,Proxh,45494,omen,0.75,133.0,12.0,16.0,10.0,73.0,94.0,14.0,0.0,3.0,3,True
511552,226452,2498,VCT 2025: EMEA Stage 2,Group Stage: Week 2,2025-07-24,Ascent,2,Team Heretics,Gentle Mates,12,14,Wo0t,21328,jett,1.32,276.0,23.0,17.0,6.0,73.0,186.0,33.0,6.0,3.0,3,True
511552,226452,2498,VCT 2025: EMEA Stage 2,Group Stage: Week 2,2025-07-24,Ascent,2,Team Heretics,Gentle Mates,12,14,RieNs,10971,sova,1.19,240.0,23.0,18.0,3.0,77.0,161.0,48.0,4.0,0.0,3,True
511552,226452,2498,VCT 2025: EMEA Stage 2,Group Stage: Week 2,2025-07-24,Ascent,2,Team Heretics,Gentle Mates,12,14,MiniBoo,18350,yoru,0.77,179.0,16.0,21.0,5.0,69.0,114.0,25.0,2.0,3.0,3,True
511552,226452,2498,VCT 2025: EMEA Stage 2,Group Stage: Week 2,2025-07-24,Ascent,2,Team Heretics,Gentle Mates,12,14,Boo,1144,omen,0.64,99.0,8.0,18.0,11.0,58.0,64.0,27.0,1.0,1.0,3,True
511552,226452,2498,VCT 2025: EMEA Stage 2,Group Stage: Week 2,2025-07-24,Ascent,2,Team Heretics,Gentle Mates,12,14,benjyfishy,29873,cypher,0.57,148.0,14.0,20.0,3.0,58.0,89.0,29.0,1.0,5.0,3,True
511552,226453,2498,VCT 2025: EMEA Stage 2,Group Stage: Week 2,2025-07-24,Bind,3,Gentle Mates,Team Heretics,5,13,Minny,23169,viper,1.28,250.0,15.0,15.0,9.0,67.0,163.0,33.0,0.0,2.0,3,True
511552,226453,2498,VCT 2025: EMEA Stage 2,Group Stage: Week 2,2025-07-24,Bind,3,Gentle Mates,Team Heretics,5,13,Proxh,45494,astra,1.03,193.0,13.0,14.0,6.0,72.0,119.0,25.0,0.0,3.0,3,True
511552,226453,2498,VCT 2025: EMEA Stage 2,Group Stage: Week 2,2025-07-24,Bind,3,Gentle Mates,Team Heretics,5,13,ComeBack,40591,waylay,0.94,221.0,14.0,16.0,1.0,78.0,146.0,45.0,4.0,2.0,3,True
511552,226453,2498,VCT 2025: EMEA Stage 2,Group Stage: Week 2,2025-07-24,Bind,3,Gentle Mates,Team Heretics,5,13,Veqaj,12928,fade,0.49,128.0,8.0,16.0,9.0,56.0,74.0,15.0,0.0,3.0,3,True
511552,226453,2498,VCT 2025: EMEA Stage 2,Group Stage: Week 2,2025-07-24,Bind,3,Gentle Mates,Team Heretics,5,13,kamyk,1475,gekko,0.37,117.0,6.0,17.0,6.0,67.0,79.0,11.0,1.0,3.0,3,True
511552,226453,2498,VCT 2025: EMEA Stage 2,Group Stage: Week 2,2025-07-24,Bind,3,Team Heretics,Gentle Mates,13,5,Wo0t,21328,fade,1.6,266.0,18.0,9.0,7.0,89.0,161.0,19.0,4.0,0.0,3,True
511552,226453,2498,VCT 2025: EMEA Stage 2,Group Stage: Week 2,2025-07-24,Bind,3,Team Heretics,Gentle Mates,13,5,benjyfishy,29873,viper,1.38,325.0,21.0,14.0,6.0,72.0,223.0,37.0,3.0,0.0,3,True
511552,226453,2498,VCT 2025: EMEA Stage 2,Group Stage: Week 2,2025-07-24,Bind,3,Team Heretics,Gentle Mates,13,5,MiniBoo,18350,raze,1.23,276.0,19.0,13.0,3.0,67.0,177.0,29.0,5.0,5.0,3,True
511552,226453,2498,VCT 2025: EMEA Stage 2,Group Stage: Week 2,2025-07-24,Bind,3,Team Heretics,Gentle Mates,13,5,RieNs,10971,gekko,1.09,189.0,12.0,11.0,11.0,83.0,138.0,26.0,0.0,0.0,3,True
511552,226453,2498,VCT 2025: EMEA Stage 2,Group Stage: Week 2,2025-07-24,Bind,3,Team Heretics,Gentle Mates,13,5,Boo,1144,brimstone,0.88,121.0,8.0,9.0,10.0,78.0,79.0,23.0,1.0,0.0,3,True
511553,226454,2498,VCT 2025: EMEA Stage 2,Group Stage: Week 2,2025-07-25,Haven,1,FUT Esports,Team Vitality,2,13,yetujey,8369,cypher,1.01,213.0,12.0,13.0,0.0,67.0,138.0,48.0,1.0,1.0,3,True
511553,226454,2498,VCT 2025: EMEA Stage 2,Group Stage: Week 2,2025-07-25,Haven,1,FUT Esports,Team Vitality,2,13,cNed,573,omen,0.87,234.0,12.0,14.0,2.0,47.0,141.0,41.0,1.0,2.0,3,True
511553,226454,2498,VCT 2025: EMEA Stage 2,Group Stage: Week 2,2025-07-25,Haven,1,FUT Esports,Team Vitality,2,13,xeus,12793,neon,0.73,168.0,8.0,14.0,3.0,73.0,105.0,41.0,1.0,7.0,3,True
511553,226454,2498,VCT 2025: EMEA Stage 2,Group Stage: Week 2,2025-07-25,Haven,1,FUT Esports,Team Vitality,2,13,qRaxs,1139,breach,0.49,144.0,7.0,14.0,4.0,67.0,80.0,50.0,0.0,1.0,3,True
511553,226454,2498,VCT 2025: EMEA Stage 2,Group Stage: Week 2,2025-07-25,Haven,1,FUT Esports,Team Vitality,2,13,MrFaliN,8044,sova,0.03,27.0,0.0,14.0,3.0,33.0,27.0,0.0,0.0,1.0,3,True
511553,226454,2498,VCT 2025: EMEA Stage 2,Group Stage: Week 2,2025-07-25,Haven,1,Team Vitality,FUT Esports,13,2,UNFAKE,4521,sova,1.67,233.0,14.0,5.0,10.0,93.0,161.0,35.0,2.0,0.0,3,True
511553,226454,2498,VCT 2025: EMEA Stage 2,Group Stage: Week 2,2025-07-25,Haven,1,Team Vitality,FUT Esports,13,2,Derke,5022,yoru,1.48,369.0,18.0,11.0,7.0,87.0,216.0,24.0,4.0,2.0,3,True
511553,226454,2498,VCT 2025: EMEA Stage 2,Group Stage: Week 2,2025-07-25,Haven,1,Team Vitality,FUT Esports,13,2,KovaQ,7987,iso,1.43,320.0,19.0,10.0,2.0,87.0,204.0,40.0,5.0,1.0,3,True
511553,226454,2498,VCT 2025: EMEA Stage 2,Group Stage: Week 2,2025-07-25,Haven,1,Team Vitality,FUT Esports,13,2,Less,8447,cypher,1.12,166.0,10.0,7.0,4.0,87.0,107.0,38.0,0.0,0.0,3,True
511553,226454,2498,VCT 2025: EMEA Stage 2,Group Stage: Week 2,2025-07-25,Haven,1,Team Vitality,FUT Esports,13,2,Kicks,11134,omen,1.1,134.0,8.0,6.0,5.0,93.0,92.0,36.0,1.0,0.0,3,True
511553,226455,2498,VCT 2025: EMEA Stage 2,Group Stage: Week 2,2025-07-25,Lotus,2,FUT Esports,Team Vitality,5,13,MrFaliN,8044,omen,1.09,209.0,12.0,13.0,11.0,67.0,133.0,14.0,1.0,1.0,3,True
511553,226455,2498,VCT 2025: EMEA Stage 2,Group Stage: Week 2,2025-07-25,Lotus,2,FUT Esports,Team Vitality,5,13,xeus,12793,raze,0.99,217.0,14.0,16.0,3.0,61.0,149.0,31.0,0.0,2.0,3,True
511553,226455,2498,VCT 2025: EMEA Stage 2,Group Stage: Week 2,2025-07-25,Lotus,2,FUT Esports,Team Vitality,5,13,cNed,573,yoru,0.81,217.0,14.0,16.0,3.0,61.0,127.0,37.0,2.0,5.0,3,True
511553,226455,2498,VCT 2025: EMEA Stage 2,Group Stage: Week 2,2025-07-25,Lotus,2,FUT Esports,Team Vitality,5,13,qRaxs,1139,fade,0.67,154.0,9.0,15.0,7.0,50.0,109.0,29.0,0.0,2.0,3,True
511553,226455,2498,VCT 2025: EMEA Stage 2,Group Stage: Week 2,2025-07-25,Lotus,2,FUT Esports,Team Vitality,5,13,yetujey,8369,cypher,0.38,103.0,5.0,15.0,3.0,61.0,74.0,23.0,0.0,5.0,3,True
511553,226455,2498,VCT 2025: EMEA Stage 2,Group Stage: Week 2,2025-07-25,Lotus,2,Team Vitality,FUT Esports,13,5,KovaQ,7987,vyse,1.36,313.0,22.0,14.0,5.0,89.0,183.0,45.0,4.0,1.0,3,True
511553,226455,2498,VCT 2025: EMEA Stage 2,Group Stage: Week 2,2025-07-25,Lotus,2,Team Vitality,FUT Esports,13,5,UNFAKE,4521,fade,1.35,204.0,15.0,8.0,3.0,78.0,138.0,45.0,1.0,0.0,3,True
511553,226455,2498,VCT 2025: EMEA Stage 2,Group Stage: Week 2,2025-07-25,Lotus,2,Team Vitality,FUT Esports,13,5,Derke,5022,raze,1.19,261.0,17.0,12.0,4.0,100.0,182.0,24.0,7.0,2.0,3,True
511553,226455,2498,VCT 2025: EMEA Stage 2,Group Stage: Week 2,2025-07-25,Lotus,2,Team Vitality,FUT Esports,13,5,Kicks,11134,omen,1.17,165.0,9.0,9.0,13.0,83.0,114.0,41.0,0.0,0.0,3,True
511553,226455,2498,VCT 2025: EMEA Stage 2,Group Stage: Week 2,2025-07-25,Lotus,2,Team Vitality,FUT Esports,13,5,Less,8447,viper,1.16,192.0,12.0,11.0,5.0,83.0,138.0,30.0,3.0,0.0,3,True
511554,226457,2498,VCT 2025: EMEA Stage 2,Group Stage: Week 2,2025-07-25,Ascent,1,Movistar KOI (KOI),FNATIC,7,13,nataNk,5004,sova,1.3,244.0,18.0,15.0,4.0,75.0,155.0,26.0,1.0,2.0,3,True
511554,226457,2498,VCT 2025: EMEA Stage 2,Group Stage: Week 2,2025-07-25,Ascent,1,Movistar KOI (KOI),FNATIC,7,13,Filu,4544,waylay,0.87,219.0,13.0,17.0,7.0,65.0,158.0,42.0,1.0,3.0,3,True
511554,226457,2498,VCT 2025: EMEA Stage 2,Group Stage: Week 2,2025-07-25,Ascent,1,Movistar KOI (KOI),FNATIC,7,13,baddyG,2190,omen,0.83,172.0,12.0,18.0,3.0,60.0,97.0,21.0,0.0,2.0,3,True
511554,226457,2498,VCT 2025: EMEA Stage 2,Group Stage: Week 2,2025-07-25,Ascent,1,Movistar KOI (KOI),FNATIC,7,13,flyuh,3685,kayo,0.49,121.0,7.0,18.0,7.0,50.0,75.0,21.0,0.0,3.0,3,True
511554,226457,2498,VCT 2025: EMEA Stage 2,Group Stage: Week 2,2025-07-25,Ascent,1,Movistar KOI (KOI),FNATIC,7,13,MONSTEERR,3127,killjoy,0.46,126.0,8.0,17.0,1.0,40.0,83.0,23.0,3.0,5.0,3,True
511554,226457,2498,VCT 2025: EMEA Stage 2,Group Stage: Week 2,2025-07-25,Ascent,1,FNATIC,Movistar KOI (KOI),13,7,crashies,4,sova,1.51,265.0,20.0,10.0,3.0,80.0,200.0,39.0,1.0,0.0,3,True
511554,226457,2498,VCT 2025: EMEA Stage 2,Group Stage: Week 2,2025-07-25,Ascent,1,FNATIC,Movistar KOI (KOI),13,7,Alfajer,9810,chamber,1.3,310.0,23.0,12.0,1.0,70.0,203.0,46.0,8.0,3.0,3,True
511554,226457,2498,VCT 2025: EMEA Stage 2,Group Stage: Week 2,2025-07-25,Ascent,1,FNATIC,Movistar KOI (KOI),13,7,Boaster,438,omen,1.17,208.0,14.0,11.0,9.0,80.0,125.0,41.0,1.0,0.0,3,True
511554,226457,2498,VCT 2025: EMEA Stage 2,Group Stage: Week 2,2025-07-25,Ascent,1,FNATIC,Movistar KOI (KOI),13,7,kaajak,9554,yoru,1.11,200.0,16.0,12.0,4.0,70.0,137.0,50.0,3.0,1.0,3,True
511554,226457,2498,VCT 2025: EMEA Stage 2,Group Stage: Week 2,2025-07-25,Ascent,1,FNATIC,Movistar KOI (KOI),13,7,Chronicle,458,vyse,0.87,163.0,12.0,13.0,6.0,75.0,127.0,44.0,2.0,1.0,3,True
511554,226458,2498,VCT 2025: EMEA Stage 2,Group Stage: Week 2,2025-07-25,Haven,2,Movistar KOI (KOI),FNATIC,11,13,flyuh,3685,sova,1.11,189.0,17.0,15.0,4.0,58.0,145.0,36.0,1.0,3.0,3,True
511554,226458,2498,VCT 2025: EMEA Stage 2,Group Stage: Week 2,2025-07-25,Haven,2,Movistar KOI (KOI),FNATIC,11,13,baddyG,2190,omen,0.99,209.0,17.0,18.0,11.0,88.0,136.0,28.0,2.0,1.0,3,True
511554,226458,2498,VCT 2025: EMEA Stage 2,Group Stage: Week 2,2025-07-25,Haven,2,Movistar KOI (KOI),FNATIC,11,13,Filu,4544,yoru,0.86,178.0,15.0,17.0,7.0,71.0,104.0,31.0,4.0,3.0,3,True
511554,226458,2498,VCT 2025: EMEA Stage 2,Group Stage: Week 2,2025-07-25,Haven,2,Movistar KOI (KOI),FNATIC,11,13,nataNk,5004,iso,0.78,194.0,15.0,18.0,7.0,42.0,127.0,29.0,1.0,7.0,3,True
511554,226458,2498,VCT 2025: EMEA Stage 2,Group Stage: Week 2,2025-07-25,Haven,2,Movistar KOI (KOI),FNATIC,11,13,MONSTEERR,3127,cypher,0.7,149.0,16.0,19.0,2.0,67.0,96.0,31.0,2.0,0.0,3,True
511554,226458,2498,VCT 2025: EMEA Stage 2,Group Stage: Week 2,2025-07-25,Haven,2,FNATIC,Movistar KOI (KOI),13,11,Boaster,438,omen,1.27,196.0,19.0,13.0,10.0,75.0,133.0,36.0,1.0,1.0,3,True
511554,226458,2498,VCT 2025: EMEA Stage 2,Group Stage: Week 2,2025-07-25,Haven,2,FNATIC,Movistar KOI (KOI),13,11,Alfajer,9810,iso,1.22,282.0,25.0,19.0,4.0,75.0,179.0,48.0,7.0,2.0,3,True
511554,226458,2498,VCT 2025: EMEA Stage 2,Group Stage: Week 2,2025-07-25,Haven,2,FNATIC,Movistar KOI (KOI),13,11,crashies,4,sova,1.08,211.0,16.0,16.0,8.0,79.0,159.0,35.0,2.0,3.0,3,True
511554,226458,2498,VCT 2025: EMEA Stage 2,Group Stage: Week 2,2025-07-25,Haven,2,FNATIC,Movistar KOI (KOI),13,11,kaajak,9554,yoru,1.07,182.0,17.0,16.0,3.0,75.0,134.0,35.0,2.0,2.0,3,True
511554,226458,2498,VCT 2025: EMEA Stage 2,Group Stage: Week 2,2025-07-25,Haven,2,FNATIC,Movistar KOI (KOI),13,11,Chronicle,458,cypher,0.78,139.0,10.0,16.0,7.0,79.0,98.0,23.0,2.0,2.0,3,True
511562,226460,2498,VCT 2025: EMEA Stage 2,Group Stage: Week 3,2025-07-30,Sunset,1,FUT Esports,GIANTX,11,13,yetujey,8369,cypher,1.28,243.0,22.0,14.0,5.0,75.0,158.0,25.0,4.0,3.0,3,True
511562,226460,2498,VCT 2025: EMEA Stage 2,Group Stage: Week 3,2025-07-30,Sunset,1,FUT Esports,GIANTX,11,13,qRaxs,1139,kayo,0.94,203.0,17.0,18.0,9.0,79.0,124.0,26.0,2.0,4.0,3,True
511562,226460,2498,VCT 2025: EMEA Stage 2,Group Stage: Week 3,2025-07-30,Sunset,1,FUT Esports,GIANTX,11,13,xeus,12793,raze,0.94,233.0,19.0,19.0,7.0,58.0,145.0,20.0,2.0,4.0,3,True
511562,226460,2498,VCT 2025: EMEA Stage 2,Group Stage: Week 3,2025-07-30,Sunset,1,FUT Esports,GIANTX,11,13,cNed,573,omen,0.74,147.0,13.0,19.0,7.0,75.0,85.0,31.0,2.0,0.0,3,True
511562,226460,2498,VCT 2025: EMEA Stage 2,Group Stage: Week 3,2025-07-30,Sunset,1,FUT Esports,GIANTX,11,13,MrFaliN,8044,fade,0.68,139.0,12.0,18.0,6.0,63.0,91.0,18.0,0.0,3.0,3,True
511562,226460,2498,VCT 2025: EMEA Stage 2,Group Stage: Week 3,2025-07-30,Sunset,1,GIANTX,FUT Esports,13,11,grubinho,5550,omen,1.59,308.0,26.0,15.0,11.0,88.0,207.0,33.0,4.0,2.0,3,True
511562,226460,2498,VCT 2025: EMEA Stage 2,Group Stage: Week 3,2025-07-30,Sunset,1,GIANTX,FUT Esports,13,11,Cloud,4181,sova,1.31,245.0,21.0,17.0,6.0,79.0,178.0,39.0,3.0,0.0,3,True
511562,226460,2498,VCT 2025: EMEA Stage 2,Group Stage: Week 3,2025-07-30,Sunset,1,GIANTX,FUT Esports,13,11,westside,34684,cypher,1.19,240.0,19.0,17.0,7.0,83.0,169.0,38.0,2.0,0.0,3,True
511562,226460,2498,VCT 2025: EMEA Stage 2,Group Stage: Week 3,2025-07-30,Sunset,1,GIANTX,FUT Esports,13,11,Flickless,6959,breach,0.72,126.0,9.0,17.0,7.0,75.0,87.0,20.0,2.0,3.0,3,True
511562,226460,2498,VCT 2025: EMEA Stage 2,Group Stage: Week 3,2025-07-30,Sunset,1,GIANTX,FUT Esports,13,11,ara,11332,neon,0.66,131.0,13.0,17.0,1.0,63.0,77.0,33.0,3.0,5.0,3,True
511562,226461,2498,VCT 2025: EMEA Stage 2,Group Stage: Week 3,2025-07-30,Haven,2,FUT Esports,GIANTX,13,6,qRaxs,1139,breach,1.82,281.0,21.0,10.0,5.0,79.0,169.0,47.0,3.0,0.0,3,True
511562,226461,2498,VCT 2025: EMEA Stage 2,Group Stage: Week 3,2025-07-30,Haven,2,FUT Esports,GIANTX,13,6,MrFaliN,8044,sova,1.66,240.0,16.0,8.0,6.0,68.0,176.0,28.0,0.0,1.0,3,True
511562,226461,2498,VCT 2025: EMEA Stage 2,Group Stage: Week 3,2025-07-30,Haven,2,FUT Esports,GIANTX,13,6,cNed,573,omen,1.21,262.0,19.0,12.0,5.0,68.0,169.0,37.0,3.0,2.0,3,True
511562,226461,2498,VCT 2025: EMEA Stage 2,Group Stage: Week 3,2025-07-30,Haven,2,FUT Esports,GIANTX,13,6,yetujey,8369,cypher,0.65,164.0,10.0,14.0,4.0,68.0,118.0,23.0,1.0,4.0,3,True
511562,226461,2498,VCT 2025: EMEA Stage 2,Group Stage: Week 3,2025-07-30,Haven,2,FUT Esports,GIANTX,13,6,xeus,12793,neon,0.53,148.0,10.0,15.0,4.0,63.0,105.0,57.0,1.0,4.0,3,True
511562,226461,2498,VCT 2025: EMEA Stage 2,Group Stage: Week 3,2025-07-30,Haven,2,GIANTX,FUT Esports,6,13,grubinho,5550,omen,1.25,250.0,16.0,15.0,8.0,68.0,155.0,31.0,4.0,2.0,3,True
511562,226461,2498,VCT 2025: EMEA Stage 2,Group Stage: Week 3,2025-07-30,Haven,2,GIANTX,FUT Esports,6,13,westside,34684,cypher,0.8,177.0,12.0,15.0,2.0,68.0,114.0,61.0,4.0,1.0,3,True
511562,226461,2498,VCT 2025: EMEA Stage 2,Group Stage: Week 3,2025-07-30,Haven,2,GIANTX,FUT Esports,6,13,Flickless,6959,breach,0.77,160.0,11.0,16.0,6.0,63.0,97.0,19.0,1.0,1.0,3,True
511562,226461,2498,VCT 2025: EMEA Stage 2,Group Stage: Week 3,2025-07-30,Haven,2,GIANTX,FUT Esports,6,13,Cloud,4181,sova,0.75,177.0,12.0,14.0,3.0,63.0,124.0,34.0,1.0,2.0,3,True
511562,226461,2498,VCT 2025: EMEA Stage 2,Group Stage: Week 3,2025-07-30,Haven,2,GIANTX,FUT Esports,6,13,ara,11332,neon,0.43,115.0,8.0,16.0,0.0,53.0,74.0,39.0,1.0,2.0,3,True
511562,226462,2498,VCT 2025: EMEA Stage 2,Group Stage: Week 3,2025-07-30,Bind,3,FUT Esports,GIANTX,13,5,xeus,12793,raze,1.59,315.0,20.0,11.0,4.0,78.0,190.0,23.0,6.0,1.0,3,True
511562,226462,2498,VCT 2025: EMEA Stage 2,Group Stage: Week 3,2025-07-30,Bind,3,FUT Esports,GIANTX,13,5,cNed,573,omen,1.52,222.0,16.0,9.0,6.0,83.0,156.0,30.0,3.0,1.0,3,True
511562,226462,2498,VCT 2025: EMEA Stage 2,Group Stage: Week 3,2025-07-30,Bind,3,FUT Esports,GIANTX,13,5,yetujey,8369,viper,1.14,210.0,15.0,10.0,6.0,78.0,137.0,20.0,3.0,0.0,3,True
511562,226462,2498,VCT 2025: EMEA Stage 2,Group Stage: Week 3,2025-07-30,Bind,3,FUT Esports,GIANTX,13,5,qRaxs,1139,kayo,1.13,227.0,13.0,13.0,16.0,78.0,147.0,33.0,2.0,0.0,3,True
511562,226462,2498,VCT 2025: EMEA Stage 2,Group Stage: Week 3,2025-07-30,Bind,3,FUT Esports,GIANTX,13,5,MrFaliN,8044,fade,0.95,166.0,10.0,12.0,15.0,83.0,94.0,21.0,1.0,1.0,3,True
511562,226462,2498,VCT 2025: EMEA Stage 2,Group Stage: Week 3,2025-07-30,Bind,3,GIANTX,FUT Esports,5,13,Flickless,6959,viper,1.43,266.0,18.0,11.0,2.0,56.0,162.0,20.0,0.0,3.0,3,True
511562,226462,2498,VCT 2025: EMEA Stage 2,Group Stage: Week 3,2025-07-30,Bind,3,GIANTX,FUT Esports,5,13,westside,34684,deadlock,0.85,193.0,13.0,15.0,2.0,67.0,107.0,31.0,1.0,4.0,3,True
511562,226462,2498,VCT 2025: EMEA Stage 2,Group Stage: Week 3,2025-07-30,Bind,3,GIANTX,FUT Esports,5,13,grubinho,5550,astra,0.59,146.0,8.0,16.0,9.0,67.0,82.0,21.0,0.0,3.0,3,True
511562,226462,2498,VCT 2025: EMEA Stage 2,Group Stage: Week 3,2025-07-30,Bind,3,GIANTX,FUT Esports,5,13,Cloud,4181,gekko,0.52,153.0,8.0,16.0,5.0,50.0,99.0,31.0,0.0,1.0,3,True
511562,226462,2498,VCT 2025: EMEA Stage 2,Group Stage: Week 3,2025-07-30,Bind,3,GIANTX,FUT Esports,5,13,ara,11332,raze,0.47,146.0,8.0,16.0,4.0,67.0,101.0,23.0,2.0,4.0,3,True
511563,226463,2498,VCT 2025: EMEA Stage 2,Group Stage: Week 3,2025-07-30,Sunset,1,Gentle Mates,BBL Esports,3,13,ComeBack,40591,neon,0.74,162.0,8.0,12.0,3.0,63.0,118.0,40.0,0.0,2.0,3,True
511563,226463,2498,VCT 2025: EMEA Stage 2,Group Stage: Week 3,2025-07-30,Sunset,1,Gentle Mates,BBL Esports,3,13,kamyk,1475,viper,0.72,133.0,7.0,12.0,2.0,63.0,87.0,21.0,1.0,0.0,3,True
511563,226463,2498,VCT 2025: EMEA Stage 2,Group Stage: Week 3,2025-07-30,Sunset,1,Gentle Mates,BBL Esports,3,13,Minny,23169,deadlock,0.58,133.0,7.0,15.0,1.0,38.0,88.0,35.0,0.0,4.0,3,True
511563,226463,2498,VCT 2025: EMEA Stage 2,Group Stage: Week 3,2025-07-30,Sunset,1,Gentle Mates,BBL Esports,3,13,Veqaj,12928,sova,0.48,156.0,8.0,15.0,2.0,63.0,110.0,25.0,1.0,4.0,3,True
511563,226463,2498,VCT 2025: EMEA Stage 2,Group Stage: Week 3,2025-07-30,Sunset,1,Gentle Mates,BBL Esports,3,13,Proxh,45494,omen,0.34,131.0,5.0,16.0,4.0,25.0,88.0,9.0,0.0,4.0,3,True
511563,226463,2498,VCT 2025: EMEA Stage 2,Group Stage: Week 3,2025-07-30,Sunset,1,BBL Esports,Gentle Mates,13,3,Jamppi,9780,sova,1.81,281.0,18.0,5.0,5.0,100.0,192.0,31.0,1.0,0.0,3,True
511563,226463,2498,VCT 2025: EMEA Stage 2,Group Stage: Week 3,2025-07-30,Sunset,1,BBL Esports,Gentle Mates,13,3,MAGNUM,2173,viper,1.74,263.0,15.0,4.0,3.0,100.0,162.0,52.0,3.0,0.0,3,True
511563,226463,2498,VCT 2025: EMEA Stage 2,Group Stage: Week 3,2025-07-30,Sunset,1,BBL Esports,Gentle Mates,13,3,PROFEK,5554,omen,1.19,205.0,11.0,7.0,6.0,81.0,144.0,34.0,2.0,1.0,3,True
511563,226463,2498,VCT 2025: EMEA Stage 2,Group Stage: Week 3,2025-07-30,Sunset,1,BBL Esports,Gentle Mates,13,3,LewN,20144,neon,1.1,220.0,15.0,10.0,1.0,75.0,128.0,42.0,5.0,1.0,3,True
511563,226463,2498,VCT 2025: EMEA Stage 2,Group Stage: Week 3,2025-07-30,Sunset,1,BBL Esports,Gentle Mates,13,3,sociablEE,5568,deadlock,1.09,189.0,11.0,9.0,3.0,88.0,118.0,24.0,3.0,0.0,3,True
511563,226464,2498,VCT 2025: EMEA Stage 2,Group Stage: Week 3,2025-07-30,Lotus,2,Gentle Mates,BBL Esports,12,14,ComeBack,40591,neon,1.49,311.0,29.0,17.0,4.0,65.0,187.0,35.0,8.0,5.0,3,True
511563,226464,2498,VCT 2025: EMEA Stage 2,Group Stage: Week 3,2025-07-30,Lotus,2,Gentle Mates,BBL Esports,12,14,Proxh,45494,omen,0.88,164.0,14.0,19.0,8.0,69.0,119.0,32.0,3.0,1.0,3,True
511563,226464,2498,VCT 2025: EMEA Stage 2,Group Stage: Week 3,2025-07-30,Lotus,2,Gentle Mates,BBL Esports,12,14,Veqaj,12928,sova,0.86,184.0,15.0,20.0,7.0,65.0,131.0,26.0,0.0,2.0,3,True
511563,226464,2498,VCT 2025: EMEA Stage 2,Group Stage: Week 3,2025-07-30,Lotus,2,Gentle Mates,BBL Esports,12,14,kamyk,1475,breach,0.81,122.0,12.0,16.0,7.0,62.0,85.0,31.0,1.0,1.0,3,True
511563,226464,2498,VCT 2025: EMEA Stage 2,Group Stage: Week 3,2025-07-30,Lotus,2,Gentle Mates,BBL Esports,12,14,Minny,23169,viper,0.75,183.0,18.0,21.0,6.0,65.0,125.0,43.0,3.0,2.0,3,True
511563,226464,2498,VCT 2025: EMEA Stage 2,Group Stage: Week 3,2025-07-30,Lotus,2,BBL Esports,Gentle Mates,14,12,PROFEK,5554,omen,1.18,220.0,21.0,17.0,4.0,85.0,135.0,44.0,2.0,1.0,3,True
511563,226464,2498,VCT 2025: EMEA Stage 2,Group Stage: Week 3,2025-07-30,Lotus,2,BBL Esports,Gentle Mates,14,12,Jamppi,9780,fade,1.02,158.0,16.0,16.0,8.0,77.0,100.0,18.0,0.0,4.0,3,True
511563,226464,2498,VCT 2025: EMEA Stage 2,Group Stage: Week 3,2025-07-30,Lotus,2,BBL Esports,Gentle Mates,14,12,MAGNUM,2173,deadlock,0.97,182.0,15.0,17.0,11.0,73.0,115.0,25.0,1.0,2.0,3,True
511563,226464,2498,VCT 2025: EMEA Stage 2,Group Stage: Week 3,2025-07-30,Lotus,2,BBL Esports,Gentle Mates,14,12,sociablEE,5568,chamber,0.94,218.0,20.0,20.0,4.0,65.0,137.0,33.0,2.0,4.0,3,True
511563,226464,2498,VCT 2025: EMEA Stage 2,Group Stage: Week 3,2025-07-30,Lotus,2,BBL Esports,Gentle Mates,14,12,LewN,20144,raze,0.91,229.0,21.0,18.0,1.0,50.0,133.0,29.0,6.0,4.0,3,True
511564,226466,2498,VCT 2025: EMEA Stage 2,Group Stage: Week 3,2025-07-31,Ascent,1,Team Liquid,Apeks,14,12,paTiTek,309,kayo,1.24,225.0,21.0,16.0,12.0,81.0,132.0,25.0,4.0,4.0,3,True
511564,226466,2498,VCT 2025: EMEA Stage 2,Group Stage: Week 3,2025-07-31,Ascent,1,Team Liquid,Apeks,14,12,nAts,457,cypher,1.03,188.0,19.0,16.0,2.0,77.0,125.0,20.0,4.0,0.0,3,True
511564,226466,2498,VCT 2025: EMEA Stage 2,Group Stage: Week 3,2025-07-31,Ascent,1,Team Liquid,Apeks,14,12,keiko,11494,omen,1.0,159.0,15.0,15.0,9.0,73.0,102.0,31.0,0.0,0.0,3,True
511564,226466,2498,VCT 2025: EMEA Stage 2,Group Stage: Week 3,2025-07-31,Ascent,1,Team Liquid,Apeks,14,12,trexx,2168,sova,0.98,186.0,16.0,15.0,7.0,73.0,119.0,8.0,0.0,1.0,3,True
511564,226466,2498,VCT 2025: EMEA Stage 2,Group Stage: Week 3,2025-07-31,Ascent,1,Team Liquid,Apeks,14,12,kamo,14681,jett,0.92,212.0,18.0,19.0,7.0,81.0,140.0,25.0,7.0,6.0,3,True
511564,226466,2498,VCT 2025: EMEA Stage 2,Group Stage: Week 3,2025-07-31,Ascent,1,Apeks,Team Liquid,12,14,OLIZERA,8502,cypher,1.22,246.0,23.0,17.0,4.0,81.0,162.0,27.0,1.0,2.0,3,True
511564,226466,2498,VCT 2025: EMEA Stage 2,Group Stage: Week 3,2025-07-31,Ascent,1,Apeks,Team Liquid,12,14,penny,7716,jett,0.94,199.0,20.0,17.0,2.0,69.0,115.0,32.0,4.0,5.0,3,True
511564,226466,2498,VCT 2025: EMEA Stage 2,Group Stage: Week 3,2025-07-31,Ascent,1,Apeks,Team Liquid,12,14,AvovA,1507,omen,0.9,172.0,16.0,18.0,2.0,69.0,113.0,43.0,2.0,0.0,3,True
511564,226466,2498,VCT 2025: EMEA Stage 2,Group Stage: Week 3,2025-07-31,Ascent,1,Apeks,Team Liquid,12,14,MOLSI,1281,sova,0.78,145.0,11.0,16.0,7.0,73.0,105.0,44.0,1.0,0.0,3,True
511564,226466,2498,VCT 2025: EMEA Stage 2,Group Stage: Week 3,2025-07-31,Ascent,1,Apeks,Team Liquid,12,14,batujnax,18615,yoru,0.57,133.0,11.0,21.0,5.0,69.0,89.0,28.0,3.0,8.0,3,True
511564,226467,2498,VCT 2025: EMEA Stage 2,Group Stage: Week 3,2025-07-31,Corrode,2,Team Liquid,Apeks,11,13,nAts,457,viper,1.27,204.0,18.0,14.0,6.0,67.0,149.0,30.0,2.0,1.0,3,True
511564,226467,2498,VCT 2025: EMEA Stage 2,Group Stage: Week 3,2025-07-31,Corrode,2,Team Liquid,Apeks,11,13,kamo,14681,yoru,1.08,270.0,23.0,19.0,3.0,67.0,156.0,30.0,5.0,4.0,3,True
511564,226467,2498,VCT 2025: EMEA Stage 2,Group Stage: Week 3,2025-07-31,Corrode,2,Team Liquid,Apeks,11,13,trexx,2168,fade,0.95,197.0,15.0,18.0,7.0,63.0,133.0,23.0,2.0,3.0,3,True
511564,226467,2498,VCT 2025: EMEA Stage 2,Group Stage: Week 3,2025-07-31,Corrode,2,Team Liquid,Apeks,11,13,keiko,11494,omen,0.95,166.0,14.0,16.0,8.0,63.0,99.0,43.0,3.0,1.0,3,True
511564,226467,2498,VCT 2025: EMEA Stage 2,Group Stage: Week 3,2025-07-31,Corrode,2,Team Liquid,Apeks,11,13,paTiTek,309,gekko,0.64,156.0,12.0,18.0,6.0,63.0,109.0,32.0,0.0,3.0,3,True
511564,226467,2498,VCT 2025: EMEA Stage 2,Group Stage: Week 3,2025-07-31,Corrode,2,Apeks,Team Liquid,13,11,penny,7716,neon,1.31,251.0,24.0,16.0,2.0,71.0,163.0,34.0,5.0,3.0,3,True
511564,226467,2498,VCT 2025: EMEA Stage 2,Group Stage: Week 3,2025-07-31,Corrode,2,Apeks,Team Liquid,13,11,batujnax,18615,yoru,1.14,258.0,18.0,18.0,12.0,75.0,163.0,19.0,3.0,1.0,3,True
511564,226467,2498,VCT 2025: EMEA Stage 2,Group Stage: Week 3,2025-07-31,Corrode,2,Apeks,Team Liquid,13,11,MOLSI,1281,fade,0.95,195.0,16.0,16.0,10.0,67.0,124.0,38.0,1.0,2.0,3,True
511564,226467,2498,VCT 2025: EMEA Stage 2,Group Stage: Week 3,2025-07-31,Corrode,2,Apeks,Team Liquid,13,11,AvovA,1507,omen,0.92,171.0,14.0,16.0,12.0,71.0,115.0,33.0,1.0,3.0,3,True
511564,226467,2498,VCT 2025: EMEA Stage 2,Group Stage: Week 3,2025-07-31,Corrode,2,Apeks,Team Liquid,13,11,OLIZERA,8502,cypher,0.76,138.0,13.0,16.0,8.0,67.0,74.0,30.0,2.0,3.0,3,True
511564,226468,2498,VCT 2025: EMEA Stage 2,Group Stage: Week 3,2025-07-31,Lotus,3,Team Liquid,Apeks,13,6,trexx,2168,fade,1.66,258.0,18.0,8.0,10.0,89.0,161.0,13.0,1.0,1.0,3,True
511564,226468,2498,VCT 2025: EMEA Stage 2,Group Stage: Week 3,2025-07-31,Lotus,3,Team Liquid,Apeks,13,6,keiko,11494,raze,1.36,275.0,21.0,10.0,1.0,79.0,171.0,24.0,5.0,2.0,3,True
511564,226468,2498,VCT 2025: EMEA Stage 2,Group Stage: Week 3,2025-07-31,Lotus,3,Team Liquid,Apeks,13,6,nAts,457,vyse,1.27,300.0,20.0,13.0,9.0,89.0,188.0,24.0,4.0,0.0,3,True
511564,226468,2498,VCT 2025: EMEA Stage 2,Group Stage: Week 3,2025-07-31,Lotus,3,Team Liquid,Apeks,13,6,paTiTek,309,omen,0.93,141.0,10.0,12.0,12.0,89.0,87.0,26.0,1.0,0.0,3,True
511564,226468,2498,VCT 2025: EMEA Stage 2,Group Stage: Week 3,2025-07-31,Lotus,3,Team Liquid,Apeks,13,6,kamo,14681,yoru,0.89,156.0,9.0,12.0,8.0,74.0,119.0,16.0,2.0,3.0,3,True
511564,226468,2498,VCT 2025: EMEA Stage 2,Group Stage: Week 3,2025-07-31,Lotus,3,Apeks,Team Liquid,6,13,OLIZERA,8502,cypher,0.97,188.0,14.0,14.0,5.0,68.0,125.0,29.0,1.0,3.0,3,True
511564,226468,2498,VCT 2025: EMEA Stage 2,Group Stage: Week 3,2025-07-31,Lotus,3,Apeks,Team Liquid,6,13,MOLSI,1281,kayo,0.92,144.0,9.0,14.0,14.0,58.0,90.0,31.0,1.0,0.0,3,True
511564,226468,2498,VCT 2025: EMEA Stage 2,Group Stage: Week 3,2025-07-31,Lotus,3,Apeks,Team Liquid,6,13,AvovA,1507,omen,0.89,176.0,11.0,17.0,8.0,63.0,119.0,24.0,2.0,0.0,3,True
511564,226468,2498,VCT 2025: EMEA Stage 2,Group Stage: Week 3,2025-07-31,Lotus,3,Apeks,Team Liquid,6,13,batujnax,18615,deadlock,0.84,186.0,12.0,16.0,3.0,74.0,133.0,38.0,1.0,1.0,3,True
511564,226468,2498,VCT 2025: EMEA Stage 2,Group Stage: Week 3,2025-07-31,Lotus,3,Apeks,Team Liquid,6,13,penny,7716,raze,0.53,167.0,9.0,17.0,5.0,53.0,117.0,15.0,1.0,9.0,3,True
511565,226469,2498,VCT 2025: EMEA Stage 2,Group Stage: Week 3,2025-07-31,Lotus,1,Movistar KOI (KOI),Karmine Corp,13,9,MONSTEERR,3127,viper,1.45,216.0,18.0,11.0,3.0,68.0,149.0,19.0,2.0,1.0,3,True
511565,226469,2498,VCT 2025: EMEA Stage 2,Group Stage: Week 3,2025-07-31,Lotus,1,Movistar KOI (KOI),Karmine Corp,13,9,baddyG,2190,omen,1.04,185.0,15.0,14.0,7.0,77.0,100.0,29.0,1.0,0.0,3,True
511565,226469,2498,VCT 2025: EMEA Stage 2,Group Stage: Week 3,2025-07-31,Lotus,1,Movistar KOI (KOI),Karmine Corp,13,9,Filu,4544,neon,0.91,215.0,16.0,15.0,3.0,59.0,132.0,22.0,4.0,7.0,3,True
511565,226469,2498,VCT 2025: EMEA Stage 2,Group Stage: Week 3,2025-07-31,Lotus,1,Movistar KOI (KOI),Karmine Corp,13,9,nataNk,5004,sova,0.89,151.0,13.0,12.0,4.0,73.0,112.0,46.0,1.0,2.0,3,True
511565,226469,2498,VCT 2025: EMEA Stage 2,Group Stage: Week 3,2025-07-31,Lotus,1,Movistar KOI (KOI),Karmine Corp,13,9,flyuh,3685,breach,0.86,145.0,10.0,15.0,7.0,73.0,112.0,27.0,2.0,2.0,3,True
511565,226469,2498,VCT 2025: EMEA Stage 2,Group Stage: Week 3,2025-07-31,Lotus,1,Karmine Corp,Movistar KOI (KOI),9,13,marteen,10307,yoru,1.22,211.0,17.0,14.0,3.0,82.0,142.0,42.0,4.0,2.0,3,True
511565,226469,2498,VCT 2025: EMEA Stage 2,Group Stage: Week 3,2025-07-31,Lotus,1,Karmine Corp,Movistar KOI (KOI),9,13,Avez,5654,raze,1.09,217.0,16.0,14.0,4.0,77.0,151.0,20.0,4.0,2.0,3,True
511565,226469,2498,VCT 2025: EMEA Stage 2,Group Stage: Week 3,2025-07-31,Lotus,1,Karmine Corp,Movistar KOI (KOI),9,13,Elite,16459,cypher,0.9,164.0,13.0,15.0,0.0,64.0,110.0,38.0,1.0,0.0,3,True
511565,226469,2498,VCT 2025: EMEA Stage 2,Group Stage: Week 3,2025-07-31,Lotus,1,Karmine Corp,Movistar KOI (KOI),9,13,SUYGETSU,2858,omen,0.83,147.0,11.0,14.0,9.0,77.0,97.0,40.0,3.0,3.0,3,True
511565,226469,2498,VCT 2025: EMEA Stage 2,Group Stage: Week 3,2025-07-31,Lotus,1,Karmine Corp,Movistar KOI (KOI),9,13,saadhak,727,fade,0.63,132.0,10.0,15.0,5.0,64.0,92.0,38.0,0.0,3.0,3,True
511565,226470,2498,VCT 2025: EMEA Stage 2,Group Stage: Week 3,2025-07-31,Sunset,2,Movistar KOI (KOI),Karmine Corp,2,13,MONSTEERR,3127,vyse,0.93,203.0,9.0,13.0,2.0,53.0,143.0,29.0,0.0,1.0,3,True
511565,226470,2498,VCT 2025: EMEA Stage 2,Group Stage: Week 3,2025-07-31,Sunset,2,Movistar KOI (KOI),Karmine Corp,2,13,flyuh,3685,kayo,0.52,157.0,8.0,14.0,6.0,60.0,93.0,19.0,0.0,3.0,3,True
511565,226470,2498,VCT 2025: EMEA Stage 2,Group Stage: Week 3,2025-07-31,Sunset,2,Movistar KOI (KOI),Karmine Corp,2,13,Filu,4544,neon,0.47,178.0,9.0,15.0,0.0,47.0,107.0,50.0,4.0,4.0,3,True
511565,226470,2498,VCT 2025: EMEA Stage 2,Group Stage: Week 3,2025-07-31,Sunset,2,Movistar KOI (KOI),Karmine Corp,2,13,baddyG,2190,omen,0.46,120.0,5.0,14.0,3.0,47.0,87.0,17.0,0.0,1.0,3,True
511565,226470,2498,VCT 2025: EMEA Stage 2,Group Stage: Week 3,2025-07-31,Sunset,2,Movistar KOI (KOI),Karmine Corp,2,13,nataNk,5004,sova,0.43,120.0,5.0,14.0,2.0,47.0,78.0,26.0,2.0,0.0,3,True
511565,226470,2498,VCT 2025: EMEA Stage 2,Group Stage: Week 3,2025-07-31,Sunset,2,Karmine Corp,Movistar KOI (KOI),13,2,Avez,5654,phoenix,1.76,339.0,18.0,7.0,8.0,93.0,227.0,30.0,4.0,1.0,3,True
511565,226470,2498,VCT 2025: EMEA Stage 2,Group Stage: Week 3,2025-07-31,Sunset,2,Karmine Corp,Movistar KOI (KOI),13,2,SUYGETSU,2858,omen,1.67,219.0,13.0,5.0,8.0,87.0,148.0,50.0,1.0,1.0,3,True
511565,226470,2498,VCT 2025: EMEA Stage 2,Group Stage: Week 3,2025-07-31,Sunset,2,Karmine Corp,Movistar KOI (KOI),13,2,saadhak,727,sova,1.53,225.0,12.0,6.0,7.0,93.0,150.0,33.0,1.0,0.0,3,True
511565,226470,2498,VCT 2025: EMEA Stage 2,Group Stage: Week 3,2025-07-31,Sunset,2,Karmine Corp,Movistar KOI (KOI),13,2,marteen,10307,yoru,1.2,260.0,15.0,9.0,5.0,87.0,161.0,33.0,2.0,3.0,3,True
511565,226470,2498,VCT 2025: EMEA Stage 2,Group Stage: Week 3,2025-07-31,Sunset,2,Karmine Corp,Movistar KOI (KOI),13,2,Elite,16459,cypher,1.17,203.0,12.0,9.0,7.0,93.0,119.0,39.0,1.0,1.0,3,True
511565,226471,2498,VCT 2025: EMEA Stage 2,Group Stage: Week 3,2025-07-31,Haven,3,Movistar KOI (KOI),Karmine Corp,4,13,nataNk,5004,vyse,1.15,225.0,11.0,13.0,9.0,71.0,150.0,26.0,3.0,3.0,3,True
511565,226471,2498,VCT 2025: EMEA Stage 2,Group Stage: Week 3,2025-07-31,Haven,3,Movistar KOI (KOI),Karmine Corp,4,13,Filu,4544,yoru,0.85,219.0,14.0,14.0,1.0,59.0,131.0,21.0,3.0,4.0,3,True
511565,226471,2498,VCT 2025: EMEA Stage 2,Group Stage: Week 3,2025-07-31,Haven,3,Movistar KOI (KOI),Karmine Corp,4,13,MONSTEERR,3127,viper,0.63,149.0,7.0,13.0,5.0,65.0,102.0,19.0,0.0,2.0,3,True
511565,226471,2498,VCT 2025: EMEA Stage 2,Group Stage: Week 3,2025-07-31,Haven,3,Movistar KOI (KOI),Karmine Corp,4,13,flyuh,3685,fade,0.49,116.0,6.0,14.0,2.0,41.0,86.0,28.0,0.0,1.0,3,True
511565,226471,2498,VCT 2025: EMEA Stage 2,Group Stage: Week 3,2025-07-31,Haven,3,Movistar KOI (KOI),Karmine Corp,4,13,baddyG,2190,omen,0.15,79.0,4.0,15.0,4.0,59.0,50.0,29.0,0.0,1.0,3,True
511565,226471,2498,VCT 2025: EMEA Stage 2,Group Stage: Week 3,2025-07-31,Haven,3,Karmine Corp,Movistar KOI (KOI),13,4,Avez,5654,phoenix,1.71,341.0,22.0,8.0,4.0,82.0,216.0,30.0,5.0,3.0,3,True
511565,226471,2498,VCT 2025: EMEA Stage 2,Group Stage: Week 3,2025-07-31,Haven,3,Karmine Corp,Movistar KOI (KOI),13,4,marteen,10307,yoru,1.64,286.0,19.0,9.0,6.0,94.0,185.0,19.0,3.0,1.0,3,True
511565,226471,2498,VCT 2025: EMEA Stage 2,Group Stage: Week 3,2025-07-31,Haven,3,Karmine Corp,Movistar KOI (KOI),13,4,SUYGETSU,2858,omen,1.19,196.0,12.0,10.0,6.0,71.0,131.0,29.0,3.0,2.0,3,True
511565,226471,2498,VCT 2025: EMEA Stage 2,Group Stage: Week 3,2025-07-31,Haven,3,Karmine Corp,Movistar KOI (KOI),13,4,saadhak,727,sova,1.08,141.0,8.0,8.0,9.0,82.0,108.0,24.0,0.0,0.0,3,True
511565,226471,2498,VCT 2025: EMEA Stage 2,Group Stage: Week 3,2025-07-31,Haven,3,Karmine Corp,Movistar KOI (KOI),13,4,Elite,16459,cypher,0.92,117.0,8.0,7.0,3.0,71.0,76.0,25.0,0.0,0.0,3,True
511566,226473,2498,VCT 2025: EMEA Stage 2,Group Stage: Week 3,2025-08-01,Ascent,1,Natus Vincere,FNATIC,13,10,alexiiik,25906,jett,1.32,296.0,25.0,17.0,2.0,74.0,187.0,24.0,6.0,3.0,3,True
511566,226473,2498,VCT 2025: EMEA Stage 2,Group Stage: Week 3,2025-08-01,Ascent,1,Natus Vincere,FNATIC,13,10,hiro,29867,cypher,1.14,201.0,18.0,13.0,3.0,83.0,130.0,41.0,0.0,2.0,3,True
511566,226473,2498,VCT 2025: EMEA Stage 2,Group Stage: Week 3,2025-08-01,Ascent,1,Natus Vincere,FNATIC,13,10,Ruxic,18677,omen,0.97,187.0,16.0,17.0,9.0,78.0,127.0,27.0,6.0,0.0,3,True
511566,226473,2498,VCT 2025: EMEA Stage 2,Group Stage: Week 3,2025-08-01,Ascent,1,Natus Vincere,FNATIC,13,10,ANGE1,109,kayo,0.94,170.0,13.0,16.0,14.0,70.0,112.0,23.0,3.0,1.0,3,True
511566,226473,2498,VCT 2025: EMEA Stage 2,Group Stage: Week 3,2025-08-01,Ascent,1,Natus Vincere,FNATIC,13,10,Shao,384,sova,0.56,90.0,6.0,16.0,7.0,74.0,74.0,37.0,0.0,2.0,3,True
511566,226473,2498,VCT 2025: EMEA Stage 2,Group Stage: Week 3,2025-08-01,Ascent,1,FNATIC,Natus Vincere,10,13,Alfajer,9810,chamber,1.22,221.0,19.0,14.0,4.0,65.0,144.0,32.0,3.0,3.0,3,True
511566,226473,2498,VCT 2025: EMEA Stage 2,Group Stage: Week 3,2025-08-01,Ascent,1,FNATIC,Natus Vincere,10,13,Chronicle,458,vyse,1.15,244.0,20.0,17.0,5.0,70.0,168.0,32.0,1.0,3.0,3,True
511566,226473,2498,VCT 2025: EMEA Stage 2,Group Stage: Week 3,2025-08-01,Ascent,1,FNATIC,Natus Vincere,10,13,crashies,4,sova,1.09,193.0,15.0,14.0,7.0,65.0,148.0,22.0,0.0,0.0,3,True
511566,226473,2498,VCT 2025: EMEA Stage 2,Group Stage: Week 3,2025-08-01,Ascent,1,FNATIC,Natus Vincere,10,13,kaajak,9554,yoru,0.92,195.0,15.0,17.0,7.0,83.0,133.0,38.0,4.0,6.0,3,True
511566,226473,2498,VCT 2025: EMEA Stage 2,Group Stage: Week 3,2025-08-01,Ascent,1,FNATIC,Natus Vincere,10,13,Boaster,438,omen,0.7,108.0,10.0,16.0,4.0,65.0,73.0,40.0,0.0,3.0,3,True
511566,226474,2498,VCT 2025: EMEA Stage 2,Group Stage: Week 3,2025-08-01,Icebox,2,Natus Vincere,FNATIC,11,13,Ruxic,18677,viper,1.59,363.0,31.0,15.0,4.0,79.0,240.0,34.0,3.0,1.0,3,True
511566,226474,2498,VCT 2025: EMEA Stage 2,Group Stage: Week 3,2025-08-01,Icebox,2,Natus Vincere,FNATIC,11,13,hiro,29867,killjoy,1.16,275.0,22.0,17.0,4.0,67.0,183.0,35.0,7.0,2.0,3,True
511566,226474,2498,VCT 2025: EMEA Stage 2,Group Stage: Week 3,2025-08-01,Icebox,2,Natus Vincere,FNATIC,11,13,alexiiik,25906,jett,1.11,234.0,21.0,16.0,2.0,71.0,148.0,24.0,5.0,2.0,3,True
511566,226474,2498,VCT 2025: EMEA Stage 2,Group Stage: Week 3,2025-08-01,Icebox,2,Natus Vincere,FNATIC,11,13,Shao,384,sage,0.63,108.0,9.0,16.0,7.0,71.0,70.0,32.0,0.0,1.0,3,True
511566,226474,2498,VCT 2025: EMEA Stage 2,Group Stage: Week 3,2025-08-01,Icebox,2,Natus Vincere,FNATIC,11,13,ANGE1,109,sova,0.54,103.0,8.0,17.0,6.0,67.0,82.0,26.0,0.0,3.0,3,True
511566,226474,2498,VCT 2025: EMEA Stage 2,Group Stage: Week 3,2025-08-01,Icebox,2,FNATIC,Natus Vincere,13,11,crashies,4,sova,1.24,245.0,20.0,16.0,5.0,75.0,166.0,50.0,2.0,1.0,3,True
511566,226474,2498,VCT 2025: EMEA Stage 2,Group Stage: Week 3,2025-08-01,Icebox,2,FNATIC,Natus Vincere,13,11,Alfajer,9810,killjoy,1.23,305.0,24.0,21.0,5.0,63.0,204.0,22.0,2.0,3.0,3,True
511566,226474,2498,VCT 2025: EMEA Stage 2,Group Stage: Week 3,2025-08-01,Icebox,2,FNATIC,Natus Vincere,13,11,Boaster,438,viper,0.81,144.0,11.0,17.0,8.0,63.0,99.0,15.0,0.0,2.0,3,True
511566,226474,2498,VCT 2025: EMEA Stage 2,Group Stage: Week 3,2025-08-01,Icebox,2,FNATIC,Natus Vincere,13,11,kaajak,9554,jett,0.8,155.0,14.0,16.0,0.0,58.0,108.0,36.0,3.0,6.0,3,True
511566,226474,2498,VCT 2025: EMEA Stage 2,Group Stage: Week 3,2025-08-01,Icebox,2,FNATIC,Natus Vincere,13,11,Chronicle,458,sage,0.72,149.0,12.0,21.0,7.0,50.0,104.0,31.0,2.0,3.0,3,True
511566,230237,2498,VCT 2025: EMEA Stage 2,Group Stage: Week 3,2025-08-01,Bind,3,Natus Vincere,FNATIC,13,15,Ruxic,18677,omen,1.27,257.0,26.0,19.0,6.0,61.0,156.0,26.0,4.0,0.0,3,True
511566,230237,2498,VCT 2025: EMEA Stage 2,Group Stage: Week 3,2025-08-01,Bind,3,Natus Vincere,FNATIC,13,15,alexiiik,25906,raze,1.06,201.0,20.0,19.0,2.0,68.0,131.0,29.0,5.0,4.0,3,True
511566,230237,2498,VCT 2025: EMEA Stage 2,Group Stage: Week 3,2025-08-01,Bind,3,Natus Vincere,FNATIC,13,15,Shao,384,fade,0.95,177.0,17.0,21.0,10.0,54.0,110.0,23.0,4.0,1.0,3,True
511566,230237,2498,VCT 2025: EMEA Stage 2,Group Stage: Week 3,2025-08-01,Bind,3,Natus Vincere,FNATIC,13,15,hiro,29867,viper,0.84,186.0,17.0,21.0,8.0,64.0,128.0,36.0,2.0,6.0,3,True
511566,230237,2498,VCT 2025: EMEA Stage 2,Group Stage: Week 3,2025-08-01,Bind,3,Natus Vincere,FNATIC,13,15,ANGE1,109,kayo,0.79,150.0,14.0,21.0,16.0,75.0,87.0,34.0,1.0,1.0,3,True
511566,230237,2498,VCT 2025: EMEA Stage 2,Group Stage: Week 3,2025-08-01,Bind,3,FNATIC,Natus Vincere,15,13,Alfajer,9810,tejo,1.26,243.0,26.0,18.0,4.0,71.0,177.0,54.0,2.0,1.0,3,True
511566,230237,2498,VCT 2025: EMEA Stage 2,Group Stage: Week 3,2025-08-01,Bind,3,FNATIC,Natus Vincere,15,13,Chronicle,458,viper,1.06,234.0,22.0,20.0,9.0,71.0,153.0,26.0,5.0,5.0,3,True
511566,230237,2498,VCT 2025: EMEA Stage 2,Group Stage: Week 3,2025-08-01,Bind,3,FNATIC,Natus Vincere,15,13,kaajak,9554,raze,1.01,239.0,24.0,22.0,3.0,61.0,141.0,38.0,4.0,7.0,3,True
511566,230237,2498,VCT 2025: EMEA Stage 2,Group Stage: Week 3,2025-08-01,Bind,3,FNATIC,Natus Vincere,15,13,crashies,4,fade,0.96,154.0,15.0,16.0,14.0,79.0,122.0,51.0,0.0,3.0,3,True
511566,230237,2498,VCT 2025: EMEA Stage 2,Group Stage: Week 3,2025-08-01,Bind,3,FNATIC,Natus Vincere,15,13,Boaster,438,astra,0.86,139.0,14.0,18.0,11.0,61.0,101.0,37.0,1.0,0.0,3,True
511567,226475,2498,VCT 2025: EMEA Stage 2,Group Stage: Week 3,2025-08-01,Haven,1,Team Vitality,Team Heretics,11,13,Less,8447,cypher,1.1,200.0,18.0,16.0,4.0,79.0,134.0,26.0,3.0,1.0,3,True
511567,226475,2498,VCT 2025: EMEA Stage 2,Group Stage: Week 3,2025-08-01,Haven,1,Team Vitality,Team Heretics,11,13,UNFAKE,4521,sova,1.03,197.0,18.0,18.0,3.0,75.0,130.0,63.0,5.0,2.0,3,True
511567,226475,2498,VCT 2025: EMEA Stage 2,Group Stage: Week 3,2025-08-01,Haven,1,Team Vitality,Team Heretics,11,13,Derke,5022,yoru,1.0,218.0,19.0,18.0,4.0,54.0,156.0,27.0,3.0,6.0,3,True
511567,226475,2498,VCT 2025: EMEA Stage 2,Group Stage: Week 3,2025-08-01,Haven,1,Team Vitality,Team Heretics,11,13,KovaQ,7987,iso,0.83,187.0,15.0,20.0,5.0,58.0,119.0,28.0,0.0,2.0,3,True
511567,226475,2498,VCT 2025: EMEA Stage 2,Group Stage: Week 3,2025-08-01,Haven,1,Team Vitality,Team Heretics,11,13,Kicks,11134,omen,0.75,166.0,12.0,18.0,9.0,50.0,117.0,23.0,0.0,2.0,3,True
511567,226475,2498,VCT 2025: EMEA Stage 2,Group Stage: Week 3,2025-08-01,Haven,1,Team Heretics,Team Vitality,13,11,RieNs,10971,sova,1.54,298.0,24.0,15.0,10.0,75.0,205.0,33.0,1.0,1.0,3,True
511567,226475,2498,VCT 2025: EMEA Stage 2,Group Stage: Week 3,2025-08-01,Haven,1,Team Heretics,Team Vitality,13,11,MiniBoo,18350,yoru,1.33,281.0,26.0,17.0,3.0,75.0,186.0,43.0,6.0,2.0,3,True
511567,226475,2498,VCT 2025: EMEA Stage 2,Group Stage: Week 3,2025-08-01,Haven,1,Team Heretics,Team Vitality,13,11,Boo,1144,omen,1.08,189.0,16.0,14.0,11.0,75.0,102.0,37.0,4.0,4.0,3,True
511567,226475,2498,VCT 2025: EMEA Stage 2,Group Stage: Week 3,2025-08-01,Haven,1,Team Heretics,Team Vitality,13,11,Wo0t,21328,iso,0.67,171.0,15.0,18.0,4.0,58.0,109.0,45.0,0.0,3.0,3,True
511567,226475,2498,VCT 2025: EMEA Stage 2,Group Stage: Week 3,2025-08-01,Haven,1,Team Heretics,Team Vitality,13,11,benjyfishy,29873,cypher,0.55,127.0,9.0,18.0,6.0,63.0,79.0,52.0,2.0,1.0,3,True
511567,226476,2498,VCT 2025: EMEA Stage 2,Group Stage: Week 3,2025-08-01,Ascent,2,Team Vitality,Team Heretics,9,13,Less,8447,cypher,1.44,269.0,22.0,14.0,7.0,77.0,182.0,30.0,0.0,1.0,3,True
511567,226476,2498,VCT 2025: EMEA Stage 2,Group Stage: Week 3,2025-08-01,Ascent,2,Team Vitality,Team Heretics,9,13,Derke,5022,jett,0.94,224.0,16.0,19.0,2.0,68.0,145.0,30.0,4.0,5.0,3,True
511567,226476,2498,VCT 2025: EMEA Stage 2,Group Stage: Week 3,2025-08-01,Ascent,2,Team Vitality,Team Heretics,9,13,UNFAKE,4521,sova,0.82,204.0,14.0,19.0,9.0,64.0,131.0,41.0,0.0,1.0,3,True
511567,226476,2498,VCT 2025: EMEA Stage 2,Group Stage: Week 3,2025-08-01,Ascent,2,Team Vitality,Team Heretics,9,13,Kicks,11134,omen,0.55,135.0,11.0,19.0,8.0,68.0,79.0,24.0,2.0,2.0,3,True
511567,226476,2498,VCT 2025: EMEA Stage 2,Group Stage: Week 3,2025-08-01,Ascent,2,Team Vitality,Team Heretics,9,13,KovaQ,7987,kayo,0.54,120.0,9.0,17.0,4.0,59.0,89.0,28.0,3.0,4.0,3,True
511567,226476,2498,VCT 2025: EMEA Stage 2,Group Stage: Week 3,2025-08-01,Ascent,2,Team Heretics,Team Vitality,13,9,Wo0t,21328,jett,1.61,302.0,25.0,13.0,7.0,77.0,214.0,49.0,2.0,4.0,3,True
511567,226476,2498,VCT 2025: EMEA Stage 2,Group Stage: Week 3,2025-08-01,Ascent,2,Team Heretics,Team Vitality,13,9,benjyfishy,29873,cypher,1.57,254.0,24.0,13.0,5.0,82.0,169.0,39.0,2.0,0.0,3,True
511567,226476,2498,VCT 2025: EMEA Stage 2,Group Stage: Week 3,2025-08-01,Ascent,2,Team Heretics,Team Vitality,13,9,Boo,1144,omen,0.98,157.0,12.0,13.0,9.0,73.0,102.0,30.0,2.0,1.0,3,True
511567,226476,2498,VCT 2025: EMEA Stage 2,Group Stage: Week 3,2025-08-01,Ascent,2,Team Heretics,Team Vitality,13,9,RieNs,10971,sova,0.94,214.0,15.0,17.0,10.0,82.0,145.0,27.0,4.0,0.0,3,True
511567,226476,2498,VCT 2025: EMEA Stage 2,Group Stage: Week 3,2025-08-01,Ascent,2,Team Heretics,Team Vitality,13,9,MiniBoo,18350,yoru,0.71,179.0,12.0,16.0,9.0,73.0,133.0,18.0,3.0,4.0,3,True
511568,226478,2498,VCT 2025: EMEA Stage 2,Group Stage: Week 4,2025-08-06,Haven,1,FUT Esports,Team Heretics,6,13,cNed,573,omen,1.29,246.0,16.0,14.0,8.0,68.0,179.0,31.0,2.0,0.0,3,True
511568,226478,2498,VCT 2025: EMEA Stage 2,Group Stage: Week 4,2025-08-06,Haven,1,FUT Esports,Team Heretics,6,13,yetujey,8369,cypher,0.96,205.0,13.0,11.0,2.0,79.0,122.0,23.0,2.0,0.0,3,True
511568,226478,2498,VCT 2025: EMEA Stage 2,Group Stage: Week 4,2025-08-06,Haven,1,FUT Esports,Team Heretics,6,13,xeus,12793,neon,0.78,191.0,14.0,14.0,5.0,63.0,115.0,30.0,2.0,5.0,3,True
511568,226478,2498,VCT 2025: EMEA Stage 2,Group Stage: Week 4,2025-08-06,Haven,1,FUT Esports,Team Heretics,6,13,MrFaliN,8044,sova,0.77,213.0,12.0,17.0,9.0,63.0,141.0,17.0,4.0,3.0,3,True
511568,226478,2498,VCT 2025: EMEA Stage 2,Group Stage: Week 4,2025-08-06,Haven,1,FUT Esports,Team Heretics,6,13,qRaxs,1139,breach,0.72,139.0,10.0,16.0,15.0,89.0,78.0,32.0,0.0,1.0,3,True
511568,226478,2498,VCT 2025: EMEA Stage 2,Group Stage: Week 4,2025-08-06,Haven,1,Team Heretics,FUT Esports,13,6,RieNs,10971,sova,1.35,258.0,18.0,12.0,3.0,79.0,189.0,38.0,0.0,0.0,3,True
511568,226478,2498,VCT 2025: EMEA Stage 2,Group Stage: Week 4,2025-08-06,Haven,1,Team Heretics,FUT Esports,13,6,Wo0t,21328,iso,1.28,247.0,17.0,13.0,4.0,79.0,143.0,57.0,3.0,2.0,3,True
511568,226478,2498,VCT 2025: EMEA Stage 2,Group Stage: Week 4,2025-08-06,Haven,1,Team Heretics,FUT Esports,13,6,benjyfishy,29873,cypher,1.07,209.0,15.0,12.0,3.0,74.0,137.0,29.0,1.0,3.0,3,True
511568,226478,2498,VCT 2025: EMEA Stage 2,Group Stage: Week 4,2025-08-06,Haven,1,Team Heretics,FUT Esports,13,6,Boo,1144,omen,0.94,164.0,11.0,14.0,7.0,58.0,110.0,50.0,2.0,1.0,3,True
511568,226478,2498,VCT 2025: EMEA Stage 2,Group Stage: Week 4,2025-08-06,Haven,1,Team Heretics,FUT Esports,13,6,MiniBoo,18350,yoru,0.64,159.0,11.0,14.0,1.0,63.0,95.0,63.0,3.0,4.0,3,True
511568,226479,2498,VCT 2025: EMEA Stage 2,Group Stage: Week 4,2025-08-06,Bind,2,FUT Esports,Team Heretics,7,13,xeus,12793,raze,1.56,355.0,24.0,15.0,3.0,85.0,214.0,35.0,8.0,3.0,3,True
511568,226479,2498,VCT 2025: EMEA Stage 2,Group Stage: Week 4,2025-08-06,Bind,2,FUT Esports,Team Heretics,7,13,yetujey,8369,viper,1.04,203.0,14.0,14.0,5.0,65.0,141.0,26.0,2.0,2.0,3,True
511568,226479,2498,VCT 2025: EMEA Stage 2,Group Stage: Week 4,2025-08-06,Bind,2,FUT Esports,Team Heretics,7,13,cNed,573,omen,0.87,153.0,10.0,15.0,10.0,75.0,114.0,50.0,1.0,2.0,3,True
511568,226479,2498,VCT 2025: EMEA Stage 2,Group Stage: Week 4,2025-08-06,Bind,2,FUT Esports,Team Heretics,7,13,qRaxs,1139,kayo,0.55,111.0,6.0,17.0,15.0,60.0,68.0,42.0,0.0,0.0,3,True
511568,226479,2498,VCT 2025: EMEA Stage 2,Group Stage: Week 4,2025-08-06,Bind,2,FUT Esports,Team Heretics,7,13,MrFaliN,8044,fade,0.44,92.0,5.0,15.0,4.0,50.0,65.0,21.0,0.0,2.0,3,True
511568,226479,2498,VCT 2025: EMEA Stage 2,Group Stage: Week 4,2025-08-06,Bind,2,Team Heretics,FUT Esports,13,7,benjyfishy,29873,viper,1.49,279.0,20.0,10.0,4.0,80.0,172.0,39.0,1.0,2.0,3,True
511568,226479,2498,VCT 2025: EMEA Stage 2,Group Stage: Week 4,2025-08-06,Bind,2,Team Heretics,FUT Esports,13,7,Boo,1144,brimstone,1.16,197.0,14.0,11.0,7.0,90.0,126.0,26.0,1.0,0.0,3,True
511568,226479,2498,VCT 2025: EMEA Stage 2,Group Stage: Week 4,2025-08-06,Bind,2,Team Heretics,FUT Esports,13,7,RieNs,10971,gekko,1.13,212.0,15.0,13.0,5.0,70.0,130.0,36.0,0.0,2.0,3,True
511568,226479,2498,VCT 2025: EMEA Stage 2,Group Stage: Week 4,2025-08-06,Bind,2,Team Heretics,FUT Esports,13,7,Wo0t,21328,fade,1.08,235.0,16.0,14.0,11.0,80.0,159.0,36.0,4.0,3.0,3,True
511568,226479,2498,VCT 2025: EMEA Stage 2,Group Stage: Week 4,2025-08-06,Bind,2,Team Heretics,FUT Esports,13,7,MiniBoo,18350,raze,0.84,143.0,11.0,11.0,3.0,70.0,101.0,33.0,3.0,4.0,3,True
511569,226481,2498,VCT 2025: EMEA Stage 2,Group Stage: Week 4,2025-08-06,Lotus,1,Movistar KOI (KOI),Apeks,9,13,Filu,4544,neon,1.06,284.0,19.0,18.0,5.0,82.0,189.0,34.0,7.0,3.0,3,True
511569,226481,2498,VCT 2025: EMEA Stage 2,Group Stage: Week 4,2025-08-06,Lotus,1,Movistar KOI (KOI),Apeks,9,13,nataNk,5004,sova,0.89,197.0,14.0,17.0,3.0,59.0,151.0,31.0,5.0,2.0,3,True
511569,226481,2498,VCT 2025: EMEA Stage 2,Group Stage: Week 4,2025-08-06,Lotus,1,Movistar KOI (KOI),Apeks,9,13,MONSTEERR,3127,viper,0.87,163.0,14.0,15.0,3.0,68.0,113.0,29.0,1.0,1.0,3,True
511569,226481,2498,VCT 2025: EMEA Stage 2,Group Stage: Week 4,2025-08-06,Lotus,1,Movistar KOI (KOI),Apeks,9,13,flyuh,3685,breach,0.85,176.0,15.0,16.0,9.0,86.0,107.0,29.0,1.0,0.0,3,True
511569,226481,2498,VCT 2025: EMEA Stage 2,Group Stage: Week 4,2025-08-06,Lotus,1,Movistar KOI (KOI),Apeks,9,13,baddyG,2190,omen,0.83,148.0,12.0,14.0,9.0,73.0,96.0,14.0,0.0,2.0,3,True
511569,226481,2498,VCT 2025: EMEA Stage 2,Group Stage: Week 4,2025-08-06,Lotus,1,Apeks,Movistar KOI (KOI),13,9,penny,7716,raze,1.41,266.0,22.0,13.0,4.0,82.0,160.0,19.0,4.0,3.0,3,True
511569,226481,2498,VCT 2025: EMEA Stage 2,Group Stage: Week 4,2025-08-06,Lotus,1,Apeks,Movistar KOI (KOI),13,9,OLIZERA,8502,vyse,1.25,237.0,20.0,15.0,3.0,68.0,158.0,25.0,0.0,2.0,3,True
511569,226481,2498,VCT 2025: EMEA Stage 2,Group Stage: Week 4,2025-08-06,Lotus,1,Apeks,Movistar KOI (KOI),13,9,AvovA,1507,omen,1.06,189.0,15.0,16.0,10.0,77.0,111.0,23.0,0.0,1.0,3,True
511569,226481,2498,VCT 2025: EMEA Stage 2,Group Stage: Week 4,2025-08-06,Lotus,1,Apeks,Movistar KOI (KOI),13,9,MOLSI,1281,fade,0.96,151.0,11.0,14.0,13.0,86.0,108.0,30.0,1.0,1.0,3,True
511569,226481,2498,VCT 2025: EMEA Stage 2,Group Stage: Week 4,2025-08-06,Lotus,1,Apeks,Movistar KOI (KOI),13,9,batujnax,18615,yoru,0.78,174.0,12.0,16.0,6.0,64.0,108.0,15.0,3.0,7.0,3,True
511569,226482,2498,VCT 2025: EMEA Stage 2,Group Stage: Week 4,2025-08-06,Ascent,2,Movistar KOI (KOI),Apeks,13,4,nataNk,5004,yoru,1.72,317.0,22.0,7.0,3.0,76.0,178.0,24.0,4.0,2.0,3,True
511569,226482,2498,VCT 2025: EMEA Stage 2,Group Stage: Week 4,2025-08-06,Ascent,2,Movistar KOI (KOI),Apeks,13,4,Filu,4544,chamber,1.36,263.0,15.0,9.0,4.0,82.0,168.0,10.0,6.0,0.0,3,True
511569,226482,2498,VCT 2025: EMEA Stage 2,Group Stage: Week 4,2025-08-06,Ascent,2,Movistar KOI (KOI),Apeks,13,4,baddyG,2190,omen,1.26,225.0,14.0,11.0,11.0,82.0,143.0,17.0,2.0,0.0,3,True
511569,226482,2498,VCT 2025: EMEA Stage 2,Group Stage: Week 4,2025-08-06,Ascent,2,Movistar KOI (KOI),Apeks,13,4,flyuh,3685,sova,1.02,205.0,14.0,10.0,4.0,88.0,126.0,10.0,0.0,0.0,3,True
511569,226482,2498,VCT 2025: EMEA Stage 2,Group Stage: Week 4,2025-08-06,Ascent,2,Movistar KOI (KOI),Apeks,13,4,MONSTEERR,3127,vyse,0.98,150.0,10.0,10.0,5.0,82.0,97.0,39.0,1.0,2.0,3,True
511569,226482,2498,VCT 2025: EMEA Stage 2,Group Stage: Week 4,2025-08-06,Ascent,2,Apeks,Movistar KOI (KOI),4,13,MOLSI,1281,sova,1.24,275.0,15.0,16.0,3.0,59.0,189.0,22.0,1.0,0.0,3,True
511569,226482,2498,VCT 2025: EMEA Stage 2,Group Stage: Week 4,2025-08-06,Ascent,2,Apeks,Movistar KOI (KOI),4,13,OLIZERA,8502,cypher,0.81,200.0,11.0,15.0,2.0,59.0,125.0,29.0,1.0,1.0,3,True
511569,226482,2498,VCT 2025: EMEA Stage 2,Group Stage: Week 4,2025-08-06,Ascent,2,Apeks,Movistar KOI (KOI),4,13,batujnax,18615,yoru,0.69,186.0,11.0,15.0,3.0,59.0,117.0,38.0,1.0,5.0,3,True
511569,226482,2498,VCT 2025: EMEA Stage 2,Group Stage: Week 4,2025-08-06,Ascent,2,Apeks,Movistar KOI (KOI),4,13,penny,7716,jett,0.49,130.0,7.0,15.0,3.0,59.0,99.0,22.0,1.0,5.0,3,True
511569,226482,2498,VCT 2025: EMEA Stage 2,Group Stage: Week 4,2025-08-06,Ascent,2,Apeks,Movistar KOI (KOI),4,13,AvovA,1507,omen,0.41,77.0,3.0,14.0,9.0,41.0,59.0,4.0,0.0,2.0,3,True
511569,226483,2498,VCT 2025: EMEA Stage 2,Group Stage: Week 4,2025-08-06,Haven,3,Movistar KOI (KOI),Apeks,13,8,Filu,4544,yoru,1.46,240.0,19.0,13.0,4.0,81.0,158.0,31.0,3.0,1.0,3,True
511569,226483,2498,VCT 2025: EMEA Stage 2,Group Stage: Week 4,2025-08-06,Haven,3,Movistar KOI (KOI),Apeks,13,8,flyuh,3685,sova,1.15,258.0,16.0,14.0,9.0,71.0,170.0,30.0,3.0,2.0,3,True
511569,226483,2498,VCT 2025: EMEA Stage 2,Group Stage: Week 4,2025-08-06,Haven,3,Movistar KOI (KOI),Apeks,13,8,MONSTEERR,3127,cypher,1.02,207.0,17.0,15.0,1.0,67.0,130.0,33.0,1.0,3.0,3,True
511569,226483,2498,VCT 2025: EMEA Stage 2,Group Stage: Week 4,2025-08-06,Haven,3,Movistar KOI (KOI),Apeks,13,8,baddyG,2190,omen,0.92,144.0,11.0,12.0,9.0,71.0,86.0,24.0,0.0,2.0,3,True
511569,226483,2498,VCT 2025: EMEA Stage 2,Group Stage: Week 4,2025-08-06,Haven,3,Movistar KOI (KOI),Apeks,13,8,nataNk,5004,iso,0.73,109.0,9.0,12.0,2.0,57.0,74.0,35.0,2.0,4.0,3,True
511569,226483,2498,VCT 2025: EMEA Stage 2,Group Stage: Week 4,2025-08-06,Haven,3,Apeks,Movistar KOI (KOI),8,13,AvovA,1507,omen,1.17,181.0,14.0,12.0,9.0,81.0,121.0,23.0,0.0,0.0,3,True
511569,226483,2498,VCT 2025: EMEA Stage 2,Group Stage: Week 4,2025-08-06,Haven,3,Apeks,Movistar KOI (KOI),8,13,penny,7716,neon,1.05,224.0,15.0,16.0,7.0,76.0,145.0,22.0,4.0,1.0,3,True
511569,226483,2498,VCT 2025: EMEA Stage 2,Group Stage: Week 4,2025-08-06,Haven,3,Apeks,Movistar KOI (KOI),8,13,OLIZERA,8502,cypher,1.03,196.0,15.0,12.0,3.0,67.0,130.0,24.0,4.0,4.0,3,True
511569,226483,2498,VCT 2025: EMEA Stage 2,Group Stage: Week 4,2025-08-06,Haven,3,Apeks,Movistar KOI (KOI),8,13,MOLSI,1281,sova,0.79,161.0,12.0,15.0,5.0,62.0,117.0,42.0,2.0,1.0,3,True
511569,226483,2498,VCT 2025: EMEA Stage 2,Group Stage: Week 4,2025-08-06,Haven,3,Apeks,Movistar KOI (KOI),8,13,batujnax,18615,yoru,0.7,148.0,10.0,17.0,9.0,67.0,101.0,34.0,2.0,3.0,3,True
511570,226484,2498,VCT 2025: EMEA Stage 2,Group Stage: Week 4,2025-08-07,Corrode,1,Gentle Mates,GIANTX,13,8,ComeBack,40591,neon,1.47,280.0,23.0,10.0,5.0,71.0,166.0,17.0,5.0,2.0,3,True
511570,226484,2498,VCT 2025: EMEA Stage 2,Group Stage: Week 4,2025-08-07,Corrode,1,Gentle Mates,GIANTX,13,8,Veqaj,12928,fade,1.3,249.0,18.0,12.0,9.0,81.0,165.0,44.0,2.0,0.0,3,True
511570,226484,2498,VCT 2025: EMEA Stage 2,Group Stage: Week 4,2025-08-07,Corrode,1,Gentle Mates,GIANTX,13,8,Minny,23169,deadlock,1.07,210.0,16.0,12.0,4.0,71.0,123.0,44.0,2.0,2.0,3,True
511570,226484,2498,VCT 2025: EMEA Stage 2,Group Stage: Week 4,2025-08-07,Corrode,1,Gentle Mates,GIANTX,13,8,kamyk,1475,viper,1.03,158.0,12.0,10.0,6.0,71.0,100.0,50.0,2.0,1.0,3,True
511570,226484,2498,VCT 2025: EMEA Stage 2,Group Stage: Week 4,2025-08-07,Corrode,1,Gentle Mates,GIANTX,13,8,Proxh,45494,omen,0.94,144.0,11.0,11.0,9.0,67.0,105.0,26.0,1.0,4.0,3,True
511570,226484,2498,VCT 2025: EMEA Stage 2,Group Stage: Week 4,2025-08-07,Corrode,1,GIANTX,Gentle Mates,8,13,westside,34684,cypher,1.19,185.0,13.0,14.0,2.0,57.0,126.0,65.0,3.0,0.0,3,True
511570,226484,2498,VCT 2025: EMEA Stage 2,Group Stage: Week 4,2025-08-07,Corrode,1,GIANTX,Gentle Mates,8,13,Flickless,6959,kayo,0.83,161.0,11.0,17.0,12.0,57.0,103.0,20.0,1.0,2.0,3,True
511570,226484,2498,VCT 2025: EMEA Stage 2,Group Stage: Week 4,2025-08-07,Corrode,1,GIANTX,Gentle Mates,8,13,Cloud,4181,fade,0.71,137.0,9.0,16.0,2.0,62.0,104.0,35.0,2.0,2.0,3,True
511570,226484,2498,VCT 2025: EMEA Stage 2,Group Stage: Week 4,2025-08-07,Corrode,1,GIANTX,Gentle Mates,8,13,ara,11332,neon,0.67,151.0,12.0,16.0,4.0,57.0,93.0,36.0,2.0,6.0,3,True
511570,226484,2498,VCT 2025: EMEA Stage 2,Group Stage: Week 4,2025-08-07,Corrode,1,GIANTX,Gentle Mates,8,13,grubinho,5550,omen,0.66,144.0,10.0,17.0,4.0,43.0,88.0,20.0,1.0,2.0,3,True
511570,226485,2498,VCT 2025: EMEA Stage 2,Group Stage: Week 4,2025-08-07,Ascent,2,Gentle Mates,GIANTX,12,14,Veqaj,12928,sova,1.13,203.0,17.0,18.0,11.0,69.0,140.0,28.0,0.0,0.0,3,True
511570,226485,2498,VCT 2025: EMEA Stage 2,Group Stage: Week 4,2025-08-07,Ascent,2,Gentle Mates,GIANTX,12,14,Proxh,45494,omen,1.06,181.0,18.0,16.0,9.0,73.0,111.0,29.0,0.0,1.0,3,True
511570,226485,2498,VCT 2025: EMEA Stage 2,Group Stage: Week 4,2025-08-07,Ascent,2,Gentle Mates,GIANTX,12,14,kamyk,1475,kayo,0.97,258.0,22.0,23.0,14.0,77.0,161.0,37.0,7.0,2.0,3,True
511570,226485,2498,VCT 2025: EMEA Stage 2,Group Stage: Week 4,2025-08-07,Ascent,2,Gentle Mates,GIANTX,12,14,Minny,23169,killjoy,0.93,149.0,13.0,16.0,3.0,69.0,109.0,29.0,2.0,4.0,3,True
511570,226485,2498,VCT 2025: EMEA Stage 2,Group Stage: Week 4,2025-08-07,Ascent,2,Gentle Mates,GIANTX,12,14,ComeBack,40591,jett,0.61,167.0,15.0,21.0,2.0,54.0,103.0,28.0,6.0,4.0,3,True
511570,226485,2498,VCT 2025: EMEA Stage 2,Group Stage: Week 4,2025-08-07,Ascent,2,GIANTX,Gentle Mates,14,12,ara,11332,jett,1.49,260.0,24.0,14.0,4.0,81.0,169.0,27.0,4.0,2.0,3,True
511570,226485,2498,VCT 2025: EMEA Stage 2,Group Stage: Week 4,2025-08-07,Ascent,2,GIANTX,Gentle Mates,14,12,grubinho,5550,omen,1.17,240.0,21.0,18.0,15.0,77.0,160.0,26.0,2.0,2.0,3,True
511570,226485,2498,VCT 2025: EMEA Stage 2,Group Stage: Week 4,2025-08-07,Ascent,2,GIANTX,Gentle Mates,14,12,Flickless,6959,kayo,1.07,228.0,20.0,20.0,17.0,81.0,137.0,27.0,4.0,4.0,3,True
511570,226485,2498,VCT 2025: EMEA Stage 2,Group Stage: Week 4,2025-08-07,Ascent,2,GIANTX,Gentle Mates,14,12,westside,34684,cypher,1.0,173.0,16.0,15.0,5.0,65.0,129.0,44.0,0.0,4.0,3,True
511570,226485,2498,VCT 2025: EMEA Stage 2,Group Stage: Week 4,2025-08-07,Ascent,2,GIANTX,Gentle Mates,14,12,Cloud,4181,sova,0.77,142.0,13.0,18.0,3.0,69.0,94.0,48.0,1.0,3.0,3,True
511570,226486,2498,VCT 2025: EMEA Stage 2,Group Stage: Week 4,2025-08-07,Haven,3,Gentle Mates,GIANTX,4,13,kamyk,1475,viper,1.18,264.0,17.0,14.0,0.0,53.0,171.0,37.0,1.0,3.0,3,True
511570,226486,2498,VCT 2025: EMEA Stage 2,Group Stage: Week 4,2025-08-07,Haven,3,Gentle Mates,GIANTX,4,13,Proxh,45494,omen,0.71,142.0,7.0,14.0,8.0,65.0,87.0,16.0,1.0,0.0,3,True
511570,226486,2498,VCT 2025: EMEA Stage 2,Group Stage: Week 4,2025-08-07,Haven,3,Gentle Mates,GIANTX,4,13,Veqaj,12928,sova,0.67,108.0,7.0,13.0,6.0,65.0,84.0,36.0,1.0,3.0,3,True
511570,226486,2498,VCT 2025: EMEA Stage 2,Group Stage: Week 4,2025-08-07,Haven,3,Gentle Mates,GIANTX,4,13,Minny,23169,killjoy,0.66,135.0,7.0,14.0,1.0,59.0,97.0,48.0,1.0,1.0,3,True
511570,226486,2498,VCT 2025: EMEA Stage 2,Group Stage: Week 4,2025-08-07,Haven,3,Gentle Mates,GIANTX,4,13,ComeBack,40591,neon,0.56,161.0,9.0,15.0,4.0,47.0,109.0,32.0,1.0,5.0,3,True
511570,226486,2498,VCT 2025: EMEA Stage 2,Group Stage: Week 4,2025-08-07,Haven,3,GIANTX,Gentle Mates,13,4,ara,11332,neon,1.75,358.0,22.0,10.0,5.0,88.0,239.0,27.0,5.0,1.0,3,True
511570,226486,2498,VCT 2025: EMEA Stage 2,Group Stage: Week 4,2025-08-07,Haven,3,GIANTX,Gentle Mates,13,4,westside,34684,cypher,1.32,206.0,14.0,7.0,2.0,82.0,125.0,50.0,0.0,1.0,3,True
511570,226486,2498,VCT 2025: EMEA Stage 2,Group Stage: Week 4,2025-08-07,Haven,3,GIANTX,Gentle Mates,13,4,grubinho,5550,omen,1.12,203.0,12.0,10.0,13.0,71.0,133.0,24.0,3.0,0.0,3,True
511570,226486,2498,VCT 2025: EMEA Stage 2,Group Stage: Week 4,2025-08-07,Haven,3,GIANTX,Gentle Mates,13,4,Cloud,4181,sova,1.11,173.0,10.0,9.0,7.0,88.0,127.0,33.0,1.0,3.0,3,True
511570,226486,2498,VCT 2025: EMEA Stage 2,Group Stage: Week 4,2025-08-07,Haven,3,GIANTX,Gentle Mates,13,4,Flickless,6959,breach,1.02,217.0,12.0,11.0,9.0,82.0,125.0,43.0,3.0,0.0,3,True
511571,226487,2498,VCT 2025: EMEA Stage 2,Group Stage: Week 4,2025-08-07,Sunset,1,Natus Vincere,Karmine Corp,14,12,Ruxic,18677,omen,1.34,324.0,31.0,21.0,5.0,77.0,212.0,35.0,5.0,3.0,3,True
511571,226487,2498,VCT 2025: EMEA Stage 2,Group Stage: Week 4,2025-08-07,Sunset,1,Natus Vincere,Karmine Corp,14,12,hiro,29867,cypher,1.31,277.0,24.0,20.0,10.0,77.0,208.0,40.0,2.0,4.0,3,True
511571,226487,2498,VCT 2025: EMEA Stage 2,Group Stage: Week 4,2025-08-07,Sunset,1,Natus Vincere,Karmine Corp,14,12,alexiiik,25906,raze,1.27,256.0,24.0,18.0,5.0,69.0,163.0,23.0,5.0,3.0,3,True
511571,226487,2498,VCT 2025: EMEA Stage 2,Group Stage: Week 4,2025-08-07,Sunset,1,Natus Vincere,Karmine Corp,14,12,Shao,384,fade,0.86,118.0,12.0,17.0,5.0,65.0,83.0,38.0,1.0,1.0,3,True
511571,226487,2498,VCT 2025: EMEA Stage 2,Group Stage: Week 4,2025-08-07,Sunset,1,Natus Vincere,Karmine Corp,14,12,ANGE1,109,breach,0.75,122.0,13.0,16.0,9.0,69.0,75.0,43.0,0.0,2.0,3,True
511571,226487,2498,VCT 2025: EMEA Stage 2,Group Stage: Week 4,2025-08-07,Sunset,1,Karmine Corp,Natus Vincere,12,14,Avez,5654,phoenix,1.07,216.0,20.0,19.0,11.0,69.0,152.0,54.0,2.0,2.0,3,True
511571,226487,2498,VCT 2025: EMEA Stage 2,Group Stage: Week 4,2025-08-07,Sunset,1,Karmine Corp,Natus Vincere,12,14,marteen,10307,yoru,1.01,250.0,24.0,21.0,2.0,77.0,156.0,29.0,5.0,3.0,3,True
511571,226487,2498,VCT 2025: EMEA Stage 2,Group Stage: Week 4,2025-08-07,Sunset,1,Karmine Corp,Natus Vincere,12,14,Elite,16459,cypher,0.82,211.0,18.0,22.0,5.0,58.0,129.0,54.0,4.0,1.0,3,True
511571,226487,2498,VCT 2025: EMEA Stage 2,Group Stage: Week 4,2025-08-07,Sunset,1,Karmine Corp,Natus Vincere,12,14,SUYGETSU,2858,omen,0.79,163.0,15.0,22.0,10.0,73.0,104.0,41.0,1.0,2.0,3,True
511571,226487,2498,VCT 2025: EMEA Stage 2,Group Stage: Week 4,2025-08-07,Sunset,1,Karmine Corp,Natus Vincere,12,14,saadhak,727,sova,0.65,151.0,15.0,20.0,3.0,42.0,92.0,34.0,1.0,5.0,3,True
511571,226488,2498,VCT 2025: EMEA Stage 2,Group Stage: Week 4,2025-08-07,Corrode,2,Natus Vincere,Karmine Corp,13,8,Ruxic,18677,viper,1.35,249.0,19.0,13.0,9.0,76.0,159.0,26.0,2.0,2.0,3,True
511571,226488,2498,VCT 2025: EMEA Stage 2,Group Stage: Week 4,2025-08-07,Corrode,2,Natus Vincere,Karmine Corp,13,8,Shao,384,fade,1.22,163.0,14.0,9.0,7.0,81.0,122.0,22.0,1.0,0.0,3,True
511571,226488,2498,VCT 2025: EMEA Stage 2,Group Stage: Week 4,2025-08-07,Corrode,2,Natus Vincere,Karmine Corp,13,8,alexiiik,25906,raze,1.13,250.0,20.0,15.0,1.0,67.0,140.0,41.0,4.0,2.0,3,True
511571,226488,2498,VCT 2025: EMEA Stage 2,Group Stage: Week 4,2025-08-07,Corrode,2,Natus Vincere,Karmine Corp,13,8,hiro,29867,omen,1.09,260.0,19.0,17.0,9.0,71.0,171.0,37.0,2.0,3.0,3,True
511571,226488,2498,VCT 2025: EMEA Stage 2,Group Stage: Week 4,2025-08-07,Corrode,2,Natus Vincere,Karmine Corp,13,8,ANGE1,109,gekko,0.75,160.0,10.0,15.0,8.0,71.0,101.0,50.0,3.0,2.0,3,True
511571,226488,2498,VCT 2025: EMEA Stage 2,Group Stage: Week 4,2025-08-07,Corrode,2,Karmine Corp,Natus Vincere,8,13,Elite,16459,cypher,1.17,218.0,15.0,14.0,6.0,71.0,155.0,31.0,1.0,1.0,3,True
511571,226488,2498,VCT 2025: EMEA Stage 2,Group Stage: Week 4,2025-08-07,Corrode,2,Karmine Corp,Natus Vincere,8,13,marteen,10307,waylay,1.0,187.0,16.0,16.0,2.0,62.0,138.0,57.0,2.0,5.0,3,True
511571,226488,2498,VCT 2025: EMEA Stage 2,Group Stage: Week 4,2025-08-07,Corrode,2,Karmine Corp,Natus Vincere,8,13,SUYGETSU,2858,omen,0.96,206.0,14.0,16.0,10.0,71.0,127.0,43.0,1.0,1.0,3,True
511571,226488,2498,VCT 2025: EMEA Stage 2,Group Stage: Week 4,2025-08-07,Corrode,2,Karmine Corp,Natus Vincere,8,13,Avez,5654,yoru,0.73,196.0,15.0,18.0,1.0,52.0,130.0,31.0,4.0,4.0,3,True
511571,226488,2498,VCT 2025: EMEA Stage 2,Group Stage: Week 4,2025-08-07,Corrode,2,Karmine Corp,Natus Vincere,8,13,saadhak,727,fade,0.69,149.0,9.0,18.0,7.0,71.0,103.0,39.0,1.0,1.0,3,True
511572,226490,2498,VCT 2025: EMEA Stage 2,Group Stage: Week 4,2025-08-08,Lotus,1,Team Vitality,BBL Esports,13,11,Derke,5022,raze,1.4,268.0,22.0,16.0,5.0,83.0,169.0,20.0,4.0,3.0,3,True
511572,226490,2498,VCT 2025: EMEA Stage 2,Group Stage: Week 4,2025-08-08,Lotus,1,Team Vitality,BBL Esports,13,11,KovaQ,7987,vyse,1.28,235.0,23.0,14.0,3.0,83.0,148.0,36.0,2.0,3.0,3,True
511572,226490,2498,VCT 2025: EMEA Stage 2,Group Stage: Week 4,2025-08-08,Lotus,1,Team Vitality,BBL Esports,13,11,Less,8447,viper,1.24,199.0,18.0,14.0,10.0,88.0,132.0,29.0,3.0,4.0,3,True
511572,226490,2498,VCT 2025: EMEA Stage 2,Group Stage: Week 4,2025-08-08,Lotus,1,Team Vitality,BBL Esports,13,11,Kicks,11134,omen,0.96,198.0,16.0,17.0,11.0,83.0,134.0,29.0,2.0,1.0,3,True
511572,226490,2498,VCT 2025: EMEA Stage 2,Group Stage: Week 4,2025-08-08,Lotus,1,Team Vitality,BBL Esports,13,11,UNFAKE,4521,fade,0.75,162.0,13.0,17.0,7.0,75.0,122.0,38.0,1.0,1.0,3,True
511572,226490,2498,VCT 2025: EMEA Stage 2,Group Stage: Week 4,2025-08-08,Lotus,1,BBL Esports,Team Vitality,11,13,MAGNUM,2173,deadlock,1.02,202.0,18.0,16.0,5.0,67.0,136.0,35.0,0.0,3.0,3,True
511572,226490,2498,VCT 2025: EMEA Stage 2,Group Stage: Week 4,2025-08-08,Lotus,1,BBL Esports,Team Vitality,11,13,PROFEK,5554,omen,0.97,173.0,15.0,16.0,7.0,67.0,121.0,36.0,1.0,2.0,3,True
511572,226490,2498,VCT 2025: EMEA Stage 2,Group Stage: Week 4,2025-08-08,Lotus,1,BBL Esports,Team Vitality,11,13,sociablEE,5568,chamber,0.94,200.0,18.0,20.0,2.0,67.0,149.0,42.0,3.0,2.0,3,True
511572,226490,2498,VCT 2025: EMEA Stage 2,Group Stage: Week 4,2025-08-08,Lotus,1,BBL Esports,Team Vitality,11,13,LewN,20144,raze,0.86,213.0,17.0,19.0,3.0,67.0,132.0,23.0,5.0,2.0,3,True
511572,226490,2498,VCT 2025: EMEA Stage 2,Group Stage: Week 4,2025-08-08,Lotus,1,BBL Esports,Team Vitality,11,13,Jamppi,9780,fade,0.41,119.0,10.0,21.0,4.0,67.0,77.0,29.0,3.0,3.0,3,True
511572,226491,2498,VCT 2025: EMEA Stage 2,Group Stage: Week 4,2025-08-08,Icebox,2,Team Vitality,BBL Esports,7,13,Less,8447,viper,1.44,326.0,24.0,15.0,2.0,70.0,201.0,34.0,2.0,2.0,3,True
511572,226491,2498,VCT 2025: EMEA Stage 2,Group Stage: Week 4,2025-08-08,Icebox,2,Team Vitality,BBL Esports,7,13,Derke,5022,jett,0.82,146.0,12.0,16.0,2.0,50.0,119.0,26.0,0.0,3.0,3,True
511572,226491,2498,VCT 2025: EMEA Stage 2,Group Stage: Week 4,2025-08-08,Icebox,2,Team Vitality,BBL Esports,7,13,UNFAKE,4521,sova,0.55,131.0,8.0,17.0,2.0,50.0,89.0,41.0,0.0,3.0,3,True
511572,226491,2498,VCT 2025: EMEA Stage 2,Group Stage: Week 4,2025-08-08,Icebox,2,Team Vitality,BBL Esports,7,13,Kicks,11134,harbor,0.35,138.0,8.0,20.0,5.0,40.0,85.0,25.0,0.0,1.0,3,True
511572,226491,2498,VCT 2025: EMEA Stage 2,Group Stage: Week 4,2025-08-08,Icebox,2,Team Vitality,BBL Esports,7,13,KovaQ,7987,killjoy,0.05,90.0,5.0,20.0,3.0,45.0,60.0,25.0,3.0,6.0,3,True
511572,226491,2498,VCT 2025: EMEA Stage 2,Group Stage: Week 4,2025-08-08,Icebox,2,BBL Esports,Team Vitality,13,7,MAGNUM,2173,killjoy,1.55,248.0,20.0,10.0,1.0,85.0,158.0,32.0,3.0,0.0,3,True
511572,226491,2498,VCT 2025: EMEA Stage 2,Group Stage: Week 4,2025-08-08,Icebox,2,BBL Esports,Team Vitality,13,7,LewN,20144,jett,1.51,313.0,24.0,13.0,2.0,85.0,214.0,40.0,6.0,2.0,3,True
511572,226491,2498,VCT 2025: EMEA Stage 2,Group Stage: Week 4,2025-08-08,Icebox,2,BBL Esports,Team Vitality,13,7,PROFEK,5554,viper,1.44,258.0,20.0,11.0,1.0,80.0,178.0,31.0,3.0,0.0,3,True
511572,226491,2498,VCT 2025: EMEA Stage 2,Group Stage: Week 4,2025-08-08,Icebox,2,BBL Esports,Team Vitality,13,7,Jamppi,9780,sova,1.07,164.0,10.0,9.0,8.0,85.0,125.0,44.0,0.0,0.0,3,True
511572,226491,2498,VCT 2025: EMEA Stage 2,Group Stage: Week 4,2025-08-08,Icebox,2,BBL Esports,Team Vitality,13,7,sociablEE,5568,omen,0.98,192.0,14.0,14.0,5.0,75.0,140.0,39.0,3.0,3.0,3,True
511572,226492,2498,VCT 2025: EMEA Stage 2,Group Stage: Week 4,2025-08-08,Bind,3,Team Vitality,BBL Esports,10,13,Derke,5022,raze,1.22,241.0,19.0,16.0,2.0,61.0,161.0,22.0,1.0,1.0,3,True
511572,226492,2498,VCT 2025: EMEA Stage 2,Group Stage: Week 4,2025-08-08,Bind,3,Team Vitality,BBL Esports,10,13,Less,8447,viper,1.09,206.0,17.0,16.0,3.0,70.0,129.0,45.0,2.0,2.0,3,True
511572,226492,2498,VCT 2025: EMEA Stage 2,Group Stage: Week 4,2025-08-08,Bind,3,Team Vitality,BBL Esports,10,13,KovaQ,7987,skye,0.99,204.0,16.0,16.0,3.0,61.0,127.0,41.0,5.0,3.0,3,True
511572,226492,2498,VCT 2025: EMEA Stage 2,Group Stage: Week 4,2025-08-08,Bind,3,Team Vitality,BBL Esports,10,13,Kicks,11134,brimstone,0.76,153.0,11.0,19.0,13.0,70.0,91.0,22.0,3.0,2.0,3,True
511572,226492,2498,VCT 2025: EMEA Stage 2,Group Stage: Week 4,2025-08-08,Bind,3,Team Vitality,BBL Esports,10,13,UNFAKE,4521,gekko,0.42,119.0,8.0,19.0,4.0,57.0,84.0,38.0,1.0,3.0,3,True
511572,226492,2498,VCT 2025: EMEA Stage 2,Group Stage: Week 4,2025-08-08,Bind,3,BBL Esports,Team Vitality,13,10,LewN,20144,yoru,1.35,317.0,26.0,16.0,4.0,74.0,190.0,27.0,5.0,3.0,3,True
511572,226492,2498,VCT 2025: EMEA Stage 2,Group Stage: Week 4,2025-08-08,Bind,3,BBL Esports,Team Vitality,13,10,Jamppi,9780,gekko,1.08,178.0,15.0,14.0,9.0,78.0,113.0,20.0,1.0,1.0,3,True
511572,226492,2498,VCT 2025: EMEA Stage 2,Group Stage: Week 4,2025-08-08,Bind,3,BBL Esports,Team Vitality,13,10,PROFEK,5554,viper,1.04,208.0,17.0,14.0,4.0,70.0,128.0,22.0,1.0,2.0,3,True
511572,226492,2498,VCT 2025: EMEA Stage 2,Group Stage: Week 4,2025-08-08,Bind,3,BBL Esports,Team Vitality,13,10,MAGNUM,2173,fade,1.01,174.0,15.0,13.0,8.0,74.0,99.0,22.0,1.0,3.0,3,True
511572,226492,2498,VCT 2025: EMEA Stage 2,Group Stage: Week 4,2025-08-08,Bind,3,BBL Esports,Team Vitality,13,10,sociablEE,5568,omen,0.98,174.0,13.0,14.0,12.0,83.0,123.0,16.0,3.0,3.0,3,True
511573,226493,2498,VCT 2025: EMEA Stage 2,Group Stage: Week 4,2025-08-08,Bind,1,Team Liquid,FNATIC,14,12,keiko,11494,brimstone,1.35,245.0,23.0,16.0,13.0,77.0,154.0,35.0,2.0,0.0,3,True
511573,226493,2498,VCT 2025: EMEA Stage 2,Group Stage: Week 4,2025-08-08,Bind,1,Team Liquid,FNATIC,14,12,kamo,14681,raze,1.22,249.0,24.0,17.0,2.0,69.0,161.0,33.0,3.0,4.0,3,True
511573,226493,2498,VCT 2025: EMEA Stage 2,Group Stage: Week 4,2025-08-08,Bind,1,Team Liquid,FNATIC,14,12,trexx,2168,gekko,1.03,192.0,16.0,17.0,11.0,77.0,131.0,24.0,4.0,4.0,3,True
511573,226493,2498,VCT 2025: EMEA Stage 2,Group Stage: Week 4,2025-08-08,Bind,1,Team Liquid,FNATIC,14,12,paTiTek,309,skye,1.02,178.0,16.0,13.0,8.0,92.0,111.0,16.0,4.0,2.0,3,True
511573,226493,2498,VCT 2025: EMEA Stage 2,Group Stage: Week 4,2025-08-08,Bind,1,Team Liquid,FNATIC,14,12,nAts,457,viper,0.92,196.0,18.0,18.0,9.0,77.0,121.0,21.0,0.0,3.0,3,True
511573,226493,2498,VCT 2025: EMEA Stage 2,Group Stage: Week 4,2025-08-08,Bind,1,FNATIC,Team Liquid,12,14,Alfajer,9810,tejo,1.58,307.0,29.0,16.0,1.0,77.0,199.0,41.0,3.0,1.0,3,True
511573,226493,2498,VCT 2025: EMEA Stage 2,Group Stage: Week 4,2025-08-08,Bind,1,FNATIC,Team Liquid,12,14,kaajak,9554,raze,0.76,194.0,15.0,20.0,5.0,65.0,136.0,26.0,7.0,4.0,3,True
511573,226493,2498,VCT 2025: EMEA Stage 2,Group Stage: Week 4,2025-08-08,Bind,1,FNATIC,Team Liquid,12,14,Boaster,438,astra,0.75,120.0,12.0,18.0,4.0,62.0,79.0,25.0,1.0,5.0,3,True
511573,226493,2498,VCT 2025: EMEA Stage 2,Group Stage: Week 4,2025-08-08,Bind,1,FNATIC,Team Liquid,12,14,Chronicle,458,viper,0.68,135.0,12.0,20.0,6.0,65.0,95.0,20.0,1.0,3.0,3,True
511573,226493,2498,VCT 2025: EMEA Stage 2,Group Stage: Week 4,2025-08-08,Bind,1,FNATIC,Team Liquid,12,14,crashies,4,fade,0.5,137.0,13.0,23.0,4.0,69.0,102.0,19.0,1.0,0.0,3,True
511573,226494,2498,VCT 2025: EMEA Stage 2,Group Stage: Week 4,2025-08-08,Ascent,2,Team Liquid,FNATIC,13,1,kamo,14681,jett,1.73,334.0,18.0,8.0,2.0,86.0,224.0,31.0,3.0,1.0,3,True
511573,226494,2498,VCT 2025: EMEA Stage 2,Group Stage: Week 4,2025-08-08,Ascent,2,Team Liquid,FNATIC,13,1,trexx,2168,sova,1.51,292.0,14.0,6.0,6.0,86.0,201.0,30.0,3.0,0.0,3,True
511573,226494,2498,VCT 2025: EMEA Stage 2,Group Stage: Week 4,2025-08-08,Ascent,2,Team Liquid,FNATIC,13,1,nAts,457,cypher,1.29,251.0,14.0,9.0,3.0,93.0,169.0,22.0,3.0,0.0,3,True
511573,226494,2498,VCT 2025: EMEA Stage 2,Group Stage: Week 4,2025-08-08,Ascent,2,Team Liquid,FNATIC,13,1,paTiTek,309,kayo,1.27,169.0,9.0,6.0,7.0,93.0,119.0,20.0,0.0,0.0,3,True
511573,226494,2498,VCT 2025: EMEA Stage 2,Group Stage: Week 4,2025-08-08,Ascent,2,Team Liquid,FNATIC,13,1,keiko,11494,omen,1.13,226.0,13.0,9.0,7.0,79.0,160.0,30.0,1.0,3.0,3,True
511573,226494,2498,VCT 2025: EMEA Stage 2,Group Stage: Week 4,2025-08-08,Ascent,2,FNATIC,Team Liquid,1,13,kaajak,9554,yoru,1.03,271.0,11.0,13.0,3.0,71.0,171.0,50.0,3.0,2.0,3,True
511573,226494,2498,VCT 2025: EMEA Stage 2,Group Stage: Week 4,2025-08-08,Ascent,2,FNATIC,Team Liquid,1,13,crashies,4,sova,0.94,202.0,10.0,13.0,3.0,79.0,129.0,40.0,0.0,1.0,3,True
511573,226494,2498,VCT 2025: EMEA Stage 2,Group Stage: Week 4,2025-08-08,Ascent,2,FNATIC,Team Liquid,1,13,Boaster,438,omen,0.63,176.0,6.0,14.0,9.0,57.0,121.0,19.0,0.0,1.0,3,True
511573,226494,2498,VCT 2025: EMEA Stage 2,Group Stage: Week 4,2025-08-08,Ascent,2,FNATIC,Team Liquid,1,13,Chronicle,458,vyse,0.34,101.0,5.0,14.0,3.0,43.0,58.0,15.0,0.0,2.0,3,True
511573,226494,2498,VCT 2025: EMEA Stage 2,Group Stage: Week 4,2025-08-08,Ascent,2,FNATIC,Team Liquid,1,13,Alfajer,9810,chamber,0.23,119.0,6.0,14.0,0.0,43.0,71.0,63.0,1.0,4.0,3,True
511575,226496,2498,VCT 2025: EMEA Stage 2,Group Stage: Week 5,2025-08-13,Icebox,1,Movistar KOI (KOI),Natus Vincere,9,13,MONSTEERR,3127,killjoy,1.29,249.0,21.0,15.0,3.0,86.0,164.0,23.0,1.0,0.0,3,True
511575,226496,2498,VCT 2025: EMEA Stage 2,Group Stage: Week 5,2025-08-13,Icebox,1,Movistar KOI (KOI),Natus Vincere,9,13,baddyG,2190,viper,1.21,275.0,22.0,17.0,8.0,59.0,161.0,31.0,4.0,2.0,3,True
511575,226496,2498,VCT 2025: EMEA Stage 2,Group Stage: Week 5,2025-08-13,Icebox,1,Movistar KOI (KOI),Natus Vincere,9,13,flyuh,3685,sova,0.92,235.0,16.0,20.0,6.0,73.0,162.0,28.0,3.0,0.0,3,True
511575,226496,2498,VCT 2025: EMEA Stage 2,Group Stage: Week 5,2025-08-13,Icebox,1,Movistar KOI (KOI),Natus Vincere,9,13,Filu,4544,jett,0.65,155.0,11.0,19.0,4.0,55.0,102.0,33.0,4.0,3.0,3,True
511575,226496,2498,VCT 2025: EMEA Stage 2,Group Stage: Week 5,2025-08-13,Icebox,1,Movistar KOI (KOI),Natus Vincere,9,13,nataNk,5004,sage,0.42,69.0,5.0,17.0,8.0,64.0,46.0,22.0,0.0,5.0,3,True
511575,226496,2498,VCT 2025: EMEA Stage 2,Group Stage: Week 5,2025-08-13,Icebox,1,Natus Vincere,Movistar KOI (KOI),13,9,alexiiik,25906,jett,1.32,281.0,22.0,14.0,2.0,73.0,159.0,24.0,5.0,3.0,3,True
511575,226496,2498,VCT 2025: EMEA Stage 2,Group Stage: Week 5,2025-08-13,Icebox,1,Natus Vincere,Movistar KOI (KOI),13,9,hiro,29867,killjoy,1.25,224.0,19.0,14.0,4.0,77.0,163.0,52.0,0.0,0.0,3,True
511575,226496,2498,VCT 2025: EMEA Stage 2,Group Stage: Week 5,2025-08-13,Icebox,1,Natus Vincere,Movistar KOI (KOI),13,9,Ruxic,18677,viper,1.07,275.0,23.0,17.0,6.0,77.0,171.0,34.0,3.0,4.0,3,True
511575,226496,2498,VCT 2025: EMEA Stage 2,Group Stage: Week 5,2025-08-13,Icebox,1,Natus Vincere,Movistar KOI (KOI),13,9,Shao,384,sage,0.93,189.0,13.0,15.0,11.0,82.0,130.0,35.0,1.0,2.0,3,True
511575,226496,2498,VCT 2025: EMEA Stage 2,Group Stage: Week 5,2025-08-13,Icebox,1,Natus Vincere,Movistar KOI (KOI),13,9,ANGE1,109,sova,0.74,153.0,11.0,15.0,6.0,77.0,114.0,33.0,1.0,3.0,3,True
511575,226497,2498,VCT 2025: EMEA Stage 2,Group Stage: Week 5,2025-08-13,Corrode,2,Movistar KOI (KOI),Natus Vincere,16,14,baddyG,2190,omen,1.46,270.0,30.0,20.0,10.0,83.0,177.0,33.0,5.0,1.0,3,True
511575,226497,2498,VCT 2025: EMEA Stage 2,Group Stage: Week 5,2025-08-13,Corrode,2,Movistar KOI (KOI),Natus Vincere,16,14,MONSTEERR,3127,viper,0.94,197.0,21.0,22.0,8.0,63.0,135.0,37.0,5.0,3.0,3,True
511575,226497,2498,VCT 2025: EMEA Stage 2,Group Stage: Week 5,2025-08-13,Corrode,2,Movistar KOI (KOI),Natus Vincere,16,14,Filu,4544,gekko,0.94,197.0,20.0,22.0,11.0,57.0,134.0,30.0,2.0,2.0,3,True
511575,226497,2498,VCT 2025: EMEA Stage 2,Group Stage: Week 5,2025-08-13,Corrode,2,Movistar KOI (KOI),Natus Vincere,16,14,nataNk,5004,raze,0.9,206.0,21.0,24.0,5.0,77.0,141.0,20.0,4.0,5.0,3,True
511575,226497,2498,VCT 2025: EMEA Stage 2,Group Stage: Week 5,2025-08-13,Corrode,2,Movistar KOI (KOI),Natus Vincere,16,14,flyuh,3685,fade,0.77,161.0,18.0,22.0,7.0,80.0,117.0,29.0,1.0,2.0,3,True
511575,226497,2498,VCT 2025: EMEA Stage 2,Group Stage: Week 5,2025-08-13,Corrode,2,Natus Vincere,Movistar KOI (KOI),14,16,hiro,29867,omen,1.58,300.0,32.0,22.0,14.0,73.0,193.0,40.0,5.0,1.0,3,True
511575,226497,2498,VCT 2025: EMEA Stage 2,Group Stage: Week 5,2025-08-13,Corrode,2,Natus Vincere,Movistar KOI (KOI),14,16,Ruxic,18677,viper,1.0,221.0,26.0,22.0,4.0,73.0,140.0,49.0,4.0,3.0,3,True
511575,226497,2498,VCT 2025: EMEA Stage 2,Group Stage: Week 5,2025-08-13,Corrode,2,Natus Vincere,Movistar KOI (KOI),14,16,ANGE1,109,gekko,0.91,211.0,21.0,22.0,9.0,70.0,145.0,33.0,1.0,7.0,3,True
511575,226497,2498,VCT 2025: EMEA Stage 2,Group Stage: Week 5,2025-08-13,Corrode,2,Natus Vincere,Movistar KOI (KOI),14,16,Shao,384,fade,0.85,166.0,17.0,22.0,15.0,83.0,112.0,38.0,2.0,2.0,3,True
511575,226497,2498,VCT 2025: EMEA Stage 2,Group Stage: Week 5,2025-08-13,Corrode,2,Natus Vincere,Movistar KOI (KOI),14,16,alexiiik,25906,raze,0.71,142.0,14.0,22.0,6.0,70.0,107.0,16.0,1.0,4.0,3,True
511575,226498,2498,VCT 2025: EMEA Stage 2,Group Stage: Week 5,2025-08-13,Ascent,3,Movistar KOI (KOI),Natus Vincere,3,13,baddyG,2190,omen,0.94,223.0,14.0,14.0,0.0,56.0,126.0,32.0,2.0,1.0,3,True
511575,226498,2498,VCT 2025: EMEA Stage 2,Group Stage: Week 5,2025-08-13,Ascent,3,Movistar KOI (KOI),Natus Vincere,3,13,MONSTEERR,3127,vyse,0.84,220.0,12.0,15.0,0.0,56.0,159.0,36.0,0.0,2.0,3,True
511575,226498,2498,VCT 2025: EMEA Stage 2,Group Stage: Week 5,2025-08-13,Ascent,3,Movistar KOI (KOI),Natus Vincere,3,13,flyuh,3685,sova,0.61,130.0,6.0,14.0,5.0,50.0,93.0,37.0,0.0,1.0,3,True
511575,226498,2498,VCT 2025: EMEA Stage 2,Group Stage: Week 5,2025-08-13,Ascent,3,Movistar KOI (KOI),Natus Vincere,3,13,Filu,4544,chamber,0.49,137.0,7.0,15.0,2.0,56.0,87.0,31.0,2.0,3.0,3,True
511575,226498,2498,VCT 2025: EMEA Stage 2,Group Stage: Week 5,2025-08-13,Ascent,3,Movistar KOI (KOI),Natus Vincere,3,13,nataNk,5004,yoru,0.45,113.0,6.0,15.0,3.0,44.0,72.0,30.0,3.0,2.0,3,True
511575,226498,2498,VCT 2025: EMEA Stage 2,Group Stage: Week 5,2025-08-13,Ascent,3,Natus Vincere,Movistar KOI (KOI),13,3,alexiiik,25906,jett,2.11,373.0,25.0,8.0,3.0,94.0,267.0,21.0,6.0,2.0,3,True
511575,226498,2498,VCT 2025: EMEA Stage 2,Group Stage: Week 5,2025-08-13,Ascent,3,Natus Vincere,Movistar KOI (KOI),13,3,Shao,384,sova,1.59,259.0,14.0,8.0,13.0,94.0,186.0,43.0,0.0,0.0,3,True
511575,226498,2498,VCT 2025: EMEA Stage 2,Group Stage: Week 5,2025-08-13,Ascent,3,Natus Vincere,Movistar KOI (KOI),13,3,ANGE1,109,kayo,1.1,207.0,12.0,10.0,12.0,81.0,142.0,21.0,1.0,2.0,3,True
511575,226498,2498,VCT 2025: EMEA Stage 2,Group Stage: Week 5,2025-08-13,Ascent,3,Natus Vincere,Movistar KOI (KOI),13,3,Ruxic,18677,omen,1.1,226.0,13.0,11.0,8.0,81.0,150.0,24.0,1.0,2.0,3,True
511575,226498,2498,VCT 2025: EMEA Stage 2,Group Stage: Week 5,2025-08-13,Ascent,3,Natus Vincere,Movistar KOI (KOI),13,3,hiro,29867,cypher,0.96,145.0,9.0,8.0,5.0,88.0,106.0,32.0,1.0,1.0,3,True
511576,226499,2498,VCT 2025: EMEA Stage 2,Group Stage: Week 5,2025-08-13,Bind,1,Apeks,FNATIC,5,13,OLIZERA,8502,viper,1.0,189.0,12.0,14.0,4.0,44.0,126.0,27.0,1.0,0.0,3,True
511576,226499,2498,VCT 2025: EMEA Stage 2,Group Stage: Week 5,2025-08-13,Bind,1,Apeks,FNATIC,5,13,AvovA,1507,brimstone,0.8,180.0,11.0,17.0,8.0,56.0,114.0,33.0,1.0,1.0,3,True
511576,226499,2498,VCT 2025: EMEA Stage 2,Group Stage: Week 5,2025-08-13,Bind,1,Apeks,FNATIC,5,13,MOLSI,1281,gekko,0.59,155.0,9.0,17.0,4.0,44.0,92.0,33.0,1.0,2.0,3,True
511576,226499,2498,VCT 2025: EMEA Stage 2,Group Stage: Week 5,2025-08-13,Bind,1,Apeks,FNATIC,5,13,penny,7716,raze,0.52,103.0,7.0,15.0,3.0,44.0,63.0,9.0,1.0,8.0,3,True
511576,226499,2498,VCT 2025: EMEA Stage 2,Group Stage: Week 5,2025-08-13,Bind,1,Apeks,FNATIC,5,13,batujnax,18615,fade,0.33,126.0,6.0,17.0,5.0,56.0,83.0,28.0,1.0,2.0,3,True
511576,226499,2498,VCT 2025: EMEA Stage 2,Group Stage: Week 5,2025-08-13,Bind,1,FNATIC,Apeks,13,5,kaajak,9554,raze,1.95,405.0,26.0,9.0,3.0,83.0,259.0,47.0,5.0,1.0,3,True
511576,226499,2498,VCT 2025: EMEA Stage 2,Group Stage: Week 5,2025-08-13,Bind,1,FNATIC,Apeks,13,5,Alfajer,9810,tejo,1.4,238.0,16.0,9.0,4.0,78.0,165.0,35.0,3.0,1.0,3,True
511576,226499,2498,VCT 2025: EMEA Stage 2,Group Stage: Week 5,2025-08-13,Bind,1,FNATIC,Apeks,13,5,crashies,4,fade,1.35,221.0,16.0,9.0,11.0,89.0,146.0,32.0,1.0,0.0,3,True
511576,226499,2498,VCT 2025: EMEA Stage 2,Group Stage: Week 5,2025-08-13,Bind,1,FNATIC,Apeks,13,5,Chronicle,458,viper,0.98,180.0,11.0,10.0,8.0,83.0,102.0,14.0,2.0,0.0,3,True
511576,226499,2498,VCT 2025: EMEA Stage 2,Group Stage: Week 5,2025-08-13,Bind,1,FNATIC,Apeks,13,5,Boaster,438,astra,0.98,152.0,11.0,8.0,3.0,78.0,100.0,50.0,2.0,3.0,3,True
511576,226500,2498,VCT 2025: EMEA Stage 2,Group Stage: Week 5,2025-08-13,Lotus,2,Apeks,FNATIC,10,13,AvovA,1507,omen,1.11,158.0,15.0,14.0,6.0,70.0,101.0,56.0,1.0,1.0,3,True
511576,226500,2498,VCT 2025: EMEA Stage 2,Group Stage: Week 5,2025-08-13,Lotus,2,Apeks,FNATIC,10,13,batujnax,18615,fade,1.0,215.0,17.0,17.0,5.0,57.0,144.0,32.0,3.0,1.0,3,True
511576,226500,2498,VCT 2025: EMEA Stage 2,Group Stage: Week 5,2025-08-13,Lotus,2,Apeks,FNATIC,10,13,penny,7716,yoru,0.99,187.0,15.0,15.0,5.0,70.0,119.0,11.0,9.0,3.0,3,True
511576,226500,2498,VCT 2025: EMEA Stage 2,Group Stage: Week 5,2025-08-13,Lotus,2,Apeks,FNATIC,10,13,OLIZERA,8502,vyse,0.55,164.0,12.0,19.0,4.0,61.0,110.0,38.0,1.0,0.0,3,True
511576,226500,2498,VCT 2025: EMEA Stage 2,Group Stage: Week 5,2025-08-13,Lotus,2,Apeks,FNATIC,10,13,MOLSI,1281,raze,0.48,133.0,10.0,19.0,2.0,74.0,89.0,11.0,1.0,3.0,3,True
511576,226500,2498,VCT 2025: EMEA Stage 2,Group Stage: Week 5,2025-08-13,Lotus,2,FNATIC,Apeks,13,10,kaajak,9554,raze,1.4,282.0,23.0,16.0,7.0,70.0,190.0,31.0,3.0,4.0,3,True
511576,226500,2498,VCT 2025: EMEA Stage 2,Group Stage: Week 5,2025-08-13,Lotus,2,FNATIC,Apeks,13,10,Alfajer,9810,killjoy,1.36,245.0,21.0,14.0,5.0,83.0,159.0,31.0,2.0,0.0,3,True
511576,226500,2498,VCT 2025: EMEA Stage 2,Group Stage: Week 5,2025-08-13,Lotus,2,FNATIC,Apeks,13,10,Chronicle,458,viper,1.15,210.0,16.0,14.0,4.0,70.0,150.0,26.0,0.0,3.0,3,True
511576,226500,2498,VCT 2025: EMEA Stage 2,Group Stage: Week 5,2025-08-13,Lotus,2,FNATIC,Apeks,13,10,Boaster,438,omen,0.91,146.0,12.0,12.0,7.0,65.0,105.0,22.0,0.0,4.0,3,True
511576,226500,2498,VCT 2025: EMEA Stage 2,Group Stage: Week 5,2025-08-13,Lotus,2,FNATIC,Apeks,13,10,crashies,4,fade,0.84,143.0,12.0,13.0,4.0,70.0,82.0,41.0,3.0,4.0,3,True
511577,226502,2498,VCT 2025: EMEA Stage 2,Group Stage: Week 5,2025-08-14,Ascent,1,GIANTX,Team Heretics,7,13,westside,34684,cypher,1.07,199.0,15.0,14.0,3.0,50.0,133.0,52.0,1.0,2.0,3,True
511577,226502,2498,VCT 2025: EMEA Stage 2,Group Stage: Week 5,2025-08-14,Ascent,1,GIANTX,Team Heretics,7,13,grubinho,5550,omen,0.92,180.0,12.0,15.0,5.0,65.0,106.0,23.0,0.0,2.0,3,True
511577,226502,2498,VCT 2025: EMEA Stage 2,Group Stage: Week 5,2025-08-14,Ascent,1,GIANTX,Team Heretics,7,13,Cloud,4181,sova,0.85,170.0,10.0,14.0,5.0,60.0,120.0,33.0,3.0,1.0,3,True
511577,226502,2498,VCT 2025: EMEA Stage 2,Group Stage: Week 5,2025-08-14,Ascent,1,GIANTX,Team Heretics,7,13,ara,11332,jett,0.74,191.0,12.0,16.0,2.0,65.0,127.0,29.0,3.0,6.0,3,True
511577,226502,2498,VCT 2025: EMEA Stage 2,Group Stage: Week 5,2025-08-14,Ascent,1,GIANTX,Team Heretics,7,13,Flickless,6959,kayo,0.67,134.0,8.0,16.0,13.0,75.0,89.0,30.0,1.0,1.0,3,True
511577,226502,2498,VCT 2025: EMEA Stage 2,Group Stage: Week 5,2025-08-14,Ascent,1,Team Heretics,GIANTX,13,7,RieNs,10971,sova,1.71,304.0,23.0,10.0,8.0,90.0,190.0,40.0,2.0,0.0,3,True
511577,226502,2498,VCT 2025: EMEA Stage 2,Group Stage: Week 5,2025-08-14,Ascent,1,Team Heretics,GIANTX,13,7,MiniBoo,18350,yoru,1.21,236.0,18.0,14.0,8.0,80.0,145.0,38.0,3.0,2.0,3,True
511577,226502,2498,VCT 2025: EMEA Stage 2,Group Stage: Week 5,2025-08-14,Ascent,1,Team Heretics,GIANTX,13,7,Boo,1144,omen,1.05,101.0,6.0,7.0,13.0,80.0,72.0,21.0,0.0,2.0,3,True
511577,226502,2498,VCT 2025: EMEA Stage 2,Group Stage: Week 5,2025-08-14,Ascent,1,Team Heretics,GIANTX,13,7,benjyfishy,29873,cypher,0.99,220.0,16.0,14.0,8.0,60.0,137.0,41.0,3.0,3.0,3,True
511577,226502,2498,VCT 2025: EMEA Stage 2,Group Stage: Week 5,2025-08-14,Ascent,1,Team Heretics,GIANTX,13,7,Wo0t,21328,jett,0.95,164.0,12.0,12.0,4.0,80.0,104.0,31.0,4.0,1.0,3,True
511577,226503,2498,VCT 2025: EMEA Stage 2,Group Stage: Week 5,2025-08-14,Haven,2,GIANTX,Team Heretics,3,13,grubinho,5550,omen,0.86,217.0,11.0,13.0,5.0,63.0,132.0,21.0,0.0,3.0,3,True
511577,226503,2498,VCT 2025: EMEA Stage 2,Group Stage: Week 5,2025-08-14,Haven,2,GIANTX,Team Heretics,3,13,westside,34684,cypher,0.7,137.0,9.0,14.0,2.0,56.0,95.0,60.0,1.0,0.0,3,True
511577,226503,2498,VCT 2025: EMEA Stage 2,Group Stage: Week 5,2025-08-14,Haven,2,GIANTX,Team Heretics,3,13,Cloud,4181,sova,0.68,139.0,8.0,14.0,4.0,63.0,95.0,15.0,0.0,3.0,3,True
511577,226503,2498,VCT 2025: EMEA Stage 2,Group Stage: Week 5,2025-08-14,Haven,2,GIANTX,Team Heretics,3,13,Flickless,6959,breach,0.39,133.0,6.0,16.0,6.0,56.0,84.0,21.0,0.0,3.0,3,True
511577,226503,2498,VCT 2025: EMEA Stage 2,Group Stage: Week 5,2025-08-14,Haven,2,GIANTX,Team Heretics,3,13,ara,11332,neon,0.32,101.0,6.0,15.0,1.0,38.0,64.0,29.0,1.0,5.0,3,True
511577,226503,2498,VCT 2025: EMEA Stage 2,Group Stage: Week 5,2025-08-14,Haven,2,Team Heretics,GIANTX,13,3,RieNs,10971,sova,1.68,283.0,16.0,8.0,10.0,94.0,213.0,44.0,2.0,0.0,3,True
511577,226503,2498,VCT 2025: EMEA Stage 2,Group Stage: Week 5,2025-08-14,Haven,2,Team Heretics,GIANTX,13,3,MiniBoo,18350,yoru,1.67,327.0,19.0,9.0,4.0,81.0,199.0,32.0,7.0,0.0,3,True
511577,226503,2498,VCT 2025: EMEA Stage 2,Group Stage: Week 5,2025-08-14,Haven,2,Team Heretics,GIANTX,13,3,benjyfishy,29873,cypher,1.41,173.0,11.0,5.0,4.0,94.0,124.0,44.0,0.0,0.0,3,True
511577,226503,2498,VCT 2025: EMEA Stage 2,Group Stage: Week 5,2025-08-14,Haven,2,Team Heretics,GIANTX,13,3,Wo0t,21328,iso,1.29,220.0,14.0,9.0,6.0,94.0,153.0,44.0,4.0,1.0,3,True
511577,226503,2498,VCT 2025: EMEA Stage 2,Group Stage: Week 5,2025-08-14,Haven,2,Team Heretics,GIANTX,13,3,Boo,1144,omen,1.14,195.0,12.0,9.0,12.0,94.0,116.0,29.0,1.0,1.0,3,True
511579,226505,2498,VCT 2025: EMEA Stage 2,Group Stage: Week 5,2025-08-14,Corrode,1,Gentle Mates,Team Vitality,4,13,kamyk,1475,viper,1.17,243.0,15.0,15.0,5.0,88.0,157.0,59.0,0.0,1.0,3,True
511579,226505,2498,VCT 2025: EMEA Stage 2,Group Stage: Week 5,2025-08-14,Corrode,1,Gentle Mates,Team Vitality,4,13,Proxh,45494,omen,0.79,153.0,10.0,14.0,3.0,59.0,101.0,50.0,0.0,0.0,3,True
511579,226505,2498,VCT 2025: EMEA Stage 2,Group Stage: Week 5,2025-08-14,Corrode,1,Gentle Mates,Team Vitality,4,13,ComeBack,40591,neon,0.79,188.0,11.0,14.0,1.0,71.0,105.0,46.0,2.0,5.0,3,True
511579,226505,2498,VCT 2025: EMEA Stage 2,Group Stage: Week 5,2025-08-14,Corrode,1,Gentle Mates,Team Vitality,4,13,Veqaj,12928,fade,0.72,168.0,10.0,16.0,3.0,65.0,113.0,29.0,2.0,2.0,3,True
511579,226505,2498,VCT 2025: EMEA Stage 2,Group Stage: Week 5,2025-08-14,Corrode,1,Gentle Mates,Team Vitality,4,13,Minny,23169,deadlock,0.45,115.0,6.0,14.0,4.0,53.0,80.0,33.0,1.0,4.0,3,True
511579,226505,2498,VCT 2025: EMEA Stage 2,Group Stage: Week 5,2025-08-14,Corrode,1,Team Vitality,Gentle Mates,13,4,UNFAKE,4521,sova,1.47,314.0,19.0,10.0,6.0,76.0,197.0,37.0,4.0,1.0,3,True
511579,226505,2498,VCT 2025: EMEA Stage 2,Group Stage: Week 5,2025-08-14,Corrode,1,Team Vitality,Gentle Mates,13,4,KovaQ,7987,fade,1.32,198.0,14.0,8.0,8.0,94.0,123.0,27.0,1.0,0.0,3,True
511579,226505,2498,VCT 2025: EMEA Stage 2,Group Stage: Week 5,2025-08-14,Corrode,1,Team Vitality,Gentle Mates,13,4,Derke,5022,yoru,1.23,303.0,19.0,14.0,4.0,100.0,198.0,33.0,3.0,0.0,3,True
511579,226505,2498,VCT 2025: EMEA Stage 2,Group Stage: Week 5,2025-08-14,Corrode,1,Team Vitality,Gentle Mates,13,4,Kicks,11134,omen,1.14,146.0,9.0,8.0,14.0,94.0,102.0,32.0,0.0,2.0,3,True
511579,226505,2498,VCT 2025: EMEA Stage 2,Group Stage: Week 5,2025-08-14,Corrode,1,Team Vitality,Gentle Mates,13,4,Less,8447,chamber,0.92,186.0,12.0,12.0,5.0,100.0,110.0,19.0,4.0,2.0,3,True
511579,226506,2498,VCT 2025: EMEA Stage 2,Group Stage: Week 5,2025-08-14,Lotus,2,Gentle Mates,Team Vitality,13,9,Minny,23169,viper,1.42,261.0,20.0,12.0,6.0,86.0,185.0,37.0,3.0,2.0,3,True
511579,226506,2498,VCT 2025: EMEA Stage 2,Group Stage: Week 5,2025-08-14,Lotus,2,Gentle Mates,Team Vitality,13,9,Veqaj,12928,sova,1.08,199.0,15.0,12.0,3.0,73.0,120.0,23.0,3.0,2.0,3,True
511579,226506,2498,VCT 2025: EMEA Stage 2,Group Stage: Week 5,2025-08-14,Lotus,2,Gentle Mates,Team Vitality,13,9,ComeBack,40591,neon,1.07,280.0,21.0,17.0,6.0,77.0,167.0,27.0,4.0,4.0,3,True
511579,226506,2498,VCT 2025: EMEA Stage 2,Group Stage: Week 5,2025-08-14,Lotus,2,Gentle Mates,Team Vitality,13,9,kamyk,1475,breach,0.95,153.0,15.0,13.0,10.0,77.0,92.0,27.0,0.0,0.0,3,True
511579,226506,2498,VCT 2025: EMEA Stage 2,Group Stage: Week 5,2025-08-14,Lotus,2,Gentle Mates,Team Vitality,13,9,Proxh,45494,omen,0.88,166.0,12.0,14.0,16.0,95.0,111.0,33.0,2.0,2.0,3,True
511579,226506,2498,VCT 2025: EMEA Stage 2,Group Stage: Week 5,2025-08-14,Lotus,2,Team Vitality,Gentle Mates,9,13,UNFAKE,4521,fade,1.31,254.0,21.0,16.0,3.0,77.0,143.0,35.0,2.0,1.0,3,True
511579,226506,2498,VCT 2025: EMEA Stage 2,Group Stage: Week 5,2025-08-14,Lotus,2,Team Vitality,Gentle Mates,9,13,Less,8447,viper,1.21,178.0,14.0,13.0,7.0,59.0,107.0,36.0,0.0,1.0,3,True
511579,226506,2498,VCT 2025: EMEA Stage 2,Group Stage: Week 5,2025-08-14,Lotus,2,Team Vitality,Gentle Mates,9,13,Derke,5022,raze,0.91,180.0,13.0,17.0,5.0,59.0,123.0,25.0,2.0,4.0,3,True
511579,226506,2498,VCT 2025: EMEA Stage 2,Group Stage: Week 5,2025-08-14,Lotus,2,Team Vitality,Gentle Mates,9,13,Kicks,11134,omen,0.64,160.0,11.0,20.0,9.0,73.0,99.0,16.0,5.0,2.0,3,True
511579,226506,2498,VCT 2025: EMEA Stage 2,Group Stage: Week 5,2025-08-14,Lotus,2,Team Vitality,Gentle Mates,9,13,KovaQ,7987,vyse,0.54,120.0,9.0,17.0,4.0,59.0,79.0,44.0,1.0,4.0,3,True
511579,226507,2498,VCT 2025: EMEA Stage 2,Group Stage: Week 5,2025-08-14,Ascent,3,Gentle Mates,Team Vitality,10,13,kamyk,1475,kayo,1.26,223.0,20.0,16.0,13.0,74.0,126.0,49.0,0.0,3.0,3,True
511579,226507,2498,VCT 2025: EMEA Stage 2,Group Stage: Week 5,2025-08-14,Ascent,3,Gentle Mates,Team Vitality,10,13,ComeBack,40591,jett,1.18,251.0,22.0,16.0,3.0,74.0,167.0,24.0,3.0,4.0,3,True
511579,226507,2498,VCT 2025: EMEA Stage 2,Group Stage: Week 5,2025-08-14,Ascent,3,Gentle Mates,Team Vitality,10,13,Minny,23169,killjoy,1.09,264.0,19.0,20.0,9.0,87.0,172.0,28.0,3.0,2.0,3,True
511579,226507,2498,VCT 2025: EMEA Stage 2,Group Stage: Week 5,2025-08-14,Ascent,3,Gentle Mates,Team Vitality,10,13,Proxh,45494,omen,0.75,159.0,13.0,18.0,7.0,70.0,94.0,32.0,1.0,1.0,3,True
511579,226507,2498,VCT 2025: EMEA Stage 2,Group Stage: Week 5,2025-08-14,Ascent,3,Gentle Mates,Team Vitality,10,13,Veqaj,12928,sova,0.46,135.0,10.0,19.0,6.0,65.0,104.0,17.0,0.0,6.0,3,True
511579,226507,2498,VCT 2025: EMEA Stage 2,Group Stage: Week 5,2025-08-14,Ascent,3,Team Vitality,Gentle Mates,13,10,Kicks,11134,omen,1.56,300.0,23.0,16.0,13.0,83.0,201.0,35.0,3.0,0.0,3,True
511579,226507,2498,VCT 2025: EMEA Stage 2,Group Stage: Week 5,2025-08-14,Ascent,3,Team Vitality,Gentle Mates,13,10,Derke,5022,jett,1.23,232.0,20.0,15.0,1.0,65.0,163.0,24.0,8.0,2.0,3,True
511579,226507,2498,VCT 2025: EMEA Stage 2,Group Stage: Week 5,2025-08-14,Ascent,3,Team Vitality,Gentle Mates,13,10,KovaQ,7987,kayo,1.01,222.0,18.0,19.0,13.0,70.0,148.0,23.0,2.0,3.0,3,True
511579,226507,2498,VCT 2025: EMEA Stage 2,Group Stage: Week 5,2025-08-14,Ascent,3,Team Vitality,Gentle Mates,13,10,Less,8447,cypher,0.91,175.0,16.0,16.0,3.0,65.0,109.0,38.0,2.0,2.0,3,True
511579,226507,2498,VCT 2025: EMEA Stage 2,Group Stage: Week 5,2025-08-14,Ascent,3,Team Vitality,Gentle Mates,13,10,UNFAKE,4521,sova,0.77,155.0,12.0,18.0,9.0,83.0,106.0,22.0,1.0,0.0,3,True
511580,226508,2498,VCT 2025: EMEA Stage 2,Group Stage: Week 5,2025-08-15,Sunset,1,FUT Esports,BBL Esports,11,13,cNed,573,omen,1.23,211.0,21.0,16.0,1.0,67.0,139.0,35.0,4.0,2.0,3,True
511580,226508,2498,VCT 2025: EMEA Stage 2,Group Stage: Week 5,2025-08-15,Sunset,1,FUT Esports,BBL Esports,11,13,MrFaliN,8044,fade,1.04,221.0,18.0,19.0,6.0,71.0,129.0,35.0,2.0,2.0,3,True
511580,226508,2498,VCT 2025: EMEA Stage 2,Group Stage: Week 5,2025-08-15,Sunset,1,FUT Esports,BBL Esports,11,13,xeus,12793,raze,0.88,194.0,16.0,18.0,4.0,63.0,125.0,19.0,4.0,4.0,3,True
511580,226508,2498,VCT 2025: EMEA Stage 2,Group Stage: Week 5,2025-08-15,Sunset,1,FUT Esports,BBL Esports,11,13,qRaxs,1139,kayo,0.81,130.0,11.0,16.0,10.0,58.0,90.0,28.0,0.0,1.0,3,True
511580,226508,2498,VCT 2025: EMEA Stage 2,Group Stage: Week 5,2025-08-15,Sunset,1,FUT Esports,BBL Esports,11,13,yetujey,8369,cypher,0.67,138.0,9.0,18.0,7.0,67.0,104.0,22.0,2.0,3.0,3,True
511580,226508,2498,VCT 2025: EMEA Stage 2,Group Stage: Week 5,2025-08-15,Sunset,1,BBL Esports,FUT Esports,13,11,LewN,20144,neon,1.35,279.0,24.0,16.0,4.0,75.0,179.0,29.0,4.0,5.0,3,True
511580,226508,2498,VCT 2025: EMEA Stage 2,Group Stage: Week 5,2025-08-15,Sunset,1,BBL Esports,FUT Esports,13,11,sociablEE,5568,deadlock,1.08,213.0,21.0,14.0,0.0,71.0,152.0,39.0,2.0,2.0,3,True
511580,226508,2498,VCT 2025: EMEA Stage 2,Group Stage: Week 5,2025-08-15,Sunset,1,BBL Esports,FUT Esports,13,11,Jamppi,9780,sova,1.06,189.0,16.0,15.0,4.0,71.0,126.0,48.0,3.0,2.0,3,True
511580,226508,2498,VCT 2025: EMEA Stage 2,Group Stage: Week 5,2025-08-15,Sunset,1,BBL Esports,FUT Esports,13,11,PROFEK,5554,omen,0.99,166.0,13.0,14.0,6.0,79.0,105.0,20.0,1.0,2.0,3,True
511580,226508,2498,VCT 2025: EMEA Stage 2,Group Stage: Week 5,2025-08-15,Sunset,1,BBL Esports,FUT Esports,13,11,MAGNUM,2173,viper,0.7,163.0,13.0,16.0,6.0,67.0,115.0,28.0,2.0,1.0,3,True
511580,226509,2498,VCT 2025: EMEA Stage 2,Group Stage: Week 5,2025-08-15,Ascent,2,FUT Esports,BBL Esports,9,13,yetujey,8369,vyse,1.28,249.0,19.0,15.0,7.0,68.0,154.0,34.0,2.0,4.0,3,True
511580,226509,2498,VCT 2025: EMEA Stage 2,Group Stage: Week 5,2025-08-15,Ascent,2,FUT Esports,BBL Esports,9,13,qRaxs,1139,kayo,1.04,175.0,11.0,16.0,15.0,64.0,120.0,40.0,0.0,2.0,3,True
511580,226509,2498,VCT 2025: EMEA Stage 2,Group Stage: Week 5,2025-08-15,Ascent,2,FUT Esports,BBL Esports,9,13,MrFaliN,8044,sova,0.92,210.0,14.0,17.0,8.0,59.0,126.0,32.0,1.0,1.0,3,True
511580,226509,2498,VCT 2025: EMEA Stage 2,Group Stage: Week 5,2025-08-15,Ascent,2,FUT Esports,BBL Esports,9,13,xeus,12793,jett,0.84,206.0,17.0,18.0,3.0,59.0,125.0,38.0,3.0,5.0,3,True
511580,226509,2498,VCT 2025: EMEA Stage 2,Group Stage: Week 5,2025-08-15,Ascent,2,FUT Esports,BBL Esports,9,13,cNed,573,omen,0.32,111.0,8.0,19.0,5.0,45.0,72.0,38.0,1.0,3.0,3,True
511580,226509,2498,VCT 2025: EMEA Stage 2,Group Stage: Week 5,2025-08-15,Ascent,2,BBL Esports,FUT Esports,13,9,Jamppi,9780,sova,1.52,265.0,20.0,11.0,8.0,68.0,171.0,24.0,4.0,1.0,3,True
511580,226509,2498,VCT 2025: EMEA Stage 2,Group Stage: Week 5,2025-08-15,Ascent,2,BBL Esports,FUT Esports,13,9,MAGNUM,2173,vyse,1.29,220.0,18.0,13.0,6.0,82.0,148.0,49.0,2.0,0.0,3,True
511580,226509,2498,VCT 2025: EMEA Stage 2,Group Stage: Week 5,2025-08-15,Ascent,2,BBL Esports,FUT Esports,13,9,PROFEK,5554,omen,1.07,198.0,18.0,13.0,6.0,77.0,120.0,21.0,2.0,3.0,3,True
511580,226509,2498,VCT 2025: EMEA Stage 2,Group Stage: Week 5,2025-08-15,Ascent,2,BBL Esports,FUT Esports,13,9,LewN,20144,yoru,0.9,187.0,14.0,15.0,4.0,64.0,123.0,19.0,4.0,2.0,3,True
511580,226509,2498,VCT 2025: EMEA Stage 2,Group Stage: Week 5,2025-08-15,Ascent,2,BBL Esports,FUT Esports,13,9,sociablEE,5568,chamber,0.85,187.0,15.0,17.0,2.0,55.0,123.0,21.0,3.0,1.0,3,True
511581,226511,2498,VCT 2025: EMEA Stage 2,Group Stage: Week 5,2025-08-15,Lotus,1,Team Liquid,Karmine Corp,14,12,trexx,2168,fade,1.38,222.0,20.0,15.0,17.0,77.0,142.0,30.0,2.0,1.0,3,True
511581,226511,2498,VCT 2025: EMEA Stage 2,Group Stage: Week 5,2025-08-15,Lotus,1,Team Liquid,Karmine Corp,14,12,keiko,11494,raze,1.14,226.0,24.0,16.0,3.0,65.0,154.0,30.0,3.0,7.0,3,True
511581,226511,2498,VCT 2025: EMEA Stage 2,Group Stage: Week 5,2025-08-15,Lotus,1,Team Liquid,Karmine Corp,14,12,nAts,457,vyse,1.07,167.0,15.0,13.0,8.0,69.0,119.0,14.0,1.0,1.0,3,True
511581,226511,2498,VCT 2025: EMEA Stage 2,Group Stage: Week 5,2025-08-15,Lotus,1,Team Liquid,Karmine Corp,14,12,paTiTek,309,omen,0.95,176.0,13.0,18.0,18.0,73.0,111.0,20.0,3.0,2.0,3,True
511581,226511,2498,VCT 2025: EMEA Stage 2,Group Stage: Week 5,2025-08-15,Lotus,1,Team Liquid,Karmine Corp,14,12,kamo,14681,yoru,0.95,187.0,16.0,18.0,13.0,81.0,125.0,22.0,4.0,2.0,3,True
511581,226511,2498,VCT 2025: EMEA Stage 2,Group Stage: Week 5,2025-08-15,Lotus,1,Karmine Corp,Team Liquid,12,14,marteen,10307,yoru,1.35,244.0,23.0,16.0,11.0,77.0,154.0,47.0,5.0,1.0,3,True
511581,226511,2498,VCT 2025: EMEA Stage 2,Group Stage: Week 5,2025-08-15,Lotus,1,Karmine Corp,Team Liquid,12,14,SUYGETSU,2858,omen,1.01,200.0,18.0,18.0,7.0,77.0,132.0,38.0,1.0,1.0,3,True
511581,226511,2498,VCT 2025: EMEA Stage 2,Group Stage: Week 5,2025-08-15,Lotus,1,Karmine Corp,Team Liquid,12,14,saadhak,727,cypher,0.91,140.0,12.0,15.0,6.0,65.0,105.0,36.0,1.0,2.0,3,True
511581,226511,2498,VCT 2025: EMEA Stage 2,Group Stage: Week 5,2025-08-15,Lotus,1,Karmine Corp,Team Liquid,12,14,Avez,5654,raze,0.84,206.0,18.0,21.0,2.0,58.0,133.0,25.0,4.0,8.0,3,True
511581,226511,2498,VCT 2025: EMEA Stage 2,Group Stage: Week 5,2025-08-15,Lotus,1,Karmine Corp,Team Liquid,12,14,pyrolll,8808,fade,0.64,97.0,9.0,18.0,6.0,65.0,63.0,32.0,2.0,1.0,3,True
511581,226512,2498,VCT 2025: EMEA Stage 2,Group Stage: Week 5,2025-08-15,Bind,2,Team Liquid,Karmine Corp,13,15,paTiTek,309,skye,1.21,221.0,22.0,17.0,7.0,71.0,150.0,35.0,1.0,1.0,3,True
511581,226512,2498,VCT 2025: EMEA Stage 2,Group Stage: Week 5,2025-08-15,Bind,2,Team Liquid,Karmine Corp,13,15,nAts,457,viper,1.15,278.0,24.0,23.0,15.0,82.0,167.0,26.0,4.0,0.0,3,True
511581,226512,2498,VCT 2025: EMEA Stage 2,Group Stage: Week 5,2025-08-15,Bind,2,Team Liquid,Karmine Corp,13,15,trexx,2168,gekko,0.88,178.0,18.0,19.0,6.0,71.0,113.0,15.0,5.0,2.0,3,True
511581,226512,2498,VCT 2025: EMEA Stage 2,Group Stage: Week 5,2025-08-15,Bind,2,Team Liquid,Karmine Corp,13,15,kamo,14681,raze,0.79,194.0,20.0,21.0,4.0,61.0,131.0,25.0,6.0,5.0,3,True
511581,226512,2498,VCT 2025: EMEA Stage 2,Group Stage: Week 5,2025-08-15,Bind,2,Team Liquid,Karmine Corp,13,15,keiko,11494,brimstone,0.67,142.0,15.0,21.0,12.0,71.0,88.0,22.0,1.0,3.0,3,True
511581,226512,2498,VCT 2025: EMEA Stage 2,Group Stage: Week 5,2025-08-15,Bind,2,Karmine Corp,Team Liquid,15,13,SUYGETSU,2858,astra,1.53,239.0,24.0,15.0,11.0,79.0,174.0,44.0,0.0,1.0,3,True
511581,226512,2498,VCT 2025: EMEA Stage 2,Group Stage: Week 5,2025-08-15,Bind,2,Karmine Corp,Team Liquid,15,13,marteen,10307,yoru,1.06,222.0,23.0,19.0,2.0,54.0,144.0,33.0,5.0,6.0,3,True
511581,226512,2498,VCT 2025: EMEA Stage 2,Group Stage: Week 5,2025-08-15,Bind,2,Karmine Corp,Team Liquid,15,13,pyrolll,8808,vyse,0.97,210.0,22.0,21.0,2.0,57.0,141.0,48.0,1.0,4.0,3,True
511581,226512,2498,VCT 2025: EMEA Stage 2,Group Stage: Week 5,2025-08-15,Bind,2,Karmine Corp,Team Liquid,15,13,saadhak,727,deadlock,0.9,165.0,16.0,21.0,7.0,68.0,108.0,30.0,4.0,4.0,3,True
511581,226512,2498,VCT 2025: EMEA Stage 2,Group Stage: Week 5,2025-08-15,Bind,2,Karmine Corp,Team Liquid,15,13,Avez,5654,gekko,0.8,184.0,16.0,23.0,5.0,57.0,123.0,47.0,1.0,2.0,3,True
511581,226513,2498,VCT 2025: EMEA Stage 2,Group Stage: Week 5,2025-08-15,Sunset,3,Team Liquid,Karmine Corp,12,14,paTiTek,309,omen,1.1,215.0,20.0,17.0,8.0,81.0,142.0,25.0,1.0,1.0,3,True
511581,226513,2498,VCT 2025: EMEA Stage 2,Group Stage: Week 5,2025-08-15,Sunset,3,Team Liquid,Karmine Corp,12,14,keiko,11494,raze,1.07,187.0,20.0,17.0,3.0,65.0,134.0,27.0,1.0,4.0,3,True
511581,226513,2498,VCT 2025: EMEA Stage 2,Group Stage: Week 5,2025-08-15,Sunset,3,Team Liquid,Karmine Corp,12,14,trexx,2168,fade,1.02,203.0,18.0,18.0,12.0,65.0,125.0,21.0,3.0,1.0,3,True
511581,226513,2498,VCT 2025: EMEA Stage 2,Group Stage: Week 5,2025-08-15,Sunset,3,Team Liquid,Karmine Corp,12,14,nAts,457,cypher,1.02,212.0,19.0,18.0,6.0,73.0,138.0,26.0,3.0,2.0,3,True
511581,226513,2498,VCT 2025: EMEA Stage 2,Group Stage: Week 5,2025-08-15,Sunset,3,Team Liquid,Karmine Corp,12,14,kamo,14681,yoru,0.72,162.0,12.0,21.0,11.0,62.0,107.0,27.0,4.0,6.0,3,True
511581,226513,2498,VCT 2025: EMEA Stage 2,Group Stage: Week 5,2025-08-15,Sunset,3,Karmine Corp,Team Liquid,14,12,SUYGETSU,2858,omen,1.47,226.0,24.0,15.0,11.0,85.0,147.0,44.0,0.0,1.0,3,True
511581,226513,2498,VCT 2025: EMEA Stage 2,Group Stage: Week 5,2025-08-15,Sunset,3,Karmine Corp,Team Liquid,14,12,marteen,10307,yoru,1.41,299.0,26.0,18.0,6.0,62.0,190.0,58.0,8.0,4.0,3,True
511581,226513,2498,VCT 2025: EMEA Stage 2,Group Stage: Week 5,2025-08-15,Sunset,3,Karmine Corp,Team Liquid,14,12,Avez,5654,phoenix,0.92,205.0,18.0,20.0,8.0,65.0,119.0,32.0,3.0,2.0,3,True
511581,226513,2498,VCT 2025: EMEA Stage 2,Group Stage: Week 5,2025-08-15,Sunset,3,Karmine Corp,Team Liquid,14,12,saadhak,727,cypher,0.78,192.0,15.0,19.0,10.0,81.0,127.0,34.0,3.0,4.0,3,True
511581,226513,2498,VCT 2025: EMEA Stage 2,Group Stage: Week 5,2025-08-15,Sunset,3,Karmine Corp,Team Liquid,14,12,pyrolll,8808,sova,0.6,93.0,8.0,17.0,3.0,54.0,67.0,25.0,0.0,1.0,3,True
530924,231388,2498,VCT 2025: EMEA Stage 2,Playoffs: Upper Round 1,2025-08-21,Corrode,1,FNATIC,BBL Esports,13,7,Chronicle,458,viper,1.62,300.0,22.0,10.0,4.0,90.0,192.0,32.0,3.0,0.0,3,True
530924,231388,2498,VCT 2025: EMEA Stage 2,Playoffs: Upper Round 1,2025-08-21,Corrode,1,FNATIC,BBL Esports,13,7,kaajak,9554,yoru,1.5,326.0,25.0,13.0,1.0,60.0,186.0,39.0,3.0,2.0,3,True
530924,231388,2498,VCT 2025: EMEA Stage 2,Playoffs: Upper Round 1,2025-08-21,Corrode,1,FNATIC,BBL Esports,13,7,Alfajer,9810,vyse,1.49,260.0,19.0,9.0,9.0,70.0,164.0,47.0,3.0,2.0,3,True
530924,231388,2498,VCT 2025: EMEA Stage 2,Playoffs: Upper Round 1,2025-08-21,Corrode,1,FNATIC,BBL Esports,13,7,Boaster,438,astra,0.75,122.0,8.0,11.0,5.0,75.0,85.0,32.0,1.0,2.0,3,True
530924,231388,2498,VCT 2025: EMEA Stage 2,Playoffs: Upper Round 1,2025-08-21,Corrode,1,FNATIC,BBL Esports,13,7,crashies,4,fade,0.69,131.0,9.0,12.0,5.0,75.0,85.0,38.0,3.0,1.0,3,True
530924,231388,2498,VCT 2025: EMEA Stage 2,Playoffs: Upper Round 1,2025-08-21,Corrode,1,BBL Esports,FNATIC,7,13,MAGNUM,2173,fade,1.17,219.0,16.0,14.0,3.0,55.0,154.0,47.0,1.0,3.0,3,True
530924,231388,2498,VCT 2025: EMEA Stage 2,Playoffs: Upper Round 1,2025-08-21,Corrode,1,BBL Esports,FNATIC,7,13,PROFEK,5554,viper,0.9,172.0,13.0,16.0,3.0,60.0,129.0,48.0,1.0,1.0,3,True
530924,231388,2498,VCT 2025: EMEA Stage 2,Playoffs: Upper Round 1,2025-08-21,Corrode,1,BBL Esports,FNATIC,7,13,Jamppi,9780,gekko,0.69,153.0,9.0,17.0,3.0,60.0,109.0,40.0,1.0,2.0,3,True
530924,231388,2498,VCT 2025: EMEA Stage 2,Playoffs: Upper Round 1,2025-08-21,Corrode,1,BBL Esports,FNATIC,7,13,sociablEE,5568,omen,0.65,159.0,11.0,17.0,5.0,65.0,95.0,23.0,2.0,2.0,3,True
530924,231388,2498,VCT 2025: EMEA Stage 2,Playoffs: Upper Round 1,2025-08-21,Corrode,1,BBL Esports,FNATIC,7,13,LewN,20144,yoru,0.39,114.0,6.0,19.0,5.0,45.0,80.0,22.0,2.0,5.0,3,True
530924,231389,2498,VCT 2025: EMEA Stage 2,Playoffs: Upper Round 1,2025-08-21,Ascent,2,FNATIC,BBL Esports,7,13,kaajak,9554,yoru,1.17,213.0,16.0,16.0,3.0,75.0,139.0,41.0,2.0,1.0,3,True
530924,231389,2498,VCT 2025: EMEA Stage 2,Playoffs: Upper Round 1,2025-08-21,Ascent,2,FNATIC,BBL Esports,7,13,crashies,4,sova,1.15,208.0,14.0,14.0,4.0,65.0,129.0,41.0,1.0,3.0,3,True
530924,231389,2498,VCT 2025: EMEA Stage 2,Playoffs: Upper Round 1,2025-08-21,Ascent,2,FNATIC,BBL Esports,7,13,Chronicle,458,vyse,0.71,137.0,9.0,16.0,3.0,50.0,105.0,32.0,1.0,1.0,3,True
530924,231389,2498,VCT 2025: EMEA Stage 2,Playoffs: Upper Round 1,2025-08-21,Ascent,2,FNATIC,BBL Esports,7,13,Alfajer,9810,chamber,0.65,179.0,12.0,18.0,1.0,60.0,122.0,32.0,3.0,5.0,3,True
530924,231389,2498,VCT 2025: EMEA Stage 2,Playoffs: Upper Round 1,2025-08-21,Ascent,2,FNATIC,BBL Esports,7,13,Boaster,438,omen,0.62,135.0,8.0,16.0,8.0,70.0,95.0,22.0,0.0,3.0,3,True
530924,231389,2498,VCT 2025: EMEA Stage 2,Playoffs: Upper Round 1,2025-08-21,Ascent,2,BBL Esports,FNATIC,13,7,LewN,20144,jett,1.53,308.0,23.0,12.0,5.0,75.0,209.0,31.0,5.0,3.0,3,True
530924,231389,2498,VCT 2025: EMEA Stage 2,Playoffs: Upper Round 1,2025-08-21,Ascent,2,BBL Esports,FNATIC,13,7,PROFEK,5554,omen,1.32,216.0,17.0,9.0,7.0,90.0,139.0,21.0,2.0,0.0,3,True
530924,231389,2498,VCT 2025: EMEA Stage 2,Playoffs: Upper Round 1,2025-08-21,Ascent,2,BBL Esports,FNATIC,13,7,MAGNUM,2173,fade,1.09,204.0,16.0,12.0,8.0,70.0,138.0,26.0,1.0,2.0,3,True
530924,231389,2498,VCT 2025: EMEA Stage 2,Playoffs: Upper Round 1,2025-08-21,Ascent,2,BBL Esports,FNATIC,13,7,Jamppi,9780,kayo,0.97,175.0,12.0,12.0,16.0,75.0,108.0,18.0,1.0,2.0,3,True
530924,231389,2498,VCT 2025: EMEA Stage 2,Playoffs: Upper Round 1,2025-08-21,Ascent,2,BBL Esports,FNATIC,13,7,sociablEE,5568,tejo,0.91,211.0,12.0,14.0,8.0,90.0,142.0,44.0,4.0,0.0,3,True
530924,231390,2498,VCT 2025: EMEA Stage 2,Playoffs: Upper Round 1,2025-08-21,Haven,3,FNATIC,BBL Esports,9,13,Chronicle,458,viper,1.39,303.0,22.0,13.0,8.0,73.0,207.0,33.0,1.0,3.0,3,True
530924,231390,2498,VCT 2025: EMEA Stage 2,Playoffs: Upper Round 1,2025-08-21,Haven,3,FNATIC,BBL Esports,9,13,Boaster,438,omen,0.98,164.0,14.0,14.0,4.0,73.0,105.0,44.0,2.0,3.0,3,True
530924,231390,2498,VCT 2025: EMEA Stage 2,Playoffs: Upper Round 1,2025-08-21,Haven,3,FNATIC,BBL Esports,9,13,Alfajer,9810,killjoy,0.83,182.0,12.0,17.0,4.0,68.0,128.0,35.0,3.0,2.0,3,True
530924,231390,2498,VCT 2025: EMEA Stage 2,Playoffs: Upper Round 1,2025-08-21,Haven,3,FNATIC,BBL Esports,9,13,kaajak,9554,neon,0.83,201.0,16.0,18.0,1.0,45.0,118.0,35.0,3.0,3.0,3,True
530924,231390,2498,VCT 2025: EMEA Stage 2,Playoffs: Upper Round 1,2025-08-21,Haven,3,FNATIC,BBL Esports,9,13,crashies,4,sova,0.59,97.0,6.0,15.0,8.0,64.0,71.0,33.0,0.0,2.0,3,True
530924,231390,2498,VCT 2025: EMEA Stage 2,Playoffs: Upper Round 1,2025-08-21,Haven,3,BBL Esports,FNATIC,13,9,MAGNUM,2173,cypher,1.45,265.0,21.0,13.0,6.0,68.0,158.0,30.0,5.0,2.0,3,True
530924,231390,2498,VCT 2025: EMEA Stage 2,Playoffs: Upper Round 1,2025-08-21,Haven,3,BBL Esports,FNATIC,13,9,Jamppi,9780,breach,1.17,201.0,16.0,14.0,7.0,91.0,131.0,31.0,3.0,0.0,3,True
530924,231390,2498,VCT 2025: EMEA Stage 2,Playoffs: Upper Round 1,2025-08-21,Haven,3,BBL Esports,FNATIC,13,9,LewN,20144,jett,0.93,198.0,16.0,13.0,2.0,73.0,129.0,35.0,2.0,4.0,3,True
530924,231390,2498,VCT 2025: EMEA Stage 2,Playoffs: Upper Round 1,2025-08-21,Haven,3,BBL Esports,FNATIC,13,9,sociablEE,5568,sova,0.87,188.0,12.0,16.0,10.0,68.0,137.0,19.0,2.0,1.0,3,True
530924,231390,2498,VCT 2025: EMEA Stage 2,Playoffs: Upper Round 1,2025-08-21,Haven,3,BBL Esports,FNATIC,13,9,PROFEK,5554,omen,0.79,146.0,12.0,14.0,5.0,64.0,95.0,38.0,1.0,2.0,3,True
530925,231391,2498,VCT 2025: EMEA Stage 2,Playoffs: Upper Round 1,2025-08-21,Bind,1,GIANTX,Natus Vincere,5,13,Cloud,4181,fade,1.1,224.0,13.0,15.0,5.0,67.0,164.0,33.0,0.0,1.0,3,True
530925,231391,2498,VCT 2025: EMEA Stage 2,Playoffs: Upper Round 1,2025-08-21,Bind,1,GIANTX,Natus Vincere,5,13,grubinho,5550,astra,0.99,184.0,12.0,14.0,2.0,67.0,125.0,21.0,1.0,3.0,3,True
530925,231391,2498,VCT 2025: EMEA Stage 2,Playoffs: Upper Round 1,2025-08-21,Bind,1,GIANTX,Natus Vincere,5,13,Flickless,6959,kayo,0.68,133.0,8.0,15.0,10.0,67.0,73.0,27.0,1.0,1.0,3,True
530925,231391,2498,VCT 2025: EMEA Stage 2,Playoffs: Upper Round 1,2025-08-21,Bind,1,GIANTX,Natus Vincere,5,13,ara,11332,raze,0.6,140.0,8.0,15.0,3.0,56.0,99.0,30.0,3.0,1.0,3,True
530925,231391,2498,VCT 2025: EMEA Stage 2,Playoffs: Upper Round 1,2025-08-21,Bind,1,GIANTX,Natus Vincere,5,13,westside,34684,viper,0.58,149.0,9.0,16.0,4.0,61.0,107.0,41.0,2.0,5.0,3,True
530925,231391,2498,VCT 2025: EMEA Stage 2,Playoffs: Upper Round 1,2025-08-21,Bind,1,Natus Vincere,GIANTX,13,5,Shao,384,fade,1.64,255.0,19.0,7.0,5.0,89.0,167.0,38.0,2.0,0.0,3,True
530925,231391,2498,VCT 2025: EMEA Stage 2,Playoffs: Upper Round 1,2025-08-21,Bind,1,Natus Vincere,GIANTX,13,5,Ruxic,18677,omen,1.35,220.0,14.0,9.0,9.0,83.0,140.0,15.0,2.0,1.0,3,True
530925,231391,2498,VCT 2025: EMEA Stage 2,Playoffs: Upper Round 1,2025-08-21,Bind,1,Natus Vincere,GIANTX,13,5,hiro,29867,viper,1.18,204.0,12.0,11.0,12.0,100.0,138.0,39.0,4.0,3.0,3,True
530925,231391,2498,VCT 2025: EMEA Stage 2,Playoffs: Upper Round 1,2025-08-21,Bind,1,Natus Vincere,GIANTX,13,5,alexiiik,25906,raze,1.12,215.0,14.0,10.0,5.0,83.0,151.0,28.0,2.0,1.0,3,True
530925,231391,2498,VCT 2025: EMEA Stage 2,Playoffs: Upper Round 1,2025-08-21,Bind,1,Natus Vincere,GIANTX,13,5,ANGE1,109,kayo,1.06,240.0,16.0,13.0,8.0,78.0,168.0,35.0,1.0,2.0,3,True
530925,231392,2498,VCT 2025: EMEA Stage 2,Playoffs: Upper Round 1,2025-08-21,Haven,2,GIANTX,Natus Vincere,13,8,ara,11332,neon,1.81,346.0,28.0,10.0,3.0,86.0,223.0,32.0,5.0,2.0,3,True
530925,231392,2498,VCT 2025: EMEA Stage 2,Playoffs: Upper Round 1,2025-08-21,Haven,2,GIANTX,Natus Vincere,13,8,westside,34684,cypher,1.13,177.0,14.0,10.0,5.0,71.0,107.0,46.0,1.0,2.0,3,True
530925,231392,2498,VCT 2025: EMEA Stage 2,Playoffs: Upper Round 1,2025-08-21,Haven,2,GIANTX,Natus Vincere,13,8,Cloud,4181,sova,1.03,161.0,12.0,11.0,3.0,71.0,109.0,48.0,2.0,2.0,3,True
530925,231392,2498,VCT 2025: EMEA Stage 2,Playoffs: Upper Round 1,2025-08-21,Haven,2,GIANTX,Natus Vincere,13,8,grubinho,5550,omen,0.8,193.0,13.0,14.0,8.0,71.0,137.0,38.0,2.0,3.0,3,True
530925,231392,2498,VCT 2025: EMEA Stage 2,Playoffs: Upper Round 1,2025-08-21,Haven,2,GIANTX,Natus Vincere,13,8,Flickless,6959,breach,0.8,126.0,9.0,13.0,11.0,71.0,84.0,13.0,1.0,1.0,3,True
530925,231392,2498,VCT 2025: EMEA Stage 2,Playoffs: Upper Round 1,2025-08-21,Haven,2,Natus Vincere,GIANTX,8,13,Ruxic,18677,viper,1.46,277.0,20.0,13.0,7.0,71.0,191.0,33.0,2.0,0.0,3,True
530925,231392,2498,VCT 2025: EMEA Stage 2,Playoffs: Upper Round 1,2025-08-21,Haven,2,Natus Vincere,GIANTX,8,13,Shao,384,omen,0.91,193.0,13.0,15.0,3.0,62.0,120.0,22.0,3.0,3.0,3,True
530925,231392,2498,VCT 2025: EMEA Stage 2,Playoffs: Upper Round 1,2025-08-21,Haven,2,Natus Vincere,GIANTX,8,13,alexiiik,25906,neon,0.83,168.0,13.0,15.0,1.0,52.0,109.0,25.0,3.0,5.0,3,True
530925,231392,2498,VCT 2025: EMEA Stage 2,Playoffs: Upper Round 1,2025-08-21,Haven,2,Natus Vincere,GIANTX,8,13,hiro,29867,killjoy,0.64,119.0,7.0,17.0,4.0,52.0,83.0,25.0,0.0,2.0,3,True
530925,231392,2498,VCT 2025: EMEA Stage 2,Playoffs: Upper Round 1,2025-08-21,Haven,2,Natus Vincere,GIANTX,8,13,ANGE1,109,sova,0.47,102.0,5.0,16.0,5.0,52.0,70.0,31.0,2.0,1.0,3,True
530925,231393,2498,VCT 2025: EMEA Stage 2,Playoffs: Upper Round 1,2025-08-21,Ascent,3,GIANTX,Natus Vincere,13,6,grubinho,5550,omen,1.51,262.0,17.0,10.0,12.0,74.0,159.0,22.0,3.0,1.0,3,True
530925,231393,2498,VCT 2025: EMEA Stage 2,Playoffs: Upper Round 1,2025-08-21,Ascent,3,GIANTX,Natus Vincere,13,6,westside,34684,cypher,1.13,200.0,14.0,12.0,7.0,74.0,140.0,30.0,1.0,3.0,3,True
530925,231393,2498,VCT 2025: EMEA Stage 2,Playoffs: Upper Round 1,2025-08-21,Ascent,3,GIANTX,Natus Vincere,13,6,ara,11332,jett,1.06,238.0,17.0,13.0,2.0,63.0,152.0,32.0,5.0,3.0,3,True
530925,231393,2498,VCT 2025: EMEA Stage 2,Playoffs: Upper Round 1,2025-08-21,Ascent,3,GIANTX,Natus Vincere,13,6,Cloud,4181,sova,1.0,200.0,14.0,13.0,5.0,74.0,127.0,26.0,0.0,3.0,3,True
530925,231393,2498,VCT 2025: EMEA Stage 2,Playoffs: Upper Round 1,2025-08-21,Ascent,3,GIANTX,Natus Vincere,13,6,Flickless,6959,kayo,1.0,203.0,11.0,15.0,18.0,74.0,147.0,18.0,0.0,0.0,3,True
530925,231393,2498,VCT 2025: EMEA Stage 2,Playoffs: Upper Round 1,2025-08-21,Ascent,3,Natus Vincere,GIANTX,6,13,Shao,384,sova,1.47,310.0,20.0,13.0,6.0,89.0,202.0,32.0,2.0,2.0,3,True
530925,231393,2498,VCT 2025: EMEA Stage 2,Playoffs: Upper Round 1,2025-08-21,Ascent,3,Natus Vincere,GIANTX,6,13,alexiiik,25906,jett,1.13,248.0,18.0,15.0,1.0,63.0,138.0,31.0,4.0,2.0,3,True
530925,231393,2498,VCT 2025: EMEA Stage 2,Playoffs: Upper Round 1,2025-08-21,Ascent,3,Natus Vincere,GIANTX,6,13,Ruxic,18677,omen,0.93,204.0,13.0,14.0,10.0,68.0,122.0,33.0,2.0,1.0,3,True
530925,231393,2498,VCT 2025: EMEA Stage 2,Playoffs: Upper Round 1,2025-08-21,Ascent,3,Natus Vincere,GIANTX,6,13,hiro,29867,cypher,0.52,116.0,8.0,16.0,2.0,53.0,76.0,56.0,2.0,2.0,3,True
530925,231393,2498,VCT 2025: EMEA Stage 2,Playoffs: Upper Round 1,2025-08-21,Ascent,3,Natus Vincere,GIANTX,6,13,ANGE1,109,kayo,0.29,78.0,4.0,15.0,8.0,58.0,58.0,12.0,0.0,2.0,3,True
530928,231400,2498,VCT 2025: EMEA Stage 2,Playoffs: Upper Semifinals,2025-08-22,Icebox,1,Team Heretics,BBL Esports,6,13,benjyfishy,29873,killjoy,0.98,236.0,18.0,18.0,1.0,68.0,155.0,29.0,1.0,2.0,3,True
530928,231400,2498,VCT 2025: EMEA Stage 2,Playoffs: Upper Semifinals,2025-08-22,Icebox,1,Team Heretics,BBL Esports,6,13,Wo0t,21328,jett,0.89,206.0,15.0,15.0,3.0,79.0,128.0,31.0,2.0,2.0,3,True
530928,231400,2498,VCT 2025: EMEA Stage 2,Playoffs: Upper Semifinals,2025-08-22,Icebox,1,Team Heretics,BBL Esports,6,13,MiniBoo,18350,yoru,0.8,209.0,13.0,18.0,4.0,68.0,126.0,32.0,7.0,4.0,3,True
530928,231400,2498,VCT 2025: EMEA Stage 2,Playoffs: Upper Semifinals,2025-08-22,Icebox,1,Team Heretics,BBL Esports,6,13,Boo,1144,viper,0.79,182.0,11.0,15.0,7.0,68.0,126.0,26.0,1.0,0.0,3,True
530928,231400,2498,VCT 2025: EMEA Stage 2,Playoffs: Upper Semifinals,2025-08-22,Icebox,1,Team Heretics,BBL Esports,6,13,RieNs,10971,sova,0.76,184.0,13.0,17.0,5.0,74.0,130.0,28.0,0.0,0.0,3,True
530928,231400,2498,VCT 2025: EMEA Stage 2,Playoffs: Upper Semifinals,2025-08-22,Icebox,1,BBL Esports,Team Heretics,13,6,PROFEK,5554,viper,1.39,283.0,21.0,13.0,7.0,84.0,186.0,30.0,2.0,1.0,3,True
530928,231400,2498,VCT 2025: EMEA Stage 2,Playoffs: Upper Semifinals,2025-08-22,Icebox,1,BBL Esports,Team Heretics,13,6,Jamppi,9780,sova,1.37,261.0,19.0,12.0,5.0,89.0,163.0,30.0,2.0,0.0,3,True
530928,231400,2498,VCT 2025: EMEA Stage 2,Playoffs: Upper Semifinals,2025-08-22,Icebox,1,BBL Esports,Team Heretics,13,6,MAGNUM,2173,killjoy,1.04,227.0,15.0,13.0,3.0,74.0,152.0,39.0,0.0,4.0,3,True
530928,231400,2498,VCT 2025: EMEA Stage 2,Playoffs: Upper Semifinals,2025-08-22,Icebox,1,BBL Esports,Team Heretics,13,6,LewN,20144,jett,0.96,218.0,15.0,16.0,3.0,79.0,156.0,25.0,2.0,4.0,3,True
530928,231400,2498,VCT 2025: EMEA Stage 2,Playoffs: Upper Semifinals,2025-08-22,Icebox,1,BBL Esports,Team Heretics,13,6,sociablEE,5568,omen,0.83,208.0,13.0,16.0,8.0,74.0,136.0,43.0,2.0,2.0,3,True
530928,231401,2498,VCT 2025: EMEA Stage 2,Playoffs: Upper Semifinals,2025-08-22,Ascent,2,Team Heretics,BBL Esports,11,13,RieNs,10971,sova,1.2,238.0,21.0,16.0,4.0,75.0,162.0,35.0,1.0,2.0,3,True
530928,231401,2498,VCT 2025: EMEA Stage 2,Playoffs: Upper Semifinals,2025-08-22,Ascent,2,Team Heretics,BBL Esports,11,13,Boo,1144,omen,1.09,202.0,16.0,17.0,13.0,71.0,142.0,17.0,2.0,0.0,3,True
530928,231401,2498,VCT 2025: EMEA Stage 2,Playoffs: Upper Semifinals,2025-08-22,Ascent,2,Team Heretics,BBL Esports,11,13,benjyfishy,29873,cypher,1.07,191.0,16.0,17.0,14.0,71.0,114.0,35.0,4.0,0.0,3,True
530928,231401,2498,VCT 2025: EMEA Stage 2,Playoffs: Upper Semifinals,2025-08-22,Ascent,2,Team Heretics,BBL Esports,11,13,MiniBoo,18350,yoru,0.9,200.0,17.0,19.0,7.0,63.0,136.0,23.0,5.0,3.0,3,True
530928,231401,2498,VCT 2025: EMEA Stage 2,Playoffs: Upper Semifinals,2025-08-22,Ascent,2,Team Heretics,BBL Esports,11,13,Wo0t,21328,jett,0.8,181.0,15.0,19.0,2.0,71.0,127.0,39.0,3.0,4.0,3,True
530928,231401,2498,VCT 2025: EMEA Stage 2,Playoffs: Upper Semifinals,2025-08-22,Ascent,2,BBL Esports,Team Heretics,13,11,LewN,20144,jett,1.37,271.0,24.0,16.0,6.0,79.0,170.0,41.0,3.0,7.0,3,True
530928,231401,2498,VCT 2025: EMEA Stage 2,Playoffs: Upper Semifinals,2025-08-22,Ascent,2,BBL Esports,Team Heretics,13,11,sociablEE,5568,tejo,1.02,179.0,17.0,17.0,7.0,63.0,119.0,16.0,2.0,0.0,3,True
530928,231401,2498,VCT 2025: EMEA Stage 2,Playoffs: Upper Semifinals,2025-08-22,Ascent,2,BBL Esports,Team Heretics,13,11,MAGNUM,2173,fade,1.01,212.0,17.0,17.0,10.0,71.0,132.0,26.0,2.0,2.0,3,True
530928,231401,2498,VCT 2025: EMEA Stage 2,Playoffs: Upper Semifinals,2025-08-22,Ascent,2,BBL Esports,Team Heretics,13,11,Jamppi,9780,kayo,1.01,197.0,15.0,17.0,13.0,79.0,125.0,26.0,1.0,5.0,3,True
530928,231401,2498,VCT 2025: EMEA Stage 2,Playoffs: Upper Semifinals,2025-08-22,Ascent,2,BBL Esports,Team Heretics,13,11,PROFEK,5554,omen,0.8,174.0,15.0,18.0,13.0,71.0,103.0,18.0,1.0,1.0,3,True
530929,231403,2498,VCT 2025: EMEA Stage 2,Playoffs: Upper Semifinals,2025-08-22,Sunset,1,Team Liquid,GIANTX,13,4,keiko,11494,raze,1.53,291.0,18.0,11.0,5.0,76.0,199.0,31.0,4.0,2.0,3,True
530929,231403,2498,VCT 2025: EMEA Stage 2,Playoffs: Upper Semifinals,2025-08-22,Sunset,1,Team Liquid,GIANTX,13,4,nAts,457,cypher,1.34,277.0,17.0,11.0,5.0,94.0,178.0,22.0,0.0,1.0,3,True
530929,231403,2498,VCT 2025: EMEA Stage 2,Playoffs: Upper Semifinals,2025-08-22,Sunset,1,Team Liquid,GIANTX,13,4,paTiTek,309,omen,1.24,163.0,12.0,9.0,7.0,82.0,116.0,31.0,1.0,1.0,3,True
530929,231403,2498,VCT 2025: EMEA Stage 2,Playoffs: Upper Semifinals,2025-08-22,Sunset,1,Team Liquid,GIANTX,13,4,trexx,2168,fade,1.23,185.0,11.0,9.0,12.0,76.0,108.0,14.0,0.0,1.0,3,True
530929,231403,2498,VCT 2025: EMEA Stage 2,Playoffs: Upper Semifinals,2025-08-22,Sunset,1,Team Liquid,GIANTX,13,4,kamo,14681,yoru,0.98,212.0,13.0,11.0,4.0,71.0,139.0,36.0,3.0,4.0,3,True
530929,231403,2498,VCT 2025: EMEA Stage 2,Playoffs: Upper Semifinals,2025-08-22,Sunset,1,GIANTX,Team Liquid,4,13,Flickless,6959,breach,1.01,220.0,13.0,14.0,7.0,65.0,131.0,36.0,0.0,1.0,3,True
530929,231403,2498,VCT 2025: EMEA Stage 2,Playoffs: Upper Semifinals,2025-08-22,Sunset,1,GIANTX,Team Liquid,4,13,ara,11332,neon,0.98,218.0,14.0,14.0,4.0,59.0,140.0,25.0,1.0,1.0,3,True
530929,231403,2498,VCT 2025: EMEA Stage 2,Playoffs: Upper Semifinals,2025-08-22,Sunset,1,GIANTX,Team Liquid,4,13,Cloud,4181,sova,0.91,178.0,10.0,13.0,6.0,65.0,134.0,40.0,1.0,1.0,3,True
530929,231403,2498,VCT 2025: EMEA Stage 2,Playoffs: Upper Semifinals,2025-08-22,Sunset,1,GIANTX,Team Liquid,4,13,westside,34684,cypher,0.54,151.0,8.0,15.0,6.0,53.0,104.0,38.0,3.0,3.0,3,True
530929,231403,2498,VCT 2025: EMEA Stage 2,Playoffs: Upper Semifinals,2025-08-22,Sunset,1,GIANTX,Team Liquid,4,13,grubinho,5550,omen,0.44,102.0,6.0,15.0,3.0,53.0,71.0,44.0,4.0,2.0,3,True
530929,231404,2498,VCT 2025: EMEA Stage 2,Playoffs: Upper Semifinals,2025-08-22,Corrode,2,Team Liquid,GIANTX,11,13,keiko,11494,omen,1.59,302.0,26.0,14.0,4.0,79.0,197.0,25.0,3.0,2.0,3,True
530929,231404,2498,VCT 2025: EMEA Stage 2,Playoffs: Upper Semifinals,2025-08-22,Corrode,2,Team Liquid,GIANTX,11,13,kamo,14681,yoru,1.06,190.0,18.0,14.0,2.0,67.0,130.0,34.0,3.0,4.0,3,True
530929,231404,2498,VCT 2025: EMEA Stage 2,Playoffs: Upper Semifinals,2025-08-22,Corrode,2,Team Liquid,GIANTX,11,13,nAts,457,viper,0.72,143.0,11.0,17.0,10.0,54.0,101.0,19.0,3.0,2.0,3,True
530929,231404,2498,VCT 2025: EMEA Stage 2,Playoffs: Upper Semifinals,2025-08-22,Corrode,2,Team Liquid,GIANTX,11,13,paTiTek,309,deadlock,0.64,140.0,13.0,18.0,4.0,63.0,101.0,28.0,2.0,2.0,3,True
530929,231404,2498,VCT 2025: EMEA Stage 2,Playoffs: Upper Semifinals,2025-08-22,Corrode,2,Team Liquid,GIANTX,11,13,trexx,2168,fade,0.64,120.0,9.0,19.0,10.0,58.0,75.0,23.0,0.0,3.0,3,True
530929,231404,2498,VCT 2025: EMEA Stage 2,Playoffs: Upper Semifinals,2025-08-22,Corrode,2,GIANTX,Team Liquid,13,11,Cloud,4181,fade,1.3,221.0,20.0,13.0,8.0,79.0,152.0,26.0,0.0,3.0,3,True
530929,231404,2498,VCT 2025: EMEA Stage 2,Playoffs: Upper Semifinals,2025-08-22,Corrode,2,GIANTX,Team Liquid,13,11,westside,34684,cypher,1.27,229.0,20.0,15.0,5.0,71.0,162.0,38.0,2.0,2.0,3,True
530929,231404,2498,VCT 2025: EMEA Stage 2,Playoffs: Upper Semifinals,2025-08-22,Corrode,2,GIANTX,Team Liquid,13,11,Flickless,6959,kayo,1.1,178.0,14.0,13.0,11.0,83.0,115.0,18.0,2.0,3.0,3,True
530929,231404,2498,VCT 2025: EMEA Stage 2,Playoffs: Upper Semifinals,2025-08-22,Corrode,2,GIANTX,Team Liquid,13,11,ara,11332,neon,1.02,228.0,18.0,19.0,3.0,63.0,134.0,20.0,7.0,2.0,3,True
530929,231404,2498,VCT 2025: EMEA Stage 2,Playoffs: Upper Semifinals,2025-08-22,Corrode,2,GIANTX,Team Liquid,13,11,grubinho,5550,omen,0.68,139.0,10.0,17.0,10.0,63.0,87.0,41.0,2.0,1.0,3,True
530929,231405,2498,VCT 2025: EMEA Stage 2,Playoffs: Upper Semifinals,2025-08-22,Ascent,3,Team Liquid,GIANTX,14,12,paTiTek,309,kayo,1.38,267.0,25.0,16.0,10.0,69.0,161.0,14.0,3.0,3.0,3,True
530929,231405,2498,VCT 2025: EMEA Stage 2,Playoffs: Upper Semifinals,2025-08-22,Ascent,3,Team Liquid,GIANTX,14,12,trexx,2168,sova,1.28,222.0,20.0,17.0,10.0,77.0,139.0,19.0,2.0,2.0,3,True
530929,231405,2498,VCT 2025: EMEA Stage 2,Playoffs: Upper Semifinals,2025-08-22,Ascent,3,Team Liquid,GIANTX,14,12,keiko,11494,omen,1.12,205.0,20.0,19.0,8.0,85.0,147.0,31.0,3.0,3.0,3,True
530929,231405,2498,VCT 2025: EMEA Stage 2,Playoffs: Upper Semifinals,2025-08-22,Ascent,3,Team Liquid,GIANTX,14,12,kamo,14681,jett,0.91,168.0,15.0,16.0,4.0,69.0,105.0,25.0,3.0,5.0,3,True
530929,231405,2498,VCT 2025: EMEA Stage 2,Playoffs: Upper Semifinals,2025-08-22,Ascent,3,Team Liquid,GIANTX,14,12,nAts,457,cypher,0.55,108.0,9.0,18.0,8.0,69.0,78.0,13.0,0.0,2.0,3,True
530929,231405,2498,VCT 2025: EMEA Stage 2,Playoffs: Upper Semifinals,2025-08-22,Ascent,3,GIANTX,Team Liquid,12,14,Flickless,6959,kayo,1.23,265.0,23.0,18.0,10.0,77.0,170.0,25.0,4.0,2.0,3,True
530929,231405,2498,VCT 2025: EMEA Stage 2,Playoffs: Upper Semifinals,2025-08-22,Ascent,3,GIANTX,Team Liquid,12,14,ara,11332,jett,1.09,176.0,17.0,16.0,4.0,73.0,125.0,23.0,4.0,5.0,3,True
530929,231405,2498,VCT 2025: EMEA Stage 2,Playoffs: Upper Semifinals,2025-08-22,Ascent,3,GIANTX,Team Liquid,12,14,westside,34684,cypher,1.01,217.0,21.0,18.0,1.0,54.0,144.0,56.0,3.0,1.0,3,True
530929,231405,2498,VCT 2025: EMEA Stage 2,Playoffs: Upper Semifinals,2025-08-22,Ascent,3,GIANTX,Team Liquid,12,14,Cloud,4181,sova,0.76,156.0,15.0,19.0,6.0,73.0,115.0,20.0,1.0,1.0,3,True
530929,231405,2498,VCT 2025: EMEA Stage 2,Playoffs: Upper Semifinals,2025-08-22,Ascent,3,GIANTX,Team Liquid,12,14,grubinho,5550,omen,0.63,114.0,10.0,18.0,11.0,77.0,74.0,14.0,3.0,2.0,3,True
530926,231394,2498,VCT 2025: EMEA Stage 2,Playoffs: Lower Round 1,2025-08-23,Haven,1,FNATIC,Karmine Corp,12,14,crashies,4,sova,1.34,245.0,22.0,18.0,7.0,77.0,168.0,26.0,4.0,1.0,3,True
530926,231394,2498,VCT 2025: EMEA Stage 2,Playoffs: Lower Round 1,2025-08-23,Haven,1,FNATIC,Karmine Corp,12,14,Alfajer,9810,killjoy,1.18,263.0,23.0,18.0,2.0,77.0,159.0,36.0,6.0,1.0,3,True
530926,231394,2498,VCT 2025: EMEA Stage 2,Playoffs: Lower Round 1,2025-08-23,Haven,1,FNATIC,Karmine Corp,12,14,Chronicle,458,viper,0.97,202.0,16.0,18.0,5.0,69.0,138.0,27.0,2.0,2.0,3,True
530926,231394,2498,VCT 2025: EMEA Stage 2,Playoffs: Lower Round 1,2025-08-23,Haven,1,FNATIC,Karmine Corp,12,14,kaajak,9554,neon,0.6,105.0,9.0,18.0,3.0,69.0,74.0,26.0,3.0,4.0,3,True
530926,231394,2498,VCT 2025: EMEA Stage 2,Playoffs: Lower Round 1,2025-08-23,Haven,1,FNATIC,Karmine Corp,12,14,Boaster,438,omen,0.55,109.0,11.0,19.0,3.0,50.0,62.0,28.0,1.0,2.0,3,True
530926,231394,2498,VCT 2025: EMEA Stage 2,Playoffs: Lower Round 1,2025-08-23,Haven,1,Karmine Corp,FNATIC,14,12,pyrolll,8808,sova,1.13,186.0,16.0,14.0,9.0,73.0,130.0,33.0,0.0,0.0,3,True
530926,231394,2498,VCT 2025: EMEA Stage 2,Playoffs: Lower Round 1,2025-08-23,Haven,1,Karmine Corp,FNATIC,14,12,marteen,10307,yoru,1.09,261.0,25.0,20.0,3.0,65.0,159.0,38.0,3.0,5.0,3,True
530926,231394,2498,VCT 2025: EMEA Stage 2,Playoffs: Lower Round 1,2025-08-23,Haven,1,Karmine Corp,FNATIC,14,12,Avez,5654,phoenix,1.03,221.0,22.0,15.0,2.0,65.0,136.0,46.0,3.0,4.0,3,True
530926,231394,2498,VCT 2025: EMEA Stage 2,Playoffs: Lower Round 1,2025-08-23,Haven,1,Karmine Corp,FNATIC,14,12,SUYGETSU,2858,omen,0.87,155.0,14.0,13.0,11.0,85.0,97.0,44.0,0.0,1.0,3,True
530926,231394,2498,VCT 2025: EMEA Stage 2,Playoffs: Lower Round 1,2025-08-23,Haven,1,Karmine Corp,FNATIC,14,12,saadhak,727,cypher,0.77,169.0,14.0,19.0,11.0,54.0,112.0,26.0,4.0,6.0,3,True
530926,231395,2498,VCT 2025: EMEA Stage 2,Playoffs: Lower Round 1,2025-08-23,Corrode,2,FNATIC,Karmine Corp,14,12,Chronicle,458,viper,1.66,331.0,28.0,16.0,17.0,81.0,220.0,23.0,2.0,1.0,3,True
530926,231395,2498,VCT 2025: EMEA Stage 2,Playoffs: Lower Round 1,2025-08-23,Corrode,2,FNATIC,Karmine Corp,14,12,crashies,4,fade,1.33,222.0,20.0,14.0,13.0,92.0,144.0,31.0,1.0,2.0,3,True
530926,231395,2498,VCT 2025: EMEA Stage 2,Playoffs: Lower Round 1,2025-08-23,Corrode,2,FNATIC,Karmine Corp,14,12,Alfajer,9810,vyse,0.88,200.0,19.0,19.0,4.0,73.0,131.0,40.0,2.0,1.0,3,True
530926,231395,2498,VCT 2025: EMEA Stage 2,Playoffs: Lower Round 1,2025-08-23,Corrode,2,FNATIC,Karmine Corp,14,12,Boaster,438,astra,0.84,123.0,10.0,16.0,11.0,73.0,83.0,29.0,2.0,1.0,3,True
530926,231395,2498,VCT 2025: EMEA Stage 2,Playoffs: Lower Round 1,2025-08-23,Corrode,2,FNATIC,Karmine Corp,14,12,kaajak,9554,yoru,0.75,176.0,18.0,21.0,1.0,50.0,127.0,45.0,6.0,8.0,3,True
530926,231395,2498,VCT 2025: EMEA Stage 2,Playoffs: Lower Round 1,2025-08-23,Corrode,2,Karmine Corp,FNATIC,12,14,SUYGETSU,2858,omen,0.99,199.0,20.0,19.0,5.0,65.0,132.0,38.0,1.0,4.0,3,True
530926,231395,2498,VCT 2025: EMEA Stage 2,Playoffs: Lower Round 1,2025-08-23,Corrode,2,Karmine Corp,FNATIC,12,14,pyrolll,8808,fade,0.97,214.0,20.0,20.0,1.0,58.0,138.0,33.0,2.0,3.0,3,True
530926,231395,2498,VCT 2025: EMEA Stage 2,Playoffs: Lower Round 1,2025-08-23,Corrode,2,Karmine Corp,FNATIC,12,14,Avez,5654,sova,0.89,146.0,14.0,17.0,9.0,69.0,111.0,48.0,3.0,1.0,3,True
530926,231395,2498,VCT 2025: EMEA Stage 2,Playoffs: Lower Round 1,2025-08-23,Corrode,2,Karmine Corp,FNATIC,12,14,marteen,10307,brimstone,0.87,202.0,18.0,20.0,6.0,62.0,118.0,41.0,5.0,2.0,3,True
530926,231395,2498,VCT 2025: EMEA Stage 2,Playoffs: Lower Round 1,2025-08-23,Corrode,2,Karmine Corp,FNATIC,12,14,saadhak,727,kayo,0.85,174.0,14.0,19.0,13.0,69.0,120.0,36.0,2.0,3.0,3,True
530926,232628,2498,VCT 2025: EMEA Stage 2,Playoffs: Lower Round 1,2025-08-23,Bind,3,FNATIC,Karmine Corp,13,8,Chronicle,458,viper,1.2,239.0,19.0,13.0,6.0,67.0,146.0,27.0,3.0,1.0,3,True
530926,232628,2498,VCT 2025: EMEA Stage 2,Playoffs: Lower Round 1,2025-08-23,Bind,3,FNATIC,Karmine Corp,13,8,Alfajer,9810,tejo,1.09,204.0,16.0,13.0,2.0,81.0,133.0,36.0,2.0,1.0,3,True
530926,232628,2498,VCT 2025: EMEA Stage 2,Playoffs: Lower Round 1,2025-08-23,Bind,3,FNATIC,Karmine Corp,13,8,kaajak,9554,yoru,1.09,215.0,15.0,14.0,5.0,71.0,141.0,33.0,5.0,2.0,3,True
530926,232628,2498,VCT 2025: EMEA Stage 2,Playoffs: Lower Round 1,2025-08-23,Bind,3,FNATIC,Karmine Corp,13,8,crashies,4,fade,0.97,161.0,13.0,13.0,9.0,76.0,100.0,15.0,1.0,2.0,3,True
530926,232628,2498,VCT 2025: EMEA Stage 2,Playoffs: Lower Round 1,2025-08-23,Bind,3,FNATIC,Karmine Corp,13,8,Boaster,438,astra,0.85,136.0,10.0,11.0,8.0,71.0,80.0,28.0,1.0,3.0,3,True
530926,232628,2498,VCT 2025: EMEA Stage 2,Playoffs: Lower Round 1,2025-08-23,Bind,3,Karmine Corp,FNATIC,8,13,SUYGETSU,2858,astra,1.69,318.0,24.0,12.0,8.0,86.0,192.0,48.0,2.0,2.0,3,True
530926,232628,2498,VCT 2025: EMEA Stage 2,Playoffs: Lower Round 1,2025-08-23,Bind,3,Karmine Corp,FNATIC,8,13,marteen,10307,yoru,0.85,161.0,13.0,15.0,1.0,62.0,96.0,23.0,4.0,5.0,3,True
530926,232628,2498,VCT 2025: EMEA Stage 2,Playoffs: Lower Round 1,2025-08-23,Bind,3,Karmine Corp,FNATIC,8,13,saadhak,727,deadlock,0.82,189.0,14.0,18.0,5.0,62.0,126.0,25.0,2.0,1.0,3,True
530926,232628,2498,VCT 2025: EMEA Stage 2,Playoffs: Lower Round 1,2025-08-23,Bind,3,Karmine Corp,FNATIC,8,13,Avez,5654,gekko,0.72,124.0,8.0,14.0,4.0,57.0,85.0,40.0,0.0,2.0,3,True
530926,232628,2498,VCT 2025: EMEA Stage 2,Playoffs: Lower Round 1,2025-08-23,Bind,3,Karmine Corp,FNATIC,8,13,pyrolll,8808,vyse,0.55,81.0,5.0,14.0,7.0,67.0,53.0,33.0,1.0,2.0,3,True
530927,231397,2498,VCT 2025: EMEA Stage 2,Playoffs: Lower Round 1,2025-08-23,Haven,1,Natus Vincere,Team Vitality,13,7,Ruxic,18677,viper,1.39,238.0,17.0,9.0,9.0,90.0,147.0,52.0,2.0,1.0,3,True
530927,231397,2498,VCT 2025: EMEA Stage 2,Playoffs: Lower Round 1,2025-08-23,Haven,1,Natus Vincere,Team Vitality,13,7,alexiiik,25906,neon,1.21,254.0,20.0,13.0,4.0,75.0,157.0,28.0,4.0,2.0,3,True
530927,231397,2498,VCT 2025: EMEA Stage 2,Playoffs: Lower Round 1,2025-08-23,Haven,1,Natus Vincere,Team Vitality,13,7,hiro,29867,killjoy,1.12,212.0,16.0,13.0,6.0,85.0,144.0,25.0,3.0,1.0,3,True
530927,231397,2498,VCT 2025: EMEA Stage 2,Playoffs: Lower Round 1,2025-08-23,Haven,1,Natus Vincere,Team Vitality,13,7,Shao,384,omen,1.1,186.0,14.0,10.0,6.0,80.0,115.0,26.0,3.0,1.0,3,True
530927,231397,2498,VCT 2025: EMEA Stage 2,Playoffs: Lower Round 1,2025-08-23,Haven,1,Natus Vincere,Team Vitality,13,7,ANGE1,109,sova,0.71,140.0,11.0,14.0,3.0,70.0,94.0,26.0,2.0,1.0,3,True
530927,231397,2498,VCT 2025: EMEA Stage 2,Playoffs: Lower Round 1,2025-08-23,Haven,1,Team Vitality,Natus Vincere,7,13,UNFAKE,4521,sova,1.04,206.0,15.0,16.0,8.0,75.0,151.0,42.0,0.0,2.0,3,True
530927,231397,2498,VCT 2025: EMEA Stage 2,Playoffs: Lower Round 1,2025-08-23,Haven,1,Team Vitality,Natus Vincere,7,13,Less,8447,cypher,0.94,175.0,13.0,13.0,5.0,70.0,108.0,26.0,1.0,2.0,3,True
530927,231397,2498,VCT 2025: EMEA Stage 2,Playoffs: Lower Round 1,2025-08-23,Haven,1,Team Vitality,Natus Vincere,7,13,Sayf,312,iso,0.85,153.0,10.0,15.0,1.0,65.0,116.0,32.0,1.0,3.0,3,True
530927,231397,2498,VCT 2025: EMEA Stage 2,Playoffs: Lower Round 1,2025-08-23,Haven,1,Team Vitality,Natus Vincere,7,13,Derke,5022,yoru,0.77,212.0,14.0,18.0,5.0,60.0,142.0,35.0,3.0,6.0,3,True
530927,231397,2498,VCT 2025: EMEA Stage 2,Playoffs: Lower Round 1,2025-08-23,Haven,1,Team Vitality,Natus Vincere,7,13,Kicks,11134,omen,0.64,115.0,7.0,16.0,9.0,55.0,79.0,19.0,1.0,1.0,3,True
530927,231398,2498,VCT 2025: EMEA Stage 2,Playoffs: Lower Round 1,2025-08-23,Bind,2,Natus Vincere,Team Vitality,13,11,Ruxic,18677,omen,1.5,308.0,26.0,15.0,11.0,88.0,198.0,25.0,1.0,3.0,3,True
530927,231398,2498,VCT 2025: EMEA Stage 2,Playoffs: Lower Round 1,2025-08-23,Bind,2,Natus Vincere,Team Vitality,13,11,hiro,29867,viper,1.39,273.0,26.0,16.0,5.0,71.0,157.0,27.0,4.0,1.0,3,True
530927,231398,2498,VCT 2025: EMEA Stage 2,Playoffs: Lower Round 1,2025-08-23,Bind,2,Natus Vincere,Team Vitality,13,11,ANGE1,109,kayo,0.93,152.0,13.0,18.0,15.0,79.0,121.0,29.0,0.0,0.0,3,True
530927,231398,2498,VCT 2025: EMEA Stage 2,Playoffs: Lower Round 1,2025-08-23,Bind,2,Natus Vincere,Team Vitality,13,11,alexiiik,25906,raze,0.85,201.0,15.0,18.0,7.0,75.0,138.0,22.0,7.0,6.0,3,True
530927,231398,2498,VCT 2025: EMEA Stage 2,Playoffs: Lower Round 1,2025-08-23,Bind,2,Natus Vincere,Team Vitality,13,11,Shao,384,fade,0.63,110.0,10.0,15.0,4.0,63.0,82.0,25.0,1.0,1.0,3,True
530927,231398,2498,VCT 2025: EMEA Stage 2,Playoffs: Lower Round 1,2025-08-23,Bind,2,Team Vitality,Natus Vincere,11,13,Sayf,312,vyse,1.34,199.0,17.0,14.0,8.0,75.0,129.0,40.0,0.0,0.0,3,True
530927,231398,2498,VCT 2025: EMEA Stage 2,Playoffs: Lower Round 1,2025-08-23,Bind,2,Team Vitality,Natus Vincere,11,13,Derke,5022,yoru,1.06,241.0,21.0,21.0,5.0,67.0,166.0,31.0,3.0,4.0,3,True
530927,231398,2498,VCT 2025: EMEA Stage 2,Playoffs: Lower Round 1,2025-08-23,Bind,2,Team Vitality,Natus Vincere,11,13,Kicks,11134,brimstone,0.98,210.0,17.0,19.0,5.0,67.0,146.0,37.0,2.0,2.0,3,True
530927,231398,2498,VCT 2025: EMEA Stage 2,Playoffs: Lower Round 1,2025-08-23,Bind,2,Team Vitality,Natus Vincere,11,13,Less,8447,viper,0.76,150.0,13.0,16.0,3.0,58.0,105.0,44.0,3.0,3.0,3,True
530927,231398,2498,VCT 2025: EMEA Stage 2,Playoffs: Lower Round 1,2025-08-23,Bind,2,Team Vitality,Natus Vincere,11,13,UNFAKE,4521,fade,0.65,163.0,14.0,20.0,3.0,58.0,109.0,37.0,3.0,4.0,3,True
530930,231406,2498,VCT 2025: EMEA Stage 2,Playoffs: Lower Round 2,2025-08-24,Lotus,1,GIANTX,FNATIC,13,10,Flickless,6959,viper,1.6,307.0,26.0,13.0,12.0,83.0,202.0,22.0,1.0,1.0,3,True
530930,231406,2498,VCT 2025: EMEA Stage 2,Playoffs: Lower Round 2,2025-08-24,Lotus,1,GIANTX,FNATIC,13,10,grubinho,5550,omen,1.18,236.0,19.0,15.0,9.0,83.0,145.0,29.0,3.0,3.0,3,True
530930,231406,2498,VCT 2025: EMEA Stage 2,Playoffs: Lower Round 2,2025-08-24,Lotus,1,GIANTX,FNATIC,13,10,Cloud,4181,fade,1.16,214.0,20.0,15.0,5.0,74.0,138.0,41.0,1.0,1.0,3,True
530930,231406,2498,VCT 2025: EMEA Stage 2,Playoffs: Lower Round 2,2025-08-24,Lotus,1,GIANTX,FNATIC,13,10,westside,34684,cypher,0.71,142.0,12.0,16.0,5.0,70.0,90.0,46.0,0.0,2.0,3,True
530930,231406,2498,VCT 2025: EMEA Stage 2,Playoffs: Lower Round 2,2025-08-24,Lotus,1,GIANTX,FNATIC,13,10,ara,11332,raze,0.67,129.0,11.0,17.0,3.0,70.0,88.0,29.0,6.0,5.0,3,True
530930,231406,2498,VCT 2025: EMEA Stage 2,Playoffs: Lower Round 2,2025-08-24,Lotus,1,FNATIC,GIANTX,10,13,Alfajer,9810,killjoy,1.38,274.0,23.0,15.0,0.0,65.0,181.0,37.0,4.0,3.0,3,True
530930,231406,2498,VCT 2025: EMEA Stage 2,Playoffs: Lower Round 2,2025-08-24,Lotus,1,FNATIC,GIANTX,10,13,Chronicle,458,viper,1.1,219.0,16.0,17.0,8.0,65.0,152.0,22.0,1.0,1.0,3,True
530930,231406,2498,VCT 2025: EMEA Stage 2,Playoffs: Lower Round 2,2025-08-24,Lotus,1,FNATIC,GIANTX,10,13,kaajak,9554,raze,0.94,219.0,17.0,19.0,5.0,74.0,144.0,27.0,4.0,0.0,3,True
530930,231406,2498,VCT 2025: EMEA Stage 2,Playoffs: Lower Round 2,2025-08-24,Lotus,1,FNATIC,GIANTX,10,13,crashies,4,fade,0.73,138.0,12.0,17.0,6.0,65.0,92.0,27.0,0.0,2.0,3,True
530930,231406,2498,VCT 2025: EMEA Stage 2,Playoffs: Lower Round 2,2025-08-24,Lotus,1,FNATIC,GIANTX,10,13,Boaster,438,omen,0.4,104.0,8.0,20.0,6.0,48.0,66.0,38.0,3.0,5.0,3,True
530930,231407,2498,VCT 2025: EMEA Stage 2,Playoffs: Lower Round 2,2025-08-24,Sunset,2,GIANTX,FNATIC,13,10,westside,34684,cypher,1.16,211.0,18.0,16.0,4.0,70.0,149.0,46.0,4.0,2.0,3,True
530930,231407,2498,VCT 2025: EMEA Stage 2,Playoffs: Lower Round 2,2025-08-24,Sunset,2,GIANTX,FNATIC,13,10,grubinho,5550,omen,1.15,195.0,14.0,14.0,16.0,87.0,134.0,30.0,5.0,0.0,3,True
530930,231407,2498,VCT 2025: EMEA Stage 2,Playoffs: Lower Round 2,2025-08-24,Sunset,2,GIANTX,FNATIC,13,10,Flickless,6959,breach,1.13,207.0,20.0,16.0,10.0,87.0,133.0,35.0,1.0,1.0,3,True
530930,231407,2498,VCT 2025: EMEA Stage 2,Playoffs: Lower Round 2,2025-08-24,Sunset,2,GIANTX,FNATIC,13,10,Cloud,4181,sova,1.06,227.0,16.0,16.0,10.0,78.0,154.0,25.0,3.0,0.0,3,True
530930,231407,2498,VCT 2025: EMEA Stage 2,Playoffs: Lower Round 2,2025-08-24,Sunset,2,GIANTX,FNATIC,13,10,ara,11332,neon,1.0,195.0,15.0,15.0,6.0,70.0,130.0,25.0,5.0,2.0,3,True
530930,231407,2498,VCT 2025: EMEA Stage 2,Playoffs: Lower Round 2,2025-08-24,Sunset,2,FNATIC,GIANTX,10,13,kaajak,9554,yoru,1.57,327.0,26.0,16.0,4.0,65.0,213.0,25.0,2.0,1.0,3,True
530930,231407,2498,VCT 2025: EMEA Stage 2,Playoffs: Lower Round 2,2025-08-24,Sunset,2,FNATIC,GIANTX,10,13,Chronicle,458,cypher,1.04,196.0,17.0,15.0,7.0,61.0,135.0,28.0,2.0,6.0,3,True
530930,231407,2498,VCT 2025: EMEA Stage 2,Playoffs: Lower Round 2,2025-08-24,Sunset,2,FNATIC,GIANTX,10,13,crashies,4,sova,0.91,133.0,10.0,14.0,11.0,78.0,99.0,27.0,0.0,3.0,3,True
530930,231407,2498,VCT 2025: EMEA Stage 2,Playoffs: Lower Round 2,2025-08-24,Sunset,2,FNATIC,GIANTX,10,13,Boaster,438,omen,0.75,161.0,13.0,18.0,6.0,74.0,115.0,56.0,0.0,3.0,3,True
530930,231407,2498,VCT 2025: EMEA Stage 2,Playoffs: Lower Round 2,2025-08-24,Sunset,2,FNATIC,GIANTX,10,13,Alfajer,9810,neon,0.51,136.0,11.0,20.0,2.0,48.0,86.0,30.0,1.0,5.0,3,True
530931,231409,2498,VCT 2025: EMEA Stage 2,Playoffs: Lower Round 2,2025-08-24,Icebox,1,Team Heretics,Natus Vincere,3,13,Wo0t,21328,jett,0.85,212.0,11.0,14.0,3.0,63.0,139.0,43.0,1.0,2.0,3,True
530931,231409,2498,VCT 2025: EMEA Stage 2,Playoffs: Lower Round 2,2025-08-24,Icebox,1,Team Heretics,Natus Vincere,3,13,benjyfishy,29873,killjoy,0.8,215.0,12.0,16.0,2.0,56.0,140.0,37.0,3.0,1.0,3,True
530931,231409,2498,VCT 2025: EMEA Stage 2,Playoffs: Lower Round 2,2025-08-24,Icebox,1,Team Heretics,Natus Vincere,3,13,RieNs,10971,sova,0.65,176.0,8.0,15.0,3.0,56.0,119.0,32.0,1.0,1.0,3,True
530931,231409,2498,VCT 2025: EMEA Stage 2,Playoffs: Lower Round 2,2025-08-24,Icebox,1,Team Heretics,Natus Vincere,3,13,MiniBoo,18350,yoru,0.42,158.0,9.0,16.0,0.0,38.0,111.0,19.0,2.0,4.0,3,True
530931,231409,2498,VCT 2025: EMEA Stage 2,Playoffs: Lower Round 2,2025-08-24,Icebox,1,Team Heretics,Natus Vincere,3,13,Boo,1144,viper,0.3,86.0,4.0,15.0,1.0,50.0,65.0,26.0,1.0,0.0,3,True
530931,231409,2498,VCT 2025: EMEA Stage 2,Playoffs: Lower Round 2,2025-08-24,Icebox,1,Natus Vincere,Team Heretics,13,3,Ruxic,18677,viper,1.76,304.0,18.0,8.0,5.0,88.0,195.0,30.0,4.0,1.0,3,True
530931,231409,2498,VCT 2025: EMEA Stage 2,Playoffs: Lower Round 2,2025-08-24,Icebox,1,Natus Vincere,Team Heretics,13,3,hiro,29867,killjoy,1.73,294.0,20.0,7.0,3.0,94.0,187.0,39.0,0.0,2.0,3,True
530931,231409,2498,VCT 2025: EMEA Stage 2,Playoffs: Lower Round 2,2025-08-24,Icebox,1,Natus Vincere,Team Heretics,13,3,Shao,384,sage,1.34,242.0,15.0,9.0,7.0,88.0,150.0,34.0,1.0,0.0,3,True
530931,231409,2498,VCT 2025: EMEA Stage 2,Playoffs: Lower Round 2,2025-08-24,Icebox,1,Natus Vincere,Team Heretics,13,3,alexiiik,25906,jett,1.19,204.0,13.0,9.0,3.0,69.0,149.0,19.0,3.0,3.0,3,True
530931,231409,2498,VCT 2025: EMEA Stage 2,Playoffs: Lower Round 2,2025-08-24,Icebox,1,Natus Vincere,Team Heretics,13,3,ANGE1,109,sova,0.87,196.0,10.0,11.0,6.0,69.0,138.0,36.0,0.0,2.0,3,True
530931,231410,2498,VCT 2025: EMEA Stage 2,Playoffs: Lower Round 2,2025-08-24,Haven,2,Team Heretics,Natus Vincere,7,13,benjyfishy,29873,cypher,0.97,202.0,14.0,14.0,5.0,65.0,130.0,44.0,2.0,1.0,3,True
530931,231410,2498,VCT 2025: EMEA Stage 2,Playoffs: Lower Round 2,2025-08-24,Haven,2,Team Heretics,Natus Vincere,7,13,MiniBoo,18350,yoru,0.86,224.0,15.0,17.0,2.0,80.0,149.0,33.0,5.0,2.0,3,True
530931,231410,2498,VCT 2025: EMEA Stage 2,Playoffs: Lower Round 2,2025-08-24,Haven,2,Team Heretics,Natus Vincere,7,13,Wo0t,21328,iso,0.81,192.0,13.0,15.0,6.0,70.0,137.0,42.0,3.0,5.0,3,True
530931,231410,2498,VCT 2025: EMEA Stage 2,Playoffs: Lower Round 2,2025-08-24,Haven,2,Team Heretics,Natus Vincere,7,13,RieNs,10971,sova,0.74,166.0,12.0,15.0,4.0,60.0,114.0,30.0,0.0,0.0,3,True
530931,231410,2498,VCT 2025: EMEA Stage 2,Playoffs: Lower Round 2,2025-08-24,Haven,2,Team Heretics,Natus Vincere,7,13,Boo,1144,omen,0.68,150.0,10.0,15.0,4.0,70.0,100.0,38.0,1.0,1.0,3,True
530931,231410,2498,VCT 2025: EMEA Stage 2,Playoffs: Lower Round 2,2025-08-24,Haven,2,Natus Vincere,Team Heretics,13,7,Shao,384,omen,1.58,302.0,22.0,12.0,4.0,70.0,183.0,43.0,4.0,2.0,3,True
530931,231410,2498,VCT 2025: EMEA Stage 2,Playoffs: Lower Round 2,2025-08-24,Haven,2,Natus Vincere,Team Heretics,13,7,Ruxic,18677,viper,1.23,248.0,19.0,14.0,6.0,75.0,170.0,25.0,2.0,2.0,3,True
530931,231410,2498,VCT 2025: EMEA Stage 2,Playoffs: Lower Round 2,2025-08-24,Haven,2,Natus Vincere,Team Heretics,13,7,hiro,29867,killjoy,1.18,228.0,16.0,13.0,6.0,85.0,141.0,30.0,1.0,2.0,3,True
530931,231410,2498,VCT 2025: EMEA Stage 2,Playoffs: Lower Round 2,2025-08-24,Haven,2,Natus Vincere,Team Heretics,13,7,alexiiik,25906,neon,0.92,192.0,12.0,13.0,6.0,75.0,120.0,18.0,2.0,3.0,3,True
530931,231410,2498,VCT 2025: EMEA Stage 2,Playoffs: Lower Round 2,2025-08-24,Haven,2,Natus Vincere,Team Heretics,13,7,ANGE1,109,sova,0.66,101.0,7.0,12.0,7.0,70.0,71.0,28.0,0.0,2.0,3,True
530932,231412,2498,VCT 2025: EMEA Stage 2,Playoffs: Upper Final,2025-08-29,Ascent,1,BBL Esports,Team Liquid,10,13,PROFEK,5554,omen,1.14,241.0,18.0,16.0,8.0,70.0,154.0,16.0,2.0,3.0,3,True
530932,231412,2498,VCT 2025: EMEA Stage 2,Playoffs: Upper Final,2025-08-29,Ascent,1,BBL Esports,Team Liquid,10,13,LewN,20144,jett,1.03,245.0,20.0,19.0,1.0,65.0,142.0,30.0,5.0,4.0,3,True
530932,231412,2498,VCT 2025: EMEA Stage 2,Playoffs: Upper Final,2025-08-29,Ascent,1,BBL Esports,Team Liquid,10,13,Jamppi,9780,kayo,0.92,183.0,14.0,16.0,8.0,61.0,121.0,20.0,2.0,2.0,3,True
530932,231412,2498,VCT 2025: EMEA Stage 2,Playoffs: Upper Final,2025-08-29,Ascent,1,BBL Esports,Team Liquid,10,13,MAGNUM,2173,fade,0.75,175.0,13.0,19.0,7.0,70.0,115.0,23.0,0.0,4.0,3,True
530932,231412,2498,VCT 2025: EMEA Stage 2,Playoffs: Upper Final,2025-08-29,Ascent,1,BBL Esports,Team Liquid,10,13,sociablEE,5568,tejo,0.41,93.0,7.0,19.0,2.0,48.0,68.0,33.0,1.0,0.0,3,True
530932,231412,2498,VCT 2025: EMEA Stage 2,Playoffs: Upper Final,2025-08-29,Ascent,1,Team Liquid,BBL Esports,13,10,nAts,457,cypher,1.57,279.0,23.0,13.0,3.0,87.0,180.0,23.0,3.0,2.0,3,True
530932,231412,2498,VCT 2025: EMEA Stage 2,Playoffs: Upper Final,2025-08-29,Ascent,1,Team Liquid,BBL Esports,13,10,trexx,2168,sova,1.24,217.0,17.0,12.0,6.0,61.0,149.0,25.0,0.0,1.0,3,True
530932,231412,2498,VCT 2025: EMEA Stage 2,Playoffs: Upper Final,2025-08-29,Ascent,1,Team Liquid,BBL Esports,13,10,paTiTek,309,kayo,1.18,258.0,21.0,16.0,13.0,83.0,162.0,32.0,4.0,2.0,3,True
530932,231412,2498,VCT 2025: EMEA Stage 2,Playoffs: Upper Final,2025-08-29,Ascent,1,Team Liquid,BBL Esports,13,10,keiko,11494,omen,1.03,162.0,12.0,13.0,16.0,70.0,96.0,34.0,3.0,1.0,3,True
530932,231412,2498,VCT 2025: EMEA Stage 2,Playoffs: Upper Final,2025-08-29,Ascent,1,Team Liquid,BBL Esports,13,10,kamo,14681,jett,0.76,182.0,16.0,18.0,2.0,65.0,103.0,17.0,3.0,4.0,3,True
530932,231413,2498,VCT 2025: EMEA Stage 2,Playoffs: Upper Final,2025-08-29,Sunset,2,BBL Esports,Team Liquid,13,10,sociablEE,5568,deadlock,2.02,411.0,36.0,15.0,1.0,83.0,256.0,38.0,4.0,0.0,3,True
530932,231413,2498,VCT 2025: EMEA Stage 2,Playoffs: Upper Final,2025-08-29,Sunset,2,BBL Esports,Team Liquid,13,10,PROFEK,5554,omen,0.81,171.0,15.0,17.0,5.0,70.0,122.0,30.0,1.0,2.0,3,True
530932,231413,2498,VCT 2025: EMEA Stage 2,Playoffs: Upper Final,2025-08-29,Sunset,2,BBL Esports,Team Liquid,13,10,MAGNUM,2173,viper,0.77,169.0,14.0,18.0,4.0,74.0,112.0,23.0,3.0,3.0,3,True
530932,231413,2498,VCT 2025: EMEA Stage 2,Playoffs: Upper Final,2025-08-29,Sunset,2,BBL Esports,Team Liquid,13,10,Jamppi,9780,sova,0.76,168.0,13.0,17.0,5.0,78.0,109.0,32.0,1.0,2.0,3,True
530932,231413,2498,VCT 2025: EMEA Stage 2,Playoffs: Upper Final,2025-08-29,Sunset,2,BBL Esports,Team Liquid,13,10,LewN,20144,neon,0.58,131.0,9.0,17.0,5.0,65.0,89.0,26.0,2.0,5.0,3,True
530932,231413,2498,VCT 2025: EMEA Stage 2,Playoffs: Upper Final,2025-08-29,Sunset,2,Team Liquid,BBL Esports,10,13,keiko,11494,raze,1.27,261.0,24.0,17.0,1.0,65.0,165.0,27.0,4.0,4.0,3,True
530932,231413,2498,VCT 2025: EMEA Stage 2,Playoffs: Upper Final,2025-08-29,Sunset,2,Team Liquid,BBL Esports,10,13,nAts,457,cypher,1.12,212.0,17.0,18.0,12.0,87.0,144.0,18.0,2.0,2.0,3,True
530932,231413,2498,VCT 2025: EMEA Stage 2,Playoffs: Upper Final,2025-08-29,Sunset,2,Team Liquid,BBL Esports,10,13,kamo,14681,yoru,1.02,205.0,17.0,16.0,7.0,74.0,138.0,25.0,4.0,2.0,3,True
530932,231413,2498,VCT 2025: EMEA Stage 2,Playoffs: Upper Final,2025-08-29,Sunset,2,Team Liquid,BBL Esports,10,13,paTiTek,309,omen,0.86,157.0,13.0,18.0,11.0,65.0,109.0,27.0,2.0,2.0,3,True
530932,231413,2498,VCT 2025: EMEA Stage 2,Playoffs: Upper Final,2025-08-29,Sunset,2,Team Liquid,BBL Esports,10,13,trexx,2168,fade,0.77,177.0,13.0,18.0,10.0,78.0,106.0,18.0,0.0,1.0,3,True
530932,231414,2498,VCT 2025: EMEA Stage 2,Playoffs: Upper Final,2025-08-29,Bind,3,BBL Esports,Team Liquid,12,14,PROFEK,5554,brimstone,1.39,264.0,24.0,17.0,16.0,85.0,176.0,23.0,2.0,1.0,3,True
530932,231414,2498,VCT 2025: EMEA Stage 2,Playoffs: Upper Final,2025-08-29,Bind,3,BBL Esports,Team Liquid,12,14,LewN,20144,iso,1.03,248.0,22.0,22.0,4.0,65.0,165.0,33.0,5.0,3.0,3,True
530932,231414,2498,VCT 2025: EMEA Stage 2,Playoffs: Upper Final,2025-08-29,Bind,3,BBL Esports,Team Liquid,12,14,MAGNUM,2173,viper,0.95,177.0,17.0,19.0,9.0,62.0,110.0,25.0,0.0,4.0,3,True
530932,231414,2498,VCT 2025: EMEA Stage 2,Playoffs: Upper Final,2025-08-29,Bind,3,BBL Esports,Team Liquid,12,14,Jamppi,9780,fade,0.84,169.0,15.0,18.0,6.0,69.0,120.0,34.0,0.0,0.0,3,True
530932,231414,2498,VCT 2025: EMEA Stage 2,Playoffs: Upper Final,2025-08-29,Bind,3,BBL Esports,Team Liquid,12,14,sociablEE,5568,yoru,0.72,184.0,17.0,21.0,2.0,62.0,119.0,32.0,6.0,5.0,3,True
530932,231414,2498,VCT 2025: EMEA Stage 2,Playoffs: Upper Final,2025-08-29,Bind,3,Team Liquid,BBL Esports,14,12,nAts,457,viper,1.65,333.0,30.0,18.0,8.0,65.0,223.0,29.0,5.0,3.0,3,True
530932,231414,2498,VCT 2025: EMEA Stage 2,Playoffs: Upper Final,2025-08-29,Bind,3,Team Liquid,BBL Esports,14,12,paTiTek,309,skye,1.19,201.0,19.0,17.0,11.0,85.0,133.0,24.0,2.0,2.0,3,True
530932,231414,2498,VCT 2025: EMEA Stage 2,Playoffs: Upper Final,2025-08-29,Bind,3,Team Liquid,BBL Esports,14,12,trexx,2168,gekko,1.12,216.0,21.0,19.0,12.0,77.0,135.0,24.0,2.0,2.0,3,True
530932,231414,2498,VCT 2025: EMEA Stage 2,Playoffs: Upper Final,2025-08-29,Bind,3,Team Liquid,BBL Esports,14,12,keiko,11494,brimstone,0.94,189.0,16.0,18.0,15.0,85.0,132.0,31.0,0.0,1.0,3,True
530932,231414,2498,VCT 2025: EMEA Stage 2,Playoffs: Upper Final,2025-08-29,Bind,3,Team Liquid,BBL Esports,14,12,kamo,14681,raze,0.48,149.0,11.0,23.0,4.0,69.0,106.0,16.0,4.0,5.0,3,True
530933,231415,2498,VCT 2025: EMEA Stage 2,Playoffs: Lower Round 3,2025-08-29,Icebox,1,GIANTX,Natus Vincere,6,13,westside,34684,killjoy,1.27,271.0,18.0,16.0,2.0,68.0,165.0,38.0,4.0,0.0,3,True
530933,231415,2498,VCT 2025: EMEA Stage 2,Playoffs: Lower Round 3,2025-08-29,Icebox,1,GIANTX,Natus Vincere,6,13,ara,11332,jett,1.13,208.0,14.0,12.0,1.0,74.0,141.0,20.0,3.0,2.0,3,True
530933,231415,2498,VCT 2025: EMEA Stage 2,Playoffs: Lower Round 3,2025-08-29,Icebox,1,GIANTX,Natus Vincere,6,13,Flickless,6959,kayo,0.99,241.0,14.0,17.0,8.0,63.0,168.0,34.0,0.0,0.0,3,True
530933,231415,2498,VCT 2025: EMEA Stage 2,Playoffs: Lower Round 3,2025-08-29,Icebox,1,GIANTX,Natus Vincere,6,13,Cloud,4181,gekko,0.42,104.0,5.0,16.0,10.0,68.0,74.0,7.0,0.0,2.0,3,True
530933,231415,2498,VCT 2025: EMEA Stage 2,Playoffs: Lower Round 3,2025-08-29,Icebox,1,GIANTX,Natus Vincere,6,13,grubinho,5550,viper,0.37,108.0,7.0,16.0,3.0,53.0,82.0,35.0,2.0,6.0,3,True
530933,231415,2498,VCT 2025: EMEA Stage 2,Playoffs: Lower Round 3,2025-08-29,Icebox,1,Natus Vincere,GIANTX,13,6,hiro,29867,killjoy,1.53,265.0,19.0,8.0,3.0,95.0,179.0,30.0,4.0,1.0,3,True
530933,231415,2498,VCT 2025: EMEA Stage 2,Playoffs: Lower Round 3,2025-08-29,Icebox,1,Natus Vincere,GIANTX,13,6,Ruxic,18677,viper,1.48,285.0,20.0,10.0,4.0,89.0,174.0,28.0,2.0,2.0,3,True
530933,231415,2498,VCT 2025: EMEA Stage 2,Playoffs: Lower Round 3,2025-08-29,Icebox,1,Natus Vincere,GIANTX,13,6,alexiiik,25906,jett,1.03,187.0,14.0,11.0,1.0,74.0,132.0,30.0,0.0,4.0,3,True
530933,231415,2498,VCT 2025: EMEA Stage 2,Playoffs: Lower Round 3,2025-08-29,Icebox,1,Natus Vincere,GIANTX,13,6,ANGE1,109,sova,0.91,221.0,15.0,16.0,8.0,89.0,151.0,36.0,2.0,1.0,3,True
530933,231415,2498,VCT 2025: EMEA Stage 2,Playoffs: Lower Round 3,2025-08-29,Icebox,1,Natus Vincere,GIANTX,13,6,Shao,384,sage,0.78,141.0,9.0,13.0,7.0,79.0,87.0,14.0,2.0,1.0,3,True
530933,231416,2498,VCT 2025: EMEA Stage 2,Playoffs: Lower Round 3,2025-08-29,Sunset,2,GIANTX,Natus Vincere,13,6,ara,11332,neon,1.75,311.0,23.0,9.0,3.0,79.0,214.0,29.0,2.0,1.0,3,True
530933,231416,2498,VCT 2025: EMEA Stage 2,Playoffs: Lower Round 3,2025-08-29,Sunset,2,GIANTX,Natus Vincere,13,6,Cloud,4181,sova,1.63,289.0,20.0,9.0,5.0,79.0,163.0,23.0,7.0,1.0,3,True
530933,231416,2498,VCT 2025: EMEA Stage 2,Playoffs: Lower Round 3,2025-08-29,Sunset,2,GIANTX,Natus Vincere,13,6,westside,34684,cypher,1.3,237.0,16.0,10.0,7.0,89.0,152.0,43.0,0.0,1.0,3,True
530933,231416,2498,VCT 2025: EMEA Stage 2,Playoffs: Lower Round 3,2025-08-29,Sunset,2,GIANTX,Natus Vincere,13,6,Flickless,6959,breach,1.08,172.0,11.0,11.0,11.0,68.0,121.0,24.0,2.0,2.0,3,True
530933,231416,2498,VCT 2025: EMEA Stage 2,Playoffs: Lower Round 3,2025-08-29,Sunset,2,GIANTX,Natus Vincere,13,6,grubinho,5550,omen,0.47,130.0,8.0,16.0,8.0,68.0,85.0,21.0,0.0,3.0,3,True
530933,231416,2498,VCT 2025: EMEA Stage 2,Playoffs: Lower Round 3,2025-08-29,Sunset,2,Natus Vincere,GIANTX,6,13,Shao,384,fade,1.23,244.0,16.0,14.0,5.0,89.0,150.0,51.0,3.0,1.0,3,True
530933,231416,2498,VCT 2025: EMEA Stage 2,Playoffs: Lower Round 3,2025-08-29,Sunset,2,Natus Vincere,GIANTX,6,13,hiro,29867,cypher,1.07,246.0,16.0,16.0,4.0,74.0,157.0,44.0,3.0,0.0,3,True
530933,231416,2498,VCT 2025: EMEA Stage 2,Playoffs: Lower Round 3,2025-08-29,Sunset,2,Natus Vincere,GIANTX,6,13,Ruxic,18677,omen,0.91,175.0,13.0,15.0,4.0,58.0,114.0,33.0,1.0,0.0,3,True
530933,231416,2498,VCT 2025: EMEA Stage 2,Playoffs: Lower Round 3,2025-08-29,Sunset,2,Natus Vincere,GIANTX,6,13,ANGE1,109,breach,0.35,86.0,5.0,16.0,5.0,68.0,54.0,55.0,1.0,1.0,3,True
530933,231416,2498,VCT 2025: EMEA Stage 2,Playoffs: Lower Round 3,2025-08-29,Sunset,2,Natus Vincere,GIANTX,6,13,alexiiik,25906,raze,0.16,98.0,5.0,17.0,4.0,47.0,64.0,3.0,0.0,9.0,3,True
530933,231417,2498,VCT 2025: EMEA Stage 2,Playoffs: Lower Round 3,2025-08-29,Haven,3,GIANTX,Natus Vincere,13,4,ara,11332,neon,1.73,277.0,19.0,7.0,1.0,88.0,159.0,23.0,5.0,1.0,3,True
530933,231417,2498,VCT 2025: EMEA Stage 2,Playoffs: Lower Round 3,2025-08-29,Haven,3,GIANTX,Natus Vincere,13,4,westside,34684,cypher,1.58,262.0,17.0,9.0,4.0,82.0,180.0,53.0,2.0,0.0,3,True
530933,231417,2498,VCT 2025: EMEA Stage 2,Playoffs: Lower Round 3,2025-08-29,Haven,3,GIANTX,Natus Vincere,13,4,grubinho,5550,omen,1.2,266.0,16.0,12.0,9.0,82.0,184.0,31.0,4.0,0.0,3,True
530933,231417,2498,VCT 2025: EMEA Stage 2,Playoffs: Lower Round 3,2025-08-29,Haven,3,GIANTX,Natus Vincere,13,4,Cloud,4181,sova,1.15,171.0,11.0,8.0,4.0,88.0,129.0,35.0,1.0,2.0,3,True
530933,231417,2498,VCT 2025: EMEA Stage 2,Playoffs: Lower Round 3,2025-08-29,Haven,3,GIANTX,Natus Vincere,13,4,Flickless,6959,breach,0.97,133.0,7.0,8.0,10.0,76.0,90.0,16.0,1.0,1.0,3,True
530933,231417,2498,VCT 2025: EMEA Stage 2,Playoffs: Lower Round 3,2025-08-29,Haven,3,Natus Vincere,GIANTX,4,13,hiro,29867,killjoy,1.1,220.0,12.0,13.0,4.0,65.0,139.0,23.0,1.0,1.0,3,True
530933,231417,2498,VCT 2025: EMEA Stage 2,Playoffs: Lower Round 3,2025-08-29,Haven,3,Natus Vincere,GIANTX,4,13,alexiiik,25906,neon,0.72,152.0,10.0,13.0,1.0,47.0,109.0,63.0,0.0,2.0,3,True
530933,231417,2498,VCT 2025: EMEA Stage 2,Playoffs: Lower Round 3,2025-08-29,Haven,3,Natus Vincere,GIANTX,4,13,Ruxic,18677,viper,0.65,174.0,10.0,14.0,3.0,65.0,104.0,23.0,1.0,3.0,3,True
530933,231417,2498,VCT 2025: EMEA Stage 2,Playoffs: Lower Round 3,2025-08-29,Haven,3,Natus Vincere,GIANTX,4,13,Shao,384,omen,0.46,119.0,6.0,15.0,5.0,65.0,76.0,24.0,2.0,4.0,3,True
530933,231417,2498,VCT 2025: EMEA Stage 2,Playoffs: Lower Round 3,2025-08-29,Haven,3,Natus Vincere,GIANTX,4,13,ANGE1,109,sova,0.41,111.0,6.0,15.0,4.0,47.0,78.0,40.0,0.0,3.0,3,True
530934,231418,2498,VCT 2025: EMEA Stage 2,Playoffs: Lower Final,2025-08-30,Ascent,1,BBL Esports,GIANTX,2,13,sociablEE,5568,tejo,0.97,199.0,11.0,14.0,0.0,47.0,129.0,20.0,2.0,2.0,5,True
530934,231418,2498,VCT 2025: EMEA Stage 2,Playoffs: Lower Final,2025-08-30,Ascent,1,BBL Esports,GIANTX,2,13,Jamppi,9780,kayo,0.77,137.0,6.0,12.0,7.0,60.0,95.0,30.0,0.0,1.0,5,True
530934,231418,2498,VCT 2025: EMEA Stage 2,Playoffs: Lower Final,2025-08-30,Ascent,1,BBL Esports,GIANTX,2,13,MAGNUM,2173,fade,0.69,169.0,8.0,14.0,4.0,47.0,112.0,32.0,1.0,2.0,5,True
530934,231418,2498,VCT 2025: EMEA Stage 2,Playoffs: Lower Final,2025-08-30,Ascent,1,BBL Esports,GIANTX,2,13,PROFEK,5554,omen,0.23,82.0,2.0,15.0,2.0,20.0,62.0,17.0,1.0,1.0,5,True
530934,231418,2498,VCT 2025: EMEA Stage 2,Playoffs: Lower Final,2025-08-30,Ascent,1,BBL Esports,GIANTX,2,13,LewN,20144,jett,0.06,73.0,2.0,15.0,3.0,27.0,64.0,10.0,0.0,5.0,5,True
530934,231418,2498,VCT 2025: EMEA Stage 2,Playoffs: Lower Final,2025-08-30,Ascent,1,GIANTX,BBL Esports,13,2,Flickless,6959,kayo,1.85,309.0,16.0,5.0,10.0,80.0,184.0,30.0,3.0,0.0,5,True
530934,231418,2498,VCT 2025: EMEA Stage 2,Playoffs: Lower Final,2025-08-30,Ascent,1,GIANTX,BBL Esports,13,2,westside,34684,cypher,1.79,275.0,18.0,4.0,3.0,87.0,195.0,46.0,1.0,0.0,5,True
530934,231418,2498,VCT 2025: EMEA Stage 2,Playoffs: Lower Final,2025-08-30,Ascent,1,GIANTX,BBL Esports,13,2,grubinho,5550,omen,1.46,226.0,13.0,5.0,10.0,100.0,139.0,41.0,0.0,1.0,5,True
530934,231418,2498,VCT 2025: EMEA Stage 2,Playoffs: Lower Final,2025-08-30,Ascent,1,GIANTX,BBL Esports,13,2,ara,11332,jett,1.3,287.0,15.0,9.0,4.0,73.0,193.0,17.0,5.0,3.0,5,True
530934,231418,2498,VCT 2025: EMEA Stage 2,Playoffs: Lower Final,2025-08-30,Ascent,1,GIANTX,BBL Esports,13,2,Cloud,4181,sova,1.15,165.0,8.0,6.0,8.0,87.0,109.0,32.0,2.0,0.0,5,True
530934,231419,2498,VCT 2025: EMEA Stage 2,Playoffs: Lower Final,2025-08-30,Sunset,2,BBL Esports,GIANTX,8,13,sociablEE,5568,deadlock,1.12,244.0,19.0,17.0,2.0,71.0,147.0,50.0,1.0,1.0,5,True
530934,231419,2498,VCT 2025: EMEA Stage 2,Playoffs: Lower Final,2025-08-30,Sunset,2,BBL Esports,GIANTX,8,13,PROFEK,5554,omen,0.96,189.0,13.0,14.0,4.0,62.0,120.0,34.0,4.0,2.0,5,True
530934,231419,2498,VCT 2025: EMEA Stage 2,Playoffs: Lower Final,2025-08-30,Sunset,2,BBL Esports,GIANTX,8,13,MAGNUM,2173,viper,0.69,154.0,11.0,16.0,3.0,57.0,104.0,26.0,1.0,7.0,5,True
530934,231419,2498,VCT 2025: EMEA Stage 2,Playoffs: Lower Final,2025-08-30,Sunset,2,BBL Esports,GIANTX,8,13,Jamppi,9780,sova,0.64,143.0,9.0,17.0,5.0,57.0,106.0,29.0,0.0,3.0,5,True
530934,231419,2498,VCT 2025: EMEA Stage 2,Playoffs: Lower Final,2025-08-30,Sunset,2,BBL Esports,GIANTX,8,13,LewN,20144,neon,0.53,95.0,7.0,16.0,2.0,48.0,65.0,25.0,1.0,1.0,5,True
530934,231419,2498,VCT 2025: EMEA Stage 2,Playoffs: Lower Final,2025-08-30,Sunset,2,GIANTX,BBL Esports,13,8,grubinho,5550,omen,1.7,318.0,23.0,13.0,9.0,90.0,207.0,31.0,1.0,2.0,5,True
530934,231419,2498,VCT 2025: EMEA Stage 2,Playoffs: Lower Final,2025-08-30,Sunset,2,GIANTX,BBL Esports,13,8,ara,11332,neon,1.36,305.0,24.0,13.0,1.0,81.0,188.0,37.0,7.0,1.0,5,True
530934,231419,2498,VCT 2025: EMEA Stage 2,Playoffs: Lower Final,2025-08-30,Sunset,2,GIANTX,BBL Esports,13,8,westside,34684,cypher,1.12,207.0,17.0,12.0,2.0,67.0,133.0,65.0,3.0,3.0,5,True
530934,231419,2498,VCT 2025: EMEA Stage 2,Playoffs: Lower Final,2025-08-30,Sunset,2,GIANTX,BBL Esports,13,8,Flickless,6959,breach,0.89,99.0,7.0,8.0,10.0,76.0,63.0,47.0,0.0,1.0,5,True
530934,231419,2498,VCT 2025: EMEA Stage 2,Playoffs: Lower Final,2025-08-30,Sunset,2,GIANTX,BBL Esports,13,8,Cloud,4181,sova,0.69,140.0,9.0,13.0,8.0,71.0,101.0,13.0,3.0,0.0,5,True
530934,233349,2498,VCT 2025: EMEA Stage 2,Playoffs: Lower Final,2025-08-30,Bind,3,BBL Esports,GIANTX,6,13,Jamppi,9780,fade,0.86,143.0,9.0,14.0,2.0,47.0,99.0,31.0,0.0,1.0,5,True
530934,233349,2498,VCT 2025: EMEA Stage 2,Playoffs: Lower Final,2025-08-30,Bind,3,BBL Esports,GIANTX,6,13,LewN,20144,iso,0.81,197.0,12.0,16.0,2.0,47.0,137.0,38.0,0.0,5.0,5,True
530934,233349,2498,VCT 2025: EMEA Stage 2,Playoffs: Lower Final,2025-08-30,Bind,3,BBL Esports,GIANTX,6,13,MAGNUM,2173,viper,0.73,150.0,10.0,15.0,1.0,53.0,100.0,27.0,0.0,4.0,5,True
530934,233349,2498,VCT 2025: EMEA Stage 2,Playoffs: Lower Final,2025-08-30,Bind,3,BBL Esports,GIANTX,6,13,PROFEK,5554,brimstone,0.63,113.0,7.0,17.0,0.0,47.0,96.0,20.0,0.0,1.0,5,True
530934,233349,2498,VCT 2025: EMEA Stage 2,Playoffs: Lower Final,2025-08-30,Bind,3,BBL Esports,GIANTX,6,13,sociablEE,5568,yoru,0.41,118.0,8.0,18.0,1.0,53.0,79.0,42.0,3.0,5.0,5,True
530934,233349,2498,VCT 2025: EMEA Stage 2,Playoffs: Lower Final,2025-08-30,Bind,3,GIANTX,BBL Esports,13,6,ara,11332,raze,1.57,316.0,20.0,9.0,6.0,84.0,202.0,28.0,5.0,0.0,5,True
530934,233349,2498,VCT 2025: EMEA Stage 2,Playoffs: Lower Final,2025-08-30,Bind,3,GIANTX,BBL Esports,13,6,grubinho,5550,astra,1.45,196.0,15.0,7.0,9.0,95.0,136.0,31.0,3.0,0.0,5,True
530934,233349,2498,VCT 2025: EMEA Stage 2,Playoffs: Lower Final,2025-08-30,Bind,3,GIANTX,BBL Esports,13,6,Flickless,6959,viper,1.27,227.0,15.0,10.0,12.0,84.0,160.0,29.0,4.0,0.0,5,True
530934,233349,2498,VCT 2025: EMEA Stage 2,Playoffs: Lower Final,2025-08-30,Bind,3,GIANTX,BBL Esports,13,6,Cloud,4181,gekko,1.07,169.0,13.0,9.0,3.0,89.0,109.0,24.0,2.0,1.0,5,True
530934,233349,2498,VCT 2025: EMEA Stage 2,Playoffs: Lower Final,2025-08-30,Bind,3,GIANTX,BBL Esports,13,6,westside,34684,deadlock,1.06,224.0,17.0,11.0,4.0,68.0,127.0,36.0,2.0,2.0,5,True
538583,232785,2498,VCT 2025: EMEA Stage 2,Showmatch: Main Event,2025-08-31,Corrode,1,Team France,Team EMEA,7,13,MARCTYLINHO,3579,omen,1.72,323.0,24.0,13.0,4.0,70.0,195.0,33.0,2.0,1.0,1,True
538583,232785,2498,VCT 2025: EMEA Stage 2,Showmatch: Main Event,2025-08-31,Corrode,1,Team France,Team EMEA,7,13,RaGe,58090,iso,1.31,264.0,19.0,16.0,2.0,60.0,168.0,47.0,0.0,4.0,1,True
538583,232785,2498,VCT 2025: EMEA Stage 2,Showmatch: Main Event,2025-08-31,Corrode,1,Team France,Team EMEA,7,13,Loupiote,16078,fade,0.75,167.0,10.0,17.0,7.0,75.0,106.0,18.0,0.0,3.0,1,True
538583,232785,2498,VCT 2025: EMEA Stage 2,Showmatch: Main Event,2025-08-31,Corrode,1,Team France,Team EMEA,7,13,Helydia,58091,jett,0.39,138.0,8.0,19.0,4.0,50.0,98.0,21.0,2.0,8.0,1,True
538583,232785,2498,VCT 2025: EMEA Stage 2,Showmatch: Main Event,2025-08-31,Corrode,1,Team France,Team EMEA,7,13,TheMisterCH,42535,gekko,0.36,88.0,5.0,18.0,2.0,50.0,73.0,25.0,0.0,0.0,1,True
538583,232785,2498,VCT 2025: EMEA Stage 2,Showmatch: Main Event,2025-08-31,Corrode,1,Team EMEA,Team France,13,7,Harmii,24803,chamber,1.44,324.0,22.0,14.0,4.0,90.0,227.0,24.0,8.0,0.0,1,True
538583,232785,2498,VCT 2025: EMEA Stage 2,Showmatch: Main Event,2025-08-31,Corrode,1,Team EMEA,Team France,13,7,KEREME,3922,clove,1.35,273.0,20.0,12.0,8.0,85.0,190.0,25.0,2.0,2.0,1,True
538583,232785,2498,VCT 2025: EMEA Stage 2,Showmatch: Main Event,2025-08-31,Corrode,1,Team EMEA,Team France,13,7,cigdemT,20278,fade,1.1,191.0,16.0,13.0,5.0,85.0,121.0,34.0,1.0,1.0,1,True
538583,232785,2498,VCT 2025: EMEA Stage 2,Showmatch: Main Event,2025-08-31,Corrode,1,Team EMEA,Team France,13,7,mimi,17323,yoru,0.96,251.0,18.0,14.0,4.0,70.0,149.0,46.0,3.0,1.0,1,True
538583,232785,2498,VCT 2025: EMEA Stage 2,Showmatch: Main Event,2025-08-31,Corrode,1,Team EMEA,Team France,13,7,Pereira,58092,neon,0.49,99.0,7.0,13.0,2.0,55.0,73.0,14.0,2.0,0.0,1,True
530935,231423,2498,VCT 2025: EMEA Stage 2,Playoffs: Grand Final,2025-08-31,Bind,1,Team Liquid,GIANTX,13,10,nAts,457,viper,1.28,310.0,25.0,18.0,4.0,83.0,212.0,39.0,3.0,0.0,5,True
530935,231423,2498,VCT 2025: EMEA Stage 2,Playoffs: Grand Final,2025-08-31,Bind,1,Team Liquid,GIANTX,13,10,kamo,14681,raze,1.22,246.0,20.0,15.0,3.0,74.0,153.0,25.0,6.0,4.0,5,True
530935,231423,2498,VCT 2025: EMEA Stage 2,Playoffs: Grand Final,2025-08-31,Bind,1,Team Liquid,GIANTX,13,10,keiko,11494,brimstone,1.08,176.0,15.0,14.0,8.0,83.0,118.0,63.0,2.0,1.0,5,True
530935,231423,2498,VCT 2025: EMEA Stage 2,Playoffs: Grand Final,2025-08-31,Bind,1,Team Liquid,GIANTX,13,10,trexx,2168,gekko,0.87,168.0,14.0,14.0,4.0,65.0,119.0,25.0,1.0,1.0,5,True
530935,231423,2498,VCT 2025: EMEA Stage 2,Playoffs: Grand Final,2025-08-31,Bind,1,Team Liquid,GIANTX,13,10,paTiTek,309,skye,0.81,137.0,10.0,15.0,7.0,83.0,101.0,38.0,1.0,4.0,5,True
530935,231423,2498,VCT 2025: EMEA Stage 2,Playoffs: Grand Final,2025-08-31,Bind,1,GIANTX,Team Liquid,10,13,grubinho,5550,astra,1.31,218.0,18.0,14.0,8.0,61.0,153.0,27.0,1.0,2.0,5,True
530935,231423,2498,VCT 2025: EMEA Stage 2,Playoffs: Grand Final,2025-08-31,Bind,1,GIANTX,Team Liquid,10,13,westside,34684,deadlock,0.99,154.0,14.0,14.0,6.0,83.0,92.0,42.0,5.0,3.0,5,True
530935,231423,2498,VCT 2025: EMEA Stage 2,Playoffs: Grand Final,2025-08-31,Bind,1,GIANTX,Team Liquid,10,13,ara,11332,raze,0.86,206.0,16.0,18.0,2.0,74.0,136.0,37.0,2.0,3.0,5,True
530935,231423,2498,VCT 2025: EMEA Stage 2,Playoffs: Grand Final,2025-08-31,Bind,1,GIANTX,Team Liquid,10,13,Flickless,6959,viper,0.76,161.0,13.0,18.0,3.0,74.0,108.0,22.0,1.0,1.0,5,True
530935,231423,2498,VCT 2025: EMEA Stage 2,Playoffs: Grand Final,2025-08-31,Bind,1,GIANTX,Team Liquid,10,13,Cloud,4181,gekko,0.73,192.0,15.0,20.0,5.0,48.0,126.0,33.0,1.0,4.0,5,True
530935,231424,2498,VCT 2025: EMEA Stage 2,Playoffs: Grand Final,2025-08-31,Lotus,2,Team Liquid,GIANTX,13,9,trexx,2168,fade,1.67,359.0,26.0,16.0,17.0,95.0,222.0,28.0,1.0,1.0,5,True
530935,231424,2498,VCT 2025: EMEA Stage 2,Playoffs: Grand Final,2025-08-31,Lotus,2,Team Liquid,GIANTX,13,9,nAts,457,vyse,1.36,242.0,19.0,12.0,11.0,95.0,151.0,29.0,1.0,1.0,5,True
530935,231424,2498,VCT 2025: EMEA Stage 2,Playoffs: Grand Final,2025-08-31,Lotus,2,Team Liquid,GIANTX,13,9,keiko,11494,raze,1.22,232.0,20.0,14.0,3.0,82.0,159.0,22.0,4.0,2.0,5,True
530935,231424,2498,VCT 2025: EMEA Stage 2,Playoffs: Grand Final,2025-08-31,Lotus,2,Team Liquid,GIANTX,13,9,paTiTek,309,omen,1.0,179.0,16.0,15.0,9.0,77.0,117.0,44.0,3.0,3.0,5,True
530935,231424,2498,VCT 2025: EMEA Stage 2,Playoffs: Grand Final,2025-08-31,Lotus,2,Team Liquid,GIANTX,13,9,kamo,14681,yoru,0.88,191.0,15.0,15.0,11.0,82.0,131.0,30.0,4.0,2.0,5,True
530935,231424,2498,VCT 2025: EMEA Stage 2,Playoffs: Grand Final,2025-08-31,Lotus,2,GIANTX,Team Liquid,9,13,ara,11332,raze,1.15,220.0,17.0,17.0,4.0,59.0,146.0,17.0,4.0,1.0,5,True
530935,231424,2498,VCT 2025: EMEA Stage 2,Playoffs: Grand Final,2025-08-31,Lotus,2,GIANTX,Team Liquid,9,13,grubinho,5550,omen,0.91,236.0,18.0,21.0,3.0,68.0,152.0,35.0,0.0,2.0,5,True
530935,231424,2498,VCT 2025: EMEA Stage 2,Playoffs: Grand Final,2025-08-31,Lotus,2,GIANTX,Team Liquid,9,13,westside,34684,cypher,0.74,160.0,13.0,17.0,3.0,64.0,108.0,44.0,3.0,3.0,5,True
530935,231424,2498,VCT 2025: EMEA Stage 2,Playoffs: Grand Final,2025-08-31,Lotus,2,GIANTX,Team Liquid,9,13,Flickless,6959,viper,0.64,174.0,13.0,20.0,5.0,68.0,106.0,39.0,2.0,3.0,5,True
530935,231424,2498,VCT 2025: EMEA Stage 2,Playoffs: Grand Final,2025-08-31,Lotus,2,GIANTX,Team Liquid,9,13,Cloud,4181,fade,0.56,144.0,11.0,21.0,4.0,55.0,103.0,60.0,0.0,4.0,5,True
530935,231425,2498,VCT 2025: EMEA Stage 2,Playoffs: Grand Final,2025-08-31,Sunset,3,Team Liquid,GIANTX,13,10,paTiTek,309,omen,1.38,251.0,21.0,16.0,8.0,83.0,161.0,30.0,4.0,4.0,5,True
530935,231425,2498,VCT 2025: EMEA Stage 2,Playoffs: Grand Final,2025-08-31,Sunset,3,Team Liquid,GIANTX,13,10,keiko,11494,raze,1.25,252.0,21.0,17.0,4.0,83.0,173.0,33.0,3.0,3.0,5,True
530935,231425,2498,VCT 2025: EMEA Stage 2,Playoffs: Grand Final,2025-08-31,Sunset,3,Team Liquid,GIANTX,13,10,trexx,2168,fade,1.03,140.0,12.0,12.0,13.0,83.0,95.0,17.0,1.0,1.0,5,True
530935,231425,2498,VCT 2025: EMEA Stage 2,Playoffs: Grand Final,2025-08-31,Sunset,3,Team Liquid,GIANTX,13,10,kamo,14681,yoru,1.01,210.0,17.0,17.0,6.0,74.0,142.0,23.0,2.0,4.0,5,True
530935,231425,2498,VCT 2025: EMEA Stage 2,Playoffs: Grand Final,2025-08-31,Sunset,3,Team Liquid,GIANTX,13,10,nAts,457,cypher,0.92,201.0,16.0,18.0,7.0,65.0,123.0,24.0,1.0,0.0,5,True
530935,231425,2498,VCT 2025: EMEA Stage 2,Playoffs: Grand Final,2025-08-31,Sunset,3,GIANTX,Team Liquid,10,13,grubinho,5550,omen,1.24,266.0,23.0,17.0,6.0,70.0,171.0,46.0,5.0,3.0,5,True
530935,231425,2498,VCT 2025: EMEA Stage 2,Playoffs: Grand Final,2025-08-31,Sunset,3,GIANTX,Team Liquid,10,13,Flickless,6959,breach,1.08,235.0,20.0,18.0,8.0,83.0,154.0,32.0,0.0,3.0,5,True
530935,231425,2498,VCT 2025: EMEA Stage 2,Playoffs: Grand Final,2025-08-31,Sunset,3,GIANTX,Team Liquid,10,13,Cloud,4181,sova,0.83,186.0,14.0,17.0,7.0,52.0,134.0,22.0,3.0,1.0,5,True
530935,231425,2498,VCT 2025: EMEA Stage 2,Playoffs: Grand Final,2025-08-31,Sunset,3,GIANTX,Team Liquid,10,13,westside,34684,cypher,0.78,162.0,14.0,17.0,5.0,61.0,119.0,40.0,2.0,1.0,5,True
530935,231425,2498,VCT 2025: EMEA Stage 2,Playoffs: Grand Final,2025-08-31,Sunset,3,GIANTX,Team Liquid,10,13,ara,11332,neon,0.59,141.0,9.0,18.0,6.0,65.0,107.0,28.0,2.0,3.0,5,True
