match_id,game_id,event_id,event,stage,date,map,map_order,team,opp,team_rounds,opp_rounds,player,player_id,agent,rating,acs,k,d,a,kast,adr,hs,fk,fd,best_of,completed
506930,223138,2499,VCT 2025: China Stage 2,Group Stage: Week 1,2025-07-03,Sunset,1,EDward Gaming,Titan Esports Club,13,9,nobody,3017,fade,1.75,302.0,24.0,11.0,9.0,68.0,185.0,30.0,3.0,2.0,3,True
506930,223138,2499,VCT 2025: China Stage 2,Group Stage: Week 1,2025-07-03,Sunset,1,EDward Gaming,Titan Esports Club,13,9,CHICHOO,15559,cypher,1.13,188.0,16.0,13.0,6.0,68.0,127.0,36.0,1.0,3.0,3,True
506930,223138,2499,VCT 2025: China Stage 2,Group Stage: Week 1,2025-07-03,Sunset,1,EDward Gaming,Titan Esports Club,13,9,Smoggy,4742,omen,1.01,155.0,11.0,13.0,7.0,68.0,109.0,26.0,3.0,0.0,3,True
506930,223138,2499,VCT 2025: China Stage 2,Group Stage: Week 1,2025-07-03,Sunset,1,EDward Gaming,Titan Esports Club,13,9,ZmjjKK,3520,neon,0.77,187.0,15.0,17.0,5.0,68.0,116.0,24.0,1.0,3.0,3,True
506930,223138,2499,VCT 2025: China Stage 2,Group Stage: Week 1,2025-07-03,Sunset,1,EDward Gaming,Titan Esports Club,13,9,zjc,7135,breach,0.77,167.0,12.0,18.0,8.0,68.0,109.0,41.0,2.0,2.0,3,True
506930,223138,2499,VCT 2025: China Stage 2,Group Stage: Week 1,2025-07-03,Sunset,1,Titan Esports Club,EDward Gaming,9,13,Abo,5011,deadlock,1.16,253.0,20.0,16.0,2.0,68.0,168.0,48.0,4.0,1.0,3,True
506930,223138,2499,VCT 2025: China Stage 2,Group Stage: Week 1,2025-07-03,Sunset,1,Titan Esports Club,EDward Gaming,9,13,Haodong,4720,omen,1.1,189.0,16.0,14.0,4.0,73.0,136.0,55.0,1.0,1.0,3,True
506930,223138,2499,VCT 2025: China Stage 2,Group Stage: Week 1,2025-07-03,Sunset,1,Titan Esports Club,EDward Gaming,9,13,Coco,47629,breach,0.75,138.0,9.0,15.0,6.0,64.0,99.0,33.0,1.0,1.0,3,True
506930,223138,2499,VCT 2025: China Stage 2,Group Stage: Week 1,2025-07-03,Sunset,1,Titan Esports Club,EDward Gaming,9,13,lucas,19677,fade,0.75,161.0,13.0,16.0,4.0,73.0,101.0,28.0,2.0,4.0,3,True
506930,223138,2499,VCT 2025: China Stage 2,Group Stage: Week 1,2025-07-03,Sunset,1,Titan Esports Club,EDward Gaming,9,13,TvirusLuke,7841,neon,0.73,185.0,14.0,17.0,4.0,68.0,113.0,25.0,2.0,5.0,3,True
506930,223139,2499,VCT 2025: China Stage 2,Group Stage: Week 1,2025-07-03,Corrode,2,EDward Gaming,Titan Esports Club,13,6,ZmjjKK,3520,neon,1.6,328.0,22.0,12.0,7.0,89.0,204.0,28.0,5.0,5.0,3,True
506930,223139,2499,VCT 2025: China Stage 2,Group Stage: Week 1,2025-07-03,Corrode,2,EDward Gaming,Titan Esports Club,13,6,Smoggy,4742,omen,1.41,237.0,16.0,10.0,13.0,95.0,168.0,39.0,0.0,2.0,3,True
506930,223139,2499,VCT 2025: China Stage 2,Group Stage: Week 1,2025-07-03,Corrode,2,EDward Gaming,Titan Esports Club,13,6,nobody,3017,gekko,1.25,205.0,15.0,9.0,4.0,89.0,123.0,34.0,3.0,1.0,3,True
506930,223139,2499,VCT 2025: China Stage 2,Group Stage: Week 1,2025-07-03,Corrode,2,EDward Gaming,Titan Esports Club,13,6,zjc,7135,kayo,1.22,196.0,14.0,10.0,11.0,68.0,122.0,38.0,1.0,1.0,3,True
506930,223139,2499,VCT 2025: China Stage 2,Group Stage: Week 1,2025-07-03,Corrode,2,EDward Gaming,Titan Esports Club,13,6,CHICHOO,15559,cypher,0.92,204.0,13.0,13.0,7.0,89.0,122.0,16.0,1.0,0.0,3,True
506930,223139,2499,VCT 2025: China Stage 2,Group Stage: Week 1,2025-07-03,Corrode,2,Titan Esports Club,EDward Gaming,6,13,Haodong,4720,omen,1.06,226.0,14.0,15.0,8.0,79.0,144.0,30.0,2.0,0.0,3,True
506930,223139,2499,VCT 2025: China Stage 2,Group Stage: Week 1,2025-07-03,Corrode,2,Titan Esports Club,EDward Gaming,6,13,Abo,5011,astra,0.9,163.0,12.0,15.0,7.0,63.0,110.0,37.0,0.0,1.0,3,True
506930,223139,2499,VCT 2025: China Stage 2,Group Stage: Week 1,2025-07-03,Corrode,2,Titan Esports Club,EDward Gaming,6,13,lucas,19677,fade,0.78,158.0,10.0,15.0,3.0,53.0,102.0,22.0,2.0,3.0,3,True
506930,223139,2499,VCT 2025: China Stage 2,Group Stage: Week 1,2025-07-03,Corrode,2,Titan Esports Club,EDward Gaming,6,13,Coco,47629,gekko,0.72,165.0,10.0,17.0,5.0,74.0,115.0,23.0,2.0,1.0,3,True
506930,223139,2499,VCT 2025: China Stage 2,Group Stage: Week 1,2025-07-03,Corrode,2,Titan Esports Club,EDward Gaming,6,13,TvirusLuke,7841,neon,0.37,140.0,8.0,18.0,3.0,53.0,95.0,32.0,3.0,5.0,3,True
506931,223141,2499,VCT 2025: China Stage 2,Group Stage: Week 1,2025-07-04,Bind,1,Guangzhou Huadu Bilibili Gaming (Bilibili Gaming),TYLOO,13,5,nephh,10698,kayo,1.5,229.0,16.0,10.0,8.0,78.0,158.0,32.0,3.0,0.0,3,True
506931,223141,2499,VCT 2025: China Stage 2,Group Stage: Week 1,2025-07-04,Bind,1,Guangzhou Huadu Bilibili Gaming (Bilibili Gaming),TYLOO,13,5,Levius,40845,viper,1.45,247.0,16.0,8.0,6.0,78.0,152.0,25.0,0.0,0.0,3,True
506931,223141,2499,VCT 2025: China Stage 2,Group Stage: Week 1,2025-07-04,Bind,1,Guangzhou Huadu Bilibili Gaming (Bilibili Gaming),TYLOO,13,5,rushia,48878,brimstone,1.43,243.0,16.0,10.0,4.0,72.0,151.0,44.0,2.0,1.0,3,True
506931,223141,2499,VCT 2025: China Stage 2,Group Stage: Week 1,2025-07-04,Bind,1,Guangzhou Huadu Bilibili Gaming (Bilibili Gaming),TYLOO,13,5,whzy,4885,raze,0.97,216.0,15.0,13.0,3.0,67.0,143.0,15.0,4.0,5.0,3,True
506931,223141,2499,VCT 2025: China Stage 2,Group Stage: Week 1,2025-07-04,Bind,1,Guangzhou Huadu Bilibili Gaming (Bilibili Gaming),TYLOO,13,5,Knight,4774,fade,0.57,136.0,8.0,13.0,4.0,67.0,87.0,21.0,2.0,1.0,3,True
506931,223141,2499,VCT 2025: China Stage 2,Group Stage: Week 1,2025-07-04,Bind,1,TYLOO,Guangzhou Huadu Bilibili Gaming (Bilibili Gaming),5,13,Yoyo,11843,fade,1.2,259.0,15.0,14.0,4.0,61.0,177.0,33.0,2.0,1.0,3,True
506931,223141,2499,VCT 2025: China Stage 2,Group Stage: Week 1,2025-07-04,Bind,1,TYLOO,Guangzhou Huadu Bilibili Gaming (Bilibili Gaming),5,13,Scales,39485,viper,0.85,178.0,11.0,13.0,3.0,72.0,101.0,30.0,1.0,0.0,3,True
506931,223141,2499,VCT 2025: China Stage 2,Group Stage: Week 1,2025-07-04,Bind,1,TYLOO,Guangzhou Huadu Bilibili Gaming (Bilibili Gaming),5,13,sword9,3049,omen,0.79,180.0,11.0,14.0,8.0,67.0,112.0,25.0,1.0,2.0,3,True
506931,223141,2499,VCT 2025: China Stage 2,Group Stage: Week 1,2025-07-04,Bind,1,TYLOO,Guangzhou Huadu Bilibili Gaming (Bilibili Gaming),5,13,Ninebody,3547,neon,0.64,182.0,11.0,16.0,0.0,44.0,119.0,29.0,2.0,4.0,3,True
506931,223141,2499,VCT 2025: China Stage 2,Group Stage: Week 1,2025-07-04,Bind,1,TYLOO,Guangzhou Huadu Bilibili Gaming (Bilibili Gaming),5,13,slowly,41739,yoru,0.5,106.0,6.0,14.0,5.0,50.0,60.0,20.0,1.0,4.0,3,True
506931,223142,2499,VCT 2025: China Stage 2,Group Stage: Week 1,2025-07-04,Lotus,2,Guangzhou Huadu Bilibili Gaming (Bilibili Gaming),TYLOO,13,9,rushia,48878,viper,1.43,265.0,20.0,13.0,7.0,77.0,177.0,30.0,4.0,2.0,3,True
506931,223142,2499,VCT 2025: China Stage 2,Group Stage: Week 1,2025-07-04,Lotus,2,Guangzhou Huadu Bilibili Gaming (Bilibili Gaming),TYLOO,13,9,Knight,4774,fade,1.33,239.0,20.0,13.0,7.0,91.0,155.0,33.0,1.0,3.0,3,True
506931,223142,2499,VCT 2025: China Stage 2,Group Stage: Week 1,2025-07-04,Lotus,2,Guangzhou Huadu Bilibili Gaming (Bilibili Gaming),TYLOO,13,9,nephh,10698,omen,1.19,187.0,15.0,13.0,11.0,86.0,119.0,23.0,2.0,3.0,3,True
506931,223142,2499,VCT 2025: China Stage 2,Group Stage: Week 1,2025-07-04,Lotus,2,Guangzhou Huadu Bilibili Gaming (Bilibili Gaming),TYLOO,13,9,whzy,4885,raze,1.0,219.0,18.0,16.0,5.0,73.0,158.0,20.0,3.0,2.0,3,True
506931,223142,2499,VCT 2025: China Stage 2,Group Stage: Week 1,2025-07-04,Lotus,2,Guangzhou Huadu Bilibili Gaming (Bilibili Gaming),TYLOO,13,9,Levius,40845,vyse,0.99,185.0,13.0,14.0,11.0,68.0,126.0,16.0,1.0,1.0,3,True
506931,223142,2499,VCT 2025: China Stage 2,Group Stage: Week 1,2025-07-04,Lotus,2,TYLOO,Guangzhou Huadu Bilibili Gaming (Bilibili Gaming),9,13,Scales,39485,viper,1.04,227.0,18.0,16.0,2.0,73.0,131.0,31.0,4.0,0.0,3,True
506931,223142,2499,VCT 2025: China Stage 2,Group Stage: Week 1,2025-07-04,Lotus,2,TYLOO,Guangzhou Huadu Bilibili Gaming (Bilibili Gaming),9,13,sword9,3049,omen,0.92,204.0,15.0,17.0,5.0,77.0,131.0,28.0,2.0,0.0,3,True
506931,223142,2499,VCT 2025: China Stage 2,Group Stage: Week 1,2025-07-04,Lotus,2,TYLOO,Guangzhou Huadu Bilibili Gaming (Bilibili Gaming),9,13,Ninebody,3547,vyse,0.8,204.0,14.0,19.0,6.0,55.0,144.0,46.0,3.0,3.0,3,True
506931,223142,2499,VCT 2025: China Stage 2,Group Stage: Week 1,2025-07-04,Lotus,2,TYLOO,Guangzhou Huadu Bilibili Gaming (Bilibili Gaming),9,13,slowly,41739,raze,0.74,157.0,11.0,18.0,6.0,64.0,122.0,27.0,2.0,7.0,3,True
506931,223142,2499,VCT 2025: China Stage 2,Group Stage: Week 1,2025-07-04,Lotus,2,TYLOO,Guangzhou Huadu Bilibili Gaming (Bilibili Gaming),9,13,Yoyo,11843,fade,0.69,133.0,11.0,16.0,2.0,64.0,92.0,22.0,0.0,1.0,3,True
506932,223144,2499,VCT 2025: China Stage 2,Group Stage: Week 1,2025-07-05,Sunset,1,All Gamers,Xi Lai Gaming,13,3,Spitfires,4881,neon,,377.0,22.0,6.0,3.0,,,,,,3,True
506932,223144,2499,VCT 2025: China Stage 2,Group Stage: Week 1,2025-07-05,Sunset,1,All Gamers,Xi Lai Gaming,13,3,deLb,10821,deadlock,,242.0,15.0,9.0,4.0,,,,,,3,True
506932,223144,2499,VCT 2025: China Stage 2,Group Stage: Week 1,2025-07-05,Sunset,1,All Gamers,Xi Lai Gaming,13,3,K1ra,46748,viper,,231.0,14.0,6.0,7.0,,,,,,3,True
506932,223144,2499,VCT 2025: China Stage 2,Group Stage: Week 1,2025-07-05,Sunset,1,All Gamers,Xi Lai Gaming,13,3,Shr1mp,25494,omen,,202.0,12.0,5.0,5.0,,,,,,3,True
506932,223144,2499,VCT 2025: China Stage 2,Group Stage: Week 1,2025-07-05,Sunset,1,All Gamers,Xi Lai Gaming,13,3,XiYiJi,37020,sova,,154.0,10.0,7.0,2.0,,,,,,3,True
506932,223144,2499,VCT 2025: China Stage 2,Group Stage: Week 1,2025-07-05,Sunset,1,Xi Lai Gaming,All Gamers,3,13,Viva,36415,sova,,177.0,10.0,15.0,4.0,,,,,,3,True
506932,223144,2499,VCT 2025: China Stage 2,Group Stage: Week 1,2025-07-05,Sunset,1,Xi Lai Gaming,All Gamers,3,13,happywei,37927,cypher,,160.0,8.0,14.0,0.0,,,,,,3,True
506932,223144,2499,VCT 2025: China Stage 2,Group Stage: Week 1,2025-07-05,Sunset,1,Xi Lai Gaming,All Gamers,3,13,NoMan,11527,breach,,131.0,7.0,13.0,5.0,,,,,,3,True
506932,223144,2499,VCT 2025: China Stage 2,Group Stage: Week 1,2025-07-05,Sunset,1,Xi Lai Gaming,All Gamers,3,13,coconut,12365,omen,,109.0,5.0,15.0,5.0,,,,,,3,True
506932,223144,2499,VCT 2025: China Stage 2,Group Stage: Week 1,2025-07-05,Sunset,1,Xi Lai Gaming,All Gamers,3,13,Rarga,22047,neon,,92.0,3.0,16.0,2.0,,,,,,3,True
506932,223145,2499,VCT 2025: China Stage 2,Group Stage: Week 1,2025-07-05,Lotus,2,All Gamers,Xi Lai Gaming,7,13,K1ra,46748,viper,,232.0,17.0,10.0,6.0,,,,,,3,True
506932,223145,2499,VCT 2025: China Stage 2,Group Stage: Week 1,2025-07-05,Lotus,2,All Gamers,Xi Lai Gaming,7,13,Shr1mp,25494,omen,,207.0,15.0,13.0,7.0,,,,,,3,True
506932,223145,2499,VCT 2025: China Stage 2,Group Stage: Week 1,2025-07-05,Lotus,2,All Gamers,Xi Lai Gaming,7,13,Spitfires,4881,raze,,172.0,10.0,15.0,5.0,,,,,,3,True
506932,223145,2499,VCT 2025: China Stage 2,Group Stage: Week 1,2025-07-05,Lotus,2,All Gamers,Xi Lai Gaming,7,13,deLb,10821,vyse,,137.0,10.0,16.0,7.0,,,,,,3,True
506932,223145,2499,VCT 2025: China Stage 2,Group Stage: Week 1,2025-07-05,Lotus,2,All Gamers,Xi Lai Gaming,7,13,XiYiJi,37020,fade,,88.0,6.0,15.0,4.0,,,,,,3,True
506932,223145,2499,VCT 2025: China Stage 2,Group Stage: Week 1,2025-07-05,Lotus,2,Xi Lai Gaming,All Gamers,13,7,happywei,37927,viper,,328.0,22.0,12.0,5.0,,,,,,3,True
506932,223145,2499,VCT 2025: China Stage 2,Group Stage: Week 1,2025-07-05,Lotus,2,Xi Lai Gaming,All Gamers,13,7,Viva,36415,fade,,193.0,15.0,11.0,7.0,,,,,,3,True
506932,223145,2499,VCT 2025: China Stage 2,Group Stage: Week 1,2025-07-05,Lotus,2,Xi Lai Gaming,All Gamers,13,7,NoMan,11527,raze,,172.0,12.0,12.0,2.0,,,,,,3,True
506932,223145,2499,VCT 2025: China Stage 2,Group Stage: Week 1,2025-07-05,Lotus,2,Xi Lai Gaming,All Gamers,13,7,coconut,12365,omen,,151.0,10.0,12.0,6.0,,,,,,3,True
506932,223145,2499,VCT 2025: China Stage 2,Group Stage: Week 1,2025-07-05,Lotus,2,Xi Lai Gaming,All Gamers,13,7,Rarga,22047,yoru,,147.0,10.0,11.0,2.0,,,,,,3,True
506932,223146,2499,VCT 2025: China Stage 2,Group Stage: Week 1,2025-07-05,Ascent,3,All Gamers,Xi Lai Gaming,3,13,deLb,10821,killjoy,,237.0,14.0,13.0,1.0,,,,,,3,True
506932,223146,2499,VCT 2025: China Stage 2,Group Stage: Week 1,2025-07-05,Ascent,3,All Gamers,Xi Lai Gaming,3,13,Spitfires,4881,jett,,196.0,9.0,16.0,5.0,,,,,,3,True
506932,223146,2499,VCT 2025: China Stage 2,Group Stage: Week 1,2025-07-05,Ascent,3,All Gamers,Xi Lai Gaming,3,13,K1ra,46748,omen,,159.0,9.0,13.0,2.0,,,,,,3,True
506932,223146,2499,VCT 2025: China Stage 2,Group Stage: Week 1,2025-07-05,Ascent,3,All Gamers,Xi Lai Gaming,3,13,XiYiJi,37020,sova,,112.0,7.0,15.0,2.0,,,,,,3,True
506932,223146,2499,VCT 2025: China Stage 2,Group Stage: Week 1,2025-07-05,Ascent,3,All Gamers,Xi Lai Gaming,3,13,Shr1mp,25494,kayo,,73.0,3.0,13.0,3.0,,,,,,3,True
506932,223146,2499,VCT 2025: China Stage 2,Group Stage: Week 1,2025-07-05,Ascent,3,Xi Lai Gaming,All Gamers,13,3,happywei,37927,vyse,,382.0,24.0,9.0,8.0,,,,,,3,True
506932,223146,2499,VCT 2025: China Stage 2,Group Stage: Week 1,2025-07-05,Ascent,3,Xi Lai Gaming,All Gamers,13,3,Rarga,22047,yoru,,211.0,11.0,13.0,9.0,,,,,,3,True
506932,223146,2499,VCT 2025: China Stage 2,Group Stage: Week 1,2025-07-05,Ascent,3,Xi Lai Gaming,All Gamers,13,3,coconut,12365,omen,,205.0,14.0,5.0,6.0,,,,,,3,True
506932,223146,2499,VCT 2025: China Stage 2,Group Stage: Week 1,2025-07-05,Ascent,3,Xi Lai Gaming,All Gamers,13,3,Viva,36415,sova,,203.0,11.0,7.0,7.0,,,,,,3,True
506932,223146,2499,VCT 2025: China Stage 2,Group Stage: Week 1,2025-07-05,Ascent,3,Xi Lai Gaming,All Gamers,13,3,NoMan,11527,chamber,,162.0,10.0,8.0,1.0,,,,,,3,True
506933,223147,2499,VCT 2025: China Stage 2,Group Stage: Week 1,2025-07-05,Sunset,1,Wolves Esports,FunPlus Phoenix,5,13,Spring,14125,omen,1.17,195.0,12.0,12.0,6.0,72.0,121.0,32.0,1.0,2.0,3,True
506933,223147,2499,VCT 2025: China Stage 2,Group Stage: Week 1,2025-07-05,Sunset,1,Wolves Esports,FunPlus Phoenix,5,13,Lysoar,37489,cypher,0.98,212.0,15.0,14.0,0.0,72.0,140.0,28.0,2.0,0.0,3,True
506933,223147,2499,VCT 2025: China Stage 2,Group Stage: Week 1,2025-07-05,Sunset,1,Wolves Esports,FunPlus Phoenix,5,13,SiuFatBB,7849,sova,0.64,118.0,6.0,14.0,6.0,56.0,99.0,33.0,0.0,1.0,3,True
506933,223147,2499,VCT 2025: China Stage 2,Group Stage: Week 1,2025-07-05,Sunset,1,Wolves Esports,FunPlus Phoenix,5,13,Yuicaw,11218,raze,0.6,158.0,9.0,16.0,2.0,67.0,121.0,27.0,1.0,2.0,3,True
506933,223147,2499,VCT 2025: China Stage 2,Group Stage: Week 1,2025-07-05,Sunset,1,Wolves Esports,FunPlus Phoenix,5,13,Juicy,7426,yoru,0.32,104.0,6.0,16.0,4.0,56.0,69.0,22.0,3.0,6.0,3,True
506933,223147,2499,VCT 2025: China Stage 2,Group Stage: Week 1,2025-07-05,Sunset,1,FunPlus Phoenix,Wolves Esports,13,5,AAAAY,19530,sova,1.47,226.0,16.0,7.0,4.0,89.0,160.0,52.0,1.0,1.0,3,True
506933,223147,2499,VCT 2025: China Stage 2,Group Stage: Week 1,2025-07-05,Sunset,1,FunPlus Phoenix,Wolves Esports,13,5,BerLIN,7857,omen,1.47,204.0,15.0,7.0,4.0,83.0,127.0,31.0,4.0,1.0,3,True
506933,223147,2499,VCT 2025: China Stage 2,Group Stage: Week 1,2025-07-05,Sunset,1,FunPlus Phoenix,Wolves Esports,13,5,yosemite,6022,cypher,1.17,226.0,15.0,12.0,5.0,78.0,152.0,24.0,2.0,1.0,3,True
506933,223147,2499,VCT 2025: China Stage 2,Group Stage: Week 1,2025-07-05,Sunset,1,FunPlus Phoenix,Wolves Esports,13,5,Life,3028,jett,1.16,206.0,13.0,10.0,3.0,67.0,128.0,26.0,3.0,2.0,3,True
506933,223147,2499,VCT 2025: China Stage 2,Group Stage: Week 1,2025-07-05,Sunset,1,FunPlus Phoenix,Wolves Esports,13,5,Autumn,872,yoru,0.89,196.0,13.0,12.0,6.0,56.0,131.0,22.0,1.0,2.0,3,True
506933,223148,2499,VCT 2025: China Stage 2,Group Stage: Week 1,2025-07-05,Corrode,2,Wolves Esports,FunPlus Phoenix,7,13,Lysoar,37489,omen,1.05,237.0,16.0,18.0,7.0,70.0,145.0,33.0,1.0,2.0,3,True
506933,223148,2499,VCT 2025: China Stage 2,Group Stage: Week 1,2025-07-05,Corrode,2,Wolves Esports,FunPlus Phoenix,7,13,Yuicaw,11218,cypher,0.92,187.0,14.0,16.0,3.0,60.0,121.0,28.0,1.0,1.0,3,True
506933,223148,2499,VCT 2025: China Stage 2,Group Stage: Week 1,2025-07-05,Corrode,2,Wolves Esports,FunPlus Phoenix,7,13,Spring,14125,viper,0.7,166.0,11.0,16.0,4.0,60.0,105.0,26.0,1.0,3.0,3,True
506933,223148,2499,VCT 2025: China Stage 2,Group Stage: Week 1,2025-07-05,Corrode,2,Wolves Esports,FunPlus Phoenix,7,13,Juicy,7426,yoru,0.66,202.0,13.0,19.0,3.0,65.0,115.0,18.0,4.0,5.0,3,True
506933,223148,2499,VCT 2025: China Stage 2,Group Stage: Week 1,2025-07-05,Corrode,2,Wolves Esports,FunPlus Phoenix,7,13,SiuFatBB,7849,fade,0.41,65.0,4.0,14.0,5.0,55.0,38.0,21.0,0.0,2.0,3,True
506933,223148,2499,VCT 2025: China Stage 2,Group Stage: Week 1,2025-07-05,Corrode,2,FunPlus Phoenix,Wolves Esports,13,7,Autumn,872,chamber,1.75,304.0,24.0,10.0,2.0,85.0,188.0,27.0,5.0,2.0,3,True
506933,223148,2499,VCT 2025: China Stage 2,Group Stage: Week 1,2025-07-05,Corrode,2,FunPlus Phoenix,Wolves Esports,13,7,BerLIN,7857,omen,1.17,186.0,12.0,12.0,11.0,95.0,120.0,29.0,1.0,3.0,3,True
506933,223148,2499,VCT 2025: China Stage 2,Group Stage: Week 1,2025-07-05,Corrode,2,FunPlus Phoenix,Wolves Esports,13,7,yosemite,6022,vyse,1.12,216.0,17.0,12.0,4.0,80.0,136.0,22.0,0.0,0.0,3,True
506933,223148,2499,VCT 2025: China Stage 2,Group Stage: Week 1,2025-07-05,Corrode,2,FunPlus Phoenix,Wolves Esports,13,7,AAAAY,19530,fade,1.1,186.0,13.0,10.0,9.0,95.0,121.0,32.0,2.0,1.0,3,True
506933,223148,2499,VCT 2025: China Stage 2,Group Stage: Week 1,2025-07-05,Corrode,2,FunPlus Phoenix,Wolves Esports,13,7,Life,3028,raze,0.95,232.0,17.0,14.0,2.0,80.0,145.0,29.0,5.0,1.0,3,True
506934,223150,2499,VCT 2025: China Stage 2,Group Stage: Week 1,2025-07-06,Lotus,1,Dragon Ranger Gaming,Nova Esports,13,8,Akeman,52904,neon,1.57,285.0,25.0,14.0,3.0,81.0,190.0,44.0,3.0,3.0,3,True
506934,223150,2499,VCT 2025: China Stage 2,Group Stage: Week 1,2025-07-06,Lotus,1,Dragon Ranger Gaming,Nova Esports,13,8,Flex1n,4705,omen,1.07,240.0,18.0,16.0,10.0,81.0,146.0,33.0,1.0,1.0,3,True
506934,223150,2499,VCT 2025: China Stage 2,Group Stage: Week 1,2025-07-06,Lotus,1,Dragon Ranger Gaming,Nova Esports,13,8,vo0kashu,3741,cypher,1.06,199.0,15.0,13.0,6.0,90.0,125.0,43.0,2.0,3.0,3,True
506934,223150,2499,VCT 2025: China Stage 2,Group Stage: Week 1,2025-07-06,Lotus,1,Dragon Ranger Gaming,Nova Esports,13,8,Nicc,11524,breach,0.95,135.0,10.0,14.0,14.0,81.0,96.0,29.0,0.0,0.0,3,True
506934,223150,2499,VCT 2025: China Stage 2,Group Stage: Week 1,2025-07-06,Lotus,1,Dragon Ranger Gaming,Nova Esports,13,8,SpiritZ1,31753,yoru,0.8,224.0,15.0,18.0,9.0,76.0,163.0,28.0,3.0,5.0,3,True
506934,223150,2499,VCT 2025: China Stage 2,Group Stage: Week 1,2025-07-06,Lotus,1,Nova Esports,Dragon Ranger Gaming,8,13,cb,39697,fade,1.09,230.0,16.0,17.0,9.0,71.0,135.0,24.0,2.0,1.0,3,True
506934,223150,2499,VCT 2025: China Stage 2,Group Stage: Week 1,2025-07-06,Lotus,1,Nova Esports,Dragon Ranger Gaming,8,13,SWERL,1209,raze,0.98,264.0,18.0,19.0,6.0,71.0,187.0,25.0,3.0,3.0,3,True
506934,223150,2499,VCT 2025: China Stage 2,Group Stage: Week 1,2025-07-06,Lotus,1,Nova Esports,Dragon Ranger Gaming,8,13,GuanG,41054,waylay,0.96,187.0,14.0,15.0,7.0,67.0,115.0,41.0,2.0,4.0,3,True
506934,223150,2499,VCT 2025: China Stage 2,Group Stage: Week 1,2025-07-06,Lotus,1,Nova Esports,Dragon Ranger Gaming,8,13,monk,14431,vyse,0.88,207.0,15.0,16.0,3.0,57.0,134.0,34.0,4.0,0.0,3,True
506934,223150,2499,VCT 2025: China Stage 2,Group Stage: Week 1,2025-07-06,Lotus,1,Nova Esports,Dragon Ranger Gaming,8,13,Ezeir,46460,omen,0.83,156.0,12.0,16.0,4.0,57.0,85.0,12.0,1.0,1.0,3,True
506934,223151,2499,VCT 2025: China Stage 2,Group Stage: Week 1,2025-07-06,Icebox,2,Dragon Ranger Gaming,Nova Esports,12,14,vo0kashu,3741,killjoy,,258.0,24.0,13.0,4.0,69.0,170.0,29.0,1.0,1.0,3,True
506934,223151,2499,VCT 2025: China Stage 2,Group Stage: Week 1,2025-07-06,Icebox,2,Dragon Ranger Gaming,Nova Esports,12,14,SpiritZ1,31753,reyna,,249.0,22.0,19.0,6.0,58.0,147.0,50.0,3.0,5.0,3,True
506934,223151,2499,VCT 2025: China Stage 2,Group Stage: Week 1,2025-07-06,Icebox,2,Dragon Ranger Gaming,Nova Esports,12,14,Nicc,11524,gekko,,229.0,23.0,15.0,7.0,73.0,156.0,42.0,3.0,1.0,3,True
506934,223151,2499,VCT 2025: China Stage 2,Group Stage: Week 1,2025-07-06,Icebox,2,Dragon Ranger Gaming,Nova Esports,12,14,Akeman,52904,neon,,193.0,16.0,21.0,6.0,73.0,130.0,27.0,4.0,3.0,3,True
506934,223151,2499,VCT 2025: China Stage 2,Group Stage: Week 1,2025-07-06,Icebox,2,Dragon Ranger Gaming,Nova Esports,12,14,Flex1n,4705,harbor,,82.0,6.0,17.0,8.0,73.0,52.0,21.0,1.0,4.0,3,True
506934,223151,2499,VCT 2025: China Stage 2,Group Stage: Week 1,2025-07-06,Icebox,2,Nova Esports,Dragon Ranger Gaming,14,12,GuanG,41054,killjoy,,236.0,23.0,18.0,1.0,62.0,137.0,15.0,3.0,0.0,3,True
506934,223151,2499,VCT 2025: China Stage 2,Group Stage: Week 1,2025-07-06,Icebox,2,Nova Esports,Dragon Ranger Gaming,14,12,SWERL,1209,jett,,234.0,20.0,16.0,5.0,77.0,147.0,25.0,3.0,3.0,3,True
506934,223151,2499,VCT 2025: China Stage 2,Group Stage: Week 1,2025-07-06,Icebox,2,Nova Esports,Dragon Ranger Gaming,14,12,Ezeir,46460,viper,,218.0,18.0,18.0,12.0,69.0,147.0,25.0,4.0,1.0,3,True
506934,223151,2499,VCT 2025: China Stage 2,Group Stage: Week 1,2025-07-06,Icebox,2,Nova Esports,Dragon Ranger Gaming,14,12,cb,39697,gekko,,151.0,14.0,17.0,4.0,62.0,104.0,43.0,4.0,5.0,3,True
506934,223151,2499,VCT 2025: China Stage 2,Group Stage: Week 1,2025-07-06,Icebox,2,Nova Esports,Dragon Ranger Gaming,14,12,monk,14431,kayo,,119.0,10.0,22.0,15.0,65.0,76.0,35.0,0.0,3.0,3,True
506934,223152,2499,VCT 2025: China Stage 2,Group Stage: Week 1,2025-07-06,Ascent,3,Dragon Ranger Gaming,Nova Esports,13,5,SpiritZ1,31753,yoru,1.58,301.0,20.0,10.0,2.0,67.0,204.0,37.0,3.0,2.0,3,True
506934,223152,2499,VCT 2025: China Stage 2,Group Stage: Week 1,2025-07-06,Ascent,3,Dragon Ranger Gaming,Nova Esports,13,5,vo0kashu,3741,vyse,1.18,214.0,15.0,10.0,3.0,83.0,157.0,28.0,1.0,1.0,3,True
506934,223152,2499,VCT 2025: China Stage 2,Group Stage: Week 1,2025-07-06,Ascent,3,Dragon Ranger Gaming,Nova Esports,13,5,Akeman,52904,clove,1.14,200.0,13.0,10.0,5.0,94.0,153.0,33.0,3.0,1.0,3,True
506934,223152,2499,VCT 2025: China Stage 2,Group Stage: Week 1,2025-07-06,Ascent,3,Dragon Ranger Gaming,Nova Esports,13,5,Flex1n,4705,omen,1.06,200.0,14.0,12.0,5.0,89.0,126.0,27.0,4.0,1.0,3,True
506934,223152,2499,VCT 2025: China Stage 2,Group Stage: Week 1,2025-07-06,Ascent,3,Dragon Ranger Gaming,Nova Esports,13,5,Nicc,11524,fade,0.68,174.0,10.0,13.0,5.0,89.0,120.0,34.0,1.0,1.0,3,True
506934,223152,2499,VCT 2025: China Stage 2,Group Stage: Week 1,2025-07-06,Ascent,3,Nova Esports,Dragon Ranger Gaming,5,13,SWERL,1209,jett,1.04,206.0,11.0,13.0,7.0,78.0,150.0,20.0,1.0,2.0,3,True
506934,223152,2499,VCT 2025: China Stage 2,Group Stage: Week 1,2025-07-06,Ascent,3,Nova Esports,Dragon Ranger Gaming,5,13,Ezeir,46460,omen,1.04,185.0,13.0,15.0,7.0,61.0,107.0,28.0,2.0,4.0,3,True
506934,223152,2499,VCT 2025: China Stage 2,Group Stage: Week 1,2025-07-06,Ascent,3,Nova Esports,Dragon Ranger Gaming,5,13,cb,39697,sova,0.86,197.0,12.0,15.0,4.0,67.0,127.0,33.0,2.0,3.0,3,True
506934,223152,2499,VCT 2025: China Stage 2,Group Stage: Week 1,2025-07-06,Ascent,3,Nova Esports,Dragon Ranger Gaming,5,13,monk,14431,kayo,0.84,165.0,9.0,14.0,10.0,67.0,120.0,18.0,0.0,2.0,3,True
506934,223152,2499,VCT 2025: China Stage 2,Group Stage: Week 1,2025-07-06,Ascent,3,Nova Esports,Dragon Ranger Gaming,5,13,GuanG,41054,killjoy,0.76,165.0,10.0,15.0,3.0,83.0,110.0,21.0,1.0,1.0,3,True
506935,223153,2499,VCT 2025: China Stage 2,Group Stage: Week 1,2025-07-06,Icebox,1,JD Mall JDG Esports (JD Gaming),Trace Esports,7,13,stew,16924,omen,1.32,235.0,17.0,12.0,4.0,70.0,146.0,19.0,3.0,1.0,3,True
506935,223153,2499,VCT 2025: China Stage 2,Group Stage: Week 1,2025-07-06,Icebox,1,JD Mall JDG Esports (JD Gaming),Trace Esports,7,13,jkuro,3519,viper,1.03,269.0,20.0,17.0,2.0,80.0,169.0,38.0,5.0,3.0,3,True
506935,223153,2499,VCT 2025: China Stage 2,Group Stage: Week 1,2025-07-06,Icebox,1,JD Mall JDG Esports (JD Gaming),Trace Esports,7,13,kklin,55828,killjoy,0.94,225.0,15.0,16.0,4.0,80.0,158.0,35.0,3.0,1.0,3,True
506935,223153,2499,VCT 2025: China Stage 2,Group Stage: Week 1,2025-07-06,Icebox,1,JD Mall JDG Esports (JD Gaming),Trace Esports,7,13,Babyblue,15302,sova,0.74,158.0,11.0,15.0,8.0,80.0,111.0,24.0,1.0,1.0,3,True
506935,223153,2499,VCT 2025: China Stage 2,Group Stage: Week 1,2025-07-06,Icebox,1,JD Mall JDG Esports (JD Gaming),Trace Esports,7,13,Z1yan,41029,sage,0.52,119.0,8.0,17.0,7.0,65.0,76.0,33.0,0.0,2.0,3,True
506935,223153,2499,VCT 2025: China Stage 2,Group Stage: Week 1,2025-07-06,Icebox,1,Trace Esports,JD Mall JDG Esports (JD Gaming),13,7,MarT1n,36668,killjoy,1.72,374.0,26.0,15.0,2.0,85.0,229.0,37.0,3.0,1.0,3,True
506935,223153,2499,VCT 2025: China Stage 2,Group Stage: Week 1,2025-07-06,Icebox,1,Trace Esports,JD Mall JDG Esports (JD Gaming),13,7,Kai,37494,jett,1.38,290.0,21.0,14.0,2.0,65.0,194.0,31.0,4.0,3.0,3,True
506935,223153,2499,VCT 2025: China Stage 2,Group Stage: Week 1,2025-07-06,Icebox,1,Trace Esports,JD Mall JDG Esports (JD Gaming),13,7,FengF,4770,viper,0.97,139.0,11.0,11.0,5.0,70.0,88.0,32.0,0.0,4.0,3,True
506935,223153,2499,VCT 2025: China Stage 2,Group Stage: Week 1,2025-07-06,Icebox,1,Trace Esports,JD Mall JDG Esports (JD Gaming),13,7,LuoK1ng,3045,harbor,0.67,134.0,8.0,15.0,5.0,70.0,88.0,19.0,0.0,0.0,3,True
506935,223153,2499,VCT 2025: China Stage 2,Group Stage: Week 1,2025-07-06,Icebox,1,Trace Esports,JD Mall JDG Esports (JD Gaming),13,7,Biank,3021,sova,0.61,163.0,11.0,16.0,5.0,60.0,110.0,18.0,1.0,4.0,3,True
506935,223154,2499,VCT 2025: China Stage 2,Group Stage: Week 1,2025-07-06,Lotus,2,JD Mall JDG Esports (JD Gaming),Trace Esports,13,4,stew,16924,raze,2.16,407.0,25.0,6.0,8.0,100.0,299.0,43.0,2.0,0.0,3,True
506935,223154,2499,VCT 2025: China Stage 2,Group Stage: Week 1,2025-07-06,Lotus,2,JD Mall JDG Esports (JD Gaming),Trace Esports,13,4,Z1yan,41029,vyse,1.31,255.0,16.0,9.0,5.0,88.0,166.0,62.0,4.0,1.0,3,True
506935,223154,2499,VCT 2025: China Stage 2,Group Stage: Week 1,2025-07-06,Lotus,2,JD Mall JDG Esports (JD Gaming),Trace Esports,13,4,kklin,55828,viper,1.22,259.0,17.0,10.0,2.0,76.0,155.0,26.0,5.0,3.0,3,True
506935,223154,2499,VCT 2025: China Stage 2,Group Stage: Week 1,2025-07-06,Lotus,2,JD Mall JDG Esports (JD Gaming),Trace Esports,13,4,jkuro,3519,omen,1.04,183.0,12.0,10.0,8.0,100.0,123.0,41.0,2.0,0.0,3,True
506935,223154,2499,VCT 2025: China Stage 2,Group Stage: Week 1,2025-07-06,Lotus,2,JD Mall JDG Esports (JD Gaming),Trace Esports,13,4,Babyblue,15302,fade,0.78,103.0,8.0,8.0,3.0,76.0,80.0,30.0,0.0,0.0,3,True
506935,223154,2499,VCT 2025: China Stage 2,Group Stage: Week 1,2025-07-06,Lotus,2,Trace Esports,JD Mall JDG Esports (JD Gaming),4,13,FengF,4770,viper,1.27,235.0,14.0,14.0,1.0,47.0,150.0,24.0,2.0,4.0,3,True
506935,223154,2499,VCT 2025: China Stage 2,Group Stage: Week 1,2025-07-06,Lotus,2,Trace Esports,JD Mall JDG Esports (JD Gaming),4,13,MarT1n,36668,deadlock,0.66,148.0,8.0,15.0,2.0,41.0,102.0,45.0,0.0,2.0,3,True
506935,223154,2499,VCT 2025: China Stage 2,Group Stage: Week 1,2025-07-06,Lotus,2,Trace Esports,JD Mall JDG Esports (JD Gaming),4,13,Biank,3021,fade,0.64,146.0,9.0,16.0,3.0,71.0,110.0,31.0,0.0,1.0,3,True
506935,223154,2499,VCT 2025: China Stage 2,Group Stage: Week 1,2025-07-06,Lotus,2,Trace Esports,JD Mall JDG Esports (JD Gaming),4,13,Kai,37494,yoru,0.55,152.0,8.0,16.0,2.0,35.0,100.0,29.0,1.0,4.0,3,True
506935,223154,2499,VCT 2025: China Stage 2,Group Stage: Week 1,2025-07-06,Lotus,2,Trace Esports,JD Mall JDG Esports (JD Gaming),4,13,LuoK1ng,3045,omen,0.39,97.0,4.0,17.0,5.0,53.0,77.0,33.0,1.0,2.0,3,True
506935,223155,2499,VCT 2025: China Stage 2,Group Stage: Week 1,2025-07-06,Haven,3,JD Mall JDG Esports (JD Gaming),Trace Esports,4,13,Z1yan,41029,killjoy,0.84,156.0,9.0,12.0,2.0,65.0,103.0,18.0,0.0,1.0,3,True
506935,223155,2499,VCT 2025: China Stage 2,Group Stage: Week 1,2025-07-06,Haven,3,JD Mall JDG Esports (JD Gaming),Trace Esports,4,13,Babyblue,15302,sova,0.74,158.0,10.0,13.0,1.0,65.0,110.0,27.0,2.0,2.0,3,True
506935,223155,2499,VCT 2025: China Stage 2,Group Stage: Week 1,2025-07-06,Haven,3,JD Mall JDG Esports (JD Gaming),Trace Esports,4,13,kklin,55828,viper,0.69,183.0,10.0,14.0,1.0,53.0,118.0,27.0,0.0,2.0,3,True
506935,223155,2499,VCT 2025: China Stage 2,Group Stage: Week 1,2025-07-06,Haven,3,JD Mall JDG Esports (JD Gaming),Trace Esports,4,13,stew,16924,neon,0.67,156.0,9.0,14.0,2.0,59.0,103.0,35.0,3.0,5.0,3,True
506935,223155,2499,VCT 2025: China Stage 2,Group Stage: Week 1,2025-07-06,Haven,3,JD Mall JDG Esports (JD Gaming),Trace Esports,4,13,jkuro,3519,omen,0.36,80.0,4.0,15.0,4.0,47.0,49.0,16.0,0.0,2.0,3,True
506935,223155,2499,VCT 2025: China Stage 2,Group Stage: Week 1,2025-07-06,Haven,3,Trace Esports,JD Mall JDG Esports (JD Gaming),13,4,Kai,37494,yoru,1.78,344.0,21.0,10.0,4.0,76.0,217.0,28.0,8.0,1.0,3,True
506935,223155,2499,VCT 2025: China Stage 2,Group Stage: Week 1,2025-07-06,Haven,3,Trace Esports,JD Mall JDG Esports (JD Gaming),13,4,LuoK1ng,3045,omen,1.72,268.0,17.0,7.0,18.0,88.0,157.0,41.0,3.0,0.0,3,True
506935,223155,2499,VCT 2025: China Stage 2,Group Stage: Week 1,2025-07-06,Haven,3,Trace Esports,JD Mall JDG Esports (JD Gaming),13,4,MarT1n,36668,deadlock,1.38,233.0,15.0,8.0,7.0,94.0,141.0,27.0,0.0,1.0,3,True
506935,223155,2499,VCT 2025: China Stage 2,Group Stage: Week 1,2025-07-06,Haven,3,Trace Esports,JD Mall JDG Esports (JD Gaming),13,4,FengF,4770,cypher,1.11,132.0,9.0,6.0,3.0,82.0,89.0,22.0,1.0,1.0,3,True
506935,223155,2499,VCT 2025: China Stage 2,Group Stage: Week 1,2025-07-06,Haven,3,Trace Esports,JD Mall JDG Esports (JD Gaming),13,4,Biank,3021,sova,0.64,116.0,6.0,11.0,6.0,76.0,80.0,33.0,0.0,2.0,3,True
506936,223156,2499,VCT 2025: China Stage 2,Group Stage: Week 2,2025-07-16,Corrode,1,Trace Esports,TYLOO,7,13,Kai,37494,chamber,1.28,218.0,16.0,13.0,1.0,60.0,141.0,31.0,2.0,1.0,3,True
506936,223156,2499,VCT 2025: China Stage 2,Group Stage: Week 2,2025-07-16,Corrode,1,Trace Esports,TYLOO,7,13,MarT1n,36668,vyse,1.21,223.0,17.0,14.0,5.0,70.0,129.0,59.0,1.0,1.0,3,True
506936,223156,2499,VCT 2025: China Stage 2,Group Stage: Week 2,2025-07-16,Corrode,1,Trace Esports,TYLOO,7,13,FengF,4770,yoru,0.98,232.0,15.0,17.0,6.0,80.0,144.0,44.0,2.0,5.0,3,True
506936,223156,2499,VCT 2025: China Stage 2,Group Stage: Week 2,2025-07-16,Corrode,1,Trace Esports,TYLOO,7,13,Biank,3021,sova,0.76,187.0,12.0,15.0,7.0,55.0,124.0,19.0,1.0,6.0,3,True
506936,223156,2499,VCT 2025: China Stage 2,Group Stage: Week 2,2025-07-16,Corrode,1,Trace Esports,TYLOO,7,13,LuoK1ng,3045,omen,0.48,83.0,5.0,15.0,9.0,60.0,57.0,32.0,0.0,1.0,3,True
506936,223156,2499,VCT 2025: China Stage 2,Group Stage: Week 2,2025-07-16,Corrode,1,TYLOO,Trace Esports,13,7,sword9,3049,omen,1.22,229.0,16.0,13.0,7.0,70.0,167.0,36.0,0.0,0.0,3,True
506936,223156,2499,VCT 2025: China Stage 2,Group Stage: Week 2,2025-07-16,Corrode,1,TYLOO,Trace Esports,13,7,Ninebody,3547,cypher,1.09,199.0,15.0,12.0,5.0,80.0,150.0,34.0,4.0,0.0,3,True
506936,223156,2499,VCT 2025: China Stage 2,Group Stage: Week 2,2025-07-16,Corrode,1,TYLOO,Trace Esports,13,7,Scales,39485,viper,1.08,186.0,14.0,11.0,4.0,65.0,128.0,47.0,1.0,2.0,3,True
506936,223156,2499,VCT 2025: China Stage 2,Group Stage: Week 2,2025-07-16,Corrode,1,TYLOO,Trace Esports,13,7,slowly,41739,yoru,1.07,231.0,15.0,15.0,5.0,75.0,157.0,21.0,7.0,1.0,3,True
506936,223156,2499,VCT 2025: China Stage 2,Group Stage: Week 2,2025-07-16,Corrode,1,TYLOO,Trace Esports,13,7,Yoyo,11843,fade,0.93,201.0,14.0,14.0,6.0,70.0,131.0,24.0,2.0,3.0,3,True
506936,223157,2499,VCT 2025: China Stage 2,Group Stage: Week 2,2025-07-16,Bind,2,Trace Esports,TYLOO,10,13,LuoK1ng,3045,brimstone,1.02,194.0,14.0,15.0,9.0,78.0,119.0,35.0,3.0,3.0,3,True
506936,223157,2499,VCT 2025: China Stage 2,Group Stage: Week 2,2025-07-16,Bind,2,Trace Esports,TYLOO,10,13,Kai,37494,vyse,0.95,226.0,18.0,17.0,5.0,74.0,140.0,40.0,2.0,0.0,3,True
506936,223157,2499,VCT 2025: China Stage 2,Group Stage: Week 2,2025-07-16,Bind,2,Trace Esports,TYLOO,10,13,Biank,3021,fade,0.94,193.0,13.0,17.0,9.0,70.0,122.0,23.0,2.0,2.0,3,True
506936,223157,2499,VCT 2025: China Stage 2,Group Stage: Week 2,2025-07-16,Bind,2,Trace Esports,TYLOO,10,13,FengF,4770,raze,0.91,174.0,14.0,14.0,2.0,70.0,106.0,20.0,6.0,4.0,3,True
506936,223157,2499,VCT 2025: China Stage 2,Group Stage: Week 2,2025-07-16,Bind,2,Trace Esports,TYLOO,10,13,MarT1n,36668,deadlock,0.56,91.0,6.0,15.0,6.0,65.0,61.0,29.0,0.0,1.0,3,True
506936,223157,2499,VCT 2025: China Stage 2,Group Stage: Week 2,2025-07-16,Bind,2,TYLOO,Trace Esports,13,10,slowly,41739,yoru,1.63,265.0,23.0,10.0,4.0,65.0,165.0,50.0,7.0,2.0,3,True
506936,223157,2499,VCT 2025: China Stage 2,Group Stage: Week 2,2025-07-16,Bind,2,TYLOO,Trace Esports,13,10,Scales,39485,viper,1.49,245.0,19.0,10.0,9.0,83.0,157.0,65.0,0.0,3.0,3,True
506936,223157,2499,VCT 2025: China Stage 2,Group Stage: Week 2,2025-07-16,Bind,2,TYLOO,Trace Esports,13,10,Yoyo,11843,fade,1.17,222.0,18.0,14.0,5.0,65.0,143.0,35.0,2.0,1.0,3,True
506936,223157,2499,VCT 2025: China Stage 2,Group Stage: Week 2,2025-07-16,Bind,2,TYLOO,Trace Esports,13,10,Ninebody,3547,neon,0.64,118.0,10.0,14.0,3.0,61.0,81.0,19.0,0.0,5.0,3,True
506936,223157,2499,VCT 2025: China Stage 2,Group Stage: Week 2,2025-07-16,Bind,2,TYLOO,Trace Esports,13,10,sword9,3049,omen,0.62,110.0,8.0,17.0,8.0,57.0,71.0,15.0,1.0,2.0,3,True
506937,223159,2499,VCT 2025: China Stage 2,Group Stage: Week 2,2025-07-17,Haven,1,FunPlus Phoenix,Nova Esports,6,13,AAAAY,19530,sova,1.37,242.0,17.0,12.0,0.0,79.0,161.0,64.0,1.0,0.0,3,True
506937,223159,2499,VCT 2025: China Stage 2,Group Stage: Week 2,2025-07-17,Haven,1,FunPlus Phoenix,Nova Esports,6,13,Life,3028,waylay,1.1,237.0,15.0,14.0,1.0,79.0,142.0,44.0,6.0,5.0,3,True
506937,223159,2499,VCT 2025: China Stage 2,Group Stage: Week 2,2025-07-17,Haven,1,FunPlus Phoenix,Nova Esports,6,13,yosemite,6022,omen,0.84,159.0,11.0,14.0,2.0,63.0,114.0,24.0,0.0,1.0,3,True
506937,223159,2499,VCT 2025: China Stage 2,Group Stage: Week 2,2025-07-17,Haven,1,FunPlus Phoenix,Nova Esports,6,13,Autumn,872,cypher,0.69,119.0,9.0,14.0,2.0,58.0,82.0,32.0,1.0,1.0,3,True
506937,223159,2499,VCT 2025: China Stage 2,Group Stage: Week 2,2025-07-17,Haven,1,FunPlus Phoenix,Nova Esports,6,13,BerLIN,7857,breach,0.52,134.0,7.0,17.0,5.0,47.0,90.0,48.0,2.0,2.0,3,True
506937,223159,2499,VCT 2025: China Stage 2,Group Stage: Week 2,2025-07-17,Haven,1,Nova Esports,FunPlus Phoenix,13,6,monk,14431,viper,1.2,218.0,15.0,11.0,9.0,63.0,140.0,32.0,2.0,3.0,3,True
506937,223159,2499,VCT 2025: China Stage 2,Group Stage: Week 2,2025-07-17,Haven,1,Nova Esports,FunPlus Phoenix,13,6,SWERL,1209,neon,1.15,232.0,18.0,12.0,0.0,63.0,152.0,50.0,4.0,2.0,3,True
506937,223159,2499,VCT 2025: China Stage 2,Group Stage: Week 2,2025-07-17,Haven,1,Nova Esports,FunPlus Phoenix,13,6,Ezeir,46460,omen,1.06,206.0,14.0,13.0,11.0,79.0,126.0,16.0,1.0,1.0,3,True
506937,223159,2499,VCT 2025: China Stage 2,Group Stage: Week 2,2025-07-17,Haven,1,Nova Esports,FunPlus Phoenix,13,6,cb,39697,sova,1.05,168.0,10.0,10.0,7.0,74.0,118.0,18.0,1.0,3.0,3,True
506937,223159,2499,VCT 2025: China Stage 2,Group Stage: Week 2,2025-07-17,Haven,1,Nova Esports,FunPlus Phoenix,13,6,GuanG,41054,killjoy,0.83,220.0,14.0,13.0,1.0,74.0,142.0,25.0,1.0,1.0,3,True
506937,223160,2499,VCT 2025: China Stage 2,Group Stage: Week 2,2025-07-17,Ascent,2,FunPlus Phoenix,Nova Esports,13,8,Life,3028,waylay,1.63,324.0,24.0,15.0,4.0,71.0,222.0,4.0,4.0,2.0,3,True
506937,223160,2499,VCT 2025: China Stage 2,Group Stage: Week 2,2025-07-17,Ascent,2,FunPlus Phoenix,Nova Esports,13,8,BerLIN,7857,omen,1.22,212.0,16.0,12.0,11.0,76.0,122.0,27.0,3.0,2.0,3,True
506937,223160,2499,VCT 2025: China Stage 2,Group Stage: Week 2,2025-07-17,Ascent,2,FunPlus Phoenix,Nova Esports,13,8,yosemite,6022,killjoy,1.21,248.0,19.0,14.0,5.0,71.0,168.0,19.0,3.0,0.0,3,True
506937,223160,2499,VCT 2025: China Stage 2,Group Stage: Week 2,2025-07-17,Ascent,2,FunPlus Phoenix,Nova Esports,13,8,Autumn,872,phoenix,0.91,171.0,13.0,14.0,9.0,71.0,121.0,42.0,2.0,3.0,3,True
506937,223160,2499,VCT 2025: China Stage 2,Group Stage: Week 2,2025-07-17,Ascent,2,FunPlus Phoenix,Nova Esports,13,8,AAAAY,19530,sova,0.89,136.0,11.0,13.0,5.0,67.0,99.0,32.0,0.0,2.0,3,True
506937,223160,2499,VCT 2025: China Stage 2,Group Stage: Week 2,2025-07-17,Ascent,2,Nova Esports,FunPlus Phoenix,8,13,GuanG,41054,killjoy,1.2,263.0,20.0,16.0,2.0,81.0,180.0,28.0,1.0,0.0,3,True
506937,223160,2499,VCT 2025: China Stage 2,Group Stage: Week 2,2025-07-17,Ascent,2,Nova Esports,FunPlus Phoenix,8,13,Ezeir,46460,omen,0.91,169.0,11.0,16.0,14.0,67.0,97.0,14.0,2.0,2.0,3,True
506937,223160,2499,VCT 2025: China Stage 2,Group Stage: Week 2,2025-07-17,Ascent,2,Nova Esports,FunPlus Phoenix,8,13,monk,14431,kayo,0.81,166.0,12.0,16.0,3.0,67.0,112.0,11.0,0.0,1.0,3,True
506937,223160,2499,VCT 2025: China Stage 2,Group Stage: Week 2,2025-07-17,Ascent,2,Nova Esports,FunPlus Phoenix,8,13,SWERL,1209,raze,0.81,208.0,16.0,17.0,3.0,62.0,135.0,30.0,5.0,5.0,3,True
506937,223160,2499,VCT 2025: China Stage 2,Group Stage: Week 2,2025-07-17,Ascent,2,Nova Esports,FunPlus Phoenix,8,13,cb,39697,sova,0.55,143.0,9.0,18.0,5.0,67.0,107.0,21.0,1.0,4.0,3,True
506937,223161,2499,VCT 2025: China Stage 2,Group Stage: Week 2,2025-07-17,Bind,3,FunPlus Phoenix,Nova Esports,13,6,AAAAY,19530,skye,1.59,249.0,17.0,7.0,7.0,84.0,173.0,39.0,2.0,1.0,3,True
506937,223161,2499,VCT 2025: China Stage 2,Group Stage: Week 2,2025-07-17,Bind,3,FunPlus Phoenix,Nova Esports,13,6,Autumn,872,deadlock,1.3,218.0,16.0,12.0,7.0,79.0,166.0,28.0,1.0,0.0,3,True
506937,223161,2499,VCT 2025: China Stage 2,Group Stage: Week 2,2025-07-17,Bind,3,FunPlus Phoenix,Nova Esports,13,6,yosemite,6022,vyse,1.23,235.0,16.0,11.0,6.0,79.0,145.0,15.0,2.0,1.0,3,True
506937,223161,2499,VCT 2025: China Stage 2,Group Stage: Week 2,2025-07-17,Bind,3,FunPlus Phoenix,Nova Esports,13,6,Life,3028,raze,1.21,280.0,19.0,12.0,4.0,79.0,178.0,14.0,5.0,2.0,3,True
506937,223161,2499,VCT 2025: China Stage 2,Group Stage: Week 2,2025-07-17,Bind,3,FunPlus Phoenix,Nova Esports,13,6,BerLIN,7857,brimstone,0.66,95.0,5.0,11.0,12.0,68.0,55.0,26.0,1.0,4.0,3,True
506937,223161,2499,VCT 2025: China Stage 2,Group Stage: Week 2,2025-07-17,Bind,3,Nova Esports,FunPlus Phoenix,6,13,Ezeir,46460,brimstone,1.27,264.0,17.0,15.0,6.0,74.0,159.0,21.0,2.0,2.0,3,True
506937,223161,2499,VCT 2025: China Stage 2,Group Stage: Week 2,2025-07-17,Bind,3,Nova Esports,FunPlus Phoenix,6,13,GuanG,41054,vyse,0.92,188.0,13.0,13.0,3.0,68.0,111.0,33.0,3.0,1.0,3,True
506937,223161,2499,VCT 2025: China Stage 2,Group Stage: Week 2,2025-07-17,Bind,3,Nova Esports,FunPlus Phoenix,6,13,monk,14431,viper,0.64,131.0,7.0,15.0,8.0,63.0,78.0,20.0,2.0,1.0,3,True
506937,223161,2499,VCT 2025: China Stage 2,Group Stage: Week 2,2025-07-17,Bind,3,Nova Esports,FunPlus Phoenix,6,13,cb,39697,fade,0.63,123.0,7.0,14.0,2.0,68.0,90.0,24.0,0.0,3.0,3,True
506937,223161,2499,VCT 2025: China Stage 2,Group Stage: Week 2,2025-07-17,Bind,3,Nova Esports,FunPlus Phoenix,6,13,SWERL,1209,raze,0.58,137.0,9.0,16.0,1.0,42.0,82.0,3.0,1.0,4.0,3,True
506938,223162,2499,VCT 2025: China Stage 2,Group Stage: Week 2,2025-07-18,Bind,1,All Gamers,Wolves Esports,13,2,Spitfires,4881,yoru,1.86,399.0,23.0,8.0,5.0,87.0,232.0,32.0,5.0,1.0,3,True
506938,223162,2499,VCT 2025: China Stage 2,Group Stage: Week 2,2025-07-18,Bind,1,All Gamers,Wolves Esports,13,2,K1ra,46748,raze,1.49,262.0,14.0,8.0,2.0,93.0,154.0,21.0,4.0,0.0,3,True
506938,223162,2499,VCT 2025: China Stage 2,Group Stage: Week 2,2025-07-18,Bind,1,All Gamers,Wolves Esports,13,2,Shr1mp,25494,fade,1.35,223.0,14.0,8.0,7.0,100.0,134.0,35.0,2.0,0.0,3,True
506938,223162,2499,VCT 2025: China Stage 2,Group Stage: Week 2,2025-07-18,Bind,1,All Gamers,Wolves Esports,13,2,deLb,10821,brimstone,1.23,190.0,11.0,7.0,8.0,87.0,109.0,53.0,0.0,0.0,3,True
506938,223162,2499,VCT 2025: China Stage 2,Group Stage: Week 2,2025-07-18,Bind,1,All Gamers,Wolves Esports,13,2,HanChe,42537,viper,1.06,154.0,7.0,7.0,10.0,87.0,106.0,29.0,2.0,1.0,3,True
506938,223162,2499,VCT 2025: China Stage 2,Group Stage: Week 2,2025-07-18,Bind,1,Wolves Esports,All Gamers,2,13,SiuFatBB,7849,fade,1.05,209.0,11.0,13.0,7.0,60.0,131.0,33.0,0.0,1.0,3,True
506938,223162,2499,VCT 2025: China Stage 2,Group Stage: Week 2,2025-07-18,Bind,1,Wolves Esports,All Gamers,2,13,Spring,14125,brimstone,0.77,197.0,9.0,15.0,9.0,80.0,124.0,29.0,1.0,2.0,3,True
506938,223162,2499,VCT 2025: China Stage 2,Group Stage: Week 2,2025-07-18,Bind,1,Wolves Esports,All Gamers,2,13,Yuicaw,11218,raze,0.62,177.0,9.0,14.0,3.0,47.0,114.0,35.0,1.0,5.0,3,True
506938,223162,2499,VCT 2025: China Stage 2,Group Stage: Week 2,2025-07-18,Bind,1,Wolves Esports,All Gamers,2,13,Lysoar,37489,cypher,0.46,105.0,5.0,13.0,1.0,47.0,75.0,35.0,0.0,0.0,3,True
506938,223162,2499,VCT 2025: China Stage 2,Group Stage: Week 2,2025-07-18,Bind,1,Wolves Esports,All Gamers,2,13,Juicy,7426,waylay,0.2,80.0,4.0,14.0,3.0,40.0,47.0,29.0,0.0,5.0,3,True
506938,223163,2499,VCT 2025: China Stage 2,Group Stage: Week 2,2025-07-18,Corrode,2,All Gamers,Wolves Esports,13,4,K1ra,46748,omen,1.68,297.0,20.0,8.0,9.0,88.0,177.0,20.0,4.0,1.0,3,True
506938,223163,2499,VCT 2025: China Stage 2,Group Stage: Week 2,2025-07-18,Corrode,2,All Gamers,Wolves Esports,13,4,Shr1mp,25494,sova,1.68,302.0,19.0,9.0,5.0,88.0,179.0,25.0,2.0,0.0,3,True
506938,223163,2499,VCT 2025: China Stage 2,Group Stage: Week 2,2025-07-18,Corrode,2,All Gamers,Wolves Esports,13,4,Spitfires,4881,neon,1.07,272.0,17.0,12.0,4.0,76.0,170.0,45.0,4.0,2.0,3,True
506938,223163,2499,VCT 2025: China Stage 2,Group Stage: Week 2,2025-07-18,Corrode,2,All Gamers,Wolves Esports,13,4,HanChe,42537,viper,0.94,131.0,8.0,8.0,7.0,82.0,98.0,24.0,0.0,1.0,3,True
506938,223163,2499,VCT 2025: China Stage 2,Group Stage: Week 2,2025-07-18,Corrode,2,All Gamers,Wolves Esports,13,4,deLb,10821,deadlock,0.69,145.0,9.0,11.0,3.0,76.0,97.0,30.0,1.0,2.0,3,True
506938,223163,2499,VCT 2025: China Stage 2,Group Stage: Week 2,2025-07-18,Corrode,2,Wolves Esports,All Gamers,4,13,Spring,14125,viper,1.21,260.0,15.0,14.0,5.0,71.0,157.0,25.0,3.0,1.0,3,True
506938,223163,2499,VCT 2025: China Stage 2,Group Stage: Week 2,2025-07-18,Corrode,2,Wolves Esports,All Gamers,4,13,Juicy,7426,yoru,1.07,199.0,12.0,13.0,2.0,47.0,128.0,52.0,1.0,3.0,3,True
506938,223163,2499,VCT 2025: China Stage 2,Group Stage: Week 2,2025-07-18,Corrode,2,Wolves Esports,All Gamers,4,13,Lysoar,37489,omen,1.0,216.0,12.0,14.0,5.0,76.0,146.0,32.0,0.0,1.0,3,True
506938,223163,2499,VCT 2025: China Stage 2,Group Stage: Week 2,2025-07-18,Corrode,2,Wolves Esports,All Gamers,4,13,SiuFatBB,7849,fade,0.43,111.0,6.0,16.0,3.0,41.0,74.0,43.0,0.0,2.0,3,True
506938,223163,2499,VCT 2025: China Stage 2,Group Stage: Week 2,2025-07-18,Corrode,2,Wolves Esports,All Gamers,4,13,Yuicaw,11218,cypher,0.22,71.0,3.0,16.0,5.0,41.0,66.0,20.0,2.0,4.0,3,True
506939,223165,2499,VCT 2025: China Stage 2,Group Stage: Week 2,2025-07-18,Sunset,1,JD Mall JDG Esports (JD Gaming),Guangzhou Huadu Bilibili Gaming (Bilibili Gaming),7,13,Z1yan,41029,deadlock,1.09,219.0,15.0,17.0,3.0,65.0,149.0,32.0,1.0,2.0,3,True
506939,223165,2499,VCT 2025: China Stage 2,Group Stage: Week 2,2025-07-18,Sunset,1,JD Mall JDG Esports (JD Gaming),Guangzhou Huadu Bilibili Gaming (Bilibili Gaming),7,13,jkuro,3519,omen,0.74,177.0,13.0,18.0,0.0,40.0,111.0,33.0,1.0,1.0,3,True
506939,223165,2499,VCT 2025: China Stage 2,Group Stage: Week 2,2025-07-18,Sunset,1,JD Mall JDG Esports (JD Gaming),Guangzhou Huadu Bilibili Gaming (Bilibili Gaming),7,13,Babyblue,15302,sova,0.53,123.0,7.0,17.0,4.0,40.0,94.0,24.0,0.0,2.0,3,True
506939,223165,2499,VCT 2025: China Stage 2,Group Stage: Week 2,2025-07-18,Sunset,1,JD Mall JDG Esports (JD Gaming),Guangzhou Huadu Bilibili Gaming (Bilibili Gaming),7,13,kklin,55828,viper,0.49,124.0,8.0,17.0,1.0,55.0,86.0,30.0,2.0,3.0,3,True
506939,223165,2499,VCT 2025: China Stage 2,Group Stage: Week 2,2025-07-18,Sunset,1,JD Mall JDG Esports (JD Gaming),Guangzhou Huadu Bilibili Gaming (Bilibili Gaming),7,13,stew,16924,neon,0.46,107.0,7.0,16.0,3.0,55.0,63.0,38.0,2.0,6.0,3,True
506939,223165,2499,VCT 2025: China Stage 2,Group Stage: Week 2,2025-07-18,Sunset,1,Guangzhou Huadu Bilibili Gaming (Bilibili Gaming),JD Mall JDG Esports (JD Gaming),13,7,rushia,48878,omen,1.5,262.0,20.0,11.0,8.0,95.0,185.0,37.0,2.0,2.0,3,True
506939,223165,2499,VCT 2025: China Stage 2,Group Stage: Week 2,2025-07-18,Sunset,1,Guangzhou Huadu Bilibili Gaming (Bilibili Gaming),JD Mall JDG Esports (JD Gaming),13,7,whzy,4885,neon,1.48,322.0,24.0,11.0,4.0,80.0,194.0,44.0,5.0,0.0,3,True
506939,223165,2499,VCT 2025: China Stage 2,Group Stage: Week 2,2025-07-18,Sunset,1,Guangzhou Huadu Bilibili Gaming (Bilibili Gaming),JD Mall JDG Esports (JD Gaming),13,7,nephh,10698,kayo,1.45,231.0,16.0,8.0,15.0,90.0,143.0,25.0,2.0,0.0,3,True
506939,223165,2499,VCT 2025: China Stage 2,Group Stage: Week 2,2025-07-18,Sunset,1,Guangzhou Huadu Bilibili Gaming (Bilibili Gaming),JD Mall JDG Esports (JD Gaming),13,7,Knight,4774,sova,1.18,179.0,13.0,10.0,4.0,75.0,106.0,24.0,4.0,1.0,3,True
506939,223165,2499,VCT 2025: China Stage 2,Group Stage: Week 2,2025-07-18,Sunset,1,Guangzhou Huadu Bilibili Gaming (Bilibili Gaming),JD Mall JDG Esports (JD Gaming),13,7,Levius,40845,cypher,0.98,165.0,12.0,10.0,8.0,75.0,109.0,17.0,1.0,3.0,3,True
506939,223166,2499,VCT 2025: China Stage 2,Group Stage: Week 2,2025-07-18,Ascent,2,JD Mall JDG Esports (JD Gaming),Guangzhou Huadu Bilibili Gaming (Bilibili Gaming),15,13,stew,16924,yoru,1.42,334.0,35.0,22.0,8.0,82.0,216.0,31.0,4.0,2.0,3,True
506939,223166,2499,VCT 2025: China Stage 2,Group Stage: Week 2,2025-07-18,Ascent,2,JD Mall JDG Esports (JD Gaming),Guangzhou Huadu Bilibili Gaming (Bilibili Gaming),15,13,kklin,55828,vyse,1.09,208.0,19.0,20.0,8.0,75.0,137.0,21.0,2.0,3.0,3,True
506939,223166,2499,VCT 2025: China Stage 2,Group Stage: Week 2,2025-07-18,Ascent,2,JD Mall JDG Esports (JD Gaming),Guangzhou Huadu Bilibili Gaming (Bilibili Gaming),15,13,Z1yan,41029,chamber,1.08,216.0,22.0,20.0,2.0,75.0,140.0,37.0,6.0,1.0,3,True
506939,223166,2499,VCT 2025: China Stage 2,Group Stage: Week 2,2025-07-18,Ascent,2,JD Mall JDG Esports (JD Gaming),Guangzhou Huadu Bilibili Gaming (Bilibili Gaming),15,13,jkuro,3519,omen,0.97,174.0,17.0,20.0,12.0,68.0,111.0,29.0,2.0,2.0,3,True
506939,223166,2499,VCT 2025: China Stage 2,Group Stage: Week 2,2025-07-18,Ascent,2,JD Mall JDG Esports (JD Gaming),Guangzhou Huadu Bilibili Gaming (Bilibili Gaming),15,13,Babyblue,15302,sova,0.56,131.0,11.0,21.0,10.0,71.0,97.0,15.0,2.0,4.0,3,True
506939,223166,2499,VCT 2025: China Stage 2,Group Stage: Week 2,2025-07-18,Ascent,2,Guangzhou Huadu Bilibili Gaming (Bilibili Gaming),JD Mall JDG Esports (JD Gaming),13,15,Knight,4774,sova,1.43,231.0,27.0,17.0,5.0,89.0,150.0,32.0,1.0,0.0,3,True
506939,223166,2499,VCT 2025: China Stage 2,Group Stage: Week 2,2025-07-18,Ascent,2,Guangzhou Huadu Bilibili Gaming (Bilibili Gaming),JD Mall JDG Esports (JD Gaming),13,15,rushia,48878,omen,1.23,264.0,24.0,21.0,16.0,71.0,166.0,37.0,2.0,6.0,3,True
506939,223166,2499,VCT 2025: China Stage 2,Group Stage: Week 2,2025-07-18,Ascent,2,Guangzhou Huadu Bilibili Gaming (Bilibili Gaming),JD Mall JDG Esports (JD Gaming),13,15,nephh,10698,kayo,1.07,219.0,22.0,20.0,15.0,79.0,137.0,22.0,1.0,2.0,3,True
506939,223166,2499,VCT 2025: China Stage 2,Group Stage: Week 2,2025-07-18,Ascent,2,Guangzhou Huadu Bilibili Gaming (Bilibili Gaming),JD Mall JDG Esports (JD Gaming),13,15,whzy,4885,neon,0.69,178.0,16.0,23.0,5.0,71.0,106.0,31.0,6.0,5.0,3,True
506939,223166,2499,VCT 2025: China Stage 2,Group Stage: Week 2,2025-07-18,Ascent,2,Guangzhou Huadu Bilibili Gaming (Bilibili Gaming),JD Mall JDG Esports (JD Gaming),13,15,Levius,40845,killjoy,0.63,158.0,14.0,23.0,5.0,71.0,123.0,28.0,2.0,3.0,3,True
506939,223167,2499,VCT 2025: China Stage 2,Group Stage: Week 2,2025-07-18,Icebox,3,JD Mall JDG Esports (JD Gaming),Guangzhou Huadu Bilibili Gaming (Bilibili Gaming),4,13,jkuro,3519,viper,1.19,223.0,13.0,13.0,7.0,76.0,144.0,35.0,1.0,4.0,3,True
506939,223167,2499,VCT 2025: China Stage 2,Group Stage: Week 2,2025-07-18,Icebox,3,JD Mall JDG Esports (JD Gaming),Guangzhou Huadu Bilibili Gaming (Bilibili Gaming),4,13,stew,16924,jett,1.14,208.0,13.0,12.0,1.0,82.0,131.0,35.0,2.0,1.0,3,True
506939,223167,2499,VCT 2025: China Stage 2,Group Stage: Week 2,2025-07-18,Icebox,3,JD Mall JDG Esports (JD Gaming),Guangzhou Huadu Bilibili Gaming (Bilibili Gaming),4,13,Babyblue,15302,sova,0.73,168.0,10.0,15.0,5.0,59.0,118.0,44.0,1.0,1.0,3,True
506939,223167,2499,VCT 2025: China Stage 2,Group Stage: Week 2,2025-07-18,Icebox,3,JD Mall JDG Esports (JD Gaming),Guangzhou Huadu Bilibili Gaming (Bilibili Gaming),4,13,Z1yan,41029,omen,0.65,169.0,10.0,15.0,4.0,41.0,101.0,32.0,2.0,2.0,3,True
506939,223167,2499,VCT 2025: China Stage 2,Group Stage: Week 2,2025-07-18,Icebox,3,JD Mall JDG Esports (JD Gaming),Guangzhou Huadu Bilibili Gaming (Bilibili Gaming),4,13,kklin,55828,killjoy,0.39,99.0,5.0,14.0,2.0,53.0,80.0,16.0,0.0,3.0,3,True
506939,223167,2499,VCT 2025: China Stage 2,Group Stage: Week 2,2025-07-18,Icebox,3,Guangzhou Huadu Bilibili Gaming (Bilibili Gaming),JD Mall JDG Esports (JD Gaming),13,4,Knight,4774,sova,1.42,225.0,14.0,8.0,4.0,94.0,144.0,34.0,2.0,0.0,3,True
506939,223167,2499,VCT 2025: China Stage 2,Group Stage: Week 2,2025-07-18,Icebox,3,Guangzhou Huadu Bilibili Gaming (Bilibili Gaming),JD Mall JDG Esports (JD Gaming),13,4,whzy,4885,jett,1.31,269.0,17.0,11.0,7.0,82.0,172.0,29.0,3.0,2.0,3,True
506939,223167,2499,VCT 2025: China Stage 2,Group Stage: Week 2,2025-07-18,Icebox,3,Guangzhou Huadu Bilibili Gaming (Bilibili Gaming),JD Mall JDG Esports (JD Gaming),13,4,nephh,10698,viper,1.13,214.0,13.0,10.0,5.0,65.0,136.0,22.0,2.0,2.0,3,True
506939,223167,2499,VCT 2025: China Stage 2,Group Stage: Week 2,2025-07-18,Icebox,3,Guangzhou Huadu Bilibili Gaming (Bilibili Gaming),JD Mall JDG Esports (JD Gaming),13,4,rushia,48878,harbor,1.06,191.0,14.0,10.0,4.0,82.0,121.0,14.0,2.0,1.0,3,True
506939,223167,2499,VCT 2025: China Stage 2,Group Stage: Week 2,2025-07-18,Icebox,3,Guangzhou Huadu Bilibili Gaming (Bilibili Gaming),JD Mall JDG Esports (JD Gaming),13,4,Levius,40845,killjoy,0.84,179.0,11.0,12.0,2.0,71.0,126.0,22.0,2.0,1.0,3,True
506940,223168,2499,VCT 2025: China Stage 2,Group Stage: Week 2,2025-07-19,Haven,1,TYLOO,Titan Esports Club,13,2,Yoyo,11843,sova,1.52,274.0,16.0,6.0,5.0,93.0,193.0,32.0,2.0,0.0,3,True
506940,223168,2499,VCT 2025: China Stage 2,Group Stage: Week 2,2025-07-19,Haven,1,TYLOO,Titan Esports Club,13,2,sword9,3049,omen,1.52,196.0,12.0,3.0,6.0,100.0,127.0,44.0,1.0,0.0,3,True
506940,223168,2499,VCT 2025: China Stage 2,Group Stage: Week 2,2025-07-19,Haven,1,TYLOO,Titan Esports Club,13,2,Scales,39485,iso,1.51,289.0,17.0,8.0,4.0,93.0,189.0,35.0,3.0,1.0,3,True
506940,223168,2499,VCT 2025: China Stage 2,Group Stage: Week 2,2025-07-19,Haven,1,TYLOO,Titan Esports Club,13,2,Ninebody,3547,cypher,1.38,259.0,14.0,7.0,3.0,100.0,158.0,38.0,2.0,0.0,3,True
506940,223168,2499,VCT 2025: China Stage 2,Group Stage: Week 2,2025-07-19,Haven,1,TYLOO,Titan Esports Club,13,2,slowly,41739,yoru,1.31,227.0,12.0,6.0,10.0,93.0,120.0,11.0,4.0,2.0,3,True
506940,223168,2499,VCT 2025: China Stage 2,Group Stage: Week 2,2025-07-19,Haven,1,Titan Esports Club,TYLOO,2,13,lucas,19677,sova,1.0,171.0,9.0,12.0,0.0,53.0,105.0,33.0,2.0,2.0,3,True
506940,223168,2499,VCT 2025: China Stage 2,Group Stage: Week 2,2025-07-19,Haven,1,Titan Esports Club,TYLOO,2,13,Coco,47629,breach,0.63,157.0,9.0,15.0,4.0,53.0,82.0,44.0,0.0,2.0,3,True
506940,223168,2499,VCT 2025: China Stage 2,Group Stage: Week 2,2025-07-19,Haven,1,Titan Esports Club,TYLOO,2,13,Abo,5011,cypher,0.58,147.0,7.0,14.0,0.0,40.0,92.0,62.0,1.0,3.0,3,True
506940,223168,2499,VCT 2025: China Stage 2,Group Stage: Week 2,2025-07-19,Haven,1,Titan Esports Club,TYLOO,2,13,Haodong,4720,omen,0.38,131.0,5.0,15.0,3.0,47.0,87.0,27.0,0.0,2.0,3,True
506940,223168,2499,VCT 2025: China Stage 2,Group Stage: Week 2,2025-07-19,Haven,1,Titan Esports Club,TYLOO,2,13,TvirusLuke,7841,jett,0.03,22.0,0.0,15.0,3.0,33.0,22.0,0.0,0.0,3.0,3,True
506940,223169,2499,VCT 2025: China Stage 2,Group Stage: Week 2,2025-07-19,Lotus,2,TYLOO,Titan Esports Club,13,10,Scales,39485,viper,1.44,258.0,20.0,13.0,6.0,78.0,165.0,55.0,4.0,2.0,3,True
506940,223169,2499,VCT 2025: China Stage 2,Group Stage: Week 2,2025-07-19,Lotus,2,TYLOO,Titan Esports Club,13,10,sword9,3049,fade,1.29,240.0,21.0,13.0,5.0,78.0,148.0,22.0,1.0,0.0,3,True
506940,223169,2499,VCT 2025: China Stage 2,Group Stage: Week 2,2025-07-19,Lotus,2,TYLOO,Titan Esports Club,13,10,Ninebody,3547,vyse,1.25,210.0,17.0,13.0,6.0,74.0,121.0,27.0,3.0,0.0,3,True
506940,223169,2499,VCT 2025: China Stage 2,Group Stage: Week 2,2025-07-19,Lotus,2,TYLOO,Titan Esports Club,13,10,Yoyo,11843,raze,0.75,182.0,14.0,17.0,4.0,70.0,119.0,12.0,3.0,5.0,3,True
506940,223169,2499,VCT 2025: China Stage 2,Group Stage: Week 2,2025-07-19,Lotus,2,TYLOO,Titan Esports Club,13,10,slowly,41739,omen,0.63,143.0,11.0,20.0,12.0,83.0,109.0,20.0,2.0,3.0,3,True
506940,223169,2499,VCT 2025: China Stage 2,Group Stage: Week 2,2025-07-19,Lotus,2,Titan Esports Club,TYLOO,10,13,lucas,19677,fade,1.49,265.0,21.0,15.0,9.0,78.0,173.0,34.0,2.0,0.0,3,True
506940,223169,2499,VCT 2025: China Stage 2,Group Stage: Week 2,2025-07-19,Lotus,2,Titan Esports Club,TYLOO,10,13,TvirusLuke,7841,raze,0.91,205.0,15.0,18.0,6.0,61.0,144.0,32.0,3.0,4.0,3,True
506940,223169,2499,VCT 2025: China Stage 2,Group Stage: Week 2,2025-07-19,Lotus,2,Titan Esports Club,TYLOO,10,13,Haodong,4720,omen,0.83,150.0,13.0,17.0,6.0,65.0,90.0,26.0,3.0,4.0,3,True
506940,223169,2499,VCT 2025: China Stage 2,Group Stage: Week 2,2025-07-19,Lotus,2,Titan Esports Club,TYLOO,10,13,Coco,47629,viper,0.81,170.0,14.0,16.0,7.0,52.0,114.0,38.0,1.0,1.0,3,True
506940,223169,2499,VCT 2025: China Stage 2,Group Stage: Week 2,2025-07-19,Lotus,2,Titan Esports Club,TYLOO,10,13,Abo,5011,vyse,0.68,149.0,13.0,17.0,7.0,57.0,114.0,39.0,1.0,4.0,3,True
506941,223171,2499,VCT 2025: China Stage 2,Group Stage: Week 2,2025-07-19,Sunset,1,Trace Esports,EDward Gaming,13,8,MarT1n,36668,deadlock,1.44,295.0,22.0,14.0,6.0,81.0,197.0,32.0,5.0,1.0,3,True
506941,223171,2499,VCT 2025: China Stage 2,Group Stage: Week 2,2025-07-19,Sunset,1,Trace Esports,EDward Gaming,13,8,LuoK1ng,3045,omen,1.29,224.0,17.0,13.0,10.0,86.0,146.0,34.0,1.0,0.0,3,True
506941,223171,2499,VCT 2025: China Stage 2,Group Stage: Week 2,2025-07-19,Sunset,1,Trace Esports,EDward Gaming,13,8,Kai,37494,neon,1.21,263.0,22.0,15.0,1.0,71.0,161.0,38.0,6.0,4.0,3,True
506941,223171,2499,VCT 2025: China Stage 2,Group Stage: Week 2,2025-07-19,Sunset,1,Trace Esports,EDward Gaming,13,8,FengF,4770,cypher,1.01,189.0,16.0,14.0,3.0,62.0,127.0,27.0,0.0,2.0,3,True
506941,223171,2499,VCT 2025: China Stage 2,Group Stage: Week 2,2025-07-19,Sunset,1,Trace Esports,EDward Gaming,13,8,Biank,3021,sova,0.3,73.0,4.0,16.0,3.0,67.0,55.0,8.0,0.0,2.0,3,True
506941,223171,2499,VCT 2025: China Stage 2,Group Stage: Week 2,2025-07-19,Sunset,1,EDward Gaming,Trace Esports,8,13,nobody,3017,fade,1.53,276.0,22.0,13.0,3.0,57.0,166.0,45.0,2.0,1.0,3,True
506941,223171,2499,VCT 2025: China Stage 2,Group Stage: Week 2,2025-07-19,Sunset,1,EDward Gaming,Trace Esports,8,13,Smoggy,4742,omen,1.23,260.0,19.0,15.0,5.0,86.0,171.0,33.0,2.0,0.0,3,True
506941,223171,2499,VCT 2025: China Stage 2,Group Stage: Week 2,2025-07-19,Sunset,1,EDward Gaming,Trace Esports,8,13,CHICHOO,15559,cypher,0.78,165.0,11.0,16.0,3.0,67.0,115.0,29.0,1.0,1.0,3,True
506941,223171,2499,VCT 2025: China Stage 2,Group Stage: Week 2,2025-07-19,Sunset,1,EDward Gaming,Trace Esports,8,13,zjc,7135,breach,0.63,136.0,10.0,18.0,11.0,76.0,74.0,38.0,1.0,2.0,3,True
506941,223171,2499,VCT 2025: China Stage 2,Group Stage: Week 2,2025-07-19,Sunset,1,EDward Gaming,Trace Esports,8,13,ZmjjKK,3520,neon,0.48,149.0,10.0,19.0,6.0,57.0,111.0,13.0,3.0,8.0,3,True
506941,223172,2499,VCT 2025: China Stage 2,Group Stage: Week 2,2025-07-19,Bind,2,Trace Esports,EDward Gaming,11,13,LuoK1ng,3045,brimstone,1.21,265.0,23.0,18.0,7.0,79.0,171.0,27.0,1.0,1.0,3,True
506941,223172,2499,VCT 2025: China Stage 2,Group Stage: Week 2,2025-07-19,Bind,2,Trace Esports,EDward Gaming,11,13,Kai,37494,vyse,1.07,212.0,19.0,16.0,7.0,71.0,136.0,37.0,3.0,4.0,3,True
506941,223172,2499,VCT 2025: China Stage 2,Group Stage: Week 2,2025-07-19,Bind,2,Trace Esports,EDward Gaming,11,13,MarT1n,36668,deadlock,0.94,153.0,15.0,15.0,7.0,83.0,92.0,24.0,2.0,1.0,3,True
506941,223172,2499,VCT 2025: China Stage 2,Group Stage: Week 2,2025-07-19,Bind,2,Trace Esports,EDward Gaming,11,13,FengF,4770,raze,0.92,221.0,18.0,19.0,5.0,75.0,140.0,27.0,4.0,6.0,3,True
506941,223172,2499,VCT 2025: China Stage 2,Group Stage: Week 2,2025-07-19,Bind,2,Trace Esports,EDward Gaming,11,13,Biank,3021,fade,0.87,185.0,15.0,19.0,15.0,79.0,129.0,18.0,2.0,0.0,3,True
506941,223172,2499,VCT 2025: China Stage 2,Group Stage: Week 2,2025-07-19,Bind,2,EDward Gaming,Trace Esports,13,11,nobody,3017,brimstone,1.4,300.0,25.0,19.0,7.0,75.0,196.0,43.0,3.0,2.0,3,True
506941,223172,2499,VCT 2025: China Stage 2,Group Stage: Week 2,2025-07-19,Bind,2,EDward Gaming,Trace Esports,13,11,ZmjjKK,3520,raze,1.28,285.0,24.0,19.0,5.0,67.0,192.0,14.0,2.0,6.0,3,True
506941,223172,2499,VCT 2025: China Stage 2,Group Stage: Week 2,2025-07-19,Bind,2,EDward Gaming,Trace Esports,13,11,CHICHOO,15559,viper,1.01,165.0,14.0,15.0,5.0,75.0,105.0,30.0,2.0,2.0,3,True
506941,223172,2499,VCT 2025: China Stage 2,Group Stage: Week 2,2025-07-19,Bind,2,EDward Gaming,Trace Esports,13,11,Smoggy,4742,deadlock,0.76,134.0,11.0,17.0,8.0,67.0,93.0,31.0,2.0,1.0,3,True
506941,223172,2499,VCT 2025: China Stage 2,Group Stage: Week 2,2025-07-19,Bind,2,EDward Gaming,Trace Esports,13,11,zjc,7135,fade,0.65,155.0,13.0,20.0,6.0,71.0,106.0,33.0,3.0,1.0,3,True
506941,223173,2499,VCT 2025: China Stage 2,Group Stage: Week 2,2025-07-19,Icebox,3,Trace Esports,EDward Gaming,13,3,Kai,37494,jett,1.58,356.0,21.0,10.0,2.0,100.0,207.0,17.0,8.0,0.0,3,True
506941,223173,2499,VCT 2025: China Stage 2,Group Stage: Week 2,2025-07-19,Icebox,3,Trace Esports,EDward Gaming,13,3,LuoK1ng,3045,omen,1.3,232.0,14.0,9.0,7.0,88.0,129.0,33.0,3.0,0.0,3,True
506941,223173,2499,VCT 2025: China Stage 2,Group Stage: Week 2,2025-07-19,Icebox,3,Trace Esports,EDward Gaming,13,3,MarT1n,36668,killjoy,1.3,224.0,13.0,7.0,5.0,81.0,169.0,27.0,1.0,1.0,3,True
506941,223173,2499,VCT 2025: China Stage 2,Group Stage: Week 2,2025-07-19,Icebox,3,Trace Esports,EDward Gaming,13,3,Biank,3021,sova,1.03,206.0,14.0,9.0,1.0,81.0,134.0,22.0,1.0,1.0,3,True
506941,223173,2499,VCT 2025: China Stage 2,Group Stage: Week 2,2025-07-19,Icebox,3,Trace Esports,EDward Gaming,13,3,FengF,4770,viper,0.76,157.0,10.0,11.0,1.0,69.0,109.0,42.0,0.0,1.0,3,True
506941,223173,2499,VCT 2025: China Stage 2,Group Stage: Week 2,2025-07-19,Icebox,3,EDward Gaming,Trace Esports,3,13,Smoggy,4742,viper,1.15,231.0,13.0,14.0,1.0,56.0,160.0,24.0,0.0,2.0,3,True
506941,223173,2499,VCT 2025: China Stage 2,Group Stage: Week 2,2025-07-19,Icebox,3,EDward Gaming,Trace Esports,3,13,nobody,3017,omen,0.78,183.0,10.0,15.0,3.0,75.0,125.0,35.0,1.0,2.0,3,True
506941,223173,2499,VCT 2025: China Stage 2,Group Stage: Week 2,2025-07-19,Icebox,3,EDward Gaming,Trace Esports,3,13,ZmjjKK,3520,jett,0.73,209.0,10.0,15.0,4.0,44.0,144.0,34.0,1.0,6.0,3,True
506941,223173,2499,VCT 2025: China Stage 2,Group Stage: Week 2,2025-07-19,Icebox,3,EDward Gaming,Trace Esports,3,13,CHICHOO,15559,killjoy,0.63,120.0,7.0,13.0,1.0,38.0,84.0,38.0,1.0,3.0,3,True
506941,223173,2499,VCT 2025: China Stage 2,Group Stage: Week 2,2025-07-19,Icebox,3,EDward Gaming,Trace Esports,3,13,zjc,7135,sova,0.57,140.0,6.0,15.0,6.0,63.0,97.0,32.0,0.0,0.0,3,True
506942,223174,2499,VCT 2025: China Stage 2,Group Stage: Week 2,2025-07-20,Lotus,1,Dragon Ranger Gaming,All Gamers,5,13,vo0kashu,3741,cypher,1.14,235.0,15.0,13.0,2.0,56.0,132.0,23.0,3.0,0.0,3,True
506942,223174,2499,VCT 2025: China Stage 2,Group Stage: Week 2,2025-07-20,Lotus,1,Dragon Ranger Gaming,All Gamers,5,13,SpiritZ1,31753,yoru,0.92,255.0,14.0,17.0,3.0,61.0,151.0,39.0,6.0,3.0,3,True
506942,223174,2499,VCT 2025: China Stage 2,Group Stage: Week 2,2025-07-20,Lotus,1,Dragon Ranger Gaming,All Gamers,5,13,Flex1n,4705,omen,0.79,149.0,8.0,13.0,10.0,56.0,85.0,15.0,1.0,2.0,3,True
506942,223174,2499,VCT 2025: China Stage 2,Group Stage: Week 2,2025-07-20,Lotus,1,Dragon Ranger Gaming,All Gamers,5,13,Akeman,52904,neon,0.48,120.0,8.0,15.0,1.0,56.0,73.0,14.0,1.0,2.0,3,True
506942,223174,2499,VCT 2025: China Stage 2,Group Stage: Week 2,2025-07-20,Lotus,1,Dragon Ranger Gaming,All Gamers,5,13,Nicc,11524,breach,0.43,80.0,4.0,15.0,7.0,67.0,48.0,29.0,0.0,0.0,3,True
506942,223174,2499,VCT 2025: China Stage 2,Group Stage: Week 2,2025-07-20,Lotus,1,All Gamers,Dragon Ranger Gaming,13,5,K1ra,46748,raze,1.77,344.0,23.0,10.0,1.0,78.0,208.0,29.0,3.0,2.0,3,True
506942,223174,2499,VCT 2025: China Stage 2,Group Stage: Week 2,2025-07-20,Lotus,1,All Gamers,Dragon Ranger Gaming,13,5,deLb,10821,omen,1.19,200.0,13.0,9.0,7.0,78.0,134.0,36.0,0.0,3.0,3,True
506942,223174,2499,VCT 2025: China Stage 2,Group Stage: Week 2,2025-07-20,Lotus,1,All Gamers,Dragon Ranger Gaming,13,5,Spitfires,4881,yoru,1.15,207.0,14.0,10.0,5.0,78.0,146.0,24.0,1.0,1.0,3,True
506942,223174,2499,VCT 2025: China Stage 2,Group Stage: Week 2,2025-07-20,Lotus,1,All Gamers,Dragon Ranger Gaming,13,5,Shr1mp,25494,fade,1.08,198.0,13.0,10.0,8.0,83.0,119.0,31.0,1.0,3.0,3,True
506942,223174,2499,VCT 2025: China Stage 2,Group Stage: Week 2,2025-07-20,Lotus,1,All Gamers,Dragon Ranger Gaming,13,5,HanChe,42537,viper,0.97,172.0,10.0,10.0,8.0,72.0,108.0,24.0,2.0,2.0,3,True
506942,223175,2499,VCT 2025: China Stage 2,Group Stage: Week 2,2025-07-20,Corrode,2,Dragon Ranger Gaming,All Gamers,13,7,Nicc,11524,gekko,1.49,259.0,20.0,11.0,5.0,80.0,166.0,37.0,2.0,0.0,3,True
506942,223175,2499,VCT 2025: China Stage 2,Group Stage: Week 2,2025-07-20,Corrode,2,Dragon Ranger Gaming,All Gamers,13,7,Flex1n,4705,omen,1.24,200.0,14.0,12.0,14.0,75.0,114.0,35.0,0.0,2.0,3,True
506942,223175,2499,VCT 2025: China Stage 2,Group Stage: Week 2,2025-07-20,Corrode,2,Dragon Ranger Gaming,All Gamers,13,7,vo0kashu,3741,cypher,1.18,263.0,18.0,13.0,5.0,80.0,163.0,46.0,4.0,0.0,3,True
506942,223175,2499,VCT 2025: China Stage 2,Group Stage: Week 2,2025-07-20,Corrode,2,Dragon Ranger Gaming,All Gamers,13,7,Akeman,52904,clove,0.92,180.0,13.0,13.0,6.0,75.0,126.0,34.0,0.0,5.0,3,True
506942,223175,2499,VCT 2025: China Stage 2,Group Stage: Week 2,2025-07-20,Corrode,2,Dragon Ranger Gaming,All Gamers,13,7,SpiritZ1,31753,yoru,0.83,180.0,12.0,14.0,5.0,75.0,123.0,28.0,2.0,5.0,3,True
506942,223175,2499,VCT 2025: China Stage 2,Group Stage: Week 2,2025-07-20,Corrode,2,All Gamers,Dragon Ranger Gaming,7,13,Shr1mp,25494,sova,1.09,227.0,14.0,14.0,9.0,75.0,163.0,24.0,1.0,2.0,3,True
506942,223175,2499,VCT 2025: China Stage 2,Group Stage: Week 2,2025-07-20,Corrode,2,All Gamers,Dragon Ranger Gaming,7,13,deLb,10821,deadlock,1.01,222.0,16.0,16.0,5.0,60.0,135.0,38.0,4.0,2.0,3,True
506942,223175,2499,VCT 2025: China Stage 2,Group Stage: Week 2,2025-07-20,Corrode,2,All Gamers,Dragon Ranger Gaming,7,13,Spitfires,4881,neon,0.86,210.0,16.0,18.0,2.0,55.0,138.0,35.0,2.0,4.0,3,True
506942,223175,2499,VCT 2025: China Stage 2,Group Stage: Week 2,2025-07-20,Corrode,2,All Gamers,Dragon Ranger Gaming,7,13,HanChe,42537,viper,0.77,108.0,7.0,14.0,3.0,60.0,81.0,27.0,3.0,0.0,3,True
506942,223175,2499,VCT 2025: China Stage 2,Group Stage: Week 2,2025-07-20,Corrode,2,All Gamers,Dragon Ranger Gaming,7,13,K1ra,46748,omen,0.76,153.0,9.0,15.0,10.0,70.0,95.0,19.0,2.0,0.0,3,True
506942,223176,2499,VCT 2025: China Stage 2,Group Stage: Week 2,2025-07-20,Sunset,3,Dragon Ranger Gaming,All Gamers,13,10,vo0kashu,3741,cypher,1.58,268.0,23.0,11.0,4.0,87.0,167.0,38.0,1.0,0.0,3,True
506942,223176,2499,VCT 2025: China Stage 2,Group Stage: Week 2,2025-07-20,Sunset,3,Dragon Ranger Gaming,All Gamers,13,10,Nicc,11524,fade,1.29,210.0,18.0,14.0,10.0,87.0,143.0,28.0,0.0,1.0,3,True
506942,223176,2499,VCT 2025: China Stage 2,Group Stage: Week 2,2025-07-20,Sunset,3,Dragon Ranger Gaming,All Gamers,13,10,Flex1n,4705,omen,1.01,194.0,18.0,16.0,6.0,78.0,111.0,31.0,3.0,2.0,3,True
506942,223176,2499,VCT 2025: China Stage 2,Group Stage: Week 2,2025-07-20,Sunset,3,Dragon Ranger Gaming,All Gamers,13,10,Akeman,52904,clove,0.83,188.0,15.0,18.0,6.0,65.0,122.0,32.0,2.0,3.0,3,True
506942,223176,2499,VCT 2025: China Stage 2,Group Stage: Week 2,2025-07-20,Sunset,3,Dragon Ranger Gaming,All Gamers,13,10,SpiritZ1,31753,yoru,0.56,172.0,13.0,21.0,8.0,61.0,106.0,29.0,4.0,7.0,3,True
506942,223176,2499,VCT 2025: China Stage 2,Group Stage: Week 2,2025-07-20,Sunset,3,All Gamers,Dragon Ranger Gaming,10,13,Shr1mp,25494,sova,1.22,244.0,20.0,18.0,4.0,83.0,144.0,32.0,3.0,0.0,3,True
506942,223176,2499,VCT 2025: China Stage 2,Group Stage: Week 2,2025-07-20,Sunset,3,All Gamers,Dragon Ranger Gaming,10,13,deLb,10821,deadlock,1.12,243.0,20.0,18.0,7.0,78.0,167.0,40.0,2.0,0.0,3,True
506942,223176,2499,VCT 2025: China Stage 2,Group Stage: Week 2,2025-07-20,Sunset,3,All Gamers,Dragon Ranger Gaming,10,13,HanChe,42537,viper,0.97,182.0,14.0,14.0,3.0,57.0,117.0,25.0,2.0,4.0,3,True
506942,223176,2499,VCT 2025: China Stage 2,Group Stage: Week 2,2025-07-20,Sunset,3,All Gamers,Dragon Ranger Gaming,10,13,K1ra,46748,omen,0.8,175.0,12.0,18.0,12.0,78.0,124.0,16.0,4.0,1.0,3,True
506942,223176,2499,VCT 2025: China Stage 2,Group Stage: Week 2,2025-07-20,Sunset,3,All Gamers,Dragon Ranger Gaming,10,13,Spitfires,4881,neon,0.64,172.0,14.0,19.0,6.0,61.0,114.0,33.0,2.0,5.0,3,True
506943,223177,2499,VCT 2025: China Stage 2,Group Stage: Week 2,2025-07-20,Haven,1,Xi Lai Gaming,Wolves Esports,13,9,NoMan,11527,killjoy,1.61,284.0,22.0,10.0,4.0,68.0,185.0,38.0,4.0,0.0,3,True
506943,223177,2499,VCT 2025: China Stage 2,Group Stage: Week 2,2025-07-20,Haven,1,Xi Lai Gaming,Wolves Esports,13,9,happywei,37927,viper,1.43,260.0,19.0,13.0,7.0,91.0,181.0,33.0,6.0,0.0,3,True
506943,223177,2499,VCT 2025: China Stage 2,Group Stage: Week 2,2025-07-20,Haven,1,Xi Lai Gaming,Wolves Esports,13,9,Rarga,22047,neon,1.2,241.0,18.0,14.0,6.0,82.0,158.0,24.0,3.0,2.0,3,True
506943,223177,2499,VCT 2025: China Stage 2,Group Stage: Week 2,2025-07-20,Haven,1,Xi Lai Gaming,Wolves Esports,13,9,coconut,12365,omen,0.85,110.0,8.0,11.0,11.0,68.0,77.0,32.0,1.0,3.0,3,True
506943,223177,2499,VCT 2025: China Stage 2,Group Stage: Week 2,2025-07-20,Haven,1,Xi Lai Gaming,Wolves Esports,13,9,Viva,36415,sova,0.65,82.0,7.0,12.0,4.0,86.0,59.0,25.0,0.0,3.0,3,True
506943,223177,2499,VCT 2025: China Stage 2,Group Stage: Week 2,2025-07-20,Haven,1,Wolves Esports,Xi Lai Gaming,9,13,Spring,14125,viper,1.18,254.0,17.0,16.0,6.0,55.0,164.0,27.0,6.0,3.0,3,True
506943,223177,2499,VCT 2025: China Stage 2,Group Stage: Week 2,2025-07-20,Haven,1,Wolves Esports,Xi Lai Gaming,9,13,Lysoar,37489,omen,1.0,195.0,16.0,14.0,7.0,73.0,110.0,40.0,0.0,3.0,3,True
506943,223177,2499,VCT 2025: China Stage 2,Group Stage: Week 2,2025-07-20,Haven,1,Wolves Esports,Xi Lai Gaming,9,13,Yuicaw,11218,killjoy,0.72,117.0,9.0,14.0,2.0,73.0,89.0,43.0,1.0,3.0,3,True
506943,223177,2499,VCT 2025: China Stage 2,Group Stage: Week 2,2025-07-20,Haven,1,Wolves Esports,Xi Lai Gaming,9,13,SiuFatBB,7849,sova,0.7,122.0,9.0,15.0,4.0,68.0,97.0,24.0,0.0,2.0,3,True
506943,223177,2499,VCT 2025: China Stage 2,Group Stage: Week 2,2025-07-20,Haven,1,Wolves Esports,Xi Lai Gaming,9,13,Juicy,7426,jett,0.62,110.0,9.0,15.0,1.0,64.0,68.0,38.0,1.0,3.0,3,True
506943,223178,2499,VCT 2025: China Stage 2,Group Stage: Week 2,2025-07-20,Lotus,2,Xi Lai Gaming,Wolves Esports,13,8,Rarga,22047,yoru,1.35,259.0,22.0,11.0,3.0,76.0,167.0,40.0,5.0,2.0,3,True
506943,223178,2499,VCT 2025: China Stage 2,Group Stage: Week 2,2025-07-20,Lotus,2,Xi Lai Gaming,Wolves Esports,13,8,coconut,12365,omen,1.33,209.0,17.0,11.0,13.0,86.0,144.0,21.0,1.0,0.0,3,True
506943,223178,2499,VCT 2025: China Stage 2,Group Stage: Week 2,2025-07-20,Lotus,2,Xi Lai Gaming,Wolves Esports,13,8,NoMan,11527,raze,1.31,292.0,23.0,15.0,3.0,81.0,186.0,24.0,5.0,4.0,3,True
506943,223178,2499,VCT 2025: China Stage 2,Group Stage: Week 2,2025-07-20,Lotus,2,Xi Lai Gaming,Wolves Esports,13,8,happywei,37927,viper,1.21,214.0,16.0,12.0,7.0,76.0,172.0,34.0,1.0,2.0,3,True
506943,223178,2499,VCT 2025: China Stage 2,Group Stage: Week 2,2025-07-20,Lotus,2,Xi Lai Gaming,Wolves Esports,13,8,Viva,36415,fade,0.93,148.0,9.0,11.0,10.0,81.0,126.0,29.0,0.0,1.0,3,True
506943,223178,2499,VCT 2025: China Stage 2,Group Stage: Week 2,2025-07-20,Lotus,2,Wolves Esports,Xi Lai Gaming,8,13,Juicy,7426,raze,1.31,285.0,19.0,17.0,5.0,71.0,177.0,13.0,6.0,1.0,3,True
506943,223178,2499,VCT 2025: China Stage 2,Group Stage: Week 2,2025-07-20,Lotus,2,Wolves Esports,Xi Lai Gaming,8,13,SiuFatBB,7849,fade,1.04,155.0,12.0,16.0,6.0,48.0,123.0,26.0,0.0,1.0,3,True
506943,223178,2499,VCT 2025: China Stage 2,Group Stage: Week 2,2025-07-20,Lotus,2,Wolves Esports,Xi Lai Gaming,8,13,Lysoar,37489,omen,0.83,180.0,12.0,19.0,7.0,67.0,115.0,47.0,1.0,3.0,3,True
506943,223178,2499,VCT 2025: China Stage 2,Group Stage: Week 2,2025-07-20,Lotus,2,Wolves Esports,Xi Lai Gaming,8,13,Spring,14125,viper,0.54,133.0,9.0,17.0,5.0,62.0,94.0,28.0,1.0,5.0,3,True
506943,223178,2499,VCT 2025: China Stage 2,Group Stage: Week 2,2025-07-20,Lotus,2,Wolves Esports,Xi Lai Gaming,8,13,Yuicaw,11218,killjoy,0.37,105.0,8.0,18.0,0.0,43.0,83.0,24.0,1.0,2.0,3,True
506945,223180,2499,VCT 2025: China Stage 2,Group Stage: Week 3,2025-07-23,Bind,1,Titan Esports Club,Guangzhou Huadu Bilibili Gaming (Bilibili Gaming),9,13,TvirusLuke,7841,raze,1.04,281.0,21.0,19.0,2.0,68.0,175.0,27.0,5.0,3.0,3,True
506945,223180,2499,VCT 2025: China Stage 2,Group Stage: Week 3,2025-07-23,Bind,1,Titan Esports Club,Guangzhou Huadu Bilibili Gaming (Bilibili Gaming),9,13,Haodong,4720,astra,1.02,173.0,14.0,15.0,9.0,73.0,109.0,33.0,2.0,3.0,3,True
506945,223180,2499,VCT 2025: China Stage 2,Group Stage: Week 3,2025-07-23,Bind,1,Titan Esports Club,Guangzhou Huadu Bilibili Gaming (Bilibili Gaming),9,13,Abo,5011,viper,1.02,215.0,17.0,15.0,7.0,68.0,132.0,40.0,2.0,1.0,3,True
506945,223180,2499,VCT 2025: China Stage 2,Group Stage: Week 3,2025-07-23,Bind,1,Titan Esports Club,Guangzhou Huadu Bilibili Gaming (Bilibili Gaming),9,13,Coco,47629,kayo,0.94,160.0,10.0,16.0,9.0,77.0,121.0,20.0,2.0,0.0,3,True
506945,223180,2499,VCT 2025: China Stage 2,Group Stage: Week 3,2025-07-23,Bind,1,Titan Esports Club,Guangzhou Huadu Bilibili Gaming (Bilibili Gaming),9,13,lucas,19677,fade,0.9,173.0,14.0,15.0,3.0,68.0,114.0,22.0,3.0,1.0,3,True
506945,223180,2499,VCT 2025: China Stage 2,Group Stage: Week 3,2025-07-23,Bind,1,Guangzhou Huadu Bilibili Gaming (Bilibili Gaming),Titan Esports Club,13,9,Knight,4774,fade,1.45,260.0,21.0,11.0,5.0,68.0,159.0,35.0,2.0,2.0,3,True
506945,223180,2499,VCT 2025: China Stage 2,Group Stage: Week 3,2025-07-23,Bind,1,Guangzhou Huadu Bilibili Gaming (Bilibili Gaming),Titan Esports Club,13,9,whzy,4885,raze,1.11,259.0,20.0,17.0,4.0,73.0,172.0,27.0,3.0,4.0,3,True
506945,223180,2499,VCT 2025: China Stage 2,Group Stage: Week 3,2025-07-23,Bind,1,Guangzhou Huadu Bilibili Gaming (Bilibili Gaming),Titan Esports Club,13,9,rushia,48878,brimstone,1.05,191.0,15.0,15.0,10.0,64.0,173.0,17.0,1.0,5.0,3,True
506945,223180,2499,VCT 2025: China Stage 2,Group Stage: Week 3,2025-07-23,Bind,1,Guangzhou Huadu Bilibili Gaming (Bilibili Gaming),Titan Esports Club,13,9,Levius,40845,viper,0.95,182.0,14.0,16.0,5.0,68.0,142.0,27.0,2.0,1.0,3,True
506945,223180,2499,VCT 2025: China Stage 2,Group Stage: Week 3,2025-07-23,Bind,1,Guangzhou Huadu Bilibili Gaming (Bilibili Gaming),Titan Esports Club,13,9,nephh,10698,kayo,0.76,150.0,10.0,17.0,11.0,68.0,98.0,16.0,0.0,2.0,3,True
506945,223181,2499,VCT 2025: China Stage 2,Group Stage: Week 3,2025-07-23,Ascent,2,Titan Esports Club,Guangzhou Huadu Bilibili Gaming (Bilibili Gaming),8,13,lucas,19677,sova,1.09,211.0,17.0,15.0,2.0,76.0,143.0,44.0,2.0,1.0,3,True
506945,223181,2499,VCT 2025: China Stage 2,Group Stage: Week 3,2025-07-23,Ascent,2,Titan Esports Club,Guangzhou Huadu Bilibili Gaming (Bilibili Gaming),8,13,Coco,47629,kayo,0.92,230.0,15.0,19.0,9.0,71.0,162.0,44.0,2.0,0.0,3,True
506945,223181,2499,VCT 2025: China Stage 2,Group Stage: Week 3,2025-07-23,Ascent,2,Titan Esports Club,Guangzhou Huadu Bilibili Gaming (Bilibili Gaming),8,13,Haodong,4720,omen,0.86,186.0,13.0,16.0,4.0,67.0,135.0,26.0,3.0,2.0,3,True
506945,223181,2499,VCT 2025: China Stage 2,Group Stage: Week 3,2025-07-23,Ascent,2,Titan Esports Club,Guangzhou Huadu Bilibili Gaming (Bilibili Gaming),8,13,Abo,5011,cypher,0.72,158.0,12.0,18.0,4.0,57.0,97.0,26.0,2.0,3.0,3,True
506945,223181,2499,VCT 2025: China Stage 2,Group Stage: Week 3,2025-07-23,Ascent,2,Titan Esports Club,Guangzhou Huadu Bilibili Gaming (Bilibili Gaming),8,13,TvirusLuke,7841,jett,0.37,73.0,5.0,15.0,3.0,43.0,59.0,23.0,1.0,5.0,3,True
506945,223181,2499,VCT 2025: China Stage 2,Group Stage: Week 3,2025-07-23,Ascent,2,Guangzhou Huadu Bilibili Gaming (Bilibili Gaming),Titan Esports Club,13,8,nephh,10698,kayo,1.6,272.0,19.0,10.0,15.0,86.0,161.0,18.0,4.0,2.0,3,True
506945,223181,2499,VCT 2025: China Stage 2,Group Stage: Week 3,2025-07-23,Ascent,2,Guangzhou Huadu Bilibili Gaming (Bilibili Gaming),Titan Esports Club,13,8,Knight,4774,sova,1.48,249.0,20.0,11.0,4.0,76.0,160.0,35.0,0.0,1.0,3,True
506945,223181,2499,VCT 2025: China Stage 2,Group Stage: Week 3,2025-07-23,Ascent,2,Guangzhou Huadu Bilibili Gaming (Bilibili Gaming),Titan Esports Club,13,8,rushia,48878,omen,1.3,242.0,17.0,12.0,15.0,81.0,146.0,24.0,2.0,3.0,3,True
506945,223181,2499,VCT 2025: China Stage 2,Group Stage: Week 3,2025-07-23,Ascent,2,Guangzhou Huadu Bilibili Gaming (Bilibili Gaming),Titan Esports Club,13,8,whzy,4885,neon,1.19,225.0,19.0,14.0,6.0,71.0,141.0,27.0,3.0,2.0,3,True
506945,223181,2499,VCT 2025: China Stage 2,Group Stage: Week 3,2025-07-23,Ascent,2,Guangzhou Huadu Bilibili Gaming (Bilibili Gaming),Titan Esports Club,13,8,Levius,40845,killjoy,0.56,102.0,8.0,15.0,3.0,67.0,66.0,19.0,2.0,2.0,3,True
506946,223183,2499,VCT 2025: China Stage 2,Group Stage: Week 3,2025-07-24,Haven,1,FunPlus Phoenix,Dragon Ranger Gaming,13,7,Autumn,872,viper,1.51,271.0,20.0,10.0,2.0,90.0,190.0,48.0,1.0,2.0,3,True
506946,223183,2499,VCT 2025: China Stage 2,Group Stage: Week 3,2025-07-24,Haven,1,FunPlus Phoenix,Dragon Ranger Gaming,13,7,Life,3028,neon,1.5,269.0,20.0,9.0,4.0,70.0,176.0,26.0,3.0,2.0,3,True
506946,223183,2499,VCT 2025: China Stage 2,Group Stage: Week 3,2025-07-24,Haven,1,FunPlus Phoenix,Dragon Ranger Gaming,13,7,yosemite,6022,vyse,1.32,258.0,17.0,12.0,6.0,80.0,160.0,21.0,4.0,2.0,3,True
506946,223183,2499,VCT 2025: China Stage 2,Group Stage: Week 3,2025-07-24,Haven,1,FunPlus Phoenix,Dragon Ranger Gaming,13,7,AAAAY,19530,sova,0.78,139.0,10.0,13.0,4.0,75.0,96.0,58.0,1.0,2.0,3,True
506946,223183,2499,VCT 2025: China Stage 2,Group Stage: Week 3,2025-07-24,Haven,1,FunPlus Phoenix,Dragon Ranger Gaming,13,7,BerLIN,7857,omen,0.57,93.0,7.0,13.0,5.0,65.0,61.0,16.0,1.0,2.0,3,True
506946,223183,2499,VCT 2025: China Stage 2,Group Stage: Week 3,2025-07-24,Haven,1,Dragon Ranger Gaming,FunPlus Phoenix,7,13,Nicc,11524,breach,1.25,240.0,18.0,13.0,7.0,90.0,152.0,46.0,0.0,3.0,3,True
506946,223183,2499,VCT 2025: China Stage 2,Group Stage: Week 3,2025-07-24,Haven,1,Dragon Ranger Gaming,FunPlus Phoenix,7,13,Flex1n,4705,omen,1.07,185.0,13.0,13.0,1.0,65.0,117.0,34.0,3.0,0.0,3,True
506946,223183,2499,VCT 2025: China Stage 2,Group Stage: Week 3,2025-07-24,Haven,1,Dragon Ranger Gaming,FunPlus Phoenix,7,13,Akeman,52904,neon,0.91,195.0,13.0,15.0,7.0,65.0,120.0,33.0,5.0,3.0,3,True
506946,223183,2499,VCT 2025: China Stage 2,Group Stage: Week 3,2025-07-24,Haven,1,Dragon Ranger Gaming,FunPlus Phoenix,7,13,SpiritZ1,31753,yoru,0.56,137.0,9.0,17.0,4.0,65.0,83.0,38.0,1.0,2.0,3,True
506946,223183,2499,VCT 2025: China Stage 2,Group Stage: Week 3,2025-07-24,Haven,1,Dragon Ranger Gaming,FunPlus Phoenix,7,13,vo0kashu,3741,cypher,0.38,88.0,4.0,16.0,2.0,55.0,78.0,25.0,1.0,2.0,3,True
506946,223184,2499,VCT 2025: China Stage 2,Group Stage: Week 3,2025-07-24,Ascent,2,FunPlus Phoenix,Dragon Ranger Gaming,6,13,Life,3028,waylay,0.97,211.0,14.0,15.0,3.0,58.0,126.0,34.0,4.0,4.0,3,True
506946,223184,2499,VCT 2025: China Stage 2,Group Stage: Week 3,2025-07-24,Ascent,2,FunPlus Phoenix,Dragon Ranger Gaming,6,13,AAAAY,19530,sova,0.96,167.0,12.0,14.0,2.0,74.0,109.0,35.0,2.0,1.0,3,True
506946,223184,2499,VCT 2025: China Stage 2,Group Stage: Week 3,2025-07-24,Ascent,2,FunPlus Phoenix,Dragon Ranger Gaming,6,13,BerLIN,7857,omen,0.88,190.0,11.0,14.0,5.0,74.0,115.0,20.0,1.0,3.0,3,True
506946,223184,2499,VCT 2025: China Stage 2,Group Stage: Week 3,2025-07-24,Ascent,2,FunPlus Phoenix,Dragon Ranger Gaming,6,13,Autumn,872,phoenix,0.86,157.0,10.0,13.0,4.0,68.0,112.0,53.0,0.0,1.0,3,True
506946,223184,2499,VCT 2025: China Stage 2,Group Stage: Week 3,2025-07-24,Ascent,2,FunPlus Phoenix,Dragon Ranger Gaming,6,13,yosemite,6022,killjoy,0.7,145.0,8.0,13.0,2.0,53.0,97.0,33.0,0.0,3.0,3,True
506946,223184,2499,VCT 2025: China Stage 2,Group Stage: Week 3,2025-07-24,Ascent,2,Dragon Ranger Gaming,FunPlus Phoenix,13,6,SpiritZ1,31753,yoru,1.41,263.0,18.0,10.0,4.0,68.0,183.0,22.0,5.0,3.0,3,True
506946,223184,2499,VCT 2025: China Stage 2,Group Stage: Week 3,2025-07-24,Ascent,2,Dragon Ranger Gaming,FunPlus Phoenix,13,6,Flex1n,4705,omen,1.2,185.0,13.0,9.0,7.0,74.0,106.0,22.0,0.0,0.0,3,True
506946,223184,2499,VCT 2025: China Stage 2,Group Stage: Week 3,2025-07-24,Ascent,2,Dragon Ranger Gaming,FunPlus Phoenix,13,6,vo0kashu,3741,vyse,1.18,177.0,12.0,10.0,6.0,74.0,125.0,31.0,0.0,0.0,3,True
506946,223184,2499,VCT 2025: China Stage 2,Group Stage: Week 3,2025-07-24,Ascent,2,Dragon Ranger Gaming,FunPlus Phoenix,13,6,Nicc,11524,fade,1.05,249.0,16.0,13.0,6.0,89.0,152.0,51.0,4.0,2.0,3,True
506946,223184,2499,VCT 2025: China Stage 2,Group Stage: Week 3,2025-07-24,Ascent,2,Dragon Ranger Gaming,FunPlus Phoenix,13,6,Akeman,52904,clove,0.67,158.0,10.0,13.0,4.0,58.0,101.0,36.0,3.0,2.0,3,True
506946,223185,2499,VCT 2025: China Stage 2,Group Stage: Week 3,2025-07-24,Sunset,3,FunPlus Phoenix,Dragon Ranger Gaming,13,11,AAAAY,19530,sova,1.45,273.0,24.0,17.0,8.0,83.0,205.0,45.0,1.0,1.0,3,True
506946,223185,2499,VCT 2025: China Stage 2,Group Stage: Week 3,2025-07-24,Sunset,3,FunPlus Phoenix,Dragon Ranger Gaming,13,11,Life,3028,jett,1.33,259.0,24.0,14.0,4.0,75.0,172.0,27.0,5.0,6.0,3,True
506946,223185,2499,VCT 2025: China Stage 2,Group Stage: Week 3,2025-07-24,Sunset,3,FunPlus Phoenix,Dragon Ranger Gaming,13,11,BerLIN,7857,omen,1.2,204.0,19.0,15.0,14.0,88.0,131.0,23.0,0.0,3.0,3,True
506946,223185,2499,VCT 2025: China Stage 2,Group Stage: Week 3,2025-07-24,Sunset,3,FunPlus Phoenix,Dragon Ranger Gaming,13,11,yosemite,6022,cypher,0.96,156.0,13.0,14.0,8.0,75.0,105.0,21.0,1.0,0.0,3,True
506946,223185,2499,VCT 2025: China Stage 2,Group Stage: Week 3,2025-07-24,Sunset,3,FunPlus Phoenix,Dragon Ranger Gaming,13,11,Autumn,872,yoru,0.91,211.0,16.0,20.0,9.0,79.0,130.0,29.0,3.0,4.0,3,True
506946,223185,2499,VCT 2025: China Stage 2,Group Stage: Week 3,2025-07-24,Sunset,3,Dragon Ranger Gaming,FunPlus Phoenix,11,13,vo0kashu,3741,cypher,1.37,296.0,24.0,18.0,7.0,83.0,202.0,37.0,1.0,0.0,3,True
506946,223185,2499,VCT 2025: China Stage 2,Group Stage: Week 3,2025-07-24,Sunset,3,Dragon Ranger Gaming,FunPlus Phoenix,11,13,Nicc,11524,fade,0.94,189.0,16.0,20.0,7.0,54.0,136.0,36.0,1.0,2.0,3,True
506946,223185,2499,VCT 2025: China Stage 2,Group Stage: Week 3,2025-07-24,Sunset,3,Dragon Ranger Gaming,FunPlus Phoenix,11,13,Flex1n,4705,omen,0.85,183.0,15.0,18.0,10.0,79.0,107.0,18.0,5.0,1.0,3,True
506946,223185,2499,VCT 2025: China Stage 2,Group Stage: Week 3,2025-07-24,Sunset,3,Dragon Ranger Gaming,FunPlus Phoenix,11,13,Akeman,52904,clove,0.77,149.0,13.0,18.0,6.0,63.0,114.0,21.0,2.0,2.0,3,True
506946,223185,2499,VCT 2025: China Stage 2,Group Stage: Week 3,2025-07-24,Sunset,3,Dragon Ranger Gaming,FunPlus Phoenix,11,13,SpiritZ1,31753,yoru,0.43,141.0,12.0,23.0,2.0,54.0,92.0,30.0,5.0,5.0,3,True
506947,223186,2499,VCT 2025: China Stage 2,Group Stage: Week 3,2025-07-25,Haven,1,Nova Esports,All Gamers,13,10,Ezeir,46460,omen,1.62,253.0,23.0,10.0,7.0,83.0,154.0,23.0,3.0,3.0,3,True
506947,223186,2499,VCT 2025: China Stage 2,Group Stage: Week 3,2025-07-25,Haven,1,Nova Esports,All Gamers,13,10,SWERL,1209,neon,1.15,206.0,17.0,15.0,7.0,78.0,137.0,30.0,2.0,5.0,3,True
506947,223186,2499,VCT 2025: China Stage 2,Group Stage: Week 3,2025-07-25,Haven,1,Nova Esports,All Gamers,13,10,cb,39697,sova,1.04,211.0,19.0,17.0,3.0,74.0,123.0,20.0,2.0,0.0,3,True
506947,223186,2499,VCT 2025: China Stage 2,Group Stage: Week 3,2025-07-25,Haven,1,Nova Esports,All Gamers,13,10,GuanG,41054,killjoy,0.78,208.0,15.0,18.0,4.0,78.0,137.0,19.0,2.0,2.0,3,True
506947,223186,2499,VCT 2025: China Stage 2,Group Stage: Week 3,2025-07-25,Haven,1,Nova Esports,All Gamers,13,10,o0o0o,4402,viper,0.66,167.0,13.0,19.0,9.0,78.0,104.0,36.0,2.0,2.0,3,True
506947,223186,2499,VCT 2025: China Stage 2,Group Stage: Week 3,2025-07-25,Haven,1,All Gamers,Nova Esports,10,13,HanChe,42537,killjoy,1.1,209.0,16.0,15.0,2.0,74.0,144.0,20.0,3.0,0.0,3,True
506947,223186,2499,VCT 2025: China Stage 2,Group Stage: Week 3,2025-07-25,Haven,1,All Gamers,Nova Esports,10,13,Shr1mp,25494,sova,1.08,266.0,20.0,18.0,5.0,74.0,173.0,30.0,3.0,1.0,3,True
506947,223186,2499,VCT 2025: China Stage 2,Group Stage: Week 3,2025-07-25,Haven,1,All Gamers,Nova Esports,10,13,Spitfires,4881,neon,1.03,210.0,17.0,17.0,4.0,74.0,135.0,23.0,2.0,2.0,3,True
506947,223186,2499,VCT 2025: China Stage 2,Group Stage: Week 3,2025-07-25,Haven,1,All Gamers,Nova Esports,10,13,deLb,10821,omen,1.01,201.0,16.0,16.0,8.0,74.0,126.0,35.0,2.0,3.0,3,True
506947,223186,2499,VCT 2025: China Stage 2,Group Stage: Week 3,2025-07-25,Haven,1,All Gamers,Nova Esports,10,13,K1ra,46748,viper,0.5,129.0,10.0,21.0,6.0,65.0,117.0,40.0,2.0,5.0,3,True
506947,223187,2499,VCT 2025: China Stage 2,Group Stage: Week 3,2025-07-25,Corrode,2,Nova Esports,All Gamers,9,13,GuanG,41054,vyse,1.38,265.0,19.0,13.0,8.0,91.0,176.0,23.0,4.0,3.0,3,True
506947,223187,2499,VCT 2025: China Stage 2,Group Stage: Week 3,2025-07-25,Corrode,2,Nova Esports,All Gamers,9,13,SWERL,1209,neon,1.09,213.0,16.0,15.0,4.0,73.0,133.0,31.0,3.0,1.0,3,True
506947,223187,2499,VCT 2025: China Stage 2,Group Stage: Week 3,2025-07-25,Corrode,2,Nova Esports,All Gamers,9,13,cb,39697,fade,1.05,190.0,15.0,13.0,6.0,82.0,106.0,36.0,2.0,3.0,3,True
506947,223187,2499,VCT 2025: China Stage 2,Group Stage: Week 3,2025-07-25,Corrode,2,Nova Esports,All Gamers,9,13,o0o0o,4402,viper,0.75,140.0,10.0,14.0,6.0,86.0,95.0,33.0,1.0,2.0,3,True
506947,223187,2499,VCT 2025: China Stage 2,Group Stage: Week 3,2025-07-25,Corrode,2,Nova Esports,All Gamers,9,13,Ezeir,46460,omen,0.59,153.0,10.0,17.0,9.0,59.0,102.0,16.0,1.0,2.0,3,True
506947,223187,2499,VCT 2025: China Stage 2,Group Stage: Week 3,2025-07-25,Corrode,2,All Gamers,Nova Esports,13,9,Shr1mp,25494,sova,1.58,276.0,23.0,13.0,7.0,86.0,179.0,32.0,4.0,0.0,3,True
506947,223187,2499,VCT 2025: China Stage 2,Group Stage: Week 3,2025-07-25,Corrode,2,All Gamers,Nova Esports,13,9,HanChe,42537,viper,1.16,184.0,13.0,11.0,6.0,82.0,135.0,47.0,1.0,4.0,3,True
506947,223187,2499,VCT 2025: China Stage 2,Group Stage: Week 3,2025-07-25,Corrode,2,All Gamers,Nova Esports,13,9,K1ra,46748,omen,1.14,210.0,16.0,14.0,9.0,73.0,128.0,21.0,2.0,1.0,3,True
506947,223187,2499,VCT 2025: China Stage 2,Group Stage: Week 3,2025-07-25,Corrode,2,All Gamers,Nova Esports,13,9,deLb,10821,deadlock,0.76,113.0,9.0,13.0,4.0,64.0,71.0,32.0,1.0,2.0,3,True
506947,223187,2499,VCT 2025: China Stage 2,Group Stage: Week 3,2025-07-25,Corrode,2,All Gamers,Nova Esports,13,9,Spitfires,4881,neon,0.5,144.0,11.0,19.0,2.0,55.0,89.0,34.0,3.0,4.0,3,True
506947,223188,2499,VCT 2025: China Stage 2,Group Stage: Week 3,2025-07-25,Lotus,3,Nova Esports,All Gamers,6,13,GuanG,41054,vyse,1.38,257.0,17.0,15.0,1.0,68.0,162.0,40.0,1.0,1.0,3,True
506947,223188,2499,VCT 2025: China Stage 2,Group Stage: Week 3,2025-07-25,Lotus,3,Nova Esports,All Gamers,6,13,Ezeir,46460,omen,1.13,218.0,13.0,15.0,4.0,68.0,162.0,30.0,2.0,0.0,3,True
506947,223188,2499,VCT 2025: China Stage 2,Group Stage: Week 3,2025-07-25,Lotus,3,Nova Esports,All Gamers,6,13,o0o0o,4402,fade,0.67,131.0,9.0,16.0,6.0,68.0,80.0,44.0,1.0,1.0,3,True
506947,223188,2499,VCT 2025: China Stage 2,Group Stage: Week 3,2025-07-25,Lotus,3,Nova Esports,All Gamers,6,13,cb,39697,waylay,0.57,171.0,11.0,18.0,2.0,58.0,116.0,32.0,6.0,4.0,3,True
506947,223188,2499,VCT 2025: China Stage 2,Group Stage: Week 3,2025-07-25,Lotus,3,Nova Esports,All Gamers,6,13,SWERL,1209,raze,0.28,82.0,6.0,17.0,0.0,58.0,61.0,15.0,0.0,3.0,3,True
506947,223188,2499,VCT 2025: China Stage 2,Group Stage: Week 3,2025-07-25,Lotus,3,All Gamers,Nova Esports,13,6,Shr1mp,25494,fade,1.48,258.0,20.0,11.0,8.0,84.0,153.0,31.0,1.0,1.0,3,True
506947,223188,2499,VCT 2025: China Stage 2,Group Stage: Week 3,2025-07-25,Lotus,3,All Gamers,Nova Esports,13,6,deLb,10821,omen,1.43,242.0,18.0,8.0,6.0,84.0,162.0,34.0,0.0,1.0,3,True
506947,223188,2499,VCT 2025: China Stage 2,Group Stage: Week 3,2025-07-25,Lotus,3,All Gamers,Nova Esports,13,6,K1ra,46748,raze,1.14,233.0,14.0,12.0,7.0,95.0,158.0,26.0,3.0,4.0,3,True
506947,223188,2499,VCT 2025: China Stage 2,Group Stage: Week 3,2025-07-25,Lotus,3,All Gamers,Nova Esports,13,6,HanChe,42537,viper,0.93,195.0,15.0,12.0,7.0,79.0,120.0,32.0,2.0,2.0,3,True
506947,223188,2499,VCT 2025: China Stage 2,Group Stage: Week 3,2025-07-25,Lotus,3,All Gamers,Nova Esports,13,6,Spitfires,4881,yoru,0.88,198.0,14.0,13.0,6.0,74.0,125.0,19.0,3.0,2.0,3,True
506948,223189,2499,VCT 2025: China Stage 2,Group Stage: Week 3,2025-07-25,Corrode,1,TYLOO,EDward Gaming,10,13,Scales,39485,viper,1.21,259.0,22.0,16.0,1.0,61.0,159.0,29.0,3.0,2.0,3,True
506948,223189,2499,VCT 2025: China Stage 2,Group Stage: Week 3,2025-07-25,Corrode,1,TYLOO,EDward Gaming,10,13,slowly,41739,yoru,1.07,189.0,15.0,15.0,6.0,61.0,144.0,27.0,3.0,4.0,3,True
506948,223189,2499,VCT 2025: China Stage 2,Group Stage: Week 3,2025-07-25,Corrode,1,TYLOO,EDward Gaming,10,13,Yoyo,11843,fade,0.75,162.0,13.0,16.0,4.0,65.0,121.0,23.0,2.0,2.0,3,True
506948,223189,2499,VCT 2025: China Stage 2,Group Stage: Week 3,2025-07-25,Corrode,1,TYLOO,EDward Gaming,10,13,sword9,3049,omen,0.6,182.0,12.0,20.0,5.0,61.0,124.0,28.0,4.0,2.0,3,True
506948,223189,2499,VCT 2025: China Stage 2,Group Stage: Week 3,2025-07-25,Corrode,1,TYLOO,EDward Gaming,10,13,Ninebody,3547,cypher,0.58,107.0,8.0,16.0,4.0,57.0,73.0,19.0,1.0,0.0,3,True
506948,223189,2499,VCT 2025: China Stage 2,Group Stage: Week 3,2025-07-25,Corrode,1,EDward Gaming,TYLOO,13,10,ZmjjKK,3520,raze,1.2,258.0,21.0,16.0,4.0,74.0,165.0,29.0,4.0,6.0,3,True
506948,223189,2499,VCT 2025: China Stage 2,Group Stage: Week 3,2025-07-25,Corrode,1,EDward Gaming,TYLOO,13,10,nobody,3017,fade,1.19,227.0,20.0,15.0,2.0,70.0,149.0,35.0,1.0,1.0,3,True
506948,223189,2499,VCT 2025: China Stage 2,Group Stage: Week 3,2025-07-25,Corrode,1,EDward Gaming,TYLOO,13,10,CHICHOO,15559,viper,1.11,147.0,13.0,11.0,2.0,70.0,102.0,35.0,3.0,3.0,3,True
506948,223189,2499,VCT 2025: China Stage 2,Group Stage: Week 3,2025-07-25,Corrode,1,EDward Gaming,TYLOO,13,10,Jieni7,51244,omen,1.08,183.0,15.0,14.0,8.0,74.0,124.0,28.0,0.0,1.0,3,True
506948,223189,2499,VCT 2025: China Stage 2,Group Stage: Week 3,2025-07-25,Corrode,1,EDward Gaming,TYLOO,13,10,Smoggy,4742,deadlock,1.05,186.0,14.0,14.0,4.0,74.0,133.0,36.0,2.0,2.0,3,True
506948,223190,2499,VCT 2025: China Stage 2,Group Stage: Week 3,2025-07-25,Ascent,2,TYLOO,EDward Gaming,9,13,Scales,39485,viper,1.16,239.0,19.0,17.0,1.0,64.0,158.0,29.0,3.0,2.0,3,True
506948,223190,2499,VCT 2025: China Stage 2,Group Stage: Week 3,2025-07-25,Ascent,2,TYLOO,EDward Gaming,9,13,slowly,41739,yoru,1.09,206.0,17.0,16.0,5.0,82.0,130.0,37.0,5.0,2.0,3,True
506948,223190,2499,VCT 2025: China Stage 2,Group Stage: Week 3,2025-07-25,Ascent,2,TYLOO,EDward Gaming,9,13,Ninebody,3547,vyse,1.07,221.0,16.0,17.0,7.0,82.0,151.0,24.0,2.0,2.0,3,True
506948,223190,2499,VCT 2025: China Stage 2,Group Stage: Week 3,2025-07-25,Ascent,2,TYLOO,EDward Gaming,9,13,sword9,3049,omen,0.59,116.0,8.0,16.0,5.0,64.0,82.0,14.0,1.0,1.0,3,True
506948,223190,2499,VCT 2025: China Stage 2,Group Stage: Week 3,2025-07-25,Ascent,2,TYLOO,EDward Gaming,9,13,Yoyo,11843,fade,0.49,115.0,10.0,19.0,5.0,64.0,79.0,38.0,1.0,3.0,3,True
506948,223190,2499,VCT 2025: China Stage 2,Group Stage: Week 3,2025-07-25,Ascent,2,EDward Gaming,TYLOO,13,9,nobody,3017,sova,1.43,238.0,19.0,11.0,7.0,77.0,168.0,28.0,2.0,2.0,3,True
506948,223190,2499,VCT 2025: China Stage 2,Group Stage: Week 3,2025-07-25,Ascent,2,EDward Gaming,TYLOO,13,9,Smoggy,4742,omen,1.43,254.0,21.0,14.0,8.0,91.0,166.0,31.0,0.0,0.0,3,True
506948,223190,2499,VCT 2025: China Stage 2,Group Stage: Week 3,2025-07-25,Ascent,2,EDward Gaming,TYLOO,13,9,Jieni7,51244,kayo,1.19,222.0,17.0,14.0,10.0,82.0,138.0,45.0,1.0,1.0,3,True
506948,223190,2499,VCT 2025: China Stage 2,Group Stage: Week 3,2025-07-25,Ascent,2,EDward Gaming,TYLOO,13,9,CHICHOO,15559,cypher,0.85,165.0,13.0,14.0,6.0,64.0,111.0,26.0,0.0,1.0,3,True
506948,223190,2499,VCT 2025: China Stage 2,Group Stage: Week 3,2025-07-25,Ascent,2,EDward Gaming,TYLOO,13,9,ZmjjKK,3520,jett,0.7,193.0,15.0,17.0,3.0,59.0,131.0,23.0,7.0,8.0,3,True
506949,223192,2499,VCT 2025: China Stage 2,Group Stage: Week 3,2025-07-26,Lotus,1,Titan Esports Club,JD Mall JDG Esports (JD Gaming),9,13,Abo,5011,vyse,1.36,295.0,23.0,18.0,9.0,91.0,181.0,29.0,4.0,1.0,3,True
506949,223192,2499,VCT 2025: China Stage 2,Group Stage: Week 3,2025-07-26,Lotus,1,Titan Esports Club,JD Mall JDG Esports (JD Gaming),9,13,Coco,47629,viper,0.97,201.0,17.0,14.0,1.0,64.0,129.0,29.0,0.0,2.0,3,True
506949,223192,2499,VCT 2025: China Stage 2,Group Stage: Week 3,2025-07-26,Lotus,1,Titan Esports Club,JD Mall JDG Esports (JD Gaming),9,13,lucas,19677,fade,0.94,161.0,12.0,13.0,6.0,68.0,99.0,25.0,3.0,1.0,3,True
506949,223192,2499,VCT 2025: China Stage 2,Group Stage: Week 3,2025-07-26,Lotus,1,Titan Esports Club,JD Mall JDG Esports (JD Gaming),9,13,TvirusLuke,7841,raze,0.73,195.0,14.0,18.0,2.0,55.0,128.0,20.0,3.0,5.0,3,True
506949,223192,2499,VCT 2025: China Stage 2,Group Stage: Week 3,2025-07-26,Lotus,1,Titan Esports Club,JD Mall JDG Esports (JD Gaming),9,13,Haodong,4720,omen,0.7,103.0,8.0,12.0,4.0,77.0,63.0,42.0,2.0,1.0,3,True
506949,223192,2499,VCT 2025: China Stage 2,Group Stage: Week 3,2025-07-26,Lotus,1,JD Mall JDG Esports (JD Gaming),Titan Esports Club,13,9,jkuro,3519,omen,1.44,265.0,21.0,14.0,12.0,82.0,160.0,27.0,3.0,3.0,3,True
506949,223192,2499,VCT 2025: China Stage 2,Group Stage: Week 3,2025-07-26,Lotus,1,JD Mall JDG Esports (JD Gaming),Titan Esports Club,13,9,stew,16924,raze,1.17,224.0,18.0,15.0,0.0,68.0,146.0,34.0,3.0,2.0,3,True
506949,223192,2499,VCT 2025: China Stage 2,Group Stage: Week 3,2025-07-26,Lotus,1,JD Mall JDG Esports (JD Gaming),Titan Esports Club,13,9,Z1yan,41029,vyse,0.98,199.0,13.0,14.0,10.0,77.0,144.0,30.0,2.0,4.0,3,True
506949,223192,2499,VCT 2025: China Stage 2,Group Stage: Week 3,2025-07-26,Lotus,1,JD Mall JDG Esports (JD Gaming),Titan Esports Club,13,9,Babyblue,15302,fade,0.87,152.0,13.0,15.0,6.0,82.0,98.0,48.0,2.0,0.0,3,True
506949,223192,2499,VCT 2025: China Stage 2,Group Stage: Week 3,2025-07-26,Lotus,1,JD Mall JDG Esports (JD Gaming),Titan Esports Club,13,9,kklin,55828,viper,0.81,149.0,10.0,16.0,8.0,59.0,114.0,41.0,0.0,3.0,3,True
506949,223193,2499,VCT 2025: China Stage 2,Group Stage: Week 3,2025-07-26,Haven,2,Titan Esports Club,JD Mall JDG Esports (JD Gaming),13,9,TvirusLuke,7841,neon,1.59,321.0,26.0,13.0,3.0,73.0,195.0,21.0,4.0,4.0,3,True
506949,223193,2499,VCT 2025: China Stage 2,Group Stage: Week 3,2025-07-26,Haven,2,Titan Esports Club,JD Mall JDG Esports (JD Gaming),13,9,Haodong,4720,omen,1.46,295.0,22.0,15.0,7.0,77.0,170.0,48.0,4.0,1.0,3,True
506949,223193,2499,VCT 2025: China Stage 2,Group Stage: Week 3,2025-07-26,Haven,2,Titan Esports Club,JD Mall JDG Esports (JD Gaming),13,9,Coco,47629,viper,1.11,213.0,17.0,14.0,7.0,73.0,154.0,26.0,1.0,1.0,3,True
506949,223193,2499,VCT 2025: China Stage 2,Group Stage: Week 3,2025-07-26,Haven,2,Titan Esports Club,JD Mall JDG Esports (JD Gaming),13,9,lucas,19677,sova,0.73,156.0,13.0,15.0,6.0,73.0,112.0,26.0,2.0,1.0,3,True
506949,223193,2499,VCT 2025: China Stage 2,Group Stage: Week 3,2025-07-26,Haven,2,Titan Esports Club,JD Mall JDG Esports (JD Gaming),13,9,Abo,5011,killjoy,0.57,102.0,8.0,13.0,1.0,64.0,71.0,24.0,1.0,3.0,3,True
506949,223193,2499,VCT 2025: China Stage 2,Group Stage: Week 3,2025-07-26,Haven,2,JD Mall JDG Esports (JD Gaming),Titan Esports Club,9,13,stew,16924,neon,1.22,267.0,22.0,19.0,1.0,64.0,156.0,44.0,2.0,2.0,3,True
506949,223193,2499,VCT 2025: China Stage 2,Group Stage: Week 3,2025-07-26,Haven,2,JD Mall JDG Esports (JD Gaming),Titan Esports Club,9,13,jkuro,3519,viper,0.98,206.0,15.0,17.0,6.0,59.0,134.0,29.0,5.0,5.0,3,True
506949,223193,2499,VCT 2025: China Stage 2,Group Stage: Week 3,2025-07-26,Haven,2,JD Mall JDG Esports (JD Gaming),Titan Esports Club,9,13,Babyblue,15302,sova,0.76,134.0,11.0,15.0,3.0,64.0,85.0,38.0,0.0,0.0,3,True
506949,223193,2499,VCT 2025: China Stage 2,Group Stage: Week 3,2025-07-26,Haven,2,JD Mall JDG Esports (JD Gaming),Titan Esports Club,9,13,kklin,55828,killjoy,0.66,137.0,11.0,17.0,2.0,50.0,93.0,44.0,0.0,2.0,3,True
506949,223193,2499,VCT 2025: China Stage 2,Group Stage: Week 3,2025-07-26,Haven,2,JD Mall JDG Esports (JD Gaming),Titan Esports Club,9,13,Z1yan,41029,omen,0.61,151.0,11.0,18.0,5.0,64.0,91.0,25.0,3.0,3.0,3,True
506949,223194,2499,VCT 2025: China Stage 2,Group Stage: Week 3,2025-07-26,Sunset,3,Titan Esports Club,JD Mall JDG Esports (JD Gaming),11,13,Coco,47629,viper,1.35,232.0,20.0,15.0,8.0,75.0,145.0,39.0,5.0,2.0,3,True
506949,223194,2499,VCT 2025: China Stage 2,Group Stage: Week 3,2025-07-26,Sunset,3,Titan Esports Club,JD Mall JDG Esports (JD Gaming),11,13,Haodong,4720,omen,1.1,189.0,17.0,16.0,11.0,67.0,133.0,37.0,0.0,3.0,3,True
506949,223194,2499,VCT 2025: China Stage 2,Group Stage: Week 3,2025-07-26,Sunset,3,Titan Esports Club,JD Mall JDG Esports (JD Gaming),11,13,TvirusLuke,7841,neon,1.08,258.0,22.0,19.0,5.0,63.0,158.0,31.0,4.0,2.0,3,True
506949,223194,2499,VCT 2025: China Stage 2,Group Stage: Week 3,2025-07-26,Sunset,3,Titan Esports Club,JD Mall JDG Esports (JD Gaming),11,13,Abo,5011,deadlock,0.84,138.0,13.0,16.0,4.0,75.0,98.0,35.0,2.0,1.0,3,True
506949,223194,2499,VCT 2025: China Stage 2,Group Stage: Week 3,2025-07-26,Sunset,3,Titan Esports Club,JD Mall JDG Esports (JD Gaming),11,13,lucas,19677,sova,0.45,105.0,6.0,19.0,7.0,63.0,79.0,16.0,2.0,3.0,3,True
506949,223194,2499,VCT 2025: China Stage 2,Group Stage: Week 3,2025-07-26,Sunset,3,JD Mall JDG Esports (JD Gaming),Titan Esports Club,13,11,jkuro,3519,omen,1.3,190.0,18.0,14.0,8.0,79.0,125.0,36.0,1.0,1.0,3,True
506949,223194,2499,VCT 2025: China Stage 2,Group Stage: Week 3,2025-07-26,Sunset,3,JD Mall JDG Esports (JD Gaming),Titan Esports Club,13,11,Babyblue,15302,sova,1.26,218.0,18.0,14.0,7.0,71.0,144.0,32.0,1.0,2.0,3,True
506949,223194,2499,VCT 2025: China Stage 2,Group Stage: Week 3,2025-07-26,Sunset,3,JD Mall JDG Esports (JD Gaming),Titan Esports Club,13,11,stew,16924,neon,1.06,272.0,21.0,19.0,7.0,71.0,173.0,25.0,6.0,6.0,3,True
506949,223194,2499,VCT 2025: China Stage 2,Group Stage: Week 3,2025-07-26,Sunset,3,JD Mall JDG Esports (JD Gaming),Titan Esports Club,13,11,Z1yan,41029,deadlock,0.93,186.0,18.0,15.0,2.0,71.0,107.0,43.0,2.0,1.0,3,True
506949,223194,2499,VCT 2025: China Stage 2,Group Stage: Week 3,2025-07-26,Sunset,3,JD Mall JDG Esports (JD Gaming),Titan Esports Club,13,11,kklin,55828,cypher,0.56,117.0,10.0,16.0,5.0,58.0,72.0,15.0,1.0,3.0,3,True
506950,223195,2499,VCT 2025: China Stage 2,Group Stage: Week 3,2025-07-26,Haven,1,Guangzhou Huadu Bilibili Gaming (Bilibili Gaming),Trace Esports,13,6,rushia,48878,omen,1.51,250.0,16.0,9.0,12.0,89.0,153.0,25.0,2.0,1.0,3,True
506950,223195,2499,VCT 2025: China Stage 2,Group Stage: Week 3,2025-07-26,Haven,1,Guangzhou Huadu Bilibili Gaming (Bilibili Gaming),Trace Esports,13,6,whzy,4885,neon,1.51,303.0,22.0,9.0,1.0,74.0,170.0,44.0,7.0,5.0,3,True
506950,223195,2499,VCT 2025: China Stage 2,Group Stage: Week 3,2025-07-26,Haven,1,Guangzhou Huadu Bilibili Gaming (Bilibili Gaming),Trace Esports,13,6,Levius,40845,cypher,1.27,188.0,14.0,7.0,2.0,74.0,122.0,21.0,0.0,1.0,3,True
506950,223195,2499,VCT 2025: China Stage 2,Group Stage: Week 3,2025-07-26,Haven,1,Guangzhou Huadu Bilibili Gaming (Bilibili Gaming),Trace Esports,13,6,nephh,10698,breach,1.22,185.0,12.0,9.0,15.0,89.0,105.0,15.0,1.0,0.0,3,True
506950,223195,2499,VCT 2025: China Stage 2,Group Stage: Week 3,2025-07-26,Haven,1,Guangzhou Huadu Bilibili Gaming (Bilibili Gaming),Trace Esports,13,6,Knight,4774,sova,1.0,167.0,12.0,9.0,5.0,79.0,102.0,30.0,2.0,0.0,3,True
506950,223195,2499,VCT 2025: China Stage 2,Group Stage: Week 3,2025-07-26,Haven,1,Trace Esports,Guangzhou Huadu Bilibili Gaming (Bilibili Gaming),6,13,Kai,37494,yoru,1.08,254.0,16.0,16.0,3.0,53.0,158.0,32.0,4.0,1.0,3,True
506950,223195,2499,VCT 2025: China Stage 2,Group Stage: Week 3,2025-07-26,Haven,1,Trace Esports,Guangzhou Huadu Bilibili Gaming (Bilibili Gaming),6,13,FengF,4770,cypher,0.79,172.0,11.0,16.0,4.0,58.0,100.0,29.0,3.0,3.0,3,True
506950,223195,2499,VCT 2025: China Stage 2,Group Stage: Week 3,2025-07-26,Haven,1,Trace Esports,Guangzhou Huadu Bilibili Gaming (Bilibili Gaming),6,13,Biank,3021,sova,0.7,118.0,6.0,15.0,5.0,58.0,84.0,19.0,0.0,3.0,3,True
506950,223195,2499,VCT 2025: China Stage 2,Group Stage: Week 3,2025-07-26,Haven,1,Trace Esports,Guangzhou Huadu Bilibili Gaming (Bilibili Gaming),6,13,LuoK1ng,3045,omen,0.49,97.0,6.0,15.0,4.0,53.0,72.0,50.0,0.0,3.0,3,True
506950,223195,2499,VCT 2025: China Stage 2,Group Stage: Week 3,2025-07-26,Haven,1,Trace Esports,Guangzhou Huadu Bilibili Gaming (Bilibili Gaming),6,13,MarT1n,36668,deadlock,0.31,67.0,4.0,14.0,2.0,42.0,55.0,14.0,0.0,2.0,3,True
506950,223196,2499,VCT 2025: China Stage 2,Group Stage: Week 3,2025-07-26,Icebox,2,Guangzhou Huadu Bilibili Gaming (Bilibili Gaming),Trace Esports,13,15,Levius,40845,killjoy,1.24,245.0,26.0,20.0,2.0,75.0,169.0,25.0,2.0,2.0,3,True
506950,223196,2499,VCT 2025: China Stage 2,Group Stage: Week 3,2025-07-26,Icebox,2,Guangzhou Huadu Bilibili Gaming (Bilibili Gaming),Trace Esports,13,15,whzy,4885,jett,1.14,233.0,23.0,21.0,2.0,68.0,146.0,31.0,5.0,7.0,3,True
506950,223196,2499,VCT 2025: China Stage 2,Group Stage: Week 3,2025-07-26,Icebox,2,Guangzhou Huadu Bilibili Gaming (Bilibili Gaming),Trace Esports,13,15,nephh,10698,viper,1.11,213.0,17.0,19.0,15.0,86.0,144.0,16.0,2.0,4.0,3,True
506950,223196,2499,VCT 2025: China Stage 2,Group Stage: Week 3,2025-07-26,Icebox,2,Guangzhou Huadu Bilibili Gaming (Bilibili Gaming),Trace Esports,13,15,rushia,48878,harbor,1.1,195.0,18.0,17.0,5.0,71.0,132.0,25.0,2.0,2.0,3,True
506950,223196,2499,VCT 2025: China Stage 2,Group Stage: Week 3,2025-07-26,Icebox,2,Guangzhou Huadu Bilibili Gaming (Bilibili Gaming),Trace Esports,13,15,Knight,4774,sova,0.72,90.0,7.0,15.0,4.0,68.0,67.0,26.0,1.0,1.0,3,True
506950,223196,2499,VCT 2025: China Stage 2,Group Stage: Week 3,2025-07-26,Icebox,2,Trace Esports,Guangzhou Huadu Bilibili Gaming (Bilibili Gaming),15,13,FengF,4770,viper,1.08,216.0,21.0,18.0,11.0,82.0,137.0,27.0,4.0,2.0,3,True
506950,223196,2499,VCT 2025: China Stage 2,Group Stage: Week 3,2025-07-26,Icebox,2,Trace Esports,Guangzhou Huadu Bilibili Gaming (Bilibili Gaming),15,13,MarT1n,36668,killjoy,1.02,186.0,20.0,17.0,1.0,61.0,132.0,27.0,1.0,3.0,3,True
506950,223196,2499,VCT 2025: China Stage 2,Group Stage: Week 3,2025-07-26,Icebox,2,Trace Esports,Guangzhou Huadu Bilibili Gaming (Bilibili Gaming),15,13,LuoK1ng,3045,omen,0.87,202.0,20.0,19.0,9.0,79.0,109.0,29.0,6.0,1.0,3,True
506950,223196,2499,VCT 2025: China Stage 2,Group Stage: Week 3,2025-07-26,Icebox,2,Trace Esports,Guangzhou Huadu Bilibili Gaming (Bilibili Gaming),15,13,Kai,37494,jett,0.86,192.0,20.0,21.0,4.0,61.0,124.0,16.0,5.0,5.0,3,True
506950,223196,2499,VCT 2025: China Stage 2,Group Stage: Week 3,2025-07-26,Icebox,2,Trace Esports,Guangzhou Huadu Bilibili Gaming (Bilibili Gaming),15,13,Biank,3021,sova,0.75,130.0,11.0,16.0,8.0,68.0,88.0,12.0,0.0,1.0,3,True
506950,223197,2499,VCT 2025: China Stage 2,Group Stage: Week 3,2025-07-26,Ascent,3,Guangzhou Huadu Bilibili Gaming (Bilibili Gaming),Trace Esports,6,13,whzy,4885,neon,1.44,272.0,20.0,14.0,1.0,53.0,161.0,39.0,4.0,4.0,3,True
506950,223197,2499,VCT 2025: China Stage 2,Group Stage: Week 3,2025-07-26,Ascent,3,Guangzhou Huadu Bilibili Gaming (Bilibili Gaming),Trace Esports,6,13,nephh,10698,kayo,0.89,161.0,8.0,15.0,11.0,79.0,100.0,24.0,0.0,2.0,3,True
506950,223197,2499,VCT 2025: China Stage 2,Group Stage: Week 3,2025-07-26,Ascent,3,Guangzhou Huadu Bilibili Gaming (Bilibili Gaming),Trace Esports,6,13,rushia,48878,omen,0.85,140.0,8.0,13.0,9.0,74.0,95.0,23.0,1.0,2.0,3,True
506950,223197,2499,VCT 2025: China Stage 2,Group Stage: Week 3,2025-07-26,Ascent,3,Guangzhou Huadu Bilibili Gaming (Bilibili Gaming),Trace Esports,6,13,Knight,4774,sova,0.73,139.0,8.0,13.0,3.0,74.0,91.0,39.0,0.0,2.0,3,True
506950,223197,2499,VCT 2025: China Stage 2,Group Stage: Week 3,2025-07-26,Ascent,3,Guangzhou Huadu Bilibili Gaming (Bilibili Gaming),Trace Esports,6,13,Levius,40845,killjoy,0.61,94.0,5.0,13.0,2.0,53.0,71.0,22.0,0.0,4.0,3,True
506950,223197,2499,VCT 2025: China Stage 2,Group Stage: Week 3,2025-07-26,Ascent,3,Trace Esports,Guangzhou Huadu Bilibili Gaming (Bilibili Gaming),13,6,Kai,37494,yoru,1.42,297.0,19.0,11.0,7.0,84.0,197.0,18.0,6.0,2.0,3,True
506950,223197,2499,VCT 2025: China Stage 2,Group Stage: Week 3,2025-07-26,Ascent,3,Trace Esports,Guangzhou Huadu Bilibili Gaming (Bilibili Gaming),13,6,Biank,3021,sova,1.26,207.0,15.0,8.0,6.0,68.0,137.0,33.0,2.0,2.0,3,True
506950,223197,2499,VCT 2025: China Stage 2,Group Stage: Week 3,2025-07-26,Ascent,3,Trace Esports,Guangzhou Huadu Bilibili Gaming (Bilibili Gaming),13,6,MarT1n,36668,deadlock,1.05,144.0,12.0,8.0,6.0,84.0,76.0,18.0,0.0,0.0,3,True
506950,223197,2499,VCT 2025: China Stage 2,Group Stage: Week 3,2025-07-26,Ascent,3,Trace Esports,Guangzhou Huadu Bilibili Gaming (Bilibili Gaming),13,6,FengF,4770,cypher,0.97,203.0,11.0,11.0,8.0,74.0,140.0,23.0,3.0,1.0,3,True
506950,223197,2499,VCT 2025: China Stage 2,Group Stage: Week 3,2025-07-26,Ascent,3,Trace Esports,Guangzhou Huadu Bilibili Gaming (Bilibili Gaming),13,6,LuoK1ng,3045,omen,0.87,135.0,10.0,11.0,8.0,89.0,76.0,15.0,3.0,0.0,3,True
506951,223198,2499,VCT 2025: China Stage 2,Group Stage: Week 3,2025-07-27,Lotus,1,Wolves Esports,Dragon Ranger Gaming,14,12,SiuFatBB,7849,fade,1.27,209.0,20.0,16.0,7.0,88.0,127.0,31.0,0.0,2.0,3,True
506951,223198,2499,VCT 2025: China Stage 2,Group Stage: Week 3,2025-07-27,Lotus,1,Wolves Esports,Dragon Ranger Gaming,14,12,Spring,14125,raze,1.17,227.0,20.0,18.0,8.0,69.0,162.0,19.0,2.0,4.0,3,True
506951,223198,2499,VCT 2025: China Stage 2,Group Stage: Week 3,2025-07-27,Lotus,1,Wolves Esports,Dragon Ranger Gaming,14,12,Lysoar,37489,vyse,1.16,233.0,21.0,20.0,9.0,73.0,177.0,25.0,1.0,0.0,3,True
506951,223198,2499,VCT 2025: China Stage 2,Group Stage: Week 3,2025-07-27,Lotus,1,Wolves Esports,Dragon Ranger Gaming,14,12,Yuicaw,11218,omen,1.11,190.0,17.0,19.0,12.0,69.0,126.0,34.0,1.0,3.0,3,True
506951,223198,2499,VCT 2025: China Stage 2,Group Stage: Week 3,2025-07-27,Lotus,1,Wolves Esports,Dragon Ranger Gaming,14,12,Juicy,7426,yoru,0.65,164.0,15.0,23.0,6.0,73.0,105.0,21.0,7.0,6.0,3,True
506951,223198,2499,VCT 2025: China Stage 2,Group Stage: Week 3,2025-07-27,Lotus,1,Dragon Ranger Gaming,Wolves Esports,12,14,vo0kashu,3741,cypher,1.1,262.0,25.0,20.0,7.0,77.0,157.0,24.0,4.0,2.0,3,True
506951,223198,2499,VCT 2025: China Stage 2,Group Stage: Week 3,2025-07-27,Lotus,1,Dragon Ranger Gaming,Wolves Esports,12,14,Nicc,11524,breach,1.04,154.0,14.0,15.0,14.0,69.0,114.0,34.0,0.0,0.0,3,True
506951,223198,2499,VCT 2025: China Stage 2,Group Stage: Week 3,2025-07-27,Lotus,1,Dragon Ranger Gaming,Wolves Esports,12,14,Flex1n,4705,omen,1.02,181.0,17.0,17.0,16.0,77.0,118.0,43.0,0.0,5.0,3,True
506951,223198,2499,VCT 2025: China Stage 2,Group Stage: Week 3,2025-07-27,Lotus,1,Dragon Ranger Gaming,Wolves Esports,12,14,SpiritZ1,31753,yoru,1.01,267.0,24.0,21.0,5.0,77.0,184.0,46.0,5.0,2.0,3,True
506951,223198,2499,VCT 2025: China Stage 2,Group Stage: Week 3,2025-07-27,Lotus,1,Dragon Ranger Gaming,Wolves Esports,12,14,Akeman,52904,neon,0.77,186.0,16.0,20.0,4.0,69.0,121.0,18.0,6.0,2.0,3,True
506951,223199,2499,VCT 2025: China Stage 2,Group Stage: Week 3,2025-07-27,Icebox,2,Wolves Esports,Dragon Ranger Gaming,11,13,Lysoar,37489,killjoy,,227.0,19.0,16.0,6.0,71.0,152.0,15.0,3.0,0.0,3,True
506951,223199,2499,VCT 2025: China Stage 2,Group Stage: Week 3,2025-07-27,Icebox,2,Wolves Esports,Dragon Ranger Gaming,11,13,Juicy,7426,jett,,191.0,16.0,15.0,4.0,79.0,127.0,26.0,5.0,2.0,3,True
506951,223199,2499,VCT 2025: China Stage 2,Group Stage: Week 3,2025-07-27,Icebox,2,Wolves Esports,Dragon Ranger Gaming,11,13,Spring,14125,viper,,190.0,15.0,17.0,7.0,67.0,138.0,35.0,4.0,3.0,3,True
506951,223199,2499,VCT 2025: China Stage 2,Group Stage: Week 3,2025-07-27,Icebox,2,Wolves Esports,Dragon Ranger Gaming,11,13,Yuicaw,11218,harbor,,170.0,13.0,22.0,10.0,79.0,107.0,43.0,4.0,1.0,3,True
506951,223199,2499,VCT 2025: China Stage 2,Group Stage: Week 3,2025-07-27,Icebox,2,Wolves Esports,Dragon Ranger Gaming,11,13,SiuFatBB,7849,sova,,164.0,15.0,15.0,6.0,75.0,109.0,27.0,0.0,2.0,3,True
506951,223199,2499,VCT 2025: China Stage 2,Group Stage: Week 3,2025-07-27,Icebox,2,Dragon Ranger Gaming,Wolves Esports,13,11,Flex1n,4705,harbor,,239.0,20.0,13.0,15.0,88.0,163.0,25.0,1.0,2.0,3,True
506951,223199,2499,VCT 2025: China Stage 2,Group Stage: Week 3,2025-07-27,Icebox,2,Dragon Ranger Gaming,Wolves Esports,13,11,SpiritZ1,31753,reyna,,222.0,18.0,17.0,5.0,67.0,146.0,38.0,3.0,3.0,3,True
506951,223199,2499,VCT 2025: China Stage 2,Group Stage: Week 3,2025-07-27,Icebox,2,Dragon Ranger Gaming,Wolves Esports,13,11,Akeman,52904,neon,,189.0,16.0,20.0,6.0,50.0,125.0,24.0,2.0,9.0,3,True
506951,223199,2499,VCT 2025: China Stage 2,Group Stage: Week 3,2025-07-27,Icebox,2,Dragon Ranger Gaming,Wolves Esports,13,11,Nicc,11524,gekko,,181.0,18.0,15.0,5.0,67.0,116.0,41.0,0.0,1.0,3,True
506951,223199,2499,VCT 2025: China Stage 2,Group Stage: Week 3,2025-07-27,Icebox,2,Dragon Ranger Gaming,Wolves Esports,13,11,vo0kashu,3741,killjoy,,162.0,13.0,13.0,5.0,83.0,123.0,17.0,2.0,1.0,3,True
506951,223200,2499,VCT 2025: China Stage 2,Group Stage: Week 3,2025-07-27,Ascent,3,Wolves Esports,Dragon Ranger Gaming,13,10,Spring,14125,jett,1.55,295.0,25.0,14.0,5.0,78.0,189.0,26.0,7.0,1.0,3,True
506951,223200,2499,VCT 2025: China Stage 2,Group Stage: Week 3,2025-07-27,Ascent,3,Wolves Esports,Dragon Ranger Gaming,13,10,Yuicaw,11218,sova,1.16,225.0,16.0,15.0,11.0,87.0,153.0,20.0,3.0,3.0,3,True
506951,223200,2499,VCT 2025: China Stage 2,Group Stage: Week 3,2025-07-27,Ascent,3,Wolves Esports,Dragon Ranger Gaming,13,10,SiuFatBB,7849,astra,1.14,167.0,13.0,13.0,16.0,87.0,110.0,23.0,0.0,1.0,3,True
506951,223200,2499,VCT 2025: China Stage 2,Group Stage: Week 3,2025-07-27,Ascent,3,Wolves Esports,Dragon Ranger Gaming,13,10,Lysoar,37489,cypher,1.13,232.0,22.0,16.0,6.0,74.0,136.0,18.0,2.0,0.0,3,True
506951,223200,2499,VCT 2025: China Stage 2,Group Stage: Week 3,2025-07-27,Ascent,3,Wolves Esports,Dragon Ranger Gaming,13,10,Juicy,7426,yoru,0.97,181.0,15.0,14.0,5.0,78.0,111.0,24.0,4.0,2.0,3,True
506951,223200,2499,VCT 2025: China Stage 2,Group Stage: Week 3,2025-07-27,Ascent,3,Dragon Ranger Gaming,Wolves Esports,10,13,Nicc,11524,fade,0.98,194.0,15.0,17.0,4.0,74.0,136.0,39.0,2.0,2.0,3,True
506951,223200,2499,VCT 2025: China Stage 2,Group Stage: Week 3,2025-07-27,Ascent,3,Dragon Ranger Gaming,Wolves Esports,10,13,Flex1n,4705,omen,0.93,189.0,15.0,18.0,11.0,61.0,118.0,17.0,0.0,5.0,3,True
506951,223200,2499,VCT 2025: China Stage 2,Group Stage: Week 3,2025-07-27,Ascent,3,Dragon Ranger Gaming,Wolves Esports,10,13,Akeman,52904,clove,0.87,186.0,13.0,20.0,11.0,57.0,121.0,20.0,1.0,1.0,3,True
506951,223200,2499,VCT 2025: China Stage 2,Group Stage: Week 3,2025-07-27,Ascent,3,Dragon Ranger Gaming,Wolves Esports,10,13,vo0kashu,3741,vyse,0.74,158.0,13.0,17.0,4.0,65.0,109.0,31.0,0.0,3.0,3,True
506951,223200,2499,VCT 2025: China Stage 2,Group Stage: Week 3,2025-07-27,Ascent,3,Dragon Ranger Gaming,Wolves Esports,10,13,SpiritZ1,31753,yoru,0.71,180.0,15.0,20.0,4.0,48.0,124.0,33.0,4.0,5.0,3,True
506952,223201,2499,VCT 2025: China Stage 2,Group Stage: Week 3,2025-07-27,Haven,1,Xi Lai Gaming,FunPlus Phoenix,13,8,happywei,37927,viper,,284.0,20.0,10.0,7.0,,,,,,3,True
506952,223201,2499,VCT 2025: China Stage 2,Group Stage: Week 3,2025-07-27,Haven,1,Xi Lai Gaming,FunPlus Phoenix,13,8,Viva,36415,sova,,191.0,15.0,12.0,8.0,,,,,,3,True
506952,223201,2499,VCT 2025: China Stage 2,Group Stage: Week 3,2025-07-27,Haven,1,Xi Lai Gaming,FunPlus Phoenix,13,8,Rarga,22047,neon,,176.0,14.0,18.0,3.0,,,,,,3,True
506952,223201,2499,VCT 2025: China Stage 2,Group Stage: Week 3,2025-07-27,Haven,1,Xi Lai Gaming,FunPlus Phoenix,13,8,coconut,12365,omen,,166.0,13.0,11.0,11.0,,,,,,3,True
506952,223201,2499,VCT 2025: China Stage 2,Group Stage: Week 3,2025-07-27,Haven,1,Xi Lai Gaming,FunPlus Phoenix,13,8,NoMan,11527,killjoy,,138.0,11.0,12.0,1.0,,,,,,3,True
506952,223201,2499,VCT 2025: China Stage 2,Group Stage: Week 3,2025-07-27,Haven,1,FunPlus Phoenix,Xi Lai Gaming,8,13,AAAAY,19530,sova,,212.0,15.0,12.0,4.0,,,,,,3,True
506952,223201,2499,VCT 2025: China Stage 2,Group Stage: Week 3,2025-07-27,Haven,1,FunPlus Phoenix,Xi Lai Gaming,8,13,yosemite,6022,vyse,,197.0,13.0,15.0,3.0,,,,,,3,True
506952,223201,2499,VCT 2025: China Stage 2,Group Stage: Week 3,2025-07-27,Haven,1,FunPlus Phoenix,Xi Lai Gaming,8,13,Life,3028,neon,,179.0,13.0,15.0,3.0,,,,,,3,True
506952,223201,2499,VCT 2025: China Stage 2,Group Stage: Week 3,2025-07-27,Haven,1,FunPlus Phoenix,Xi Lai Gaming,8,13,BerLIN,7857,omen,,174.0,12.0,14.0,5.0,,,,,,3,True
506952,223201,2499,VCT 2025: China Stage 2,Group Stage: Week 3,2025-07-27,Haven,1,FunPlus Phoenix,Xi Lai Gaming,8,13,Autumn,872,viper,,142.0,10.0,17.0,9.0,,,,,,3,True
506952,223202,2499,VCT 2025: China Stage 2,Group Stage: Week 3,2025-07-27,Sunset,2,Xi Lai Gaming,FunPlus Phoenix,14,12,Rarga,22047,neon,,276.0,26.0,15.0,4.0,,,,,,3,True
506952,223202,2499,VCT 2025: China Stage 2,Group Stage: Week 3,2025-07-27,Sunset,2,Xi Lai Gaming,FunPlus Phoenix,14,12,NoMan,11527,deadlock,,193.0,18.0,17.0,5.0,,,,,,3,True
506952,223202,2499,VCT 2025: China Stage 2,Group Stage: Week 3,2025-07-27,Sunset,2,Xi Lai Gaming,FunPlus Phoenix,14,12,happywei,37927,viper,,192.0,18.0,18.0,1.0,,,,,,3,True
506952,223202,2499,VCT 2025: China Stage 2,Group Stage: Week 3,2025-07-27,Sunset,2,Xi Lai Gaming,FunPlus Phoenix,14,12,Viva,36415,sova,,151.0,15.0,16.0,2.0,,,,,,3,True
506952,223202,2499,VCT 2025: China Stage 2,Group Stage: Week 3,2025-07-27,Sunset,2,Xi Lai Gaming,FunPlus Phoenix,14,12,coconut,12365,omen,,136.0,11.0,17.0,15.0,,,,,,3,True
506952,223202,2499,VCT 2025: China Stage 2,Group Stage: Week 3,2025-07-27,Sunset,2,FunPlus Phoenix,Xi Lai Gaming,12,14,Life,3028,jett,,247.0,22.0,19.0,4.0,,,,,,3,True
506952,223202,2499,VCT 2025: China Stage 2,Group Stage: Week 3,2025-07-27,Sunset,2,FunPlus Phoenix,Xi Lai Gaming,12,14,Autumn,872,yoru,,223.0,20.0,19.0,3.0,,,,,,3,True
506952,223202,2499,VCT 2025: China Stage 2,Group Stage: Week 3,2025-07-27,Sunset,2,FunPlus Phoenix,Xi Lai Gaming,12,14,AAAAY,19530,sova,,176.0,15.0,18.0,8.0,,,,,,3,True
506952,223202,2499,VCT 2025: China Stage 2,Group Stage: Week 3,2025-07-27,Sunset,2,FunPlus Phoenix,Xi Lai Gaming,12,14,yosemite,6022,cypher,,170.0,17.0,14.0,1.0,,,,,,3,True
506952,223202,2499,VCT 2025: China Stage 2,Group Stage: Week 3,2025-07-27,Sunset,2,FunPlus Phoenix,Xi Lai Gaming,12,14,BerLIN,7857,omen,,107.0,9.0,18.0,10.0,,,,,,3,True
506953,223204,2499,VCT 2025: China Stage 2,Group Stage: Week 4,2025-07-31,Sunset,1,Nova Esports,Xi Lai Gaming,10,13,Ezeir,46460,omen,1.04,225.0,16.0,17.0,12.0,74.0,148.0,21.0,1.0,1.0,3,True
506953,223204,2499,VCT 2025: China Stage 2,Group Stage: Week 4,2025-07-31,Sunset,1,Nova Esports,Xi Lai Gaming,10,13,SWERL,1209,raze,0.92,198.0,17.0,19.0,1.0,61.0,118.0,36.0,2.0,3.0,3,True
506953,223204,2499,VCT 2025: China Stage 2,Group Stage: Week 4,2025-07-31,Sunset,1,Nova Esports,Xi Lai Gaming,10,13,GuanG,41054,chamber,0.86,197.0,17.0,17.0,0.0,70.0,119.0,20.0,3.0,3.0,3,True
506953,223204,2499,VCT 2025: China Stage 2,Group Stage: Week 4,2025-07-31,Sunset,1,Nova Esports,Xi Lai Gaming,10,13,o0o0o,4402,kayo,0.82,112.0,10.0,14.0,6.0,65.0,94.0,35.0,0.0,0.0,3,True
506953,223204,2499,VCT 2025: China Stage 2,Group Stage: Week 4,2025-07-31,Sunset,1,Nova Esports,Xi Lai Gaming,10,13,cb,39697,phoenix,0.73,183.0,13.0,17.0,4.0,57.0,128.0,18.0,3.0,7.0,3,True
506953,223204,2499,VCT 2025: China Stage 2,Group Stage: Week 4,2025-07-31,Sunset,1,Xi Lai Gaming,Nova Esports,13,10,happywei,37927,viper,1.28,254.0,19.0,15.0,5.0,74.0,165.0,28.0,5.0,3.0,3,True
506953,223204,2499,VCT 2025: China Stage 2,Group Stage: Week 4,2025-07-31,Sunset,1,Xi Lai Gaming,Nova Esports,13,10,NoMan,11527,deadlock,1.16,205.0,18.0,14.0,4.0,78.0,131.0,52.0,2.0,0.0,3,True
506953,223204,2499,VCT 2025: China Stage 2,Group Stage: Week 4,2025-07-31,Sunset,1,Xi Lai Gaming,Nova Esports,13,10,Viva,36415,sova,1.14,226.0,16.0,15.0,9.0,83.0,160.0,28.0,2.0,1.0,3,True
506953,223204,2499,VCT 2025: China Stage 2,Group Stage: Week 4,2025-07-31,Sunset,1,Xi Lai Gaming,Nova Esports,13,10,coconut,12365,omen,1.01,175.0,16.0,13.0,7.0,70.0,131.0,54.0,1.0,0.0,3,True
506953,223204,2499,VCT 2025: China Stage 2,Group Stage: Week 4,2025-07-31,Sunset,1,Xi Lai Gaming,Nova Esports,13,10,Rarga,22047,neon,0.97,185.0,15.0,16.0,2.0,65.0,112.0,37.0,4.0,5.0,3,True
506953,223205,2499,VCT 2025: China Stage 2,Group Stage: Week 4,2025-07-31,Haven,2,Nova Esports,Xi Lai Gaming,3,13,Ezeir,46460,omen,1.84,342.0,19.0,12.0,3.0,88.0,220.0,19.0,1.0,2.0,3,True
506953,223205,2499,VCT 2025: China Stage 2,Group Stage: Week 4,2025-07-31,Haven,2,Nova Esports,Xi Lai Gaming,3,13,cb,39697,sova,0.51,95.0,6.0,14.0,1.0,63.0,74.0,38.0,1.0,1.0,3,True
506953,223205,2499,VCT 2025: China Stage 2,Group Stage: Week 4,2025-07-31,Haven,2,Nova Esports,Xi Lai Gaming,3,13,o0o0o,4402,viper,0.4,162.0,7.0,16.0,5.0,69.0,101.0,17.0,1.0,1.0,3,True
506953,223205,2499,VCT 2025: China Stage 2,Group Stage: Week 4,2025-07-31,Haven,2,Nova Esports,Xi Lai Gaming,3,13,SWERL,1209,neon,0.33,124.0,7.0,15.0,3.0,56.0,70.0,21.0,2.0,4.0,3,True
506953,223205,2499,VCT 2025: China Stage 2,Group Stage: Week 4,2025-07-31,Haven,2,Nova Esports,Xi Lai Gaming,3,13,GuanG,41054,killjoy,0.32,118.0,6.0,15.0,1.0,50.0,72.0,45.0,2.0,1.0,3,True
506953,223205,2499,VCT 2025: China Stage 2,Group Stage: Week 4,2025-07-31,Haven,2,Xi Lai Gaming,Nova Esports,13,3,happywei,37927,viper,1.61,320.0,18.0,10.0,8.0,100.0,219.0,31.0,4.0,0.0,3,True
506953,223205,2499,VCT 2025: China Stage 2,Group Stage: Week 4,2025-07-31,Haven,2,Xi Lai Gaming,Nova Esports,13,3,Viva,36415,sova,1.5,233.0,14.0,7.0,7.0,88.0,171.0,37.0,0.0,1.0,3,True
506953,223205,2499,VCT 2025: China Stage 2,Group Stage: Week 4,2025-07-31,Haven,2,Xi Lai Gaming,Nova Esports,13,3,Rarga,22047,neon,1.32,277.0,18.0,11.0,5.0,94.0,165.0,34.0,1.0,2.0,3,True
506953,223205,2499,VCT 2025: China Stage 2,Group Stage: Week 4,2025-07-31,Haven,2,Xi Lai Gaming,Nova Esports,13,3,coconut,12365,omen,1.17,196.0,12.0,9.0,7.0,88.0,135.0,26.0,2.0,1.0,3,True
506953,223205,2499,VCT 2025: China Stage 2,Group Stage: Week 4,2025-07-31,Haven,2,Xi Lai Gaming,Nova Esports,13,3,NoMan,11527,killjoy,1.04,176.0,10.0,8.0,4.0,75.0,122.0,39.0,2.0,3.0,3,True
506954,223207,2499,VCT 2025: China Stage 2,Group Stage: Week 4,2025-07-31,Corrode,1,EDward Gaming,JD Mall JDG Esports (JD Gaming),13,5,ZmjjKK,3520,neon,1.87,346.0,24.0,10.0,3.0,83.0,204.0,27.0,3.0,2.0,3,True
506954,223207,2499,VCT 2025: China Stage 2,Group Stage: Week 4,2025-07-31,Corrode,1,EDward Gaming,JD Mall JDG Esports (JD Gaming),13,5,Jieni7,51244,omen,1.51,276.0,18.0,11.0,11.0,78.0,171.0,29.0,1.0,1.0,3,True
506954,223207,2499,VCT 2025: China Stage 2,Group Stage: Week 4,2025-07-31,Corrode,1,EDward Gaming,JD Mall JDG Esports (JD Gaming),13,5,Smoggy,4742,fade,1.33,254.0,16.0,12.0,10.0,78.0,166.0,40.0,1.0,2.0,3,True
506954,223207,2499,VCT 2025: China Stage 2,Group Stage: Week 4,2025-07-31,Corrode,1,EDward Gaming,JD Mall JDG Esports (JD Gaming),13,5,nobody,3017,yoru,1.01,245.0,16.0,13.0,2.0,72.0,164.0,37.0,3.0,3.0,3,True
506954,223207,2499,VCT 2025: China Stage 2,Group Stage: Week 4,2025-07-31,Corrode,1,EDward Gaming,JD Mall JDG Esports (JD Gaming),13,5,CHICHOO,15559,viper,0.47,63.0,3.0,12.0,7.0,72.0,53.0,13.0,0.0,2.0,3,True
506954,223207,2499,VCT 2025: China Stage 2,Group Stage: Week 4,2025-07-31,Corrode,1,JD Mall JDG Esports (JD Gaming),EDward Gaming,5,13,stew,16924,yoru,1.0,262.0,15.0,16.0,5.0,72.0,159.0,56.0,6.0,4.0,3,True
506954,223207,2499,VCT 2025: China Stage 2,Group Stage: Week 4,2025-07-31,Corrode,1,JD Mall JDG Esports (JD Gaming),EDward Gaming,5,13,Z1yan,41029,waylay,0.98,241.0,16.0,16.0,0.0,72.0,147.0,53.0,3.0,3.0,3,True
506954,223207,2499,VCT 2025: China Stage 2,Group Stage: Week 4,2025-07-31,Corrode,1,JD Mall JDG Esports (JD Gaming),EDward Gaming,5,13,Babyblue,15302,fade,0.87,181.0,11.0,14.0,6.0,72.0,120.0,33.0,0.0,0.0,3,True
506954,223207,2499,VCT 2025: China Stage 2,Group Stage: Week 4,2025-07-31,Corrode,1,JD Mall JDG Esports (JD Gaming),EDward Gaming,5,13,kklin,55828,viper,0.69,138.0,8.0,15.0,9.0,67.0,94.0,31.0,0.0,0.0,3,True
506954,223207,2499,VCT 2025: China Stage 2,Group Stage: Week 4,2025-07-31,Corrode,1,JD Mall JDG Esports (JD Gaming),EDward Gaming,5,13,jkuro,3519,omen,0.37,120.0,8.0,16.0,5.0,67.0,73.0,40.0,1.0,1.0,3,True
506954,223208,2499,VCT 2025: China Stage 2,Group Stage: Week 4,2025-07-31,Lotus,2,EDward Gaming,JD Mall JDG Esports (JD Gaming),10,13,nobody,3017,fade,1.24,263.0,22.0,17.0,3.0,70.0,174.0,45.0,2.0,2.0,3,True
506954,223208,2499,VCT 2025: China Stage 2,Group Stage: Week 4,2025-07-31,Lotus,2,EDward Gaming,JD Mall JDG Esports (JD Gaming),10,13,ZmjjKK,3520,neon,0.93,211.0,16.0,19.0,6.0,57.0,139.0,31.0,2.0,3.0,3,True
506954,223208,2499,VCT 2025: China Stage 2,Group Stage: Week 4,2025-07-31,Lotus,2,EDward Gaming,JD Mall JDG Esports (JD Gaming),10,13,Jieni7,51244,omen,0.89,186.0,13.0,17.0,12.0,74.0,113.0,19.0,2.0,8.0,3,True
506954,223208,2499,VCT 2025: China Stage 2,Group Stage: Week 4,2025-07-31,Lotus,2,EDward Gaming,JD Mall JDG Esports (JD Gaming),10,13,Smoggy,4742,viper,0.82,166.0,14.0,18.0,1.0,65.0,112.0,35.0,0.0,1.0,3,True
506954,223208,2499,VCT 2025: China Stage 2,Group Stage: Week 4,2025-07-31,Lotus,2,EDward Gaming,JD Mall JDG Esports (JD Gaming),10,13,CHICHOO,15559,vyse,0.66,154.0,13.0,18.0,1.0,61.0,103.0,38.0,1.0,2.0,3,True
506954,223208,2499,VCT 2025: China Stage 2,Group Stage: Week 4,2025-07-31,Lotus,2,JD Mall JDG Esports (JD Gaming),EDward Gaming,13,10,stew,16924,raze,1.83,383.0,33.0,15.0,3.0,87.0,238.0,27.0,9.0,4.0,3,True
506954,223208,2499,VCT 2025: China Stage 2,Group Stage: Week 4,2025-07-31,Lotus,2,JD Mall JDG Esports (JD Gaming),EDward Gaming,13,10,jkuro,3519,omen,1.0,198.0,16.0,15.0,9.0,74.0,122.0,47.0,3.0,1.0,3,True
506954,223208,2499,VCT 2025: China Stage 2,Group Stage: Week 4,2025-07-31,Lotus,2,JD Mall JDG Esports (JD Gaming),EDward Gaming,13,10,Babyblue,15302,fade,0.98,154.0,11.0,14.0,10.0,74.0,96.0,24.0,0.0,1.0,3,True
506954,223208,2499,VCT 2025: China Stage 2,Group Stage: Week 4,2025-07-31,Lotus,2,JD Mall JDG Esports (JD Gaming),EDward Gaming,13,10,Z1yan,41029,vyse,0.86,178.0,14.0,16.0,9.0,78.0,115.0,44.0,1.0,1.0,3,True
506954,223208,2499,VCT 2025: China Stage 2,Group Stage: Week 4,2025-07-31,Lotus,2,JD Mall JDG Esports (JD Gaming),EDward Gaming,13,10,kklin,55828,viper,0.77,182.0,15.0,18.0,6.0,61.0,119.0,33.0,3.0,0.0,3,True
506954,223209,2499,VCT 2025: China Stage 2,Group Stage: Week 4,2025-07-31,Haven,3,EDward Gaming,JD Mall JDG Esports (JD Gaming),13,10,CHICHOO,15559,viper,1.53,264.0,24.0,11.0,7.0,78.0,170.0,31.0,1.0,3.0,3,True
506954,223209,2499,VCT 2025: China Stage 2,Group Stage: Week 4,2025-07-31,Haven,3,EDward Gaming,JD Mall JDG Esports (JD Gaming),13,10,ZmjjKK,3520,neon,1.34,292.0,23.0,15.0,5.0,70.0,177.0,23.0,8.0,2.0,3,True
506954,223209,2499,VCT 2025: China Stage 2,Group Stage: Week 4,2025-07-31,Haven,3,EDward Gaming,JD Mall JDG Esports (JD Gaming),13,10,Smoggy,4742,killjoy,0.99,166.0,13.0,14.0,5.0,70.0,99.0,23.0,2.0,2.0,3,True
506954,223209,2499,VCT 2025: China Stage 2,Group Stage: Week 4,2025-07-31,Haven,3,EDward Gaming,JD Mall JDG Esports (JD Gaming),13,10,Jieni7,51244,omen,0.81,160.0,15.0,17.0,7.0,65.0,92.0,32.0,1.0,1.0,3,True
506954,223209,2499,VCT 2025: China Stage 2,Group Stage: Week 4,2025-07-31,Haven,3,EDward Gaming,JD Mall JDG Esports (JD Gaming),13,10,nobody,3017,sova,0.64,116.0,9.0,14.0,6.0,61.0,82.0,20.0,0.0,3.0,3,True
506954,223209,2499,VCT 2025: China Stage 2,Group Stage: Week 4,2025-07-31,Haven,3,JD Mall JDG Esports (JD Gaming),EDward Gaming,10,13,kklin,55828,killjoy,1.18,245.0,20.0,18.0,1.0,70.0,162.0,32.0,3.0,1.0,3,True
506954,223209,2499,VCT 2025: China Stage 2,Group Stage: Week 4,2025-07-31,Haven,3,JD Mall JDG Esports (JD Gaming),EDward Gaming,10,13,jkuro,3519,viper,0.96,167.0,14.0,15.0,3.0,70.0,109.0,44.0,0.0,4.0,3,True
506954,223209,2499,VCT 2025: China Stage 2,Group Stage: Week 4,2025-07-31,Haven,3,JD Mall JDG Esports (JD Gaming),EDward Gaming,10,13,stew,16924,neon,0.88,221.0,17.0,19.0,1.0,74.0,139.0,42.0,7.0,4.0,3,True
506954,223209,2499,VCT 2025: China Stage 2,Group Stage: Week 4,2025-07-31,Haven,3,JD Mall JDG Esports (JD Gaming),EDward Gaming,10,13,Z1yan,41029,omen,0.76,136.0,11.0,15.0,5.0,74.0,85.0,27.0,0.0,2.0,3,True
506954,223209,2499,VCT 2025: China Stage 2,Group Stage: Week 4,2025-07-31,Haven,3,JD Mall JDG Esports (JD Gaming),EDward Gaming,10,13,Babyblue,15302,sova,0.64,134.0,9.0,17.0,8.0,65.0,90.0,19.0,1.0,1.0,3,True
506955,223210,2499,VCT 2025: China Stage 2,Group Stage: Week 4,2025-08-01,Icebox,1,All Gamers,FunPlus Phoenix,14,12,K1ra,46748,viper,1.4,225.0,20.0,12.0,8.0,85.0,158.0,31.0,4.0,2.0,3,True
506955,223210,2499,VCT 2025: China Stage 2,Group Stage: Week 4,2025-08-01,Icebox,1,All Gamers,FunPlus Phoenix,14,12,HanChe,42537,killjoy,1.29,256.0,25.0,16.0,2.0,77.0,175.0,25.0,2.0,2.0,3,True
506955,223210,2499,VCT 2025: China Stage 2,Group Stage: Week 4,2025-08-01,Icebox,1,All Gamers,FunPlus Phoenix,14,12,Spitfires,4881,jett,1.19,225.0,22.0,15.0,2.0,81.0,137.0,33.0,7.0,4.0,3,True
506955,223210,2499,VCT 2025: China Stage 2,Group Stage: Week 4,2025-08-01,Icebox,1,All Gamers,FunPlus Phoenix,14,12,Shr1mp,25494,sova,0.82,146.0,14.0,17.0,5.0,62.0,93.0,24.0,1.0,2.0,3,True
506955,223210,2499,VCT 2025: China Stage 2,Group Stage: Week 4,2025-08-01,Icebox,1,All Gamers,FunPlus Phoenix,14,12,deLb,10821,omen,0.67,142.0,14.0,18.0,6.0,65.0,93.0,43.0,1.0,1.0,3,True
506955,223210,2499,VCT 2025: China Stage 2,Group Stage: Week 4,2025-08-01,Icebox,1,FunPlus Phoenix,All Gamers,12,14,yosemite,6022,viper,1.22,254.0,23.0,20.0,6.0,77.0,167.0,27.0,3.0,3.0,3,True
506955,223210,2499,VCT 2025: China Stage 2,Group Stage: Week 4,2025-08-01,Icebox,1,FunPlus Phoenix,All Gamers,12,14,Autumn,872,killjoy,0.95,177.0,15.0,17.0,3.0,69.0,121.0,26.0,0.0,0.0,3,True
506955,223210,2499,VCT 2025: China Stage 2,Group Stage: Week 4,2025-08-01,Icebox,1,FunPlus Phoenix,All Gamers,12,14,Life,3028,jett,0.81,177.0,15.0,19.0,2.0,62.0,112.0,31.0,4.0,5.0,3,True
506955,223210,2499,VCT 2025: China Stage 2,Group Stage: Week 4,2025-08-01,Icebox,1,FunPlus Phoenix,All Gamers,12,14,AAAAY,19530,sova,0.71,119.0,11.0,17.0,2.0,58.0,89.0,39.0,2.0,3.0,3,True
506955,223210,2499,VCT 2025: China Stage 2,Group Stage: Week 4,2025-08-01,Icebox,1,FunPlus Phoenix,All Gamers,12,14,BerLIN,7857,omen,0.65,159.0,14.0,22.0,6.0,65.0,104.0,32.0,2.0,4.0,3,True
506955,223211,2499,VCT 2025: China Stage 2,Group Stage: Week 4,2025-08-01,Bind,2,All Gamers,FunPlus Phoenix,13,8,deLb,10821,brimstone,1.41,253.0,21.0,9.0,8.0,81.0,157.0,26.0,1.0,1.0,3,True
506955,223211,2499,VCT 2025: China Stage 2,Group Stage: Week 4,2025-08-01,Bind,2,All Gamers,FunPlus Phoenix,13,8,K1ra,46748,raze,1.31,220.0,17.0,9.0,1.0,81.0,135.0,14.0,5.0,3.0,3,True
506955,223211,2499,VCT 2025: China Stage 2,Group Stage: Week 4,2025-08-01,Bind,2,All Gamers,FunPlus Phoenix,13,8,Shr1mp,25494,fade,1.03,168.0,12.0,11.0,12.0,71.0,96.0,26.0,1.0,2.0,3,True
506955,223211,2499,VCT 2025: China Stage 2,Group Stage: Week 4,2025-08-01,Bind,2,All Gamers,FunPlus Phoenix,13,8,Spitfires,4881,yoru,1.0,171.0,14.0,11.0,1.0,71.0,105.0,30.0,3.0,3.0,3,True
506955,223211,2499,VCT 2025: China Stage 2,Group Stage: Week 4,2025-08-01,Bind,2,All Gamers,FunPlus Phoenix,13,8,HanChe,42537,viper,0.78,143.0,8.0,13.0,13.0,67.0,87.0,9.0,2.0,0.0,3,True
506955,223211,2499,VCT 2025: China Stage 2,Group Stage: Week 4,2025-08-01,Bind,2,FunPlus Phoenix,All Gamers,8,13,AAAAY,19530,skye,1.1,176.0,12.0,13.0,8.0,57.0,111.0,39.0,0.0,2.0,3,True
506955,223211,2499,VCT 2025: China Stage 2,Group Stage: Week 4,2025-08-01,Bind,2,FunPlus Phoenix,All Gamers,8,13,BerLIN,7857,brimstone,1.08,186.0,14.0,13.0,8.0,62.0,110.0,37.0,0.0,2.0,3,True
506955,223211,2499,VCT 2025: China Stage 2,Group Stage: Week 4,2025-08-01,Bind,2,FunPlus Phoenix,All Gamers,8,13,yosemite,6022,vyse,0.82,142.0,8.0,15.0,7.0,48.0,97.0,25.0,2.0,1.0,3,True
506955,223211,2499,VCT 2025: China Stage 2,Group Stage: Week 4,2025-08-01,Bind,2,FunPlus Phoenix,All Gamers,8,13,Life,3028,raze,0.73,160.0,10.0,16.0,2.0,52.0,98.0,27.0,6.0,6.0,3,True
506955,223211,2499,VCT 2025: China Stage 2,Group Stage: Week 4,2025-08-01,Bind,2,FunPlus Phoenix,All Gamers,8,13,Autumn,872,deadlock,0.71,123.0,9.0,15.0,6.0,62.0,76.0,15.0,1.0,1.0,3,True
506956,223213,2499,VCT 2025: China Stage 2,Group Stage: Week 4,2025-08-01,Sunset,1,Trace Esports,Titan Esports Club,9,13,Kai,37494,neon,1.61,364.0,29.0,17.0,2.0,68.0,221.0,31.0,5.0,0.0,3,True
506956,223213,2499,VCT 2025: China Stage 2,Group Stage: Week 4,2025-08-01,Sunset,1,Trace Esports,Titan Esports Club,9,13,MarT1n,36668,deadlock,0.91,180.0,16.0,16.0,3.0,77.0,107.0,53.0,1.0,3.0,3,True
506956,223213,2499,VCT 2025: China Stage 2,Group Stage: Week 4,2025-08-01,Sunset,1,Trace Esports,Titan Esports Club,9,13,FengF,4770,cypher,0.74,171.0,12.0,18.0,5.0,59.0,112.0,25.0,2.0,4.0,3,True
506956,223213,2499,VCT 2025: China Stage 2,Group Stage: Week 4,2025-08-01,Sunset,1,Trace Esports,Titan Esports Club,9,13,LuoK1ng,3045,omen,0.65,133.0,9.0,16.0,7.0,73.0,83.0,18.0,4.0,1.0,3,True
506956,223213,2499,VCT 2025: China Stage 2,Group Stage: Week 4,2025-08-01,Sunset,1,Trace Esports,Titan Esports Club,9,13,Biank,3021,sova,0.38,98.0,7.0,19.0,3.0,68.0,63.0,15.0,0.0,2.0,3,True
506956,223213,2499,VCT 2025: China Stage 2,Group Stage: Week 4,2025-08-01,Sunset,1,Titan Esports Club,Trace Esports,13,9,Abo,5011,deadlock,1.52,279.0,23.0,13.0,2.0,73.0,185.0,50.0,2.0,3.0,3,True
506956,223213,2499,VCT 2025: China Stage 2,Group Stage: Week 4,2025-08-01,Sunset,1,Titan Esports Club,Trace Esports,13,9,lucas,19677,sova,1.21,209.0,16.0,14.0,11.0,68.0,140.0,30.0,2.0,2.0,3,True
506956,223213,2499,VCT 2025: China Stage 2,Group Stage: Week 4,2025-08-01,Sunset,1,Titan Esports Club,Trace Esports,13,9,Coco,47629,viper,1.06,229.0,17.0,17.0,5.0,73.0,156.0,38.0,3.0,0.0,3,True
506956,223213,2499,VCT 2025: China Stage 2,Group Stage: Week 4,2025-08-01,Sunset,1,Titan Esports Club,Trace Esports,13,9,Haodong,4720,omen,1.04,195.0,15.0,13.0,8.0,77.0,141.0,24.0,0.0,1.0,3,True
506956,223213,2499,VCT 2025: China Stage 2,Group Stage: Week 4,2025-08-01,Sunset,1,Titan Esports Club,Trace Esports,13,9,TvirusLuke,7841,neon,0.79,182.0,15.0,16.0,5.0,77.0,120.0,19.0,3.0,6.0,3,True
506956,223214,2499,VCT 2025: China Stage 2,Group Stage: Week 4,2025-08-01,Haven,2,Trace Esports,Titan Esports Club,7,13,LuoK1ng,3045,omen,0.97,216.0,14.0,17.0,8.0,65.0,136.0,39.0,2.0,1.0,3,True
506956,223214,2499,VCT 2025: China Stage 2,Group Stage: Week 4,2025-08-01,Haven,2,Trace Esports,Titan Esports Club,7,13,MarT1n,36668,deadlock,0.89,197.0,13.0,15.0,4.0,60.0,133.0,32.0,3.0,1.0,3,True
506956,223214,2499,VCT 2025: China Stage 2,Group Stage: Week 4,2025-08-01,Haven,2,Trace Esports,Titan Esports Club,7,13,FengF,4770,cypher,0.88,165.0,11.0,16.0,4.0,65.0,122.0,30.0,4.0,0.0,3,True
506956,223214,2499,VCT 2025: China Stage 2,Group Stage: Week 4,2025-08-01,Haven,2,Trace Esports,Titan Esports Club,7,13,Biank,3021,sova,0.65,141.0,9.0,17.0,3.0,65.0,97.0,37.0,1.0,1.0,3,True
506956,223214,2499,VCT 2025: China Stage 2,Group Stage: Week 4,2025-08-01,Haven,2,Trace Esports,Titan Esports Club,7,13,Kai,37494,yoru,0.44,150.0,12.0,18.0,2.0,45.0,90.0,27.0,2.0,5.0,3,True
506956,223214,2499,VCT 2025: China Stage 2,Group Stage: Week 4,2025-08-01,Haven,2,Titan Esports Club,Trace Esports,13,7,Haodong,4720,omen,1.31,221.0,18.0,10.0,11.0,75.0,123.0,29.0,1.0,2.0,3,True
506956,223214,2499,VCT 2025: China Stage 2,Group Stage: Week 4,2025-08-01,Haven,2,Titan Esports Club,Trace Esports,13,7,Abo,5011,killjoy,1.31,200.0,16.0,10.0,2.0,85.0,139.0,35.0,0.0,1.0,3,True
506956,223214,2499,VCT 2025: China Stage 2,Group Stage: Week 4,2025-08-01,Haven,2,Titan Esports Club,Trace Esports,13,7,Coco,47629,viper,1.28,295.0,20.0,14.0,8.0,75.0,187.0,47.0,2.0,3.0,3,True
506956,223214,2499,VCT 2025: China Stage 2,Group Stage: Week 4,2025-08-01,Haven,2,Titan Esports Club,Trace Esports,13,7,lucas,19677,sova,1.23,241.0,17.0,13.0,4.0,75.0,166.0,24.0,3.0,2.0,3,True
506956,223214,2499,VCT 2025: China Stage 2,Group Stage: Week 4,2025-08-01,Haven,2,Titan Esports Club,Trace Esports,13,7,TvirusLuke,7841,neon,0.95,170.0,12.0,12.0,2.0,75.0,111.0,16.0,2.0,4.0,3,True
506957,223216,2499,VCT 2025: China Stage 2,Group Stage: Week 4,2025-08-02,Haven,1,Nova Esports,Wolves Esports,14,16,cb,39697,sova,1.57,310.0,34.0,20.0,14.0,77.0,212.0,39.0,3.0,1.0,3,True
506957,223216,2499,VCT 2025: China Stage 2,Group Stage: Week 4,2025-08-02,Haven,1,Nova Esports,Wolves Esports,14,16,Ezeir,46460,omen,1.32,279.0,26.0,21.0,20.0,80.0,168.0,15.0,4.0,2.0,3,True
506957,223216,2499,VCT 2025: China Stage 2,Group Stage: Week 4,2025-08-02,Haven,1,Nova Esports,Wolves Esports,14,16,SWERL,1209,neon,1.02,224.0,24.0,23.0,8.0,77.0,141.0,30.0,8.0,5.0,3,True
506957,223216,2499,VCT 2025: China Stage 2,Group Stage: Week 4,2025-08-02,Haven,1,Nova Esports,Wolves Esports,14,16,GuanG,41054,killjoy,0.67,132.0,12.0,21.0,4.0,67.0,99.0,16.0,2.0,0.0,3,True
506957,223216,2499,VCT 2025: China Stage 2,Group Stage: Week 4,2025-08-02,Haven,1,Nova Esports,Wolves Esports,14,16,o0o0o,4402,viper,0.58,106.0,12.0,21.0,8.0,60.0,76.0,25.0,1.0,4.0,3,True
506957,223216,2499,VCT 2025: China Stage 2,Group Stage: Week 4,2025-08-02,Haven,1,Wolves Esports,Nova Esports,16,14,SiuFatBB,7849,sova,1.25,219.0,23.0,18.0,8.0,73.0,141.0,30.0,2.0,3.0,3,True
506957,223216,2499,VCT 2025: China Stage 2,Group Stage: Week 4,2025-08-02,Haven,1,Wolves Esports,Nova Esports,16,14,Yuicaw,11218,omen,1.17,209.0,21.0,19.0,12.0,70.0,141.0,33.0,2.0,5.0,3,True
506957,223216,2499,VCT 2025: China Stage 2,Group Stage: Week 4,2025-08-02,Haven,1,Wolves Esports,Nova Esports,16,14,Lysoar,37489,cypher,0.96,222.0,25.0,22.0,4.0,77.0,127.0,26.0,1.0,3.0,3,True
506957,223216,2499,VCT 2025: China Stage 2,Group Stage: Week 4,2025-08-02,Haven,1,Wolves Esports,Nova Esports,16,14,Spring,14125,iso,0.87,172.0,18.0,24.0,10.0,67.0,119.0,22.0,3.0,2.0,3,True
506957,223216,2499,VCT 2025: China Stage 2,Group Stage: Week 4,2025-08-02,Haven,1,Wolves Esports,Nova Esports,16,14,Juicy,7426,yoru,0.84,202.0,19.0,25.0,13.0,73.0,135.0,20.0,4.0,5.0,3,True
506957,223217,2499,VCT 2025: China Stage 2,Group Stage: Week 4,2025-08-02,Corrode,2,Nova Esports,Wolves Esports,13,6,Ezeir,46460,omen,1.5,277.0,18.0,9.0,5.0,84.0,181.0,27.0,2.0,0.0,3,True
506957,223217,2499,VCT 2025: China Stage 2,Group Stage: Week 4,2025-08-02,Corrode,2,Nova Esports,Wolves Esports,13,6,GuanG,41054,vyse,1.3,221.0,17.0,9.0,1.0,74.0,145.0,40.0,2.0,0.0,3,True
506957,223217,2499,VCT 2025: China Stage 2,Group Stage: Week 4,2025-08-02,Corrode,2,Nova Esports,Wolves Esports,13,6,cb,39697,fade,1.27,233.0,15.0,9.0,7.0,89.0,152.0,30.0,4.0,2.0,3,True
506957,223217,2499,VCT 2025: China Stage 2,Group Stage: Week 4,2025-08-02,Corrode,2,Nova Esports,Wolves Esports,13,6,o0o0o,4402,viper,1.03,179.0,13.0,9.0,4.0,84.0,108.0,29.0,3.0,1.0,3,True
506957,223217,2499,VCT 2025: China Stage 2,Group Stage: Week 4,2025-08-02,Corrode,2,Nova Esports,Wolves Esports,13,6,SWERL,1209,neon,0.85,203.0,14.0,13.0,4.0,84.0,137.0,34.0,3.0,2.0,3,True
506957,223217,2499,VCT 2025: China Stage 2,Group Stage: Week 4,2025-08-02,Corrode,2,Wolves Esports,Nova Esports,6,13,Juicy,7426,yoru,1.13,225.0,17.0,16.0,2.0,68.0,144.0,34.0,2.0,4.0,3,True
506957,223217,2499,VCT 2025: China Stage 2,Group Stage: Week 4,2025-08-02,Corrode,2,Wolves Esports,Nova Esports,6,13,Spring,14125,neon,0.91,203.0,12.0,17.0,7.0,58.0,128.0,40.0,0.0,3.0,3,True
506957,223217,2499,VCT 2025: China Stage 2,Group Stage: Week 4,2025-08-02,Corrode,2,Wolves Esports,Nova Esports,6,13,Lysoar,37489,vyse,0.81,163.0,9.0,16.0,7.0,58.0,102.0,28.0,2.0,0.0,3,True
506957,223217,2499,VCT 2025: China Stage 2,Group Stage: Week 4,2025-08-02,Corrode,2,Wolves Esports,Nova Esports,6,13,Yuicaw,11218,astra,0.61,118.0,7.0,15.0,6.0,53.0,73.0,35.0,1.0,3.0,3,True
506957,223217,2499,VCT 2025: China Stage 2,Group Stage: Week 4,2025-08-02,Corrode,2,Wolves Esports,Nova Esports,6,13,SiuFatBB,7849,sova,0.57,80.0,4.0,13.0,8.0,53.0,62.0,23.0,0.0,4.0,3,True
506957,223218,2499,VCT 2025: China Stage 2,Group Stage: Week 4,2025-08-02,Bind,3,Nova Esports,Wolves Esports,13,10,Ezeir,46460,brimstone,1.37,221.0,18.0,13.0,13.0,91.0,152.0,24.0,3.0,0.0,3,True
506957,223218,2499,VCT 2025: China Stage 2,Group Stage: Week 4,2025-08-02,Bind,3,Nova Esports,Wolves Esports,13,10,cb,39697,deadlock,1.31,246.0,20.0,15.0,11.0,78.0,144.0,23.0,3.0,3.0,3,True
506957,223218,2499,VCT 2025: China Stage 2,Group Stage: Week 4,2025-08-02,Bind,3,Nova Esports,Wolves Esports,13,10,GuanG,41054,vyse,1.2,202.0,19.0,11.0,2.0,78.0,136.0,30.0,1.0,2.0,3,True
506957,223218,2499,VCT 2025: China Stage 2,Group Stage: Week 4,2025-08-02,Bind,3,Nova Esports,Wolves Esports,13,10,SWERL,1209,raze,1.11,228.0,19.0,16.0,4.0,78.0,165.0,22.0,5.0,2.0,3,True
506957,223218,2499,VCT 2025: China Stage 2,Group Stage: Week 4,2025-08-02,Bind,3,Nova Esports,Wolves Esports,13,10,o0o0o,4402,skye,0.91,113.0,9.0,11.0,12.0,74.0,72.0,19.0,2.0,2.0,3,True
506957,223218,2499,VCT 2025: China Stage 2,Group Stage: Week 4,2025-08-02,Bind,3,Wolves Esports,Nova Esports,10,13,Lysoar,37489,viper,0.92,183.0,15.0,15.0,1.0,70.0,116.0,27.0,2.0,3.0,3,True
506957,223218,2499,VCT 2025: China Stage 2,Group Stage: Week 4,2025-08-02,Bind,3,Wolves Esports,Nova Esports,10,13,Juicy,7426,yoru,0.85,154.0,14.0,16.0,2.0,57.0,97.0,18.0,3.0,3.0,3,True
506957,223218,2499,VCT 2025: China Stage 2,Group Stage: Week 4,2025-08-02,Bind,3,Wolves Esports,Nova Esports,10,13,Spring,14125,raze,0.84,180.0,15.0,18.0,3.0,61.0,133.0,28.0,0.0,6.0,3,True
506957,223218,2499,VCT 2025: China Stage 2,Group Stage: Week 4,2025-08-02,Bind,3,Wolves Esports,Nova Esports,10,13,Yuicaw,11218,brimstone,0.79,153.0,10.0,18.0,14.0,83.0,97.0,48.0,1.0,1.0,3,True
506957,223218,2499,VCT 2025: China Stage 2,Group Stage: Week 4,2025-08-02,Bind,3,Wolves Esports,Nova Esports,10,13,SiuFatBB,7849,fade,0.73,168.0,12.0,18.0,6.0,70.0,102.0,33.0,3.0,1.0,3,True
506958,223219,2499,VCT 2025: China Stage 2,Group Stage: Week 4,2025-08-02,Ascent,1,Dragon Ranger Gaming,Xi Lai Gaming,13,6,vo0kashu,3741,vyse,1.79,307.0,20.0,10.0,7.0,95.0,206.0,54.0,4.0,0.0,3,True
506958,223219,2499,VCT 2025: China Stage 2,Group Stage: Week 4,2025-08-02,Ascent,1,Dragon Ranger Gaming,Xi Lai Gaming,13,6,SpiritZ1,31753,yoru,1.28,248.0,17.0,12.0,8.0,84.0,175.0,34.0,4.0,2.0,3,True
506958,223219,2499,VCT 2025: China Stage 2,Group Stage: Week 4,2025-08-02,Ascent,1,Dragon Ranger Gaming,Xi Lai Gaming,13,6,Akeman,52904,clove,1.11,220.0,16.0,13.0,2.0,68.0,136.0,29.0,2.0,0.0,3,True
506958,223219,2499,VCT 2025: China Stage 2,Group Stage: Week 4,2025-08-02,Ascent,1,Dragon Ranger Gaming,Xi Lai Gaming,13,6,Nicc,11524,fade,1.08,167.0,12.0,11.0,11.0,84.0,106.0,29.0,2.0,1.0,3,True
506958,223219,2499,VCT 2025: China Stage 2,Group Stage: Week 4,2025-08-02,Ascent,1,Dragon Ranger Gaming,Xi Lai Gaming,13,6,Flex1n,4705,omen,1.01,182.0,11.0,11.0,14.0,89.0,117.0,25.0,2.0,2.0,3,True
506958,223219,2499,VCT 2025: China Stage 2,Group Stage: Week 4,2025-08-02,Ascent,1,Xi Lai Gaming,Dragon Ranger Gaming,6,13,Viva,36415,sova,1.2,219.0,15.0,14.0,2.0,68.0,161.0,32.0,1.0,2.0,3,True
506958,223219,2499,VCT 2025: China Stage 2,Group Stage: Week 4,2025-08-02,Ascent,1,Xi Lai Gaming,Dragon Ranger Gaming,6,13,coconut,12365,omen,0.98,164.0,10.0,12.0,10.0,74.0,103.0,32.0,0.0,3.0,3,True
506958,223219,2499,VCT 2025: China Stage 2,Group Stage: Week 4,2025-08-02,Ascent,1,Xi Lai Gaming,Dragon Ranger Gaming,6,13,happywei,37927,vyse,0.79,223.0,14.0,17.0,6.0,74.0,144.0,38.0,1.0,3.0,3,True
506958,223219,2499,VCT 2025: China Stage 2,Group Stage: Week 4,2025-08-02,Ascent,1,Xi Lai Gaming,Dragon Ranger Gaming,6,13,NoMan,11527,chamber,0.67,166.0,11.0,16.0,3.0,53.0,95.0,39.0,3.0,3.0,3,True
506958,223219,2499,VCT 2025: China Stage 2,Group Stage: Week 4,2025-08-02,Ascent,1,Xi Lai Gaming,Dragon Ranger Gaming,6,13,Rarga,22047,yoru,0.36,123.0,7.0,17.0,3.0,47.0,87.0,31.0,0.0,3.0,3,True
506958,223220,2499,VCT 2025: China Stage 2,Group Stage: Week 4,2025-08-02,Haven,2,Dragon Ranger Gaming,Xi Lai Gaming,4,13,vo0kashu,3741,cypher,0.97,219.0,14.0,15.0,1.0,71.0,138.0,48.0,2.0,0.0,3,True
506958,223220,2499,VCT 2025: China Stage 2,Group Stage: Week 4,2025-08-02,Haven,2,Dragon Ranger Gaming,Xi Lai Gaming,4,13,Nicc,11524,breach,0.61,109.0,7.0,15.0,3.0,59.0,75.0,36.0,0.0,0.0,3,True
506958,223220,2499,VCT 2025: China Stage 2,Group Stage: Week 4,2025-08-02,Haven,2,Dragon Ranger Gaming,Xi Lai Gaming,4,13,SpiritZ1,31753,yoru,0.6,164.0,7.0,16.0,5.0,65.0,121.0,29.0,3.0,2.0,3,True
506958,223220,2499,VCT 2025: China Stage 2,Group Stage: Week 4,2025-08-02,Haven,2,Dragon Ranger Gaming,Xi Lai Gaming,4,13,Flex1n,4705,omen,0.6,162.0,9.0,15.0,4.0,71.0,98.0,23.0,0.0,2.0,3,True
506958,223220,2499,VCT 2025: China Stage 2,Group Stage: Week 4,2025-08-02,Haven,2,Dragon Ranger Gaming,Xi Lai Gaming,4,13,Akeman,52904,neon,0.55,147.0,9.0,15.0,2.0,47.0,97.0,35.0,2.0,6.0,3,True
506958,223220,2499,VCT 2025: China Stage 2,Group Stage: Week 4,2025-08-02,Haven,2,Xi Lai Gaming,Dragon Ranger Gaming,13,4,Rarga,22047,neon,1.48,294.0,18.0,9.0,5.0,88.0,181.0,26.0,3.0,0.0,3,True
506958,223220,2499,VCT 2025: China Stage 2,Group Stage: Week 4,2025-08-02,Haven,2,Xi Lai Gaming,Dragon Ranger Gaming,13,4,Viva,36415,sova,1.46,215.0,15.0,7.0,4.0,94.0,129.0,18.0,2.0,0.0,3,True
506958,223220,2499,VCT 2025: China Stage 2,Group Stage: Week 4,2025-08-02,Haven,2,Xi Lai Gaming,Dragon Ranger Gaming,13,4,NoMan,11527,killjoy,1.4,263.0,18.0,9.0,1.0,71.0,157.0,38.0,1.0,3.0,3,True
506958,223220,2499,VCT 2025: China Stage 2,Group Stage: Week 4,2025-08-02,Haven,2,Xi Lai Gaming,Dragon Ranger Gaming,13,4,happywei,37927,viper,1.17,249.0,14.0,12.0,10.0,88.0,172.0,20.0,4.0,4.0,3,True
506958,223220,2499,VCT 2025: China Stage 2,Group Stage: Week 4,2025-08-02,Haven,2,Xi Lai Gaming,Dragon Ranger Gaming,13,4,coconut,12365,omen,1.08,174.0,11.0,9.0,10.0,88.0,111.0,30.0,0.0,0.0,3,True
506958,223221,2499,VCT 2025: China Stage 2,Group Stage: Week 4,2025-08-02,Lotus,3,Dragon Ranger Gaming,Xi Lai Gaming,13,6,Nicc,11524,breach,1.37,224.0,14.0,12.0,12.0,74.0,164.0,29.0,0.0,1.0,3,True
506958,223221,2499,VCT 2025: China Stage 2,Group Stage: Week 4,2025-08-02,Lotus,3,Dragon Ranger Gaming,Xi Lai Gaming,13,6,SpiritZ1,31753,yoru,1.26,255.0,16.0,12.0,7.0,79.0,160.0,28.0,4.0,2.0,3,True
506958,223221,2499,VCT 2025: China Stage 2,Group Stage: Week 4,2025-08-02,Lotus,3,Dragon Ranger Gaming,Xi Lai Gaming,13,6,Akeman,52904,neon,1.2,308.0,19.0,15.0,11.0,79.0,186.0,30.0,4.0,3.0,3,True
506958,223221,2499,VCT 2025: China Stage 2,Group Stage: Week 4,2025-08-02,Lotus,3,Dragon Ranger Gaming,Xi Lai Gaming,13,6,vo0kashu,3741,cypher,1.18,169.0,14.0,11.0,2.0,84.0,120.0,28.0,0.0,0.0,3,True
506958,223221,2499,VCT 2025: China Stage 2,Group Stage: Week 4,2025-08-02,Lotus,3,Dragon Ranger Gaming,Xi Lai Gaming,13,6,Flex1n,4705,omen,1.17,204.0,15.0,12.0,12.0,79.0,126.0,29.0,2.0,3.0,3,True
506958,223221,2499,VCT 2025: China Stage 2,Group Stage: Week 4,2025-08-02,Lotus,3,Xi Lai Gaming,Dragon Ranger Gaming,6,13,happywei,37927,viper,1.27,310.0,20.0,16.0,8.0,74.0,190.0,39.0,1.0,1.0,3,True
506958,223221,2499,VCT 2025: China Stage 2,Group Stage: Week 4,2025-08-02,Lotus,3,Xi Lai Gaming,Dragon Ranger Gaming,6,13,Rarga,22047,yoru,1.0,234.0,16.0,16.0,5.0,47.0,144.0,29.0,5.0,5.0,3,True
506958,223221,2499,VCT 2025: China Stage 2,Group Stage: Week 4,2025-08-02,Lotus,3,Xi Lai Gaming,Dragon Ranger Gaming,6,13,coconut,12365,omen,0.75,145.0,10.0,15.0,8.0,68.0,86.0,21.0,0.0,0.0,3,True
506958,223221,2499,VCT 2025: China Stage 2,Group Stage: Week 4,2025-08-02,Lotus,3,Xi Lai Gaming,Dragon Ranger Gaming,6,13,NoMan,11527,raze,0.71,179.0,10.0,16.0,3.0,68.0,142.0,33.0,3.0,4.0,3,True
506958,223221,2499,VCT 2025: China Stage 2,Group Stage: Week 4,2025-08-02,Lotus,3,Xi Lai Gaming,Dragon Ranger Gaming,6,13,Viva,36415,fade,0.49,96.0,6.0,15.0,7.0,74.0,64.0,26.0,0.0,0.0,3,True
506959,223222,2499,VCT 2025: China Stage 2,Group Stage: Week 4,2025-08-03,Haven,1,TYLOO,JD Mall JDG Esports (JD Gaming),7,13,sword9,3049,omen,1.25,193.0,14.0,12.0,4.0,65.0,138.0,34.0,1.0,2.0,3,True
506959,223222,2499,VCT 2025: China Stage 2,Group Stage: Week 4,2025-08-03,Haven,1,TYLOO,JD Mall JDG Esports (JD Gaming),7,13,slowly,41739,yoru,1.14,252.0,17.0,16.0,5.0,60.0,146.0,26.0,4.0,3.0,3,True
506959,223222,2499,VCT 2025: China Stage 2,Group Stage: Week 4,2025-08-03,Haven,1,TYLOO,JD Mall JDG Esports (JD Gaming),7,13,Ninebody,3547,cypher,0.79,135.0,9.0,13.0,5.0,65.0,101.0,37.0,0.0,2.0,3,True
506959,223222,2499,VCT 2025: China Stage 2,Group Stage: Week 4,2025-08-03,Haven,1,TYLOO,JD Mall JDG Esports (JD Gaming),7,13,Scales,39485,iso,0.73,200.0,14.0,16.0,1.0,55.0,122.0,39.0,0.0,6.0,3,True
506959,223222,2499,VCT 2025: China Stage 2,Group Stage: Week 4,2025-08-03,Haven,1,TYLOO,JD Mall JDG Esports (JD Gaming),7,13,Yoyo,11843,sova,0.48,89.0,5.0,15.0,4.0,55.0,57.0,7.0,1.0,1.0,3,True
506959,223222,2499,VCT 2025: China Stage 2,Group Stage: Week 4,2025-08-03,Haven,1,JD Mall JDG Esports (JD Gaming),TYLOO,13,7,stew,16924,neon,1.46,312.0,21.0,14.0,4.0,85.0,199.0,33.0,9.0,3.0,3,True
506959,223222,2499,VCT 2025: China Stage 2,Group Stage: Week 4,2025-08-03,Haven,1,JD Mall JDG Esports (JD Gaming),TYLOO,13,7,Babyblue,15302,sova,1.18,179.0,14.0,11.0,5.0,80.0,113.0,25.0,3.0,0.0,3,True
506959,223222,2499,VCT 2025: China Stage 2,Group Stage: Week 4,2025-08-03,Haven,1,JD Mall JDG Esports (JD Gaming),TYLOO,13,7,jkuro,3519,viper,0.99,186.0,14.0,12.0,7.0,65.0,107.0,19.0,1.0,2.0,3,True
506959,223222,2499,VCT 2025: China Stage 2,Group Stage: Week 4,2025-08-03,Haven,1,JD Mall JDG Esports (JD Gaming),TYLOO,13,7,kklin,55828,killjoy,0.97,164.0,12.0,11.0,1.0,65.0,107.0,27.0,1.0,1.0,3,True
506959,223222,2499,VCT 2025: China Stage 2,Group Stage: Week 4,2025-08-03,Haven,1,JD Mall JDG Esports (JD Gaming),TYLOO,13,7,Z1yan,41029,omen,0.73,141.0,11.0,11.0,6.0,65.0,87.0,18.0,0.0,0.0,3,True
506959,223223,2499,VCT 2025: China Stage 2,Group Stage: Week 4,2025-08-03,Ascent,2,TYLOO,JD Mall JDG Esports (JD Gaming),13,5,slowly,41739,killjoy,1.66,314.0,21.0,10.0,2.0,83.0,205.0,34.0,4.0,1.0,3,True
506959,223223,2499,VCT 2025: China Stage 2,Group Stage: Week 4,2025-08-03,Ascent,2,TYLOO,JD Mall JDG Esports (JD Gaming),13,5,sword9,3049,sova,1.31,176.0,14.0,8.0,6.0,89.0,116.0,17.0,1.0,0.0,3,True
506959,223223,2499,VCT 2025: China Stage 2,Group Stage: Week 4,2025-08-03,Ascent,2,TYLOO,JD Mall JDG Esports (JD Gaming),13,5,Yoyo,11843,kayo,1.08,190.0,13.0,11.0,6.0,89.0,116.0,25.0,0.0,1.0,3,True
506959,223223,2499,VCT 2025: China Stage 2,Group Stage: Week 4,2025-08-03,Ascent,2,TYLOO,JD Mall JDG Esports (JD Gaming),13,5,Ninebody,3547,jett,1.03,247.0,16.0,13.0,3.0,67.0,148.0,22.0,5.0,4.0,3,True
506959,223223,2499,VCT 2025: China Stage 2,Group Stage: Week 4,2025-08-03,Ascent,2,TYLOO,JD Mall JDG Esports (JD Gaming),13,5,Scales,39485,omen,0.87,181.0,11.0,13.0,6.0,89.0,118.0,54.0,1.0,1.0,3,True
506959,223223,2499,VCT 2025: China Stage 2,Group Stage: Week 4,2025-08-03,Ascent,2,JD Mall JDG Esports (JD Gaming),TYLOO,5,13,stew,16924,yoru,1.28,342.0,20.0,17.0,2.0,78.0,216.0,53.0,4.0,3.0,3,True
506959,223223,2499,VCT 2025: China Stage 2,Group Stage: Week 4,2025-08-03,Ascent,2,JD Mall JDG Esports (JD Gaming),TYLOO,5,13,Z1yan,41029,chamber,0.81,167.0,10.0,14.0,2.0,67.0,110.0,33.0,1.0,1.0,3,True
506959,223223,2499,VCT 2025: China Stage 2,Group Stage: Week 4,2025-08-03,Ascent,2,JD Mall JDG Esports (JD Gaming),TYLOO,5,13,jkuro,3519,omen,0.66,134.0,9.0,14.0,5.0,56.0,85.0,23.0,1.0,3.0,3,True
506959,223223,2499,VCT 2025: China Stage 2,Group Stage: Week 4,2025-08-03,Ascent,2,JD Mall JDG Esports (JD Gaming),TYLOO,5,13,Babyblue,15302,sova,0.57,111.0,8.0,14.0,3.0,67.0,74.0,26.0,0.0,1.0,3,True
506959,223223,2499,VCT 2025: China Stage 2,Group Stage: Week 4,2025-08-03,Ascent,2,JD Mall JDG Esports (JD Gaming),TYLOO,5,13,kklin,55828,vyse,0.5,135.0,8.0,16.0,5.0,50.0,83.0,21.0,1.0,3.0,3,True
506959,223224,2499,VCT 2025: China Stage 2,Group Stage: Week 4,2025-08-03,Corrode,3,TYLOO,JD Mall JDG Esports (JD Gaming),13,6,slowly,41739,yoru,1.77,293.0,22.0,8.0,5.0,74.0,190.0,41.0,3.0,1.0,3,True
506959,223224,2499,VCT 2025: China Stage 2,Group Stage: Week 4,2025-08-03,Corrode,3,TYLOO,JD Mall JDG Esports (JD Gaming),13,6,Ninebody,3547,cypher,1.4,278.0,19.0,11.0,6.0,79.0,172.0,35.0,4.0,1.0,3,True
506959,223224,2499,VCT 2025: China Stage 2,Group Stage: Week 4,2025-08-03,Corrode,3,TYLOO,JD Mall JDG Esports (JD Gaming),13,6,Scales,39485,viper,1.36,228.0,15.0,10.0,5.0,79.0,148.0,47.0,1.0,2.0,3,True
506959,223224,2499,VCT 2025: China Stage 2,Group Stage: Week 4,2025-08-03,Corrode,3,TYLOO,JD Mall JDG Esports (JD Gaming),13,6,Yoyo,11843,fade,0.92,198.0,12.0,13.0,13.0,63.0,147.0,19.0,2.0,1.0,3,True
506959,223224,2499,VCT 2025: China Stage 2,Group Stage: Week 4,2025-08-03,Corrode,3,TYLOO,JD Mall JDG Esports (JD Gaming),13,6,sword9,3049,omen,0.87,162.0,12.0,11.0,3.0,74.0,85.0,26.0,0.0,4.0,3,True
506959,223224,2499,VCT 2025: China Stage 2,Group Stage: Week 4,2025-08-03,Corrode,3,JD Mall JDG Esports (JD Gaming),TYLOO,6,13,Babyblue,15302,fade,1.01,213.0,13.0,15.0,4.0,58.0,145.0,29.0,1.0,0.0,3,True
506959,223224,2499,VCT 2025: China Stage 2,Group Stage: Week 4,2025-08-03,Corrode,3,JD Mall JDG Esports (JD Gaming),TYLOO,6,13,stew,16924,yoru,0.81,206.0,13.0,18.0,5.0,68.0,137.0,50.0,6.0,4.0,3,True
506959,223224,2499,VCT 2025: China Stage 2,Group Stage: Week 4,2025-08-03,Corrode,3,JD Mall JDG Esports (JD Gaming),TYLOO,6,13,jkuro,3519,omen,0.79,174.0,11.0,16.0,7.0,63.0,104.0,29.0,0.0,2.0,3,True
506959,223224,2499,VCT 2025: China Stage 2,Group Stage: Week 4,2025-08-03,Corrode,3,JD Mall JDG Esports (JD Gaming),TYLOO,6,13,Z1yan,41029,waylay,0.71,182.0,13.0,16.0,2.0,58.0,102.0,57.0,2.0,4.0,3,True
506959,223224,2499,VCT 2025: China Stage 2,Group Stage: Week 4,2025-08-03,Corrode,3,JD Mall JDG Esports (JD Gaming),TYLOO,6,13,kklin,55828,viper,0.37,72.0,3.0,15.0,3.0,37.0,58.0,14.0,0.0,0.0,3,True
506960,223225,2499,VCT 2025: China Stage 2,Group Stage: Week 4,2025-08-03,Lotus,1,Guangzhou Huadu Bilibili Gaming (Bilibili Gaming),EDward Gaming,13,6,whzy,4885,raze,1.73,291.0,21.0,9.0,7.0,84.0,186.0,16.0,5.0,0.0,3,True
506960,223225,2499,VCT 2025: China Stage 2,Group Stage: Week 4,2025-08-03,Lotus,1,Guangzhou Huadu Bilibili Gaming (Bilibili Gaming),EDward Gaming,13,6,Levius,40845,vyse,1.41,203.0,14.0,8.0,11.0,95.0,125.0,23.0,2.0,0.0,3,True
506960,223225,2499,VCT 2025: China Stage 2,Group Stage: Week 4,2025-08-03,Lotus,1,Guangzhou Huadu Bilibili Gaming (Bilibili Gaming),EDward Gaming,13,6,nephh,10698,omen,1.31,214.0,14.0,9.0,10.0,89.0,130.0,20.0,1.0,3.0,3,True
506960,223225,2499,VCT 2025: China Stage 2,Group Stage: Week 4,2025-08-03,Lotus,1,Guangzhou Huadu Bilibili Gaming (Bilibili Gaming),EDward Gaming,13,6,rushia,48878,viper,1.14,267.0,18.0,16.0,8.0,89.0,183.0,20.0,2.0,3.0,3,True
506960,223225,2499,VCT 2025: China Stage 2,Group Stage: Week 4,2025-08-03,Lotus,1,Guangzhou Huadu Bilibili Gaming (Bilibili Gaming),EDward Gaming,13,6,Knight,4774,fade,1.14,205.0,15.0,12.0,4.0,74.0,128.0,30.0,2.0,1.0,3,True
506960,223225,2499,VCT 2025: China Stage 2,Group Stage: Week 4,2025-08-03,Lotus,1,EDward Gaming,Guangzhou Huadu Bilibili Gaming (Bilibili Gaming),6,13,Smoggy,4742,fade,0.73,183.0,11.0,17.0,5.0,68.0,116.0,29.0,0.0,0.0,3,True
506960,223225,2499,VCT 2025: China Stage 2,Group Stage: Week 4,2025-08-03,Lotus,1,EDward Gaming,Guangzhou Huadu Bilibili Gaming (Bilibili Gaming),6,13,CHICHOO,15559,vyse,0.68,169.0,11.0,16.0,1.0,58.0,114.0,32.0,1.0,3.0,3,True
506960,223225,2499,VCT 2025: China Stage 2,Group Stage: Week 4,2025-08-03,Lotus,1,EDward Gaming,Guangzhou Huadu Bilibili Gaming (Bilibili Gaming),6,13,nobody,3017,yoru,0.68,179.0,12.0,17.0,3.0,53.0,126.0,47.0,2.0,3.0,3,True
506960,223225,2499,VCT 2025: China Stage 2,Group Stage: Week 4,2025-08-03,Lotus,1,EDward Gaming,Guangzhou Huadu Bilibili Gaming (Bilibili Gaming),6,13,ZmjjKK,3520,raze,0.65,158.0,11.0,16.0,2.0,68.0,123.0,22.0,2.0,5.0,3,True
506960,223225,2499,VCT 2025: China Stage 2,Group Stage: Week 4,2025-08-03,Lotus,1,EDward Gaming,Guangzhou Huadu Bilibili Gaming (Bilibili Gaming),6,13,Jieni7,51244,omen,0.61,144.0,9.0,16.0,5.0,47.0,100.0,44.0,2.0,1.0,3,True
506960,223226,2499,VCT 2025: China Stage 2,Group Stage: Week 4,2025-08-03,Sunset,2,Guangzhou Huadu Bilibili Gaming (Bilibili Gaming),EDward Gaming,15,13,whzy,4885,neon,1.26,295.0,30.0,22.0,5.0,61.0,191.0,26.0,6.0,9.0,3,True
506960,223226,2499,VCT 2025: China Stage 2,Group Stage: Week 4,2025-08-03,Sunset,2,Guangzhou Huadu Bilibili Gaming (Bilibili Gaming),EDward Gaming,15,13,nephh,10698,kayo,1.11,186.0,17.0,19.0,16.0,75.0,121.0,21.0,2.0,1.0,3,True
506960,223226,2499,VCT 2025: China Stage 2,Group Stage: Week 4,2025-08-03,Sunset,2,Guangzhou Huadu Bilibili Gaming (Bilibili Gaming),EDward Gaming,15,13,rushia,48878,omen,0.9,159.0,14.0,20.0,13.0,61.0,105.0,17.0,3.0,2.0,3,True
506960,223226,2499,VCT 2025: China Stage 2,Group Stage: Week 4,2025-08-03,Sunset,2,Guangzhou Huadu Bilibili Gaming (Bilibili Gaming),EDward Gaming,15,13,Levius,40845,cypher,0.9,170.0,17.0,20.0,8.0,71.0,122.0,19.0,0.0,2.0,3,True
506960,223226,2499,VCT 2025: China Stage 2,Group Stage: Week 4,2025-08-03,Sunset,2,Guangzhou Huadu Bilibili Gaming (Bilibili Gaming),EDward Gaming,15,13,Knight,4774,sova,0.64,131.0,12.0,21.0,6.0,57.0,90.0,35.0,1.0,2.0,3,True
506960,223226,2499,VCT 2025: China Stage 2,Group Stage: Week 4,2025-08-03,Sunset,2,EDward Gaming,Guangzhou Huadu Bilibili Gaming (Bilibili Gaming),13,15,ZmjjKK,3520,neon,1.45,310.0,31.0,19.0,4.0,79.0,179.0,22.0,6.0,5.0,3,True
506960,223226,2499,VCT 2025: China Stage 2,Group Stage: Week 4,2025-08-03,Sunset,2,EDward Gaming,Guangzhou Huadu Bilibili Gaming (Bilibili Gaming),13,15,nobody,3017,sova,1.21,230.0,22.0,16.0,6.0,71.0,151.0,50.0,4.0,2.0,3,True
506960,223226,2499,VCT 2025: China Stage 2,Group Stage: Week 4,2025-08-03,Sunset,2,EDward Gaming,Guangzhou Huadu Bilibili Gaming (Bilibili Gaming),13,15,Smoggy,4742,omen,1.04,166.0,17.0,17.0,8.0,79.0,110.0,27.0,1.0,1.0,3,True
506960,223226,2499,VCT 2025: China Stage 2,Group Stage: Week 4,2025-08-03,Sunset,2,EDward Gaming,Guangzhou Huadu Bilibili Gaming (Bilibili Gaming),13,15,Jieni7,51244,breach,0.95,192.0,19.0,18.0,11.0,75.0,123.0,34.0,3.0,1.0,3,True
506960,223226,2499,VCT 2025: China Stage 2,Group Stage: Week 4,2025-08-03,Sunset,2,EDward Gaming,Guangzhou Huadu Bilibili Gaming (Bilibili Gaming),13,15,CHICHOO,15559,cypher,0.61,136.0,13.0,20.0,4.0,71.0,98.0,28.0,2.0,3.0,3,True
527577,230555,2499,VCT 2025: China Stage 2,Playoffs: Upper Quarterfinals,2025-08-09,Lotus,1,All Gamers,TYLOO,3,13,Shr1mp,25494,fade,1.62,277.0,16.0,11.0,4.0,75.0,173.0,40.0,1.0,0.0,3,True
527577,230555,2499,VCT 2025: China Stage 2,Playoffs: Upper Quarterfinals,2025-08-09,Lotus,1,All Gamers,TYLOO,3,13,HanChe,42537,viper,0.67,128.0,6.0,13.0,7.0,69.0,101.0,25.0,1.0,1.0,3,True
527577,230555,2499,VCT 2025: China Stage 2,Playoffs: Upper Quarterfinals,2025-08-09,Lotus,1,All Gamers,TYLOO,3,13,deLb,10821,omen,0.57,139.0,8.0,13.0,4.0,69.0,83.0,32.0,0.0,1.0,3,True
527577,230555,2499,VCT 2025: China Stage 2,Playoffs: Upper Quarterfinals,2025-08-09,Lotus,1,All Gamers,TYLOO,3,13,Spitfires,4881,yoru,0.57,121.0,7.0,13.0,0.0,44.0,78.0,21.0,0.0,3.0,3,True
527577,230555,2499,VCT 2025: China Stage 2,Playoffs: Upper Quarterfinals,2025-08-09,Lotus,1,All Gamers,TYLOO,3,13,K1ra,46748,raze,0.25,128.0,6.0,15.0,4.0,56.0,93.0,19.0,1.0,8.0,3,True
527577,230555,2499,VCT 2025: China Stage 2,Playoffs: Upper Quarterfinals,2025-08-09,Lotus,1,TYLOO,All Gamers,13,3,slowly,41739,omen,1.64,247.0,15.0,5.0,2.0,88.0,152.0,47.0,2.0,0.0,3,True
527577,230555,2499,VCT 2025: China Stage 2,Playoffs: Upper Quarterfinals,2025-08-09,Lotus,1,TYLOO,All Gamers,13,3,Yoyo,11843,raze,1.24,297.0,16.0,12.0,4.0,94.0,206.0,25.0,2.0,0.0,3,True
527577,230555,2499,VCT 2025: China Stage 2,Playoffs: Upper Quarterfinals,2025-08-09,Lotus,1,TYLOO,All Gamers,13,3,Scales,39485,viper,1.21,255.0,14.0,10.0,3.0,75.0,161.0,26.0,6.0,1.0,3,True
527577,230555,2499,VCT 2025: China Stage 2,Playoffs: Upper Quarterfinals,2025-08-09,Lotus,1,TYLOO,All Gamers,13,3,Ninebody,3547,vyse,1.17,202.0,12.0,9.0,3.0,81.0,135.0,37.0,2.0,1.0,3,True
527577,230555,2499,VCT 2025: China Stage 2,Playoffs: Upper Quarterfinals,2025-08-09,Lotus,1,TYLOO,All Gamers,13,3,sword9,3049,fade,1.0,119.0,8.0,7.0,8.0,94.0,83.0,14.0,1.0,1.0,3,True
527577,230556,2499,VCT 2025: China Stage 2,Playoffs: Upper Quarterfinals,2025-08-09,Icebox,2,All Gamers,TYLOO,11,13,Spitfires,4881,jett,1.52,309.0,27.0,17.0,5.0,75.0,192.0,25.0,7.0,6.0,3,True
527577,230556,2499,VCT 2025: China Stage 2,Playoffs: Upper Quarterfinals,2025-08-09,Icebox,2,All Gamers,TYLOO,11,13,HanChe,42537,killjoy,0.99,204.0,17.0,17.0,1.0,63.0,148.0,31.0,2.0,2.0,3,True
527577,230556,2499,VCT 2025: China Stage 2,Playoffs: Upper Quarterfinals,2025-08-09,Icebox,2,All Gamers,TYLOO,11,13,deLb,10821,omen,0.84,166.0,14.0,18.0,13.0,83.0,119.0,27.0,2.0,2.0,3,True
527577,230556,2499,VCT 2025: China Stage 2,Playoffs: Upper Quarterfinals,2025-08-09,Icebox,2,All Gamers,TYLOO,11,13,K1ra,46748,viper,0.79,179.0,13.0,19.0,7.0,79.0,130.0,39.0,0.0,2.0,3,True
527577,230556,2499,VCT 2025: China Stage 2,Playoffs: Upper Quarterfinals,2025-08-09,Icebox,2,All Gamers,TYLOO,11,13,Shr1mp,25494,sova,0.7,152.0,11.0,18.0,10.0,63.0,109.0,26.0,1.0,0.0,3,True
527577,230556,2499,VCT 2025: China Stage 2,Playoffs: Upper Quarterfinals,2025-08-09,Icebox,2,TYLOO,All Gamers,13,11,Yoyo,11843,viper,1.32,243.0,21.0,14.0,8.0,79.0,162.0,33.0,2.0,2.0,3,True
527577,230556,2499,VCT 2025: China Stage 2,Playoffs: Upper Quarterfinals,2025-08-09,Icebox,2,TYLOO,All Gamers,13,11,Ninebody,3547,killjoy,1.2,237.0,20.0,17.0,4.0,75.0,158.0,43.0,3.0,1.0,3,True
527577,230556,2499,VCT 2025: China Stage 2,Playoffs: Upper Quarterfinals,2025-08-09,Icebox,2,TYLOO,All Gamers,13,11,slowly,41739,jett,1.06,248.0,21.0,17.0,3.0,54.0,154.0,27.0,4.0,8.0,3,True
527577,230556,2499,VCT 2025: China Stage 2,Playoffs: Upper Quarterfinals,2025-08-09,Icebox,2,TYLOO,All Gamers,13,11,Scales,39485,sova,0.86,194.0,16.0,18.0,3.0,67.0,114.0,22.0,2.0,0.0,3,True
527577,230556,2499,VCT 2025: China Stage 2,Playoffs: Upper Quarterfinals,2025-08-09,Icebox,2,TYLOO,All Gamers,13,11,sword9,3049,omen,0.82,129.0,11.0,16.0,8.0,79.0,94.0,32.0,1.0,1.0,3,True
527576,230552,2499,VCT 2025: China Stage 2,Playoffs: Upper Quarterfinals,2025-08-09,Lotus,1,EDward Gaming,Dragon Ranger Gaming,12,14,ZmjjKK,3520,raze,1.5,327.0,28.0,20.0,8.0,85.0,208.0,24.0,8.0,5.0,3,True
527576,230552,2499,VCT 2025: China Stage 2,Playoffs: Upper Quarterfinals,2025-08-09,Lotus,1,EDward Gaming,Dragon Ranger Gaming,12,14,Jieni7,51244,omen,1.43,243.0,23.0,18.0,9.0,81.0,153.0,36.0,2.0,0.0,3,True
527576,230552,2499,VCT 2025: China Stage 2,Playoffs: Upper Quarterfinals,2025-08-09,Lotus,1,EDward Gaming,Dragon Ranger Gaming,12,14,CHICHOO,15559,vyse,1.03,186.0,18.0,18.0,5.0,73.0,130.0,39.0,1.0,2.0,3,True
527576,230552,2499,VCT 2025: China Stage 2,Playoffs: Upper Quarterfinals,2025-08-09,Lotus,1,EDward Gaming,Dragon Ranger Gaming,12,14,Smoggy,4742,fade,0.85,155.0,16.0,20.0,10.0,69.0,106.0,38.0,1.0,0.0,3,True
527576,230552,2499,VCT 2025: China Stage 2,Playoffs: Upper Quarterfinals,2025-08-09,Lotus,1,EDward Gaming,Dragon Ranger Gaming,12,14,nobody,3017,yoru,0.45,129.0,9.0,22.0,9.0,77.0,86.0,31.0,2.0,5.0,3,True
527576,230552,2499,VCT 2025: China Stage 2,Playoffs: Upper Quarterfinals,2025-08-09,Lotus,1,Dragon Ranger Gaming,EDward Gaming,14,12,SpiritZ1,31753,yoru,1.2,266.0,25.0,18.0,9.0,73.0,167.0,42.0,5.0,4.0,3,True
527576,230552,2499,VCT 2025: China Stage 2,Playoffs: Upper Quarterfinals,2025-08-09,Lotus,1,Dragon Ranger Gaming,EDward Gaming,14,12,Nicc,11524,breach,1.13,229.0,20.0,18.0,12.0,85.0,159.0,48.0,1.0,0.0,3,True
527576,230552,2499,VCT 2025: China Stage 2,Playoffs: Upper Quarterfinals,2025-08-09,Lotus,1,Dragon Ranger Gaming,EDward Gaming,14,12,Flex1n,4705,omen,0.99,215.0,20.0,20.0,11.0,73.0,130.0,46.0,1.0,3.0,3,True
527576,230552,2499,VCT 2025: China Stage 2,Playoffs: Upper Quarterfinals,2025-08-09,Lotus,1,Dragon Ranger Gaming,EDward Gaming,14,12,Akeman,52904,neon,0.9,243.0,21.0,22.0,6.0,81.0,173.0,31.0,5.0,5.0,3,True
527576,230552,2499,VCT 2025: China Stage 2,Playoffs: Upper Quarterfinals,2025-08-09,Lotus,1,Dragon Ranger Gaming,EDward Gaming,14,12,vo0kashu,3741,cypher,0.8,129.0,12.0,16.0,9.0,77.0,91.0,40.0,0.0,2.0,3,True
527576,230553,2499,VCT 2025: China Stage 2,Playoffs: Upper Quarterfinals,2025-08-09,Corrode,2,EDward Gaming,Dragon Ranger Gaming,10,13,Smoggy,4742,fade,1.35,253.0,24.0,14.0,14.0,91.0,139.0,19.0,5.0,1.0,3,True
527576,230553,2499,VCT 2025: China Stage 2,Playoffs: Upper Quarterfinals,2025-08-09,Corrode,2,EDward Gaming,Dragon Ranger Gaming,10,13,ZmjjKK,3520,neon,1.32,316.0,24.0,19.0,9.0,87.0,202.0,35.0,4.0,2.0,3,True
527576,230553,2499,VCT 2025: China Stage 2,Playoffs: Upper Quarterfinals,2025-08-09,Corrode,2,EDward Gaming,Dragon Ranger Gaming,10,13,CHICHOO,15559,viper,1.14,209.0,18.0,15.0,9.0,70.0,146.0,35.0,0.0,1.0,3,True
527576,230553,2499,VCT 2025: China Stage 2,Playoffs: Upper Quarterfinals,2025-08-09,Corrode,2,EDward Gaming,Dragon Ranger Gaming,10,13,Jieni7,51244,omen,0.87,151.0,12.0,16.0,11.0,87.0,89.0,38.0,3.0,0.0,3,True
527576,230553,2499,VCT 2025: China Stage 2,Playoffs: Upper Quarterfinals,2025-08-09,Corrode,2,EDward Gaming,Dragon Ranger Gaming,10,13,nobody,3017,yoru,0.38,117.0,8.0,19.0,8.0,74.0,89.0,24.0,3.0,4.0,3,True
527576,230553,2499,VCT 2025: China Stage 2,Playoffs: Upper Quarterfinals,2025-08-09,Corrode,2,Dragon Ranger Gaming,EDward Gaming,13,10,SpiritZ1,31753,yoru,1.7,331.0,27.0,16.0,4.0,70.0,213.0,35.0,2.0,5.0,3,True
527576,230553,2499,VCT 2025: China Stage 2,Playoffs: Upper Quarterfinals,2025-08-09,Corrode,2,Dragon Ranger Gaming,EDward Gaming,13,10,Flex1n,4705,omen,1.3,260.0,21.0,16.0,12.0,96.0,152.0,38.0,2.0,1.0,3,True
527576,230553,2499,VCT 2025: China Stage 2,Playoffs: Upper Quarterfinals,2025-08-09,Corrode,2,Dragon Ranger Gaming,EDward Gaming,13,10,Nicc,11524,gekko,0.99,186.0,15.0,18.0,4.0,78.0,121.0,33.0,3.0,1.0,3,True
527576,230553,2499,VCT 2025: China Stage 2,Playoffs: Upper Quarterfinals,2025-08-09,Corrode,2,Dragon Ranger Gaming,EDward Gaming,13,10,vo0kashu,3741,cypher,0.68,141.0,11.0,17.0,6.0,65.0,94.0,50.0,1.0,3.0,3,True
527576,230553,2499,VCT 2025: China Stage 2,Playoffs: Upper Quarterfinals,2025-08-09,Corrode,2,Dragon Ranger Gaming,EDward Gaming,13,10,Akeman,52904,clove,0.54,124.0,9.0,19.0,11.0,61.0,81.0,19.0,0.0,5.0,3,True
527584,230578,2499,VCT 2025: China Stage 2,Playoffs: Lower Round 1,2025-08-10,Sunset,1,All Gamers,FunPlus Phoenix,13,10,Spitfires,4881,neon,1.38,344.0,28.0,16.0,8.0,83.0,219.0,22.0,6.0,4.0,3,True
527584,230578,2499,VCT 2025: China Stage 2,Playoffs: Lower Round 1,2025-08-10,Sunset,1,All Gamers,FunPlus Phoenix,13,10,Shr1mp,25494,sova,1.25,215.0,18.0,12.0,5.0,83.0,134.0,22.0,1.0,0.0,3,True
527584,230578,2499,VCT 2025: China Stage 2,Playoffs: Lower Round 1,2025-08-10,Sunset,1,All Gamers,FunPlus Phoenix,13,10,HanChe,42537,viper,1.03,202.0,16.0,14.0,6.0,74.0,135.0,28.0,4.0,4.0,3,True
527584,230578,2499,VCT 2025: China Stage 2,Playoffs: Lower Round 1,2025-08-10,Sunset,1,All Gamers,FunPlus Phoenix,13,10,K1ra,46748,omen,0.77,111.0,10.0,12.0,8.0,78.0,78.0,69.0,0.0,0.0,3,True
527584,230578,2499,VCT 2025: China Stage 2,Playoffs: Lower Round 1,2025-08-10,Sunset,1,All Gamers,FunPlus Phoenix,13,10,deLb,10821,deadlock,0.61,140.0,12.0,17.0,6.0,96.0,74.0,38.0,3.0,1.0,3,True
527584,230578,2499,VCT 2025: China Stage 2,Playoffs: Lower Round 1,2025-08-10,Sunset,1,FunPlus Phoenix,All Gamers,10,13,Life,3028,jett,1.13,218.0,18.0,16.0,2.0,70.0,129.0,18.0,3.0,8.0,3,True
527584,230578,2499,VCT 2025: China Stage 2,Playoffs: Lower Round 1,2025-08-10,Sunset,1,FunPlus Phoenix,All Gamers,10,13,BerLIN,7857,omen,1.09,193.0,15.0,17.0,5.0,74.0,116.0,36.0,1.0,0.0,3,True
527584,230578,2499,VCT 2025: China Stage 2,Playoffs: Lower Round 1,2025-08-10,Sunset,1,FunPlus Phoenix,All Gamers,10,13,AAAAY,19530,sova,1.05,166.0,15.0,15.0,1.0,70.0,109.0,33.0,2.0,1.0,3,True
527584,230578,2499,VCT 2025: China Stage 2,Playoffs: Lower Round 1,2025-08-10,Sunset,1,FunPlus Phoenix,All Gamers,10,13,Autumn,872,yoru,0.91,200.0,16.0,17.0,4.0,65.0,129.0,37.0,2.0,3.0,3,True
527584,230578,2499,VCT 2025: China Stage 2,Playoffs: Lower Round 1,2025-08-10,Sunset,1,FunPlus Phoenix,All Gamers,10,13,yosemite,6022,cypher,0.54,103.0,7.0,19.0,6.0,70.0,69.0,26.0,1.0,2.0,3,True
527584,230579,2499,VCT 2025: China Stage 2,Playoffs: Lower Round 1,2025-08-10,Haven,2,All Gamers,FunPlus Phoenix,3,13,Shr1mp,25494,sova,0.94,179.0,10.0,12.0,2.0,69.0,132.0,34.0,1.0,3.0,3,True
527584,230579,2499,VCT 2025: China Stage 2,Playoffs: Lower Round 1,2025-08-10,Haven,2,All Gamers,FunPlus Phoenix,3,13,HanChe,42537,killjoy,0.73,147.0,7.0,12.0,4.0,56.0,103.0,30.0,1.0,2.0,3,True
527584,230579,2499,VCT 2025: China Stage 2,Playoffs: Lower Round 1,2025-08-10,Haven,2,All Gamers,FunPlus Phoenix,3,13,Spitfires,4881,neon,0.73,128.0,8.0,10.0,1.0,56.0,80.0,50.0,1.0,2.0,3,True
527584,230579,2499,VCT 2025: China Stage 2,Playoffs: Lower Round 1,2025-08-10,Haven,2,All Gamers,FunPlus Phoenix,3,13,K1ra,46748,viper,0.68,152.0,7.0,13.0,1.0,50.0,100.0,35.0,1.0,2.0,3,True
527584,230579,2499,VCT 2025: China Stage 2,Playoffs: Lower Round 1,2025-08-10,Haven,2,All Gamers,FunPlus Phoenix,3,13,deLb,10821,omen,0.65,115.0,6.0,10.0,5.0,69.0,77.0,23.0,0.0,3.0,3,True
527584,230579,2499,VCT 2025: China Stage 2,Playoffs: Lower Round 1,2025-08-10,Haven,2,FunPlus Phoenix,All Gamers,13,3,Life,3028,neon,1.42,286.0,17.0,10.0,4.0,81.0,174.0,52.0,5.0,3.0,3,True
527584,230579,2499,VCT 2025: China Stage 2,Playoffs: Lower Round 1,2025-08-10,Haven,2,FunPlus Phoenix,All Gamers,13,3,BerLIN,7857,omen,1.24,194.0,10.0,8.0,8.0,81.0,130.0,21.0,0.0,0.0,3,True
527584,230579,2499,VCT 2025: China Stage 2,Playoffs: Lower Round 1,2025-08-10,Haven,2,FunPlus Phoenix,All Gamers,13,3,AAAAY,19530,sova,1.22,180.0,11.0,7.0,3.0,100.0,145.0,45.0,2.0,0.0,3,True
527584,230579,2499,VCT 2025: China Stage 2,Playoffs: Lower Round 1,2025-08-10,Haven,2,FunPlus Phoenix,All Gamers,13,3,yosemite,6022,viper,1.18,170.0,9.0,7.0,6.0,88.0,115.0,44.0,3.0,0.0,3,True
527584,230579,2499,VCT 2025: China Stage 2,Playoffs: Lower Round 1,2025-08-10,Haven,2,FunPlus Phoenix,All Gamers,13,3,Autumn,872,killjoy,1.14,171.0,10.0,6.0,2.0,81.0,117.0,24.0,2.0,1.0,3,True
527584,230580,2499,VCT 2025: China Stage 2,Playoffs: Lower Round 1,2025-08-10,Icebox,3,All Gamers,FunPlus Phoenix,13,6,K1ra,46748,viper,1.53,270.0,19.0,11.0,12.0,79.0,166.0,36.0,1.0,2.0,3,True
527584,230580,2499,VCT 2025: China Stage 2,Playoffs: Lower Round 1,2025-08-10,Icebox,3,All Gamers,FunPlus Phoenix,13,6,Shr1mp,25494,sova,1.48,270.0,21.0,11.0,6.0,84.0,167.0,17.0,1.0,1.0,3,True
527584,230580,2499,VCT 2025: China Stage 2,Playoffs: Lower Round 1,2025-08-10,Icebox,3,All Gamers,FunPlus Phoenix,13,6,HanChe,42537,killjoy,1.06,208.0,14.0,12.0,2.0,84.0,154.0,36.0,1.0,0.0,3,True
527584,230580,2499,VCT 2025: China Stage 2,Playoffs: Lower Round 1,2025-08-10,Icebox,3,All Gamers,FunPlus Phoenix,13,6,Spitfires,4881,jett,1.06,251.0,17.0,14.0,2.0,84.0,163.0,24.0,6.0,1.0,3,True
527584,230580,2499,VCT 2025: China Stage 2,Playoffs: Lower Round 1,2025-08-10,Icebox,3,All Gamers,FunPlus Phoenix,13,6,deLb,10821,omen,0.69,189.0,13.0,14.0,6.0,79.0,118.0,56.0,5.0,1.0,3,True
527584,230580,2499,VCT 2025: China Stage 2,Playoffs: Lower Round 1,2025-08-10,Icebox,3,FunPlus Phoenix,All Gamers,6,13,yosemite,6022,viper,1.21,252.0,16.0,16.0,7.0,79.0,172.0,27.0,2.0,0.0,3,True
527584,230580,2499,VCT 2025: China Stage 2,Playoffs: Lower Round 1,2025-08-10,Icebox,3,FunPlus Phoenix,All Gamers,6,13,Autumn,872,killjoy,1.05,252.0,17.0,17.0,2.0,63.0,160.0,26.0,1.0,4.0,3,True
527584,230580,2499,VCT 2025: China Stage 2,Playoffs: Lower Round 1,2025-08-10,Icebox,3,FunPlus Phoenix,All Gamers,6,13,BerLIN,7857,omen,0.8,173.0,12.0,16.0,3.0,53.0,106.0,36.0,1.0,3.0,3,True
527584,230580,2499,VCT 2025: China Stage 2,Playoffs: Lower Round 1,2025-08-10,Icebox,3,FunPlus Phoenix,All Gamers,6,13,Life,3028,jett,0.74,159.0,11.0,17.0,4.0,68.0,116.0,36.0,0.0,6.0,3,True
527584,230580,2499,VCT 2025: China Stage 2,Playoffs: Lower Round 1,2025-08-10,Icebox,3,FunPlus Phoenix,All Gamers,6,13,AAAAY,19530,sova,0.32,103.0,6.0,18.0,4.0,58.0,66.0,25.0,1.0,1.0,3,True
527583,230575,2499,VCT 2025: China Stage 2,Playoffs: Lower Round 1,2025-08-10,Lotus,1,EDward Gaming,Trace Esports,7,13,CHICHOO,15559,vyse,1.47,251.0,18.0,12.0,2.0,65.0,165.0,26.0,3.0,1.0,3,True
527583,230575,2499,VCT 2025: China Stage 2,Playoffs: Lower Round 1,2025-08-10,Lotus,1,EDward Gaming,Trace Esports,7,13,ZmjjKK,3520,raze,1.1,261.0,17.0,15.0,3.0,60.0,159.0,16.0,2.0,4.0,3,True
527583,230575,2499,VCT 2025: China Stage 2,Playoffs: Lower Round 1,2025-08-10,Lotus,1,EDward Gaming,Trace Esports,7,13,Jieni7,51244,omen,0.84,187.0,13.0,15.0,5.0,70.0,110.0,28.0,1.0,0.0,3,True
527583,230575,2499,VCT 2025: China Stage 2,Playoffs: Lower Round 1,2025-08-10,Lotus,1,EDward Gaming,Trace Esports,7,13,nobody,3017,yoru,0.63,142.0,11.0,15.0,3.0,55.0,94.0,52.0,0.0,7.0,3,True
527583,230575,2499,VCT 2025: China Stage 2,Playoffs: Lower Round 1,2025-08-10,Lotus,1,EDward Gaming,Trace Esports,7,13,Smoggy,4742,fade,0.61,107.0,8.0,15.0,3.0,60.0,69.0,25.0,1.0,1.0,3,True
527583,230575,2499,VCT 2025: China Stage 2,Playoffs: Lower Round 1,2025-08-10,Lotus,1,Trace Esports,EDward Gaming,13,7,MarT1n,36668,viper,1.53,276.0,20.0,12.0,6.0,65.0,166.0,25.0,3.0,2.0,3,True
527583,230575,2499,VCT 2025: China Stage 2,Playoffs: Lower Round 1,2025-08-10,Lotus,1,Trace Esports,EDward Gaming,13,7,Biank,3021,fade,1.04,202.0,13.0,14.0,13.0,55.0,129.0,20.0,0.0,1.0,3,True
527583,230575,2499,VCT 2025: China Stage 2,Playoffs: Lower Round 1,2025-08-10,Lotus,1,Trace Esports,EDward Gaming,13,7,LuoK1ng,3045,omen,0.95,192.0,13.0,14.0,14.0,70.0,111.0,48.0,3.0,2.0,3,True
527583,230575,2499,VCT 2025: China Stage 2,Playoffs: Lower Round 1,2025-08-10,Lotus,1,Trace Esports,EDward Gaming,13,7,Kai,37494,killjoy,0.9,196.0,15.0,14.0,2.0,60.0,130.0,29.0,2.0,2.0,3,True
527583,230575,2499,VCT 2025: China Stage 2,Playoffs: Lower Round 1,2025-08-10,Lotus,1,Trace Esports,EDward Gaming,13,7,FengF,4770,raze,0.84,165.0,11.0,13.0,3.0,80.0,112.0,26.0,5.0,0.0,3,True
527583,230576,2499,VCT 2025: China Stage 2,Playoffs: Lower Round 1,2025-08-10,Sunset,2,EDward Gaming,Trace Esports,13,10,CHICHOO,15559,cypher,1.46,275.0,23.0,12.0,4.0,87.0,174.0,32.0,2.0,0.0,3,True
527583,230576,2499,VCT 2025: China Stage 2,Playoffs: Lower Round 1,2025-08-10,Sunset,2,EDward Gaming,Trace Esports,13,10,Jieni7,51244,breach,1.22,210.0,18.0,15.0,9.0,78.0,148.0,26.0,1.0,0.0,3,True
527583,230576,2499,VCT 2025: China Stage 2,Playoffs: Lower Round 1,2025-08-10,Sunset,2,EDward Gaming,Trace Esports,13,10,Smoggy,4742,omen,0.96,183.0,15.0,16.0,7.0,78.0,113.0,42.0,3.0,2.0,3,True
527583,230576,2499,VCT 2025: China Stage 2,Playoffs: Lower Round 1,2025-08-10,Sunset,2,EDward Gaming,Trace Esports,13,10,ZmjjKK,3520,neon,0.9,200.0,18.0,17.0,5.0,61.0,116.0,17.0,4.0,6.0,3,True
527583,230576,2499,VCT 2025: China Stage 2,Playoffs: Lower Round 1,2025-08-10,Sunset,2,EDward Gaming,Trace Esports,13,10,nobody,3017,sova,0.66,118.0,9.0,16.0,7.0,57.0,90.0,35.0,2.0,3.0,3,True
527583,230576,2499,VCT 2025: China Stage 2,Playoffs: Lower Round 1,2025-08-10,Sunset,2,Trace Esports,EDward Gaming,10,13,Biank,3021,sova,1.11,222.0,17.0,16.0,7.0,70.0,149.0,19.0,2.0,1.0,3,True
527583,230576,2499,VCT 2025: China Stage 2,Playoffs: Lower Round 1,2025-08-10,Sunset,2,Trace Esports,EDward Gaming,10,13,Kai,37494,neon,1.0,238.0,18.0,19.0,4.0,78.0,152.0,25.0,5.0,6.0,3,True
527583,230576,2499,VCT 2025: China Stage 2,Playoffs: Lower Round 1,2025-08-10,Sunset,2,Trace Esports,EDward Gaming,10,13,MarT1n,36668,deadlock,0.97,149.0,14.0,14.0,4.0,74.0,97.0,39.0,0.0,0.0,3,True
527583,230576,2499,VCT 2025: China Stage 2,Playoffs: Lower Round 1,2025-08-10,Sunset,2,Trace Esports,EDward Gaming,10,13,FengF,4770,cypher,0.85,164.0,12.0,17.0,8.0,74.0,106.0,26.0,1.0,2.0,3,True
527583,230576,2499,VCT 2025: China Stage 2,Playoffs: Lower Round 1,2025-08-10,Sunset,2,Trace Esports,EDward Gaming,10,13,LuoK1ng,3045,omen,0.8,178.0,15.0,17.0,6.0,61.0,107.0,29.0,3.0,3.0,3,True
527583,230577,2499,VCT 2025: China Stage 2,Playoffs: Lower Round 1,2025-08-10,Ascent,3,EDward Gaming,Trace Esports,13,11,nobody,3017,sova,1.61,309.0,26.0,13.0,8.0,71.0,203.0,36.0,3.0,1.0,3,True
527583,230577,2499,VCT 2025: China Stage 2,Playoffs: Lower Round 1,2025-08-10,Ascent,3,EDward Gaming,Trace Esports,13,11,Smoggy,4742,omen,1.06,219.0,19.0,16.0,8.0,75.0,143.0,36.0,1.0,1.0,3,True
527583,230577,2499,VCT 2025: China Stage 2,Playoffs: Lower Round 1,2025-08-10,Ascent,3,EDward Gaming,Trace Esports,13,11,Jieni7,51244,kayo,0.91,171.0,14.0,16.0,9.0,67.0,114.0,23.0,5.0,2.0,3,True
527583,230577,2499,VCT 2025: China Stage 2,Playoffs: Lower Round 1,2025-08-10,Ascent,3,EDward Gaming,Trace Esports,13,11,CHICHOO,15559,cypher,0.7,139.0,12.0,16.0,6.0,75.0,74.0,28.0,2.0,1.0,3,True
527583,230577,2499,VCT 2025: China Stage 2,Playoffs: Lower Round 1,2025-08-10,Ascent,3,EDward Gaming,Trace Esports,13,11,ZmjjKK,3520,jett,0.68,164.0,16.0,18.0,2.0,67.0,114.0,21.0,3.0,5.0,3,True
527583,230577,2499,VCT 2025: China Stage 2,Playoffs: Lower Round 1,2025-08-10,Ascent,3,Trace Esports,EDward Gaming,11,13,Kai,37494,yoru,1.36,267.0,24.0,17.0,7.0,71.0,158.0,18.0,2.0,5.0,3,True
527583,230577,2499,VCT 2025: China Stage 2,Playoffs: Lower Round 1,2025-08-10,Ascent,3,Trace Esports,EDward Gaming,11,13,FengF,4770,cypher,1.09,201.0,17.0,17.0,6.0,71.0,133.0,26.0,1.0,2.0,3,True
527583,230577,2499,VCT 2025: China Stage 2,Playoffs: Lower Round 1,2025-08-10,Ascent,3,Trace Esports,EDward Gaming,11,13,Biank,3021,sova,1.09,206.0,15.0,17.0,10.0,75.0,146.0,22.0,2.0,1.0,3,True
527583,230577,2499,VCT 2025: China Stage 2,Playoffs: Lower Round 1,2025-08-10,Ascent,3,Trace Esports,EDward Gaming,11,13,MarT1n,36668,deadlock,0.96,154.0,12.0,17.0,8.0,67.0,113.0,35.0,3.0,3.0,3,True
527583,230577,2499,VCT 2025: China Stage 2,Playoffs: Lower Round 1,2025-08-10,Ascent,3,Trace Esports,EDward Gaming,11,13,LuoK1ng,3045,omen,0.73,138.0,11.0,19.0,17.0,83.0,86.0,29.0,2.0,3.0,3,True
527580,230564,2499,VCT 2025: China Stage 2,Playoffs: Upper Semifinals,2025-08-20,Bind,1,Guangzhou Huadu Bilibili Gaming (Bilibili Gaming),TYLOO,13,7,whzy,4885,raze,1.67,346.0,24.0,13.0,5.0,80.0,245.0,30.0,2.0,2.0,3,True
527580,230564,2499,VCT 2025: China Stage 2,Playoffs: Upper Semifinals,2025-08-20,Bind,1,Guangzhou Huadu Bilibili Gaming (Bilibili Gaming),TYLOO,13,7,rushia,48878,brimstone,1.51,232.0,19.0,11.0,8.0,85.0,136.0,12.0,0.0,2.0,3,True
527580,230564,2499,VCT 2025: China Stage 2,Playoffs: Upper Semifinals,2025-08-20,Bind,1,Guangzhou Huadu Bilibili Gaming (Bilibili Gaming),TYLOO,13,7,Knight,4774,fade,1.08,213.0,17.0,12.0,5.0,70.0,125.0,27.0,2.0,0.0,3,True
527580,230564,2499,VCT 2025: China Stage 2,Playoffs: Upper Semifinals,2025-08-20,Bind,1,Guangzhou Huadu Bilibili Gaming (Bilibili Gaming),TYLOO,13,7,Levius,40845,viper,1.06,191.0,12.0,11.0,8.0,75.0,126.0,30.0,2.0,5.0,3,True
527580,230564,2499,VCT 2025: China Stage 2,Playoffs: Upper Semifinals,2025-08-20,Bind,1,Guangzhou Huadu Bilibili Gaming (Bilibili Gaming),TYLOO,13,7,nephh,10698,kayo,0.89,163.0,13.0,13.0,8.0,65.0,83.0,28.0,3.0,2.0,3,True
527580,230564,2499,VCT 2025: China Stage 2,Playoffs: Upper Semifinals,2025-08-20,Bind,1,TYLOO,Guangzhou Huadu Bilibili Gaming (Bilibili Gaming),7,13,slowly,41739,yoru,1.13,220.0,15.0,16.0,8.0,60.0,164.0,33.0,2.0,3.0,3,True
527580,230564,2499,VCT 2025: China Stage 2,Playoffs: Upper Semifinals,2025-08-20,Bind,1,TYLOO,Guangzhou Huadu Bilibili Gaming (Bilibili Gaming),7,13,Ninebody,3547,raze,0.83,184.0,12.0,17.0,5.0,45.0,124.0,12.0,4.0,0.0,3,True
527580,230564,2499,VCT 2025: China Stage 2,Playoffs: Upper Semifinals,2025-08-20,Bind,1,TYLOO,Guangzhou Huadu Bilibili Gaming (Bilibili Gaming),7,13,Scales,39485,viper,0.81,220.0,15.0,18.0,6.0,55.0,158.0,30.0,3.0,1.0,3,True
527580,230564,2499,VCT 2025: China Stage 2,Playoffs: Upper Semifinals,2025-08-20,Bind,1,TYLOO,Guangzhou Huadu Bilibili Gaming (Bilibili Gaming),7,13,sword9,3049,fade,0.67,169.0,12.0,17.0,4.0,75.0,115.0,31.0,1.0,5.0,3,True
527580,230564,2499,VCT 2025: China Stage 2,Playoffs: Upper Semifinals,2025-08-20,Bind,1,TYLOO,Guangzhou Huadu Bilibili Gaming (Bilibili Gaming),7,13,Yoyo,11843,brimstone,0.55,125.0,6.0,17.0,7.0,75.0,92.0,21.0,1.0,0.0,3,True
527580,230565,2499,VCT 2025: China Stage 2,Playoffs: Upper Semifinals,2025-08-20,Icebox,2,Guangzhou Huadu Bilibili Gaming (Bilibili Gaming),TYLOO,9,13,Knight,4774,sova,1.18,232.0,19.0,16.0,0.0,55.0,151.0,33.0,3.0,1.0,3,True
527580,230565,2499,VCT 2025: China Stage 2,Playoffs: Upper Semifinals,2025-08-20,Icebox,2,Guangzhou Huadu Bilibili Gaming (Bilibili Gaming),TYLOO,9,13,nephh,10698,viper,1.13,208.0,15.0,17.0,10.0,73.0,119.0,14.0,2.0,0.0,3,True
527580,230565,2499,VCT 2025: China Stage 2,Playoffs: Upper Semifinals,2025-08-20,Icebox,2,Guangzhou Huadu Bilibili Gaming (Bilibili Gaming),TYLOO,9,13,whzy,4885,jett,1.11,215.0,16.0,16.0,5.0,68.0,143.0,25.0,3.0,5.0,3,True
527580,230565,2499,VCT 2025: China Stage 2,Playoffs: Upper Semifinals,2025-08-20,Icebox,2,Guangzhou Huadu Bilibili Gaming (Bilibili Gaming),TYLOO,9,13,Levius,40845,killjoy,0.77,181.0,12.0,17.0,3.0,50.0,124.0,17.0,2.0,3.0,3,True
527580,230565,2499,VCT 2025: China Stage 2,Playoffs: Upper Semifinals,2025-08-20,Icebox,2,Guangzhou Huadu Bilibili Gaming (Bilibili Gaming),TYLOO,9,13,rushia,48878,harbor,0.47,97.0,6.0,19.0,7.0,64.0,65.0,17.0,0.0,3.0,3,True
527580,230565,2499,VCT 2025: China Stage 2,Playoffs: Upper Semifinals,2025-08-20,Icebox,2,TYLOO,Guangzhou Huadu Bilibili Gaming (Bilibili Gaming),13,9,slowly,41739,jett,1.82,376.0,31.0,13.0,0.0,77.0,226.0,35.0,6.0,3.0,3,True
527580,230565,2499,VCT 2025: China Stage 2,Playoffs: Upper Semifinals,2025-08-20,Icebox,2,TYLOO,Guangzhou Huadu Bilibili Gaming (Bilibili Gaming),13,9,Ninebody,3547,killjoy,1.15,244.0,19.0,12.0,4.0,82.0,168.0,28.0,1.0,0.0,3,True
527580,230565,2499,VCT 2025: China Stage 2,Playoffs: Upper Semifinals,2025-08-20,Icebox,2,TYLOO,Guangzhou Huadu Bilibili Gaming (Bilibili Gaming),13,9,Yoyo,11843,viper,0.87,177.0,15.0,14.0,7.0,73.0,127.0,46.0,1.0,1.0,3,True
527580,230565,2499,VCT 2025: China Stage 2,Playoffs: Upper Semifinals,2025-08-20,Icebox,2,TYLOO,Guangzhou Huadu Bilibili Gaming (Bilibili Gaming),13,9,Scales,39485,sova,0.8,140.0,9.0,13.0,6.0,68.0,105.0,26.0,2.0,2.0,3,True
527580,230565,2499,VCT 2025: China Stage 2,Playoffs: Upper Semifinals,2025-08-20,Icebox,2,TYLOO,Guangzhou Huadu Bilibili Gaming (Bilibili Gaming),13,9,sword9,3049,omen,0.65,141.0,11.0,16.0,5.0,64.0,101.0,27.0,2.0,4.0,3,True
527580,232292,2499,VCT 2025: China Stage 2,Playoffs: Upper Semifinals,2025-08-20,Lotus,3,Guangzhou Huadu Bilibili Gaming (Bilibili Gaming),TYLOO,13,5,Knight,4774,fade,,427.0,27.0,14.0,9.0,,,,,,3,True
527580,232292,2499,VCT 2025: China Stage 2,Playoffs: Upper Semifinals,2025-08-20,Lotus,3,Guangzhou Huadu Bilibili Gaming (Bilibili Gaming),TYLOO,13,5,rushia,48878,viper,,242.0,16.0,9.0,6.0,,,,,,3,True
527580,232292,2499,VCT 2025: China Stage 2,Playoffs: Upper Semifinals,2025-08-20,Lotus,3,Guangzhou Huadu Bilibili Gaming (Bilibili Gaming),TYLOO,13,5,Levius,40845,vyse,,210.0,15.0,10.0,6.0,,,,,,3,True
527580,232292,2499,VCT 2025: China Stage 2,Playoffs: Upper Semifinals,2025-08-20,Lotus,3,Guangzhou Huadu Bilibili Gaming (Bilibili Gaming),TYLOO,13,5,whzy,4885,raze,,166.0,10.0,13.0,6.0,,,,,,3,True
527580,232292,2499,VCT 2025: China Stage 2,Playoffs: Upper Semifinals,2025-08-20,Lotus,3,Guangzhou Huadu Bilibili Gaming (Bilibili Gaming),TYLOO,13,5,nephh,10698,omen,,136.0,10.0,12.0,5.0,,,,,,3,True
527580,232292,2499,VCT 2025: China Stage 2,Playoffs: Upper Semifinals,2025-08-20,Lotus,3,TYLOO,Guangzhou Huadu Bilibili Gaming (Bilibili Gaming),5,13,slowly,41739,omen,,239.0,15.0,14.0,5.0,,,,,,3,True
527580,232292,2499,VCT 2025: China Stage 2,Playoffs: Upper Semifinals,2025-08-20,Lotus,3,TYLOO,Guangzhou Huadu Bilibili Gaming (Bilibili Gaming),5,13,Yoyo,11843,raze,,212.0,11.0,17.0,5.0,,,,,,3,True
527580,232292,2499,VCT 2025: China Stage 2,Playoffs: Upper Semifinals,2025-08-20,Lotus,3,TYLOO,Guangzhou Huadu Bilibili Gaming (Bilibili Gaming),5,13,sword9,3049,fade,,188.0,12.0,15.0,2.0,,,,,,3,True
527580,232292,2499,VCT 2025: China Stage 2,Playoffs: Upper Semifinals,2025-08-20,Lotus,3,TYLOO,Guangzhou Huadu Bilibili Gaming (Bilibili Gaming),5,13,Ninebody,3547,vyse,,179.0,12.0,16.0,3.0,,,,,,3,True
527580,232292,2499,VCT 2025: China Stage 2,Playoffs: Upper Semifinals,2025-08-20,Lotus,3,TYLOO,Guangzhou Huadu Bilibili Gaming (Bilibili Gaming),5,13,Scales,39485,viper,,126.0,8.0,16.0,5.0,,,,,,3,True
527579,230561,2499,VCT 2025: China Stage 2,Playoffs: Upper Semifinals,2025-08-20,Lotus,1,Xi Lai Gaming,Dragon Ranger Gaming,12,14,Rarga,22047,sage,1.32,311.0,27.0,21.0,8.0,88.0,217.0,29.0,5.0,3.0,3,True
527579,230561,2499,VCT 2025: China Stage 2,Playoffs: Upper Semifinals,2025-08-20,Lotus,1,Xi Lai Gaming,Dragon Ranger Gaming,12,14,happywei,37927,cypher,1.23,311.0,21.0,21.0,9.0,73.0,217.0,29.0,3.0,3.0,3,True
527579,230561,2499,VCT 2025: China Stage 2,Playoffs: Upper Semifinals,2025-08-20,Lotus,1,Xi Lai Gaming,Dragon Ranger Gaming,12,14,Viva,36415,fade,1.18,214.0,19.0,18.0,9.0,81.0,150.0,27.0,1.0,2.0,3,True
527579,230561,2499,VCT 2025: China Stage 2,Playoffs: Upper Semifinals,2025-08-20,Lotus,1,Xi Lai Gaming,Dragon Ranger Gaming,12,14,coconut,12365,omen,0.65,154.0,13.0,21.0,9.0,73.0,113.0,24.0,2.0,4.0,3,True
527579,230561,2499,VCT 2025: China Stage 2,Playoffs: Upper Semifinals,2025-08-20,Lotus,1,Xi Lai Gaming,Dragon Ranger Gaming,12,14,NoMan,11527,deadlock,0.57,144.0,13.0,23.0,7.0,62.0,82.0,25.0,1.0,2.0,3,True
527579,230561,2499,VCT 2025: China Stage 2,Playoffs: Upper Semifinals,2025-08-20,Lotus,1,Dragon Ranger Gaming,Xi Lai Gaming,14,12,Flex1n,4705,omen,1.32,228.0,21.0,18.0,19.0,81.0,136.0,23.0,0.0,1.0,3,True
527579,230561,2499,VCT 2025: China Stage 2,Playoffs: Upper Semifinals,2025-08-20,Lotus,1,Dragon Ranger Gaming,Xi Lai Gaming,14,12,SpiritZ1,31753,yoru,1.26,326.0,29.0,20.0,7.0,73.0,196.0,27.0,10.0,5.0,3,True
527579,230561,2499,VCT 2025: China Stage 2,Playoffs: Upper Semifinals,2025-08-20,Lotus,1,Dragon Ranger Gaming,Xi Lai Gaming,14,12,vo0kashu,3741,cypher,1.19,234.0,23.0,19.0,8.0,73.0,160.0,31.0,2.0,2.0,3,True
527579,230561,2499,VCT 2025: China Stage 2,Playoffs: Upper Semifinals,2025-08-20,Lotus,1,Dragon Ranger Gaming,Xi Lai Gaming,14,12,Nicc,11524,breach,1.16,191.0,17.0,16.0,16.0,81.0,124.0,35.0,0.0,1.0,3,True
527579,230561,2499,VCT 2025: China Stage 2,Playoffs: Upper Semifinals,2025-08-20,Lotus,1,Dragon Ranger Gaming,Xi Lai Gaming,14,12,Akeman,52904,neon,0.73,179.0,14.0,20.0,10.0,69.0,124.0,18.0,2.0,3.0,3,True
527579,230562,2499,VCT 2025: China Stage 2,Playoffs: Upper Semifinals,2025-08-20,Bind,2,Xi Lai Gaming,Dragon Ranger Gaming,13,5,happywei,37927,viper,1.92,339.0,22.0,7.0,9.0,89.0,232.0,26.0,1.0,0.0,3,True
527579,230562,2499,VCT 2025: China Stage 2,Playoffs: Upper Semifinals,2025-08-20,Bind,2,Xi Lai Gaming,Dragon Ranger Gaming,13,5,NoMan,11527,skye,1.54,273.0,18.0,8.0,5.0,89.0,170.0,29.0,5.0,2.0,3,True
527579,230562,2499,VCT 2025: China Stage 2,Playoffs: Upper Semifinals,2025-08-20,Bind,2,Xi Lai Gaming,Dragon Ranger Gaming,13,5,Viva,36415,brimstone,0.97,128.0,8.0,9.0,8.0,78.0,98.0,27.0,1.0,0.0,3,True
527579,230562,2499,VCT 2025: China Stage 2,Playoffs: Upper Semifinals,2025-08-20,Bind,2,Xi Lai Gaming,Dragon Ranger Gaming,13,5,Rarga,22047,waylay,0.86,186.0,12.0,12.0,5.0,83.0,151.0,25.0,3.0,2.0,3,True
527579,230562,2499,VCT 2025: China Stage 2,Playoffs: Upper Semifinals,2025-08-20,Bind,2,Xi Lai Gaming,Dragon Ranger Gaming,13,5,coconut,12365,gekko,0.77,126.0,8.0,10.0,4.0,78.0,72.0,20.0,3.0,1.0,3,True
527579,230562,2499,VCT 2025: China Stage 2,Playoffs: Upper Semifinals,2025-08-20,Bind,2,Dragon Ranger Gaming,Xi Lai Gaming,5,13,vo0kashu,3741,vyse,1.1,252.0,14.0,14.0,5.0,61.0,169.0,26.0,1.0,0.0,3,True
527579,230562,2499,VCT 2025: China Stage 2,Playoffs: Upper Semifinals,2025-08-20,Bind,2,Dragon Ranger Gaming,Xi Lai Gaming,5,13,Flex1n,4705,astra,1.08,164.0,10.0,11.0,5.0,78.0,100.0,23.0,1.0,2.0,3,True
527579,230562,2499,VCT 2025: China Stage 2,Playoffs: Upper Semifinals,2025-08-20,Bind,2,Dragon Ranger Gaming,Xi Lai Gaming,5,13,Nicc,11524,gekko,1.0,202.0,12.0,15.0,1.0,67.0,155.0,30.0,0.0,1.0,3,True
527579,230562,2499,VCT 2025: China Stage 2,Playoffs: Upper Semifinals,2025-08-20,Bind,2,Dragon Ranger Gaming,Xi Lai Gaming,5,13,Akeman,52904,neon,0.54,99.0,6.0,14.0,3.0,50.0,67.0,14.0,1.0,4.0,3,True
527579,230562,2499,VCT 2025: China Stage 2,Playoffs: Upper Semifinals,2025-08-20,Bind,2,Dragon Ranger Gaming,Xi Lai Gaming,5,13,SpiritZ1,31753,yoru,0.32,73.0,4.0,14.0,2.0,56.0,54.0,19.0,2.0,6.0,3,True
527579,230563,2499,VCT 2025: China Stage 2,Playoffs: Upper Semifinals,2025-08-20,Sunset,3,Xi Lai Gaming,Dragon Ranger Gaming,5,13,Rarga,22047,neon,1.15,283.0,17.0,15.0,1.0,61.0,160.0,39.0,4.0,2.0,3,True
527579,230563,2499,VCT 2025: China Stage 2,Playoffs: Upper Semifinals,2025-08-20,Sunset,3,Xi Lai Gaming,Dragon Ranger Gaming,5,13,coconut,12365,omen,1.1,186.0,11.0,12.0,5.0,72.0,116.0,24.0,0.0,0.0,3,True
527579,230563,2499,VCT 2025: China Stage 2,Playoffs: Upper Semifinals,2025-08-20,Sunset,3,Xi Lai Gaming,Dragon Ranger Gaming,5,13,happywei,37927,viper,0.8,197.0,12.0,16.0,3.0,72.0,119.0,40.0,1.0,1.0,3,True
527579,230563,2499,VCT 2025: China Stage 2,Playoffs: Upper Semifinals,2025-08-20,Sunset,3,Xi Lai Gaming,Dragon Ranger Gaming,5,13,Viva,36415,sova,0.61,124.0,7.0,14.0,5.0,72.0,96.0,41.0,0.0,1.0,3,True
527579,230563,2499,VCT 2025: China Stage 2,Playoffs: Upper Semifinals,2025-08-20,Sunset,3,Xi Lai Gaming,Dragon Ranger Gaming,5,13,NoMan,11527,deadlock,0.2,95.0,4.0,16.0,6.0,67.0,63.0,36.0,3.0,6.0,3,True
527579,230563,2499,VCT 2025: China Stage 2,Playoffs: Upper Semifinals,2025-08-20,Sunset,3,Dragon Ranger Gaming,Xi Lai Gaming,13,5,Nicc,11524,fade,1.39,230.0,15.0,10.0,9.0,89.0,166.0,37.0,1.0,0.0,3,True
527579,230563,2499,VCT 2025: China Stage 2,Playoffs: Upper Semifinals,2025-08-20,Sunset,3,Dragon Ranger Gaming,Xi Lai Gaming,13,5,SpiritZ1,31753,yoru,1.33,230.0,14.0,9.0,7.0,72.0,149.0,42.0,2.0,3.0,3,True
527579,230563,2499,VCT 2025: China Stage 2,Playoffs: Upper Semifinals,2025-08-20,Sunset,3,Dragon Ranger Gaming,Xi Lai Gaming,13,5,vo0kashu,3741,cypher,1.28,220.0,15.0,10.0,3.0,89.0,146.0,34.0,1.0,1.0,3,True
527579,230563,2499,VCT 2025: China Stage 2,Playoffs: Upper Semifinals,2025-08-20,Sunset,3,Dragon Ranger Gaming,Xi Lai Gaming,13,5,Flex1n,4705,omen,1.27,188.0,13.0,9.0,12.0,72.0,118.0,23.0,0.0,0.0,3,True
527579,230563,2499,VCT 2025: China Stage 2,Playoffs: Upper Semifinals,2025-08-20,Sunset,3,Dragon Ranger Gaming,Xi Lai Gaming,13,5,Akeman,52904,neon,0.99,256.0,16.0,13.0,5.0,67.0,156.0,21.0,6.0,4.0,3,True
527585,230581,2499,VCT 2025: China Stage 2,Playoffs: Lower Round 2,2025-08-21,Haven,1,TYLOO,EDward Gaming,3,13,Scales,39485,iso,1.67,358.0,19.0,14.0,2.0,75.0,229.0,36.0,5.0,1.0,3,True
527585,230581,2499,VCT 2025: China Stage 2,Playoffs: Lower Round 2,2025-08-21,Haven,1,TYLOO,EDward Gaming,3,13,slowly,41739,yoru,0.89,212.0,13.0,15.0,2.0,75.0,144.0,30.0,3.0,2.0,3,True
527585,230581,2499,VCT 2025: China Stage 2,Playoffs: Lower Round 2,2025-08-21,Haven,1,TYLOO,EDward Gaming,3,13,Ninebody,3547,cypher,0.66,175.0,8.0,14.0,3.0,50.0,123.0,38.0,2.0,2.0,3,True
527585,230581,2499,VCT 2025: China Stage 2,Playoffs: Lower Round 2,2025-08-21,Haven,1,TYLOO,EDward Gaming,3,13,sword9,3049,omen,0.51,109.0,5.0,14.0,9.0,63.0,79.0,17.0,0.0,1.0,3,True
527585,230581,2499,VCT 2025: China Stage 2,Playoffs: Lower Round 2,2025-08-21,Haven,1,TYLOO,EDward Gaming,3,13,Yoyo,11843,sova,0.49,119.0,6.0,15.0,5.0,63.0,84.0,40.0,0.0,0.0,3,True
527585,230581,2499,VCT 2025: China Stage 2,Playoffs: Lower Round 2,2025-08-21,Haven,1,EDward Gaming,TYLOO,13,3,ZmjjKK,3520,yoru,1.88,335.0,20.0,8.0,8.0,94.0,203.0,27.0,2.0,0.0,3,True
527585,230581,2499,VCT 2025: China Stage 2,Playoffs: Lower Round 2,2025-08-21,Haven,1,EDward Gaming,TYLOO,13,3,Jieni7,51244,neon,1.52,343.0,21.0,11.0,4.0,88.0,204.0,25.0,1.0,2.0,3,True
527585,230581,2499,VCT 2025: China Stage 2,Playoffs: Lower Round 2,2025-08-21,Haven,1,EDward Gaming,TYLOO,13,3,CHICHOO,15559,cypher,1.19,225.0,14.0,8.0,3.0,81.0,140.0,27.0,2.0,1.0,3,True
527585,230581,2499,VCT 2025: China Stage 2,Playoffs: Lower Round 2,2025-08-21,Haven,1,EDward Gaming,TYLOO,13,3,Smoggy,4742,omen,0.88,182.0,11.0,11.0,5.0,63.0,125.0,27.0,1.0,4.0,3,True
527585,230581,2499,VCT 2025: China Stage 2,Playoffs: Lower Round 2,2025-08-21,Haven,1,EDward Gaming,TYLOO,13,3,nobody,3017,sova,0.37,115.0,6.0,13.0,3.0,63.0,80.0,24.0,0.0,3.0,3,True
527585,230582,2499,VCT 2025: China Stage 2,Playoffs: Lower Round 2,2025-08-21,Ascent,2,TYLOO,EDward Gaming,11,13,slowly,41739,killjoy,1.37,245.0,21.0,16.0,3.0,58.0,177.0,47.0,1.0,5.0,3,True
527585,230582,2499,VCT 2025: China Stage 2,Playoffs: Lower Round 2,2025-08-21,Ascent,2,TYLOO,EDward Gaming,11,13,sword9,3049,sova,1.29,254.0,23.0,18.0,6.0,83.0,180.0,29.0,0.0,0.0,3,True
527585,230582,2499,VCT 2025: China Stage 2,Playoffs: Lower Round 2,2025-08-21,Ascent,2,TYLOO,EDward Gaming,11,13,Yoyo,11843,kayo,0.9,163.0,11.0,19.0,12.0,75.0,118.0,22.0,0.0,0.0,3,True
527585,230582,2499,VCT 2025: China Stage 2,Playoffs: Lower Round 2,2025-08-21,Ascent,2,TYLOO,EDward Gaming,11,13,Ninebody,3547,jett,0.74,206.0,17.0,20.0,4.0,46.0,122.0,13.0,4.0,9.0,3,True
527585,230582,2499,VCT 2025: China Stage 2,Playoffs: Lower Round 2,2025-08-21,Ascent,2,TYLOO,EDward Gaming,11,13,Scales,39485,omen,0.59,89.0,7.0,17.0,5.0,54.0,61.0,29.0,0.0,5.0,3,True
527585,230582,2499,VCT 2025: China Stage 2,Playoffs: Lower Round 2,2025-08-21,Ascent,2,EDward Gaming,TYLOO,13,11,nobody,3017,sova,1.56,280.0,24.0,14.0,10.0,79.0,197.0,27.0,4.0,1.0,3,True
527585,230582,2499,VCT 2025: China Stage 2,Playoffs: Lower Round 2,2025-08-21,Ascent,2,EDward Gaming,TYLOO,13,11,ZmjjKK,3520,jett,1.09,228.0,19.0,17.0,4.0,67.0,153.0,18.0,8.0,2.0,3,True
527585,230582,2499,VCT 2025: China Stage 2,Playoffs: Lower Round 2,2025-08-21,Ascent,2,EDward Gaming,TYLOO,13,11,CHICHOO,15559,cypher,0.93,150.0,14.0,13.0,6.0,67.0,111.0,13.0,1.0,1.0,3,True
527585,230582,2499,VCT 2025: China Stage 2,Playoffs: Lower Round 2,2025-08-21,Ascent,2,EDward Gaming,TYLOO,13,11,Jieni7,51244,kayo,0.9,212.0,17.0,18.0,11.0,71.0,131.0,16.0,3.0,1.0,3,True
527585,230582,2499,VCT 2025: China Stage 2,Playoffs: Lower Round 2,2025-08-21,Ascent,2,EDward Gaming,TYLOO,13,11,Smoggy,4742,omen,0.81,176.0,16.0,17.0,6.0,79.0,123.0,32.0,3.0,0.0,3,True
527586,230584,2499,VCT 2025: China Stage 2,Playoffs: Lower Round 2,2025-08-21,Ascent,1,Xi Lai Gaming,All Gamers,13,8,Viva,36415,sova,1.78,299.0,24.0,10.0,3.0,90.0,203.0,32.0,1.0,1.0,3,True
527586,230584,2499,VCT 2025: China Stage 2,Playoffs: Lower Round 2,2025-08-21,Ascent,1,Xi Lai Gaming,All Gamers,13,8,NoMan,11527,chamber,1.14,236.0,17.0,13.0,4.0,76.0,151.0,14.0,3.0,4.0,3,True
527586,230584,2499,VCT 2025: China Stage 2,Playoffs: Lower Round 2,2025-08-21,Ascent,1,Xi Lai Gaming,All Gamers,13,8,happywei,37927,vyse,1.02,176.0,14.0,12.0,1.0,67.0,116.0,29.0,1.0,1.0,3,True
527586,230584,2499,VCT 2025: China Stage 2,Playoffs: Lower Round 2,2025-08-21,Ascent,1,Xi Lai Gaming,All Gamers,13,8,Rarga,22047,yoru,0.82,215.0,16.0,17.0,0.0,71.0,137.0,44.0,4.0,1.0,3,True
527586,230584,2499,VCT 2025: China Stage 2,Playoffs: Lower Round 2,2025-08-21,Ascent,1,Xi Lai Gaming,All Gamers,13,8,coconut,12365,omen,0.69,144.0,10.0,16.0,11.0,67.0,98.0,34.0,2.0,3.0,3,True
527586,230584,2499,VCT 2025: China Stage 2,Playoffs: Lower Round 2,2025-08-21,Ascent,1,All Gamers,Xi Lai Gaming,8,13,Shr1mp,25494,sova,1.02,181.0,15.0,15.0,2.0,62.0,110.0,30.0,0.0,3.0,3,True
527586,230584,2499,VCT 2025: China Stage 2,Playoffs: Lower Round 2,2025-08-21,Ascent,1,All Gamers,Xi Lai Gaming,8,13,K1ra,46748,omen,0.9,166.0,10.0,14.0,7.0,71.0,110.0,22.0,4.0,2.0,3,True
527586,230584,2499,VCT 2025: China Stage 2,Playoffs: Lower Round 2,2025-08-21,Ascent,1,All Gamers,Xi Lai Gaming,8,13,Spitfires,4881,yoru,0.89,278.0,19.0,20.0,4.0,67.0,163.0,19.0,3.0,3.0,3,True
527586,230584,2499,VCT 2025: China Stage 2,Playoffs: Lower Round 2,2025-08-21,Ascent,1,All Gamers,Xi Lai Gaming,8,13,HanChe,42537,cypher,0.83,175.0,12.0,15.0,5.0,57.0,122.0,21.0,1.0,1.0,3,True
527586,230584,2499,VCT 2025: China Stage 2,Playoffs: Lower Round 2,2025-08-21,Ascent,1,All Gamers,Xi Lai Gaming,8,13,deLb,10821,deadlock,0.69,160.0,12.0,17.0,1.0,62.0,100.0,34.0,2.0,2.0,3,True
527586,230585,2499,VCT 2025: China Stage 2,Playoffs: Lower Round 2,2025-08-21,Icebox,2,Xi Lai Gaming,All Gamers,9,13,NoMan,11527,killjoy,1.31,243.0,19.0,14.0,2.0,68.0,172.0,46.0,1.0,1.0,3,True
527586,230585,2499,VCT 2025: China Stage 2,Playoffs: Lower Round 2,2025-08-21,Icebox,2,Xi Lai Gaming,All Gamers,9,13,happywei,37927,sage,1.17,228.0,19.0,15.0,5.0,73.0,146.0,32.0,3.0,3.0,3,True
527586,230585,2499,VCT 2025: China Stage 2,Playoffs: Lower Round 2,2025-08-21,Icebox,2,Xi Lai Gaming,All Gamers,9,13,coconut,12365,viper,0.98,207.0,16.0,17.0,9.0,73.0,130.0,25.0,3.0,2.0,3,True
527586,230585,2499,VCT 2025: China Stage 2,Playoffs: Lower Round 2,2025-08-21,Icebox,2,Xi Lai Gaming,All Gamers,9,13,Viva,36415,sova,0.71,145.0,11.0,17.0,7.0,68.0,108.0,37.0,0.0,1.0,3,True
527586,230585,2499,VCT 2025: China Stage 2,Playoffs: Lower Round 2,2025-08-21,Icebox,2,Xi Lai Gaming,All Gamers,9,13,Rarga,22047,jett,0.47,116.0,8.0,18.0,4.0,59.0,81.0,35.0,4.0,4.0,3,True
527586,230585,2499,VCT 2025: China Stage 2,Playoffs: Lower Round 2,2025-08-21,Icebox,2,All Gamers,Xi Lai Gaming,13,9,K1ra,46748,viper,1.52,333.0,26.0,14.0,3.0,82.0,204.0,34.0,4.0,2.0,3,True
527586,230585,2499,VCT 2025: China Stage 2,Playoffs: Lower Round 2,2025-08-21,Icebox,2,All Gamers,Xi Lai Gaming,13,9,deLb,10821,omen,1.08,171.0,15.0,13.0,6.0,73.0,122.0,40.0,1.0,1.0,3,True
527586,230585,2499,VCT 2025: China Stage 2,Playoffs: Lower Round 2,2025-08-21,Icebox,2,All Gamers,Xi Lai Gaming,13,9,HanChe,42537,killjoy,1.03,202.0,15.0,15.0,2.0,68.0,143.0,30.0,3.0,2.0,3,True
527586,230585,2499,VCT 2025: China Stage 2,Playoffs: Lower Round 2,2025-08-21,Icebox,2,All Gamers,Xi Lai Gaming,13,9,Shr1mp,25494,sova,1.0,166.0,11.0,13.0,9.0,68.0,123.0,15.0,0.0,2.0,3,True
527586,230585,2499,VCT 2025: China Stage 2,Playoffs: Lower Round 2,2025-08-21,Icebox,2,All Gamers,Xi Lai Gaming,13,9,Spitfires,4881,jett,0.77,209.0,14.0,18.0,4.0,64.0,137.0,27.0,3.0,4.0,3,True
527586,230586,2499,VCT 2025: China Stage 2,Playoffs: Lower Round 2,2025-08-21,Lotus,3,Xi Lai Gaming,All Gamers,13,1,Rarga,22047,sage,2.54,452.0,23.0,4.0,12.0,93.0,247.0,29.0,2.0,0.0,3,True
527586,230586,2499,VCT 2025: China Stage 2,Playoffs: Lower Round 2,2025-08-21,Lotus,3,Xi Lai Gaming,All Gamers,13,1,happywei,37927,cypher,1.45,287.0,16.0,6.0,3.0,86.0,184.0,34.0,3.0,1.0,3,True
527586,230586,2499,VCT 2025: China Stage 2,Playoffs: Lower Round 2,2025-08-21,Lotus,3,Xi Lai Gaming,All Gamers,13,1,NoMan,11527,deadlock,1.11,142.0,8.0,4.0,3.0,93.0,94.0,37.0,2.0,0.0,3,True
527586,230586,2499,VCT 2025: China Stage 2,Playoffs: Lower Round 2,2025-08-21,Lotus,3,Xi Lai Gaming,All Gamers,13,1,Viva,36415,fade,1.02,130.0,7.0,5.0,6.0,93.0,85.0,39.0,1.0,0.0,3,True
527586,230586,2499,VCT 2025: China Stage 2,Playoffs: Lower Round 2,2025-08-21,Lotus,3,Xi Lai Gaming,All Gamers,13,1,coconut,12365,omen,0.8,181.0,9.0,10.0,9.0,86.0,127.0,20.0,1.0,4.0,3,True
527586,230586,2499,VCT 2025: China Stage 2,Playoffs: Lower Round 2,2025-08-21,Lotus,3,All Gamers,Xi Lai Gaming,1,13,K1ra,46748,raze,0.95,209.0,9.0,13.0,3.0,50.0,114.0,12.0,4.0,2.0,3,True
527586,230586,2499,VCT 2025: China Stage 2,Playoffs: Lower Round 2,2025-08-21,Lotus,3,All Gamers,Xi Lai Gaming,1,13,Spitfires,4881,yoru,0.86,160.0,7.0,11.0,1.0,50.0,112.0,24.0,0.0,3.0,3,True
527586,230586,2499,VCT 2025: China Stage 2,Playoffs: Lower Round 2,2025-08-21,Lotus,3,All Gamers,Xi Lai Gaming,1,13,HanChe,42537,viper,0.54,143.0,6.0,13.0,3.0,43.0,97.0,19.0,0.0,1.0,3,True
527586,230586,2499,VCT 2025: China Stage 2,Playoffs: Lower Round 2,2025-08-21,Lotus,3,All Gamers,Xi Lai Gaming,1,13,deLb,10821,omen,0.42,90.0,4.0,12.0,2.0,50.0,52.0,50.0,1.0,2.0,3,True
527586,230586,2499,VCT 2025: China Stage 2,Playoffs: Lower Round 2,2025-08-21,Lotus,3,All Gamers,Xi Lai Gaming,1,13,Shr1mp,25494,fade,0.37,93.0,3.0,14.0,6.0,43.0,60.0,0.0,0.0,1.0,3,True
536176,232421,2499,VCT 2025: China Stage 2,Showmatch: All-Star Match,2025-08-22,Abyss,1,Pure Aim,Precise Defeat,10,13,SiuFatBB,7849,sova,,,,,,,,,,,1,True
536176,232421,2499,VCT 2025: China Stage 2,Showmatch: All-Star Match,2025-08-22,Abyss,1,Pure Aim,Precise Defeat,10,13,Spring,14125,neon,,,,,,,,,,,1,True
536176,232421,2499,VCT 2025: China Stage 2,Showmatch: All-Star Match,2025-08-22,Abyss,1,Pure Aim,Precise Defeat,10,13,Kai,37494,jett,,,,,,,,,,,1,True
536176,232421,2499,VCT 2025: China Stage 2,Showmatch: All-Star Match,2025-08-22,Abyss,1,Pure Aim,Precise Defeat,10,13,AAAAY,19530,omen,,,,,,,,,,,1,True
536176,232421,2499,VCT 2025: China Stage 2,Showmatch: All-Star Match,2025-08-22,Abyss,1,Pure Aim,Precise Defeat,10,13,GuanG,41054,breach,,,,,,,,,,,1,True
536176,232421,2499,VCT 2025: China Stage 2,Showmatch: All-Star Match,2025-08-22,Abyss,1,Precise Defeat,Pure Aim,13,10,Lysoar,37489,cypher,,,,,,,,,,,1,True
536176,232421,2499,VCT 2025: China Stage 2,Showmatch: All-Star Match,2025-08-22,Abyss,1,Precise Defeat,Pure Aim,13,10,Life,3028,jett,,,,,,,,,,,1,True
536176,232421,2499,VCT 2025: China Stage 2,Showmatch: All-Star Match,2025-08-22,Abyss,1,Precise Defeat,Pure Aim,13,10,stew,16924,yoru,,,,,,,,,,,1,True
536176,232421,2499,VCT 2025: China Stage 2,Showmatch: All-Star Match,2025-08-22,Abyss,1,Precise Defeat,Pure Aim,13,10,Haodong,4720,astra,,,,,,,,,,,1,True
536176,232421,2499,VCT 2025: China Stage 2,Showmatch: All-Star Match,2025-08-22,Abyss,1,Precise Defeat,Pure Aim,13,10,cb,39697,sova,,,,,,,,,,,1,True
527581,230567,2499,VCT 2025: China Stage 2,Playoffs: Upper Final,2025-08-22,Haven,1,Dragon Ranger Gaming,Guangzhou Huadu Bilibili Gaming (Bilibili Gaming),13,10,vo0kashu,3741,iso,1.21,228.0,19.0,14.0,5.0,83.0,159.0,29.0,3.0,1.0,3,True
527581,230567,2499,VCT 2025: China Stage 2,Playoffs: Upper Final,2025-08-22,Haven,1,Dragon Ranger Gaming,Guangzhou Huadu Bilibili Gaming (Bilibili Gaming),13,10,SpiritZ1,31753,yoru,1.07,261.0,21.0,19.0,5.0,65.0,173.0,34.0,5.0,2.0,3,True
527581,230567,2499,VCT 2025: China Stage 2,Playoffs: Upper Final,2025-08-22,Haven,1,Dragon Ranger Gaming,Guangzhou Huadu Bilibili Gaming (Bilibili Gaming),13,10,Nicc,11524,sova,1.02,204.0,16.0,16.0,11.0,74.0,146.0,23.0,2.0,4.0,3,True
527581,230567,2499,VCT 2025: China Stage 2,Playoffs: Upper Final,2025-08-22,Haven,1,Dragon Ranger Gaming,Guangzhou Huadu Bilibili Gaming (Bilibili Gaming),13,10,Flex1n,4705,omen,0.93,166.0,15.0,15.0,11.0,70.0,109.0,18.0,2.0,2.0,3,True
527581,230567,2499,VCT 2025: China Stage 2,Playoffs: Upper Final,2025-08-22,Haven,1,Dragon Ranger Gaming,Guangzhou Huadu Bilibili Gaming (Bilibili Gaming),13,10,Akeman,52904,cypher,0.83,178.0,15.0,17.0,3.0,65.0,112.0,36.0,1.0,1.0,3,True
527581,230567,2499,VCT 2025: China Stage 2,Playoffs: Upper Final,2025-08-22,Haven,1,Guangzhou Huadu Bilibili Gaming (Bilibili Gaming),Dragon Ranger Gaming,10,13,Knight,4774,sova,1.48,301.0,23.0,16.0,6.0,83.0,175.0,19.0,3.0,0.0,3,True
527581,230567,2499,VCT 2025: China Stage 2,Playoffs: Upper Final,2025-08-22,Haven,1,Guangzhou Huadu Bilibili Gaming (Bilibili Gaming),Dragon Ranger Gaming,10,13,rushia,48878,omen,1.25,231.0,19.0,17.0,6.0,83.0,153.0,25.0,4.0,2.0,3,True
527581,230567,2499,VCT 2025: China Stage 2,Playoffs: Upper Final,2025-08-22,Haven,1,Guangzhou Huadu Bilibili Gaming (Bilibili Gaming),Dragon Ranger Gaming,10,13,nephh,10698,breach,1.13,204.0,17.0,17.0,8.0,78.0,131.0,16.0,1.0,1.0,3,True
527581,230567,2499,VCT 2025: China Stage 2,Playoffs: Upper Final,2025-08-22,Haven,1,Guangzhou Huadu Bilibili Gaming (Bilibili Gaming),Dragon Ranger Gaming,10,13,whzy,4885,neon,0.58,159.0,11.0,18.0,5.0,61.0,100.0,19.0,2.0,7.0,3,True
527581,230567,2499,VCT 2025: China Stage 2,Playoffs: Upper Final,2025-08-22,Haven,1,Guangzhou Huadu Bilibili Gaming (Bilibili Gaming),Dragon Ranger Gaming,10,13,Levius,40845,cypher,0.56,125.0,11.0,18.0,5.0,61.0,87.0,12.0,0.0,3.0,3,True
527581,230568,2499,VCT 2025: China Stage 2,Playoffs: Upper Final,2025-08-22,Lotus,2,Dragon Ranger Gaming,Guangzhou Huadu Bilibili Gaming (Bilibili Gaming),9,13,vo0kashu,3741,cypher,1.33,282.0,23.0,17.0,4.0,91.0,183.0,30.0,3.0,0.0,3,True
527581,230568,2499,VCT 2025: China Stage 2,Playoffs: Upper Final,2025-08-22,Lotus,2,Dragon Ranger Gaming,Guangzhou Huadu Bilibili Gaming (Bilibili Gaming),9,13,Akeman,52904,neon,0.89,245.0,17.0,20.0,2.0,45.0,173.0,34.0,3.0,4.0,3,True
527581,230568,2499,VCT 2025: China Stage 2,Playoffs: Upper Final,2025-08-22,Lotus,2,Dragon Ranger Gaming,Guangzhou Huadu Bilibili Gaming (Bilibili Gaming),9,13,Flex1n,4705,omen,0.82,158.0,12.0,16.0,7.0,68.0,99.0,39.0,1.0,2.0,3,True
527581,230568,2499,VCT 2025: China Stage 2,Playoffs: Upper Final,2025-08-22,Lotus,2,Dragon Ranger Gaming,Guangzhou Huadu Bilibili Gaming (Bilibili Gaming),9,13,SpiritZ1,31753,yoru,0.73,175.0,14.0,18.0,4.0,59.0,116.0,28.0,3.0,6.0,3,True
527581,230568,2499,VCT 2025: China Stage 2,Playoffs: Upper Final,2025-08-22,Lotus,2,Dragon Ranger Gaming,Guangzhou Huadu Bilibili Gaming (Bilibili Gaming),9,13,Nicc,11524,breach,0.49,121.0,8.0,19.0,9.0,55.0,80.0,15.0,0.0,0.0,3,True
527581,230568,2499,VCT 2025: China Stage 2,Playoffs: Upper Final,2025-08-22,Lotus,2,Guangzhou Huadu Bilibili Gaming (Bilibili Gaming),Dragon Ranger Gaming,13,9,nephh,10698,omen,1.42,271.0,24.0,13.0,10.0,77.0,139.0,26.0,3.0,2.0,3,True
527581,230568,2499,VCT 2025: China Stage 2,Playoffs: Upper Final,2025-08-22,Lotus,2,Guangzhou Huadu Bilibili Gaming (Bilibili Gaming),Dragon Ranger Gaming,13,9,Knight,4774,fade,1.33,206.0,16.0,11.0,10.0,77.0,134.0,28.0,4.0,0.0,3,True
527581,230568,2499,VCT 2025: China Stage 2,Playoffs: Upper Final,2025-08-22,Lotus,2,Guangzhou Huadu Bilibili Gaming (Bilibili Gaming),Dragon Ranger Gaming,13,9,rushia,48878,viper,1.22,251.0,19.0,15.0,11.0,95.0,144.0,19.0,2.0,3.0,3,True
527581,230568,2499,VCT 2025: China Stage 2,Playoffs: Upper Final,2025-08-22,Lotus,2,Guangzhou Huadu Bilibili Gaming (Bilibili Gaming),Dragon Ranger Gaming,13,9,whzy,4885,raze,0.98,232.0,18.0,18.0,4.0,73.0,146.0,26.0,3.0,3.0,3,True
527581,230568,2499,VCT 2025: China Stage 2,Playoffs: Upper Final,2025-08-22,Lotus,2,Guangzhou Huadu Bilibili Gaming (Bilibili Gaming),Dragon Ranger Gaming,13,9,Levius,40845,vyse,0.84,179.0,13.0,17.0,7.0,82.0,116.0,23.0,0.0,2.0,3,True
527581,230569,2499,VCT 2025: China Stage 2,Playoffs: Upper Final,2025-08-22,Sunset,3,Dragon Ranger Gaming,Guangzhou Huadu Bilibili Gaming (Bilibili Gaming),13,11,Flex1n,4705,omen,1.45,244.0,20.0,12.0,12.0,88.0,164.0,27.0,1.0,1.0,3,True
527581,230569,2499,VCT 2025: China Stage 2,Playoffs: Upper Final,2025-08-22,Sunset,3,Dragon Ranger Gaming,Guangzhou Huadu Bilibili Gaming (Bilibili Gaming),13,11,Nicc,11524,fade,1.1,219.0,20.0,17.0,9.0,83.0,149.0,41.0,1.0,0.0,3,True
527581,230569,2499,VCT 2025: China Stage 2,Playoffs: Upper Final,2025-08-22,Sunset,3,Dragon Ranger Gaming,Guangzhou Huadu Bilibili Gaming (Bilibili Gaming),13,11,vo0kashu,3741,cypher,1.06,203.0,17.0,13.0,6.0,79.0,130.0,19.0,4.0,4.0,3,True
527581,230569,2499,VCT 2025: China Stage 2,Playoffs: Upper Final,2025-08-22,Sunset,3,Dragon Ranger Gaming,Guangzhou Huadu Bilibili Gaming (Bilibili Gaming),13,11,SpiritZ1,31753,yoru,1.04,236.0,19.0,19.0,8.0,79.0,153.0,30.0,4.0,0.0,3,True
527581,230569,2499,VCT 2025: China Stage 2,Playoffs: Upper Final,2025-08-22,Sunset,3,Dragon Ranger Gaming,Guangzhou Huadu Bilibili Gaming (Bilibili Gaming),13,11,Akeman,52904,neon,0.62,164.0,13.0,19.0,4.0,75.0,116.0,22.0,3.0,6.0,3,True
527581,230569,2499,VCT 2025: China Stage 2,Playoffs: Upper Final,2025-08-22,Sunset,3,Guangzhou Huadu Bilibili Gaming (Bilibili Gaming),Dragon Ranger Gaming,11,13,whzy,4885,neon,1.44,314.0,28.0,21.0,3.0,71.0,197.0,29.0,6.0,3.0,3,True
527581,230569,2499,VCT 2025: China Stage 2,Playoffs: Upper Final,2025-08-22,Sunset,3,Guangzhou Huadu Bilibili Gaming (Bilibili Gaming),Dragon Ranger Gaming,11,13,Levius,40845,cypher,1.08,184.0,16.0,14.0,4.0,75.0,122.0,29.0,0.0,0.0,3,True
527581,230569,2499,VCT 2025: China Stage 2,Playoffs: Upper Final,2025-08-22,Sunset,3,Guangzhou Huadu Bilibili Gaming (Bilibili Gaming),Dragon Ranger Gaming,11,13,Knight,4774,sova,1.05,197.0,16.0,18.0,7.0,63.0,141.0,31.0,1.0,4.0,3,True
527581,230569,2499,VCT 2025: China Stage 2,Playoffs: Upper Final,2025-08-22,Sunset,3,Guangzhou Huadu Bilibili Gaming (Bilibili Gaming),Dragon Ranger Gaming,11,13,rushia,48878,omen,0.82,172.0,12.0,19.0,17.0,75.0,116.0,10.0,2.0,2.0,3,True
527581,230569,2499,VCT 2025: China Stage 2,Playoffs: Upper Final,2025-08-22,Sunset,3,Guangzhou Huadu Bilibili Gaming (Bilibili Gaming),Dragon Ranger Gaming,11,13,nephh,10698,kayo,0.68,104.0,8.0,17.0,18.0,75.0,60.0,12.0,2.0,4.0,3,True
527587,230587,2499,VCT 2025: China Stage 2,Playoffs: Lower Round 3,2025-08-22,Lotus,1,EDward Gaming,Xi Lai Gaming,13,11,Jieni7,51244,raze,1.32,289.0,24.0,15.0,3.0,67.0,187.0,33.0,4.0,4.0,3,True
527587,230587,2499,VCT 2025: China Stage 2,Playoffs: Lower Round 3,2025-08-22,Lotus,1,EDward Gaming,Xi Lai Gaming,13,11,nobody,3017,fade,1.28,240.0,20.0,14.0,4.0,83.0,160.0,36.0,2.0,0.0,3,True
527587,230587,2499,VCT 2025: China Stage 2,Playoffs: Lower Round 3,2025-08-22,Lotus,1,EDward Gaming,Xi Lai Gaming,13,11,Smoggy,4742,omen,1.0,192.0,16.0,14.0,6.0,75.0,125.0,26.0,0.0,0.0,3,True
527587,230587,2499,VCT 2025: China Stage 2,Playoffs: Lower Round 3,2025-08-22,Lotus,1,EDward Gaming,Xi Lai Gaming,13,11,ZmjjKK,3520,yoru,0.99,226.0,20.0,17.0,1.0,79.0,138.0,26.0,5.0,3.0,3,True
527587,230587,2499,VCT 2025: China Stage 2,Playoffs: Lower Round 3,2025-08-22,Lotus,1,EDward Gaming,Xi Lai Gaming,13,11,CHICHOO,15559,vyse,0.68,98.0,8.0,12.0,3.0,75.0,66.0,35.0,3.0,3.0,3,True
527587,230587,2499,VCT 2025: China Stage 2,Playoffs: Lower Round 3,2025-08-22,Lotus,1,Xi Lai Gaming,EDward Gaming,11,13,Rarga,22047,sage,1.32,291.0,23.0,20.0,10.0,71.0,179.0,53.0,2.0,2.0,3,True
527587,230587,2499,VCT 2025: China Stage 2,Playoffs: Lower Round 3,2025-08-22,Lotus,1,Xi Lai Gaming,EDward Gaming,11,13,coconut,12365,omen,1.27,246.0,20.0,16.0,7.0,63.0,155.0,31.0,2.0,2.0,3,True
527587,230587,2499,VCT 2025: China Stage 2,Playoffs: Lower Round 3,2025-08-22,Lotus,1,Xi Lai Gaming,EDward Gaming,11,13,Viva,36415,fade,0.96,166.0,13.0,15.0,9.0,75.0,99.0,25.0,4.0,2.0,3,True
527587,230587,2499,VCT 2025: China Stage 2,Playoffs: Lower Round 3,2025-08-22,Lotus,1,Xi Lai Gaming,EDward Gaming,11,13,NoMan,11527,deadlock,0.63,108.0,8.0,18.0,4.0,54.0,67.0,29.0,2.0,4.0,3,True
527587,230587,2499,VCT 2025: China Stage 2,Playoffs: Lower Round 3,2025-08-22,Lotus,1,Xi Lai Gaming,EDward Gaming,11,13,happywei,37927,cypher,0.43,99.0,8.0,19.0,7.0,50.0,73.0,17.0,0.0,4.0,3,True
527587,230588,2499,VCT 2025: China Stage 2,Playoffs: Lower Round 3,2025-08-22,Corrode,2,EDward Gaming,Xi Lai Gaming,13,5,CHICHOO,15559,viper,1.4,238.0,16.0,8.0,3.0,83.0,160.0,26.0,0.0,0.0,3,True
527587,230588,2499,VCT 2025: China Stage 2,Playoffs: Lower Round 3,2025-08-22,Corrode,2,EDward Gaming,Xi Lai Gaming,13,5,Smoggy,4742,omen,1.38,251.0,14.0,10.0,13.0,94.0,162.0,33.0,2.0,0.0,3,True
527587,230588,2499,VCT 2025: China Stage 2,Playoffs: Lower Round 3,2025-08-22,Corrode,2,EDward Gaming,Xi Lai Gaming,13,5,ZmjjKK,3520,yoru,1.26,246.0,17.0,10.0,3.0,56.0,151.0,18.0,2.0,4.0,3,True
527587,230588,2499,VCT 2025: China Stage 2,Playoffs: Lower Round 3,2025-08-22,Corrode,2,EDward Gaming,Xi Lai Gaming,13,5,Jieni7,51244,neon,1.21,271.0,18.0,12.0,4.0,83.0,170.0,35.0,4.0,1.0,3,True
527587,230588,2499,VCT 2025: China Stage 2,Playoffs: Lower Round 3,2025-08-22,Corrode,2,EDward Gaming,Xi Lai Gaming,13,5,nobody,3017,fade,0.68,137.0,9.0,12.0,3.0,72.0,97.0,44.0,2.0,3.0,3,True
527587,230588,2499,VCT 2025: China Stage 2,Playoffs: Lower Round 3,2025-08-22,Corrode,2,Xi Lai Gaming,EDward Gaming,5,13,Rarga,22047,neon,0.96,200.0,12.0,15.0,4.0,61.0,126.0,36.0,4.0,2.0,3,True
527587,230588,2499,VCT 2025: China Stage 2,Playoffs: Lower Round 3,2025-08-22,Corrode,2,Xi Lai Gaming,EDward Gaming,5,13,NoMan,11527,vyse,0.9,202.0,12.0,15.0,1.0,67.0,127.0,24.0,1.0,2.0,3,True
527587,230588,2499,VCT 2025: China Stage 2,Playoffs: Lower Round 3,2025-08-22,Corrode,2,Xi Lai Gaming,EDward Gaming,5,13,Viva,36415,fade,0.75,164.0,10.0,14.0,4.0,56.0,100.0,18.0,0.0,2.0,3,True
527587,230588,2499,VCT 2025: China Stage 2,Playoffs: Lower Round 3,2025-08-22,Corrode,2,Xi Lai Gaming,EDward Gaming,5,13,happywei,37927,viper,0.73,162.0,9.0,16.0,4.0,50.0,120.0,32.0,2.0,3.0,3,True
527587,230588,2499,VCT 2025: China Stage 2,Playoffs: Lower Round 3,2025-08-22,Corrode,2,Xi Lai Gaming,EDward Gaming,5,13,coconut,12365,omen,0.72,137.0,9.0,14.0,11.0,61.0,74.0,30.0,1.0,1.0,3,True
527588,230590,2499,VCT 2025: China Stage 2,Playoffs: Lower Final,2025-08-23,Bind,1,Guangzhou Huadu Bilibili Gaming (Bilibili Gaming),EDward Gaming,12,14,nephh,10698,kayo,1.95,340.0,29.0,17.0,26.0,85.0,206.0,24.0,3.0,1.0,5,True
527588,230590,2499,VCT 2025: China Stage 2,Playoffs: Lower Final,2025-08-23,Bind,1,Guangzhou Huadu Bilibili Gaming (Bilibili Gaming),EDward Gaming,12,14,whzy,4885,raze,0.93,200.0,18.0,21.0,4.0,69.0,139.0,20.0,3.0,3.0,5,True
527588,230590,2499,VCT 2025: China Stage 2,Playoffs: Lower Final,2025-08-23,Bind,1,Guangzhou Huadu Bilibili Gaming (Bilibili Gaming),EDward Gaming,12,14,Knight,4774,fade,0.85,183.0,16.0,19.0,9.0,65.0,113.0,24.0,1.0,6.0,5,True
527588,230590,2499,VCT 2025: China Stage 2,Playoffs: Lower Final,2025-08-23,Bind,1,Guangzhou Huadu Bilibili Gaming (Bilibili Gaming),EDward Gaming,12,14,rushia,48878,brimstone,0.8,146.0,12.0,18.0,11.0,58.0,98.0,25.0,0.0,2.0,5,True
527588,230590,2499,VCT 2025: China Stage 2,Playoffs: Lower Final,2025-08-23,Bind,1,Guangzhou Huadu Bilibili Gaming (Bilibili Gaming),EDward Gaming,12,14,Levius,40845,viper,0.59,132.0,11.0,19.0,6.0,62.0,85.0,17.0,2.0,5.0,5,True
527588,230590,2499,VCT 2025: China Stage 2,Playoffs: Lower Final,2025-08-23,Bind,1,EDward Gaming,Guangzhou Huadu Bilibili Gaming (Bilibili Gaming),14,12,CHICHOO,15559,viper,1.37,238.0,24.0,14.0,3.0,81.0,163.0,25.0,3.0,2.0,5,True
527588,230590,2499,VCT 2025: China Stage 2,Playoffs: Lower Final,2025-08-23,Bind,1,EDward Gaming,Guangzhou Huadu Bilibili Gaming (Bilibili Gaming),14,12,nobody,3017,fade,1.11,241.0,23.0,18.0,6.0,77.0,144.0,28.0,4.0,1.0,5,True
527588,230590,2499,VCT 2025: China Stage 2,Playoffs: Lower Final,2025-08-23,Bind,1,EDward Gaming,Guangzhou Huadu Bilibili Gaming (Bilibili Gaming),14,12,Jieni7,51244,raze,1.01,233.0,21.0,19.0,2.0,77.0,153.0,20.0,5.0,2.0,5,True
527588,230590,2499,VCT 2025: China Stage 2,Playoffs: Lower Final,2025-08-23,Bind,1,EDward Gaming,Guangzhou Huadu Bilibili Gaming (Bilibili Gaming),14,12,Smoggy,4742,brimstone,0.93,159.0,13.0,15.0,13.0,81.0,109.0,21.0,0.0,2.0,5,True
527588,230590,2499,VCT 2025: China Stage 2,Playoffs: Lower Final,2025-08-23,Bind,1,EDward Gaming,Guangzhou Huadu Bilibili Gaming (Bilibili Gaming),14,12,ZmjjKK,3520,yoru,0.68,143.0,13.0,20.0,8.0,62.0,90.0,22.0,5.0,2.0,5,True
527588,230591,2499,VCT 2025: China Stage 2,Playoffs: Lower Final,2025-08-23,Haven,2,Guangzhou Huadu Bilibili Gaming (Bilibili Gaming),EDward Gaming,13,8,rushia,48878,omen,1.52,229.0,17.0,10.0,14.0,95.0,135.0,19.0,4.0,1.0,5,True
527588,230591,2499,VCT 2025: China Stage 2,Playoffs: Lower Final,2025-08-23,Haven,2,Guangzhou Huadu Bilibili Gaming (Bilibili Gaming),EDward Gaming,13,8,Knight,4774,sova,1.37,239.0,18.0,9.0,6.0,76.0,166.0,22.0,1.0,2.0,5,True
527588,230591,2499,VCT 2025: China Stage 2,Playoffs: Lower Final,2025-08-23,Haven,2,Guangzhou Huadu Bilibili Gaming (Bilibili Gaming),EDward Gaming,13,8,whzy,4885,neon,1.34,299.0,23.0,16.0,5.0,86.0,183.0,34.0,5.0,4.0,5,True
527588,230591,2499,VCT 2025: China Stage 2,Playoffs: Lower Final,2025-08-23,Haven,2,Guangzhou Huadu Bilibili Gaming (Bilibili Gaming),EDward Gaming,13,8,nephh,10698,breach,1.13,160.0,11.0,11.0,10.0,86.0,119.0,18.0,0.0,1.0,5,True
527588,230591,2499,VCT 2025: China Stage 2,Playoffs: Lower Final,2025-08-23,Haven,2,Guangzhou Huadu Bilibili Gaming (Bilibili Gaming),EDward Gaming,13,8,Levius,40845,cypher,0.87,189.0,13.0,14.0,3.0,62.0,117.0,29.0,2.0,1.0,5,True
527588,230591,2499,VCT 2025: China Stage 2,Playoffs: Lower Final,2025-08-23,Haven,2,EDward Gaming,Guangzhou Huadu Bilibili Gaming (Bilibili Gaming),8,13,nobody,3017,sova,1.04,226.0,17.0,16.0,2.0,62.0,167.0,20.0,2.0,2.0,5,True
527588,230591,2499,VCT 2025: China Stage 2,Playoffs: Lower Final,2025-08-23,Haven,2,EDward Gaming,Guangzhou Huadu Bilibili Gaming (Bilibili Gaming),8,13,Smoggy,4742,omen,1.0,197.0,17.0,17.0,5.0,52.0,114.0,42.0,1.0,0.0,5,True
527588,230591,2499,VCT 2025: China Stage 2,Playoffs: Lower Final,2025-08-23,Haven,2,EDward Gaming,Guangzhou Huadu Bilibili Gaming (Bilibili Gaming),8,13,CHICHOO,15559,cypher,0.83,146.0,6.0,13.0,9.0,76.0,116.0,15.0,1.0,3.0,5,True
527588,230591,2499,VCT 2025: China Stage 2,Playoffs: Lower Final,2025-08-23,Haven,2,EDward Gaming,Guangzhou Huadu Bilibili Gaming (Bilibili Gaming),8,13,ZmjjKK,3520,yoru,0.71,162.0,12.0,17.0,6.0,48.0,112.0,28.0,1.0,3.0,5,True
527588,230591,2499,VCT 2025: China Stage 2,Playoffs: Lower Final,2025-08-23,Haven,2,EDward Gaming,Guangzhou Huadu Bilibili Gaming (Bilibili Gaming),8,13,Jieni7,51244,neon,0.37,117.0,8.0,19.0,3.0,48.0,75.0,37.0,4.0,4.0,5,True
527588,230592,2499,VCT 2025: China Stage 2,Playoffs: Lower Final,2025-08-23,Lotus,3,Guangzhou Huadu Bilibili Gaming (Bilibili Gaming),EDward Gaming,13,10,rushia,48878,viper,1.81,307.0,25.0,12.0,6.0,78.0,202.0,30.0,1.0,2.0,5,True
527588,230592,2499,VCT 2025: China Stage 2,Playoffs: Lower Final,2025-08-23,Lotus,3,Guangzhou Huadu Bilibili Gaming (Bilibili Gaming),EDward Gaming,13,10,whzy,4885,raze,1.3,238.0,20.0,15.0,7.0,91.0,164.0,17.0,3.0,2.0,5,True
527588,230592,2499,VCT 2025: China Stage 2,Playoffs: Lower Final,2025-08-23,Lotus,3,Guangzhou Huadu Bilibili Gaming (Bilibili Gaming),EDward Gaming,13,10,nephh,10698,omen,1.03,193.0,18.0,16.0,10.0,74.0,115.0,17.0,1.0,3.0,5,True
527588,230592,2499,VCT 2025: China Stage 2,Playoffs: Lower Final,2025-08-23,Lotus,3,Guangzhou Huadu Bilibili Gaming (Bilibili Gaming),EDward Gaming,13,10,Knight,4774,fade,1.02,175.0,14.0,15.0,7.0,74.0,116.0,26.0,2.0,2.0,5,True
527588,230592,2499,VCT 2025: China Stage 2,Playoffs: Lower Final,2025-08-23,Lotus,3,Guangzhou Huadu Bilibili Gaming (Bilibili Gaming),EDward Gaming,13,10,Levius,40845,vyse,0.56,165.0,13.0,19.0,5.0,74.0,123.0,31.0,1.0,6.0,5,True
527588,230592,2499,VCT 2025: China Stage 2,Playoffs: Lower Final,2025-08-23,Lotus,3,EDward Gaming,Guangzhou Huadu Bilibili Gaming (Bilibili Gaming),10,13,ZmjjKK,3520,yoru,1.08,253.0,21.0,17.0,2.0,57.0,151.0,21.0,4.0,2.0,5,True
527588,230592,2499,VCT 2025: China Stage 2,Playoffs: Lower Final,2025-08-23,Lotus,3,EDward Gaming,Guangzhou Huadu Bilibili Gaming (Bilibili Gaming),10,13,Jieni7,51244,raze,1.06,243.0,17.0,17.0,4.0,61.0,165.0,20.0,4.0,3.0,5,True
527588,230592,2499,VCT 2025: China Stage 2,Playoffs: Lower Final,2025-08-23,Lotus,3,EDward Gaming,Guangzhou Huadu Bilibili Gaming (Bilibili Gaming),10,13,nobody,3017,fade,0.75,135.0,12.0,16.0,6.0,70.0,79.0,34.0,2.0,2.0,5,True
527588,230592,2499,VCT 2025: China Stage 2,Playoffs: Lower Final,2025-08-23,Lotus,3,EDward Gaming,Guangzhou Huadu Bilibili Gaming (Bilibili Gaming),10,13,Smoggy,4742,omen,0.74,168.0,13.0,19.0,6.0,65.0,110.0,31.0,2.0,1.0,5,True
527588,230592,2499,VCT 2025: China Stage 2,Playoffs: Lower Final,2025-08-23,Lotus,3,EDward Gaming,Guangzhou Huadu Bilibili Gaming (Bilibili Gaming),10,13,CHICHOO,15559,vyse,0.69,196.0,14.0,21.0,7.0,61.0,135.0,28.0,3.0,0.0,5,True
527588,230593,2499,VCT 2025: China Stage 2,Playoffs: Lower Final,2025-08-23,Ascent,4,Guangzhou Huadu Bilibili Gaming (Bilibili Gaming),EDward Gaming,13,7,whzy,4885,neon,1.51,324.0,22.0,13.0,8.0,80.0,196.0,36.0,7.0,4.0,5,True
527588,230593,2499,VCT 2025: China Stage 2,Playoffs: Lower Final,2025-08-23,Ascent,4,Guangzhou Huadu Bilibili Gaming (Bilibili Gaming),EDward Gaming,13,7,Knight,4774,sova,1.47,292.0,22.0,10.0,4.0,85.0,185.0,16.0,2.0,0.0,5,True
527588,230593,2499,VCT 2025: China Stage 2,Playoffs: Lower Final,2025-08-23,Ascent,4,Guangzhou Huadu Bilibili Gaming (Bilibili Gaming),EDward Gaming,13,7,nephh,10698,kayo,1.21,183.0,12.0,10.0,17.0,85.0,121.0,21.0,2.0,1.0,5,True
527588,230593,2499,VCT 2025: China Stage 2,Playoffs: Lower Final,2025-08-23,Ascent,4,Guangzhou Huadu Bilibili Gaming (Bilibili Gaming),EDward Gaming,13,7,rushia,48878,omen,1.18,178.0,13.0,9.0,8.0,70.0,109.0,24.0,1.0,2.0,5,True
527588,230593,2499,VCT 2025: China Stage 2,Playoffs: Lower Final,2025-08-23,Ascent,4,Guangzhou Huadu Bilibili Gaming (Bilibili Gaming),EDward Gaming,13,7,Levius,40845,killjoy,0.98,170.0,13.0,11.0,3.0,75.0,112.0,21.0,1.0,0.0,5,True
527588,230593,2499,VCT 2025: China Stage 2,Playoffs: Lower Final,2025-08-23,Ascent,4,EDward Gaming,Guangzhou Huadu Bilibili Gaming (Bilibili Gaming),7,13,Smoggy,4742,omen,1.06,172.0,13.0,14.0,3.0,55.0,126.0,35.0,1.0,1.0,5,True
527588,230593,2499,VCT 2025: China Stage 2,Playoffs: Lower Final,2025-08-23,Ascent,4,EDward Gaming,Guangzhou Huadu Bilibili Gaming (Bilibili Gaming),7,13,Jieni7,51244,kayo,0.88,177.0,12.0,17.0,10.0,55.0,114.0,28.0,2.0,3.0,5,True
527588,230593,2499,VCT 2025: China Stage 2,Playoffs: Lower Final,2025-08-23,Ascent,4,EDward Gaming,Guangzhou Huadu Bilibili Gaming (Bilibili Gaming),7,13,nobody,3017,sova,0.61,149.0,10.0,17.0,3.0,55.0,101.0,14.0,0.0,1.0,5,True
527588,230593,2499,VCT 2025: China Stage 2,Playoffs: Lower Final,2025-08-23,Ascent,4,EDward Gaming,Guangzhou Huadu Bilibili Gaming (Bilibili Gaming),7,13,ZmjjKK,3520,jett,0.59,171.0,10.0,19.0,2.0,50.0,109.0,21.0,3.0,4.0,5,True
527588,230593,2499,VCT 2025: China Stage 2,Playoffs: Lower Final,2025-08-23,Ascent,4,EDward Gaming,Guangzhou Huadu Bilibili Gaming (Bilibili Gaming),7,13,CHICHOO,15559,cypher,0.58,114.0,8.0,15.0,3.0,50.0,71.0,28.0,1.0,4.0,5,True
527582,230570,2499,VCT 2025: China Stage 2,Playoffs: Grand Final,2025-08-24,Sunset,1,Dragon Ranger Gaming,Guangzhou Huadu Bilibili Gaming (Bilibili Gaming),13,2,Akeman,52904,neon,1.72,328.0,18.0,7.0,2.0,87.0,204.0,23.0,3.0,1.0,5,True
527582,230570,2499,VCT 2025: China Stage 2,Playoffs: Grand Final,2025-08-24,Sunset,1,Dragon Ranger Gaming,Guangzhou Huadu Bilibili Gaming (Bilibili Gaming),13,2,Nicc,11524,fade,1.56,254.0,15.0,5.0,6.0,93.0,153.0,42.0,1.0,0.0,5,True
527582,230570,2499,VCT 2025: China Stage 2,Playoffs: Grand Final,2025-08-24,Sunset,1,Dragon Ranger Gaming,Guangzhou Huadu Bilibili Gaming (Bilibili Gaming),13,2,vo0kashu,3741,cypher,1.55,229.0,14.0,7.0,5.0,93.0,166.0,19.0,0.0,0.0,5,True
527582,230570,2499,VCT 2025: China Stage 2,Playoffs: Grand Final,2025-08-24,Sunset,1,Dragon Ranger Gaming,Guangzhou Huadu Bilibili Gaming (Bilibili Gaming),13,2,SpiritZ1,31753,yoru,1.17,282.0,16.0,11.0,3.0,67.0,175.0,28.0,3.0,2.0,5,True
527582,230570,2499,VCT 2025: China Stage 2,Playoffs: Grand Final,2025-08-24,Sunset,1,Dragon Ranger Gaming,Guangzhou Huadu Bilibili Gaming (Bilibili Gaming),13,2,Flex1n,4705,omen,1.08,178.0,10.0,7.0,9.0,87.0,116.0,31.0,2.0,3.0,5,True
527582,230570,2499,VCT 2025: China Stage 2,Playoffs: Grand Final,2025-08-24,Sunset,1,Guangzhou Huadu Bilibili Gaming (Bilibili Gaming),Dragon Ranger Gaming,2,13,Knight,4774,sova,1.02,254.0,11.0,14.0,1.0,47.0,169.0,29.0,1.0,2.0,5,True
527582,230570,2499,VCT 2025: China Stage 2,Playoffs: Grand Final,2025-08-24,Sunset,1,Guangzhou Huadu Bilibili Gaming (Bilibili Gaming),Dragon Ranger Gaming,2,13,rushia,48878,omen,0.7,152.0,8.0,14.0,5.0,73.0,105.0,21.0,0.0,1.0,5,True
527582,230570,2499,VCT 2025: China Stage 2,Playoffs: Grand Final,2025-08-24,Sunset,1,Guangzhou Huadu Bilibili Gaming (Bilibili Gaming),Dragon Ranger Gaming,2,13,nephh,10698,kayo,0.68,159.0,7.0,15.0,5.0,40.0,105.0,29.0,0.0,0.0,5,True
527582,230570,2499,VCT 2025: China Stage 2,Playoffs: Grand Final,2025-08-24,Sunset,1,Guangzhou Huadu Bilibili Gaming (Bilibili Gaming),Dragon Ranger Gaming,2,13,Levius,40845,cypher,0.31,122.0,6.0,15.0,3.0,47.0,90.0,47.0,2.0,1.0,5,True
527582,230570,2499,VCT 2025: China Stage 2,Playoffs: Grand Final,2025-08-24,Sunset,1,Guangzhou Huadu Bilibili Gaming (Bilibili Gaming),Dragon Ranger Gaming,2,13,whzy,4885,neon,0.25,116.0,5.0,15.0,1.0,47.0,81.0,35.0,3.0,5.0,5,True
527582,230571,2499,VCT 2025: China Stage 2,Playoffs: Grand Final,2025-08-24,Haven,2,Dragon Ranger Gaming,Guangzhou Huadu Bilibili Gaming (Bilibili Gaming),8,13,Flex1n,4705,omen,1.41,248.0,17.0,12.0,11.0,86.0,156.0,25.0,2.0,3.0,5,True
527582,230571,2499,VCT 2025: China Stage 2,Playoffs: Grand Final,2025-08-24,Haven,2,Dragon Ranger Gaming,Guangzhou Huadu Bilibili Gaming (Bilibili Gaming),8,13,SpiritZ1,31753,yoru,0.89,206.0,14.0,17.0,0.0,48.0,147.0,42.0,2.0,2.0,5,True
527582,230571,2499,VCT 2025: China Stage 2,Playoffs: Grand Final,2025-08-24,Haven,2,Dragon Ranger Gaming,Guangzhou Huadu Bilibili Gaming (Bilibili Gaming),8,13,Nicc,11524,sova,0.68,164.0,9.0,17.0,10.0,57.0,111.0,31.0,1.0,4.0,5,True
527582,230571,2499,VCT 2025: China Stage 2,Playoffs: Grand Final,2025-08-24,Haven,2,Dragon Ranger Gaming,Guangzhou Huadu Bilibili Gaming (Bilibili Gaming),8,13,Akeman,52904,cypher,0.66,144.0,10.0,17.0,7.0,67.0,95.0,16.0,1.0,2.0,5,True
527582,230571,2499,VCT 2025: China Stage 2,Playoffs: Grand Final,2025-08-24,Haven,2,Dragon Ranger Gaming,Guangzhou Huadu Bilibili Gaming (Bilibili Gaming),8,13,vo0kashu,3741,iso,0.64,118.0,8.0,15.0,4.0,62.0,75.0,21.0,2.0,2.0,5,True
527582,230571,2499,VCT 2025: China Stage 2,Playoffs: Grand Final,2025-08-24,Haven,2,Guangzhou Huadu Bilibili Gaming (Bilibili Gaming),Dragon Ranger Gaming,13,8,whzy,4885,neon,1.43,312.0,23.0,13.0,3.0,71.0,202.0,38.0,5.0,3.0,5,True
527582,230571,2499,VCT 2025: China Stage 2,Playoffs: Grand Final,2025-08-24,Haven,2,Guangzhou Huadu Bilibili Gaming (Bilibili Gaming),Dragon Ranger Gaming,13,8,nephh,10698,breach,1.38,182.0,14.0,8.0,10.0,81.0,132.0,34.0,0.0,0.0,5,True
527582,230571,2499,VCT 2025: China Stage 2,Playoffs: Grand Final,2025-08-24,Haven,2,Guangzhou Huadu Bilibili Gaming (Bilibili Gaming),Dragon Ranger Gaming,13,8,Levius,40845,cypher,1.05,185.0,13.0,12.0,8.0,86.0,109.0,33.0,3.0,3.0,5,True
527582,230571,2499,VCT 2025: China Stage 2,Playoffs: Grand Final,2025-08-24,Haven,2,Guangzhou Huadu Bilibili Gaming (Bilibili Gaming),Dragon Ranger Gaming,13,8,rushia,48878,omen,1.01,176.0,12.0,12.0,8.0,86.0,111.0,24.0,3.0,2.0,5,True
527582,230571,2499,VCT 2025: China Stage 2,Playoffs: Grand Final,2025-08-24,Haven,2,Guangzhou Huadu Bilibili Gaming (Bilibili Gaming),Dragon Ranger Gaming,13,8,Knight,4774,sova,1.0,187.0,16.0,13.0,3.0,71.0,115.0,25.0,2.0,0.0,5,True
527582,230572,2499,VCT 2025: China Stage 2,Playoffs: Grand Final,2025-08-24,Corrode,3,Dragon Ranger Gaming,Guangzhou Huadu Bilibili Gaming (Bilibili Gaming),10,13,SpiritZ1,31753,yoru,1.17,257.0,21.0,16.0,3.0,65.0,160.0,50.0,6.0,3.0,5,True
527582,230572,2499,VCT 2025: China Stage 2,Playoffs: Grand Final,2025-08-24,Corrode,3,Dragon Ranger Gaming,Guangzhou Huadu Bilibili Gaming (Bilibili Gaming),10,13,vo0kashu,3741,cypher,1.09,203.0,19.0,16.0,0.0,65.0,129.0,27.0,2.0,3.0,5,True
527582,230572,2499,VCT 2025: China Stage 2,Playoffs: Grand Final,2025-08-24,Corrode,3,Dragon Ranger Gaming,Guangzhou Huadu Bilibili Gaming (Bilibili Gaming),10,13,Nicc,11524,gekko,0.88,197.0,14.0,17.0,5.0,65.0,148.0,40.0,1.0,2.0,5,True
527582,230572,2499,VCT 2025: China Stage 2,Playoffs: Grand Final,2025-08-24,Corrode,3,Dragon Ranger Gaming,Guangzhou Huadu Bilibili Gaming (Bilibili Gaming),10,13,Flex1n,4705,omen,0.86,135.0,11.0,16.0,11.0,65.0,81.0,29.0,1.0,0.0,5,True
527582,230572,2499,VCT 2025: China Stage 2,Playoffs: Grand Final,2025-08-24,Corrode,3,Dragon Ranger Gaming,Guangzhou Huadu Bilibili Gaming (Bilibili Gaming),10,13,Akeman,52904,clove,0.64,189.0,12.0,21.0,12.0,78.0,130.0,35.0,2.0,3.0,5,True
527582,230572,2499,VCT 2025: China Stage 2,Playoffs: Grand Final,2025-08-24,Corrode,3,Guangzhou Huadu Bilibili Gaming (Bilibili Gaming),Dragon Ranger Gaming,13,10,rushia,48878,omen,1.22,210.0,17.0,11.0,5.0,83.0,132.0,22.0,2.0,1.0,5,True
527582,230572,2499,VCT 2025: China Stage 2,Playoffs: Grand Final,2025-08-24,Corrode,3,Guangzhou Huadu Bilibili Gaming (Bilibili Gaming),Dragon Ranger Gaming,13,10,Knight,4774,sova,1.15,221.0,19.0,15.0,5.0,74.0,136.0,22.0,1.0,3.0,5,True
527582,230572,2499,VCT 2025: China Stage 2,Playoffs: Grand Final,2025-08-24,Corrode,3,Guangzhou Huadu Bilibili Gaming (Bilibili Gaming),Dragon Ranger Gaming,13,10,nephh,10698,deadlock,1.11,210.0,17.0,16.0,10.0,74.0,134.0,17.0,4.0,1.0,5,True
527582,230572,2499,VCT 2025: China Stage 2,Playoffs: Grand Final,2025-08-24,Corrode,3,Guangzhou Huadu Bilibili Gaming (Bilibili Gaming),Dragon Ranger Gaming,13,10,Levius,40845,viper,1.03,201.0,16.0,15.0,8.0,74.0,126.0,29.0,2.0,3.0,5,True
527582,230572,2499,VCT 2025: China Stage 2,Playoffs: Grand Final,2025-08-24,Corrode,3,Guangzhou Huadu Bilibili Gaming (Bilibili Gaming),Dragon Ranger Gaming,13,10,whzy,4885,neon,0.83,196.0,17.0,20.0,6.0,61.0,105.0,30.0,2.0,4.0,5,True
527582,230573,2499,VCT 2025: China Stage 2,Playoffs: Grand Final,2025-08-24,Lotus,4,Dragon Ranger Gaming,Guangzhou Huadu Bilibili Gaming (Bilibili Gaming),9,13,vo0kashu,3741,cypher,1.21,269.0,20.0,15.0,6.0,82.0,176.0,26.0,0.0,0.0,5,True
527582,230573,2499,VCT 2025: China Stage 2,Playoffs: Grand Final,2025-08-24,Lotus,4,Dragon Ranger Gaming,Guangzhou Huadu Bilibili Gaming (Bilibili Gaming),9,13,Flex1n,4705,omen,0.99,185.0,15.0,14.0,6.0,82.0,129.0,40.0,1.0,0.0,5,True
527582,230573,2499,VCT 2025: China Stage 2,Playoffs: Grand Final,2025-08-24,Lotus,4,Dragon Ranger Gaming,Guangzhou Huadu Bilibili Gaming (Bilibili Gaming),9,13,Nicc,11524,breach,0.86,174.0,13.0,16.0,11.0,59.0,126.0,23.0,0.0,1.0,5,True
527582,230573,2499,VCT 2025: China Stage 2,Playoffs: Grand Final,2025-08-24,Lotus,4,Dragon Ranger Gaming,Guangzhou Huadu Bilibili Gaming (Bilibili Gaming),9,13,SpiritZ1,31753,yoru,0.74,185.0,14.0,18.0,5.0,64.0,109.0,28.0,5.0,5.0,5,True
527582,230573,2499,VCT 2025: China Stage 2,Playoffs: Grand Final,2025-08-24,Lotus,4,Dragon Ranger Gaming,Guangzhou Huadu Bilibili Gaming (Bilibili Gaming),9,13,Akeman,52904,neon,0.54,161.0,14.0,18.0,1.0,50.0,100.0,24.0,2.0,8.0,5,True
527582,230573,2499,VCT 2025: China Stage 2,Playoffs: Grand Final,2025-08-24,Lotus,4,Guangzhou Huadu Bilibili Gaming (Bilibili Gaming),Dragon Ranger Gaming,13,9,whzy,4885,raze,1.44,263.0,21.0,16.0,4.0,68.0,179.0,26.0,4.0,2.0,5,True
527582,230573,2499,VCT 2025: China Stage 2,Playoffs: Grand Final,2025-08-24,Lotus,4,Guangzhou Huadu Bilibili Gaming (Bilibili Gaming),Dragon Ranger Gaming,13,9,rushia,48878,viper,1.42,281.0,21.0,14.0,7.0,77.0,173.0,23.0,2.0,2.0,5,True
527582,230573,2499,VCT 2025: China Stage 2,Playoffs: Grand Final,2025-08-24,Lotus,4,Guangzhou Huadu Bilibili Gaming (Bilibili Gaming),Dragon Ranger Gaming,13,9,Levius,40845,vyse,1.28,281.0,16.0,14.0,5.0,77.0,173.0,23.0,4.0,1.0,5,True
527582,230573,2499,VCT 2025: China Stage 2,Playoffs: Grand Final,2025-08-24,Lotus,4,Guangzhou Huadu Bilibili Gaming (Bilibili Gaming),Dragon Ranger Gaming,13,9,Knight,4774,fade,0.98,157.0,13.0,15.0,7.0,86.0,101.0,21.0,2.0,1.0,5,True
527582,230573,2499,VCT 2025: China Stage 2,Playoffs: Grand Final,2025-08-24,Lotus,4,Guangzhou Huadu Bilibili Gaming (Bilibili Gaming),Dragon Ranger Gaming,13,9,nephh,10698,omen,0.62,142.0,10.0,17.0,7.0,68.0,91.0,5.0,2.0,2.0,5,True
