match_id,game_id,event_id,event,stage,date,map,map_order,team,opp,team_rounds,opp_rounds,player,player_id,agent,rating,acs,k,d,a,kast,adr,hs,fk,fd,best_of,completed
598923,245204,2685,VCT 2026: China Kickoff,Main Event: Upper Round 1,2026-01-22,Abyss,1,Trace Esports,Wolves Esports,13,7,Kai,37494,yoru,,283.0,21.0,13.0,0.0,,,,,,3,True
598923,245204,2685,VCT 2026: China Kickoff,Main Event: Upper Round 1,2026-01-22,Abyss,1,Trace Esports,Wolves Esports,13,7,deLb,10821,waylay,,190.0,14.0,13.0,6.0,,,,,,3,True
598923,245204,2685,VCT 2026: China Kickoff,Main Event: Upper Round 1,2026-01-22,Abyss,1,Trace Esports,Wolves Esports,13,7,FengF,4770,breach,,188.0,16.0,11.0,4.0,,,,,,3,True
598923,245204,2685,VCT 2026: China Kickoff,Main Event: Upper Round 1,2026-01-22,Abyss,1,Trace Esports,Wolves Esports,13,7,LuoK1ng,3045,astra,,175.0,13.0,11.0,4.0,,,,,,3,True
598923,245204,2685,VCT 2026: China Kickoff,Main Event: Upper Round 1,2026-01-22,Abyss,1,Trace Esports,Wolves Esports,13,7,Viva,36415,sova,,170.0,10.0,11.0,10.0,,,,,,3,True
598923,245204,2685,VCT 2026: China Kickoff,Main Event: Upper Round 1,2026-01-22,Abyss,1,Wolves Esports,Trace Esports,7,13,Spring,14125,waylay,,247.0,17.0,16.0,3.0,,,,,,3,True
598923,245204,2685,VCT 2026: China Kickoff,Main Event: Upper Round 1,2026-01-22,Abyss,1,Wolves Esports,Trace Esports,7,13,jowa,19292,kayo,,167.0,11.0,15.0,2.0,,,,,,3,True
598923,245204,2685,VCT 2026: China Kickoff,Main Event: Upper Round 1,2026-01-22,Abyss,1,Wolves Esports,Trace Esports,7,13,SiuFatBB,7849,sova,,166.0,12.0,14.0,3.0,,,,,,3,True
598923,245204,2685,VCT 2026: China Kickoff,Main Event: Upper Round 1,2026-01-22,Abyss,1,Wolves Esports,Trace Esports,7,13,qiutiaN,43007,omen,,133.0,8.0,16.0,5.0,,,,,,3,True
598923,245204,2685,VCT 2026: China Kickoff,Main Event: Upper Round 1,2026-01-22,Abyss,1,Wolves Esports,Trace Esports,7,13,yosemite,6022,astra,,109.0,6.0,18.0,11.0,,,,,,3,True
598923,245205,2685,VCT 2026: China Kickoff,Main Event: Upper Round 1,2026-01-22,Haven,2,Trace Esports,Wolves Esports,11,13,FengF,4770,killjoy,,239.0,20.0,13.0,4.0,,,,,,3,True
598923,245205,2685,VCT 2026: China Kickoff,Main Event: Upper Round 1,2026-01-22,Haven,2,Trace Esports,Wolves Esports,11,13,deLb,10821,viper,,191.0,16.0,16.0,4.0,,,,,,3,True
598923,245205,2685,VCT 2026: China Kickoff,Main Event: Upper Round 1,2026-01-22,Haven,2,Trace Esports,Wolves Esports,11,13,Kai,37494,neon,,188.0,15.0,18.0,4.0,,,,,,3,True
598923,245205,2685,VCT 2026: China Kickoff,Main Event: Upper Round 1,2026-01-22,Haven,2,Trace Esports,Wolves Esports,11,13,Viva,36415,sova,,187.0,15.0,15.0,9.0,,,,,,3,True
598923,245205,2685,VCT 2026: China Kickoff,Main Event: Upper Round 1,2026-01-22,Haven,2,Trace Esports,Wolves Esports,11,13,LuoK1ng,3045,omen,,141.0,11.0,18.0,12.0,,,,,,3,True
598923,245205,2685,VCT 2026: China Kickoff,Main Event: Upper Round 1,2026-01-22,Haven,2,Wolves Esports,Trace Esports,13,11,jowa,19292,omen,,274.0,22.0,15.0,14.0,,,,,,3,True
598923,245205,2685,VCT 2026: China Kickoff,Main Event: Upper Round 1,2026-01-22,Haven,2,Wolves Esports,Trace Esports,13,11,Spring,14125,neon,,192.0,16.0,21.0,10.0,,,,,,3,True
598923,245205,2685,VCT 2026: China Kickoff,Main Event: Upper Round 1,2026-01-22,Haven,2,Wolves Esports,Trace Esports,13,11,yosemite,6022,viper,,168.0,15.0,15.0,6.0,,,,,,3,True
598923,245205,2685,VCT 2026: China Kickoff,Main Event: Upper Round 1,2026-01-22,Haven,2,Wolves Esports,Trace Esports,13,11,qiutiaN,43007,killjoy,,151.0,15.0,15.0,1.0,,,,,,3,True
598923,245205,2685,VCT 2026: China Kickoff,Main Event: Upper Round 1,2026-01-22,Haven,2,Wolves Esports,Trace Esports,13,11,SiuFatBB,7849,sova,,150.0,12.0,11.0,8.0,,,,,,3,True
598923,245206,2685,VCT 2026: China Kickoff,Main Event: Upper Round 1,2026-01-22,Bind,3,Trace Esports,Wolves Esports,5,13,FengF,4770,raze,,205.0,12.0,13.0,4.0,,,,,,3,True
598923,245206,2685,VCT 2026: China Kickoff,Main Event: Upper Round 1,2026-01-22,Bind,3,Trace Esports,Wolves Esports,5,13,Viva,36415,fade,,186.0,12.0,14.0,6.0,,,,,,3,True
598923,245206,2685,VCT 2026: China Kickoff,Main Event: Upper Round 1,2026-01-22,Bind,3,Trace Esports,Wolves Esports,5,13,LuoK1ng,3045,brimstone,,122.0,6.0,14.0,5.0,,,,,,3,True
598923,245206,2685,VCT 2026: China Kickoff,Main Event: Upper Round 1,2026-01-22,Bind,3,Trace Esports,Wolves Esports,5,13,deLb,10821,viper,,115.0,8.0,14.0,1.0,,,,,,3,True
598923,245206,2685,VCT 2026: China Kickoff,Main Event: Upper Round 1,2026-01-22,Bind,3,Trace Esports,Wolves Esports,5,13,Kai,37494,yoru,,89.0,4.0,14.0,3.0,,,,,,3,True
598923,245206,2685,VCT 2026: China Kickoff,Main Event: Upper Round 1,2026-01-22,Bind,3,Wolves Esports,Trace Esports,13,5,yosemite,6022,viper,,287.0,20.0,9.0,3.0,,,,,,3,True
598923,245206,2685,VCT 2026: China Kickoff,Main Event: Upper Round 1,2026-01-22,Bind,3,Wolves Esports,Trace Esports,13,5,jowa,19292,brimstone,,275.0,16.0,8.0,13.0,,,,,,3,True
598923,245206,2685,VCT 2026: China Kickoff,Main Event: Upper Round 1,2026-01-22,Bind,3,Wolves Esports,Trace Esports,13,5,qiutiaN,43007,chamber,,215.0,15.0,8.0,2.0,,,,,,3,True
598923,245206,2685,VCT 2026: China Kickoff,Main Event: Upper Round 1,2026-01-22,Bind,3,Wolves Esports,Trace Esports,13,5,Spring,14125,waylay,,177.0,12.0,9.0,3.0,,,,,,3,True
598923,245206,2685,VCT 2026: China Kickoff,Main Event: Upper Round 1,2026-01-22,Bind,3,Wolves Esports,Trace Esports,13,5,SiuFatBB,7849,skye,,106.0,6.0,8.0,5.0,,,,,,3,True
598924,245207,2685,VCT 2026: China Kickoff,Main Event: Upper Round 1,2026-01-22,Pearl,1,FunPlus Phoenix,TYLOO,3,13,Life,3028,yoru,,168.0,10.0,14.0,2.0,,,,,,3,True
598924,245207,2685,VCT 2026: China Kickoff,Main Event: Upper Round 1,2026-01-22,Pearl,1,FunPlus Phoenix,TYLOO,3,13,Setrod,50025,neon,,167.0,8.0,15.0,6.0,,,,,,3,True
598924,245207,2685,VCT 2026: China Kickoff,Main Event: Upper Round 1,2026-01-22,Pearl,1,FunPlus Phoenix,TYLOO,3,13,AAAAY,19530,killjoy,,163.0,9.0,14.0,1.0,,,,,,3,True
598924,245207,2685,VCT 2026: China Kickoff,Main Event: Upper Round 1,2026-01-22,Pearl,1,FunPlus Phoenix,TYLOO,3,13,BerLIN,7857,sova,,104.0,5.0,13.0,2.0,,,,,,3,True
598924,245207,2685,VCT 2026: China Kickoff,Main Event: Upper Round 1,2026-01-22,Pearl,1,FunPlus Phoenix,TYLOO,3,13,sScary,4382,astra,,90.0,4.0,13.0,4.0,,,,,,3,True
598924,245207,2685,VCT 2026: China Kickoff,Main Event: Upper Round 1,2026-01-22,Pearl,1,TYLOO,FunPlus Phoenix,13,3,splash,36685,neon,,345.0,21.0,9.0,2.0,,,,,,3,True
598924,245207,2685,VCT 2026: China Kickoff,Main Event: Upper Round 1,2026-01-22,Pearl,1,TYLOO,FunPlus Phoenix,13,3,Erv,55085,astra,,300.0,17.0,9.0,10.0,,,,,,3,True
598924,245207,2685,VCT 2026: China Kickoff,Main Event: Upper Round 1,2026-01-22,Pearl,1,TYLOO,FunPlus Phoenix,13,3,slowly,41739,yoru,,247.0,15.0,6.0,9.0,,,,,,3,True
598924,245207,2685,VCT 2026: China Kickoff,Main Event: Upper Round 1,2026-01-22,Pearl,1,TYLOO,FunPlus Phoenix,13,3,sword9,3049,sova,,145.0,9.0,6.0,2.0,,,,,,3,True
598924,245207,2685,VCT 2026: China Kickoff,Main Event: Upper Round 1,2026-01-22,Pearl,1,TYLOO,FunPlus Phoenix,13,3,Scales,39485,killjoy,,139.0,7.0,6.0,2.0,,,,,,3,True
598924,245208,2685,VCT 2026: China Kickoff,Main Event: Upper Round 1,2026-01-22,Haven,2,FunPlus Phoenix,TYLOO,4,13,sScary,4382,omen,,220.0,12.0,15.0,8.0,,,,,,3,True
598924,245208,2685,VCT 2026: China Kickoff,Main Event: Upper Round 1,2026-01-22,Haven,2,FunPlus Phoenix,TYLOO,4,13,BerLIN,7857,sova,,174.0,9.0,16.0,5.0,,,,,,3,True
598924,245208,2685,VCT 2026: China Kickoff,Main Event: Upper Round 1,2026-01-22,Haven,2,FunPlus Phoenix,TYLOO,4,13,Setrod,50025,viper,,147.0,8.0,16.0,7.0,,,,,,3,True
598924,245208,2685,VCT 2026: China Kickoff,Main Event: Upper Round 1,2026-01-22,Haven,2,FunPlus Phoenix,TYLOO,4,13,AAAAY,19530,killjoy,,129.0,8.0,16.0,0.0,,,,,,3,True
598924,245208,2685,VCT 2026: China Kickoff,Main Event: Upper Round 1,2026-01-22,Haven,2,FunPlus Phoenix,TYLOO,4,13,Life,3028,neon,,110.0,6.0,16.0,3.0,,,,,,3,True
598924,245208,2685,VCT 2026: China Kickoff,Main Event: Upper Round 1,2026-01-22,Haven,2,TYLOO,FunPlus Phoenix,13,4,slowly,41739,killjoy,,327.0,21.0,8.0,2.0,,,,,,3,True
598924,245208,2685,VCT 2026: China Kickoff,Main Event: Upper Round 1,2026-01-22,Haven,2,TYLOO,FunPlus Phoenix,13,4,Erv,55085,omen,,247.0,14.0,9.0,11.0,,,,,,3,True
598924,245208,2685,VCT 2026: China Kickoff,Main Event: Upper Round 1,2026-01-22,Haven,2,TYLOO,FunPlus Phoenix,13,4,splash,36685,neon,,243.0,16.0,11.0,5.0,,,,,,3,True
598924,245208,2685,VCT 2026: China Kickoff,Main Event: Upper Round 1,2026-01-22,Haven,2,TYLOO,FunPlus Phoenix,13,4,Scales,39485,viper,,221.0,15.0,8.0,7.0,,,,,,3,True
598924,245208,2685,VCT 2026: China Kickoff,Main Event: Upper Round 1,2026-01-22,Haven,2,TYLOO,FunPlus Phoenix,13,4,sword9,3049,sova,,197.0,13.0,7.0,7.0,,,,,,3,True
598921,245198,2685,VCT 2026: China Kickoff,Main Event: Upper Round 1,2026-01-23,Split,1,All Gamers,Nova Esports,13,7,f4ngeer,21216,waylay,,255.0,20.0,12.0,2.0,,,,,,3,True
598921,245198,2685,VCT 2026: China Kickoff,Main Event: Upper Round 1,2026-01-23,Split,1,All Gamers,Nova Esports,13,7,Au1,55038,viper,,240.0,16.0,9.0,7.0,,,,,,3,True
598921,245198,2685,VCT 2026: China Kickoff,Main Event: Upper Round 1,2026-01-23,Split,1,All Gamers,Nova Esports,13,7,K1ra,46748,raze,,234.0,16.0,14.0,5.0,,,,,,3,True
598921,245198,2685,VCT 2026: China Kickoff,Main Event: Upper Round 1,2026-01-23,Split,1,All Gamers,Nova Esports,13,7,Shr1mp,25494,skye,,186.0,15.0,10.0,3.0,,,,,,3,True
598921,245198,2685,VCT 2026: China Kickoff,Main Event: Upper Round 1,2026-01-23,Split,1,All Gamers,Nova Esports,13,7,iamgrq,58959,omen,,131.0,9.0,10.0,7.0,,,,,,3,True
598921,245198,2685,VCT 2026: China Kickoff,Main Event: Upper Round 1,2026-01-23,Split,1,Nova Esports,All Gamers,7,13,GuanG,41054,waylay,,230.0,16.0,17.0,3.0,,,,,,3,True
598921,245198,2685,VCT 2026: China Kickoff,Main Event: Upper Round 1,2026-01-23,Split,1,Nova Esports,All Gamers,7,13,GREEN,34181,raze,,223.0,16.0,13.0,3.0,,,,,,3,True
598921,245198,2685,VCT 2026: China Kickoff,Main Event: Upper Round 1,2026-01-23,Split,1,Nova Esports,All Gamers,7,13,Ezeir,46460,viper,,148.0,11.0,14.0,2.0,,,,,,3,True
598921,245198,2685,VCT 2026: China Kickoff,Main Event: Upper Round 1,2026-01-23,Split,1,Nova Esports,All Gamers,7,13,heybay,4712,skye,,124.0,6.0,16.0,8.0,,,,,,3,True
598921,245198,2685,VCT 2026: China Kickoff,Main Event: Upper Round 1,2026-01-23,Split,1,Nova Esports,All Gamers,7,13,OBONE,36670,omen,,110.0,6.0,16.0,6.0,,,,,,3,True
598921,245199,2685,VCT 2026: China Kickoff,Main Event: Upper Round 1,2026-01-23,Pearl,2,All Gamers,Nova Esports,16,14,f4ngeer,21216,yoru,,284.0,35.0,18.0,5.0,,,,,,3,True
598921,245199,2685,VCT 2026: China Kickoff,Main Event: Upper Round 1,2026-01-23,Pearl,2,All Gamers,Nova Esports,16,14,iamgrq,58959,waylay,,228.0,24.0,19.0,5.0,,,,,,3,True
598921,245199,2685,VCT 2026: China Kickoff,Main Event: Upper Round 1,2026-01-23,Pearl,2,All Gamers,Nova Esports,16,14,Au1,55038,killjoy,,203.0,20.0,22.0,7.0,,,,,,3,True
598921,245199,2685,VCT 2026: China Kickoff,Main Event: Upper Round 1,2026-01-23,Pearl,2,All Gamers,Nova Esports,16,14,K1ra,46748,astra,,196.0,19.0,18.0,17.0,,,,,,3,True
598921,245199,2685,VCT 2026: China Kickoff,Main Event: Upper Round 1,2026-01-23,Pearl,2,All Gamers,Nova Esports,16,14,Shr1mp,25494,fade,,177.0,17.0,21.0,12.0,,,,,,3,True
598921,245199,2685,VCT 2026: China Kickoff,Main Event: Upper Round 1,2026-01-23,Pearl,2,Nova Esports,All Gamers,14,16,GREEN,34181,killjoy,,263.0,26.0,26.0,8.0,,,,,,3,True
598921,245199,2685,VCT 2026: China Kickoff,Main Event: Upper Round 1,2026-01-23,Pearl,2,Nova Esports,All Gamers,14,16,GuanG,41054,neon,,231.0,27.0,26.0,2.0,,,,,,3,True
598921,245199,2685,VCT 2026: China Kickoff,Main Event: Upper Round 1,2026-01-23,Pearl,2,Nova Esports,All Gamers,14,16,heybay,4712,fade,,204.0,22.0,19.0,3.0,,,,,,3,True
598921,245199,2685,VCT 2026: China Kickoff,Main Event: Upper Round 1,2026-01-23,Pearl,2,Nova Esports,All Gamers,14,16,OBONE,36670,astra,,132.0,10.0,21.0,22.0,,,,,,3,True
598921,245199,2685,VCT 2026: China Kickoff,Main Event: Upper Round 1,2026-01-23,Pearl,2,Nova Esports,All Gamers,14,16,Ezeir,46460,tejo,,127.0,13.0,23.0,9.0,,,,,,3,True
598922,245201,2685,VCT 2026: China Kickoff,Main Event: Upper Round 1,2026-01-23,Corrode,1,JD Mall JDG Esports (JD Gaming),Wuxi Titan Esports Club (Titan Esports Club),13,6,zhe,49476,yoru,,298.0,21.0,11.0,7.0,,,,,,3,True
598922,245201,2685,VCT 2026: China Kickoff,Main Event: Upper Round 1,2026-01-23,Corrode,1,JD Mall JDG Esports (JD Gaming),Wuxi Titan Esports Club (Titan Esports Club),13,6,stew,16924,waylay,,286.0,19.0,11.0,8.0,,,,,,3,True
598922,245201,2685,VCT 2026: China Kickoff,Main Event: Upper Round 1,2026-01-23,Corrode,1,JD Mall JDG Esports (JD Gaming),Wuxi Titan Esports Club (Titan Esports Club),13,6,jkuro,3519,omen,,232.0,17.0,13.0,5.0,,,,,,3,True
598922,245201,2685,VCT 2026: China Kickoff,Main Event: Upper Round 1,2026-01-23,Corrode,1,JD Mall JDG Esports (JD Gaming),Wuxi Titan Esports Club (Titan Esports Club),13,6,Yuicaw,11218,viper,,170.0,11.0,13.0,6.0,,,,,,3,True
598922,245201,2685,VCT 2026: China Kickoff,Main Event: Upper Round 1,2026-01-23,Corrode,1,JD Mall JDG Esports (JD Gaming),Wuxi Titan Esports Club (Titan Esports Club),13,6,coconut,12365,fade,,145.0,11.0,14.0,3.0,,,,,,3,True
598922,245201,2685,VCT 2026: China Kickoff,Main Event: Upper Round 1,2026-01-23,Corrode,1,Wuxi Titan Esports Club (Titan Esports Club),JD Mall JDG Esports (JD Gaming),6,13,lucas,19677,sova,,228.0,15.0,14.0,6.0,,,,,,3,True
598922,245201,2685,VCT 2026: China Kickoff,Main Event: Upper Round 1,2026-01-23,Corrode,1,Wuxi Titan Esports Club (Titan Esports Club),JD Mall JDG Esports (JD Gaming),6,13,Haodong,4720,kayo,,225.0,16.0,15.0,9.0,,,,,,3,True
598922,245201,2685,VCT 2026: China Kickoff,Main Event: Upper Round 1,2026-01-23,Corrode,1,Wuxi Titan Esports Club (Titan Esports Club),JD Mall JDG Esports (JD Gaming),6,13,Abo,5011,omen,,189.0,11.0,18.0,9.0,,,,,,3,True
598922,245201,2685,VCT 2026: China Kickoff,Main Event: Upper Round 1,2026-01-23,Corrode,1,Wuxi Titan Esports Club (Titan Esports Club),JD Mall JDG Esports (JD Gaming),6,13,Coco,47629,viper,,177.0,11.0,15.0,3.0,,,,,,3,True
598922,245201,2685,VCT 2026: China Kickoff,Main Event: Upper Round 1,2026-01-23,Corrode,1,Wuxi Titan Esports Club (Titan Esports Club),JD Mall JDG Esports (JD Gaming),6,13,Dynamite,42235,waylay,,134.0,9.0,17.0,2.0,,,,,,3,True
598922,245202,2685,VCT 2026: China Kickoff,Main Event: Upper Round 1,2026-01-23,Haven,2,JD Mall JDG Esports (JD Gaming),Wuxi Titan Esports Club (Titan Esports Club),6,13,Yuicaw,11218,cypher,,209.0,13.0,15.0,4.0,,,,,,3,True
598922,245202,2685,VCT 2026: China Kickoff,Main Event: Upper Round 1,2026-01-23,Haven,2,JD Mall JDG Esports (JD Gaming),Wuxi Titan Esports Club (Titan Esports Club),6,13,jkuro,3519,omen,,208.0,13.0,15.0,8.0,,,,,,3,True
598922,245202,2685,VCT 2026: China Kickoff,Main Event: Upper Round 1,2026-01-23,Haven,2,JD Mall JDG Esports (JD Gaming),Wuxi Titan Esports Club (Titan Esports Club),6,13,coconut,12365,sova,,117.0,8.0,12.0,4.0,,,,,,3,True
598922,245202,2685,VCT 2026: China Kickoff,Main Event: Upper Round 1,2026-01-23,Haven,2,JD Mall JDG Esports (JD Gaming),Wuxi Titan Esports Club (Titan Esports Club),6,13,zhe,49476,yoru,,117.0,8.0,12.0,4.0,,,,,,3,True
598922,245202,2685,VCT 2026: China Kickoff,Main Event: Upper Round 1,2026-01-23,Haven,2,JD Mall JDG Esports (JD Gaming),Wuxi Titan Esports Club (Titan Esports Club),6,13,stew,16924,neon,,112.0,7.0,14.0,6.0,,,,,,3,True
598922,245202,2685,VCT 2026: China Kickoff,Main Event: Upper Round 1,2026-01-23,Haven,2,Wuxi Titan Esports Club (Titan Esports Club),JD Mall JDG Esports (JD Gaming),13,6,Abo,5011,killjoy,,260.0,17.0,10.0,4.0,,,,,,3,True
598922,245202,2685,VCT 2026: China Kickoff,Main Event: Upper Round 1,2026-01-23,Haven,2,Wuxi Titan Esports Club (Titan Esports Club),JD Mall JDG Esports (JD Gaming),13,6,Dynamite,42235,neon,,225.0,15.0,14.0,4.0,,,,,,3,True
598922,245202,2685,VCT 2026: China Kickoff,Main Event: Upper Round 1,2026-01-23,Haven,2,Wuxi Titan Esports Club (Titan Esports Club),JD Mall JDG Esports (JD Gaming),13,6,Coco,47629,viper,,184.0,13.0,10.0,8.0,,,,,,3,True
598922,245202,2685,VCT 2026: China Kickoff,Main Event: Upper Round 1,2026-01-23,Haven,2,Wuxi Titan Esports Club (Titan Esports Club),JD Mall JDG Esports (JD Gaming),13,6,lucas,19677,sova,,183.0,14.0,8.0,4.0,,,,,,3,True
598922,245202,2685,VCT 2026: China Kickoff,Main Event: Upper Round 1,2026-01-23,Haven,2,Wuxi Titan Esports Club (Titan Esports Club),JD Mall JDG Esports (JD Gaming),13,6,Haodong,4720,omen,,124.0,9.0,11.0,6.0,,,,,,3,True
598922,245203,2685,VCT 2026: China Kickoff,Main Event: Upper Round 1,2026-01-23,Abyss,3,JD Mall JDG Esports (JD Gaming),Wuxi Titan Esports Club (Titan Esports Club),13,10,stew,16924,waylay,,258.0,21.0,16.0,4.0,,,,,,3,True
598922,245203,2685,VCT 2026: China Kickoff,Main Event: Upper Round 1,2026-01-23,Abyss,3,JD Mall JDG Esports (JD Gaming),Wuxi Titan Esports Club (Titan Esports Club),13,10,Yuicaw,11218,cypher,,251.0,21.0,15.0,8.0,,,,,,3,True
598922,245203,2685,VCT 2026: China Kickoff,Main Event: Upper Round 1,2026-01-23,Abyss,3,JD Mall JDG Esports (JD Gaming),Wuxi Titan Esports Club (Titan Esports Club),13,10,zhe,49476,yoru,,200.0,16.0,15.0,6.0,,,,,,3,True
598922,245203,2685,VCT 2026: China Kickoff,Main Event: Upper Round 1,2026-01-23,Abyss,3,JD Mall JDG Esports (JD Gaming),Wuxi Titan Esports Club (Titan Esports Club),13,10,jkuro,3519,astra,,166.0,14.0,16.0,9.0,,,,,,3,True
598922,245203,2685,VCT 2026: China Kickoff,Main Event: Upper Round 1,2026-01-23,Abyss,3,JD Mall JDG Esports (JD Gaming),Wuxi Titan Esports Club (Titan Esports Club),13,10,coconut,12365,sova,,123.0,10.0,15.0,3.0,,,,,,3,True
598922,245203,2685,VCT 2026: China Kickoff,Main Event: Upper Round 1,2026-01-23,Abyss,3,Wuxi Titan Esports Club (Titan Esports Club),JD Mall JDG Esports (JD Gaming),10,13,Coco,47629,sova,,215.0,18.0,16.0,4.0,,,,,,3,True
598922,245203,2685,VCT 2026: China Kickoff,Main Event: Upper Round 1,2026-01-23,Abyss,3,Wuxi Titan Esports Club (Titan Esports Club),JD Mall JDG Esports (JD Gaming),10,13,lucas,19677,tejo,,192.0,15.0,18.0,6.0,,,,,,3,True
598922,245203,2685,VCT 2026: China Kickoff,Main Event: Upper Round 1,2026-01-23,Abyss,3,Wuxi Titan Esports Club (Titan Esports Club),JD Mall JDG Esports (JD Gaming),10,13,Dynamite,42235,waylay,,192.0,15.0,15.0,5.0,,,,,,3,True
598922,245203,2685,VCT 2026: China Kickoff,Main Event: Upper Round 1,2026-01-23,Abyss,3,Wuxi Titan Esports Club (Titan Esports Club),JD Mall JDG Esports (JD Gaming),10,13,Abo,5011,neon,,175.0,15.0,17.0,6.0,,,,,,3,True
598922,245203,2685,VCT 2026: China Kickoff,Main Event: Upper Round 1,2026-01-23,Abyss,3,Wuxi Titan Esports Club (Titan Esports Club),JD Mall JDG Esports (JD Gaming),10,13,Haodong,4720,astra,,126.0,9.0,16.0,11.0,,,,,,3,True
598927,245216,2685,VCT 2026: China Kickoff,Main Event: Upper Round 2,2026-01-24,Breeze,1,Xi Lai Gaming,Wolves Esports,13,4,Rarga,22047,yoru,1.83,388.0,25.0,9.0,4.0,79.0,239.0,44.0,5.0,1.0,3,True
598927,245216,2685,VCT 2026: China Kickoff,Main Event: Upper Round 2,2026-01-24,Breeze,1,Xi Lai Gaming,Wolves Esports,13,4,happywei,37927,viper,1.34,220.0,14.0,8.0,6.0,74.0,164.0,45.0,2.0,0.0,3,True
598927,245216,2685,VCT 2026: China Kickoff,Main Event: Upper Round 2,2026-01-24,Breeze,1,Xi Lai Gaming,Wolves Esports,13,4,Lysoar,37489,omen,1.23,155.0,10.0,6.0,7.0,84.0,107.0,21.0,0.0,0.0,3,True
598927,245216,2685,VCT 2026: China Kickoff,Main Event: Upper Round 2,2026-01-24,Breeze,1,Xi Lai Gaming,Wolves Esports,13,4,WsLeo,24308,sova,1.17,200.0,11.0,9.0,9.0,79.0,157.0,23.0,2.0,0.0,3,True
598927,245216,2685,VCT 2026: China Kickoff,Main Event: Upper Round 2,2026-01-24,Breeze,1,Xi Lai Gaming,Wolves Esports,13,4,NoMan,11527,jett,0.85,151.0,9.0,10.0,0.0,74.0,127.0,37.0,3.0,4.0,3,True
598927,245216,2685,VCT 2026: China Kickoff,Main Event: Upper Round 2,2026-01-24,Breeze,1,Wolves Esports,Xi Lai Gaming,4,13,Spring,14125,viper,0.91,142.0,8.0,12.0,5.0,68.0,100.0,24.0,1.0,1.0,3,True
598927,245216,2685,VCT 2026: China Kickoff,Main Event: Upper Round 2,2026-01-24,Breeze,1,Wolves Esports,Xi Lai Gaming,4,13,SiuFatBB,7849,sova,0.84,151.0,9.0,12.0,2.0,58.0,98.0,13.0,2.0,0.0,3,True
598927,245216,2685,VCT 2026: China Kickoff,Main Event: Upper Round 2,2026-01-24,Breeze,1,Wolves Esports,Xi Lai Gaming,4,13,jowa,19292,astra,0.82,196.0,13.0,14.0,3.0,58.0,123.0,36.0,0.0,4.0,3,True
598927,245216,2685,VCT 2026: China Kickoff,Main Event: Upper Round 2,2026-01-24,Breeze,1,Wolves Esports,Xi Lai Gaming,4,13,qiutiaN,43007,yoru,0.72,162.0,8.0,15.0,5.0,53.0,108.0,27.0,1.0,2.0,3,True
598927,245216,2685,VCT 2026: China Kickoff,Main Event: Upper Round 2,2026-01-24,Breeze,1,Wolves Esports,Xi Lai Gaming,4,13,yosemite,6022,veto,0.61,93.0,4.0,16.0,3.0,47.0,119.0,36.0,1.0,5.0,3,True
598927,245217,2685,VCT 2026: China Kickoff,Main Event: Upper Round 2,2026-01-24,Abyss,2,Xi Lai Gaming,Wolves Esports,13,6,happywei,37927,astra,2.01,331.0,25.0,8.0,8.0,89.0,229.0,45.0,0.0,0.0,3,True
598927,245217,2685,VCT 2026: China Kickoff,Main Event: Upper Round 2,2026-01-24,Abyss,2,Xi Lai Gaming,Wolves Esports,13,6,Rarga,22047,yoru,1.27,250.0,20.0,12.0,1.0,68.0,166.0,28.0,3.0,2.0,3,True
598927,245217,2685,VCT 2026: China Kickoff,Main Event: Upper Round 2,2026-01-24,Abyss,2,Xi Lai Gaming,Wolves Esports,13,6,WsLeo,24308,sova,1.1,183.0,10.0,10.0,11.0,74.0,139.0,17.0,2.0,0.0,3,True
598927,245217,2685,VCT 2026: China Kickoff,Main Event: Upper Round 2,2026-01-24,Abyss,2,Xi Lai Gaming,Wolves Esports,13,6,Lysoar,37489,omen,0.96,188.0,13.0,11.0,6.0,79.0,114.0,20.0,1.0,1.0,3,True
598927,245217,2685,VCT 2026: China Kickoff,Main Event: Upper Round 2,2026-01-24,Abyss,2,Xi Lai Gaming,Wolves Esports,13,6,NoMan,11527,waylay,0.27,90.0,5.0,14.0,3.0,53.0,58.0,20.0,3.0,6.0,3,True
598927,245217,2685,VCT 2026: China Kickoff,Main Event: Upper Round 2,2026-01-24,Abyss,2,Wolves Esports,Xi Lai Gaming,6,13,yosemite,6022,veto,1.32,318.0,21.0,17.0,1.0,63.0,203.0,41.0,2.0,3.0,3,True
598927,245217,2685,VCT 2026: China Kickoff,Main Event: Upper Round 2,2026-01-24,Abyss,2,Wolves Esports,Xi Lai Gaming,6,13,qiutiaN,43007,yoru,0.87,174.0,11.0,16.0,3.0,53.0,129.0,30.0,2.0,4.0,3,True
598927,245217,2685,VCT 2026: China Kickoff,Main Event: Upper Round 2,2026-01-24,Abyss,2,Wolves Esports,Xi Lai Gaming,6,13,jowa,19292,astra,0.78,124.0,6.0,14.0,6.0,63.0,84.0,35.0,3.0,1.0,3,True
598927,245217,2685,VCT 2026: China Kickoff,Main Event: Upper Round 2,2026-01-24,Abyss,2,Wolves Esports,Xi Lai Gaming,6,13,SiuFatBB,7849,sova,0.77,141.0,9.0,16.0,3.0,58.0,104.0,43.0,0.0,0.0,3,True
598927,245217,2685,VCT 2026: China Kickoff,Main Event: Upper Round 2,2026-01-24,Abyss,2,Wolves Esports,Xi Lai Gaming,6,13,Spring,14125,omen,0.7,117.0,8.0,15.0,6.0,63.0,78.0,26.0,2.0,1.0,3,True
598928,245219,2685,VCT 2026: China Kickoff,Main Event: Upper Round 2,2026-01-24,Abyss,1,EDward Gaming,TYLOO,13,5,Smoggy,4742,omen,1.58,281.0,18.0,8.0,6.0,83.0,189.0,55.0,1.0,0.0,3,True
598928,245219,2685,VCT 2026: China Kickoff,Main Event: Upper Round 2,2026-01-24,Abyss,1,EDward Gaming,TYLOO,13,5,CHICHOO,15559,astra,1.54,264.0,18.0,8.0,10.0,83.0,170.0,34.0,2.0,0.0,3,True
598928,245219,2685,VCT 2026: China Kickoff,Main Event: Upper Round 2,2026-01-24,Abyss,1,EDward Gaming,TYLOO,13,5,ZmjjKK,3520,jett,1.04,254.0,16.0,12.0,2.0,78.0,165.0,31.0,5.0,3.0,3,True
598928,245219,2685,VCT 2026: China Kickoff,Main Event: Upper Round 2,2026-01-24,Abyss,1,EDward Gaming,TYLOO,13,5,cb,39697,yoru,0.91,184.0,13.0,12.0,6.0,67.0,113.0,27.0,0.0,4.0,3,True
598928,245219,2685,VCT 2026: China Kickoff,Main Event: Upper Round 2,2026-01-24,Abyss,1,EDward Gaming,TYLOO,13,5,nobody,3017,sova,0.49,141.0,8.0,13.0,1.0,56.0,95.0,22.0,2.0,1.0,3,True
598928,245219,2685,VCT 2026: China Kickoff,Main Event: Upper Round 2,2026-01-24,Abyss,1,TYLOO,EDward Gaming,5,13,Erv,55085,astra,1.15,204.0,12.0,14.0,8.0,72.0,119.0,44.0,2.0,0.0,3,True
598928,245219,2685,VCT 2026: China Kickoff,Main Event: Upper Round 2,2026-01-24,Abyss,1,TYLOO,EDward Gaming,5,13,splash,36685,waylay,1.13,227.0,15.0,13.0,4.0,67.0,148.0,36.0,3.0,5.0,3,True
598928,245219,2685,VCT 2026: China Kickoff,Main Event: Upper Round 2,2026-01-24,Abyss,1,TYLOO,EDward Gaming,5,13,slowly,41739,yoru,1.07,199.0,13.0,15.0,3.0,67.0,128.0,28.0,3.0,3.0,3,True
598928,245219,2685,VCT 2026: China Kickoff,Main Event: Upper Round 2,2026-01-24,Abyss,1,TYLOO,EDward Gaming,5,13,Scales,39485,veto,0.73,165.0,10.0,15.0,4.0,50.0,118.0,38.0,0.0,1.0,3,True
598928,245219,2685,VCT 2026: China Kickoff,Main Event: Upper Round 2,2026-01-24,Abyss,1,TYLOO,EDward Gaming,5,13,sword9,3049,sova,0.36,77.0,3.0,16.0,5.0,56.0,57.0,36.0,0.0,1.0,3,True
598928,245220,2685,VCT 2026: China Kickoff,Main Event: Upper Round 2,2026-01-24,Bind,2,EDward Gaming,TYLOO,14,12,CHICHOO,15559,viper,1.36,245.0,23.0,16.0,3.0,73.0,162.0,33.0,4.0,1.0,3,True
598928,245220,2685,VCT 2026: China Kickoff,Main Event: Upper Round 2,2026-01-24,Bind,2,EDward Gaming,TYLOO,14,12,cb,39697,phoenix,1.15,211.0,21.0,16.0,8.0,65.0,133.0,29.0,2.0,5.0,3,True
598928,245220,2685,VCT 2026: China Kickoff,Main Event: Upper Round 2,2026-01-24,Bind,2,EDward Gaming,TYLOO,14,12,ZmjjKK,3520,raze,1.07,251.0,24.0,19.0,2.0,77.0,168.0,13.0,5.0,5.0,3,True
598928,245220,2685,VCT 2026: China Kickoff,Main Event: Upper Round 2,2026-01-24,Bind,2,EDward Gaming,TYLOO,14,12,Smoggy,4742,harbor,0.95,164.0,13.0,19.0,14.0,73.0,109.0,43.0,1.0,1.0,3,True
598928,245220,2685,VCT 2026: China Kickoff,Main Event: Upper Round 2,2026-01-24,Bind,2,EDward Gaming,TYLOO,14,12,nobody,3017,fade,0.86,195.0,18.0,18.0,7.0,73.0,131.0,29.0,0.0,2.0,3,True
598928,245220,2685,VCT 2026: China Kickoff,Main Event: Upper Round 2,2026-01-24,Bind,2,TYLOO,EDward Gaming,12,14,splash,36685,raze,1.39,336.0,28.0,22.0,5.0,65.0,215.0,23.0,6.0,6.0,3,True
598928,245220,2685,VCT 2026: China Kickoff,Main Event: Upper Round 2,2026-01-24,Bind,2,TYLOO,EDward Gaming,12,14,slowly,41739,skye,1.06,206.0,18.0,19.0,12.0,65.0,143.0,32.0,4.0,1.0,3,True
598928,245220,2685,VCT 2026: China Kickoff,Main Event: Upper Round 2,2026-01-24,Bind,2,TYLOO,EDward Gaming,12,14,sword9,3049,tejo,0.99,205.0,19.0,19.0,2.0,69.0,146.0,26.0,1.0,2.0,3,True
598928,245220,2685,VCT 2026: China Kickoff,Main Event: Upper Round 2,2026-01-24,Bind,2,TYLOO,EDward Gaming,12,14,Scales,39485,viper,0.65,145.0,13.0,19.0,4.0,54.0,103.0,29.0,2.0,2.0,3,True
598928,245220,2685,VCT 2026: China Kickoff,Main Event: Upper Round 2,2026-01-24,Bind,2,TYLOO,EDward Gaming,12,14,Erv,55085,brimstone,0.65,117.0,10.0,20.0,10.0,73.0,83.0,29.0,1.0,1.0,3,True
598925,245210,2685,VCT 2026: China Kickoff,Main Event: Upper Round 2,2026-01-25,Split,1,Guangzhou Huadu Bilibili Gaming (Bilibili Gaming),All Gamers,10,13,nephh,10698,omen,1.32,239.0,20.0,15.0,7.0,70.0,149.0,25.0,1.0,2.0,3,True
598925,245210,2685,VCT 2026: China Kickoff,Main Event: Upper Round 2,2026-01-25,Split,1,Guangzhou Huadu Bilibili Gaming (Bilibili Gaming),All Gamers,10,13,rushia,48878,viper,1.2,229.0,20.0,16.0,3.0,74.0,163.0,22.0,2.0,2.0,3,True
598925,245210,2685,VCT 2026: China Kickoff,Main Event: Upper Round 2,2026-01-25,Split,1,Guangzhou Huadu Bilibili Gaming (Bilibili Gaming),All Gamers,10,13,Knight,4774,fade,0.9,148.0,10.0,15.0,6.0,65.0,121.0,22.0,0.0,1.0,3,True
598925,245210,2685,VCT 2026: China Kickoff,Main Event: Upper Round 2,2026-01-25,Split,1,Guangzhou Huadu Bilibili Gaming (Bilibili Gaming),All Gamers,10,13,whzy,4885,waylay,0.56,160.0,12.0,20.0,3.0,57.0,88.0,18.0,4.0,8.0,3,True
598925,245210,2685,VCT 2026: China Kickoff,Main Event: Upper Round 2,2026-01-25,Split,1,Guangzhou Huadu Bilibili Gaming (Bilibili Gaming),All Gamers,10,13,bud,56260,breach,0.52,112.0,7.0,20.0,10.0,61.0,76.0,28.0,0.0,3.0,3,True
598925,245210,2685,VCT 2026: China Kickoff,Main Event: Upper Round 2,2026-01-25,Split,1,All Gamers,Guangzhou Huadu Bilibili Gaming (Bilibili Gaming),13,10,f4ngeer,21216,waylay,1.4,260.0,22.0,15.0,7.0,87.0,175.0,34.0,8.0,2.0,3,True
598925,245210,2685,VCT 2026: China Kickoff,Main Event: Upper Round 2,2026-01-25,Split,1,All Gamers,Guangzhou Huadu Bilibili Gaming (Bilibili Gaming),13,10,K1ra,46748,raze,1.16,286.0,25.0,16.0,2.0,78.0,164.0,25.0,3.0,1.0,3,True
598925,245210,2685,VCT 2026: China Kickoff,Main Event: Upper Round 2,2026-01-25,Split,1,All Gamers,Guangzhou Huadu Bilibili Gaming (Bilibili Gaming),13,10,iamgrq,58959,omen,1.08,176.0,12.0,12.0,15.0,87.0,114.0,25.0,0.0,1.0,3,True
598925,245210,2685,VCT 2026: China Kickoff,Main Event: Upper Round 2,2026-01-25,Split,1,All Gamers,Guangzhou Huadu Bilibili Gaming (Bilibili Gaming),13,10,Shr1mp,25494,skye,1.02,151.0,12.0,12.0,8.0,70.0,95.0,30.0,4.0,1.0,3,True
598925,245210,2685,VCT 2026: China Kickoff,Main Event: Upper Round 2,2026-01-25,Split,1,All Gamers,Guangzhou Huadu Bilibili Gaming (Bilibili Gaming),13,10,Au1,55038,viper,0.97,179.0,15.0,14.0,9.0,70.0,134.0,22.0,1.0,2.0,3,True
598925,245211,2685,VCT 2026: China Kickoff,Main Event: Upper Round 2,2026-01-25,Abyss,2,Guangzhou Huadu Bilibili Gaming (Bilibili Gaming),All Gamers,3,13,whzy,4885,waylay,0.79,182.0,10.0,13.0,1.0,63.0,111.0,52.0,4.0,3.0,3,True
598925,245211,2685,VCT 2026: China Kickoff,Main Event: Upper Round 2,2026-01-25,Abyss,2,Guangzhou Huadu Bilibili Gaming (Bilibili Gaming),All Gamers,3,13,nephh,10698,omen,0.68,136.0,6.0,13.0,4.0,69.0,98.0,22.0,2.0,0.0,3,True
598925,245211,2685,VCT 2026: China Kickoff,Main Event: Upper Round 2,2026-01-25,Abyss,2,Guangzhou Huadu Bilibili Gaming (Bilibili Gaming),All Gamers,3,13,Knight,4774,tejo,0.68,116.0,7.0,12.0,1.0,44.0,66.0,19.0,0.0,3.0,3,True
598925,245211,2685,VCT 2026: China Kickoff,Main Event: Upper Round 2,2026-01-25,Abyss,2,Guangzhou Huadu Bilibili Gaming (Bilibili Gaming),All Gamers,3,13,rushia,48878,astra,0.65,134.0,7.0,12.0,1.0,69.0,96.0,32.0,0.0,2.0,3,True
598925,245211,2685,VCT 2026: China Kickoff,Main Event: Upper Round 2,2026-01-25,Abyss,2,Guangzhou Huadu Bilibili Gaming (Bilibili Gaming),All Gamers,3,13,bud,56260,breach,0.35,74.0,3.0,14.0,5.0,56.0,57.0,11.0,0.0,1.0,3,True
598925,245211,2685,VCT 2026: China Kickoff,Main Event: Upper Round 2,2026-01-25,Abyss,2,All Gamers,Guangzhou Huadu Bilibili Gaming (Bilibili Gaming),13,3,iamgrq,58959,waylay,1.7,283.0,18.0,8.0,5.0,81.0,187.0,23.0,1.0,1.0,3,True
598925,245211,2685,VCT 2026: China Kickoff,Main Event: Upper Round 2,2026-01-25,Abyss,2,All Gamers,Guangzhou Huadu Bilibili Gaming (Bilibili Gaming),13,3,K1ra,46748,astra,1.48,215.0,13.0,6.0,5.0,88.0,130.0,24.0,0.0,0.0,3,True
598925,245211,2685,VCT 2026: China Kickoff,Main Event: Upper Round 2,2026-01-25,Abyss,2,All Gamers,Guangzhou Huadu Bilibili Gaming (Bilibili Gaming),13,3,Shr1mp,25494,sova,1.2,173.0,11.0,7.0,3.0,81.0,118.0,23.0,1.0,2.0,3,True
598925,245211,2685,VCT 2026: China Kickoff,Main Event: Upper Round 2,2026-01-25,Abyss,2,All Gamers,Guangzhou Huadu Bilibili Gaming (Bilibili Gaming),13,3,f4ngeer,21216,yoru,1.15,231.0,12.0,10.0,7.0,88.0,171.0,24.0,1.0,2.0,3,True
598925,245211,2685,VCT 2026: China Kickoff,Main Event: Upper Round 2,2026-01-25,Abyss,2,All Gamers,Guangzhou Huadu Bilibili Gaming (Bilibili Gaming),13,3,Au1,55038,veto,1.14,169.0,10.0,7.0,2.0,75.0,118.0,30.0,6.0,1.0,3,True
598926,245213,2685,VCT 2026: China Kickoff,Main Event: Upper Round 2,2026-01-25,Abyss,1,Dragon Ranger Gaming,JD Mall JDG Esports (JD Gaming),11,13,vo0kashu,3741,cypher,1.09,170.0,13.0,13.0,7.0,63.0,108.0,16.0,1.0,0.0,3,True
598926,245213,2685,VCT 2026: China Kickoff,Main Event: Upper Round 2,2026-01-25,Abyss,1,Dragon Ranger Gaming,JD Mall JDG Esports (JD Gaming),11,13,Akeman,52904,jett,0.98,185.0,16.0,16.0,2.0,58.0,118.0,42.0,3.0,6.0,3,True
598926,245213,2685,VCT 2026: China Kickoff,Main Event: Upper Round 2,2026-01-25,Abyss,1,Dragon Ranger Gaming,JD Mall JDG Esports (JD Gaming),11,13,SpiritZ1,31753,reyna,0.81,202.0,18.0,19.0,1.0,58.0,126.0,49.0,4.0,4.0,3,True
598926,245213,2685,VCT 2026: China Kickoff,Main Event: Upper Round 2,2026-01-25,Abyss,1,Dragon Ranger Gaming,JD Mall JDG Esports (JD Gaming),11,13,Nicc,11524,tejo,0.75,117.0,9.0,14.0,1.0,63.0,79.0,35.0,1.0,0.0,3,True
598926,245213,2685,VCT 2026: China Kickoff,Main Event: Upper Round 2,2026-01-25,Abyss,1,Dragon Ranger Gaming,JD Mall JDG Esports (JD Gaming),11,13,Flex1n,4705,astra,0.52,113.0,9.0,19.0,4.0,54.0,78.0,38.0,2.0,3.0,3,True
598926,245213,2685,VCT 2026: China Kickoff,Main Event: Upper Round 2,2026-01-25,Abyss,1,JD Mall JDG Esports (JD Gaming),Dragon Ranger Gaming,13,11,jkuro,3519,astra,1.37,219.0,18.0,12.0,14.0,79.0,138.0,30.0,3.0,3.0,3,True
598926,245213,2685,VCT 2026: China Kickoff,Main Event: Upper Round 2,2026-01-25,Abyss,1,JD Mall JDG Esports (JD Gaming),Dragon Ranger Gaming,13,11,Yuicaw,11218,cypher,1.24,230.0,18.0,15.0,6.0,71.0,143.0,31.0,5.0,2.0,3,True
598926,245213,2685,VCT 2026: China Kickoff,Main Event: Upper Round 2,2026-01-25,Abyss,1,JD Mall JDG Esports (JD Gaming),Dragon Ranger Gaming,13,11,coconut,12365,sova,1.18,174.0,14.0,12.0,6.0,67.0,139.0,46.0,2.0,2.0,3,True
598926,245213,2685,VCT 2026: China Kickoff,Main Event: Upper Round 2,2026-01-25,Abyss,1,JD Mall JDG Esports (JD Gaming),Dragon Ranger Gaming,13,11,zhe,49476,yoru,0.98,172.0,15.0,14.0,4.0,75.0,112.0,21.0,1.0,2.0,3,True
598926,245213,2685,VCT 2026: China Kickoff,Main Event: Upper Round 2,2026-01-25,Abyss,1,JD Mall JDG Esports (JD Gaming),Dragon Ranger Gaming,13,11,stew,16924,waylay,0.87,162.0,16.0,16.0,5.0,71.0,105.0,23.0,2.0,2.0,3,True
598926,245214,2685,VCT 2026: China Kickoff,Main Event: Upper Round 2,2026-01-25,Breeze,2,Dragon Ranger Gaming,JD Mall JDG Esports (JD Gaming),13,8,SpiritZ1,31753,yoru,1.27,258.0,21.0,12.0,3.0,71.0,158.0,32.0,4.0,2.0,3,True
598926,245214,2685,VCT 2026: China Kickoff,Main Event: Upper Round 2,2026-01-25,Breeze,2,Dragon Ranger Gaming,JD Mall JDG Esports (JD Gaming),13,8,Nicc,11524,sova,1.06,221.0,16.0,13.0,7.0,86.0,146.0,41.0,2.0,1.0,3,True
598926,245214,2685,VCT 2026: China Kickoff,Main Event: Upper Round 2,2026-01-25,Breeze,2,Dragon Ranger Gaming,JD Mall JDG Esports (JD Gaming),13,8,Akeman,52904,jett,1.06,188.0,15.0,12.0,3.0,76.0,122.0,32.0,4.0,2.0,3,True
598926,245214,2685,VCT 2026: China Kickoff,Main Event: Upper Round 2,2026-01-25,Breeze,2,Dragon Ranger Gaming,JD Mall JDG Esports (JD Gaming),13,8,Flex1n,4705,astra,0.81,160.0,13.0,13.0,5.0,76.0,110.0,27.0,1.0,2.0,3,True
598926,245214,2685,VCT 2026: China Kickoff,Main Event: Upper Round 2,2026-01-25,Breeze,2,Dragon Ranger Gaming,JD Mall JDG Esports (JD Gaming),13,8,vo0kashu,3741,cypher,0.79,126.0,10.0,11.0,3.0,71.0,100.0,23.0,1.0,2.0,3,True
598926,245214,2685,VCT 2026: China Kickoff,Main Event: Upper Round 2,2026-01-25,Breeze,2,JD Mall JDG Esports (JD Gaming),Dragon Ranger Gaming,8,13,stew,16924,jett,1.31,258.0,17.0,16.0,4.0,81.0,156.0,41.0,5.0,1.0,3,True
598926,245214,2685,VCT 2026: China Kickoff,Main Event: Upper Round 2,2026-01-25,Breeze,2,JD Mall JDG Esports (JD Gaming),Dragon Ranger Gaming,8,13,coconut,12365,sova,1.14,135.0,11.0,13.0,6.0,81.0,94.0,19.0,0.0,0.0,3,True
598926,245214,2685,VCT 2026: China Kickoff,Main Event: Upper Round 2,2026-01-25,Breeze,2,JD Mall JDG Esports (JD Gaming),Dragon Ranger Gaming,8,13,Yuicaw,11218,viper,0.93,178.0,13.0,15.0,8.0,71.0,115.0,15.0,2.0,4.0,3,True
598926,245214,2685,VCT 2026: China Kickoff,Main Event: Upper Round 2,2026-01-25,Breeze,2,JD Mall JDG Esports (JD Gaming),Dragon Ranger Gaming,8,13,jkuro,3519,astra,0.89,158.0,11.0,15.0,7.0,67.0,109.0,24.0,1.0,2.0,3,True
598926,245214,2685,VCT 2026: China Kickoff,Main Event: Upper Round 2,2026-01-25,Breeze,2,JD Mall JDG Esports (JD Gaming),Dragon Ranger Gaming,8,13,zhe,49476,yoru,0.64,148.0,9.0,16.0,5.0,57.0,101.0,29.0,1.0,5.0,3,True
598926,245215,2685,VCT 2026: China Kickoff,Main Event: Upper Round 2,2026-01-25,Corrode,3,Dragon Ranger Gaming,JD Mall JDG Esports (JD Gaming),13,9,vo0kashu,3741,cypher,1.53,260.0,22.0,10.0,1.0,82.0,162.0,47.0,3.0,0.0,3,True
598926,245215,2685,VCT 2026: China Kickoff,Main Event: Upper Round 2,2026-01-25,Corrode,3,Dragon Ranger Gaming,JD Mall JDG Esports (JD Gaming),13,9,Flex1n,4705,omen,1.12,231.0,17.0,14.0,16.0,91.0,150.0,18.0,4.0,0.0,3,True
598926,245215,2685,VCT 2026: China Kickoff,Main Event: Upper Round 2,2026-01-25,Corrode,3,Dragon Ranger Gaming,JD Mall JDG Esports (JD Gaming),13,9,SpiritZ1,31753,yoru,1.03,258.0,22.0,16.0,3.0,77.0,143.0,32.0,3.0,0.0,3,True
598926,245215,2685,VCT 2026: China Kickoff,Main Event: Upper Round 2,2026-01-25,Corrode,3,Dragon Ranger Gaming,JD Mall JDG Esports (JD Gaming),13,9,Akeman,52904,neon,0.83,223.0,17.0,17.0,3.0,73.0,143.0,32.0,7.0,3.0,3,True
598926,245215,2685,VCT 2026: China Kickoff,Main Event: Upper Round 2,2026-01-25,Corrode,3,Dragon Ranger Gaming,JD Mall JDG Esports (JD Gaming),13,9,Nicc,11524,gekko,0.53,89.0,6.0,14.0,8.0,64.0,65.0,16.0,0.0,2.0,3,True
598926,245215,2685,VCT 2026: China Kickoff,Main Event: Upper Round 2,2026-01-25,Corrode,3,JD Mall JDG Esports (JD Gaming),Dragon Ranger Gaming,9,13,Yuicaw,11218,viper,1.43,262.0,18.0,16.0,11.0,82.0,162.0,33.0,1.0,2.0,3,True
598926,245215,2685,VCT 2026: China Kickoff,Main Event: Upper Round 2,2026-01-25,Corrode,3,JD Mall JDG Esports (JD Gaming),Dragon Ranger Gaming,9,13,stew,16924,waylay,1.17,238.0,18.0,17.0,6.0,68.0,135.0,26.0,1.0,6.0,3,True
598926,245215,2685,VCT 2026: China Kickoff,Main Event: Upper Round 2,2026-01-25,Corrode,3,JD Mall JDG Esports (JD Gaming),Dragon Ranger Gaming,9,13,coconut,12365,fade,0.84,160.0,13.0,17.0,3.0,59.0,97.0,28.0,0.0,0.0,3,True
598926,245215,2685,VCT 2026: China Kickoff,Main Event: Upper Round 2,2026-01-25,Corrode,3,JD Mall JDG Esports (JD Gaming),Dragon Ranger Gaming,9,13,zhe,49476,yoru,0.79,139.0,12.0,16.0,3.0,68.0,88.0,13.0,1.0,4.0,3,True
598926,245215,2685,VCT 2026: China Kickoff,Main Event: Upper Round 2,2026-01-25,Corrode,3,JD Mall JDG Esports (JD Gaming),Dragon Ranger Gaming,9,13,jkuro,3519,omen,0.61,125.0,10.0,18.0,8.0,55.0,81.0,29.0,2.0,5.0,3,True
598932,245233,2685,VCT 2026: China Kickoff,Main Event: Middle Round 1,2026-01-28,Split,1,Nova Esports,TYLOO,10,13,GuanG,41054,waylay,1.36,267.0,21.0,14.0,8.0,65.0,161.0,38.0,2.0,3.0,3,True
598932,245233,2685,VCT 2026: China Kickoff,Main Event: Middle Round 1,2026-01-28,Split,1,Nova Esports,TYLOO,10,13,GREEN,34181,raze,1.11,231.0,19.0,17.0,0.0,65.0,145.0,33.0,4.0,4.0,3,True
598932,245233,2685,VCT 2026: China Kickoff,Main Event: Middle Round 1,2026-01-28,Split,1,Nova Esports,TYLOO,10,13,Ezeir,46460,viper,0.99,171.0,13.0,16.0,6.0,57.0,103.0,22.0,1.0,0.0,3,True
598932,245233,2685,VCT 2026: China Kickoff,Main Event: Middle Round 1,2026-01-28,Split,1,Nova Esports,TYLOO,10,13,OBONE,36670,omen,0.96,190.0,13.0,17.0,11.0,65.0,134.0,28.0,0.0,4.0,3,True
598932,245233,2685,VCT 2026: China Kickoff,Main Event: Middle Round 1,2026-01-28,Split,1,Nova Esports,TYLOO,10,13,heybay,4712,skye,0.42,99.0,7.0,18.0,8.0,61.0,68.0,24.0,1.0,4.0,3,True
598932,245233,2685,VCT 2026: China Kickoff,Main Event: Middle Round 1,2026-01-28,Split,1,TYLOO,Nova Esports,13,10,splash,36685,waylay,1.33,263.0,22.0,16.0,5.0,78.0,164.0,33.0,5.0,2.0,3,True
598932,245233,2685,VCT 2026: China Kickoff,Main Event: Middle Round 1,2026-01-28,Split,1,TYLOO,Nova Esports,13,10,Erv,55085,omen,1.08,166.0,13.0,12.0,10.0,65.0,121.0,34.0,3.0,2.0,3,True
598932,245233,2685,VCT 2026: China Kickoff,Main Event: Middle Round 1,2026-01-28,Split,1,TYLOO,Nova Esports,13,10,sword9,3049,fade,1.05,232.0,18.0,13.0,7.0,70.0,150.0,21.0,2.0,2.0,3,True
598932,245233,2685,VCT 2026: China Kickoff,Main Event: Middle Round 1,2026-01-28,Split,1,TYLOO,Nova Esports,13,10,Scales,39485,viper,0.96,180.0,15.0,13.0,5.0,74.0,112.0,36.0,1.0,0.0,3,True
598932,245233,2685,VCT 2026: China Kickoff,Main Event: Middle Round 1,2026-01-28,Split,1,TYLOO,Nova Esports,13,10,slowly,41739,yoru,0.88,201.0,14.0,19.0,10.0,83.0,120.0,19.0,4.0,2.0,3,True
598932,245234,2685,VCT 2026: China Kickoff,Main Event: Middle Round 1,2026-01-28,Corrode,2,Nova Esports,TYLOO,4,13,OBONE,36670,omen,1.0,177.0,12.0,14.0,2.0,71.0,109.0,48.0,1.0,1.0,3,True
598932,245234,2685,VCT 2026: China Kickoff,Main Event: Middle Round 1,2026-01-28,Corrode,2,Nova Esports,TYLOO,4,13,heybay,4712,veto,0.99,234.0,13.0,13.0,0.0,53.0,147.0,31.0,0.0,3.0,3,True
598932,245234,2685,VCT 2026: China Kickoff,Main Event: Middle Round 1,2026-01-28,Corrode,2,Nova Esports,TYLOO,4,13,GREEN,34181,kayo,0.64,152.0,8.0,14.0,7.0,53.0,105.0,18.0,1.0,3.0,3,True
598932,245234,2685,VCT 2026: China Kickoff,Main Event: Middle Round 1,2026-01-28,Corrode,2,Nova Esports,TYLOO,4,13,Ezeir,46460,fade,0.5,114.0,6.0,15.0,2.0,41.0,71.0,27.0,1.0,1.0,3,True
598932,245234,2685,VCT 2026: China Kickoff,Main Event: Middle Round 1,2026-01-28,Corrode,2,Nova Esports,TYLOO,4,13,GuanG,41054,neon,0.44,142.0,7.0,16.0,4.0,53.0,97.0,36.0,2.0,4.0,3,True
598932,245234,2685,VCT 2026: China Kickoff,Main Event: Middle Round 1,2026-01-28,Corrode,2,TYLOO,Nova Esports,13,4,splash,36685,neon,1.44,315.0,20.0,11.0,3.0,76.0,184.0,26.0,5.0,1.0,3,True
598932,245234,2685,VCT 2026: China Kickoff,Main Event: Middle Round 1,2026-01-28,Corrode,2,TYLOO,Nova Esports,13,4,sword9,3049,fade,1.41,165.0,11.0,6.0,4.0,88.0,117.0,40.0,1.0,0.0,3,True
598932,245234,2685,VCT 2026: China Kickoff,Main Event: Middle Round 1,2026-01-28,Corrode,2,TYLOO,Nova Esports,13,4,Scales,39485,viper,1.31,247.0,16.0,9.0,5.0,71.0,146.0,42.0,3.0,2.0,3,True
598932,245234,2685,VCT 2026: China Kickoff,Main Event: Middle Round 1,2026-01-28,Corrode,2,TYLOO,Nova Esports,13,4,Erv,55085,omen,1.05,175.0,11.0,8.0,6.0,82.0,115.0,28.0,0.0,0.0,3,True
598932,245234,2685,VCT 2026: China Kickoff,Main Event: Middle Round 1,2026-01-28,Corrode,2,TYLOO,Nova Esports,13,4,slowly,41739,yoru,0.96,233.0,14.0,12.0,4.0,76.0,138.0,29.0,3.0,2.0,3,True
598933,245236,2685,VCT 2026: China Kickoff,Main Event: Middle Round 1,2026-01-28,Breeze,1,Wuxi Titan Esports Club (Titan Esports Club),Wolves Esports,13,11,Haodong,4720,astra,1.7,289.0,25.0,12.0,11.0,83.0,184.0,34.0,1.0,0.0,3,True
598933,245236,2685,VCT 2026: China Kickoff,Main Event: Middle Round 1,2026-01-28,Breeze,1,Wuxi Titan Esports Club (Titan Esports Club),Wolves Esports,13,11,Coco,47629,viper,1.26,209.0,19.0,13.0,8.0,83.0,154.0,46.0,2.0,1.0,3,True
598933,245236,2685,VCT 2026: China Kickoff,Main Event: Middle Round 1,2026-01-28,Breeze,1,Wuxi Titan Esports Club (Titan Esports Club),Wolves Esports,13,11,lucas,19677,sova,1.09,224.0,20.0,16.0,8.0,79.0,159.0,22.0,1.0,3.0,3,True
598933,245236,2685,VCT 2026: China Kickoff,Main Event: Middle Round 1,2026-01-28,Breeze,1,Wuxi Titan Esports Club (Titan Esports Club),Wolves Esports,13,11,Abo,5011,neon,1.08,253.0,21.0,18.0,5.0,75.0,160.0,32.0,7.0,7.0,3,True
598933,245236,2685,VCT 2026: China Kickoff,Main Event: Middle Round 1,2026-01-28,Breeze,1,Wuxi Titan Esports Club (Titan Esports Club),Wolves Esports,13,11,Dynamite,42235,yoru,0.98,152.0,13.0,14.0,6.0,67.0,110.0,22.0,0.0,2.0,3,True
598933,245236,2685,VCT 2026: China Kickoff,Main Event: Middle Round 1,2026-01-28,Breeze,1,Wolves Esports,Wuxi Titan Esports Club (Titan Esports Club),11,13,Spring,14125,yoru,1.1,209.0,17.0,19.0,5.0,63.0,138.0,29.0,2.0,3.0,3,True
598933,245236,2685,VCT 2026: China Kickoff,Main Event: Middle Round 1,2026-01-28,Breeze,1,Wolves Esports,Wuxi Titan Esports Club (Titan Esports Club),11,13,SiuFatBB,7849,sova,0.87,187.0,16.0,19.0,4.0,75.0,129.0,48.0,3.0,0.0,3,True
598933,245236,2685,VCT 2026: China Kickoff,Main Event: Middle Round 1,2026-01-28,Breeze,1,Wolves Esports,Wuxi Titan Esports Club (Titan Esports Club),11,13,qiutiaN,43007,jett,0.79,195.0,16.0,19.0,3.0,67.0,128.0,20.0,5.0,2.0,3,True
598933,245236,2685,VCT 2026: China Kickoff,Main Event: Middle Round 1,2026-01-28,Breeze,1,Wolves Esports,Wuxi Titan Esports Club (Titan Esports Club),11,13,jowa,19292,astra,0.69,166.0,13.0,20.0,7.0,58.0,120.0,33.0,3.0,2.0,3,True
598933,245236,2685,VCT 2026: China Kickoff,Main Event: Middle Round 1,2026-01-28,Breeze,1,Wolves Esports,Wuxi Titan Esports Club (Titan Esports Club),11,13,yosemite,6022,viper,0.58,146.0,11.0,21.0,6.0,50.0,107.0,29.0,0.0,4.0,3,True
598933,245237,2685,VCT 2026: China Kickoff,Main Event: Middle Round 1,2026-01-28,Bind,2,Wuxi Titan Esports Club (Titan Esports Club),Wolves Esports,7,13,Haodong,4720,brimstone,1.31,220.0,16.0,15.0,3.0,60.0,151.0,43.0,4.0,1.0,3,True
598933,245237,2685,VCT 2026: China Kickoff,Main Event: Middle Round 1,2026-01-28,Bind,2,Wuxi Titan Esports Club (Titan Esports Club),Wolves Esports,7,13,lucas,19677,tejo,0.98,203.0,13.0,16.0,3.0,50.0,137.0,10.0,0.0,1.0,3,True
598933,245237,2685,VCT 2026: China Kickoff,Main Event: Middle Round 1,2026-01-28,Bind,2,Wuxi Titan Esports Club (Titan Esports Club),Wolves Esports,7,13,Dynamite,42235,waylay,0.74,179.0,13.0,19.0,3.0,45.0,122.0,24.0,1.0,8.0,3,True
598933,245237,2685,VCT 2026: China Kickoff,Main Event: Middle Round 1,2026-01-28,Bind,2,Wuxi Titan Esports Club (Titan Esports Club),Wolves Esports,7,13,Coco,47629,fade,0.69,103.0,7.0,16.0,4.0,45.0,76.0,35.0,0.0,1.0,3,True
598933,245237,2685,VCT 2026: China Kickoff,Main Event: Middle Round 1,2026-01-28,Bind,2,Wuxi Titan Esports Club (Titan Esports Club),Wolves Esports,7,13,Abo,5011,viper,0.4,104.0,6.0,17.0,4.0,60.0,79.0,23.0,1.0,3.0,3,True
598933,245237,2685,VCT 2026: China Kickoff,Main Event: Middle Round 1,2026-01-28,Bind,2,Wolves Esports,Wuxi Titan Esports Club (Titan Esports Club),13,7,jowa,19292,brimstone,1.46,309.0,22.0,11.0,13.0,90.0,177.0,43.0,3.0,4.0,3,True
598933,245237,2685,VCT 2026: China Kickoff,Main Event: Middle Round 1,2026-01-28,Bind,2,Wolves Esports,Wuxi Titan Esports Club (Titan Esports Club),13,7,qiutiaN,43007,chamber,1.32,223.0,17.0,10.0,5.0,90.0,153.0,16.0,6.0,0.0,3,True
598933,245237,2685,VCT 2026: China Kickoff,Main Event: Middle Round 1,2026-01-28,Bind,2,Wolves Esports,Wuxi Titan Esports Club (Titan Esports Club),13,7,yosemite,6022,viper,1.3,260.0,18.0,11.0,4.0,75.0,154.0,27.0,3.0,1.0,3,True
598933,245237,2685,VCT 2026: China Kickoff,Main Event: Middle Round 1,2026-01-28,Bind,2,Wolves Esports,Wuxi Titan Esports Club (Titan Esports Club),13,7,SiuFatBB,7849,skye,0.97,135.0,12.0,10.0,6.0,85.0,84.0,29.0,0.0,1.0,3,True
598933,245237,2685,VCT 2026: China Kickoff,Main Event: Middle Round 1,2026-01-28,Bind,2,Wolves Esports,Wuxi Titan Esports Club (Titan Esports Club),13,7,Spring,14125,waylay,0.68,175.0,14.0,13.0,4.0,70.0,105.0,31.0,2.0,0.0,3,True
598933,245238,2685,VCT 2026: China Kickoff,Main Event: Middle Round 1,2026-01-28,Haven,3,Wuxi Titan Esports Club (Titan Esports Club),Wolves Esports,13,8,Dynamite,42235,neon,1.4,237.0,19.0,11.0,4.0,76.0,149.0,38.0,1.0,4.0,3,True
598933,245238,2685,VCT 2026: China Kickoff,Main Event: Middle Round 1,2026-01-28,Haven,3,Wuxi Titan Esports Club (Titan Esports Club),Wolves Esports,13,8,Coco,47629,viper,1.36,284.0,21.0,13.0,12.0,86.0,175.0,35.0,4.0,0.0,3,True
598933,245238,2685,VCT 2026: China Kickoff,Main Event: Middle Round 1,2026-01-28,Haven,3,Wuxi Titan Esports Club (Titan Esports Club),Wolves Esports,13,8,lucas,19677,sova,1.11,202.0,14.0,12.0,7.0,86.0,134.0,15.0,1.0,1.0,3,True
598933,245238,2685,VCT 2026: China Kickoff,Main Event: Middle Round 1,2026-01-28,Haven,3,Wuxi Titan Esports Club (Titan Esports Club),Wolves Esports,13,8,Abo,5011,killjoy,1.07,193.0,15.0,11.0,3.0,76.0,126.0,20.0,3.0,3.0,3,True
598933,245238,2685,VCT 2026: China Kickoff,Main Event: Middle Round 1,2026-01-28,Haven,3,Wuxi Titan Esports Club (Titan Esports Club),Wolves Esports,13,8,Haodong,4720,omen,0.75,149.0,11.0,14.0,8.0,62.0,103.0,19.0,3.0,1.0,3,True
598933,245238,2685,VCT 2026: China Kickoff,Main Event: Middle Round 1,2026-01-28,Haven,3,Wolves Esports,Wuxi Titan Esports Club (Titan Esports Club),8,13,qiutiaN,43007,killjoy,1.19,249.0,17.0,15.0,4.0,76.0,158.0,24.0,4.0,4.0,3,True
598933,245238,2685,VCT 2026: China Kickoff,Main Event: Middle Round 1,2026-01-28,Haven,3,Wolves Esports,Wuxi Titan Esports Club (Titan Esports Club),8,13,jowa,19292,omen,1.13,184.0,14.0,14.0,8.0,76.0,121.0,18.0,0.0,3.0,3,True
598933,245238,2685,VCT 2026: China Kickoff,Main Event: Middle Round 1,2026-01-28,Haven,3,Wolves Esports,Wuxi Titan Esports Club (Titan Esports Club),8,13,yosemite,6022,viper,0.9,210.0,13.0,17.0,5.0,48.0,161.0,25.0,1.0,1.0,3,True
598933,245238,2685,VCT 2026: China Kickoff,Main Event: Middle Round 1,2026-01-28,Haven,3,Wolves Esports,Wuxi Titan Esports Club (Titan Esports Club),8,13,Spring,14125,neon,0.66,154.0,11.0,18.0,3.0,71.0,101.0,30.0,1.0,3.0,3,True
598933,245238,2685,VCT 2026: China Kickoff,Main Event: Middle Round 1,2026-01-28,Haven,3,Wolves Esports,Wuxi Titan Esports Club (Titan Esports Club),8,13,SiuFatBB,7849,sova,0.49,90.0,6.0,16.0,2.0,57.0,64.0,38.0,3.0,1.0,3,True
598934,245239,2685,VCT 2026: China Kickoff,Main Event: Middle Round 1,2026-01-29,Split,1,Trace Esports,JD Mall JDG Esports (JD Gaming),13,11,FengF,4770,waylay,1.07,230.0,20.0,17.0,4.0,71.0,152.0,41.0,4.0,4.0,3,True
598934,245239,2685,VCT 2026: China Kickoff,Main Event: Middle Round 1,2026-01-29,Split,1,Trace Esports,JD Mall JDG Esports (JD Gaming),13,11,LuoK1ng,3045,omen,1.07,213.0,19.0,16.0,2.0,71.0,146.0,40.0,1.0,0.0,3,True
598934,245239,2685,VCT 2026: China Kickoff,Main Event: Middle Round 1,2026-01-29,Split,1,Trace Esports,JD Mall JDG Esports (JD Gaming),13,11,Kai,37494,neon,1.0,218.0,18.0,19.0,6.0,71.0,124.0,18.0,5.0,1.0,3,True
598934,245239,2685,VCT 2026: China Kickoff,Main Event: Middle Round 1,2026-01-29,Split,1,Trace Esports,JD Mall JDG Esports (JD Gaming),13,11,deLb,10821,viper,0.87,195.0,17.0,16.0,4.0,75.0,144.0,45.0,3.0,3.0,3,True
598934,245239,2685,VCT 2026: China Kickoff,Main Event: Middle Round 1,2026-01-29,Split,1,Trace Esports,JD Mall JDG Esports (JD Gaming),13,11,Viva,36415,skye,0.8,114.0,9.0,15.0,11.0,79.0,77.0,33.0,1.0,2.0,3,True
598934,245239,2685,VCT 2026: China Kickoff,Main Event: Middle Round 1,2026-01-29,Split,1,JD Mall JDG Esports (JD Gaming),Trace Esports,11,13,zhe,49476,yoru,1.15,208.0,17.0,16.0,9.0,75.0,130.0,21.0,3.0,2.0,3,True
598934,245239,2685,VCT 2026: China Kickoff,Main Event: Middle Round 1,2026-01-29,Split,1,JD Mall JDG Esports (JD Gaming),Trace Esports,11,13,coconut,12365,fade,1.14,194.0,16.0,16.0,9.0,75.0,124.0,25.0,0.0,4.0,3,True
598934,245239,2685,VCT 2026: China Kickoff,Main Event: Middle Round 1,2026-01-29,Split,1,JD Mall JDG Esports (JD Gaming),Trace Esports,11,13,Yuicaw,11218,viper,1.07,205.0,17.0,16.0,6.0,79.0,145.0,33.0,3.0,4.0,3,True
598934,245239,2685,VCT 2026: China Kickoff,Main Event: Middle Round 1,2026-01-29,Split,1,JD Mall JDG Esports (JD Gaming),Trace Esports,11,13,jkuro,3519,omen,0.98,173.0,15.0,17.0,10.0,75.0,124.0,28.0,1.0,0.0,3,True
598934,245239,2685,VCT 2026: China Kickoff,Main Event: Middle Round 1,2026-01-29,Split,1,JD Mall JDG Esports (JD Gaming),Trace Esports,11,13,stew,16924,raze,0.89,222.0,18.0,19.0,4.0,71.0,137.0,20.0,3.0,4.0,3,True
598934,245240,2685,VCT 2026: China Kickoff,Main Event: Middle Round 1,2026-01-29,Pearl,2,Trace Esports,JD Mall JDG Esports (JD Gaming),3,13,deLb,10821,chamber,1.03,232.0,13.0,14.0,1.0,56.0,145.0,50.0,1.0,2.0,3,True
598934,245240,2685,VCT 2026: China Kickoff,Main Event: Middle Round 1,2026-01-29,Pearl,2,Trace Esports,JD Mall JDG Esports (JD Gaming),3,13,Viva,36415,tejo,0.75,171.0,8.0,15.0,6.0,63.0,129.0,15.0,0.0,2.0,3,True
598934,245240,2685,VCT 2026: China Kickoff,Main Event: Middle Round 1,2026-01-29,Pearl,2,Trace Esports,JD Mall JDG Esports (JD Gaming),3,13,Kai,37494,neon,0.57,140.0,8.0,14.0,2.0,56.0,79.0,27.0,1.0,2.0,3,True
598934,245240,2685,VCT 2026: China Kickoff,Main Event: Middle Round 1,2026-01-29,Pearl,2,Trace Esports,JD Mall JDG Esports (JD Gaming),3,13,LuoK1ng,3045,astra,0.42,91.0,4.0,13.0,3.0,50.0,57.0,14.0,2.0,3.0,3,True
598934,245240,2685,VCT 2026: China Kickoff,Main Event: Middle Round 1,2026-01-29,Pearl,2,Trace Esports,JD Mall JDG Esports (JD Gaming),3,13,FengF,4770,sova,0.29,80.0,3.0,13.0,1.0,44.0,70.0,14.0,0.0,3.0,3,True
598934,245240,2685,VCT 2026: China Kickoff,Main Event: Middle Round 1,2026-01-29,Pearl,2,JD Mall JDG Esports (JD Gaming),Trace Esports,13,3,jkuro,3519,astra,2.01,293.0,17.0,4.0,11.0,94.0,191.0,36.0,1.0,0.0,3,True
598934,245240,2685,VCT 2026: China Kickoff,Main Event: Middle Round 1,2026-01-29,Pearl,2,JD Mall JDG Esports (JD Gaming),Trace Esports,13,3,Yuicaw,11218,killjoy,1.64,257.0,16.0,5.0,4.0,75.0,161.0,19.0,1.0,0.0,3,True
598934,245240,2685,VCT 2026: China Kickoff,Main Event: Middle Round 1,2026-01-29,Pearl,2,JD Mall JDG Esports (JD Gaming),Trace Esports,13,3,coconut,12365,sova,1.14,178.0,9.0,9.0,9.0,88.0,128.0,29.0,2.0,0.0,3,True
598934,245240,2685,VCT 2026: China Kickoff,Main Event: Middle Round 1,2026-01-29,Pearl,2,JD Mall JDG Esports (JD Gaming),Trace Esports,13,3,stew,16924,neon,1.14,240.0,16.0,9.0,2.0,94.0,134.0,37.0,5.0,2.0,3,True
598934,245240,2685,VCT 2026: China Kickoff,Main Event: Middle Round 1,2026-01-29,Pearl,2,JD Mall JDG Esports (JD Gaming),Trace Esports,13,3,zhe,49476,yoru,1.02,200.0,11.0,9.0,7.0,88.0,124.0,24.0,3.0,2.0,3,True
598934,245241,2685,VCT 2026: China Kickoff,Main Event: Middle Round 1,2026-01-29,Corrode,3,Trace Esports,JD Mall JDG Esports (JD Gaming),13,4,FengF,4770,kayo,1.62,280.0,19.0,9.0,4.0,82.0,175.0,36.0,2.0,1.0,3,True
598934,245241,2685,VCT 2026: China Kickoff,Main Event: Middle Round 1,2026-01-29,Corrode,3,Trace Esports,JD Mall JDG Esports (JD Gaming),13,4,deLb,10821,viper,1.31,233.0,14.0,11.0,8.0,88.0,158.0,25.0,2.0,4.0,3,True
598934,245241,2685,VCT 2026: China Kickoff,Main Event: Middle Round 1,2026-01-29,Corrode,3,Trace Esports,JD Mall JDG Esports (JD Gaming),13,4,Viva,36415,fade,1.23,207.0,12.0,9.0,4.0,71.0,144.0,33.0,3.0,2.0,3,True
598934,245241,2685,VCT 2026: China Kickoff,Main Event: Middle Round 1,2026-01-29,Corrode,3,Trace Esports,JD Mall JDG Esports (JD Gaming),13,4,Kai,37494,waylay,0.99,213.0,14.0,10.0,2.0,76.0,141.0,57.0,1.0,0.0,3,True
598934,245241,2685,VCT 2026: China Kickoff,Main Event: Middle Round 1,2026-01-29,Corrode,3,Trace Esports,JD Mall JDG Esports (JD Gaming),13,4,LuoK1ng,3045,omen,0.98,145.0,9.0,9.0,8.0,76.0,88.0,20.0,0.0,2.0,3,True
598934,245241,2685,VCT 2026: China Kickoff,Main Event: Middle Round 1,2026-01-29,Corrode,3,JD Mall JDG Esports (JD Gaming),Trace Esports,4,13,zhe,49476,yoru,0.93,183.0,11.0,13.0,2.0,71.0,99.0,12.0,2.0,3.0,3,True
598934,245241,2685,VCT 2026: China Kickoff,Main Event: Middle Round 1,2026-01-29,Corrode,3,JD Mall JDG Esports (JD Gaming),Trace Esports,4,13,Yuicaw,11218,viper,0.76,153.0,8.0,14.0,4.0,41.0,120.0,43.0,0.0,0.0,3,True
598934,245241,2685,VCT 2026: China Kickoff,Main Event: Middle Round 1,2026-01-29,Corrode,3,JD Mall JDG Esports (JD Gaming),Trace Esports,4,13,jkuro,3519,omen,0.73,181.0,11.0,14.0,5.0,71.0,105.0,29.0,4.0,1.0,3,True
598934,245241,2685,VCT 2026: China Kickoff,Main Event: Middle Round 1,2026-01-29,Corrode,3,JD Mall JDG Esports (JD Gaming),Trace Esports,4,13,coconut,12365,fade,0.66,159.0,9.0,14.0,3.0,59.0,103.0,30.0,1.0,2.0,3,True
598934,245241,2685,VCT 2026: China Kickoff,Main Event: Middle Round 1,2026-01-29,Corrode,3,JD Mall JDG Esports (JD Gaming),Trace Esports,4,13,stew,16924,waylay,0.63,151.0,9.0,13.0,1.0,59.0,94.0,46.0,2.0,2.0,3,True
598935,245242,2685,VCT 2026: China Kickoff,Main Event: Middle Round 1,2026-01-29,Pearl,1,FunPlus Phoenix,Guangzhou Huadu Bilibili Gaming (Bilibili Gaming),9,13,BerLIN,7857,kayo,1.51,266.0,19.0,14.0,15.0,73.0,181.0,31.0,1.0,3.0,3,True
598935,245242,2685,VCT 2026: China Kickoff,Main Event: Middle Round 1,2026-01-29,Pearl,1,FunPlus Phoenix,Guangzhou Huadu Bilibili Gaming (Bilibili Gaming),9,13,sScary,4382,brimstone,1.12,210.0,15.0,17.0,14.0,86.0,132.0,23.0,0.0,0.0,3,True
598935,245242,2685,VCT 2026: China Kickoff,Main Event: Middle Round 1,2026-01-29,Pearl,1,FunPlus Phoenix,Guangzhou Huadu Bilibili Gaming (Bilibili Gaming),9,13,Setrod,50025,tejo,0.99,192.0,13.0,16.0,5.0,82.0,150.0,25.0,3.0,1.0,3,True
598935,245242,2685,VCT 2026: China Kickoff,Main Event: Middle Round 1,2026-01-29,Pearl,1,FunPlus Phoenix,Guangzhou Huadu Bilibili Gaming (Bilibili Gaming),9,13,AAAAY,19530,killjoy,0.89,191.0,16.0,16.0,1.0,59.0,124.0,30.0,4.0,0.0,3,True
598935,245242,2685,VCT 2026: China Kickoff,Main Event: Middle Round 1,2026-01-29,Pearl,1,FunPlus Phoenix,Guangzhou Huadu Bilibili Gaming (Bilibili Gaming),9,13,Life,3028,neon,0.29,119.0,10.0,19.0,2.0,59.0,75.0,47.0,3.0,7.0,3,True
598935,245242,2685,VCT 2026: China Kickoff,Main Event: Middle Round 1,2026-01-29,Pearl,1,Guangzhou Huadu Bilibili Gaming (Bilibili Gaming),FunPlus Phoenix,13,9,rushia,48878,astra,1.46,266.0,20.0,14.0,12.0,86.0,180.0,27.0,3.0,1.0,3,True
598935,245242,2685,VCT 2026: China Kickoff,Main Event: Middle Round 1,2026-01-29,Pearl,1,Guangzhou Huadu Bilibili Gaming (Bilibili Gaming),FunPlus Phoenix,13,9,Knight,4774,fade,1.28,245.0,20.0,14.0,6.0,68.0,165.0,24.0,1.0,5.0,3,True
598935,245242,2685,VCT 2026: China Kickoff,Main Event: Middle Round 1,2026-01-29,Pearl,1,Guangzhou Huadu Bilibili Gaming (Bilibili Gaming),FunPlus Phoenix,13,9,whzy,4885,yoru,1.09,243.0,19.0,17.0,6.0,82.0,169.0,33.0,4.0,3.0,3,True
598935,245242,2685,VCT 2026: China Kickoff,Main Event: Middle Round 1,2026-01-29,Pearl,1,Guangzhou Huadu Bilibili Gaming (Bilibili Gaming),FunPlus Phoenix,13,9,nephh,10698,tejo,1.0,186.0,15.0,13.0,4.0,73.0,119.0,23.0,3.0,2.0,3,True
598935,245242,2685,VCT 2026: China Kickoff,Main Event: Middle Round 1,2026-01-29,Pearl,1,Guangzhou Huadu Bilibili Gaming (Bilibili Gaming),FunPlus Phoenix,13,9,bud,56260,killjoy,0.6,89.0,8.0,15.0,5.0,77.0,65.0,9.0,0.0,0.0,3,True
598935,245243,2685,VCT 2026: China Kickoff,Main Event: Middle Round 1,2026-01-29,Bind,2,FunPlus Phoenix,Guangzhou Huadu Bilibili Gaming (Bilibili Gaming),15,17,AAAAY,19530,viper,1.24,230.0,26.0,20.0,5.0,66.0,152.0,40.0,2.0,0.0,3,True
598935,245243,2685,VCT 2026: China Kickoff,Main Event: Middle Round 1,2026-01-29,Bind,2,FunPlus Phoenix,Guangzhou Huadu Bilibili Gaming (Bilibili Gaming),15,17,Setrod,50025,yoru,1.04,248.0,27.0,26.0,6.0,81.0,155.0,44.0,7.0,4.0,3,True
598935,245243,2685,VCT 2026: China Kickoff,Main Event: Middle Round 1,2026-01-29,Bind,2,FunPlus Phoenix,Guangzhou Huadu Bilibili Gaming (Bilibili Gaming),15,17,BerLIN,7857,fade,0.92,171.0,20.0,21.0,7.0,75.0,116.0,50.0,4.0,2.0,3,True
598935,245243,2685,VCT 2026: China Kickoff,Main Event: Middle Round 1,2026-01-29,Bind,2,FunPlus Phoenix,Guangzhou Huadu Bilibili Gaming (Bilibili Gaming),15,17,Life,3028,raze,0.92,218.0,23.0,26.0,5.0,78.0,140.0,31.0,5.0,7.0,3,True
598935,245243,2685,VCT 2026: China Kickoff,Main Event: Middle Round 1,2026-01-29,Bind,2,FunPlus Phoenix,Guangzhou Huadu Bilibili Gaming (Bilibili Gaming),15,17,sScary,4382,brimstone,0.64,114.0,11.0,22.0,11.0,56.0,79.0,20.0,0.0,1.0,3,True
598935,245243,2685,VCT 2026: China Kickoff,Main Event: Middle Round 1,2026-01-29,Bind,2,Guangzhou Huadu Bilibili Gaming (Bilibili Gaming),FunPlus Phoenix,17,15,whzy,4885,raze,1.69,340.0,40.0,22.0,8.0,81.0,201.0,23.0,6.0,4.0,3,True
598935,245243,2685,VCT 2026: China Kickoff,Main Event: Middle Round 1,2026-01-29,Bind,2,Guangzhou Huadu Bilibili Gaming (Bilibili Gaming),FunPlus Phoenix,17,15,rushia,48878,viper,1.04,226.0,26.0,23.0,6.0,69.0,156.0,32.0,4.0,2.0,3,True
598935,245243,2685,VCT 2026: China Kickoff,Main Event: Middle Round 1,2026-01-29,Bind,2,Guangzhou Huadu Bilibili Gaming (Bilibili Gaming),FunPlus Phoenix,17,15,nephh,10698,kayo,1.02,197.0,19.0,22.0,18.0,75.0,128.0,29.0,3.0,4.0,3,True
598935,245243,2685,VCT 2026: China Kickoff,Main Event: Middle Round 1,2026-01-29,Bind,2,Guangzhou Huadu Bilibili Gaming (Bilibili Gaming),FunPlus Phoenix,17,15,Knight,4774,fade,0.92,182.0,20.0,21.0,8.0,66.0,115.0,22.0,1.0,4.0,3,True
598935,245243,2685,VCT 2026: China Kickoff,Main Event: Middle Round 1,2026-01-29,Bind,2,Guangzhou Huadu Bilibili Gaming (Bilibili Gaming),FunPlus Phoenix,17,15,bud,56260,brimstone,0.65,95.0,10.0,19.0,17.0,75.0,63.0,19.0,0.0,4.0,3,True
598936,245245,2685,VCT 2026: China Kickoff,Main Event: Middle Round 2,2026-01-30,Corrode,1,TYLOO,Wuxi Titan Esports Club (Titan Esports Club),10,13,splash,36685,neon,1.45,305.0,25.0,20.0,6.0,74.0,172.0,28.0,5.0,1.0,3,True
598936,245245,2685,VCT 2026: China Kickoff,Main Event: Middle Round 2,2026-01-30,Corrode,1,TYLOO,Wuxi Titan Esports Club (Titan Esports Club),10,13,slowly,41739,yoru,1.04,230.0,21.0,20.0,1.0,70.0,134.0,32.0,5.0,3.0,3,True
598936,245245,2685,VCT 2026: China Kickoff,Main Event: Middle Round 2,2026-01-30,Corrode,1,TYLOO,Wuxi Titan Esports Club (Titan Esports Club),10,13,Erv,55085,omen,1.02,188.0,16.0,17.0,17.0,70.0,107.0,20.0,1.0,2.0,3,True
598936,245245,2685,VCT 2026: China Kickoff,Main Event: Middle Round 2,2026-01-30,Corrode,1,TYLOO,Wuxi Titan Esports Club (Titan Esports Club),10,13,sword9,3049,fade,0.78,126.0,11.0,17.0,4.0,65.0,80.0,26.0,2.0,3.0,3,True
598936,245245,2685,VCT 2026: China Kickoff,Main Event: Middle Round 2,2026-01-30,Corrode,1,TYLOO,Wuxi Titan Esports Club (Titan Esports Club),10,13,Scales,39485,viper,0.77,113.0,9.0,14.0,3.0,83.0,74.0,50.0,0.0,2.0,3,True
598936,245245,2685,VCT 2026: China Kickoff,Main Event: Middle Round 2,2026-01-30,Corrode,1,Wuxi Titan Esports Club (Titan Esports Club),TYLOO,13,10,Haodong,4720,kayo,1.33,234.0,21.0,13.0,7.0,87.0,140.0,37.0,1.0,1.0,3,True
598936,245245,2685,VCT 2026: China Kickoff,Main Event: Middle Round 2,2026-01-30,Corrode,1,Wuxi Titan Esports Club (Titan Esports Club),TYLOO,13,10,Coco,47629,viper,1.25,295.0,25.0,15.0,5.0,70.0,192.0,44.0,1.0,3.0,3,True
598936,245245,2685,VCT 2026: China Kickoff,Main Event: Middle Round 2,2026-01-30,Corrode,1,Wuxi Titan Esports Club (Titan Esports Club),TYLOO,13,10,Dynamite,42235,waylay,0.88,209.0,17.0,18.0,6.0,70.0,123.0,30.0,7.0,2.0,3,True
598936,245245,2685,VCT 2026: China Kickoff,Main Event: Middle Round 2,2026-01-30,Corrode,1,Wuxi Titan Esports Club (Titan Esports Club),TYLOO,13,10,Abo,5011,omen,0.6,132.0,12.0,18.0,4.0,74.0,85.0,48.0,1.0,2.0,3,True
598936,245245,2685,VCT 2026: China Kickoff,Main Event: Middle Round 2,2026-01-30,Corrode,1,Wuxi Titan Esports Club (Titan Esports Club),TYLOO,13,10,lucas,19677,sova,0.58,166.0,13.0,18.0,5.0,70.0,117.0,21.0,1.0,5.0,3,True
598936,245246,2685,VCT 2026: China Kickoff,Main Event: Middle Round 2,2026-01-30,Breeze,2,TYLOO,Wuxi Titan Esports Club (Titan Esports Club),13,9,splash,36685,jett,1.27,299.0,24.0,17.0,2.0,73.0,195.0,32.0,8.0,3.0,3,True
598936,245246,2685,VCT 2026: China Kickoff,Main Event: Middle Round 2,2026-01-30,Breeze,2,TYLOO,Wuxi Titan Esports Club (Titan Esports Club),13,9,Erv,55085,astra,1.13,168.0,14.0,11.0,5.0,77.0,127.0,42.0,2.0,1.0,3,True
598936,245246,2685,VCT 2026: China Kickoff,Main Event: Middle Round 2,2026-01-30,Breeze,2,TYLOO,Wuxi Titan Esports Club (Titan Esports Club),13,9,Scales,39485,viper,1.1,186.0,14.0,13.0,5.0,86.0,134.0,33.0,1.0,1.0,3,True
598936,245246,2685,VCT 2026: China Kickoff,Main Event: Middle Round 2,2026-01-30,Breeze,2,TYLOO,Wuxi Titan Esports Club (Titan Esports Club),13,9,sword9,3049,sova,1.02,177.0,14.0,12.0,4.0,68.0,113.0,22.0,1.0,1.0,3,True
598936,245246,2685,VCT 2026: China Kickoff,Main Event: Middle Round 2,2026-01-30,Breeze,2,TYLOO,Wuxi Titan Esports Club (Titan Esports Club),13,9,slowly,41739,yoru,1.0,229.0,18.0,16.0,4.0,77.0,148.0,43.0,3.0,1.0,3,True
598936,245246,2685,VCT 2026: China Kickoff,Main Event: Middle Round 2,2026-01-30,Breeze,2,Wuxi Titan Esports Club (Titan Esports Club),TYLOO,9,13,lucas,19677,sova,1.27,251.0,20.0,15.0,3.0,55.0,155.0,29.0,0.0,1.0,3,True
598936,245246,2685,VCT 2026: China Kickoff,Main Event: Middle Round 2,2026-01-30,Breeze,2,Wuxi Titan Esports Club (Titan Esports Club),TYLOO,9,13,Abo,5011,neon,1.0,236.0,16.0,20.0,7.0,73.0,141.0,25.0,5.0,2.0,3,True
598936,245246,2685,VCT 2026: China Kickoff,Main Event: Middle Round 2,2026-01-30,Breeze,2,Wuxi Titan Esports Club (Titan Esports Club),TYLOO,9,13,Coco,47629,viper,0.99,201.0,15.0,16.0,7.0,73.0,156.0,24.0,1.0,4.0,3,True
598936,245246,2685,VCT 2026: China Kickoff,Main Event: Middle Round 2,2026-01-30,Breeze,2,Wuxi Titan Esports Club (Titan Esports Club),TYLOO,9,13,Dynamite,42235,yoru,0.62,138.0,10.0,17.0,2.0,55.0,107.0,19.0,1.0,3.0,3,True
598936,245246,2685,VCT 2026: China Kickoff,Main Event: Middle Round 2,2026-01-30,Breeze,2,Wuxi Titan Esports Club (Titan Esports Club),TYLOO,9,13,Haodong,4720,astra,0.57,99.0,8.0,16.0,8.0,64.0,69.0,26.0,0.0,5.0,3,True
598936,245247,2685,VCT 2026: China Kickoff,Main Event: Middle Round 2,2026-01-30,Split,3,TYLOO,Wuxi Titan Esports Club (Titan Esports Club),13,9,slowly,41739,yoru,1.21,257.0,19.0,14.0,5.0,68.0,166.0,19.0,6.0,3.0,3,True
598936,245247,2685,VCT 2026: China Kickoff,Main Event: Middle Round 2,2026-01-30,Split,3,TYLOO,Wuxi Titan Esports Club (Titan Esports Club),13,9,Erv,55085,omen,1.16,224.0,17.0,16.0,9.0,73.0,148.0,44.0,2.0,1.0,3,True
598936,245247,2685,VCT 2026: China Kickoff,Main Event: Middle Round 2,2026-01-30,Split,3,TYLOO,Wuxi Titan Esports Club (Titan Esports Club),13,9,splash,36685,waylay,1.14,226.0,19.0,16.0,7.0,73.0,137.0,33.0,2.0,3.0,3,True
598936,245247,2685,VCT 2026: China Kickoff,Main Event: Middle Round 2,2026-01-30,Split,3,TYLOO,Wuxi Titan Esports Club (Titan Esports Club),13,9,Scales,39485,viper,0.96,190.0,15.0,16.0,7.0,73.0,119.0,36.0,2.0,0.0,3,True
598936,245247,2685,VCT 2026: China Kickoff,Main Event: Middle Round 2,2026-01-30,Split,3,TYLOO,Wuxi Titan Esports Club (Titan Esports Club),13,9,sword9,3049,fade,0.96,138.0,10.0,12.0,10.0,64.0,91.0,21.0,0.0,3.0,3,True
598936,245247,2685,VCT 2026: China Kickoff,Main Event: Middle Round 2,2026-01-30,Split,3,Wuxi Titan Esports Club (Titan Esports Club),TYLOO,9,13,lucas,19677,fade,1.18,220.0,17.0,15.0,5.0,82.0,154.0,29.0,0.0,2.0,3,True
598936,245247,2685,VCT 2026: China Kickoff,Main Event: Middle Round 2,2026-01-30,Split,3,Wuxi Titan Esports Club (Titan Esports Club),TYLOO,9,13,Dynamite,42235,yoru,1.17,263.0,20.0,16.0,5.0,68.0,165.0,30.0,5.0,1.0,3,True
598936,245247,2685,VCT 2026: China Kickoff,Main Event: Middle Round 2,2026-01-30,Split,3,Wuxi Titan Esports Club (Titan Esports Club),TYLOO,9,13,Coco,47629,viper,0.82,184.0,13.0,17.0,7.0,73.0,121.0,26.0,1.0,2.0,3,True
598936,245247,2685,VCT 2026: China Kickoff,Main Event: Middle Round 2,2026-01-30,Split,3,Wuxi Titan Esports Club (Titan Esports Club),TYLOO,9,13,Haodong,4720,omen,0.7,160.0,13.0,15.0,3.0,59.0,98.0,16.0,1.0,3.0,3,True
598936,245247,2685,VCT 2026: China Kickoff,Main Event: Middle Round 2,2026-01-30,Split,3,Wuxi Titan Esports Club (Titan Esports Club),TYLOO,9,13,Abo,5011,neon,0.69,147.0,11.0,17.0,2.0,55.0,89.0,39.0,3.0,4.0,3,True
598937,245248,2685,VCT 2026: China Kickoff,Main Event: Middle Round 2,2026-01-30,Abyss,1,Trace Esports,Guangzhou Huadu Bilibili Gaming (Bilibili Gaming),10,13,deLb,10821,waylay,1.58,345.0,26.0,17.0,2.0,74.0,226.0,46.0,7.0,1.0,3,True
598937,245248,2685,VCT 2026: China Kickoff,Main Event: Middle Round 2,2026-01-30,Abyss,1,Trace Esports,Guangzhou Huadu Bilibili Gaming (Bilibili Gaming),10,13,Kai,37494,yoru,1.06,177.0,15.0,14.0,2.0,65.0,117.0,41.0,3.0,2.0,3,True
598937,245248,2685,VCT 2026: China Kickoff,Main Event: Middle Round 2,2026-01-30,Abyss,1,Trace Esports,Guangzhou Huadu Bilibili Gaming (Bilibili Gaming),10,13,LuoK1ng,3045,astra,1.04,178.0,15.0,16.0,5.0,70.0,117.0,38.0,2.0,4.0,3,True
598937,245248,2685,VCT 2026: China Kickoff,Main Event: Middle Round 2,2026-01-30,Abyss,1,Trace Esports,Guangzhou Huadu Bilibili Gaming (Bilibili Gaming),10,13,Viva,36415,sova,0.63,126.0,8.0,17.0,8.0,65.0,95.0,18.0,1.0,1.0,3,True
598937,245248,2685,VCT 2026: China Kickoff,Main Event: Middle Round 2,2026-01-30,Abyss,1,Trace Esports,Guangzhou Huadu Bilibili Gaming (Bilibili Gaming),10,13,FengF,4770,breach,0.54,80.0,6.0,16.0,10.0,61.0,51.0,29.0,0.0,1.0,3,True
598937,245248,2685,VCT 2026: China Kickoff,Main Event: Middle Round 2,2026-01-30,Abyss,1,Guangzhou Huadu Bilibili Gaming (Bilibili Gaming),Trace Esports,13,10,whzy,4885,waylay,1.36,264.0,21.0,14.0,4.0,91.0,166.0,34.0,4.0,3.0,3,True
598937,245248,2685,VCT 2026: China Kickoff,Main Event: Middle Round 2,2026-01-30,Abyss,1,Guangzhou Huadu Bilibili Gaming (Bilibili Gaming),Trace Esports,13,10,nephh,10698,omen,1.12,174.0,15.0,13.0,7.0,74.0,108.0,36.0,2.0,1.0,3,True
598937,245248,2685,VCT 2026: China Kickoff,Main Event: Middle Round 2,2026-01-30,Abyss,1,Guangzhou Huadu Bilibili Gaming (Bilibili Gaming),Trace Esports,13,10,bud,56260,breach,1.12,195.0,16.0,13.0,6.0,70.0,130.0,44.0,1.0,2.0,3,True
598937,245248,2685,VCT 2026: China Kickoff,Main Event: Middle Round 2,2026-01-30,Abyss,1,Guangzhou Huadu Bilibili Gaming (Bilibili Gaming),Trace Esports,13,10,rushia,48878,astra,0.75,137.0,12.0,15.0,3.0,61.0,95.0,43.0,1.0,4.0,3,True
598937,245248,2685,VCT 2026: China Kickoff,Main Event: Middle Round 2,2026-01-30,Abyss,1,Guangzhou Huadu Bilibili Gaming (Bilibili Gaming),Trace Esports,13,10,Knight,4774,tejo,0.71,122.0,10.0,15.0,7.0,70.0,82.0,16.0,1.0,3.0,3,True
598937,245249,2685,VCT 2026: China Kickoff,Main Event: Middle Round 2,2026-01-30,Breeze,2,Trace Esports,Guangzhou Huadu Bilibili Gaming (Bilibili Gaming),11,13,LuoK1ng,3045,viper,1.23,222.0,19.0,15.0,7.0,71.0,144.0,32.0,2.0,4.0,3,True
598937,245249,2685,VCT 2026: China Kickoff,Main Event: Middle Round 2,2026-01-30,Breeze,2,Trace Esports,Guangzhou Huadu Bilibili Gaming (Bilibili Gaming),11,13,FengF,4770,omen,1.02,211.0,18.0,17.0,7.0,75.0,136.0,28.0,1.0,4.0,3,True
598937,245249,2685,VCT 2026: China Kickoff,Main Event: Middle Round 2,2026-01-30,Breeze,2,Trace Esports,Guangzhou Huadu Bilibili Gaming (Bilibili Gaming),11,13,Kai,37494,jett,0.88,191.0,18.0,17.0,2.0,67.0,111.0,37.0,3.0,5.0,3,True
598937,245249,2685,VCT 2026: China Kickoff,Main Event: Middle Round 2,2026-01-30,Breeze,2,Trace Esports,Guangzhou Huadu Bilibili Gaming (Bilibili Gaming),11,13,deLb,10821,yoru,0.79,202.0,15.0,20.0,9.0,67.0,137.0,25.0,4.0,1.0,3,True
598937,245249,2685,VCT 2026: China Kickoff,Main Event: Middle Round 2,2026-01-30,Breeze,2,Trace Esports,Guangzhou Huadu Bilibili Gaming (Bilibili Gaming),11,13,Viva,36415,sova,0.61,97.0,6.0,17.0,14.0,63.0,74.0,17.0,0.0,0.0,3,True
598937,245249,2685,VCT 2026: China Kickoff,Main Event: Middle Round 2,2026-01-30,Breeze,2,Guangzhou Huadu Bilibili Gaming (Bilibili Gaming),Trace Esports,13,11,whzy,4885,neon,1.46,260.0,23.0,16.0,7.0,83.0,163.0,28.0,7.0,3.0,3,True
598937,245249,2685,VCT 2026: China Kickoff,Main Event: Middle Round 2,2026-01-30,Breeze,2,Guangzhou Huadu Bilibili Gaming (Bilibili Gaming),Trace Esports,13,11,Knight,4774,sova,1.17,212.0,16.0,14.0,9.0,75.0,152.0,31.0,3.0,0.0,3,True
598937,245249,2685,VCT 2026: China Kickoff,Main Event: Middle Round 2,2026-01-30,Breeze,2,Guangzhou Huadu Bilibili Gaming (Bilibili Gaming),Trace Esports,13,11,rushia,48878,viper,1.14,178.0,16.0,13.0,5.0,96.0,118.0,21.0,2.0,4.0,3,True
598937,245249,2685,VCT 2026: China Kickoff,Main Event: Middle Round 2,2026-01-30,Breeze,2,Guangzhou Huadu Bilibili Gaming (Bilibili Gaming),Trace Esports,13,11,nephh,10698,astra,1.0,197.0,15.0,16.0,12.0,79.0,148.0,16.0,2.0,1.0,3,True
598937,245249,2685,VCT 2026: China Kickoff,Main Event: Middle Round 2,2026-01-30,Breeze,2,Guangzhou Huadu Bilibili Gaming (Bilibili Gaming),Trace Esports,13,11,bud,56260,gekko,0.87,163.0,16.0,17.0,3.0,67.0,97.0,24.0,0.0,2.0,3,True
598942,245265,2685,VCT 2026: China Kickoff,Main Event: Lower Round 1,2026-01-31,Abyss,1,Nova Esports,Wolves Esports,13,5,GREEN,34181,veto,1.35,282.0,19.0,12.0,1.0,83.0,185.0,36.0,4.0,0.0,3,True
598942,245265,2685,VCT 2026: China Kickoff,Main Event: Lower Round 1,2026-01-31,Abyss,1,Nova Esports,Wolves Esports,13,5,heybay,4712,breach,1.29,176.0,11.0,9.0,11.0,78.0,121.0,24.0,1.0,1.0,3,True
598942,245265,2685,VCT 2026: China Kickoff,Main Event: Lower Round 1,2026-01-31,Abyss,1,Nova Esports,Wolves Esports,13,5,GuanG,41054,waylay,1.08,210.0,14.0,11.0,3.0,72.0,125.0,36.0,2.0,4.0,3,True
598942,245265,2685,VCT 2026: China Kickoff,Main Event: Lower Round 1,2026-01-31,Abyss,1,Nova Esports,Wolves Esports,13,5,OBONE,36670,astra,1.06,165.0,11.0,10.0,6.0,61.0,93.0,55.0,1.0,1.0,3,True
598942,245265,2685,VCT 2026: China Kickoff,Main Event: Lower Round 1,2026-01-31,Abyss,1,Nova Esports,Wolves Esports,13,5,Ezeir,46460,tejo,0.99,203.0,14.0,14.0,4.0,67.0,144.0,39.0,3.0,1.0,3,True
598942,245265,2685,VCT 2026: China Kickoff,Main Event: Lower Round 1,2026-01-31,Abyss,1,Wolves Esports,Nova Esports,5,13,SiuFatBB,7849,sova,0.94,143.0,9.0,12.0,3.0,72.0,101.0,35.0,0.0,0.0,3,True
598942,245265,2685,VCT 2026: China Kickoff,Main Event: Lower Round 1,2026-01-31,Abyss,1,Wolves Esports,Nova Esports,5,13,jowa,19292,astra,0.85,191.0,11.0,15.0,9.0,67.0,114.0,43.0,2.0,1.0,3,True
598942,245265,2685,VCT 2026: China Kickoff,Main Event: Lower Round 1,2026-01-31,Abyss,1,Wolves Esports,Nova Esports,5,13,yosemite,6022,veto,0.85,234.0,14.0,15.0,1.0,72.0,144.0,35.0,4.0,2.0,3,True
598942,245265,2685,VCT 2026: China Kickoff,Main Event: Lower Round 1,2026-01-31,Abyss,1,Wolves Esports,Nova Esports,5,13,qiutiaN,43007,yoru,0.79,189.0,11.0,13.0,4.0,72.0,115.0,26.0,1.0,4.0,3,True
598942,245265,2685,VCT 2026: China Kickoff,Main Event: Lower Round 1,2026-01-31,Abyss,1,Wolves Esports,Nova Esports,5,13,Spring,14125,waylay,0.74,142.0,8.0,14.0,9.0,50.0,84.0,50.0,0.0,4.0,3,True
598942,245266,2685,VCT 2026: China Kickoff,Main Event: Lower Round 1,2026-01-31,Haven,2,Nova Esports,Wolves Esports,3,13,Ezeir,46460,cypher,1.06,238.0,11.0,13.0,7.0,69.0,175.0,31.0,1.0,1.0,3,True
598942,245266,2685,VCT 2026: China Kickoff,Main Event: Lower Round 1,2026-01-31,Haven,2,Nova Esports,Wolves Esports,3,13,OBONE,36670,omen,0.74,154.0,8.0,14.0,4.0,56.0,105.0,28.0,0.0,2.0,3,True
598942,245266,2685,VCT 2026: China Kickoff,Main Event: Lower Round 1,2026-01-31,Haven,2,Nova Esports,Wolves Esports,3,13,heybay,4712,sova,0.62,174.0,8.0,15.0,5.0,63.0,129.0,24.0,0.0,2.0,3,True
598942,245266,2685,VCT 2026: China Kickoff,Main Event: Lower Round 1,2026-01-31,Haven,2,Nova Esports,Wolves Esports,3,13,GuanG,41054,neon,0.52,146.0,9.0,15.0,1.0,38.0,105.0,45.0,1.0,3.0,3,True
598942,245266,2685,VCT 2026: China Kickoff,Main Event: Lower Round 1,2026-01-31,Haven,2,Nova Esports,Wolves Esports,3,13,GREEN,34181,yoru,0.48,146.0,7.0,16.0,6.0,69.0,116.0,17.0,2.0,4.0,3,True
598942,245266,2685,VCT 2026: China Kickoff,Main Event: Lower Round 1,2026-01-31,Haven,2,Wolves Esports,Nova Esports,13,3,Spring,14125,neon,1.89,377.0,23.0,9.0,3.0,81.0,256.0,20.0,3.0,2.0,3,True
598942,245266,2685,VCT 2026: China Kickoff,Main Event: Lower Round 1,2026-01-31,Haven,2,Wolves Esports,Nova Esports,13,3,jowa,19292,omen,1.33,270.0,15.0,11.0,14.0,94.0,169.0,17.0,2.0,0.0,3,True
598942,245266,2685,VCT 2026: China Kickoff,Main Event: Lower Round 1,2026-01-31,Haven,2,Wolves Esports,Nova Esports,13,3,yosemite,6022,viper,1.32,246.0,13.0,9.0,6.0,100.0,148.0,27.0,3.0,0.0,3,True
598942,245266,2685,VCT 2026: China Kickoff,Main Event: Lower Round 1,2026-01-31,Haven,2,Wolves Esports,Nova Esports,13,3,SiuFatBB,7849,sova,1.32,190.0,13.0,6.0,3.0,81.0,128.0,48.0,1.0,0.0,3,True
598942,245266,2685,VCT 2026: China Kickoff,Main Event: Lower Round 1,2026-01-31,Haven,2,Wolves Esports,Nova Esports,13,3,qiutiaN,43007,killjoy,1.1,156.0,9.0,8.0,3.0,81.0,114.0,30.0,3.0,2.0,3,True
598942,245267,2685,VCT 2026: China Kickoff,Main Event: Lower Round 1,2026-01-31,Pearl,3,Nova Esports,Wolves Esports,11,13,OBONE,36670,astra,1.24,273.0,23.0,17.0,9.0,75.0,177.0,31.0,4.0,2.0,3,True
598942,245267,2685,VCT 2026: China Kickoff,Main Event: Lower Round 1,2026-01-31,Pearl,3,Nova Esports,Wolves Esports,11,13,GuanG,41054,neon,1.01,206.0,18.0,16.0,4.0,67.0,130.0,26.0,3.0,6.0,3,True
598942,245267,2685,VCT 2026: China Kickoff,Main Event: Lower Round 1,2026-01-31,Pearl,3,Nova Esports,Wolves Esports,11,13,GREEN,34181,killjoy,0.95,206.0,17.0,18.0,3.0,54.0,130.0,26.0,1.0,0.0,3,True
598942,245267,2685,VCT 2026: China Kickoff,Main Event: Lower Round 1,2026-01-31,Pearl,3,Nova Esports,Wolves Esports,11,13,Ezeir,46460,tejo,0.9,149.0,12.0,15.0,8.0,63.0,103.0,27.0,1.0,3.0,3,True
598942,245267,2685,VCT 2026: China Kickoff,Main Event: Lower Round 1,2026-01-31,Pearl,3,Nova Esports,Wolves Esports,11,13,heybay,4712,fade,0.52,93.0,7.0,17.0,7.0,71.0,59.0,20.0,0.0,4.0,3,True
598942,245267,2685,VCT 2026: China Kickoff,Main Event: Lower Round 1,2026-01-31,Pearl,3,Wolves Esports,Nova Esports,13,11,yosemite,6022,killjoy,1.41,274.0,24.0,15.0,9.0,88.0,181.0,20.0,2.0,2.0,3,True
598942,245267,2685,VCT 2026: China Kickoff,Main Event: Lower Round 1,2026-01-31,Pearl,3,Wolves Esports,Nova Esports,13,11,qiutiaN,43007,astra,1.39,245.0,19.0,15.0,13.0,83.0,181.0,20.0,6.0,2.0,3,True
598942,245267,2685,VCT 2026: China Kickoff,Main Event: Lower Round 1,2026-01-31,Pearl,3,Wolves Esports,Nova Esports,13,11,SiuFatBB,7849,fade,1.01,132.0,13.0,13.0,13.0,67.0,87.0,20.0,0.0,1.0,3,True
598942,245267,2685,VCT 2026: China Kickoff,Main Event: Lower Round 1,2026-01-31,Pearl,3,Wolves Esports,Nova Esports,13,11,Spring,14125,yoru,0.97,191.0,17.0,16.0,7.0,67.0,114.0,24.0,4.0,3.0,3,True
598942,245267,2685,VCT 2026: China Kickoff,Main Event: Lower Round 1,2026-01-31,Pearl,3,Wolves Esports,Nova Esports,13,11,jowa,19292,tejo,0.79,133.0,10.0,18.0,7.0,79.0,98.0,24.0,3.0,1.0,3,True
598929,245222,2685,VCT 2026: China Kickoff,Main Event: Upper Round 3,2026-01-31,Corrode,1,All Gamers,Dragon Ranger Gaming,7,13,f4ngeer,21216,waylay,1.31,265.0,19.0,14.0,2.0,75.0,161.0,35.0,8.0,1.0,3,True
598929,245222,2685,VCT 2026: China Kickoff,Main Event: Upper Round 3,2026-01-31,Corrode,1,All Gamers,Dragon Ranger Gaming,7,13,Shr1mp,25494,sova,1.26,253.0,18.0,16.0,5.0,75.0,162.0,17.0,1.0,0.0,3,True
598929,245222,2685,VCT 2026: China Kickoff,Main Event: Upper Round 3,2026-01-31,Corrode,1,All Gamers,Dragon Ranger Gaming,7,13,K1ra,46748,kayo,0.94,185.0,12.0,15.0,9.0,80.0,123.0,38.0,3.0,1.0,3,True
598929,245222,2685,VCT 2026: China Kickoff,Main Event: Upper Round 3,2026-01-31,Corrode,1,All Gamers,Dragon Ranger Gaming,7,13,iamgrq,58959,omen,0.79,169.0,10.0,16.0,7.0,75.0,124.0,36.0,1.0,0.0,3,True
598929,245222,2685,VCT 2026: China Kickoff,Main Event: Upper Round 3,2026-01-31,Corrode,1,All Gamers,Dragon Ranger Gaming,7,13,Au1,55038,viper,0.26,101.0,6.0,18.0,6.0,55.0,70.0,17.0,0.0,5.0,3,True
598929,245222,2685,VCT 2026: China Kickoff,Main Event: Upper Round 3,2026-01-31,Corrode,1,Dragon Ranger Gaming,All Gamers,13,7,vo0kashu,3741,cypher,1.43,270.0,21.0,11.0,1.0,80.0,163.0,24.0,2.0,0.0,3,True
598929,245222,2685,VCT 2026: China Kickoff,Main Event: Upper Round 3,2026-01-31,Corrode,1,Dragon Ranger Gaming,All Gamers,13,7,Nicc,11524,gekko,1.25,186.0,15.0,10.0,6.0,75.0,118.0,33.0,1.0,2.0,3,True
598929,245222,2685,VCT 2026: China Kickoff,Main Event: Upper Round 3,2026-01-31,Corrode,1,Dragon Ranger Gaming,All Gamers,13,7,Flex1n,4705,omen,1.15,223.0,15.0,13.0,7.0,70.0,132.0,28.0,0.0,1.0,3,True
598929,245222,2685,VCT 2026: China Kickoff,Main Event: Upper Round 3,2026-01-31,Corrode,1,Dragon Ranger Gaming,All Gamers,13,7,SpiritZ1,31753,yoru,0.96,232.0,16.0,15.0,5.0,65.0,160.0,34.0,1.0,5.0,3,True
598929,245222,2685,VCT 2026: China Kickoff,Main Event: Upper Round 3,2026-01-31,Corrode,1,Dragon Ranger Gaming,All Gamers,13,7,Akeman,52904,neon,0.63,163.0,12.0,16.0,5.0,55.0,103.0,21.0,3.0,5.0,3,True
598929,245223,2685,VCT 2026: China Kickoff,Main Event: Upper Round 3,2026-01-31,Bind,2,All Gamers,Dragon Ranger Gaming,15,13,iamgrq,58959,brimstone,1.55,307.0,29.0,19.0,15.0,82.0,197.0,31.0,2.0,3.0,3,True
598929,245223,2685,VCT 2026: China Kickoff,Main Event: Upper Round 3,2026-01-31,Bind,2,All Gamers,Dragon Ranger Gaming,15,13,Au1,55038,viper,1.2,212.0,22.0,18.0,9.0,86.0,147.0,21.0,1.0,0.0,3,True
598929,245223,2685,VCT 2026: China Kickoff,Main Event: Upper Round 3,2026-01-31,Bind,2,All Gamers,Dragon Ranger Gaming,15,13,K1ra,46748,raze,0.88,193.0,19.0,22.0,6.0,64.0,138.0,22.0,2.0,5.0,3,True
598929,245223,2685,VCT 2026: China Kickoff,Main Event: Upper Round 3,2026-01-31,Bind,2,All Gamers,Dragon Ranger Gaming,15,13,f4ngeer,21216,yoru,0.74,167.0,16.0,21.0,6.0,64.0,108.0,32.0,6.0,5.0,3,True
598929,245223,2685,VCT 2026: China Kickoff,Main Event: Upper Round 3,2026-01-31,Bind,2,All Gamers,Dragon Ranger Gaming,15,13,Shr1mp,25494,fade,0.72,142.0,13.0,22.0,9.0,61.0,83.0,26.0,3.0,1.0,3,True
598929,245223,2685,VCT 2026: China Kickoff,Main Event: Upper Round 3,2026-01-31,Bind,2,Dragon Ranger Gaming,All Gamers,13,15,vo0kashu,3741,cypher,1.42,289.0,29.0,19.0,4.0,71.0,194.0,23.0,0.0,2.0,3,True
598929,245223,2685,VCT 2026: China Kickoff,Main Event: Upper Round 3,2026-01-31,Bind,2,Dragon Ranger Gaming,All Gamers,13,15,SpiritZ1,31753,reyna,1.16,232.0,23.0,20.0,3.0,68.0,140.0,30.0,5.0,2.0,3,True
598929,245223,2685,VCT 2026: China Kickoff,Main Event: Upper Round 3,2026-01-31,Bind,2,Dragon Ranger Gaming,All Gamers,13,15,Akeman,52904,waylay,0.94,196.0,20.0,20.0,5.0,64.0,136.0,29.0,5.0,4.0,3,True
598929,245223,2685,VCT 2026: China Kickoff,Main Event: Upper Round 3,2026-01-31,Bind,2,Dragon Ranger Gaming,All Gamers,13,15,Flex1n,4705,brimstone,0.83,190.0,17.0,22.0,17.0,82.0,121.0,34.0,2.0,3.0,3,True
598929,245223,2685,VCT 2026: China Kickoff,Main Event: Upper Round 3,2026-01-31,Bind,2,Dragon Ranger Gaming,All Gamers,13,15,Nicc,11524,skye,0.67,124.0,13.0,18.0,8.0,75.0,81.0,27.0,2.0,3.0,3,True
598929,245224,2685,VCT 2026: China Kickoff,Main Event: Upper Round 3,2026-01-31,Abyss,3,All Gamers,Dragon Ranger Gaming,13,10,iamgrq,58959,waylay,1.46,267.0,25.0,13.0,3.0,87.0,167.0,26.0,4.0,0.0,3,True
598929,245224,2685,VCT 2026: China Kickoff,Main Event: Upper Round 3,2026-01-31,Abyss,3,All Gamers,Dragon Ranger Gaming,13,10,Shr1mp,25494,sova,1.39,247.0,22.0,11.0,5.0,78.0,153.0,33.0,1.0,1.0,3,True
598929,245224,2685,VCT 2026: China Kickoff,Main Event: Upper Round 3,2026-01-31,Abyss,3,All Gamers,Dragon Ranger Gaming,13,10,K1ra,46748,astra,1.26,195.0,16.0,12.0,11.0,83.0,128.0,30.0,3.0,2.0,3,True
598929,245224,2685,VCT 2026: China Kickoff,Main Event: Upper Round 3,2026-01-31,Abyss,3,All Gamers,Dragon Ranger Gaming,13,10,f4ngeer,21216,yoru,0.78,182.0,16.0,15.0,2.0,70.0,108.0,36.0,3.0,6.0,3,True
598929,245224,2685,VCT 2026: China Kickoff,Main Event: Upper Round 3,2026-01-31,Abyss,3,All Gamers,Dragon Ranger Gaming,13,10,Au1,55038,veto,0.78,147.0,11.0,15.0,6.0,78.0,108.0,14.0,1.0,2.0,3,True
598929,245224,2685,VCT 2026: China Kickoff,Main Event: Upper Round 3,2026-01-31,Abyss,3,Dragon Ranger Gaming,All Gamers,10,13,Nicc,11524,sova,1.08,232.0,17.0,16.0,3.0,70.0,161.0,49.0,0.0,2.0,3,True
598929,245224,2685,VCT 2026: China Kickoff,Main Event: Upper Round 3,2026-01-31,Abyss,3,Dragon Ranger Gaming,All Gamers,10,13,Flex1n,4705,astra,1.08,162.0,13.0,15.0,8.0,70.0,118.0,21.0,3.0,0.0,3,True
598929,245224,2685,VCT 2026: China Kickoff,Main Event: Upper Round 3,2026-01-31,Abyss,3,Dragon Ranger Gaming,All Gamers,10,13,SpiritZ1,31753,reyna,0.94,244.0,20.0,21.0,1.0,52.0,152.0,51.0,6.0,5.0,3,True
598929,245224,2685,VCT 2026: China Kickoff,Main Event: Upper Round 3,2026-01-31,Abyss,3,Dragon Ranger Gaming,All Gamers,10,13,vo0kashu,3741,cypher,0.72,121.0,10.0,18.0,2.0,52.0,89.0,18.0,1.0,1.0,3,True
598929,245224,2685,VCT 2026: China Kickoff,Main Event: Upper Round 3,2026-01-31,Abyss,3,Dragon Ranger Gaming,All Gamers,10,13,Akeman,52904,waylay,0.31,97.0,6.0,20.0,4.0,43.0,76.0,30.0,1.0,4.0,3,True
598943,245268,2685,VCT 2026: China Kickoff,Main Event: Lower Round 1,2026-02-01,Pearl,1,JD Mall JDG Esports (JD Gaming),FunPlus Phoenix,5,13,Yuicaw,11218,killjoy,1.09,221.0,14.0,14.0,1.0,50.0,164.0,28.0,2.0,2.0,3,True
598943,245268,2685,VCT 2026: China Kickoff,Main Event: Lower Round 1,2026-02-01,Pearl,1,JD Mall JDG Esports (JD Gaming),FunPlus Phoenix,5,13,stew,16924,neon,0.91,185.0,11.0,14.0,4.0,61.0,126.0,36.0,2.0,2.0,3,True
598943,245268,2685,VCT 2026: China Kickoff,Main Event: Lower Round 1,2026-02-01,Pearl,1,JD Mall JDG Esports (JD Gaming),FunPlus Phoenix,5,13,jkuro,3519,astra,0.75,155.0,10.0,15.0,5.0,67.0,98.0,44.0,0.0,0.0,3,True
598943,245268,2685,VCT 2026: China Kickoff,Main Event: Lower Round 1,2026-02-01,Pearl,1,JD Mall JDG Esports (JD Gaming),FunPlus Phoenix,5,13,coconut,12365,sova,0.55,135.0,9.0,15.0,2.0,61.0,93.0,29.0,2.0,1.0,3,True
598943,245268,2685,VCT 2026: China Kickoff,Main Event: Lower Round 1,2026-02-01,Pearl,1,JD Mall JDG Esports (JD Gaming),FunPlus Phoenix,5,13,zhe,49476,yoru,0.33,118.0,6.0,16.0,4.0,56.0,88.0,12.0,3.0,4.0,3,True
598943,245268,2685,VCT 2026: China Kickoff,Main Event: Lower Round 1,2026-02-01,Pearl,1,FunPlus Phoenix,JD Mall JDG Esports (JD Gaming),13,5,AAAAY,19530,killjoy,2.0,347.0,25.0,7.0,1.0,72.0,224.0,34.0,0.0,3.0,3,True
598943,245268,2685,VCT 2026: China Kickoff,Main Event: Lower Round 1,2026-02-01,Pearl,1,FunPlus Phoenix,JD Mall JDG Esports (JD Gaming),13,5,BerLIN,7857,kayo,1.37,215.0,14.0,10.0,15.0,94.0,128.0,33.0,2.0,1.0,3,True
598943,245268,2685,VCT 2026: China Kickoff,Main Event: Lower Round 1,2026-02-01,Pearl,1,FunPlus Phoenix,JD Mall JDG Esports (JD Gaming),13,5,sScary,4382,brimstone,1.28,197.0,13.0,9.0,9.0,89.0,135.0,27.0,3.0,1.0,3,True
598943,245268,2685,VCT 2026: China Kickoff,Main Event: Lower Round 1,2026-02-01,Pearl,1,FunPlus Phoenix,JD Mall JDG Esports (JD Gaming),13,5,Life,3028,neon,1.01,247.0,14.0,14.0,7.0,72.0,170.0,43.0,4.0,3.0,3,True
598943,245268,2685,VCT 2026: China Kickoff,Main Event: Lower Round 1,2026-02-01,Pearl,1,FunPlus Phoenix,JD Mall JDG Esports (JD Gaming),13,5,Setrod,50025,tejo,0.87,109.0,8.0,10.0,7.0,78.0,88.0,32.0,0.0,1.0,3,True
598943,245269,2685,VCT 2026: China Kickoff,Main Event: Lower Round 1,2026-02-01,Bind,2,JD Mall JDG Esports (JD Gaming),FunPlus Phoenix,13,3,Yuicaw,11218,viper,1.76,343.0,20.0,7.0,7.0,94.0,196.0,33.0,4.0,1.0,3,True
598943,245269,2685,VCT 2026: China Kickoff,Main Event: Lower Round 1,2026-02-01,Bind,2,JD Mall JDG Esports (JD Gaming),FunPlus Phoenix,13,3,zhe,49476,yoru,1.55,229.0,13.0,4.0,3.0,88.0,133.0,23.0,4.0,1.0,3,True
598943,245269,2685,VCT 2026: China Kickoff,Main Event: Lower Round 1,2026-02-01,Bind,2,JD Mall JDG Esports (JD Gaming),FunPlus Phoenix,13,3,stew,16924,raze,1.21,262.0,17.0,9.0,2.0,100.0,169.0,28.0,3.0,0.0,3,True
598943,245269,2685,VCT 2026: China Kickoff,Main Event: Lower Round 1,2026-02-01,Bind,2,JD Mall JDG Esports (JD Gaming),FunPlus Phoenix,13,3,jkuro,3519,brimstone,1.09,198.0,13.0,9.0,9.0,94.0,123.0,38.0,1.0,0.0,3,True
598943,245269,2685,VCT 2026: China Kickoff,Main Event: Lower Round 1,2026-02-01,Bind,2,JD Mall JDG Esports (JD Gaming),FunPlus Phoenix,13,3,coconut,12365,fade,0.87,122.0,7.0,7.0,6.0,75.0,82.0,30.0,2.0,0.0,3,True
598943,245269,2685,VCT 2026: China Kickoff,Main Event: Lower Round 1,2026-02-01,Bind,2,FunPlus Phoenix,JD Mall JDG Esports (JD Gaming),3,13,Setrod,50025,yoru,1.15,202.0,12.0,12.0,2.0,56.0,130.0,44.0,0.0,3.0,3,True
598943,245269,2685,VCT 2026: China Kickoff,Main Event: Lower Round 1,2026-02-01,Bind,2,FunPlus Phoenix,JD Mall JDG Esports (JD Gaming),3,13,BerLIN,7857,fade,0.71,132.0,8.0,13.0,1.0,69.0,83.0,35.0,0.0,5.0,3,True
598943,245269,2685,VCT 2026: China Kickoff,Main Event: Lower Round 1,2026-02-01,Bind,2,FunPlus Phoenix,JD Mall JDG Esports (JD Gaming),3,13,sScary,4382,brimstone,0.68,156.0,6.0,15.0,8.0,63.0,113.0,26.0,1.0,0.0,3,True
598943,245269,2685,VCT 2026: China Kickoff,Main Event: Lower Round 1,2026-02-01,Bind,2,FunPlus Phoenix,JD Mall JDG Esports (JD Gaming),3,13,AAAAY,19530,viper,0.64,122.0,7.0,14.0,0.0,44.0,95.0,30.0,0.0,0.0,3,True
598943,245269,2685,VCT 2026: China Kickoff,Main Event: Lower Round 1,2026-02-01,Bind,2,FunPlus Phoenix,JD Mall JDG Esports (JD Gaming),3,13,Life,3028,raze,0.21,88.0,3.0,16.0,4.0,56.0,63.0,18.0,1.0,6.0,3,True
598943,245270,2685,VCT 2026: China Kickoff,Main Event: Lower Round 1,2026-02-01,Haven,3,JD Mall JDG Esports (JD Gaming),FunPlus Phoenix,13,7,stew,16924,neon,,296.0,21.0,15.0,2.0,65.0,176.0,20.0,5.0,4.0,3,True
598943,245270,2685,VCT 2026: China Kickoff,Main Event: Lower Round 1,2026-02-01,Haven,3,JD Mall JDG Esports (JD Gaming),FunPlus Phoenix,13,7,jkuro,3519,omen,,252.0,19.0,13.0,6.0,80.0,166.0,34.0,1.0,1.0,3,True
598943,245270,2685,VCT 2026: China Kickoff,Main Event: Lower Round 1,2026-02-01,Haven,3,JD Mall JDG Esports (JD Gaming),FunPlus Phoenix,13,7,zhe,49476,yoru,,237.0,18.0,14.0,3.0,80.0,139.0,8.0,3.0,1.0,3,True
598943,245270,2685,VCT 2026: China Kickoff,Main Event: Lower Round 1,2026-02-01,Haven,3,JD Mall JDG Esports (JD Gaming),FunPlus Phoenix,13,7,Yuicaw,11218,cypher,,196.0,11.0,13.0,10.0,80.0,134.0,25.0,2.0,2.0,3,True
598943,245270,2685,VCT 2026: China Kickoff,Main Event: Lower Round 1,2026-02-01,Haven,3,JD Mall JDG Esports (JD Gaming),FunPlus Phoenix,13,7,coconut,12365,sova,,148.0,11.0,13.0,3.0,70.0,102.0,27.0,1.0,0.0,3,True
598943,245270,2685,VCT 2026: China Kickoff,Main Event: Lower Round 1,2026-02-01,Haven,3,FunPlus Phoenix,JD Mall JDG Esports (JD Gaming),7,13,Setrod,50025,viper,,229.0,17.0,15.0,6.0,70.0,149.0,40.0,0.0,2.0,3,True
598943,245270,2685,VCT 2026: China Kickoff,Main Event: Lower Round 1,2026-02-01,Haven,3,FunPlus Phoenix,JD Mall JDG Esports (JD Gaming),7,13,sScary,4382,omen,,223.0,16.0,16.0,4.0,65.0,126.0,28.0,5.0,3.0,3,True
598943,245270,2685,VCT 2026: China Kickoff,Main Event: Lower Round 1,2026-02-01,Haven,3,FunPlus Phoenix,JD Mall JDG Esports (JD Gaming),7,13,AAAAY,19530,killjoy,,221.0,16.0,13.0,0.0,65.0,138.0,41.0,1.0,2.0,3,True
598943,245270,2685,VCT 2026: China Kickoff,Main Event: Lower Round 1,2026-02-01,Haven,3,FunPlus Phoenix,JD Mall JDG Esports (JD Gaming),7,13,Life,3028,neon,,190.0,12.0,19.0,5.0,45.0,132.0,32.0,1.0,2.0,3,True
598943,245270,2685,VCT 2026: China Kickoff,Main Event: Lower Round 1,2026-02-01,Haven,3,FunPlus Phoenix,JD Mall JDG Esports (JD Gaming),7,13,BerLIN,7857,sova,,113.0,7.0,17.0,4.0,50.0,80.0,29.0,1.0,3.0,3,True
598930,245225,2685,VCT 2026: China Kickoff,Main Event: Upper Round 3,2026-02-01,Split,1,Xi Lai Gaming,EDward Gaming,13,5,happywei,37927,viper,1.66,289.0,20.0,8.0,7.0,72.0,195.0,28.0,3.0,1.0,3,True
598930,245225,2685,VCT 2026: China Kickoff,Main Event: Upper Round 3,2026-02-01,Split,1,Xi Lai Gaming,EDward Gaming,13,5,Lysoar,37489,omen,1.51,274.0,16.0,11.0,9.0,89.0,180.0,19.0,1.0,0.0,3,True
598930,245225,2685,VCT 2026: China Kickoff,Main Event: Upper Round 3,2026-02-01,Split,1,Xi Lai Gaming,EDward Gaming,13,5,WsLeo,24308,fade,1.09,171.0,14.0,10.0,1.0,78.0,111.0,27.0,0.0,1.0,3,True
598930,245225,2685,VCT 2026: China Kickoff,Main Event: Upper Round 3,2026-02-01,Split,1,Xi Lai Gaming,EDward Gaming,13,5,NoMan,11527,waylay,0.93,165.0,12.0,12.0,1.0,78.0,112.0,35.0,5.0,4.0,3,True
598930,245225,2685,VCT 2026: China Kickoff,Main Event: Upper Round 3,2026-02-01,Split,1,Xi Lai Gaming,EDward Gaming,13,5,Rarga,22047,yoru,0.68,198.0,12.0,14.0,3.0,78.0,125.0,40.0,1.0,2.0,3,True
598930,245225,2685,VCT 2026: China Kickoff,Main Event: Upper Round 3,2026-02-01,Split,1,EDward Gaming,Xi Lai Gaming,5,13,CHICHOO,15559,viper,0.96,186.0,11.0,14.0,5.0,83.0,105.0,33.0,1.0,1.0,3,True
598930,245225,2685,VCT 2026: China Kickoff,Main Event: Upper Round 3,2026-02-01,Split,1,EDward Gaming,Xi Lai Gaming,5,13,nobody,3017,fade,0.89,188.0,12.0,14.0,4.0,78.0,105.0,33.0,4.0,1.0,3,True
598930,245225,2685,VCT 2026: China Kickoff,Main Event: Upper Round 3,2026-02-01,Split,1,EDward Gaming,Xi Lai Gaming,5,13,cb,39697,yoru,0.75,190.0,11.0,16.0,4.0,72.0,142.0,28.0,1.0,5.0,3,True
598930,245225,2685,VCT 2026: China Kickoff,Main Event: Upper Round 3,2026-02-01,Split,1,EDward Gaming,Xi Lai Gaming,5,13,ZmjjKK,3520,neon,0.73,180.0,12.0,15.0,2.0,50.0,112.0,23.0,1.0,2.0,3,True
598930,245225,2685,VCT 2026: China Kickoff,Main Event: Upper Round 3,2026-02-01,Split,1,EDward Gaming,Xi Lai Gaming,5,13,Smoggy,4742,omen,0.61,141.0,9.0,15.0,5.0,61.0,94.0,28.0,1.0,1.0,3,True
598930,245226,2685,VCT 2026: China Kickoff,Main Event: Upper Round 3,2026-02-01,Pearl,2,Xi Lai Gaming,EDward Gaming,13,6,happywei,37927,astra,1.7,265.0,20.0,9.0,10.0,84.0,172.0,40.0,2.0,0.0,3,True
598930,245226,2685,VCT 2026: China Kickoff,Main Event: Upper Round 3,2026-02-01,Pearl,2,Xi Lai Gaming,EDward Gaming,13,6,Lysoar,37489,killjoy,1.3,250.0,16.0,12.0,5.0,84.0,162.0,19.0,1.0,0.0,3,True
598930,245226,2685,VCT 2026: China Kickoff,Main Event: Upper Round 3,2026-02-01,Pearl,2,Xi Lai Gaming,EDward Gaming,13,6,NoMan,11527,waylay,1.03,234.0,16.0,14.0,3.0,74.0,164.0,39.0,5.0,3.0,3,True
598930,245226,2685,VCT 2026: China Kickoff,Main Event: Upper Round 3,2026-02-01,Pearl,2,Xi Lai Gaming,EDward Gaming,13,6,WsLeo,24308,fade,1.0,213.0,16.0,13.0,3.0,84.0,129.0,32.0,1.0,1.0,3,True
598930,245226,2685,VCT 2026: China Kickoff,Main Event: Upper Round 3,2026-02-01,Pearl,2,Xi Lai Gaming,EDward Gaming,13,6,Rarga,22047,yoru,0.78,182.0,13.0,14.0,3.0,84.0,125.0,27.0,2.0,4.0,3,True
598930,245226,2685,VCT 2026: China Kickoff,Main Event: Upper Round 3,2026-02-01,Pearl,2,EDward Gaming,Xi Lai Gaming,6,13,CHICHOO,15559,killjoy,1.13,262.0,18.0,16.0,3.0,74.0,163.0,32.0,4.0,1.0,3,True
598930,245226,2685,VCT 2026: China Kickoff,Main Event: Upper Round 3,2026-02-01,Pearl,2,EDward Gaming,Xi Lai Gaming,6,13,nobody,3017,sova,1.09,198.0,13.0,14.0,4.0,63.0,130.0,40.0,0.0,0.0,3,True
598930,245226,2685,VCT 2026: China Kickoff,Main Event: Upper Round 3,2026-02-01,Pearl,2,EDward Gaming,Xi Lai Gaming,6,13,Smoggy,4742,astra,0.84,182.0,12.0,17.0,6.0,63.0,128.0,35.0,0.0,1.0,3,True
598930,245226,2685,VCT 2026: China Kickoff,Main Event: Upper Round 3,2026-02-01,Pearl,2,EDward Gaming,Xi Lai Gaming,6,13,cb,39697,yoru,0.66,178.0,12.0,17.0,3.0,32.0,125.0,38.0,0.0,5.0,3,True
598930,245226,2685,VCT 2026: China Kickoff,Main Event: Upper Round 3,2026-02-01,Pearl,2,EDward Gaming,Xi Lai Gaming,6,13,ZmjjKK,3520,neon,0.4,124.0,7.0,17.0,4.0,58.0,84.0,31.0,4.0,4.0,3,True
598944,245271,2685,VCT 2026: China Kickoff,Main Event: Lower Round 2,2026-02-03,Abyss,1,Trace Esports,Wolves Esports,12,14,Viva,36415,sova,1.16,232.0,22.0,18.0,6.0,77.0,146.0,34.0,1.0,0.0,3,True
598944,245271,2685,VCT 2026: China Kickoff,Main Event: Lower Round 2,2026-02-03,Abyss,1,Trace Esports,Wolves Esports,12,14,FengF,4770,breach,1.13,246.0,21.0,20.0,12.0,85.0,175.0,37.0,2.0,2.0,3,True
598944,245271,2685,VCT 2026: China Kickoff,Main Event: Lower Round 2,2026-02-03,Abyss,1,Trace Esports,Wolves Esports,12,14,Kai,37494,yoru,0.91,228.0,22.0,22.0,2.0,65.0,142.0,34.0,2.0,3.0,3,True
598944,245271,2685,VCT 2026: China Kickoff,Main Event: Lower Round 2,2026-02-03,Abyss,1,Trace Esports,Wolves Esports,12,14,LuoK1ng,3045,astra,0.86,174.0,17.0,19.0,14.0,81.0,122.0,29.0,2.0,3.0,3,True
598944,245271,2685,VCT 2026: China Kickoff,Main Event: Lower Round 2,2026-02-03,Abyss,1,Trace Esports,Wolves Esports,12,14,deLb,10821,waylay,0.76,166.0,16.0,21.0,8.0,58.0,108.0,41.0,5.0,6.0,3,True
598944,245271,2685,VCT 2026: China Kickoff,Main Event: Lower Round 2,2026-02-03,Abyss,1,Wolves Esports,Trace Esports,14,12,SiuFatBB,7849,sova,1.56,255.0,21.0,15.0,12.0,77.0,190.0,35.0,2.0,1.0,3,True
598944,245271,2685,VCT 2026: China Kickoff,Main Event: Lower Round 2,2026-02-03,Abyss,1,Wolves Esports,Trace Esports,14,12,yosemite,6022,veto,1.39,303.0,30.0,21.0,4.0,81.0,192.0,31.0,2.0,1.0,3,True
598944,245271,2685,VCT 2026: China Kickoff,Main Event: Lower Round 2,2026-02-03,Abyss,1,Wolves Esports,Trace Esports,14,12,jowa,19292,yoru,1.15,252.0,24.0,20.0,9.0,85.0,145.0,33.0,5.0,1.0,3,True
598944,245271,2685,VCT 2026: China Kickoff,Main Event: Lower Round 2,2026-02-03,Abyss,1,Wolves Esports,Trace Esports,14,12,qiutiaN,43007,astra,0.77,156.0,12.0,20.0,15.0,77.0,104.0,29.0,2.0,4.0,3,True
598944,245271,2685,VCT 2026: China Kickoff,Main Event: Lower Round 2,2026-02-03,Abyss,1,Wolves Esports,Trace Esports,14,12,Spring,14125,waylay,0.59,149.0,13.0,22.0,11.0,73.0,87.0,14.0,3.0,5.0,3,True
598944,245272,2685,VCT 2026: China Kickoff,Main Event: Lower Round 2,2026-02-03,Bind,2,Trace Esports,Wolves Esports,13,8,Viva,36415,fade,1.36,188.0,15.0,10.0,6.0,95.0,122.0,27.0,2.0,0.0,3,True
598944,245272,2685,VCT 2026: China Kickoff,Main Event: Lower Round 2,2026-02-03,Bind,2,Trace Esports,Wolves Esports,13,8,FengF,4770,raze,1.31,280.0,21.0,14.0,2.0,76.0,173.0,34.0,5.0,3.0,3,True
598944,245272,2685,VCT 2026: China Kickoff,Main Event: Lower Round 2,2026-02-03,Bind,2,Trace Esports,Wolves Esports,13,8,Kai,37494,yoru,1.21,274.0,18.0,15.0,7.0,86.0,182.0,32.0,4.0,2.0,3,True
598944,245272,2685,VCT 2026: China Kickoff,Main Event: Lower Round 2,2026-02-03,Bind,2,Trace Esports,Wolves Esports,13,8,LuoK1ng,3045,brimstone,1.19,186.0,14.0,12.0,11.0,81.0,128.0,33.0,1.0,0.0,3,True
598944,245272,2685,VCT 2026: China Kickoff,Main Event: Lower Round 2,2026-02-03,Bind,2,Trace Esports,Wolves Esports,13,8,deLb,10821,viper,0.89,180.0,13.0,14.0,5.0,76.0,125.0,41.0,1.0,3.0,3,True
598944,245272,2685,VCT 2026: China Kickoff,Main Event: Lower Round 2,2026-02-03,Bind,2,Wolves Esports,Trace Esports,8,13,jowa,19292,brimstone,1.25,246.0,18.0,14.0,7.0,76.0,166.0,27.0,1.0,2.0,3,True
598944,245272,2685,VCT 2026: China Kickoff,Main Event: Lower Round 2,2026-02-03,Bind,2,Wolves Esports,Trace Esports,8,13,yosemite,6022,viper,0.95,227.0,15.0,16.0,3.0,62.0,150.0,22.0,2.0,3.0,3,True
598944,245272,2685,VCT 2026: China Kickoff,Main Event: Lower Round 2,2026-02-03,Bind,2,Wolves Esports,Trace Esports,8,13,qiutiaN,43007,chamber,0.91,243.0,17.0,18.0,2.0,67.0,153.0,26.0,4.0,4.0,3,True
598944,245272,2685,VCT 2026: China Kickoff,Main Event: Lower Round 2,2026-02-03,Bind,2,Wolves Esports,Trace Esports,8,13,SiuFatBB,7849,skye,0.68,123.0,9.0,16.0,14.0,76.0,68.0,20.0,0.0,1.0,3,True
598944,245272,2685,VCT 2026: China Kickoff,Main Event: Lower Round 2,2026-02-03,Bind,2,Wolves Esports,Trace Esports,8,13,Spring,14125,waylay,0.38,95.0,6.0,17.0,4.0,52.0,59.0,10.0,1.0,3.0,3,True
598944,245273,2685,VCT 2026: China Kickoff,Main Event: Lower Round 2,2026-02-03,Split,3,Trace Esports,Wolves Esports,13,6,Kai,37494,neon,1.64,319.0,23.0,9.0,2.0,79.0,179.0,22.0,8.0,3.0,3,True
598944,245273,2685,VCT 2026: China Kickoff,Main Event: Lower Round 2,2026-02-03,Split,3,Trace Esports,Wolves Esports,13,6,deLb,10821,viper,1.57,265.0,19.0,8.0,2.0,79.0,166.0,47.0,1.0,1.0,3,True
598944,245273,2685,VCT 2026: China Kickoff,Main Event: Lower Round 2,2026-02-03,Split,3,Trace Esports,Wolves Esports,13,6,Viva,36415,skye,1.25,166.0,10.0,9.0,10.0,84.0,126.0,46.0,1.0,0.0,3,True
598944,245273,2685,VCT 2026: China Kickoff,Main Event: Lower Round 2,2026-02-03,Split,3,Trace Esports,Wolves Esports,13,6,LuoK1ng,3045,omen,0.93,157.0,12.0,11.0,8.0,68.0,92.0,21.0,1.0,0.0,3,True
598944,245273,2685,VCT 2026: China Kickoff,Main Event: Lower Round 2,2026-02-03,Split,3,Trace Esports,Wolves Esports,13,6,FengF,4770,waylay,0.85,187.0,12.0,14.0,4.0,58.0,123.0,23.0,2.0,2.0,3,True
598944,245273,2685,VCT 2026: China Kickoff,Main Event: Lower Round 2,2026-02-03,Split,3,Wolves Esports,Trace Esports,6,13,SiuFatBB,7849,skye,0.88,161.0,10.0,13.0,6.0,79.0,106.0,18.0,0.0,1.0,3,True
598944,245273,2685,VCT 2026: China Kickoff,Main Event: Lower Round 2,2026-02-03,Split,3,Wolves Esports,Trace Esports,6,13,qiutiaN,43007,chamber,0.81,183.0,12.0,15.0,1.0,53.0,121.0,26.0,1.0,1.0,3,True
598944,245273,2685,VCT 2026: China Kickoff,Main Event: Lower Round 2,2026-02-03,Split,3,Wolves Esports,Trace Esports,6,13,Spring,14125,raze,0.77,194.0,12.0,16.0,4.0,63.0,132.0,23.0,2.0,4.0,3,True
598944,245273,2685,VCT 2026: China Kickoff,Main Event: Lower Round 2,2026-02-03,Split,3,Wolves Esports,Trace Esports,6,13,yosemite,6022,viper,0.66,147.0,9.0,15.0,2.0,47.0,96.0,24.0,2.0,3.0,3,True
598944,245273,2685,VCT 2026: China Kickoff,Main Event: Lower Round 2,2026-02-03,Split,3,Wolves Esports,Trace Esports,6,13,jowa,19292,omen,0.52,139.0,8.0,17.0,7.0,42.0,83.0,31.0,1.0,4.0,3,True
598938,245251,2685,VCT 2026: China Kickoff,Main Event: Middle Round 3,2026-02-03,Corrode,1,Dragon Ranger Gaming,TYLOO,10,13,vo0kashu,3741,cypher,1.1,216.0,18.0,16.0,7.0,61.0,136.0,18.0,3.0,1.0,3,True
598938,245251,2685,VCT 2026: China Kickoff,Main Event: Middle Round 3,2026-02-03,Corrode,1,Dragon Ranger Gaming,TYLOO,10,13,SpiritZ1,31753,yoru,0.87,200.0,16.0,19.0,11.0,61.0,124.0,33.0,4.0,5.0,3,True
598938,245251,2685,VCT 2026: China Kickoff,Main Event: Middle Round 3,2026-02-03,Corrode,1,Dragon Ranger Gaming,TYLOO,10,13,Akeman,52904,neon,0.75,197.0,14.0,20.0,8.0,61.0,123.0,17.0,3.0,3.0,3,True
598938,245251,2685,VCT 2026: China Kickoff,Main Event: Middle Round 3,2026-02-03,Corrode,1,Dragon Ranger Gaming,TYLOO,10,13,Flex1n,4705,omen,0.75,165.0,12.0,18.0,10.0,57.0,102.0,26.0,1.0,0.0,3,True
598938,245251,2685,VCT 2026: China Kickoff,Main Event: Middle Round 3,2026-02-03,Corrode,1,Dragon Ranger Gaming,TYLOO,10,13,Nicc,11524,gekko,0.69,125.0,11.0,16.0,4.0,52.0,82.0,21.0,1.0,2.0,3,True
598938,245251,2685,VCT 2026: China Kickoff,Main Event: Middle Round 3,2026-02-03,Corrode,1,TYLOO,Dragon Ranger Gaming,13,10,Scales,39485,viper,1.47,282.0,22.0,14.0,6.0,78.0,177.0,41.0,3.0,1.0,3,True
598938,245251,2685,VCT 2026: China Kickoff,Main Event: Middle Round 3,2026-02-03,Corrode,1,TYLOO,Dragon Ranger Gaming,13,10,slowly,41739,yoru,1.45,285.0,24.0,13.0,3.0,78.0,194.0,34.0,2.0,4.0,3,True
598938,245251,2685,VCT 2026: China Kickoff,Main Event: Middle Round 3,2026-02-03,Corrode,1,TYLOO,Dragon Ranger Gaming,13,10,Erv,55085,omen,1.39,211.0,19.0,14.0,17.0,74.0,125.0,26.0,1.0,1.0,3,True
598938,245251,2685,VCT 2026: China Kickoff,Main Event: Middle Round 3,2026-02-03,Corrode,1,TYLOO,Dragon Ranger Gaming,13,10,splash,36685,neon,0.98,201.0,14.0,16.0,9.0,70.0,137.0,40.0,4.0,4.0,3,True
598938,245251,2685,VCT 2026: China Kickoff,Main Event: Middle Round 3,2026-02-03,Corrode,1,TYLOO,Dragon Ranger Gaming,13,10,sword9,3049,fade,0.73,111.0,9.0,14.0,6.0,70.0,72.0,19.0,1.0,2.0,3,True
598938,245252,2685,VCT 2026: China Kickoff,Main Event: Middle Round 3,2026-02-03,Split,2,Dragon Ranger Gaming,TYLOO,13,6,Nicc,11524,fade,2.0,362.0,27.0,9.0,5.0,89.0,236.0,39.0,4.0,0.0,3,True
598938,245252,2685,VCT 2026: China Kickoff,Main Event: Middle Round 3,2026-02-03,Split,2,Dragon Ranger Gaming,TYLOO,13,6,vo0kashu,3741,cypher,1.16,184.0,13.0,8.0,3.0,89.0,128.0,28.0,0.0,0.0,3,True
598938,245252,2685,VCT 2026: China Kickoff,Main Event: Middle Round 3,2026-02-03,Split,2,Dragon Ranger Gaming,TYLOO,13,6,SpiritZ1,31753,yoru,1.1,220.0,17.0,11.0,5.0,89.0,148.0,26.0,2.0,1.0,3,True
598938,245252,2685,VCT 2026: China Kickoff,Main Event: Middle Round 3,2026-02-03,Split,2,Dragon Ranger Gaming,TYLOO,13,6,Akeman,52904,neon,0.79,188.0,12.0,13.0,5.0,79.0,135.0,29.0,2.0,5.0,3,True
598938,245252,2685,VCT 2026: China Kickoff,Main Event: Middle Round 3,2026-02-03,Split,2,Dragon Ranger Gaming,TYLOO,13,6,Flex1n,4705,omen,0.76,173.0,11.0,15.0,10.0,74.0,106.0,24.0,3.0,2.0,3,True
598938,245252,2685,VCT 2026: China Kickoff,Main Event: Middle Round 3,2026-02-03,Split,2,TYLOO,Dragon Ranger Gaming,6,13,Scales,39485,viper,1.76,274.0,19.0,12.0,5.0,74.0,190.0,39.0,3.0,1.0,3,True
598938,245252,2685,VCT 2026: China Kickoff,Main Event: Middle Round 3,2026-02-03,Split,2,TYLOO,Dragon Ranger Gaming,6,13,Erv,55085,omen,0.9,202.0,14.0,18.0,6.0,63.0,139.0,35.0,1.0,2.0,3,True
598938,245252,2685,VCT 2026: China Kickoff,Main Event: Middle Round 3,2026-02-03,Split,2,TYLOO,Dragon Ranger Gaming,6,13,slowly,41739,yoru,0.58,152.0,9.0,19.0,5.0,53.0,112.0,34.0,1.0,3.0,3,True
598938,245252,2685,VCT 2026: China Kickoff,Main Event: Middle Round 3,2026-02-03,Split,2,TYLOO,Dragon Ranger Gaming,6,13,sword9,3049,fade,0.53,98.0,6.0,15.0,7.0,74.0,56.0,24.0,1.0,0.0,3,True
598938,245252,2685,VCT 2026: China Kickoff,Main Event: Middle Round 3,2026-02-03,Split,2,TYLOO,Dragon Ranger Gaming,6,13,splash,36685,waylay,0.52,151.0,8.0,16.0,4.0,53.0,94.0,26.0,2.0,5.0,3,True
598938,245253,2685,VCT 2026: China Kickoff,Main Event: Middle Round 3,2026-02-03,Pearl,3,Dragon Ranger Gaming,TYLOO,13,6,Flex1n,4705,astra,1.48,207.0,15.0,9.0,10.0,79.0,134.0,30.0,1.0,1.0,3,True
598938,245253,2685,VCT 2026: China Kickoff,Main Event: Middle Round 3,2026-02-03,Pearl,3,Dragon Ranger Gaming,TYLOO,13,6,vo0kashu,3741,vyse,1.44,230.0,15.0,9.0,6.0,74.0,151.0,30.0,1.0,0.0,3,True
598938,245253,2685,VCT 2026: China Kickoff,Main Event: Middle Round 3,2026-02-03,Pearl,3,Dragon Ranger Gaming,TYLOO,13,6,Nicc,11524,tejo,1.08,191.0,12.0,13.0,8.0,74.0,143.0,33.0,4.0,2.0,3,True
598938,245253,2685,VCT 2026: China Kickoff,Main Event: Middle Round 3,2026-02-03,Pearl,3,Dragon Ranger Gaming,TYLOO,13,6,SpiritZ1,31753,phoenix,1.02,245.0,16.0,17.0,7.0,79.0,181.0,29.0,2.0,1.0,3,True
598938,245253,2685,VCT 2026: China Kickoff,Main Event: Middle Round 3,2026-02-03,Pearl,3,Dragon Ranger Gaming,TYLOO,13,6,Akeman,52904,neon,0.89,219.0,16.0,16.0,2.0,74.0,134.0,35.0,4.0,3.0,3,True
598938,245253,2685,VCT 2026: China Kickoff,Main Event: Middle Round 3,2026-02-03,Pearl,3,TYLOO,Dragon Ranger Gaming,6,13,Erv,55085,astra,1.11,191.0,13.0,11.0,7.0,74.0,132.0,42.0,0.0,1.0,3,True
598938,245253,2685,VCT 2026: China Kickoff,Main Event: Middle Round 3,2026-02-03,Pearl,3,TYLOO,Dragon Ranger Gaming,6,13,slowly,41739,yoru,0.9,215.0,14.0,16.0,4.0,74.0,153.0,18.0,1.0,2.0,3,True
598938,245253,2685,VCT 2026: China Kickoff,Main Event: Middle Round 3,2026-02-03,Pearl,3,TYLOO,Dragon Ranger Gaming,6,13,splash,36685,neon,0.82,246.0,15.0,16.0,2.0,63.0,148.0,27.0,5.0,7.0,3,True
598938,245253,2685,VCT 2026: China Kickoff,Main Event: Middle Round 3,2026-02-03,Pearl,3,TYLOO,Dragon Ranger Gaming,6,13,sword9,3049,sova,0.77,177.0,11.0,15.0,6.0,74.0,116.0,21.0,0.0,0.0,3,True
598938,245253,2685,VCT 2026: China Kickoff,Main Event: Middle Round 3,2026-02-03,Pearl,3,TYLOO,Dragon Ranger Gaming,6,13,Scales,39485,killjoy,0.67,164.0,11.0,16.0,2.0,53.0,108.0,31.0,1.0,2.0,3,True
598945,245274,2685,VCT 2026: China Kickoff,Main Event: Lower Round 2,2026-02-04,Bind,1,Wuxi Titan Esports Club (Titan Esports Club),JD Mall JDG Esports (JD Gaming),13,5,Abo,5011,chamber,1.85,331.0,23.0,7.0,1.0,94.0,198.0,22.0,9.0,0.0,3,True
598945,245274,2685,VCT 2026: China Kickoff,Main Event: Lower Round 2,2026-02-04,Bind,1,Wuxi Titan Esports Club (Titan Esports Club),JD Mall JDG Esports (JD Gaming),13,5,Coco,47629,viper,1.32,226.0,14.0,7.0,5.0,78.0,151.0,52.0,1.0,1.0,3,True
598945,245274,2685,VCT 2026: China Kickoff,Main Event: Lower Round 2,2026-02-04,Bind,1,Wuxi Titan Esports Club (Titan Esports Club),JD Mall JDG Esports (JD Gaming),13,5,Haodong,4720,brimstone,1.29,215.0,14.0,6.0,5.0,94.0,147.0,40.0,1.0,0.0,3,True
598945,245274,2685,VCT 2026: China Kickoff,Main Event: Lower Round 2,2026-02-04,Bind,1,Wuxi Titan Esports Club (Titan Esports Club),JD Mall JDG Esports (JD Gaming),13,5,lucas,19677,skye,0.98,156.0,12.0,8.0,1.0,94.0,92.0,26.0,4.0,1.0,3,True
598945,245274,2685,VCT 2026: China Kickoff,Main Event: Lower Round 2,2026-02-04,Bind,1,Wuxi Titan Esports Club (Titan Esports Club),JD Mall JDG Esports (JD Gaming),13,5,Dynamite,42235,waylay,0.84,149.0,9.0,9.0,1.0,78.0,101.0,26.0,1.0,0.0,3,True
598945,245274,2685,VCT 2026: China Kickoff,Main Event: Lower Round 2,2026-02-04,Bind,1,JD Mall JDG Esports (JD Gaming),Wuxi Titan Esports Club (Titan Esports Club),5,13,jkuro,3519,brimstone,0.92,159.0,9.0,14.0,7.0,56.0,114.0,43.0,0.0,2.0,3,True
598945,245274,2685,VCT 2026: China Kickoff,Main Event: Lower Round 2,2026-02-04,Bind,1,JD Mall JDG Esports (JD Gaming),Wuxi Titan Esports Club (Titan Esports Club),5,13,coconut,12365,fade,0.9,154.0,8.0,16.0,7.0,56.0,98.0,33.0,0.0,1.0,3,True
598945,245274,2685,VCT 2026: China Kickoff,Main Event: Lower Round 2,2026-02-04,Bind,1,JD Mall JDG Esports (JD Gaming),Wuxi Titan Esports Club (Titan Esports Club),5,13,Yuicaw,11218,viper,0.81,171.0,10.0,14.0,3.0,61.0,124.0,37.0,1.0,0.0,3,True
598945,245274,2685,VCT 2026: China Kickoff,Main Event: Lower Round 2,2026-02-04,Bind,1,JD Mall JDG Esports (JD Gaming),Wuxi Titan Esports Club (Titan Esports Club),5,13,stew,16924,raze,0.74,124.0,8.0,13.0,0.0,50.0,82.0,21.0,1.0,2.0,3,True
598945,245274,2685,VCT 2026: China Kickoff,Main Event: Lower Round 2,2026-02-04,Bind,1,JD Mall JDG Esports (JD Gaming),Wuxi Titan Esports Club (Titan Esports Club),5,13,zhe,49476,yoru,0.05,35.0,2.0,15.0,1.0,28.0,23.0,9.0,0.0,11.0,3,True
598945,245275,2685,VCT 2026: China Kickoff,Main Event: Lower Round 2,2026-02-04,Haven,2,Wuxi Titan Esports Club (Titan Esports Club),JD Mall JDG Esports (JD Gaming),10,13,lucas,19677,sova,1.14,275.0,23.0,19.0,3.0,83.0,164.0,30.0,5.0,2.0,3,True
598945,245275,2685,VCT 2026: China Kickoff,Main Event: Lower Round 2,2026-02-04,Haven,2,Wuxi Titan Esports Club (Titan Esports Club),JD Mall JDG Esports (JD Gaming),10,13,Abo,5011,killjoy,0.97,162.0,12.0,15.0,5.0,57.0,110.0,24.0,2.0,0.0,3,True
598945,245275,2685,VCT 2026: China Kickoff,Main Event: Lower Round 2,2026-02-04,Haven,2,Wuxi Titan Esports Club (Titan Esports Club),JD Mall JDG Esports (JD Gaming),10,13,Coco,47629,viper,0.95,172.0,15.0,15.0,6.0,70.0,135.0,42.0,1.0,3.0,3,True
598945,245275,2685,VCT 2026: China Kickoff,Main Event: Lower Round 2,2026-02-04,Haven,2,Wuxi Titan Esports Club (Titan Esports Club),JD Mall JDG Esports (JD Gaming),10,13,Dynamite,42235,neon,0.82,164.0,15.0,18.0,5.0,74.0,106.0,16.0,2.0,5.0,3,True
598945,245275,2685,VCT 2026: China Kickoff,Main Event: Lower Round 2,2026-02-04,Haven,2,Wuxi Titan Esports Club (Titan Esports Club),JD Mall JDG Esports (JD Gaming),10,13,Haodong,4720,omen,0.69,117.0,8.0,17.0,13.0,74.0,78.0,21.0,1.0,2.0,3,True
598945,245275,2685,VCT 2026: China Kickoff,Main Event: Lower Round 2,2026-02-04,Haven,2,JD Mall JDG Esports (JD Gaming),Wuxi Titan Esports Club (Titan Esports Club),13,10,zhe,49476,yoru,1.32,205.0,19.0,12.0,6.0,83.0,148.0,53.0,2.0,2.0,3,True
598945,245275,2685,VCT 2026: China Kickoff,Main Event: Lower Round 2,2026-02-04,Haven,2,JD Mall JDG Esports (JD Gaming),Wuxi Titan Esports Club (Titan Esports Club),13,10,Yuicaw,11218,cypher,1.28,245.0,19.0,14.0,6.0,87.0,167.0,32.0,4.0,0.0,3,True
598945,245275,2685,VCT 2026: China Kickoff,Main Event: Lower Round 2,2026-02-04,Haven,2,JD Mall JDG Esports (JD Gaming),Wuxi Titan Esports Club (Titan Esports Club),13,10,stew,16924,neon,1.28,279.0,25.0,15.0,4.0,83.0,161.0,35.0,2.0,3.0,3,True
598945,245275,2685,VCT 2026: China Kickoff,Main Event: Lower Round 2,2026-02-04,Haven,2,JD Mall JDG Esports (JD Gaming),Wuxi Titan Esports Club (Titan Esports Club),13,10,jkuro,3519,omen,1.16,196.0,15.0,15.0,16.0,87.0,120.0,20.0,2.0,2.0,3,True
598945,245275,2685,VCT 2026: China Kickoff,Main Event: Lower Round 2,2026-02-04,Haven,2,JD Mall JDG Esports (JD Gaming),Wuxi Titan Esports Club (Titan Esports Club),13,10,coconut,12365,sova,0.5,96.0,6.0,17.0,9.0,65.0,76.0,22.0,2.0,4.0,3,True
598945,245276,2685,VCT 2026: China Kickoff,Main Event: Lower Round 2,2026-02-04,Split,3,Wuxi Titan Esports Club (Titan Esports Club),JD Mall JDG Esports (JD Gaming),8,13,Dynamite,42235,yoru,1.61,311.0,25.0,12.0,3.0,71.0,179.0,32.0,3.0,3.0,3,True
598945,245276,2685,VCT 2026: China Kickoff,Main Event: Lower Round 2,2026-02-04,Split,3,Wuxi Titan Esports Club (Titan Esports Club),JD Mall JDG Esports (JD Gaming),8,13,Haodong,4720,omen,1.01,172.0,13.0,14.0,6.0,67.0,97.0,17.0,1.0,1.0,3,True
598945,245276,2685,VCT 2026: China Kickoff,Main Event: Lower Round 2,2026-02-04,Split,3,Wuxi Titan Esports Club (Titan Esports Club),JD Mall JDG Esports (JD Gaming),8,13,lucas,19677,fade,0.77,131.0,9.0,15.0,6.0,67.0,88.0,22.0,1.0,1.0,3,True
598945,245276,2685,VCT 2026: China Kickoff,Main Event: Lower Round 2,2026-02-04,Split,3,Wuxi Titan Esports Club (Titan Esports Club),JD Mall JDG Esports (JD Gaming),8,13,Abo,5011,neon,0.69,161.0,12.0,17.0,3.0,57.0,100.0,29.0,2.0,3.0,3,True
598945,245276,2685,VCT 2026: China Kickoff,Main Event: Lower Round 2,2026-02-04,Split,3,Wuxi Titan Esports Club (Titan Esports Club),JD Mall JDG Esports (JD Gaming),8,13,Coco,47629,viper,0.46,141.0,8.0,16.0,5.0,62.0,89.0,33.0,1.0,5.0,3,True
598945,245276,2685,VCT 2026: China Kickoff,Main Event: Lower Round 2,2026-02-04,Split,3,JD Mall JDG Esports (JD Gaming),Wuxi Titan Esports Club (Titan Esports Club),13,8,Yuicaw,11218,viper,1.35,228.0,19.0,12.0,7.0,81.0,130.0,29.0,1.0,0.0,3,True
598945,245276,2685,VCT 2026: China Kickoff,Main Event: Lower Round 2,2026-02-04,Split,3,JD Mall JDG Esports (JD Gaming),Wuxi Titan Esports Club (Titan Esports Club),13,8,zhe,49476,yoru,1.15,226.0,15.0,13.0,9.0,71.0,132.0,20.0,7.0,3.0,3,True
598945,245276,2685,VCT 2026: China Kickoff,Main Event: Lower Round 2,2026-02-04,Split,3,JD Mall JDG Esports (JD Gaming),Wuxi Titan Esports Club (Titan Esports Club),13,8,coconut,12365,fade,1.13,214.0,18.0,13.0,4.0,67.0,148.0,50.0,0.0,2.0,3,True
598945,245276,2685,VCT 2026: China Kickoff,Main Event: Lower Round 2,2026-02-04,Split,3,JD Mall JDG Esports (JD Gaming),Wuxi Titan Esports Club (Titan Esports Club),13,8,stew,16924,raze,0.96,199.0,13.0,15.0,3.0,62.0,147.0,18.0,4.0,3.0,3,True
598945,245276,2685,VCT 2026: China Kickoff,Main Event: Lower Round 2,2026-02-04,Split,3,JD Mall JDG Esports (JD Gaming),Wuxi Titan Esports Club (Titan Esports Club),13,8,jkuro,3519,omen,0.73,130.0,9.0,14.0,10.0,71.0,83.0,37.0,1.0,0.0,3,True
598939,245254,2685,VCT 2026: China Kickoff,Main Event: Middle Round 3,2026-02-04,Abyss,1,EDward Gaming,Guangzhou Huadu Bilibili Gaming (Bilibili Gaming),7,13,ZmjjKK,3520,jett,0.96,245.0,19.0,18.0,0.0,75.0,140.0,27.0,5.0,3.0,3,True
598939,245254,2685,VCT 2026: China Kickoff,Main Event: Middle Round 3,2026-02-04,Abyss,1,EDward Gaming,Guangzhou Huadu Bilibili Gaming (Bilibili Gaming),7,13,cb,39697,yoru,0.88,179.0,13.0,15.0,2.0,70.0,120.0,46.0,2.0,1.0,3,True
598939,245254,2685,VCT 2026: China Kickoff,Main Event: Middle Round 3,2026-02-04,Abyss,1,EDward Gaming,Guangzhou Huadu Bilibili Gaming (Bilibili Gaming),7,13,Smoggy,4742,omen,0.88,175.0,12.0,15.0,6.0,80.0,112.0,39.0,2.0,2.0,3,True
598939,245254,2685,VCT 2026: China Kickoff,Main Event: Middle Round 3,2026-02-04,Abyss,1,EDward Gaming,Guangzhou Huadu Bilibili Gaming (Bilibili Gaming),7,13,CHICHOO,15559,astra,0.83,161.0,10.0,13.0,5.0,55.0,106.0,38.0,2.0,1.0,3,True
598939,245254,2685,VCT 2026: China Kickoff,Main Event: Middle Round 3,2026-02-04,Abyss,1,EDward Gaming,Guangzhou Huadu Bilibili Gaming (Bilibili Gaming),7,13,nobody,3017,sova,0.68,117.0,7.0,14.0,3.0,50.0,80.0,59.0,1.0,1.0,3,True
598939,245254,2685,VCT 2026: China Kickoff,Main Event: Middle Round 3,2026-02-04,Abyss,1,Guangzhou Huadu Bilibili Gaming (Bilibili Gaming),EDward Gaming,13,7,nephh,10698,omen,1.5,287.0,21.0,12.0,0.0,60.0,182.0,25.0,1.0,4.0,3,True
598939,245254,2685,VCT 2026: China Kickoff,Main Event: Middle Round 3,2026-02-04,Abyss,1,Guangzhou Huadu Bilibili Gaming (Bilibili Gaming),EDward Gaming,13,7,Knight,4774,tejo,1.29,217.0,16.0,8.0,3.0,85.0,134.0,32.0,1.0,0.0,3,True
598939,245254,2685,VCT 2026: China Kickoff,Main Event: Middle Round 3,2026-02-04,Abyss,1,Guangzhou Huadu Bilibili Gaming (Bilibili Gaming),EDward Gaming,13,7,whzy,4885,waylay,1.07,200.0,15.0,12.0,3.0,75.0,129.0,29.0,3.0,5.0,3,True
598939,245254,2685,VCT 2026: China Kickoff,Main Event: Middle Round 3,2026-02-04,Abyss,1,Guangzhou Huadu Bilibili Gaming (Bilibili Gaming),EDward Gaming,13,7,rushia,48878,astra,1.0,206.0,13.0,14.0,9.0,75.0,128.0,35.0,3.0,1.0,3,True
598939,245254,2685,VCT 2026: China Kickoff,Main Event: Middle Round 3,2026-02-04,Abyss,1,Guangzhou Huadu Bilibili Gaming (Bilibili Gaming),EDward Gaming,13,7,bud,56260,breach,0.65,148.0,10.0,15.0,8.0,60.0,98.0,45.0,0.0,2.0,3,True
598939,245255,2685,VCT 2026: China Kickoff,Main Event: Middle Round 3,2026-02-04,Haven,2,EDward Gaming,Guangzhou Huadu Bilibili Gaming (Bilibili Gaming),13,9,CHICHOO,15559,cypher,1.4,217.0,18.0,12.0,4.0,73.0,146.0,27.0,0.0,0.0,3,True
598939,245255,2685,VCT 2026: China Kickoff,Main Event: Middle Round 3,2026-02-04,Haven,2,EDward Gaming,Guangzhou Huadu Bilibili Gaming (Bilibili Gaming),13,9,nobody,3017,sova,1.39,240.0,21.0,13.0,3.0,73.0,161.0,47.0,0.0,3.0,3,True
598939,245255,2685,VCT 2026: China Kickoff,Main Event: Middle Round 3,2026-02-04,Haven,2,EDward Gaming,Guangzhou Huadu Bilibili Gaming (Bilibili Gaming),13,9,Smoggy,4742,omen,0.88,183.0,13.0,17.0,9.0,68.0,120.0,23.0,1.0,2.0,3,True
598939,245255,2685,VCT 2026: China Kickoff,Main Event: Middle Round 3,2026-02-04,Haven,2,EDward Gaming,Guangzhou Huadu Bilibili Gaming (Bilibili Gaming),13,9,ZmjjKK,3520,iso,0.81,238.0,17.0,20.0,5.0,59.0,149.0,22.0,2.0,5.0,3,True
598939,245255,2685,VCT 2026: China Kickoff,Main Event: Middle Round 3,2026-02-04,Haven,2,EDward Gaming,Guangzhou Huadu Bilibili Gaming (Bilibili Gaming),13,9,cb,39697,yoru,0.65,163.0,12.0,18.0,4.0,50.0,101.0,33.0,6.0,3.0,3,True
598939,245255,2685,VCT 2026: China Kickoff,Main Event: Middle Round 3,2026-02-04,Haven,2,Guangzhou Huadu Bilibili Gaming (Bilibili Gaming),EDward Gaming,9,13,whzy,4885,neon,1.21,282.0,22.0,18.0,4.0,86.0,167.0,26.0,5.0,2.0,3,True
598939,245255,2685,VCT 2026: China Kickoff,Main Event: Middle Round 3,2026-02-04,Haven,2,Guangzhou Huadu Bilibili Gaming (Bilibili Gaming),EDward Gaming,9,13,bud,56260,breach,1.15,208.0,16.0,14.0,10.0,77.0,147.0,23.0,1.0,0.0,3,True
598939,245255,2685,VCT 2026: China Kickoff,Main Event: Middle Round 3,2026-02-04,Haven,2,Guangzhou Huadu Bilibili Gaming (Bilibili Gaming),EDward Gaming,9,13,Knight,4774,sova,0.88,191.0,14.0,16.0,7.0,77.0,141.0,33.0,2.0,1.0,3,True
598939,245255,2685,VCT 2026: China Kickoff,Main Event: Middle Round 3,2026-02-04,Haven,2,Guangzhou Huadu Bilibili Gaming (Bilibili Gaming),EDward Gaming,9,13,nephh,10698,omen,0.84,197.0,16.0,18.0,7.0,82.0,124.0,47.0,3.0,3.0,3,True
598939,245255,2685,VCT 2026: China Kickoff,Main Event: Middle Round 3,2026-02-04,Haven,2,Guangzhou Huadu Bilibili Gaming (Bilibili Gaming),EDward Gaming,9,13,rushia,48878,cypher,0.76,156.0,12.0,15.0,0.0,55.0,107.0,26.0,2.0,3.0,3,True
598939,245256,2685,VCT 2026: China Kickoff,Main Event: Middle Round 3,2026-02-04,Breeze,3,EDward Gaming,Guangzhou Huadu Bilibili Gaming (Bilibili Gaming),5,13,CHICHOO,15559,viper,1.31,230.0,14.0,12.0,5.0,72.0,147.0,28.0,1.0,0.0,3,True
598939,245256,2685,VCT 2026: China Kickoff,Main Event: Middle Round 3,2026-02-04,Breeze,3,EDward Gaming,Guangzhou Huadu Bilibili Gaming (Bilibili Gaming),5,13,ZmjjKK,3520,jett,0.89,205.0,14.0,15.0,1.0,61.0,137.0,22.0,2.0,3.0,3,True
598939,245256,2685,VCT 2026: China Kickoff,Main Event: Middle Round 3,2026-02-04,Breeze,3,EDward Gaming,Guangzhou Huadu Bilibili Gaming (Bilibili Gaming),5,13,nobody,3017,sova,0.7,181.0,9.0,16.0,10.0,67.0,119.0,24.0,2.0,1.0,3,True
598939,245256,2685,VCT 2026: China Kickoff,Main Event: Middle Round 3,2026-02-04,Breeze,3,EDward Gaming,Guangzhou Huadu Bilibili Gaming (Bilibili Gaming),5,13,Smoggy,4742,astra,0.67,117.0,7.0,14.0,7.0,50.0,66.0,22.0,2.0,3.0,3,True
598939,245256,2685,VCT 2026: China Kickoff,Main Event: Middle Round 3,2026-02-04,Breeze,3,EDward Gaming,Guangzhou Huadu Bilibili Gaming (Bilibili Gaming),5,13,cb,39697,yoru,0.32,102.0,7.0,16.0,0.0,44.0,61.0,8.0,1.0,3.0,3,True
598939,245256,2685,VCT 2026: China Kickoff,Main Event: Middle Round 3,2026-02-04,Breeze,3,Guangzhou Huadu Bilibili Gaming (Bilibili Gaming),EDward Gaming,13,5,nephh,10698,astra,1.45,256.0,17.0,10.0,5.0,89.0,188.0,27.0,1.0,0.0,3,True
598939,245256,2685,VCT 2026: China Kickoff,Main Event: Middle Round 3,2026-02-04,Breeze,3,Guangzhou Huadu Bilibili Gaming (Bilibili Gaming),EDward Gaming,13,5,Knight,4774,sova,1.45,210.0,14.0,7.0,5.0,83.0,142.0,27.0,3.0,1.0,3,True
598939,245256,2685,VCT 2026: China Kickoff,Main Event: Middle Round 3,2026-02-04,Breeze,3,Guangzhou Huadu Bilibili Gaming (Bilibili Gaming),EDward Gaming,13,5,rushia,48878,viper,1.36,255.0,18.0,11.0,5.0,94.0,184.0,29.0,2.0,2.0,3,True
598939,245256,2685,VCT 2026: China Kickoff,Main Event: Middle Round 3,2026-02-04,Breeze,3,Guangzhou Huadu Bilibili Gaming (Bilibili Gaming),EDward Gaming,13,5,whzy,4885,neon,1.14,220.0,15.0,11.0,3.0,72.0,154.0,39.0,3.0,2.0,3,True
598939,245256,2685,VCT 2026: China Kickoff,Main Event: Middle Round 3,2026-02-04,Breeze,3,Guangzhou Huadu Bilibili Gaming (Bilibili Gaming),EDward Gaming,13,5,bud,56260,gekko,0.72,150.0,9.0,12.0,5.0,83.0,103.0,28.0,1.0,3.0,3,True
598946,245277,2685,VCT 2026: China Kickoff,Main Event: Lower Round 3,2026-02-05,Haven,1,TYLOO,Trace Esports,13,7,Scales,39485,viper,1.51,260.0,20.0,12.0,5.0,90.0,172.0,36.0,3.0,0.0,3,True
598946,245277,2685,VCT 2026: China Kickoff,Main Event: Lower Round 3,2026-02-05,Haven,1,TYLOO,Trace Esports,13,7,sword9,3049,sova,1.42,215.0,18.0,10.0,6.0,70.0,139.0,38.0,3.0,2.0,3,True
598946,245277,2685,VCT 2026: China Kickoff,Main Event: Lower Round 3,2026-02-05,Haven,1,TYLOO,Trace Esports,13,7,splash,36685,neon,0.94,246.0,17.0,17.0,5.0,60.0,184.0,37.0,2.0,4.0,3,True
598946,245277,2685,VCT 2026: China Kickoff,Main Event: Lower Round 3,2026-02-05,Haven,1,TYLOO,Trace Esports,13,7,slowly,41739,killjoy,0.8,142.0,10.0,12.0,4.0,75.0,116.0,23.0,0.0,3.0,3,True
598946,245277,2685,VCT 2026: China Kickoff,Main Event: Lower Round 3,2026-02-05,Haven,1,TYLOO,Trace Esports,13,7,Erv,55085,omen,0.75,112.0,8.0,11.0,7.0,75.0,64.0,29.0,2.0,1.0,3,True
598946,245277,2685,VCT 2026: China Kickoff,Main Event: Lower Round 3,2026-02-05,Haven,1,Trace Esports,TYLOO,7,13,Kai,37494,neon,1.28,252.0,18.0,13.0,5.0,80.0,161.0,29.0,4.0,5.0,3,True
598946,245277,2685,VCT 2026: China Kickoff,Main Event: Lower Round 3,2026-02-05,Haven,1,Trace Esports,TYLOO,7,13,deLb,10821,viper,1.24,259.0,18.0,14.0,3.0,70.0,157.0,32.0,3.0,1.0,3,True
598946,245277,2685,VCT 2026: China Kickoff,Main Event: Lower Round 3,2026-02-05,Haven,1,Trace Esports,TYLOO,7,13,FengF,4770,killjoy,0.75,142.0,9.0,15.0,1.0,75.0,106.0,24.0,1.0,1.0,3,True
598946,245277,2685,VCT 2026: China Kickoff,Main Event: Lower Round 3,2026-02-05,Haven,1,Trace Esports,TYLOO,7,13,Viva,36415,sova,0.72,142.0,8.0,14.0,7.0,70.0,110.0,25.0,1.0,2.0,3,True
598946,245277,2685,VCT 2026: China Kickoff,Main Event: Lower Round 3,2026-02-05,Haven,1,Trace Esports,TYLOO,7,13,LuoK1ng,3045,omen,0.63,141.0,9.0,17.0,7.0,70.0,97.0,31.0,1.0,1.0,3,True
598946,245278,2685,VCT 2026: China Kickoff,Main Event: Lower Round 3,2026-02-05,Abyss,2,TYLOO,Trace Esports,14,12,splash,36685,waylay,1.41,311.0,27.0,19.0,7.0,80.0,196.0,37.0,6.0,2.0,3,True
598946,245278,2685,VCT 2026: China Kickoff,Main Event: Lower Round 3,2026-02-05,Abyss,2,TYLOO,Trace Esports,14,12,Erv,55085,astra,1.34,213.0,21.0,15.0,7.0,72.0,149.0,26.0,0.0,3.0,3,True
598946,245278,2685,VCT 2026: China Kickoff,Main Event: Lower Round 3,2026-02-05,Abyss,2,TYLOO,Trace Esports,14,12,sword9,3049,sova,1.08,194.0,19.0,18.0,5.0,76.0,119.0,22.0,0.0,4.0,3,True
598946,245278,2685,VCT 2026: China Kickoff,Main Event: Lower Round 3,2026-02-05,Abyss,2,TYLOO,Trace Esports,14,12,Scales,39485,veto,0.83,165.0,15.0,19.0,3.0,64.0,118.0,25.0,1.0,3.0,3,True
598946,245278,2685,VCT 2026: China Kickoff,Main Event: Lower Round 3,2026-02-05,Abyss,2,TYLOO,Trace Esports,14,12,slowly,41739,yoru,0.83,197.0,16.0,20.0,7.0,68.0,130.0,35.0,3.0,4.0,3,True
598946,245278,2685,VCT 2026: China Kickoff,Main Event: Lower Round 3,2026-02-05,Abyss,2,Trace Esports,TYLOO,12,14,Viva,36415,sova,1.14,226.0,21.0,18.0,5.0,64.0,157.0,42.0,3.0,1.0,3,True
598946,245278,2685,VCT 2026: China Kickoff,Main Event: Lower Round 3,2026-02-05,Abyss,2,Trace Esports,TYLOO,12,14,LuoK1ng,3045,astra,1.07,195.0,19.0,17.0,5.0,76.0,128.0,35.0,4.0,1.0,3,True
598946,245278,2685,VCT 2026: China Kickoff,Main Event: Lower Round 3,2026-02-05,Abyss,2,Trace Esports,TYLOO,12,14,deLb,10821,waylay,0.89,234.0,21.0,22.0,2.0,56.0,159.0,43.0,6.0,2.0,3,True
598946,245278,2685,VCT 2026: China Kickoff,Main Event: Lower Round 3,2026-02-05,Abyss,2,Trace Esports,TYLOO,12,14,FengF,4770,breach,0.72,182.0,15.0,22.0,11.0,76.0,139.0,43.0,0.0,2.0,3,True
598946,245278,2685,VCT 2026: China Kickoff,Main Event: Lower Round 3,2026-02-05,Abyss,2,Trace Esports,TYLOO,12,14,Kai,37494,yoru,0.65,154.0,15.0,22.0,4.0,72.0,112.0,33.0,3.0,4.0,3,True
598947,245280,2685,VCT 2026: China Kickoff,Main Event: Lower Round 3,2026-02-05,Abyss,1,EDward Gaming,JD Mall JDG Esports (JD Gaming),13,6,cb,39697,yoru,,300.0,21.0,14.0,3.0,,,,,,3,True
598947,245280,2685,VCT 2026: China Kickoff,Main Event: Lower Round 3,2026-02-05,Abyss,1,EDward Gaming,JD Mall JDG Esports (JD Gaming),13,6,ZmjjKK,3520,jett,,170.0,12.0,13.0,1.0,,,,,,3,True
598947,245280,2685,VCT 2026: China Kickoff,Main Event: Lower Round 3,2026-02-05,Abyss,1,EDward Gaming,JD Mall JDG Esports (JD Gaming),13,6,CHICHOO,15559,astra,,162.0,11.0,10.0,10.0,,,,,,3,True
598947,245280,2685,VCT 2026: China Kickoff,Main Event: Lower Round 3,2026-02-05,Abyss,1,EDward Gaming,JD Mall JDG Esports (JD Gaming),13,6,Smoggy,4742,omen,,160.0,11.0,11.0,3.0,,,,,,3,True
598947,245280,2685,VCT 2026: China Kickoff,Main Event: Lower Round 3,2026-02-05,Abyss,1,EDward Gaming,JD Mall JDG Esports (JD Gaming),13,6,nobody,3017,sova,,143.0,11.0,9.0,2.0,,,,,,3,True
598947,245280,2685,VCT 2026: China Kickoff,Main Event: Lower Round 3,2026-02-05,Abyss,1,JD Mall JDG Esports (JD Gaming),EDward Gaming,6,13,zhe,49476,yoru,,200.0,13.0,15.0,4.0,,,,,,3,True
598947,245280,2685,VCT 2026: China Kickoff,Main Event: Lower Round 3,2026-02-05,Abyss,1,JD Mall JDG Esports (JD Gaming),EDward Gaming,6,13,jkuro,3519,astra,,198.0,13.0,16.0,7.0,,,,,,3,True
598947,245280,2685,VCT 2026: China Kickoff,Main Event: Lower Round 3,2026-02-05,Abyss,1,JD Mall JDG Esports (JD Gaming),EDward Gaming,6,13,coconut,12365,sova,,195.0,14.0,14.0,6.0,,,,,,3,True
598947,245280,2685,VCT 2026: China Kickoff,Main Event: Lower Round 3,2026-02-05,Abyss,1,JD Mall JDG Esports (JD Gaming),EDward Gaming,6,13,stew,16924,waylay,,163.0,10.0,16.0,4.0,,,,,,3,True
598947,245280,2685,VCT 2026: China Kickoff,Main Event: Lower Round 3,2026-02-05,Abyss,1,JD Mall JDG Esports (JD Gaming),EDward Gaming,6,13,Yuicaw,11218,cypher,,127.0,7.0,15.0,3.0,,,,,,3,True
598947,245281,2685,VCT 2026: China Kickoff,Main Event: Lower Round 3,2026-02-05,Haven,2,EDward Gaming,JD Mall JDG Esports (JD Gaming),6,13,nobody,3017,sova,,203.0,13.0,16.0,1.0,,,,,,3,True
598947,245281,2685,VCT 2026: China Kickoff,Main Event: Lower Round 3,2026-02-05,Haven,2,EDward Gaming,JD Mall JDG Esports (JD Gaming),6,13,ZmjjKK,3520,iso,,188.0,14.0,14.0,2.0,,,,,,3,True
598947,245281,2685,VCT 2026: China Kickoff,Main Event: Lower Round 3,2026-02-05,Haven,2,EDward Gaming,JD Mall JDG Esports (JD Gaming),6,13,CHICHOO,15559,cypher,,175.0,12.0,15.0,2.0,,,,,,3,True
598947,245281,2685,VCT 2026: China Kickoff,Main Event: Lower Round 3,2026-02-05,Haven,2,EDward Gaming,JD Mall JDG Esports (JD Gaming),6,13,Smoggy,4742,omen,,151.0,10.0,14.0,7.0,,,,,,3,True
598947,245281,2685,VCT 2026: China Kickoff,Main Event: Lower Round 3,2026-02-05,Haven,2,EDward Gaming,JD Mall JDG Esports (JD Gaming),6,13,cb,39697,yoru,,117.0,5.0,17.0,4.0,,,,,,3,True
598947,245281,2685,VCT 2026: China Kickoff,Main Event: Lower Round 3,2026-02-05,Haven,2,JD Mall JDG Esports (JD Gaming),EDward Gaming,13,6,zhe,49476,yoru,,275.0,20.0,9.0,6.0,,,,,,3,True
598947,245281,2685,VCT 2026: China Kickoff,Main Event: Lower Round 3,2026-02-05,Haven,2,JD Mall JDG Esports (JD Gaming),EDward Gaming,13,6,jkuro,3519,omen,,266.0,18.0,12.0,13.0,,,,,,3,True
598947,245281,2685,VCT 2026: China Kickoff,Main Event: Lower Round 3,2026-02-05,Haven,2,JD Mall JDG Esports (JD Gaming),EDward Gaming,13,6,stew,16924,neon,,255.0,17.0,10.0,6.0,,,,,,3,True
598947,245281,2685,VCT 2026: China Kickoff,Main Event: Lower Round 3,2026-02-05,Haven,2,JD Mall JDG Esports (JD Gaming),EDward Gaming,13,6,Yuicaw,11218,cypher,,164.0,10.0,14.0,5.0,,,,,,3,True
598947,245281,2685,VCT 2026: China Kickoff,Main Event: Lower Round 3,2026-02-05,Haven,2,JD Mall JDG Esports (JD Gaming),EDward Gaming,13,6,coconut,12365,sova,,145.0,11.0,9.0,3.0,,,,,,3,True
598947,245282,2685,VCT 2026: China Kickoff,Main Event: Lower Round 3,2026-02-05,Corrode,3,EDward Gaming,JD Mall JDG Esports (JD Gaming),13,5,Smoggy,4742,astra,,402.0,27.0,11.0,10.0,,,,,,3,True
598947,245282,2685,VCT 2026: China Kickoff,Main Event: Lower Round 3,2026-02-05,Corrode,3,EDward Gaming,JD Mall JDG Esports (JD Gaming),13,5,nobody,3017,fade,,232.0,15.0,11.0,7.0,,,,,,3,True
598947,245282,2685,VCT 2026: China Kickoff,Main Event: Lower Round 3,2026-02-05,Corrode,3,EDward Gaming,JD Mall JDG Esports (JD Gaming),13,5,ZmjjKK,3520,phoenix,,231.0,14.0,13.0,5.0,,,,,,3,True
598947,245282,2685,VCT 2026: China Kickoff,Main Event: Lower Round 3,2026-02-05,Corrode,3,EDward Gaming,JD Mall JDG Esports (JD Gaming),13,5,CHICHOO,15559,sage,,170.0,11.0,10.0,10.0,,,,,,3,True
598947,245282,2685,VCT 2026: China Kickoff,Main Event: Lower Round 3,2026-02-05,Corrode,3,EDward Gaming,JD Mall JDG Esports (JD Gaming),13,5,cb,39697,yoru,,157.0,11.0,14.0,2.0,,,,,,3,True
598947,245282,2685,VCT 2026: China Kickoff,Main Event: Lower Round 3,2026-02-05,Corrode,3,JD Mall JDG Esports (JD Gaming),EDward Gaming,5,13,coconut,12365,fade,,210.0,13.0,14.0,4.0,,,,,,3,True
598947,245282,2685,VCT 2026: China Kickoff,Main Event: Lower Round 3,2026-02-05,Corrode,3,JD Mall JDG Esports (JD Gaming),EDward Gaming,5,13,jkuro,3519,omen,,202.0,13.0,15.0,10.0,,,,,,3,True
598947,245282,2685,VCT 2026: China Kickoff,Main Event: Lower Round 3,2026-02-05,Corrode,3,JD Mall JDG Esports (JD Gaming),EDward Gaming,5,13,stew,16924,neon,,191.0,11.0,17.0,3.0,,,,,,3,True
598947,245282,2685,VCT 2026: China Kickoff,Main Event: Lower Round 3,2026-02-05,Corrode,3,JD Mall JDG Esports (JD Gaming),EDward Gaming,5,13,zhe,49476,yoru,,181.0,12.0,16.0,2.0,,,,,,3,True
598947,245282,2685,VCT 2026: China Kickoff,Main Event: Lower Round 3,2026-02-05,Corrode,3,JD Mall JDG Esports (JD Gaming),EDward Gaming,5,13,Yuicaw,11218,viper,,170.0,10.0,16.0,6.0,,,,,,3,True
598940,245257,2685,VCT 2026: China Kickoff,Main Event: Middle Round 4,2026-02-06,Split,1,Dragon Ranger Gaming,Guangzhou Huadu Bilibili Gaming (Bilibili Gaming),6,13,Akeman,52904,neon,1.35,279.0,19.0,14.0,2.0,84.0,189.0,29.0,7.0,2.0,3,True
598940,245257,2685,VCT 2026: China Kickoff,Main Event: Middle Round 4,2026-02-06,Split,1,Dragon Ranger Gaming,Guangzhou Huadu Bilibili Gaming (Bilibili Gaming),6,13,Nicc,11524,fade,1.07,206.0,15.0,15.0,4.0,74.0,141.0,32.0,1.0,0.0,3,True
598940,245257,2685,VCT 2026: China Kickoff,Main Event: Middle Round 4,2026-02-06,Split,1,Dragon Ranger Gaming,Guangzhou Huadu Bilibili Gaming (Bilibili Gaming),6,13,SpiritZ1,31753,yoru,0.6,139.0,9.0,14.0,4.0,47.0,85.0,28.0,2.0,3.0,3,True
598940,245257,2685,VCT 2026: China Kickoff,Main Event: Middle Round 4,2026-02-06,Split,1,Dragon Ranger Gaming,Guangzhou Huadu Bilibili Gaming (Bilibili Gaming),6,13,vo0kashu,3741,cypher,0.57,134.0,8.0,14.0,5.0,63.0,103.0,37.0,0.0,1.0,3,True
598940,245257,2685,VCT 2026: China Kickoff,Main Event: Middle Round 4,2026-02-06,Split,1,Dragon Ranger Gaming,Guangzhou Huadu Bilibili Gaming (Bilibili Gaming),6,13,Flex1n,4705,omen,0.55,160.0,8.0,17.0,6.0,68.0,115.0,24.0,2.0,1.0,3,True
598940,245257,2685,VCT 2026: China Kickoff,Main Event: Middle Round 4,2026-02-06,Split,1,Guangzhou Huadu Bilibili Gaming (Bilibili Gaming),Dragon Ranger Gaming,13,6,bud,56260,breach,1.33,208.0,17.0,11.0,3.0,58.0,127.0,31.0,0.0,3.0,3,True
598940,245257,2685,VCT 2026: China Kickoff,Main Event: Middle Round 4,2026-02-06,Split,1,Guangzhou Huadu Bilibili Gaming (Bilibili Gaming),Dragon Ranger Gaming,13,6,whzy,4885,waylay,1.32,227.0,16.0,10.0,6.0,74.0,145.0,31.0,1.0,1.0,3,True
598940,245257,2685,VCT 2026: China Kickoff,Main Event: Middle Round 4,2026-02-06,Split,1,Guangzhou Huadu Bilibili Gaming (Bilibili Gaming),Dragon Ranger Gaming,13,6,nephh,10698,omen,1.18,204.0,14.0,11.0,8.0,84.0,132.0,34.0,0.0,2.0,3,True
598940,245257,2685,VCT 2026: China Kickoff,Main Event: Middle Round 4,2026-02-06,Split,1,Guangzhou Huadu Bilibili Gaming (Bilibili Gaming),Dragon Ranger Gaming,13,6,rushia,48878,viper,1.08,251.0,15.0,14.0,7.0,63.0,144.0,22.0,5.0,4.0,3,True
598940,245257,2685,VCT 2026: China Kickoff,Main Event: Middle Round 4,2026-02-06,Split,1,Guangzhou Huadu Bilibili Gaming (Bilibili Gaming),Dragon Ranger Gaming,13,6,Knight,4774,fade,0.9,170.0,12.0,13.0,3.0,74.0,113.0,32.0,1.0,2.0,3,True
598940,245258,2685,VCT 2026: China Kickoff,Main Event: Middle Round 4,2026-02-06,Abyss,2,Dragon Ranger Gaming,Guangzhou Huadu Bilibili Gaming (Bilibili Gaming),2,13,vo0kashu,3741,veto,1.08,276.0,13.0,14.0,2.0,60.0,162.0,26.0,1.0,0.0,3,True
598940,245258,2685,VCT 2026: China Kickoff,Main Event: Middle Round 4,2026-02-06,Abyss,2,Dragon Ranger Gaming,Guangzhou Huadu Bilibili Gaming (Bilibili Gaming),2,13,Nicc,11524,sova,0.96,152.0,9.0,12.0,3.0,73.0,97.0,24.0,0.0,0.0,3,True
598940,245258,2685,VCT 2026: China Kickoff,Main Event: Middle Round 4,2026-02-06,Abyss,2,Dragon Ranger Gaming,Guangzhou Huadu Bilibili Gaming (Bilibili Gaming),2,13,SpiritZ1,31753,reyna,0.59,158.0,8.0,15.0,2.0,53.0,95.0,33.0,2.0,5.0,3,True
598940,245258,2685,VCT 2026: China Kickoff,Main Event: Middle Round 4,2026-02-06,Abyss,2,Dragon Ranger Gaming,Guangzhou Huadu Bilibili Gaming (Bilibili Gaming),2,13,Flex1n,4705,astra,0.48,99.0,5.0,13.0,2.0,53.0,59.0,19.0,0.0,0.0,3,True
598940,245258,2685,VCT 2026: China Kickoff,Main Event: Middle Round 4,2026-02-06,Abyss,2,Dragon Ranger Gaming,Guangzhou Huadu Bilibili Gaming (Bilibili Gaming),2,13,Akeman,52904,waylay,0.23,79.0,2.0,14.0,5.0,47.0,62.0,55.0,1.0,6.0,3,True
598940,245258,2685,VCT 2026: China Kickoff,Main Event: Middle Round 4,2026-02-06,Abyss,2,Guangzhou Huadu Bilibili Gaming (Bilibili Gaming),Dragon Ranger Gaming,13,2,nephh,10698,omen,1.56,303.0,18.0,7.0,7.0,93.0,168.0,21.0,1.0,1.0,3,True
598940,245258,2685,VCT 2026: China Kickoff,Main Event: Middle Round 4,2026-02-06,Abyss,2,Guangzhou Huadu Bilibili Gaming (Bilibili Gaming),Dragon Ranger Gaming,13,2,whzy,4885,waylay,1.55,303.0,17.0,8.0,4.0,87.0,172.0,21.0,4.0,2.0,3,True
598940,245258,2685,VCT 2026: China Kickoff,Main Event: Middle Round 4,2026-02-06,Abyss,2,Guangzhou Huadu Bilibili Gaming (Bilibili Gaming),Dragon Ranger Gaming,13,2,rushia,48878,astra,1.22,297.0,16.0,9.0,4.0,100.0,171.0,34.0,6.0,0.0,3,True
598940,245258,2685,VCT 2026: China Kickoff,Main Event: Middle Round 4,2026-02-06,Abyss,2,Guangzhou Huadu Bilibili Gaming (Bilibili Gaming),Dragon Ranger Gaming,13,2,Knight,4774,tejo,1.13,143.0,9.0,5.0,4.0,93.0,109.0,15.0,0.0,1.0,3,True
598940,245258,2685,VCT 2026: China Kickoff,Main Event: Middle Round 4,2026-02-06,Abyss,2,Guangzhou Huadu Bilibili Gaming (Bilibili Gaming),Dragon Ranger Gaming,13,2,bud,56260,breach,1.05,158.0,8.0,8.0,10.0,87.0,111.0,50.0,0.0,0.0,3,True
598948,245283,2685,VCT 2026: China Kickoff,Main Event: Lower Round 4,2026-02-06,Bind,1,TYLOO,EDward Gaming,13,3,sword9,3049,fade,1.89,342.0,20.0,6.0,6.0,100.0,231.0,44.0,3.0,0.0,3,True
598948,245283,2685,VCT 2026: China Kickoff,Main Event: Lower Round 4,2026-02-06,Bind,1,TYLOO,EDward Gaming,13,3,Scales,39485,viper,1.59,291.0,17.0,6.0,4.0,94.0,176.0,32.0,5.0,0.0,3,True
598948,245283,2685,VCT 2026: China Kickoff,Main Event: Lower Round 4,2026-02-06,Bind,1,TYLOO,EDward Gaming,13,3,splash,36685,raze,1.33,220.0,13.0,7.0,5.0,94.0,148.0,16.0,1.0,0.0,3,True
598948,245283,2685,VCT 2026: China Kickoff,Main Event: Lower Round 4,2026-02-06,Bind,1,TYLOO,EDward Gaming,13,3,slowly,41739,yoru,1.23,190.0,12.0,8.0,6.0,81.0,138.0,38.0,3.0,3.0,3,True
598948,245283,2685,VCT 2026: China Kickoff,Main Event: Lower Round 4,2026-02-06,Bind,1,TYLOO,EDward Gaming,13,3,Erv,55085,brimstone,0.87,181.0,11.0,11.0,7.0,81.0,108.0,27.0,1.0,0.0,3,True
598948,245283,2685,VCT 2026: China Kickoff,Main Event: Lower Round 4,2026-02-06,Bind,1,EDward Gaming,TYLOO,3,13,CHICHOO,15559,viper,1.01,213.0,11.0,13.0,1.0,69.0,160.0,32.0,0.0,1.0,3,True
598948,245283,2685,VCT 2026: China Kickoff,Main Event: Lower Round 4,2026-02-06,Bind,1,EDward Gaming,TYLOO,3,13,cb,39697,phoenix,0.88,192.0,9.0,15.0,5.0,38.0,142.0,39.0,0.0,4.0,3,True
598948,245283,2685,VCT 2026: China Kickoff,Main Event: Lower Round 4,2026-02-06,Bind,1,EDward Gaming,TYLOO,3,13,Smoggy,4742,harbor,0.87,157.0,9.0,13.0,2.0,31.0,113.0,34.0,0.0,1.0,3,True
598948,245283,2685,VCT 2026: China Kickoff,Main Event: Lower Round 4,2026-02-06,Bind,1,EDward Gaming,TYLOO,3,13,ZmjjKK,3520,raze,0.35,127.0,8.0,16.0,0.0,50.0,60.0,17.0,3.0,5.0,3,True
598948,245283,2685,VCT 2026: China Kickoff,Main Event: Lower Round 4,2026-02-06,Bind,1,EDward Gaming,TYLOO,3,13,nobody,3017,fade,0.02,39.0,1.0,16.0,1.0,19.0,31.0,18.0,0.0,2.0,3,True
598948,245284,2685,VCT 2026: China Kickoff,Main Event: Lower Round 4,2026-02-06,Haven,2,TYLOO,EDward Gaming,9,13,Erv,55085,omen,1.5,310.0,24.0,15.0,9.0,68.0,190.0,31.0,3.0,4.0,3,True
598948,245284,2685,VCT 2026: China Kickoff,Main Event: Lower Round 4,2026-02-06,Haven,2,TYLOO,EDward Gaming,9,13,sword9,3049,sova,0.86,161.0,12.0,16.0,5.0,73.0,114.0,26.0,0.0,1.0,3,True
598948,245284,2685,VCT 2026: China Kickoff,Main Event: Lower Round 4,2026-02-06,Haven,2,TYLOO,EDward Gaming,9,13,slowly,41739,killjoy,0.8,203.0,15.0,18.0,1.0,50.0,127.0,33.0,1.0,4.0,3,True
598948,245284,2685,VCT 2026: China Kickoff,Main Event: Lower Round 4,2026-02-06,Haven,2,TYLOO,EDward Gaming,9,13,Scales,39485,viper,0.61,128.0,9.0,18.0,6.0,64.0,90.0,25.0,2.0,1.0,3,True
598948,245284,2685,VCT 2026: China Kickoff,Main Event: Lower Round 4,2026-02-06,Haven,2,TYLOO,EDward Gaming,9,13,splash,36685,neon,0.48,135.0,10.0,20.0,8.0,59.0,85.0,27.0,2.0,4.0,3,True
598948,245284,2685,VCT 2026: China Kickoff,Main Event: Lower Round 4,2026-02-06,Haven,2,EDward Gaming,TYLOO,13,9,Smoggy,4742,omen,1.43,244.0,19.0,10.0,5.0,77.0,153.0,45.0,2.0,2.0,3,True
598948,245284,2685,VCT 2026: China Kickoff,Main Event: Lower Round 4,2026-02-06,Haven,2,EDward Gaming,TYLOO,13,9,ZmjjKK,3520,chamber,1.16,275.0,22.0,16.0,0.0,73.0,160.0,7.0,10.0,4.0,3,True
598948,245284,2685,VCT 2026: China Kickoff,Main Event: Lower Round 4,2026-02-06,Haven,2,EDward Gaming,TYLOO,13,9,CHICHOO,15559,viper,1.1,180.0,16.0,13.0,4.0,77.0,116.0,24.0,0.0,0.0,3,True
598948,245284,2685,VCT 2026: China Kickoff,Main Event: Lower Round 4,2026-02-06,Haven,2,EDward Gaming,TYLOO,13,9,nobody,3017,sova,1.1,219.0,16.0,16.0,8.0,77.0,151.0,22.0,1.0,1.0,3,True
598948,245284,2685,VCT 2026: China Kickoff,Main Event: Lower Round 4,2026-02-06,Haven,2,EDward Gaming,TYLOO,13,9,cb,39697,neon,0.93,186.0,14.0,15.0,10.0,77.0,136.0,21.0,1.0,1.0,3,True
598948,245285,2685,VCT 2026: China Kickoff,Main Event: Lower Round 4,2026-02-06,Corrode,3,TYLOO,EDward Gaming,7,13,slowly,41739,yoru,1.09,216.0,14.0,15.0,4.0,65.0,136.0,31.0,4.0,2.0,3,True
598948,245285,2685,VCT 2026: China Kickoff,Main Event: Lower Round 4,2026-02-06,Corrode,3,TYLOO,EDward Gaming,7,13,Erv,55085,omen,1.03,231.0,16.0,16.0,6.0,75.0,133.0,35.0,1.0,2.0,3,True
598948,245285,2685,VCT 2026: China Kickoff,Main Event: Lower Round 4,2026-02-06,Corrode,3,TYLOO,EDward Gaming,7,13,Scales,39485,viper,0.93,190.0,13.0,14.0,0.0,50.0,144.0,35.0,1.0,4.0,3,True
598948,245285,2685,VCT 2026: China Kickoff,Main Event: Lower Round 4,2026-02-06,Corrode,3,TYLOO,EDward Gaming,7,13,sword9,3049,fade,0.66,100.0,7.0,13.0,3.0,50.0,71.0,9.0,0.0,1.0,3,True
598948,245285,2685,VCT 2026: China Kickoff,Main Event: Lower Round 4,2026-02-06,Corrode,3,TYLOO,EDward Gaming,7,13,splash,36685,neon,0.64,205.0,13.0,18.0,1.0,55.0,132.0,19.0,0.0,5.0,3,True
598948,245285,2685,VCT 2026: China Kickoff,Main Event: Lower Round 4,2026-02-06,Corrode,3,EDward Gaming,TYLOO,13,7,cb,39697,yoru,1.45,274.0,19.0,11.0,7.0,90.0,154.0,15.0,7.0,0.0,3,True
598948,245285,2685,VCT 2026: China Kickoff,Main Event: Lower Round 4,2026-02-06,Corrode,3,EDward Gaming,TYLOO,13,7,CHICHOO,15559,sage,1.32,204.0,16.0,10.0,4.0,75.0,144.0,29.0,1.0,1.0,3,True
598948,245285,2685,VCT 2026: China Kickoff,Main Event: Lower Round 4,2026-02-06,Corrode,3,EDward Gaming,TYLOO,13,7,Smoggy,4742,astra,1.14,185.0,15.0,12.0,7.0,80.0,117.0,25.0,1.0,0.0,3,True
598948,245285,2685,VCT 2026: China Kickoff,Main Event: Lower Round 4,2026-02-06,Corrode,3,EDward Gaming,TYLOO,13,7,ZmjjKK,3520,phoenix,0.99,232.0,16.0,16.0,8.0,70.0,164.0,32.0,5.0,3.0,3,True
598948,245285,2685,VCT 2026: China Kickoff,Main Event: Lower Round 4,2026-02-06,Corrode,3,EDward Gaming,TYLOO,13,7,nobody,3017,fade,0.65,155.0,10.0,14.0,4.0,60.0,107.0,30.0,0.0,2.0,3,True
598949,245286,2685,VCT 2026: China Kickoff,Main Event: Lower Round 5,2026-02-07,Split,1,Dragon Ranger Gaming,EDward Gaming,13,11,vo0kashu,3741,cypher,1.42,218.0,20.0,12.0,4.0,83.0,153.0,37.0,0.0,0.0,3,True
598949,245286,2685,VCT 2026: China Kickoff,Main Event: Lower Round 5,2026-02-07,Split,1,Dragon Ranger Gaming,EDward Gaming,13,11,Flex1n,4705,omen,1.04,251.0,22.0,19.0,7.0,71.0,149.0,43.0,2.0,3.0,3,True
598949,245286,2685,VCT 2026: China Kickoff,Main Event: Lower Round 5,2026-02-07,Split,1,Dragon Ranger Gaming,EDward Gaming,13,11,Nicc,11524,fade,1.02,185.0,16.0,17.0,10.0,71.0,119.0,33.0,1.0,1.0,3,True
598949,245286,2685,VCT 2026: China Kickoff,Main Event: Lower Round 5,2026-02-07,Split,1,Dragon Ranger Gaming,EDward Gaming,13,11,SpiritZ1,31753,yoru,0.96,224.0,19.0,17.0,4.0,63.0,147.0,26.0,5.0,5.0,3,True
598949,245286,2685,VCT 2026: China Kickoff,Main Event: Lower Round 5,2026-02-07,Split,1,Dragon Ranger Gaming,EDward Gaming,13,11,Akeman,52904,neon,0.94,215.0,16.0,18.0,10.0,75.0,139.0,33.0,4.0,3.0,3,True
598949,245286,2685,VCT 2026: China Kickoff,Main Event: Lower Round 5,2026-02-07,Split,1,EDward Gaming,Dragon Ranger Gaming,11,13,cb,39697,yoru,1.11,211.0,18.0,17.0,4.0,58.0,137.0,22.0,2.0,4.0,3,True
598949,245286,2685,VCT 2026: China Kickoff,Main Event: Lower Round 5,2026-02-07,Split,1,EDward Gaming,Dragon Ranger Gaming,11,13,ZmjjKK,3520,neon,1.0,210.0,18.0,18.0,5.0,63.0,133.0,24.0,4.0,2.0,3,True
598949,245286,2685,VCT 2026: China Kickoff,Main Event: Lower Round 5,2026-02-07,Split,1,EDward Gaming,Dragon Ranger Gaming,11,13,Smoggy,4742,omen,0.96,232.0,19.0,20.0,8.0,67.0,143.0,41.0,3.0,2.0,3,True
598949,245286,2685,VCT 2026: China Kickoff,Main Event: Lower Round 5,2026-02-07,Split,1,EDward Gaming,Dragon Ranger Gaming,11,13,CHICHOO,15559,viper,0.84,165.0,15.0,18.0,3.0,50.0,119.0,36.0,1.0,2.0,3,True
598949,245286,2685,VCT 2026: China Kickoff,Main Event: Lower Round 5,2026-02-07,Split,1,EDward Gaming,Dragon Ranger Gaming,11,13,nobody,3017,fade,0.63,150.0,13.0,20.0,3.0,63.0,97.0,28.0,2.0,2.0,3,True
598949,245287,2685,VCT 2026: China Kickoff,Main Event: Lower Round 5,2026-02-07,Pearl,2,Dragon Ranger Gaming,EDward Gaming,2,13,vo0kashu,3741,vyse,1.65,327.0,19.0,13.0,3.0,80.0,200.0,34.0,3.0,1.0,3,True
598949,245287,2685,VCT 2026: China Kickoff,Main Event: Lower Round 5,2026-02-07,Pearl,2,Dragon Ranger Gaming,EDward Gaming,2,13,SpiritZ1,31753,phoenix,0.85,178.0,8.0,14.0,8.0,73.0,111.0,26.0,0.0,3.0,3,True
598949,245287,2685,VCT 2026: China Kickoff,Main Event: Lower Round 5,2026-02-07,Pearl,2,Dragon Ranger Gaming,EDward Gaming,2,13,Nicc,11524,tejo,0.77,162.0,10.0,14.0,3.0,73.0,110.0,16.0,0.0,0.0,3,True
598949,245287,2685,VCT 2026: China Kickoff,Main Event: Lower Round 5,2026-02-07,Pearl,2,Dragon Ranger Gaming,EDward Gaming,2,13,Akeman,52904,neon,0.57,188.0,8.0,15.0,4.0,67.0,128.0,25.0,2.0,4.0,3,True
598949,245287,2685,VCT 2026: China Kickoff,Main Event: Lower Round 5,2026-02-07,Pearl,2,Dragon Ranger Gaming,EDward Gaming,2,13,Flex1n,4705,astra,0.51,147.0,7.0,14.0,6.0,80.0,93.0,23.0,1.0,1.0,3,True
598949,245287,2685,VCT 2026: China Kickoff,Main Event: Lower Round 5,2026-02-07,Pearl,2,EDward Gaming,Dragon Ranger Gaming,13,2,cb,39697,yoru,1.42,293.0,17.0,11.0,5.0,80.0,189.0,22.0,1.0,2.0,3,True
598949,245287,2685,VCT 2026: China Kickoff,Main Event: Lower Round 5,2026-02-07,Pearl,2,EDward Gaming,Dragon Ranger Gaming,13,2,ZmjjKK,3520,neon,1.31,326.0,18.0,11.0,2.0,87.0,189.0,23.0,4.0,1.0,3,True
598949,245287,2685,VCT 2026: China Kickoff,Main Event: Lower Round 5,2026-02-07,Pearl,2,EDward Gaming,Dragon Ranger Gaming,13,2,Smoggy,4742,astra,1.26,201.0,13.0,9.0,11.0,93.0,110.0,30.0,1.0,0.0,3,True
598949,245287,2685,VCT 2026: China Kickoff,Main Event: Lower Round 5,2026-02-07,Pearl,2,EDward Gaming,Dragon Ranger Gaming,13,2,nobody,3017,sova,1.09,219.0,12.0,10.0,5.0,80.0,160.0,45.0,1.0,0.0,3,True
598949,245287,2685,VCT 2026: China Kickoff,Main Event: Lower Round 5,2026-02-07,Pearl,2,EDward Gaming,Dragon Ranger Gaming,13,2,CHICHOO,15559,killjoy,0.72,199.0,10.0,11.0,2.0,73.0,163.0,38.0,2.0,3.0,3,True
598949,245288,2685,VCT 2026: China Kickoff,Main Event: Lower Round 5,2026-02-07,Corrode,3,Dragon Ranger Gaming,EDward Gaming,6,13,vo0kashu,3741,cypher,1.2,257.0,17.0,14.0,3.0,68.0,178.0,34.0,0.0,0.0,3,True
598949,245288,2685,VCT 2026: China Kickoff,Main Event: Lower Round 5,2026-02-07,Corrode,3,Dragon Ranger Gaming,EDward Gaming,6,13,Nicc,11524,gekko,1.03,195.0,13.0,14.0,6.0,74.0,132.0,42.0,0.0,0.0,3,True
598949,245288,2685,VCT 2026: China Kickoff,Main Event: Lower Round 5,2026-02-07,Corrode,3,Dragon Ranger Gaming,EDward Gaming,6,13,Akeman,52904,neon,0.92,183.0,12.0,15.0,3.0,63.0,112.0,29.0,4.0,3.0,3,True
598949,245288,2685,VCT 2026: China Kickoff,Main Event: Lower Round 5,2026-02-07,Corrode,3,Dragon Ranger Gaming,EDward Gaming,6,13,Flex1n,4705,omen,0.6,142.0,9.0,16.0,4.0,47.0,86.0,30.0,1.0,2.0,3,True
598949,245288,2685,VCT 2026: China Kickoff,Main Event: Lower Round 5,2026-02-07,Corrode,3,Dragon Ranger Gaming,EDward Gaming,6,13,SpiritZ1,31753,yoru,0.42,133.0,7.0,17.0,6.0,42.0,99.0,16.0,2.0,7.0,3,True
598949,245288,2685,VCT 2026: China Kickoff,Main Event: Lower Round 5,2026-02-07,Corrode,3,EDward Gaming,Dragon Ranger Gaming,13,6,nobody,3017,fade,1.53,287.0,20.0,11.0,6.0,79.0,174.0,22.0,2.0,0.0,3,True
598949,245288,2685,VCT 2026: China Kickoff,Main Event: Lower Round 5,2026-02-07,Corrode,3,EDward Gaming,Dragon Ranger Gaming,13,6,CHICHOO,15559,sage,1.39,229.0,17.0,10.0,5.0,89.0,140.0,28.0,2.0,1.0,3,True
598949,245288,2685,VCT 2026: China Kickoff,Main Event: Lower Round 5,2026-02-07,Corrode,3,EDward Gaming,Dragon Ranger Gaming,13,6,Smoggy,4742,astra,1.12,155.0,11.0,8.0,9.0,79.0,104.0,23.0,1.0,1.0,3,True
598949,245288,2685,VCT 2026: China Kickoff,Main Event: Lower Round 5,2026-02-07,Corrode,3,EDward Gaming,Dragon Ranger Gaming,13,6,cb,39697,yoru,1.03,226.0,17.0,13.0,3.0,63.0,137.0,18.0,2.0,5.0,3,True
598949,245288,2685,VCT 2026: China Kickoff,Main Event: Lower Round 5,2026-02-07,Corrode,3,EDward Gaming,Dragon Ranger Gaming,13,6,ZmjjKK,3520,phoenix,0.69,191.0,11.0,16.0,5.0,68.0,119.0,30.0,5.0,0.0,3,True
598931,245228,2685,VCT 2026: China Kickoff,Main Event: Upper Final,2026-02-07,Pearl,1,All Gamers,Xi Lai Gaming,13,5,Shr1mp,25494,fade,1.87,348.0,24.0,10.0,6.0,78.0,216.0,36.0,2.0,0.0,5,True
598931,245228,2685,VCT 2026: China Kickoff,Main Event: Upper Final,2026-02-07,Pearl,1,All Gamers,Xi Lai Gaming,13,5,f4ngeer,21216,yoru,1.13,168.0,11.0,9.0,4.0,72.0,120.0,37.0,1.0,3.0,5,True
598931,245228,2685,VCT 2026: China Kickoff,Main Event: Upper Final,2026-02-07,Pearl,1,All Gamers,Xi Lai Gaming,13,5,Au1,55038,killjoy,0.98,191.0,11.0,12.0,5.0,61.0,136.0,21.0,1.0,1.0,5,True
598931,245228,2685,VCT 2026: China Kickoff,Main Event: Upper Final,2026-02-07,Pearl,1,All Gamers,Xi Lai Gaming,13,5,K1ra,46748,astra,0.94,149.0,9.0,10.0,7.0,67.0,100.0,61.0,1.0,3.0,5,True
598931,245228,2685,VCT 2026: China Kickoff,Main Event: Upper Final,2026-02-07,Pearl,1,All Gamers,Xi Lai Gaming,13,5,iamgrq,58959,waylay,0.91,184.0,11.0,12.0,5.0,61.0,104.0,20.0,3.0,3.0,5,True
598931,245228,2685,VCT 2026: China Kickoff,Main Event: Upper Final,2026-02-07,Pearl,1,Xi Lai Gaming,All Gamers,5,13,Rarga,22047,yoru,1.4,278.0,17.0,12.0,1.0,83.0,166.0,56.0,4.0,0.0,5,True
598931,245228,2685,VCT 2026: China Kickoff,Main Event: Upper Final,2026-02-07,Pearl,1,Xi Lai Gaming,All Gamers,5,13,happywei,37927,astra,1.17,225.0,15.0,12.0,7.0,67.0,134.0,48.0,1.0,2.0,5,True
598931,245228,2685,VCT 2026: China Kickoff,Main Event: Upper Final,2026-02-07,Pearl,1,Xi Lai Gaming,All Gamers,5,13,NoMan,11527,waylay,0.59,162.0,10.0,14.0,1.0,50.0,92.0,32.0,4.0,3.0,5,True
598931,245228,2685,VCT 2026: China Kickoff,Main Event: Upper Final,2026-02-07,Pearl,1,Xi Lai Gaming,All Gamers,5,13,WsLeo,24308,fade,0.43,101.0,7.0,14.0,4.0,56.0,70.0,16.0,1.0,3.0,5,True
598931,245228,2685,VCT 2026: China Kickoff,Main Event: Upper Final,2026-02-07,Pearl,1,Xi Lai Gaming,All Gamers,5,13,Lysoar,37489,killjoy,0.41,75.0,4.0,14.0,3.0,72.0,59.0,29.0,0.0,0.0,5,True
598931,245229,2685,VCT 2026: China Kickoff,Main Event: Upper Final,2026-02-07,Split,2,All Gamers,Xi Lai Gaming,13,11,K1ra,46748,raze,1.47,360.0,31.0,16.0,1.0,67.0,211.0,19.0,6.0,3.0,5,True
598931,245229,2685,VCT 2026: China Kickoff,Main Event: Upper Final,2026-02-07,Split,2,All Gamers,Xi Lai Gaming,13,11,f4ngeer,21216,waylay,1.01,186.0,16.0,14.0,2.0,67.0,116.0,25.0,5.0,2.0,5,True
598931,245229,2685,VCT 2026: China Kickoff,Main Event: Upper Final,2026-02-07,Split,2,All Gamers,Xi Lai Gaming,13,11,iamgrq,58959,omen,0.99,207.0,18.0,16.0,11.0,79.0,133.0,15.0,2.0,1.0,5,True
598931,245229,2685,VCT 2026: China Kickoff,Main Event: Upper Final,2026-02-07,Split,2,All Gamers,Xi Lai Gaming,13,11,Au1,55038,viper,0.9,162.0,13.0,16.0,14.0,71.0,109.0,27.0,2.0,2.0,5,True
598931,245229,2685,VCT 2026: China Kickoff,Main Event: Upper Final,2026-02-07,Split,2,All Gamers,Xi Lai Gaming,13,11,Shr1mp,25494,skye,0.69,110.0,9.0,16.0,7.0,75.0,77.0,20.0,1.0,0.0,5,True
598931,245229,2685,VCT 2026: China Kickoff,Main Event: Upper Final,2026-02-07,Split,2,Xi Lai Gaming,All Gamers,11,13,NoMan,11527,waylay,1.32,248.0,21.0,15.0,5.0,71.0,153.0,22.0,5.0,7.0,5,True
598931,245229,2685,VCT 2026: China Kickoff,Main Event: Upper Final,2026-02-07,Split,2,Xi Lai Gaming,All Gamers,11,13,Lysoar,37489,omen,1.04,216.0,19.0,18.0,4.0,79.0,151.0,24.0,1.0,2.0,5,True
598931,245229,2685,VCT 2026: China Kickoff,Main Event: Upper Final,2026-02-07,Split,2,Xi Lai Gaming,All Gamers,11,13,happywei,37927,viper,0.97,165.0,14.0,18.0,5.0,63.0,124.0,50.0,1.0,2.0,5,True
598931,245229,2685,VCT 2026: China Kickoff,Main Event: Upper Final,2026-02-07,Split,2,Xi Lai Gaming,All Gamers,11,13,WsLeo,24308,fade,0.8,141.0,12.0,17.0,3.0,58.0,97.0,18.0,0.0,3.0,5,True
598931,245229,2685,VCT 2026: China Kickoff,Main Event: Upper Final,2026-02-07,Split,2,Xi Lai Gaming,All Gamers,11,13,Rarga,22047,yoru,0.75,166.0,12.0,19.0,5.0,63.0,114.0,30.0,1.0,2.0,5,True
598931,245230,2685,VCT 2026: China Kickoff,Main Event: Upper Final,2026-02-07,Bind,3,All Gamers,Xi Lai Gaming,7,13,Au1,55038,viper,0.93,182.0,12.0,16.0,5.0,55.0,145.0,26.0,0.0,0.0,5,True
598931,245230,2685,VCT 2026: China Kickoff,Main Event: Upper Final,2026-02-07,Bind,3,All Gamers,Xi Lai Gaming,7,13,iamgrq,58959,brimstone,0.92,185.0,12.0,16.0,9.0,70.0,108.0,24.0,0.0,3.0,5,True
598931,245230,2685,VCT 2026: China Kickoff,Main Event: Upper Final,2026-02-07,Bind,3,All Gamers,Xi Lai Gaming,7,13,f4ngeer,21216,yoru,0.88,191.0,13.0,17.0,4.0,70.0,125.0,24.0,5.0,2.0,5,True
598931,245230,2685,VCT 2026: China Kickoff,Main Event: Upper Final,2026-02-07,Bind,3,All Gamers,Xi Lai Gaming,7,13,K1ra,46748,raze,0.83,201.0,13.0,16.0,1.0,50.0,140.0,30.0,2.0,8.0,5,True
598931,245230,2685,VCT 2026: China Kickoff,Main Event: Upper Final,2026-02-07,Bind,3,All Gamers,Xi Lai Gaming,7,13,Shr1mp,25494,fade,0.68,139.0,10.0,16.0,3.0,65.0,93.0,50.0,0.0,0.0,5,True
598931,245230,2685,VCT 2026: China Kickoff,Main Event: Upper Final,2026-02-07,Bind,3,Xi Lai Gaming,All Gamers,13,7,happywei,37927,viper,1.56,276.0,21.0,10.0,3.0,80.0,155.0,33.0,3.0,0.0,5,True
598931,245230,2685,VCT 2026: China Kickoff,Main Event: Upper Final,2026-02-07,Bind,3,Xi Lai Gaming,All Gamers,13,7,Rarga,22047,yoru,1.26,270.0,20.0,12.0,3.0,80.0,173.0,37.0,4.0,2.0,5,True
598931,245230,2685,VCT 2026: China Kickoff,Main Event: Upper Final,2026-02-07,Bind,3,Xi Lai Gaming,All Gamers,13,7,NoMan,11527,waylay,1.06,204.0,15.0,11.0,4.0,65.0,126.0,42.0,3.0,3.0,5,True
598931,245230,2685,VCT 2026: China Kickoff,Main Event: Upper Final,2026-02-07,Bind,3,Xi Lai Gaming,All Gamers,13,7,Lysoar,37489,brimstone,0.88,145.0,10.0,12.0,5.0,75.0,96.0,14.0,3.0,1.0,5,True
598931,245230,2685,VCT 2026: China Kickoff,Main Event: Upper Final,2026-02-07,Bind,3,Xi Lai Gaming,All Gamers,13,7,WsLeo,24308,fade,0.88,195.0,15.0,15.0,9.0,75.0,124.0,19.0,0.0,1.0,5,True
598931,245231,2685,VCT 2026: China Kickoff,Main Event: Upper Final,2026-02-07,Abyss,4,All Gamers,Xi Lai Gaming,6,13,f4ngeer,21216,yoru,1.57,312.0,21.0,13.0,1.0,68.0,189.0,43.0,3.0,4.0,5,True
598931,245231,2685,VCT 2026: China Kickoff,Main Event: Upper Final,2026-02-07,Abyss,4,All Gamers,Xi Lai Gaming,6,13,Shr1mp,25494,sova,1.41,274.0,19.0,14.0,3.0,74.0,180.0,42.0,3.0,0.0,5,True
598931,245231,2685,VCT 2026: China Kickoff,Main Event: Upper Final,2026-02-07,Abyss,4,All Gamers,Xi Lai Gaming,6,13,Au1,55038,veto,0.57,109.0,6.0,15.0,4.0,58.0,86.0,30.0,0.0,2.0,5,True
598931,245231,2685,VCT 2026: China Kickoff,Main Event: Upper Final,2026-02-07,Abyss,4,All Gamers,Xi Lai Gaming,6,13,K1ra,46748,astra,0.47,123.0,6.0,17.0,8.0,68.0,78.0,26.0,1.0,3.0,5,True
598931,245231,2685,VCT 2026: China Kickoff,Main Event: Upper Final,2026-02-07,Abyss,4,All Gamers,Xi Lai Gaming,6,13,iamgrq,58959,waylay,0.39,82.0,5.0,16.0,2.0,53.0,54.0,28.0,0.0,3.0,5,True
598931,245231,2685,VCT 2026: China Kickoff,Main Event: Upper Final,2026-02-07,Abyss,4,Xi Lai Gaming,All Gamers,13,6,happywei,37927,astra,1.47,228.0,14.0,9.0,17.0,89.0,154.0,28.0,1.0,0.0,5,True
598931,245231,2685,VCT 2026: China Kickoff,Main Event: Upper Final,2026-02-07,Abyss,4,Xi Lai Gaming,All Gamers,13,6,Rarga,22047,yoru,1.34,237.0,18.0,10.0,3.0,74.0,164.0,52.0,3.0,2.0,5,True
598931,245231,2685,VCT 2026: China Kickoff,Main Event: Upper Final,2026-02-07,Abyss,4,Xi Lai Gaming,All Gamers,13,6,Lysoar,37489,omen,1.3,281.0,21.0,12.0,7.0,84.0,165.0,30.0,4.0,2.0,5,True
598931,245231,2685,VCT 2026: China Kickoff,Main Event: Upper Final,2026-02-07,Abyss,4,Xi Lai Gaming,All Gamers,13,6,WsLeo,24308,sova,0.99,199.0,12.0,12.0,8.0,84.0,123.0,20.0,3.0,0.0,5,True
598931,245231,2685,VCT 2026: China Kickoff,Main Event: Upper Final,2026-02-07,Abyss,4,Xi Lai Gaming,All Gamers,13,6,NoMan,11527,waylay,0.54,139.0,10.0,15.0,3.0,74.0,87.0,15.0,1.0,3.0,5,True
598931,245232,2685,VCT 2026: China Kickoff,Main Event: Upper Final,2026-02-07,Haven,5,All Gamers,Xi Lai Gaming,13,10,Shr1mp,25494,sova,1.54,247.0,21.0,12.0,2.0,74.0,167.0,33.0,1.0,1.0,5,True
598931,245232,2685,VCT 2026: China Kickoff,Main Event: Upper Final,2026-02-07,Haven,5,All Gamers,Xi Lai Gaming,13,10,K1ra,46748,omen,1.29,208.0,18.0,13.0,11.0,74.0,134.0,28.0,1.0,3.0,5,True
598931,245232,2685,VCT 2026: China Kickoff,Main Event: Upper Final,2026-02-07,Haven,5,All Gamers,Xi Lai Gaming,13,10,f4ngeer,21216,yoru,1.28,267.0,21.0,15.0,3.0,70.0,170.0,40.0,6.0,6.0,5,True
598931,245232,2685,VCT 2026: China Kickoff,Main Event: Upper Final,2026-02-07,Haven,5,All Gamers,Xi Lai Gaming,13,10,Au1,55038,cypher,1.12,204.0,16.0,17.0,13.0,74.0,134.0,24.0,2.0,1.0,5,True
598931,245232,2685,VCT 2026: China Kickoff,Main Event: Upper Final,2026-02-07,Haven,5,All Gamers,Xi Lai Gaming,13,10,iamgrq,58959,waylay,0.57,124.0,8.0,17.0,11.0,65.0,92.0,17.0,1.0,1.0,5,True
598931,245232,2685,VCT 2026: China Kickoff,Main Event: Upper Final,2026-02-07,Haven,5,Xi Lai Gaming,All Gamers,10,13,WsLeo,24308,sova,1.06,218.0,15.0,15.0,6.0,78.0,144.0,13.0,2.0,3.0,5,True
598931,245232,2685,VCT 2026: China Kickoff,Main Event: Upper Final,2026-02-07,Haven,5,Xi Lai Gaming,All Gamers,10,13,happywei,37927,viper,0.97,202.0,17.0,17.0,7.0,74.0,124.0,26.0,2.0,1.0,5,True
598931,245232,2685,VCT 2026: China Kickoff,Main Event: Upper Final,2026-02-07,Haven,5,Xi Lai Gaming,All Gamers,10,13,Rarga,22047,neon,0.8,241.0,20.0,20.0,2.0,65.0,135.0,27.0,6.0,6.0,5,True
598931,245232,2685,VCT 2026: China Kickoff,Main Event: Upper Final,2026-02-07,Haven,5,Xi Lai Gaming,All Gamers,10,13,Lysoar,37489,omen,0.76,155.0,12.0,17.0,8.0,74.0,97.0,24.0,0.0,1.0,5,True
598931,245232,2685,VCT 2026: China Kickoff,Main Event: Upper Final,2026-02-07,Haven,5,Xi Lai Gaming,All Gamers,10,13,NoMan,11527,killjoy,0.64,121.0,10.0,15.0,2.0,48.0,73.0,18.0,2.0,0.0,5,True
598941,245260,2685,VCT 2026: China Kickoff,Main Event: Middle Final,2026-02-08,Abyss,1,Xi Lai Gaming,Guangzhou Huadu Bilibili Gaming (Bilibili Gaming),14,16,NoMan,11527,waylay,1.27,273.0,30.0,20.0,4.0,70.0,165.0,22.0,4.0,5.0,5,True
598941,245260,2685,VCT 2026: China Kickoff,Main Event: Middle Final,2026-02-08,Abyss,1,Xi Lai Gaming,Guangzhou Huadu Bilibili Gaming (Bilibili Gaming),14,16,happywei,37927,astra,1.26,218.0,23.0,16.0,7.0,80.0,139.0,23.0,0.0,3.0,5,True
598941,245260,2685,VCT 2026: China Kickoff,Main Event: Middle Final,2026-02-08,Abyss,1,Xi Lai Gaming,Guangzhou Huadu Bilibili Gaming (Bilibili Gaming),14,16,Lysoar,37489,omen,0.94,158.0,16.0,18.0,9.0,83.0,99.0,16.0,2.0,0.0,5,True
598941,245260,2685,VCT 2026: China Kickoff,Main Event: Middle Final,2026-02-08,Abyss,1,Xi Lai Gaming,Guangzhou Huadu Bilibili Gaming (Bilibili Gaming),14,16,Rarga,22047,yoru,0.84,224.0,24.0,24.0,4.0,63.0,144.0,38.0,7.0,4.0,5,True
598941,245260,2685,VCT 2026: China Kickoff,Main Event: Middle Final,2026-02-08,Abyss,1,Xi Lai Gaming,Guangzhou Huadu Bilibili Gaming (Bilibili Gaming),14,16,WsLeo,24308,sova,0.76,156.0,15.0,20.0,7.0,73.0,106.0,36.0,3.0,2.0,5,True
598941,245260,2685,VCT 2026: China Kickoff,Main Event: Middle Final,2026-02-08,Abyss,1,Guangzhou Huadu Bilibili Gaming (Bilibili Gaming),Xi Lai Gaming,16,14,bud,56260,breach,1.25,205.0,23.0,19.0,8.0,67.0,134.0,37.0,1.0,3.0,5,True
598941,245260,2685,VCT 2026: China Kickoff,Main Event: Middle Final,2026-02-08,Abyss,1,Guangzhou Huadu Bilibili Gaming (Bilibili Gaming),Xi Lai Gaming,16,14,rushia,48878,astra,1.02,197.0,21.0,20.0,7.0,67.0,124.0,38.0,5.0,5.0,5,True
598941,245260,2685,VCT 2026: China Kickoff,Main Event: Middle Final,2026-02-08,Abyss,1,Guangzhou Huadu Bilibili Gaming (Bilibili Gaming),Xi Lai Gaming,16,14,Biank,3021,tejo,0.91,178.0,18.0,22.0,4.0,80.0,131.0,16.0,3.0,2.0,5,True
598941,245260,2685,VCT 2026: China Kickoff,Main Event: Middle Final,2026-02-08,Abyss,1,Guangzhou Huadu Bilibili Gaming (Bilibili Gaming),Xi Lai Gaming,16,14,nephh,10698,omen,0.9,189.0,17.0,24.0,16.0,70.0,132.0,21.0,2.0,3.0,5,True
598941,245260,2685,VCT 2026: China Kickoff,Main Event: Middle Final,2026-02-08,Abyss,1,Guangzhou Huadu Bilibili Gaming (Bilibili Gaming),Xi Lai Gaming,16,14,whzy,4885,waylay,0.89,202.0,19.0,24.0,10.0,70.0,139.0,25.0,3.0,3.0,5,True
598941,245261,2685,VCT 2026: China Kickoff,Main Event: Middle Final,2026-02-08,Bind,2,Xi Lai Gaming,Guangzhou Huadu Bilibili Gaming (Bilibili Gaming),13,4,Lysoar,37489,brimstone,1.59,231.0,16.0,7.0,7.0,82.0,152.0,26.0,1.0,0.0,5,True
598941,245261,2685,VCT 2026: China Kickoff,Main Event: Middle Final,2026-02-08,Bind,2,Xi Lai Gaming,Guangzhou Huadu Bilibili Gaming (Bilibili Gaming),13,4,Rarga,22047,yoru,1.3,312.0,19.0,13.0,3.0,82.0,190.0,21.0,4.0,1.0,5,True
598941,245261,2685,VCT 2026: China Kickoff,Main Event: Middle Final,2026-02-08,Bind,2,Xi Lai Gaming,Guangzhou Huadu Bilibili Gaming (Bilibili Gaming),13,4,happywei,37927,viper,1.18,169.0,11.0,8.0,5.0,88.0,118.0,40.0,0.0,1.0,5,True
598941,245261,2685,VCT 2026: China Kickoff,Main Event: Middle Final,2026-02-08,Bind,2,Xi Lai Gaming,Guangzhou Huadu Bilibili Gaming (Bilibili Gaming),13,4,WsLeo,24308,fade,1.08,230.0,13.0,11.0,7.0,94.0,156.0,23.0,2.0,1.0,5,True
598941,245261,2685,VCT 2026: China Kickoff,Main Event: Middle Final,2026-02-08,Bind,2,Xi Lai Gaming,Guangzhou Huadu Bilibili Gaming (Bilibili Gaming),13,4,NoMan,11527,waylay,0.84,153.0,11.0,10.0,3.0,59.0,111.0,45.0,3.0,4.0,5,True
598941,245261,2685,VCT 2026: China Kickoff,Main Event: Middle Final,2026-02-08,Bind,2,Guangzhou Huadu Bilibili Gaming (Bilibili Gaming),Xi Lai Gaming,4,13,rushia,48878,viper,1.26,262.0,17.0,13.0,0.0,71.0,160.0,21.0,2.0,1.0,5,True
598941,245261,2685,VCT 2026: China Kickoff,Main Event: Middle Final,2026-02-08,Bind,2,Guangzhou Huadu Bilibili Gaming (Bilibili Gaming),Xi Lai Gaming,4,13,whzy,4885,raze,1.0,236.0,12.0,15.0,3.0,65.0,160.0,18.0,2.0,4.0,5,True
598941,245261,2685,VCT 2026: China Kickoff,Main Event: Middle Final,2026-02-08,Bind,2,Guangzhou Huadu Bilibili Gaming (Bilibili Gaming),Xi Lai Gaming,4,13,bud,56260,brimstone,0.82,174.0,10.0,15.0,6.0,65.0,124.0,47.0,1.0,1.0,5,True
598941,245261,2685,VCT 2026: China Kickoff,Main Event: Middle Final,2026-02-08,Bind,2,Guangzhou Huadu Bilibili Gaming (Bilibili Gaming),Xi Lai Gaming,4,13,nephh,10698,kayo,0.54,145.0,6.0,15.0,9.0,71.0,95.0,30.0,1.0,2.0,5,True
598941,245261,2685,VCT 2026: China Kickoff,Main Event: Middle Final,2026-02-08,Bind,2,Guangzhou Huadu Bilibili Gaming (Bilibili Gaming),Xi Lai Gaming,4,13,Biank,3021,fade,0.44,88.0,4.0,13.0,2.0,53.0,62.0,16.0,1.0,2.0,5,True
598941,245262,2685,VCT 2026: China Kickoff,Main Event: Middle Final,2026-02-08,Breeze,3,Xi Lai Gaming,Guangzhou Huadu Bilibili Gaming (Bilibili Gaming),12,14,happywei,37927,viper,1.23,250.0,23.0,18.0,7.0,73.0,168.0,36.0,2.0,1.0,5,True
598941,245262,2685,VCT 2026: China Kickoff,Main Event: Middle Final,2026-02-08,Breeze,3,Xi Lai Gaming,Guangzhou Huadu Bilibili Gaming (Bilibili Gaming),12,14,WsLeo,24308,sova,1.14,238.0,20.0,18.0,9.0,81.0,160.0,22.0,2.0,2.0,5,True
598941,245262,2685,VCT 2026: China Kickoff,Main Event: Middle Final,2026-02-08,Breeze,3,Xi Lai Gaming,Guangzhou Huadu Bilibili Gaming (Bilibili Gaming),12,14,Lysoar,37489,omen,0.9,164.0,15.0,18.0,10.0,58.0,100.0,15.0,2.0,1.0,5,True
598941,245262,2685,VCT 2026: China Kickoff,Main Event: Middle Final,2026-02-08,Breeze,3,Xi Lai Gaming,Guangzhou Huadu Bilibili Gaming (Bilibili Gaming),12,14,NoMan,11527,jett,0.59,157.0,13.0,19.0,5.0,54.0,110.0,38.0,2.0,6.0,5,True
598941,245262,2685,VCT 2026: China Kickoff,Main Event: Middle Final,2026-02-08,Breeze,3,Xi Lai Gaming,Guangzhou Huadu Bilibili Gaming (Bilibili Gaming),12,14,Rarga,22047,yoru,0.54,119.0,12.0,18.0,3.0,62.0,81.0,29.0,2.0,6.0,5,True
598941,245262,2685,VCT 2026: China Kickoff,Main Event: Middle Final,2026-02-08,Breeze,3,Guangzhou Huadu Bilibili Gaming (Bilibili Gaming),Xi Lai Gaming,14,12,Biank,3021,sova,1.32,239.0,22.0,16.0,3.0,85.0,153.0,25.0,2.0,1.0,5,True
598941,245262,2685,VCT 2026: China Kickoff,Main Event: Middle Final,2026-02-08,Breeze,3,Guangzhou Huadu Bilibili Gaming (Bilibili Gaming),Xi Lai Gaming,14,12,whzy,4885,neon,1.22,253.0,22.0,19.0,3.0,73.0,151.0,29.0,8.0,4.0,5,True
598941,245262,2685,VCT 2026: China Kickoff,Main Event: Middle Final,2026-02-08,Breeze,3,Guangzhou Huadu Bilibili Gaming (Bilibili Gaming),Xi Lai Gaming,14,12,rushia,48878,viper,1.11,214.0,18.0,15.0,7.0,77.0,138.0,31.0,4.0,2.0,5,True
598941,245262,2685,VCT 2026: China Kickoff,Main Event: Middle Final,2026-02-08,Breeze,3,Guangzhou Huadu Bilibili Gaming (Bilibili Gaming),Xi Lai Gaming,14,12,nephh,10698,astra,1.03,169.0,15.0,15.0,7.0,85.0,109.0,27.0,1.0,0.0,5,True
598941,245262,2685,VCT 2026: China Kickoff,Main Event: Middle Final,2026-02-08,Breeze,3,Guangzhou Huadu Bilibili Gaming (Bilibili Gaming),Xi Lai Gaming,14,12,bud,56260,gekko,0.84,134.0,14.0,18.0,4.0,69.0,109.0,36.0,1.0,3.0,5,True
598941,245263,2685,VCT 2026: China Kickoff,Main Event: Middle Final,2026-02-08,Pearl,4,Xi Lai Gaming,Guangzhou Huadu Bilibili Gaming (Bilibili Gaming),13,11,happywei,37927,astra,1.32,242.0,19.0,16.0,16.0,83.0,167.0,27.0,3.0,1.0,5,True
598941,245263,2685,VCT 2026: China Kickoff,Main Event: Middle Final,2026-02-08,Pearl,4,Xi Lai Gaming,Guangzhou Huadu Bilibili Gaming (Bilibili Gaming),13,11,NoMan,11527,waylay,1.05,219.0,17.0,17.0,10.0,71.0,136.0,34.0,4.0,2.0,5,True
598941,245263,2685,VCT 2026: China Kickoff,Main Event: Middle Final,2026-02-08,Pearl,4,Xi Lai Gaming,Guangzhou Huadu Bilibili Gaming (Bilibili Gaming),13,11,Lysoar,37489,killjoy,1.03,201.0,18.0,16.0,2.0,71.0,144.0,22.0,0.0,3.0,5,True
598941,245263,2685,VCT 2026: China Kickoff,Main Event: Middle Final,2026-02-08,Pearl,4,Xi Lai Gaming,Guangzhou Huadu Bilibili Gaming (Bilibili Gaming),13,11,Rarga,22047,yoru,0.94,213.0,20.0,20.0,2.0,75.0,148.0,40.0,4.0,4.0,5,True
598941,245263,2685,VCT 2026: China Kickoff,Main Event: Middle Final,2026-02-08,Pearl,4,Xi Lai Gaming,Guangzhou Huadu Bilibili Gaming (Bilibili Gaming),13,11,WsLeo,24308,fade,0.85,156.0,13.0,15.0,6.0,67.0,104.0,35.0,2.0,1.0,5,True
598941,245263,2685,VCT 2026: China Kickoff,Main Event: Middle Final,2026-02-08,Pearl,4,Guangzhou Huadu Bilibili Gaming (Bilibili Gaming),Xi Lai Gaming,11,13,nephh,10698,tejo,1.16,199.0,17.0,17.0,6.0,79.0,148.0,21.0,3.0,2.0,5,True
598941,245263,2685,VCT 2026: China Kickoff,Main Event: Middle Final,2026-02-08,Pearl,4,Guangzhou Huadu Bilibili Gaming (Bilibili Gaming),Xi Lai Gaming,11,13,Biank,3021,fade,1.13,224.0,20.0,18.0,4.0,75.0,155.0,33.0,4.0,1.0,5,True
598941,245263,2685,VCT 2026: China Kickoff,Main Event: Middle Final,2026-02-08,Pearl,4,Guangzhou Huadu Bilibili Gaming (Bilibili Gaming),Xi Lai Gaming,11,13,whzy,4885,yoru,1.03,215.0,18.0,18.0,10.0,75.0,139.0,10.0,1.0,3.0,5,True
598941,245263,2685,VCT 2026: China Kickoff,Main Event: Middle Final,2026-02-08,Pearl,4,Guangzhou Huadu Bilibili Gaming (Bilibili Gaming),Xi Lai Gaming,11,13,rushia,48878,astra,0.93,193.0,17.0,17.0,8.0,71.0,130.0,20.0,3.0,6.0,5,True
598941,245263,2685,VCT 2026: China Kickoff,Main Event: Middle Final,2026-02-08,Pearl,4,Guangzhou Huadu Bilibili Gaming (Bilibili Gaming),Xi Lai Gaming,11,13,bud,56260,killjoy,0.74,159.0,12.0,17.0,3.0,58.0,113.0,19.0,0.0,1.0,5,True
598941,245264,2685,VCT 2026: China Kickoff,Main Event: Middle Final,2026-02-08,Split,5,Xi Lai Gaming,Guangzhou Huadu Bilibili Gaming (Bilibili Gaming),13,4,NoMan,11527,waylay,1.68,339.0,22.0,7.0,2.0,94.0,201.0,34.0,2.0,1.0,5,True
598941,245264,2685,VCT 2026: China Kickoff,Main Event: Middle Final,2026-02-08,Split,5,Xi Lai Gaming,Guangzhou Huadu Bilibili Gaming (Bilibili Gaming),13,4,Rarga,22047,yoru,1.57,246.0,16.0,6.0,4.0,94.0,156.0,21.0,2.0,2.0,5,True
598941,245264,2685,VCT 2026: China Kickoff,Main Event: Middle Final,2026-02-08,Split,5,Xi Lai Gaming,Guangzhou Huadu Bilibili Gaming (Bilibili Gaming),13,4,WsLeo,24308,fade,0.99,184.0,11.0,10.0,9.0,71.0,136.0,53.0,2.0,1.0,5,True
598941,245264,2685,VCT 2026: China Kickoff,Main Event: Middle Final,2026-02-08,Split,5,Xi Lai Gaming,Guangzhou Huadu Bilibili Gaming (Bilibili Gaming),13,4,happywei,37927,viper,0.95,266.0,16.0,12.0,4.0,71.0,157.0,41.0,4.0,3.0,5,True
598941,245264,2685,VCT 2026: China Kickoff,Main Event: Middle Final,2026-02-08,Split,5,Xi Lai Gaming,Guangzhou Huadu Bilibili Gaming (Bilibili Gaming),13,4,Lysoar,37489,omen,0.95,150.0,10.0,8.0,7.0,88.0,83.0,16.0,0.0,0.0,5,True
598941,245264,2685,VCT 2026: China Kickoff,Main Event: Middle Final,2026-02-08,Split,5,Guangzhou Huadu Bilibili Gaming (Bilibili Gaming),Xi Lai Gaming,4,13,bud,56260,breach,1.17,218.0,12.0,15.0,3.0,65.0,145.0,27.0,1.0,0.0,5,True
598941,245264,2685,VCT 2026: China Kickoff,Main Event: Middle Final,2026-02-08,Split,5,Guangzhou Huadu Bilibili Gaming (Bilibili Gaming),Xi Lai Gaming,4,13,Biank,3021,fade,0.75,131.0,7.0,13.0,4.0,71.0,74.0,13.0,3.0,0.0,5,True
598941,245264,2685,VCT 2026: China Kickoff,Main Event: Middle Final,2026-02-08,Split,5,Guangzhou Huadu Bilibili Gaming (Bilibili Gaming),Xi Lai Gaming,4,13,whzy,4885,waylay,0.71,189.0,9.0,17.0,8.0,71.0,123.0,17.0,2.0,6.0,5,True
598941,245264,2685,VCT 2026: China Kickoff,Main Event: Middle Final,2026-02-08,Split,5,Guangzhou Huadu Bilibili Gaming (Bilibili Gaming),Xi Lai Gaming,4,13,nephh,10698,omen,0.7,141.0,8.0,14.0,4.0,65.0,89.0,21.0,0.0,1.0,5,True
598941,245264,2685,VCT 2026: China Kickoff,Main Event: Middle Final,2026-02-08,Split,5,Guangzhou Huadu Bilibili Gaming (Bilibili Gaming),Xi Lai Gaming,4,13,rushia,48878,viper,0.4,99.0,7.0,16.0,0.0,41.0,63.0,21.0,1.0,3.0,5,True
598950,245289,2685,VCT 2026: China Kickoff,Main Event: Lower Final,2026-02-09,Pearl,1,Guangzhou Huadu Bilibili Gaming (Bilibili Gaming),EDward Gaming,13,9,nephh,10698,tejo,1.45,293.0,22.0,13.0,5.0,86.0,195.0,18.0,2.0,0.0,5,True
598950,245289,2685,VCT 2026: China Kickoff,Main Event: Lower Final,2026-02-09,Pearl,1,Guangzhou Huadu Bilibili Gaming (Bilibili Gaming),EDward Gaming,13,9,Biank,3021,fade,1.15,206.0,16.0,14.0,4.0,77.0,123.0,21.0,1.0,2.0,5,True
598950,245289,2685,VCT 2026: China Kickoff,Main Event: Lower Final,2026-02-09,Pearl,1,Guangzhou Huadu Bilibili Gaming (Bilibili Gaming),EDward Gaming,13,9,rushia,48878,astra,1.12,157.0,11.0,12.0,11.0,77.0,98.0,11.0,2.0,1.0,5,True
598950,245289,2685,VCT 2026: China Kickoff,Main Event: Lower Final,2026-02-09,Pearl,1,Guangzhou Huadu Bilibili Gaming (Bilibili Gaming),EDward Gaming,13,9,bud,56260,killjoy,0.77,173.0,13.0,16.0,1.0,64.0,135.0,25.0,4.0,5.0,5,True
598950,245289,2685,VCT 2026: China Kickoff,Main Event: Lower Final,2026-02-09,Pearl,1,Guangzhou Huadu Bilibili Gaming (Bilibili Gaming),EDward Gaming,13,9,whzy,4885,yoru,0.58,155.0,12.0,17.0,2.0,68.0,99.0,30.0,3.0,2.0,5,True
598950,245289,2685,VCT 2026: China Kickoff,Main Event: Lower Final,2026-02-09,Pearl,1,EDward Gaming,Guangzhou Huadu Bilibili Gaming (Bilibili Gaming),9,13,ZmjjKK,3520,neon,1.55,335.0,26.0,15.0,3.0,82.0,211.0,24.0,7.0,5.0,5,True
598950,245289,2685,VCT 2026: China Kickoff,Main Event: Lower Final,2026-02-09,Pearl,1,EDward Gaming,Guangzhou Huadu Bilibili Gaming (Bilibili Gaming),9,13,CHICHOO,15559,killjoy,1.09,181.0,16.0,12.0,2.0,86.0,126.0,25.0,1.0,1.0,5,True
598950,245289,2685,VCT 2026: China Kickoff,Main Event: Lower Final,2026-02-09,Pearl,1,EDward Gaming,Guangzhou Huadu Bilibili Gaming (Bilibili Gaming),9,13,cb,39697,yoru,0.85,171.0,11.0,16.0,7.0,73.0,122.0,27.0,1.0,2.0,5,True
598950,245289,2685,VCT 2026: China Kickoff,Main Event: Lower Final,2026-02-09,Pearl,1,EDward Gaming,Guangzhou Huadu Bilibili Gaming (Bilibili Gaming),9,13,Smoggy,4742,astra,0.74,121.0,9.0,13.0,4.0,64.0,78.0,29.0,0.0,2.0,5,True
598950,245289,2685,VCT 2026: China Kickoff,Main Event: Lower Final,2026-02-09,Pearl,1,EDward Gaming,Guangzhou Huadu Bilibili Gaming (Bilibili Gaming),9,13,nobody,3017,sova,0.53,132.0,10.0,18.0,3.0,55.0,77.0,33.0,1.0,2.0,5,True
598950,245290,2685,VCT 2026: China Kickoff,Main Event: Lower Final,2026-02-09,Haven,2,Guangzhou Huadu Bilibili Gaming (Bilibili Gaming),EDward Gaming,10,13,rushia,48878,cypher,1.27,200.0,18.0,13.0,4.0,61.0,122.0,25.0,3.0,0.0,5,True
598950,245290,2685,VCT 2026: China Kickoff,Main Event: Lower Final,2026-02-09,Haven,2,Guangzhou Huadu Bilibili Gaming (Bilibili Gaming),EDward Gaming,10,13,whzy,4885,neon,1.16,262.0,20.0,17.0,4.0,74.0,166.0,27.0,5.0,2.0,5,True
598950,245290,2685,VCT 2026: China Kickoff,Main Event: Lower Final,2026-02-09,Haven,2,Guangzhou Huadu Bilibili Gaming (Bilibili Gaming),EDward Gaming,10,13,bud,56260,breach,0.91,184.0,14.0,17.0,7.0,70.0,132.0,26.0,3.0,2.0,5,True
598950,245290,2685,VCT 2026: China Kickoff,Main Event: Lower Final,2026-02-09,Haven,2,Guangzhou Huadu Bilibili Gaming (Bilibili Gaming),EDward Gaming,10,13,Biank,3021,sova,0.65,106.0,8.0,15.0,4.0,74.0,75.0,17.0,0.0,3.0,5,True
598950,245290,2685,VCT 2026: China Kickoff,Main Event: Lower Final,2026-02-09,Haven,2,Guangzhou Huadu Bilibili Gaming (Bilibili Gaming),EDward Gaming,10,13,nephh,10698,omen,0.43,144.0,10.0,20.0,7.0,61.0,92.0,11.0,1.0,4.0,5,True
598950,245290,2685,VCT 2026: China Kickoff,Main Event: Lower Final,2026-02-09,Haven,2,EDward Gaming,Guangzhou Huadu Bilibili Gaming (Bilibili Gaming),13,10,CHICHOO,15559,viper,1.27,212.0,17.0,13.0,11.0,74.0,146.0,41.0,1.0,2.0,5,True
598950,245290,2685,VCT 2026: China Kickoff,Main Event: Lower Final,2026-02-09,Haven,2,EDward Gaming,Guangzhou Huadu Bilibili Gaming (Bilibili Gaming),13,10,cb,39697,neon,1.22,215.0,17.0,12.0,2.0,74.0,134.0,23.0,3.0,1.0,5,True
598950,245290,2685,VCT 2026: China Kickoff,Main Event: Lower Final,2026-02-09,Haven,2,EDward Gaming,Guangzhou Huadu Bilibili Gaming (Bilibili Gaming),13,10,Smoggy,4742,omen,1.22,219.0,18.0,14.0,10.0,91.0,148.0,33.0,2.0,2.0,5,True
598950,245290,2685,VCT 2026: China Kickoff,Main Event: Lower Final,2026-02-09,Haven,2,EDward Gaming,Guangzhou Huadu Bilibili Gaming (Bilibili Gaming),13,10,ZmjjKK,3520,chamber,0.96,189.0,16.0,14.0,2.0,57.0,113.0,24.0,5.0,6.0,5,True
598950,245290,2685,VCT 2026: China Kickoff,Main Event: Lower Final,2026-02-09,Haven,2,EDward Gaming,Guangzhou Huadu Bilibili Gaming (Bilibili Gaming),13,10,nobody,3017,sova,0.95,197.0,14.0,17.0,7.0,78.0,154.0,32.0,0.0,1.0,5,True
598950,245291,2685,VCT 2026: China Kickoff,Main Event: Lower Final,2026-02-09,Abyss,3,Guangzhou Huadu Bilibili Gaming (Bilibili Gaming),EDward Gaming,10,13,bud,56260,breach,1.07,217.0,21.0,17.0,6.0,65.0,145.0,33.0,0.0,3.0,5,True
598950,245291,2685,VCT 2026: China Kickoff,Main Event: Lower Final,2026-02-09,Abyss,3,Guangzhou Huadu Bilibili Gaming (Bilibili Gaming),EDward Gaming,10,13,nephh,10698,omen,1.06,161.0,14.0,15.0,11.0,83.0,111.0,16.0,4.0,0.0,5,True
598950,245291,2685,VCT 2026: China Kickoff,Main Event: Lower Final,2026-02-09,Abyss,3,Guangzhou Huadu Bilibili Gaming (Bilibili Gaming),EDward Gaming,10,13,rushia,48878,astra,0.92,184.0,12.0,15.0,9.0,70.0,120.0,13.0,0.0,2.0,5,True
598950,245291,2685,VCT 2026: China Kickoff,Main Event: Lower Final,2026-02-09,Abyss,3,Guangzhou Huadu Bilibili Gaming (Bilibili Gaming),EDward Gaming,10,13,whzy,4885,waylay,0.9,219.0,18.0,20.0,5.0,70.0,141.0,28.0,4.0,4.0,5,True
598950,245291,2685,VCT 2026: China Kickoff,Main Event: Lower Final,2026-02-09,Abyss,3,Guangzhou Huadu Bilibili Gaming (Bilibili Gaming),EDward Gaming,10,13,Biank,3021,tejo,0.72,160.0,12.0,17.0,3.0,57.0,100.0,21.0,3.0,3.0,5,True
598950,245291,2685,VCT 2026: China Kickoff,Main Event: Lower Final,2026-02-09,Abyss,3,EDward Gaming,Guangzhou Huadu Bilibili Gaming (Bilibili Gaming),13,10,ZmjjKK,3520,jett,1.56,379.0,30.0,18.0,3.0,83.0,228.0,32.0,8.0,3.0,5,True
598950,245291,2685,VCT 2026: China Kickoff,Main Event: Lower Final,2026-02-09,Abyss,3,EDward Gaming,Guangzhou Huadu Bilibili Gaming (Bilibili Gaming),13,10,Smoggy,4742,omen,1.16,180.0,15.0,13.0,8.0,61.0,136.0,39.0,1.0,1.0,5,True
598950,245291,2685,VCT 2026: China Kickoff,Main Event: Lower Final,2026-02-09,Abyss,3,EDward Gaming,Guangzhou Huadu Bilibili Gaming (Bilibili Gaming),13,10,cb,39697,yoru,1.11,211.0,18.0,16.0,4.0,70.0,152.0,27.0,1.0,3.0,5,True
598950,245291,2685,VCT 2026: China Kickoff,Main Event: Lower Final,2026-02-09,Abyss,3,EDward Gaming,Guangzhou Huadu Bilibili Gaming (Bilibili Gaming),13,10,CHICHOO,15559,astra,0.82,158.0,13.0,17.0,9.0,70.0,105.0,23.0,2.0,2.0,5,True
598950,245291,2685,VCT 2026: China Kickoff,Main Event: Lower Final,2026-02-09,Abyss,3,EDward Gaming,Guangzhou Huadu Bilibili Gaming (Bilibili Gaming),13,10,nobody,3017,sova,0.78,111.0,8.0,14.0,6.0,65.0,94.0,27.0,0.0,2.0,5,True
598950,253654,2685,VCT 2026: China Kickoff,Main Event: Lower Final,2026-02-09,Split,4,Guangzhou Huadu Bilibili Gaming (Bilibili Gaming),EDward Gaming,6,13,whzy,4885,waylay,1.19,258.0,17.0,14.0,2.0,79.0,173.0,16.0,1.0,4.0,5,True
598950,253654,2685,VCT 2026: China Kickoff,Main Event: Lower Final,2026-02-09,Split,4,Guangzhou Huadu Bilibili Gaming (Bilibili Gaming),EDward Gaming,6,13,bud,56260,breach,1.18,192.0,14.0,13.0,1.0,53.0,131.0,34.0,0.0,1.0,5,True
598950,253654,2685,VCT 2026: China Kickoff,Main Event: Lower Final,2026-02-09,Split,4,Guangzhou Huadu Bilibili Gaming (Bilibili Gaming),EDward Gaming,6,13,rushia,48878,viper,0.93,188.0,10.0,15.0,8.0,53.0,129.0,19.0,1.0,2.0,5,True
598950,253654,2685,VCT 2026: China Kickoff,Main Event: Lower Final,2026-02-09,Split,4,Guangzhou Huadu Bilibili Gaming (Bilibili Gaming),EDward Gaming,6,13,Biank,3021,fade,0.53,96.0,6.0,15.0,5.0,53.0,61.0,50.0,0.0,3.0,5,True
598950,253654,2685,VCT 2026: China Kickoff,Main Event: Lower Final,2026-02-09,Split,4,Guangzhou Huadu Bilibili Gaming (Bilibili Gaming),EDward Gaming,6,13,nephh,10698,omen,0.25,104.0,6.0,19.0,6.0,58.0,69.0,26.0,3.0,4.0,5,True
598950,253654,2685,VCT 2026: China Kickoff,Main Event: Lower Final,2026-02-09,Split,4,EDward Gaming,Guangzhou Huadu Bilibili Gaming (Bilibili Gaming),13,6,nobody,3017,fade,1.62,269.0,19.0,8.0,1.0,79.0,184.0,36.0,3.0,0.0,5,True
598950,253654,2685,VCT 2026: China Kickoff,Main Event: Lower Final,2026-02-09,Split,4,EDward Gaming,Guangzhou Huadu Bilibili Gaming (Bilibili Gaming),13,6,CHICHOO,15559,viper,1.2,230.0,15.0,11.0,6.0,84.0,146.0,25.0,5.0,1.0,5,True
598950,253654,2685,VCT 2026: China Kickoff,Main Event: Lower Final,2026-02-09,Split,4,EDward Gaming,Guangzhou Huadu Bilibili Gaming (Bilibili Gaming),13,6,cb,39697,yoru,1.04,201.0,14.0,10.0,3.0,68.0,121.0,22.0,3.0,1.0,5,True
598950,253654,2685,VCT 2026: China Kickoff,Main Event: Lower Final,2026-02-09,Split,4,EDward Gaming,Guangzhou Huadu Bilibili Gaming (Bilibili Gaming),13,6,Smoggy,4742,omen,1.03,165.0,11.0,10.0,12.0,89.0,97.0,38.0,1.0,1.0,5,True
598950,253654,2685,VCT 2026: China Kickoff,Main Event: Lower Final,2026-02-09,Split,4,EDward Gaming,Guangzhou Huadu Bilibili Gaming (Bilibili Gaming),13,6,ZmjjKK,3520,neon,0.99,261.0,17.0,14.0,5.0,68.0,153.0,11.0,2.0,2.0,5,True
