match_id,game_id,event_id,event,stage,date,map,map_order,team,opp,team_rounds,opp_rounds,player,player_id,agent,rating,acs,k,d,a,kast,adr,hs,fk,fd,best_of,completed
712803,276498,2976,VCT 2026: EMEA Stage 2,Group Stage: Week 1,2026-07-15,Split,1,FUT Esports,Natus Vincere,6,13,yetujey,8369,viper,1.08,230.0,14.0,15.0,4.0,74.0,171.0,27.0,1.0,1.0,3,True
712803,276498,2976,VCT 2026: EMEA Stage 2,Group Stage: Week 1,2026-07-15,Split,1,FUT Esports,Natus Vincere,6,13,xeus,12793,raze,0.87,201.0,12.0,15.0,2.0,53.0,141.0,28.0,1.0,2.0,3,True
712803,276498,2976,VCT 2026: EMEA Stage 2,Group Stage: Week 1,2026-07-15,Split,1,FUT Esports,Natus Vincere,6,13,KROSTALY,15735,skye,0.86,166.0,11.0,13.0,4.0,79.0,109.0,31.0,3.0,0.0,3,True
712803,276498,2976,VCT 2026: EMEA Stage 2,Group Stage: Week 1,2026-07-15,Split,1,FUT Esports,Natus Vincere,6,13,sociablEE,5568,omen,0.78,172.0,14.0,16.0,2.0,53.0,103.0,30.0,0.0,5.0,3,True
712803,276498,2976,VCT 2026: EMEA Stage 2,Group Stage: Week 1,2026-07-15,Split,1,FUT Esports,Natus Vincere,6,13,s0pp,39357,jett,0.56,139.0,8.0,17.0,3.0,58.0,103.0,29.0,2.0,4.0,3,True
712803,276498,2976,VCT 2026: EMEA Stage 2,Group Stage: Week 1,2026-07-15,Split,1,Natus Vincere,FUT Esports,13,6,hiro,29867,viper,1.55,273.0,20.0,9.0,5.0,79.0,166.0,33.0,2.0,1.0,3,True
712803,276498,2976,VCT 2026: EMEA Stage 2,Group Stage: Week 1,2026-07-15,Split,1,Natus Vincere,FUT Esports,13,6,CyvOph,13258,sage,1.53,213.0,15.0,7.0,11.0,74.0,157.0,28.0,0.0,1.0,3,True
712803,276498,2976,VCT 2026: EMEA Stage 2,Group Stage: Week 1,2026-07-15,Split,1,Natus Vincere,FUT Esports,13,6,ExiT,11917,waylay,1.0,255.0,15.0,15.0,5.0,74.0,162.0,19.0,5.0,2.0,3,True
712803,276498,2976,VCT 2026: EMEA Stage 2,Group Stage: Week 1,2026-07-15,Split,1,Natus Vincere,FUT Esports,13,6,chloric,15639,skye,0.92,173.0,13.0,13.0,8.0,79.0,98.0,26.0,3.0,1.0,3,True
712803,276498,2976,VCT 2026: EMEA Stage 2,Group Stage: Week 1,2026-07-15,Split,1,Natus Vincere,FUT Esports,13,6,Ruxic,18677,omen,0.78,185.0,13.0,15.0,8.0,68.0,126.0,31.0,2.0,2.0,3,True
712803,276499,2976,VCT 2026: EMEA Stage 2,Group Stage: Week 1,2026-07-15,Ascent,2,FUT Esports,Natus Vincere,9,13,yetujey,8369,omen,1.03,209.0,16.0,17.0,11.0,68.0,147.0,46.0,1.0,1.0,3,True
712803,276499,2976,VCT 2026: EMEA Stage 2,Group Stage: Week 1,2026-07-15,Ascent,2,FUT Esports,Natus Vincere,9,13,KROSTALY,15735,sova,1.02,196.0,16.0,16.0,4.0,73.0,122.0,45.0,1.0,2.0,3,True
712803,276499,2976,VCT 2026: EMEA Stage 2,Group Stage: Week 1,2026-07-15,Ascent,2,FUT Esports,Natus Vincere,9,13,xeus,12793,chamber,0.95,198.0,18.0,16.0,1.0,59.0,140.0,45.0,0.0,2.0,3,True
712803,276499,2976,VCT 2026: EMEA Stage 2,Group Stage: Week 1,2026-07-15,Ascent,2,FUT Esports,Natus Vincere,9,13,s0pp,39357,jett,0.9,210.0,15.0,20.0,5.0,68.0,146.0,26.0,6.0,2.0,3,True
712803,276499,2976,VCT 2026: EMEA Stage 2,Group Stage: Week 1,2026-07-15,Ascent,2,FUT Esports,Natus Vincere,9,13,sociablEE,5568,phoenix,0.79,200.0,13.0,18.0,10.0,68.0,139.0,17.0,3.0,4.0,3,True
712803,276499,2976,VCT 2026: EMEA Stage 2,Group Stage: Week 1,2026-07-15,Ascent,2,Natus Vincere,FUT Esports,13,9,Ruxic,18677,omen,1.32,225.0,18.0,14.0,12.0,77.0,139.0,44.0,1.0,1.0,3,True
712803,276499,2976,VCT 2026: EMEA Stage 2,Group Stage: Week 1,2026-07-15,Ascent,2,Natus Vincere,FUT Esports,13,9,hiro,29867,vyse,1.26,286.0,22.0,16.0,9.0,82.0,182.0,30.0,1.0,1.0,3,True
712803,276499,2976,VCT 2026: EMEA Stage 2,Group Stage: Week 1,2026-07-15,Ascent,2,Natus Vincere,FUT Esports,13,9,ExiT,11917,yoru,1.15,265.0,22.0,17.0,4.0,82.0,162.0,24.0,5.0,5.0,3,True
712803,276499,2976,VCT 2026: EMEA Stage 2,Group Stage: Week 1,2026-07-15,Ascent,2,Natus Vincere,FUT Esports,13,9,chloric,15639,sova,0.93,172.0,14.0,15.0,4.0,82.0,114.0,24.0,2.0,2.0,3,True
712803,276499,2976,VCT 2026: EMEA Stage 2,Group Stage: Week 1,2026-07-15,Ascent,2,Natus Vincere,FUT Esports,13,9,CyvOph,13258,sage,0.87,161.0,11.0,16.0,10.0,64.0,119.0,28.0,2.0,2.0,3,True
712804,276501,2976,VCT 2026: EMEA Stage 2,Group Stage: Week 1,2026-07-15,Split,1,Team Liquid,Eternal Fire,6,13,kamo,14681,raze,1.1,264.0,18.0,16.0,6.0,79.0,161.0,31.0,2.0,3.0,3,True
712804,276501,2976,VCT 2026: EMEA Stage 2,Group Stage: Week 1,2026-07-15,Split,1,Team Liquid,Eternal Fire,6,13,purp0,1885,jett,0.99,167.0,14.0,14.0,3.0,58.0,105.0,32.0,2.0,3.0,3,True
712804,276501,2976,VCT 2026: EMEA Stage 2,Group Stage: Week 1,2026-07-15,Split,1,Team Liquid,Eternal Fire,6,13,trexx,2168,astra,0.75,153.0,9.0,16.0,9.0,58.0,107.0,22.0,1.0,2.0,3,True
712804,276501,2976,VCT 2026: EMEA Stage 2,Group Stage: Week 1,2026-07-15,Split,1,Team Liquid,Eternal Fire,6,13,Kicks,11134,skye,0.65,142.0,9.0,16.0,5.0,74.0,95.0,23.0,0.0,1.0,3,True
712804,276501,2976,VCT 2026: EMEA Stage 2,Group Stage: Week 1,2026-07-15,Split,1,Team Liquid,Eternal Fire,6,13,LohaN,2881,viper,0.65,151.0,9.0,16.0,2.0,63.0,101.0,19.0,2.0,3.0,3,True
712804,276501,2976,VCT 2026: EMEA Stage 2,Group Stage: Week 1,2026-07-15,Split,1,Eternal Fire,Team Liquid,13,6,echo,49346,viper,1.4,286.0,20.0,13.0,3.0,84.0,187.0,30.0,4.0,1.0,3,True
712804,276501,2976,VCT 2026: EMEA Stage 2,Group Stage: Week 1,2026-07-15,Split,1,Eternal Fire,Team Liquid,13,6,nekky,12670,fade,1.24,228.0,17.0,11.0,4.0,68.0,162.0,36.0,1.0,1.0,3,True
712804,276501,2976,VCT 2026: EMEA Stage 2,Group Stage: Week 1,2026-07-15,Split,1,Eternal Fire,Team Liquid,13,6,audaz,40843,omen,1.13,173.0,12.0,10.0,6.0,74.0,118.0,41.0,3.0,0.0,3,True
712804,276501,2976,VCT 2026: EMEA Stage 2,Group Stage: Week 1,2026-07-15,Split,1,Eternal Fire,Team Liquid,13,6,Favian,41720,veto,1.08,249.0,16.0,15.0,5.0,68.0,199.0,30.0,2.0,4.0,3,True
712804,276501,2976,VCT 2026: EMEA Stage 2,Group Stage: Week 1,2026-07-15,Split,1,Eternal Fire,Team Liquid,13,6,Izzy,10160,neon,0.91,151.0,13.0,10.0,3.0,79.0,76.0,14.0,2.0,1.0,3,True
712804,276502,2976,VCT 2026: EMEA Stage 2,Group Stage: Week 1,2026-07-15,Lotus,2,Team Liquid,Eternal Fire,2,13,Kicks,11134,omen,0.85,194.0,9.0,14.0,3.0,53.0,134.0,35.0,0.0,1.0,3,True
712804,276502,2976,VCT 2026: EMEA Stage 2,Group Stage: Week 1,2026-07-15,Lotus,2,Team Liquid,Eternal Fire,2,13,trexx,2168,skye,0.67,171.0,8.0,15.0,6.0,73.0,121.0,23.0,0.0,1.0,3,True
712804,276502,2976,VCT 2026: EMEA Stage 2,Group Stage: Week 1,2026-07-15,Lotus,2,Team Liquid,Eternal Fire,2,13,kamo,14681,raze,0.6,200.0,10.0,15.0,1.0,53.0,132.0,42.0,1.0,5.0,3,True
712804,276502,2976,VCT 2026: EMEA Stage 2,Group Stage: Week 1,2026-07-15,Lotus,2,Team Liquid,Eternal Fire,2,13,purp0,1885,chamber,0.37,123.0,6.0,15.0,1.0,53.0,83.0,38.0,2.0,3.0,3,True
712804,276502,2976,VCT 2026: EMEA Stage 2,Group Stage: Week 1,2026-07-15,Lotus,2,Team Liquid,Eternal Fire,2,13,LohaN,2881,viper,0.34,77.0,4.0,13.0,1.0,47.0,63.0,30.0,0.0,2.0,3,True
712804,276502,2976,VCT 2026: EMEA Stage 2,Group Stage: Week 1,2026-07-15,Lotus,2,Eternal Fire,Team Liquid,13,2,Favian,41720,veto,2.14,392.0,24.0,7.0,3.0,80.0,256.0,47.0,5.0,0.0,3,True
712804,276502,2976,VCT 2026: EMEA Stage 2,Group Stage: Week 1,2026-07-15,Lotus,2,Eternal Fire,Team Liquid,13,2,Izzy,10160,neon,1.58,321.0,18.0,7.0,5.0,93.0,181.0,18.0,5.0,1.0,3,True
712804,276502,2976,VCT 2026: EMEA Stage 2,Group Stage: Week 1,2026-07-15,Lotus,2,Eternal Fire,Team Liquid,13,2,audaz,40843,omen,1.37,180.0,10.0,7.0,10.0,87.0,117.0,53.0,1.0,1.0,3,True
712804,276502,2976,VCT 2026: EMEA Stage 2,Group Stage: Week 1,2026-07-15,Lotus,2,Eternal Fire,Team Liquid,13,2,nekky,12670,sova,1.15,185.0,9.0,7.0,5.0,87.0,141.0,22.0,0.0,0.0,3,True
712804,276502,2976,VCT 2026: EMEA Stage 2,Group Stage: Week 1,2026-07-15,Lotus,2,Eternal Fire,Team Liquid,13,2,echo,49346,viper,0.99,190.0,11.0,9.0,5.0,80.0,139.0,41.0,1.0,1.0,3,True
712805,276504,2976,VCT 2026: EMEA Stage 2,Group Stage: Week 1,2026-07-16,Ascent,1,FNATIC,GIANTX,15,13,crashies,4,sova,1.27,223.0,21.0,14.0,7.0,79.0,156.0,15.0,3.0,3.0,3,True
712805,276504,2976,VCT 2026: EMEA Stage 2,Group Stage: Week 1,2026-07-16,Ascent,1,FNATIC,GIANTX,15,13,Alfajer,9810,cypher,1.15,250.0,25.0,19.0,6.0,75.0,166.0,28.0,2.0,5.0,3,True
712805,276504,2976,VCT 2026: EMEA Stage 2,Group Stage: Week 1,2026-07-16,Ascent,1,FNATIC,GIANTX,15,13,Cloud,4181,kayo,1.13,200.0,18.0,18.0,17.0,75.0,133.0,15.0,1.0,1.0,3,True
712805,276504,2976,VCT 2026: EMEA Stage 2,Group Stage: Week 1,2026-07-16,Ascent,1,FNATIC,GIANTX,15,13,Boaster,438,omen,0.99,158.0,16.0,17.0,8.0,79.0,104.0,20.0,1.0,4.0,3,True
712805,276504,2976,VCT 2026: EMEA Stage 2,Group Stage: Week 1,2026-07-16,Ascent,1,FNATIC,GIANTX,15,13,kaajak,9554,neon,0.97,170.0,17.0,18.0,2.0,68.0,129.0,41.0,5.0,3.0,3,True
712805,276504,2976,VCT 2026: EMEA Stage 2,Group Stage: Week 1,2026-07-16,Ascent,1,GIANTX,FNATIC,13,15,ara,11332,jett,1.02,249.0,24.0,22.0,3.0,64.0,156.0,17.0,7.0,3.0,3,True
712805,276504,2976,VCT 2026: EMEA Stage 2,Group Stage: Week 1,2026-07-16,Ascent,1,GIANTX,FNATIC,13,15,neT,6582,sova,0.94,156.0,15.0,19.0,5.0,71.0,98.0,29.0,3.0,1.0,3,True
712805,276504,2976,VCT 2026: EMEA Stage 2,Group Stage: Week 1,2026-07-16,Ascent,1,GIANTX,FNATIC,13,15,Jesse,2653,phoenix,0.94,171.0,17.0,19.0,10.0,68.0,122.0,22.0,1.0,3.0,3,True
712805,276504,2976,VCT 2026: EMEA Stage 2,Group Stage: Week 1,2026-07-16,Ascent,1,GIANTX,FNATIC,13,15,westside,34684,cypher,0.91,184.0,18.0,18.0,7.0,71.0,114.0,38.0,2.0,2.0,3,True
712805,276504,2976,VCT 2026: EMEA Stage 2,Group Stage: Week 1,2026-07-16,Ascent,1,GIANTX,FNATIC,13,15,Flickless,6959,omen,0.72,132.0,12.0,19.0,10.0,64.0,92.0,29.0,3.0,3.0,3,True
712805,276505,2976,VCT 2026: EMEA Stage 2,Group Stage: Week 1,2026-07-16,Sunset,2,FNATIC,GIANTX,13,9,Cloud,4181,sage,1.64,283.0,23.0,12.0,7.0,86.0,186.0,28.0,2.0,0.0,3,True
712805,276505,2976,VCT 2026: EMEA Stage 2,Group Stage: Week 1,2026-07-16,Sunset,2,FNATIC,GIANTX,13,9,Alfajer,9810,chamber,1.23,273.0,21.0,16.0,1.0,73.0,165.0,33.0,7.0,3.0,3,True
712805,276505,2976,VCT 2026: EMEA Stage 2,Group Stage: Week 1,2026-07-16,Sunset,2,FNATIC,GIANTX,13,9,crashies,4,fade,0.81,161.0,13.0,16.0,5.0,64.0,103.0,27.0,2.0,2.0,3,True
712805,276505,2976,VCT 2026: EMEA Stage 2,Group Stage: Week 1,2026-07-16,Sunset,2,FNATIC,GIANTX,13,9,kaajak,9554,neon,0.75,199.0,15.0,19.0,6.0,59.0,129.0,35.0,2.0,3.0,3,True
712805,276505,2976,VCT 2026: EMEA Stage 2,Group Stage: Week 1,2026-07-16,Sunset,2,FNATIC,GIANTX,13,9,Boaster,438,omen,0.7,155.0,13.0,16.0,9.0,73.0,93.0,29.0,0.0,1.0,3,True
712805,276505,2976,VCT 2026: EMEA Stage 2,Group Stage: Week 1,2026-07-16,Sunset,2,GIANTX,FNATIC,9,13,westside,34684,cypher,1.34,314.0,24.0,18.0,4.0,68.0,202.0,47.0,1.0,4.0,3,True
712805,276505,2976,VCT 2026: EMEA Stage 2,Group Stage: Week 1,2026-07-16,Sunset,2,GIANTX,FNATIC,9,13,ara,11332,neon,1.09,256.0,21.0,18.0,1.0,64.0,155.0,48.0,4.0,1.0,3,True
712805,276505,2976,VCT 2026: EMEA Stage 2,Group Stage: Week 1,2026-07-16,Sunset,2,GIANTX,FNATIC,9,13,Jesse,2653,omen,1.01,212.0,16.0,16.0,5.0,73.0,160.0,30.0,2.0,2.0,3,True
712805,276505,2976,VCT 2026: EMEA Stage 2,Group Stage: Week 1,2026-07-16,Sunset,2,GIANTX,FNATIC,9,13,neT,6582,sova,0.71,169.0,12.0,18.0,6.0,59.0,115.0,32.0,1.0,2.0,3,True
712805,276505,2976,VCT 2026: EMEA Stage 2,Group Stage: Week 1,2026-07-16,Sunset,2,GIANTX,FNATIC,9,13,Flickless,6959,breach,0.57,89.0,6.0,15.0,9.0,64.0,58.0,40.0,1.0,4.0,3,True
712806,276507,2976,VCT 2026: EMEA Stage 2,Group Stage: Week 1,2026-07-16,Split,1,PCIFIC Esports,Gentle Mates,13,5,NINJA,28948,sage,1.6,299.0,21.0,9.0,5.0,72.0,173.0,35.0,4.0,1.0,3,True
712806,276507,2976,VCT 2026: EMEA Stage 2,Group Stage: Week 1,2026-07-16,Split,1,PCIFIC Esports,Gentle Mates,13,5,waddle,8226,fade,1.43,234.0,16.0,9.0,7.0,78.0,151.0,37.0,0.0,0.0,3,True
712806,276507,2976,VCT 2026: EMEA Stage 2,Group Stage: Week 1,2026-07-16,Split,1,PCIFIC Esports,Gentle Mates,13,5,al0rante,5292,viper,1.34,287.0,19.0,12.0,2.0,78.0,179.0,34.0,3.0,2.0,3,True
712806,276507,2976,VCT 2026: EMEA Stage 2,Group Stage: Week 1,2026-07-16,Split,1,PCIFIC Esports,Gentle Mates,13,5,qpert,7105,omen,1.03,125.0,8.0,8.0,11.0,83.0,73.0,19.0,0.0,0.0,3,True
712806,276507,2976,VCT 2026: EMEA Stage 2,Group Stage: Week 1,2026-07-16,Split,1,PCIFIC Esports,Gentle Mates,13,5,seven,8376,raze,0.84,213.0,14.0,15.0,2.0,89.0,142.0,19.0,3.0,5.0,3,True
712806,276507,2976,VCT 2026: EMEA Stage 2,Group Stage: Week 1,2026-07-16,Split,1,Gentle Mates,PCIFIC Esports,5,13,bipo,18400,viper,1.06,271.0,16.0,16.0,3.0,61.0,156.0,24.0,5.0,0.0,3,True
712806,276507,2976,VCT 2026: EMEA Stage 2,Group Stage: Week 1,2026-07-16,Split,1,Gentle Mates,PCIFIC Esports,5,13,marteen,10307,raze,1.01,249.0,14.0,17.0,5.0,72.0,161.0,25.0,1.0,3.0,3,True
712806,276507,2976,VCT 2026: EMEA Stage 2,Group Stage: Week 1,2026-07-16,Split,1,Gentle Mates,PCIFIC Esports,5,13,Minny,23169,waylay,0.76,184.0,12.0,15.0,1.0,61.0,130.0,24.0,1.0,2.0,3,True
712806,276507,2976,VCT 2026: EMEA Stage 2,Group Stage: Week 1,2026-07-16,Split,1,Gentle Mates,PCIFIC Esports,5,13,Proxh,45494,omen,0.58,115.0,9.0,14.0,1.0,50.0,78.0,20.0,0.0,4.0,3,True
712806,276507,2976,VCT 2026: EMEA Stage 2,Group Stage: Week 1,2026-07-16,Split,1,Gentle Mates,PCIFIC Esports,5,13,starxo,565,fade,0.14,59.0,2.0,16.0,4.0,44.0,47.0,19.0,1.0,1.0,3,True
712806,276508,2976,VCT 2026: EMEA Stage 2,Group Stage: Week 1,2026-07-16,Sunset,2,PCIFIC Esports,Gentle Mates,5,13,NINJA,28948,deadlock,0.97,189.0,12.0,14.0,4.0,61.0,128.0,26.0,1.0,2.0,3,True
712806,276508,2976,VCT 2026: EMEA Stage 2,Group Stage: Week 1,2026-07-16,Sunset,2,PCIFIC Esports,Gentle Mates,5,13,al0rante,5292,viper,0.84,208.0,13.0,15.0,4.0,72.0,130.0,50.0,3.0,0.0,3,True
712806,276508,2976,VCT 2026: EMEA Stage 2,Group Stage: Week 1,2026-07-16,Sunset,2,PCIFIC Esports,Gentle Mates,5,13,waddle,8226,sova,0.78,168.0,10.0,15.0,3.0,67.0,119.0,18.0,0.0,0.0,3,True
712806,276508,2976,VCT 2026: EMEA Stage 2,Group Stage: Week 1,2026-07-16,Sunset,2,PCIFIC Esports,Gentle Mates,5,13,seven,8376,neon,0.61,156.0,9.0,15.0,5.0,67.0,105.0,36.0,1.0,5.0,3,True
712806,276508,2976,VCT 2026: EMEA Stage 2,Group Stage: Week 1,2026-07-16,Sunset,2,PCIFIC Esports,Gentle Mates,5,13,qpert,7105,omen,0.37,88.0,5.0,15.0,3.0,39.0,48.0,24.0,2.0,4.0,3,True
712806,276508,2976,VCT 2026: EMEA Stage 2,Group Stage: Week 1,2026-07-16,Sunset,2,Gentle Mates,PCIFIC Esports,13,5,Minny,23169,neon,1.96,374.0,26.0,9.0,2.0,89.0,223.0,36.0,4.0,2.0,3,True
712806,276508,2976,VCT 2026: EMEA Stage 2,Group Stage: Week 1,2026-07-16,Sunset,2,Gentle Mates,PCIFIC Esports,13,5,Proxh,45494,omen,1.39,234.0,17.0,10.0,6.0,89.0,156.0,36.0,1.0,1.0,3,True
712806,276508,2976,VCT 2026: EMEA Stage 2,Group Stage: Week 1,2026-07-16,Sunset,2,Gentle Mates,PCIFIC Esports,13,5,starxo,565,sova,1.2,186.0,12.0,8.0,4.0,78.0,120.0,31.0,3.0,1.0,3,True
712806,276508,2976,VCT 2026: EMEA Stage 2,Group Stage: Week 1,2026-07-16,Sunset,2,Gentle Mates,PCIFIC Esports,13,5,marteen,10307,phoenix,1.05,204.0,12.0,12.0,8.0,78.0,134.0,26.0,3.0,2.0,3,True
712806,276508,2976,VCT 2026: EMEA Stage 2,Group Stage: Week 1,2026-07-16,Sunset,2,Gentle Mates,PCIFIC Esports,13,5,bipo,18400,cypher,0.65,95.0,7.0,10.0,1.0,72.0,81.0,30.0,0.0,1.0,3,True
712806,276509,2976,VCT 2026: EMEA Stage 2,Group Stage: Week 1,2026-07-16,Ascent,3,PCIFIC Esports,Gentle Mates,4,13,waddle,8226,sova,1.03,233.0,11.0,15.0,7.0,59.0,181.0,38.0,0.0,4.0,3,True
712806,276509,2976,VCT 2026: EMEA Stage 2,Group Stage: Week 1,2026-07-16,Ascent,3,PCIFIC Esports,Gentle Mates,4,13,qpert,7105,omen,0.99,133.0,8.0,12.0,7.0,71.0,85.0,27.0,2.0,3.0,3,True
712806,276509,2976,VCT 2026: EMEA Stage 2,Group Stage: Week 1,2026-07-16,Ascent,3,PCIFIC Esports,Gentle Mates,4,13,seven,8376,neon,0.75,185.0,11.0,15.0,2.0,59.0,116.0,22.0,0.0,2.0,3,True
712806,276509,2976,VCT 2026: EMEA Stage 2,Group Stage: Week 1,2026-07-16,Ascent,3,PCIFIC Esports,Gentle Mates,4,13,NINJA,28948,deadlock,0.73,188.0,10.0,16.0,6.0,71.0,127.0,39.0,0.0,3.0,3,True
712806,276509,2976,VCT 2026: EMEA Stage 2,Group Stage: Week 1,2026-07-16,Ascent,3,PCIFIC Esports,Gentle Mates,4,13,al0rante,5292,cypher,0.26,79.0,5.0,15.0,2.0,41.0,61.0,45.0,0.0,3.0,3,True
712806,276509,2976,VCT 2026: EMEA Stage 2,Group Stage: Week 1,2026-07-16,Ascent,3,Gentle Mates,PCIFIC Esports,13,4,marteen,10307,phoenix,1.41,278.0,19.0,10.0,7.0,88.0,171.0,38.0,5.0,0.0,3,True
712806,276509,2976,VCT 2026: EMEA Stage 2,Group Stage: Week 1,2026-07-16,Ascent,3,Gentle Mates,PCIFIC Esports,13,4,bipo,18400,cypher,1.33,219.0,14.0,8.0,6.0,88.0,150.0,31.0,5.0,1.0,3,True
712806,276509,2976,VCT 2026: EMEA Stage 2,Group Stage: Week 1,2026-07-16,Ascent,3,Gentle Mates,PCIFIC Esports,13,4,Proxh,45494,omen,1.2,182.0,12.0,8.0,7.0,94.0,122.0,32.0,1.0,1.0,3,True
712806,276509,2976,VCT 2026: EMEA Stage 2,Group Stage: Week 1,2026-07-16,Ascent,3,Gentle Mates,PCIFIC Esports,13,4,starxo,565,sova,1.2,185.0,14.0,8.0,3.0,88.0,121.0,41.0,1.0,0.0,3,True
712806,276509,2976,VCT 2026: EMEA Stage 2,Group Stage: Week 1,2026-07-16,Ascent,3,Gentle Mates,PCIFIC Esports,13,4,Minny,23169,jett,1.19,242.0,14.0,11.0,7.0,88.0,160.0,26.0,3.0,0.0,3,True
712807,276510,2976,VCT 2026: EMEA Stage 2,Group Stage: Week 1,2026-07-17,Sunset,1,Karmine Corp,Eternal Fire,13,6,Avez,5654,fade,1.22,243.0,17.0,13.0,6.0,68.0,154.0,39.0,5.0,4.0,3,True
712807,276510,2976,VCT 2026: EMEA Stage 2,Group Stage: Week 1,2026-07-17,Sunset,1,Karmine Corp,Eternal Fire,13,6,N4RRATE,36245,chamber,1.2,203.0,14.0,10.0,3.0,63.0,135.0,23.0,1.0,2.0,3,True
712807,276510,2976,VCT 2026: EMEA Stage 2,Group Stage: Week 1,2026-07-17,Sunset,1,Karmine Corp,Eternal Fire,13,6,dos9,16215,omen,1.08,159.0,10.0,10.0,7.0,63.0,102.0,21.0,1.0,0.0,3,True
712807,276510,2976,VCT 2026: EMEA Stage 2,Group Stage: Week 1,2026-07-17,Sunset,1,Karmine Corp,Eternal Fire,13,6,SUYGETSU,2858,viper,1.07,222.0,17.0,13.0,2.0,79.0,140.0,29.0,1.0,1.0,3,True
712807,276510,2976,VCT 2026: EMEA Stage 2,Group Stage: Week 1,2026-07-17,Sunset,1,Karmine Corp,Eternal Fire,13,6,LewN,20144,neon,0.95,191.0,13.0,12.0,1.0,58.0,120.0,33.0,2.0,2.0,3,True
712807,276510,2976,VCT 2026: EMEA Stage 2,Group Stage: Week 1,2026-07-17,Sunset,1,Eternal Fire,Karmine Corp,6,13,Favian,41720,raze,1.02,240.0,16.0,15.0,2.0,68.0,149.0,25.0,4.0,3.0,3,True
712807,276510,2976,VCT 2026: EMEA Stage 2,Group Stage: Week 1,2026-07-17,Sunset,1,Eternal Fire,Karmine Corp,6,13,Izzy,10160,neon,0.94,215.0,14.0,15.0,1.0,68.0,134.0,18.0,4.0,3.0,3,True
712807,276510,2976,VCT 2026: EMEA Stage 2,Group Stage: Week 1,2026-07-17,Sunset,1,Eternal Fire,Karmine Corp,6,13,nekky,12670,fade,0.77,158.0,11.0,14.0,3.0,58.0,93.0,43.0,0.0,2.0,3,True
712807,276510,2976,VCT 2026: EMEA Stage 2,Group Stage: Week 1,2026-07-17,Sunset,1,Eternal Fire,Karmine Corp,6,13,echo,49346,cypher,0.68,165.0,11.0,14.0,1.0,63.0,103.0,52.0,1.0,2.0,3,True
712807,276510,2976,VCT 2026: EMEA Stage 2,Group Stage: Week 1,2026-07-17,Sunset,1,Eternal Fire,Karmine Corp,6,13,audaz,40843,omen,0.64,102.0,6.0,13.0,9.0,68.0,69.0,35.0,0.0,0.0,3,True
712807,276511,2976,VCT 2026: EMEA Stage 2,Group Stage: Week 1,2026-07-17,Lotus,2,Karmine Corp,Eternal Fire,15,13,N4RRATE,36245,chamber,1.24,261.0,26.0,19.0,5.0,75.0,167.0,33.0,6.0,3.0,3,True
712807,276511,2976,VCT 2026: EMEA Stage 2,Group Stage: Week 1,2026-07-17,Lotus,2,Karmine Corp,Eternal Fire,15,13,LewN,20144,neon,1.24,278.0,29.0,20.0,4.0,68.0,182.0,29.0,2.0,4.0,3,True
712807,276511,2976,VCT 2026: EMEA Stage 2,Group Stage: Week 1,2026-07-17,Lotus,2,Karmine Corp,Eternal Fire,15,13,SUYGETSU,2858,viper,1.2,238.0,22.0,18.0,8.0,86.0,162.0,46.0,4.0,0.0,3,True
712807,276511,2976,VCT 2026: EMEA Stage 2,Group Stage: Week 1,2026-07-17,Lotus,2,Karmine Corp,Eternal Fire,15,13,dos9,16215,omen,0.95,157.0,16.0,17.0,10.0,75.0,107.0,35.0,3.0,2.0,3,True
712807,276511,2976,VCT 2026: EMEA Stage 2,Group Stage: Week 1,2026-07-17,Lotus,2,Karmine Corp,Eternal Fire,15,13,Avez,5654,fade,0.87,138.0,14.0,16.0,8.0,79.0,95.0,24.0,0.0,4.0,3,True
712807,276511,2976,VCT 2026: EMEA Stage 2,Group Stage: Week 1,2026-07-17,Lotus,2,Eternal Fire,Karmine Corp,13,15,audaz,40843,omen,1.08,191.0,21.0,19.0,6.0,64.0,114.0,51.0,3.0,2.0,3,True
712807,276511,2976,VCT 2026: EMEA Stage 2,Group Stage: Week 1,2026-07-17,Lotus,2,Eternal Fire,Karmine Corp,13,15,Favian,41720,veto,0.92,188.0,20.0,21.0,2.0,54.0,126.0,43.0,1.0,4.0,3,True
712807,276511,2976,VCT 2026: EMEA Stage 2,Group Stage: Week 1,2026-07-17,Lotus,2,Eternal Fire,Karmine Corp,13,15,echo,49346,viper,0.89,170.0,16.0,21.0,10.0,61.0,118.0,28.0,2.0,1.0,3,True
712807,276511,2976,VCT 2026: EMEA Stage 2,Group Stage: Week 1,2026-07-17,Lotus,2,Eternal Fire,Karmine Corp,13,15,nekky,12670,sova,0.85,186.0,17.0,22.0,8.0,71.0,127.0,33.0,2.0,2.0,3,True
712807,276511,2976,VCT 2026: EMEA Stage 2,Group Stage: Week 1,2026-07-17,Lotus,2,Eternal Fire,Karmine Corp,13,15,Izzy,10160,neon,0.65,167.0,16.0,24.0,6.0,68.0,109.0,19.0,5.0,6.0,3,True
712808,276513,2976,VCT 2026: EMEA Stage 2,Group Stage: Week 1,2026-07-17,Sunset,1,Team Vitality,Natus Vincere,9,13,Jamppi,9780,phoenix,1.06,234.0,16.0,17.0,6.0,55.0,177.0,35.0,5.0,5.0,3,True
712808,276513,2976,VCT 2026: EMEA Stage 2,Group Stage: Week 1,2026-07-17,Sunset,1,Team Vitality,Natus Vincere,9,13,PROFEK,5554,omen,0.88,212.0,17.0,17.0,0.0,77.0,144.0,24.0,2.0,2.0,3,True
712808,276513,2976,VCT 2026: EMEA Stage 2,Group Stage: Week 1,2026-07-17,Sunset,1,Team Vitality,Natus Vincere,9,13,Chronicle,458,cypher,0.85,169.0,14.0,17.0,2.0,73.0,98.0,19.0,1.0,1.0,3,True
712808,276513,2976,VCT 2026: EMEA Stage 2,Group Stage: Week 1,2026-07-17,Sunset,1,Team Vitality,Natus Vincere,9,13,Sayonara,33902,sova,0.61,104.0,8.0,16.0,3.0,45.0,90.0,28.0,0.0,3.0,3,True
712808,276513,2976,VCT 2026: EMEA Stage 2,Group Stage: Week 1,2026-07-17,Sunset,1,Team Vitality,Natus Vincere,9,13,Derke,5022,neon,0.56,153.0,11.0,19.0,3.0,59.0,103.0,31.0,0.0,3.0,3,True
712808,276513,2976,VCT 2026: EMEA Stage 2,Group Stage: Week 1,2026-07-17,Sunset,1,Natus Vincere,Team Vitality,13,9,chloric,15639,sova,1.38,189.0,17.0,10.0,8.0,82.0,131.0,38.0,1.0,1.0,3,True
712808,276513,2976,VCT 2026: EMEA Stage 2,Group Stage: Week 1,2026-07-17,Sunset,1,Natus Vincere,Team Vitality,13,9,CyvOph,13258,sage,1.28,211.0,16.0,11.0,13.0,91.0,132.0,32.0,2.0,1.0,3,True
712808,276513,2976,VCT 2026: EMEA Stage 2,Group Stage: Week 1,2026-07-17,Sunset,1,Natus Vincere,Team Vitality,13,9,Ruxic,18677,omen,1.14,174.0,14.0,11.0,7.0,68.0,121.0,25.0,1.0,1.0,3,True
712808,276513,2976,VCT 2026: EMEA Stage 2,Group Stage: Week 1,2026-07-17,Sunset,1,Natus Vincere,Team Vitality,13,9,hiro,29867,viper,1.14,231.0,18.0,15.0,7.0,77.0,169.0,36.0,5.0,2.0,3,True
712808,276513,2976,VCT 2026: EMEA Stage 2,Group Stage: Week 1,2026-07-17,Sunset,1,Natus Vincere,Team Vitality,13,9,ExiT,11917,waylay,1.08,275.0,21.0,19.0,8.0,82.0,169.0,25.0,5.0,3.0,3,True
712808,276514,2976,VCT 2026: EMEA Stage 2,Group Stage: Week 1,2026-07-17,Breeze,2,Team Vitality,Natus Vincere,13,6,Chronicle,458,viper,1.68,274.0,20.0,9.0,4.0,79.0,196.0,18.0,2.0,0.0,3,True
712808,276514,2976,VCT 2026: EMEA Stage 2,Group Stage: Week 1,2026-07-17,Breeze,2,Team Vitality,Natus Vincere,13,6,Sayonara,33902,sova,1.5,242.0,19.0,8.0,3.0,74.0,132.0,19.0,3.0,0.0,3,True
712808,276514,2976,VCT 2026: EMEA Stage 2,Group Stage: Week 1,2026-07-17,Breeze,2,Team Vitality,Natus Vincere,13,6,PROFEK,5554,harbor,1.1,203.0,16.0,12.0,2.0,89.0,149.0,38.0,3.0,1.0,3,True
712808,276514,2976,VCT 2026: EMEA Stage 2,Group Stage: Week 1,2026-07-17,Breeze,2,Team Vitality,Natus Vincere,13,6,Derke,5022,jett,0.98,185.0,12.0,11.0,3.0,68.0,124.0,33.0,3.0,3.0,3,True
712808,276514,2976,VCT 2026: EMEA Stage 2,Group Stage: Week 1,2026-07-17,Breeze,2,Team Vitality,Natus Vincere,13,6,Jamppi,9780,kayo,0.64,152.0,9.0,15.0,12.0,79.0,100.0,24.0,2.0,2.0,3,True
712808,276514,2976,VCT 2026: EMEA Stage 2,Group Stage: Week 1,2026-07-17,Breeze,2,Natus Vincere,Team Vitality,6,13,Ruxic,18677,viper,1.28,250.0,17.0,13.0,2.0,79.0,169.0,37.0,2.0,1.0,3,True
712808,276514,2976,VCT 2026: EMEA Stage 2,Group Stage: Week 1,2026-07-17,Breeze,2,Natus Vincere,Team Vitality,6,13,CyvOph,13258,kayo,0.8,131.0,9.0,13.0,5.0,74.0,97.0,29.0,1.0,1.0,3,True
712808,276514,2976,VCT 2026: EMEA Stage 2,Group Stage: Week 1,2026-07-17,Breeze,2,Natus Vincere,Team Vitality,6,13,hiro,29867,sova,0.64,146.0,8.0,16.0,5.0,53.0,102.0,44.0,1.0,4.0,3,True
712808,276514,2976,VCT 2026: EMEA Stage 2,Group Stage: Week 1,2026-07-17,Breeze,2,Natus Vincere,Team Vitality,6,13,ExiT,11917,jett,0.62,163.0,10.0,16.0,1.0,53.0,112.0,27.0,2.0,3.0,3,True
712808,276514,2976,VCT 2026: EMEA Stage 2,Group Stage: Week 1,2026-07-17,Breeze,2,Natus Vincere,Team Vitality,6,13,chloric,15639,harbor,0.56,185.0,11.0,18.0,3.0,53.0,124.0,33.0,0.0,4.0,3,True
712808,276515,2976,VCT 2026: EMEA Stage 2,Group Stage: Week 1,2026-07-17,Split,3,Team Vitality,Natus Vincere,13,9,Sayonara,33902,fade,1.59,250.0,22.0,11.0,6.0,91.0,167.0,18.0,1.0,1.0,3,True
712808,276515,2976,VCT 2026: EMEA Stage 2,Group Stage: Week 1,2026-07-17,Split,3,Team Vitality,Natus Vincere,13,9,Jamppi,9780,phoenix,1.22,267.0,21.0,15.0,5.0,86.0,164.0,21.0,2.0,3.0,3,True
712808,276515,2976,VCT 2026: EMEA Stage 2,Group Stage: Week 1,2026-07-17,Split,3,Team Vitality,Natus Vincere,13,9,Chronicle,458,viper,1.08,224.0,17.0,14.0,8.0,68.0,167.0,24.0,1.0,1.0,3,True
712808,276515,2976,VCT 2026: EMEA Stage 2,Group Stage: Week 1,2026-07-17,Split,3,Team Vitality,Natus Vincere,13,9,PROFEK,5554,omen,1.06,172.0,13.0,12.0,7.0,77.0,113.0,22.0,2.0,1.0,3,True
712808,276515,2976,VCT 2026: EMEA Stage 2,Group Stage: Week 1,2026-07-17,Split,3,Team Vitality,Natus Vincere,13,9,Derke,5022,neon,0.93,219.0,17.0,18.0,3.0,77.0,131.0,17.0,5.0,5.0,3,True
712808,276515,2976,VCT 2026: EMEA Stage 2,Group Stage: Week 1,2026-07-17,Split,3,Natus Vincere,Team Vitality,9,13,Ruxic,18677,omen,1.13,243.0,17.0,16.0,8.0,86.0,159.0,30.0,4.0,0.0,3,True
712808,276515,2976,VCT 2026: EMEA Stage 2,Group Stage: Week 1,2026-07-17,Split,3,Natus Vincere,Team Vitality,9,13,hiro,29867,viper,1.13,281.0,21.0,19.0,3.0,68.0,176.0,34.0,5.0,0.0,3,True
712808,276515,2976,VCT 2026: EMEA Stage 2,Group Stage: Week 1,2026-07-17,Split,3,Natus Vincere,Team Vitality,9,13,CyvOph,13258,sage,1.03,189.0,14.0,17.0,6.0,73.0,124.0,13.0,2.0,1.0,3,True
712808,276515,2976,VCT 2026: EMEA Stage 2,Group Stage: Week 1,2026-07-17,Split,3,Natus Vincere,Team Vitality,9,13,ExiT,11917,waylay,0.52,147.0,13.0,18.0,3.0,45.0,100.0,31.0,0.0,9.0,3,True
712808,276515,2976,VCT 2026: EMEA Stage 2,Group Stage: Week 1,2026-07-17,Split,3,Natus Vincere,Team Vitality,9,13,chloric,15639,skye,0.32,102.0,5.0,20.0,12.0,55.0,74.0,16.0,0.0,1.0,3,True
712809,276516,2976,VCT 2026: EMEA Stage 2,Group Stage: Week 1,2026-07-18,Sunset,1,Gentle Mates,FUT Esports,9,13,marteen,10307,phoenix,1.42,269.0,22.0,15.0,6.0,77.0,171.0,41.0,2.0,1.0,3,True
712809,276516,2976,VCT 2026: EMEA Stage 2,Group Stage: Week 1,2026-07-18,Sunset,1,Gentle Mates,FUT Esports,9,13,Proxh,45494,omen,1.35,274.0,23.0,17.0,12.0,86.0,157.0,38.0,2.0,1.0,3,True
712809,276516,2976,VCT 2026: EMEA Stage 2,Group Stage: Week 1,2026-07-18,Sunset,1,Gentle Mates,FUT Esports,9,13,starxo,565,sova,0.77,162.0,10.0,17.0,6.0,59.0,115.0,20.0,2.0,0.0,3,True
712809,276516,2976,VCT 2026: EMEA Stage 2,Group Stage: Week 1,2026-07-18,Sunset,1,Gentle Mates,FUT Esports,9,13,Minny,23169,neon,0.66,182.0,11.0,20.0,7.0,59.0,139.0,34.0,4.0,7.0,3,True
712809,276516,2976,VCT 2026: EMEA Stage 2,Group Stage: Week 1,2026-07-18,Sunset,1,Gentle Mates,FUT Esports,9,13,bipo,18400,cypher,0.51,92.0,7.0,16.0,4.0,55.0,69.0,32.0,1.0,2.0,3,True
712809,276516,2976,VCT 2026: EMEA Stage 2,Group Stage: Week 1,2026-07-18,Sunset,1,FUT Esports,Gentle Mates,13,9,sociablEE,5568,omen,1.62,305.0,24.0,13.0,8.0,77.0,218.0,28.0,3.0,3.0,3,True
712809,276516,2976,VCT 2026: EMEA Stage 2,Group Stage: Week 1,2026-07-18,Sunset,1,FUT Esports,Gentle Mates,13,9,xeus,12793,waylay,1.33,272.0,22.0,16.0,2.0,64.0,177.0,66.0,4.0,1.0,3,True
712809,276516,2976,VCT 2026: EMEA Stage 2,Group Stage: Week 1,2026-07-18,Sunset,1,FUT Esports,Gentle Mates,13,9,s0pp,39357,neon,0.81,176.0,14.0,16.0,2.0,68.0,116.0,13.0,1.0,2.0,3,True
712809,276516,2976,VCT 2026: EMEA Stage 2,Group Stage: Week 1,2026-07-18,Sunset,1,FUT Esports,Gentle Mates,13,9,yetujey,8369,cypher,0.79,167.0,13.0,15.0,7.0,64.0,101.0,14.0,3.0,4.0,3,True
712809,276516,2976,VCT 2026: EMEA Stage 2,Group Stage: Week 1,2026-07-18,Sunset,1,FUT Esports,Gentle Mates,13,9,KROSTALY,15735,sova,0.78,143.0,12.0,13.0,2.0,73.0,98.0,45.0,0.0,1.0,3,True
712809,276517,2976,VCT 2026: EMEA Stage 2,Group Stage: Week 1,2026-07-18,Haven,2,Gentle Mates,FUT Esports,12,14,marteen,10307,phoenix,1.41,288.0,26.0,18.0,7.0,58.0,200.0,53.0,2.0,6.0,3,True
712809,276517,2976,VCT 2026: EMEA Stage 2,Group Stage: Week 1,2026-07-18,Haven,2,Gentle Mates,FUT Esports,12,14,Proxh,45494,omen,0.96,174.0,14.0,16.0,14.0,77.0,115.0,20.0,2.0,2.0,3,True
712809,276517,2976,VCT 2026: EMEA Stage 2,Group Stage: Week 1,2026-07-18,Haven,2,Gentle Mates,FUT Esports,12,14,Minny,23169,neon,0.89,226.0,20.0,21.0,5.0,58.0,142.0,21.0,4.0,3.0,3,True
712809,276517,2976,VCT 2026: EMEA Stage 2,Group Stage: Week 1,2026-07-18,Haven,2,Gentle Mates,FUT Esports,12,14,starxo,565,sova,0.7,141.0,13.0,19.0,2.0,58.0,94.0,23.0,2.0,4.0,3,True
712809,276517,2976,VCT 2026: EMEA Stage 2,Group Stage: Week 1,2026-07-18,Haven,2,Gentle Mates,FUT Esports,12,14,bipo,18400,cypher,0.57,114.0,10.0,19.0,4.0,65.0,79.0,41.0,0.0,1.0,3,True
712809,276517,2976,VCT 2026: EMEA Stage 2,Group Stage: Week 1,2026-07-18,Haven,2,FUT Esports,Gentle Mates,14,12,s0pp,39357,jett,1.36,258.0,23.0,16.0,6.0,73.0,165.0,32.0,6.0,1.0,3,True
712809,276517,2976,VCT 2026: EMEA Stage 2,Group Stage: Week 1,2026-07-18,Haven,2,FUT Esports,Gentle Mates,14,12,KROSTALY,15735,sova,1.29,226.0,19.0,15.0,7.0,81.0,148.0,33.0,3.0,1.0,3,True
712809,276517,2976,VCT 2026: EMEA Stage 2,Group Stage: Week 1,2026-07-18,Haven,2,FUT Esports,Gentle Mates,14,12,yetujey,8369,cypher,1.15,235.0,18.0,15.0,13.0,77.0,157.0,19.0,2.0,3.0,3,True
712809,276517,2976,VCT 2026: EMEA Stage 2,Group Stage: Week 1,2026-07-18,Haven,2,FUT Esports,Gentle Mates,14,12,sociablEE,5568,omen,1.0,186.0,17.0,17.0,8.0,65.0,122.0,21.0,3.0,2.0,3,True
712809,276517,2976,VCT 2026: EMEA Stage 2,Group Stage: Week 1,2026-07-18,Haven,2,FUT Esports,Gentle Mates,14,12,xeus,12793,waylay,0.67,151.0,16.0,20.0,3.0,54.0,97.0,50.0,2.0,3.0,3,True
712810,276519,2976,VCT 2026: EMEA Stage 2,Group Stage: Week 1,2026-07-18,Breeze,1,Team Heretics,Team Liquid,12,14,RieNs,10971,sova,1.32,300.0,25.0,19.0,8.0,81.0,185.0,50.0,2.0,0.0,3,True
712810,276519,2976,VCT 2026: EMEA Stage 2,Group Stage: Week 1,2026-07-18,Breeze,1,Team Heretics,Team Liquid,12,14,Boo,1144,viper,1.17,175.0,17.0,16.0,19.0,85.0,116.0,39.0,0.0,1.0,3,True
712810,276519,2976,VCT 2026: EMEA Stage 2,Group Stage: Week 1,2026-07-18,Breeze,1,Team Heretics,Team Liquid,12,14,Wo0t,21328,neon,1.07,251.0,23.0,19.0,5.0,69.0,166.0,31.0,4.0,7.0,3,True
712810,276519,2976,VCT 2026: EMEA Stage 2,Group Stage: Week 1,2026-07-18,Breeze,1,Team Heretics,Team Liquid,12,14,benjyfishy,29873,cypher,0.9,146.0,13.0,17.0,5.0,69.0,114.0,26.0,2.0,6.0,3,True
712810,276519,2976,VCT 2026: EMEA Stage 2,Group Stage: Week 1,2026-07-18,Breeze,1,Team Heretics,Team Liquid,12,14,koshmaras,23365,phoenix,0.73,166.0,15.0,21.0,12.0,73.0,104.0,19.0,2.0,2.0,3,True
712810,276519,2976,VCT 2026: EMEA Stage 2,Group Stage: Week 1,2026-07-18,Breeze,1,Team Liquid,Team Heretics,14,12,trexx,2168,sova,1.34,225.0,21.0,16.0,13.0,81.0,169.0,30.0,0.0,1.0,3,True
712810,276519,2976,VCT 2026: EMEA Stage 2,Group Stage: Week 1,2026-07-18,Breeze,1,Team Liquid,Team Heretics,14,12,nAts,457,cypher,1.33,250.0,26.0,17.0,4.0,73.0,162.0,23.0,1.0,1.0,3,True
712810,276519,2976,VCT 2026: EMEA Stage 2,Group Stage: Week 1,2026-07-18,Breeze,1,Team Liquid,Team Heretics,14,12,kamo,14681,phoenix,1.01,216.0,19.0,18.0,10.0,77.0,155.0,31.0,6.0,2.0,3,True
712810,276519,2976,VCT 2026: EMEA Stage 2,Group Stage: Week 1,2026-07-18,Breeze,1,Team Liquid,Team Heretics,14,12,purp0,1885,neon,0.79,191.0,14.0,22.0,6.0,69.0,139.0,30.0,6.0,6.0,3,True
712810,276519,2976,VCT 2026: EMEA Stage 2,Group Stage: Week 1,2026-07-18,Breeze,1,Team Liquid,Team Heretics,14,12,Kicks,11134,harbor,0.7,136.0,12.0,20.0,7.0,65.0,83.0,26.0,3.0,0.0,3,True
712810,276520,2976,VCT 2026: EMEA Stage 2,Group Stage: Week 1,2026-07-18,Ascent,2,Team Heretics,Team Liquid,10,13,Boo,1144,omen,1.32,261.0,23.0,17.0,3.0,74.0,169.0,53.0,2.0,3.0,3,True
712810,276520,2976,VCT 2026: EMEA Stage 2,Group Stage: Week 1,2026-07-18,Ascent,2,Team Heretics,Team Liquid,10,13,koshmaras,23365,phoenix,1.22,263.0,18.0,19.0,13.0,83.0,173.0,22.0,2.0,3.0,3,True
712810,276520,2976,VCT 2026: EMEA Stage 2,Group Stage: Week 1,2026-07-18,Ascent,2,Team Heretics,Team Liquid,10,13,RieNs,10971,sova,1.12,217.0,17.0,18.0,10.0,74.0,143.0,46.0,2.0,0.0,3,True
712810,276520,2976,VCT 2026: EMEA Stage 2,Group Stage: Week 1,2026-07-18,Ascent,2,Team Heretics,Team Liquid,10,13,Wo0t,21328,jett,0.75,179.0,14.0,19.0,5.0,65.0,117.0,25.0,2.0,4.0,3,True
712810,276520,2976,VCT 2026: EMEA Stage 2,Group Stage: Week 1,2026-07-18,Ascent,2,Team Heretics,Team Liquid,10,13,benjyfishy,29873,cypher,0.67,139.0,11.0,19.0,6.0,78.0,104.0,30.0,3.0,2.0,3,True
712810,276520,2976,VCT 2026: EMEA Stage 2,Group Stage: Week 1,2026-07-18,Ascent,2,Team Liquid,Team Heretics,13,10,purp0,1885,jett,1.34,260.0,25.0,17.0,2.0,83.0,183.0,32.0,4.0,3.0,3,True
712810,276520,2976,VCT 2026: EMEA Stage 2,Group Stage: Week 1,2026-07-18,Ascent,2,Team Liquid,Team Heretics,13,10,kamo,14681,phoenix,1.19,281.0,20.0,17.0,13.0,65.0,184.0,36.0,3.0,3.0,3,True
712810,276520,2976,VCT 2026: EMEA Stage 2,Group Stage: Week 1,2026-07-18,Ascent,2,Team Liquid,Team Heretics,13,10,Kicks,11134,omen,1.16,216.0,17.0,17.0,17.0,87.0,151.0,37.0,1.0,1.0,3,True
712810,276520,2976,VCT 2026: EMEA Stage 2,Group Stage: Week 1,2026-07-18,Ascent,2,Team Liquid,Team Heretics,13,10,trexx,2168,sova,0.91,199.0,14.0,16.0,11.0,74.0,146.0,20.0,2.0,1.0,3,True
712810,276520,2976,VCT 2026: EMEA Stage 2,Group Stage: Week 1,2026-07-18,Ascent,2,Team Liquid,Team Heretics,13,10,nAts,457,cypher,0.78,193.0,16.0,16.0,1.0,65.0,124.0,15.0,2.0,3.0,3,True
712811,276522,2976,VCT 2026: EMEA Stage 2,Group Stage: Week 1,2026-07-19,Haven,1,GIANTX,Karmine Corp,8,13,neT,6582,sova,1.07,212.0,15.0,12.0,5.0,81.0,141.0,26.0,3.0,0.0,3,True
712811,276522,2976,VCT 2026: EMEA Stage 2,Group Stage: Week 1,2026-07-19,Haven,1,GIANTX,Karmine Corp,8,13,westside,34684,phoenix,0.97,183.0,13.0,15.0,10.0,71.0,118.0,33.0,3.0,1.0,3,True
712811,276522,2976,VCT 2026: EMEA Stage 2,Group Stage: Week 1,2026-07-19,Haven,1,GIANTX,Karmine Corp,8,13,ara,11332,neon,0.84,182.0,12.0,16.0,3.0,62.0,122.0,31.0,5.0,4.0,3,True
712811,276522,2976,VCT 2026: EMEA Stage 2,Group Stage: Week 1,2026-07-19,Haven,1,GIANTX,Karmine Corp,8,13,Flickless,6959,cypher,0.67,162.0,12.0,17.0,4.0,67.0,104.0,31.0,0.0,2.0,3,True
712811,276522,2976,VCT 2026: EMEA Stage 2,Group Stage: Week 1,2026-07-19,Haven,1,GIANTX,Karmine Corp,8,13,Jesse,2653,omen,0.58,111.0,10.0,14.0,4.0,62.0,64.0,23.0,1.0,2.0,3,True
712811,276522,2976,VCT 2026: EMEA Stage 2,Group Stage: Week 1,2026-07-19,Haven,1,Karmine Corp,GIANTX,13,8,dos9,16215,omen,1.34,232.0,17.0,13.0,9.0,90.0,166.0,40.0,4.0,2.0,3,True
712811,276522,2976,VCT 2026: EMEA Stage 2,Group Stage: Week 1,2026-07-19,Haven,1,Karmine Corp,GIANTX,13,8,N4RRATE,36245,phoenix,1.11,219.0,16.0,14.0,8.0,81.0,140.0,16.0,2.0,6.0,3,True
712811,276522,2976,VCT 2026: EMEA Stage 2,Group Stage: Week 1,2026-07-19,Haven,1,Karmine Corp,GIANTX,13,8,SUYGETSU,2858,cypher,1.09,183.0,14.0,12.0,5.0,76.0,125.0,48.0,2.0,1.0,3,True
712811,276522,2976,VCT 2026: EMEA Stage 2,Group Stage: Week 1,2026-07-19,Haven,1,Karmine Corp,GIANTX,13,8,Avez,5654,sova,1.03,153.0,10.0,10.0,9.0,81.0,109.0,42.0,0.0,1.0,3,True
712811,276522,2976,VCT 2026: EMEA Stage 2,Group Stage: Week 1,2026-07-19,Haven,1,Karmine Corp,GIANTX,13,8,LewN,20144,neon,1.03,221.0,17.0,13.0,2.0,67.0,149.0,42.0,1.0,2.0,3,True
712811,276523,2976,VCT 2026: EMEA Stage 2,Group Stage: Week 1,2026-07-19,Ascent,2,GIANTX,Karmine Corp,4,13,neT,6582,sova,0.97,164.0,11.0,12.0,1.0,71.0,116.0,36.0,1.0,1.0,3,True
712811,276523,2976,VCT 2026: EMEA Stage 2,Group Stage: Week 1,2026-07-19,Ascent,2,GIANTX,Karmine Corp,4,13,ara,11332,jett,0.89,235.0,12.0,15.0,4.0,53.0,155.0,33.0,2.0,2.0,3,True
712811,276523,2976,VCT 2026: EMEA Stage 2,Group Stage: Week 1,2026-07-19,Ascent,2,GIANTX,Karmine Corp,4,13,westside,34684,cypher,0.86,183.0,11.0,14.0,3.0,65.0,128.0,59.0,1.0,1.0,3,True
712811,276523,2976,VCT 2026: EMEA Stage 2,Group Stage: Week 1,2026-07-19,Ascent,2,GIANTX,Karmine Corp,4,13,Flickless,6959,omen,0.74,148.0,8.0,14.0,4.0,65.0,107.0,35.0,2.0,2.0,3,True
712811,276523,2976,VCT 2026: EMEA Stage 2,Group Stage: Week 1,2026-07-19,Ascent,2,GIANTX,Karmine Corp,4,13,Jesse,2653,phoenix,0.22,76.0,4.0,15.0,2.0,53.0,54.0,13.0,1.0,4.0,3,True
712811,276523,2976,VCT 2026: EMEA Stage 2,Group Stage: Week 1,2026-07-19,Ascent,2,Karmine Corp,GIANTX,13,4,Avez,5654,sova,1.82,271.0,20.0,7.0,4.0,76.0,182.0,41.0,0.0,0.0,3,True
712811,276523,2976,VCT 2026: EMEA Stage 2,Group Stage: Week 1,2026-07-19,Ascent,2,Karmine Corp,GIANTX,13,4,N4RRATE,36245,phoenix,1.31,250.0,14.0,10.0,6.0,82.0,162.0,25.0,3.0,2.0,3,True
712811,276523,2976,VCT 2026: EMEA Stage 2,Group Stage: Week 1,2026-07-19,Ascent,2,Karmine Corp,GIANTX,13,4,LewN,20144,neon,1.2,229.0,15.0,9.0,2.0,76.0,143.0,28.0,3.0,4.0,3,True
712811,276523,2976,VCT 2026: EMEA Stage 2,Group Stage: Week 1,2026-07-19,Ascent,2,Karmine Corp,GIANTX,13,4,dos9,16215,omen,1.19,188.0,10.0,8.0,10.0,100.0,146.0,15.0,1.0,1.0,3,True
712811,276523,2976,VCT 2026: EMEA Stage 2,Group Stage: Week 1,2026-07-19,Ascent,2,Karmine Corp,GIANTX,13,4,SUYGETSU,2858,cypher,0.74,159.0,11.0,12.0,1.0,71.0,109.0,32.0,3.0,0.0,3,True
712812,276525,2976,VCT 2026: EMEA Stage 2,Group Stage: Week 1,2026-07-19,Haven,1,Team Vitality,BBL Esports,11,13,Jamppi,9780,phoenix,1.47,333.0,27.0,18.0,5.0,79.0,221.0,27.0,5.0,1.0,3,True
712812,276525,2976,VCT 2026: EMEA Stage 2,Group Stage: Week 1,2026-07-19,Haven,1,Team Vitality,BBL Esports,11,13,Chronicle,458,chamber,1.15,225.0,18.0,14.0,5.0,75.0,140.0,13.0,6.0,2.0,3,True
712812,276525,2976,VCT 2026: EMEA Stage 2,Group Stage: Week 1,2026-07-19,Haven,1,Team Vitality,BBL Esports,11,13,Sayonara,33902,sova,1.14,157.0,15.0,13.0,5.0,71.0,105.0,40.0,0.0,1.0,3,True
712812,276525,2976,VCT 2026: EMEA Stage 2,Group Stage: Week 1,2026-07-19,Haven,1,Team Vitality,BBL Esports,11,13,PROFEK,5554,astra,0.97,197.0,16.0,14.0,8.0,79.0,125.0,36.0,2.0,1.0,3,True
712812,276525,2976,VCT 2026: EMEA Stage 2,Group Stage: Week 1,2026-07-19,Haven,1,Team Vitality,BBL Esports,11,13,Derke,5022,neon,0.71,151.0,12.0,17.0,7.0,75.0,114.0,31.0,1.0,5.0,3,True
712812,276525,2976,VCT 2026: EMEA Stage 2,Group Stage: Week 1,2026-07-19,Haven,1,BBL Esports,Team Vitality,13,11,lovers rock,40935,neon,1.39,258.0,20.0,14.0,5.0,83.0,168.0,16.0,4.0,3.0,3,True
712812,276525,2976,VCT 2026: EMEA Stage 2,Group Stage: Week 1,2026-07-19,Haven,1,BBL Esports,Team Vitality,13,11,Crewen,12795,cypher,1.34,253.0,22.0,18.0,5.0,67.0,175.0,43.0,3.0,3.0,3,True
712812,276525,2976,VCT 2026: EMEA Stage 2,Group Stage: Week 1,2026-07-19,Haven,1,BBL Esports,Team Vitality,13,11,Loita,24344,omen,0.93,148.0,13.0,15.0,9.0,75.0,102.0,30.0,1.0,1.0,3,True
712812,276525,2976,VCT 2026: EMEA Stage 2,Group Stage: Week 1,2026-07-19,Haven,1,BBL Esports,Team Vitality,13,11,Lar0k,31305,phoenix,0.63,147.0,11.0,21.0,10.0,71.0,112.0,26.0,2.0,2.0,3,True
712812,276525,2976,VCT 2026: EMEA Stage 2,Group Stage: Week 1,2026-07-19,Haven,1,BBL Esports,Team Vitality,13,11,Rosé,5565,sova,0.36,109.0,10.0,20.0,2.0,50.0,80.0,21.0,0.0,5.0,3,True
712812,276526,2976,VCT 2026: EMEA Stage 2,Group Stage: Week 1,2026-07-19,Split,2,Team Vitality,BBL Esports,11,13,Chronicle,458,viper,1.57,345.0,27.0,17.0,11.0,79.0,234.0,19.0,2.0,3.0,3,True
712812,276526,2976,VCT 2026: EMEA Stage 2,Group Stage: Week 1,2026-07-19,Split,2,Team Vitality,BBL Esports,11,13,Sayonara,33902,fade,1.19,196.0,18.0,15.0,5.0,71.0,123.0,33.0,3.0,1.0,3,True
712812,276526,2976,VCT 2026: EMEA Stage 2,Group Stage: Week 1,2026-07-19,Split,2,Team Vitality,BBL Esports,11,13,Jamppi,9780,phoenix,0.88,208.0,18.0,18.0,5.0,54.0,130.0,26.0,4.0,6.0,3,True
712812,276526,2976,VCT 2026: EMEA Stage 2,Group Stage: Week 1,2026-07-19,Split,2,Team Vitality,BBL Esports,11,13,Derke,5022,neon,0.66,152.0,14.0,19.0,1.0,58.0,94.0,17.0,2.0,3.0,3,True
712812,276526,2976,VCT 2026: EMEA Stage 2,Group Stage: Week 1,2026-07-19,Split,2,Team Vitality,BBL Esports,11,13,PROFEK,5554,omen,0.55,90.0,6.0,18.0,8.0,67.0,65.0,20.0,0.0,0.0,3,True
712812,276526,2976,VCT 2026: EMEA Stage 2,Group Stage: Week 1,2026-07-19,Split,2,BBL Esports,Team Vitality,13,11,Loita,24344,astra,1.4,264.0,23.0,16.0,15.0,75.0,163.0,38.0,1.0,2.0,3,True
712812,276526,2976,VCT 2026: EMEA Stage 2,Group Stage: Week 1,2026-07-19,Split,2,BBL Esports,Team Vitality,13,11,lovers rock,40935,neon,1.09,230.0,19.0,16.0,4.0,67.0,161.0,24.0,5.0,3.0,3,True
712812,276526,2976,VCT 2026: EMEA Stage 2,Group Stage: Week 1,2026-07-19,Split,2,BBL Esports,Team Vitality,13,11,Crewen,12795,vyse,1.06,183.0,17.0,15.0,3.0,67.0,115.0,26.0,2.0,0.0,3,True
712812,276526,2976,VCT 2026: EMEA Stage 2,Group Stage: Week 1,2026-07-19,Split,2,BBL Esports,Team Vitality,13,11,Lar0k,31305,raze,0.91,225.0,17.0,19.0,6.0,79.0,151.0,20.0,4.0,3.0,3,True
712812,276526,2976,VCT 2026: EMEA Stage 2,Group Stage: Week 1,2026-07-19,Split,2,BBL Esports,Team Vitality,13,11,Rosé,5565,fade,0.81,150.0,11.0,17.0,13.0,67.0,98.0,32.0,1.0,3.0,3,True
712814,276528,2976,VCT 2026: EMEA Stage 2,Group Stage: Week 2,2026-07-22,Split,1,FUT Esports,PCIFIC Esports,13,10,sociablEE,5568,omen,1.15,236.0,18.0,16.0,5.0,70.0,159.0,22.0,6.0,1.0,3,True
712814,276528,2976,VCT 2026: EMEA Stage 2,Group Stage: Week 2,2026-07-22,Split,1,FUT Esports,PCIFIC Esports,13,10,KROSTALY,15735,skye,1.05,199.0,17.0,15.0,8.0,78.0,125.0,36.0,1.0,1.0,3,True
712814,276528,2976,VCT 2026: EMEA Stage 2,Group Stage: Week 2,2026-07-22,Split,1,FUT Esports,PCIFIC Esports,13,10,s0pp,39357,neon,1.0,217.0,18.0,17.0,5.0,74.0,132.0,19.0,6.0,3.0,3,True
712814,276528,2976,VCT 2026: EMEA Stage 2,Group Stage: Week 2,2026-07-22,Split,1,FUT Esports,PCIFIC Esports,13,10,yetujey,8369,viper,0.99,183.0,15.0,15.0,6.0,78.0,135.0,27.0,1.0,2.0,3,True
712814,276528,2976,VCT 2026: EMEA Stage 2,Group Stage: Week 2,2026-07-22,Split,1,FUT Esports,PCIFIC Esports,13,10,xeus,12793,raze,0.69,204.0,16.0,22.0,5.0,65.0,134.0,35.0,1.0,1.0,3,True
712814,276528,2976,VCT 2026: EMEA Stage 2,Group Stage: Week 2,2026-07-22,Split,1,PCIFIC Esports,FUT Esports,10,13,seven,8376,waylay,1.34,314.0,25.0,17.0,6.0,74.0,192.0,23.0,4.0,9.0,3,True
712814,276528,2976,VCT 2026: EMEA Stage 2,Group Stage: Week 2,2026-07-22,Split,1,PCIFIC Esports,FUT Esports,10,13,waddle,8226,fade,1.08,208.0,17.0,17.0,9.0,74.0,145.0,18.0,2.0,1.0,3,True
712814,276528,2976,VCT 2026: EMEA Stage 2,Group Stage: Week 2,2026-07-22,Split,1,PCIFIC Esports,FUT Esports,10,13,NINJA,28948,sage,1.05,185.0,14.0,16.0,11.0,83.0,135.0,37.0,0.0,0.0,3,True
712814,276528,2976,VCT 2026: EMEA Stage 2,Group Stage: Week 2,2026-07-22,Split,1,PCIFIC Esports,FUT Esports,10,13,al0rante,5292,viper,0.96,199.0,17.0,17.0,0.0,65.0,129.0,63.0,2.0,3.0,3,True
712814,276528,2976,VCT 2026: EMEA Stage 2,Group Stage: Week 2,2026-07-22,Split,1,PCIFIC Esports,FUT Esports,10,13,qpert,7105,omen,0.78,146.0,11.0,17.0,11.0,65.0,103.0,37.0,0.0,2.0,3,True
712814,276529,2976,VCT 2026: EMEA Stage 2,Group Stage: Week 2,2026-07-22,Lotus,2,FUT Esports,PCIFIC Esports,12,14,sociablEE,5568,omen,1.25,247.0,22.0,18.0,16.0,92.0,169.0,43.0,2.0,0.0,3,True
712814,276529,2976,VCT 2026: EMEA Stage 2,Group Stage: Week 2,2026-07-22,Lotus,2,FUT Esports,PCIFIC Esports,12,14,yetujey,8369,vyse,1.24,223.0,21.0,15.0,7.0,85.0,156.0,25.0,1.0,1.0,3,True
712814,276529,2976,VCT 2026: EMEA Stage 2,Group Stage: Week 2,2026-07-22,Lotus,2,FUT Esports,PCIFIC Esports,12,14,KROSTALY,15735,skye,0.91,171.0,17.0,18.0,8.0,69.0,121.0,27.0,1.0,1.0,3,True
712814,276529,2976,VCT 2026: EMEA Stage 2,Group Stage: Week 2,2026-07-22,Lotus,2,FUT Esports,PCIFIC Esports,12,14,s0pp,39357,neon,0.83,178.0,16.0,20.0,5.0,65.0,125.0,34.0,5.0,5.0,3,True
712814,276529,2976,VCT 2026: EMEA Stage 2,Group Stage: Week 2,2026-07-22,Lotus,2,FUT Esports,PCIFIC Esports,12,14,xeus,12793,raze,0.77,185.0,17.0,21.0,1.0,62.0,120.0,46.0,7.0,3.0,3,True
712814,276529,2976,VCT 2026: EMEA Stage 2,Group Stage: Week 2,2026-07-22,Lotus,2,PCIFIC Esports,FUT Esports,14,12,al0rante,5292,viper,1.22,280.0,25.0,20.0,3.0,54.0,177.0,42.0,3.0,2.0,3,True
712814,276529,2976,VCT 2026: EMEA Stage 2,Group Stage: Week 2,2026-07-22,Lotus,2,PCIFIC Esports,FUT Esports,14,12,qpert,7105,omen,1.2,212.0,18.0,16.0,14.0,81.0,127.0,29.0,1.0,2.0,3,True
712814,276529,2976,VCT 2026: EMEA Stage 2,Group Stage: Week 2,2026-07-22,Lotus,2,PCIFIC Esports,FUT Esports,14,12,seven,8376,raze,0.91,170.0,13.0,17.0,9.0,77.0,127.0,17.0,2.0,3.0,3,True
712814,276529,2976,VCT 2026: EMEA Stage 2,Group Stage: Week 2,2026-07-22,Lotus,2,PCIFIC Esports,FUT Esports,14,12,NINJA,28948,deadlock,0.88,202.0,20.0,21.0,5.0,58.0,131.0,37.0,3.0,5.0,3,True
712814,276529,2976,VCT 2026: EMEA Stage 2,Group Stage: Week 2,2026-07-22,Lotus,2,PCIFIC Esports,FUT Esports,14,12,waddle,8226,fade,0.82,162.0,16.0,19.0,9.0,73.0,109.0,43.0,1.0,4.0,3,True
712814,276530,2976,VCT 2026: EMEA Stage 2,Group Stage: Week 2,2026-07-22,Ascent,3,FUT Esports,PCIFIC Esports,13,1,KROSTALY,15735,sova,1.45,202.0,11.0,5.0,3.0,93.0,159.0,38.0,0.0,0.0,3,True
712814,276530,2976,VCT 2026: EMEA Stage 2,Group Stage: Week 2,2026-07-22,Ascent,3,FUT Esports,PCIFIC Esports,13,1,s0pp,39357,neon,1.43,297.0,16.0,9.0,2.0,79.0,211.0,27.0,2.0,1.0,3,True
712814,276530,2976,VCT 2026: EMEA Stage 2,Group Stage: Week 2,2026-07-22,Ascent,3,FUT Esports,PCIFIC Esports,13,1,sociablEE,5568,omen,1.13,200.0,10.0,6.0,5.0,79.0,127.0,25.0,3.0,3.0,3,True
712814,276530,2976,VCT 2026: EMEA Stage 2,Group Stage: Week 2,2026-07-22,Ascent,3,FUT Esports,PCIFIC Esports,13,1,yetujey,8369,cypher,1.09,174.0,9.0,7.0,1.0,71.0,103.0,38.0,2.0,0.0,3,True
712814,276530,2976,VCT 2026: EMEA Stage 2,Group Stage: Week 2,2026-07-22,Ascent,3,FUT Esports,PCIFIC Esports,13,1,xeus,12793,phoenix,1.03,157.0,9.0,7.0,6.0,86.0,89.0,25.0,1.0,1.0,3,True
712814,276530,2976,VCT 2026: EMEA Stage 2,Group Stage: Week 2,2026-07-22,Ascent,3,PCIFIC Esports,FUT Esports,1,13,waddle,8226,sova,1.15,223.0,10.0,10.0,3.0,79.0,145.0,21.0,0.0,1.0,3,True
712814,276530,2976,VCT 2026: EMEA Stage 2,Group Stage: Week 2,2026-07-22,Ascent,3,PCIFIC Esports,FUT Esports,1,13,qpert,7105,omen,1.12,205.0,10.0,9.0,5.0,71.0,129.0,30.0,1.0,0.0,3,True
712814,276530,2976,VCT 2026: EMEA Stage 2,Group Stage: Week 2,2026-07-22,Ascent,3,PCIFIC Esports,FUT Esports,1,13,NINJA,28948,deadlock,0.58,183.0,7.0,12.0,7.0,64.0,115.0,20.0,2.0,1.0,3,True
712814,276530,2976,VCT 2026: EMEA Stage 2,Group Stage: Week 2,2026-07-22,Ascent,3,PCIFIC Esports,FUT Esports,1,13,al0rante,5292,cypher,0.5,126.0,5.0,12.0,4.0,57.0,78.0,38.0,1.0,1.0,3,True
712814,276530,2976,VCT 2026: EMEA Stage 2,Group Stage: Week 2,2026-07-22,Ascent,3,PCIFIC Esports,FUT Esports,1,13,seven,8376,waylay,0.03,48.0,2.0,12.0,0.0,29.0,38.0,33.0,1.0,5.0,3,True
712815,276531,2976,VCT 2026: EMEA Stage 2,Group Stage: Week 2,2026-07-22,Summit,1,FNATIC,Karmine Corp,16,14,crashies,4,fade,1.37,215.0,23.0,15.0,6.0,70.0,145.0,36.0,0.0,3.0,3,True
712815,276531,2976,VCT 2026: EMEA Stage 2,Group Stage: Week 2,2026-07-22,Summit,1,FNATIC,Karmine Corp,16,14,Cloud,4181,sage,1.16,203.0,21.0,18.0,10.0,83.0,127.0,33.0,2.0,1.0,3,True
712815,276531,2976,VCT 2026: EMEA Stage 2,Group Stage: Week 2,2026-07-22,Summit,1,FNATIC,Karmine Corp,16,14,Boaster,438,astra,0.97,180.0,20.0,21.0,8.0,67.0,106.0,35.0,3.0,2.0,3,True
712815,276531,2976,VCT 2026: EMEA Stage 2,Group Stage: Week 2,2026-07-22,Summit,1,FNATIC,Karmine Corp,16,14,kaajak,9554,neon,0.91,218.0,22.0,22.0,6.0,67.0,146.0,41.0,3.0,7.0,3,True
712815,276531,2976,VCT 2026: EMEA Stage 2,Group Stage: Week 2,2026-07-22,Summit,1,FNATIC,Karmine Corp,16,14,Alfajer,9810,chamber,0.73,170.0,19.0,23.0,1.0,53.0,110.0,52.0,4.0,5.0,3,True
712815,276531,2976,VCT 2026: EMEA Stage 2,Group Stage: Week 2,2026-07-22,Summit,1,Karmine Corp,FNATIC,14,16,N4RRATE,36245,chamber,1.21,240.0,24.0,19.0,3.0,77.0,165.0,35.0,9.0,1.0,3,True
712815,276531,2976,VCT 2026: EMEA Stage 2,Group Stage: Week 2,2026-07-22,Summit,1,Karmine Corp,FNATIC,14,16,LewN,20144,neon,0.98,201.0,23.0,21.0,1.0,57.0,126.0,41.0,4.0,4.0,3,True
712815,276531,2976,VCT 2026: EMEA Stage 2,Group Stage: Week 2,2026-07-22,Summit,1,Karmine Corp,FNATIC,14,16,dos9,16215,harbor,0.96,213.0,22.0,22.0,7.0,70.0,141.0,31.0,2.0,2.0,3,True
712815,276531,2976,VCT 2026: EMEA Stage 2,Group Stage: Week 2,2026-07-22,Summit,1,Karmine Corp,FNATIC,14,16,Avez,5654,fade,0.82,155.0,17.0,21.0,5.0,60.0,104.0,37.0,0.0,2.0,3,True
712815,276531,2976,VCT 2026: EMEA Stage 2,Group Stage: Week 2,2026-07-22,Summit,1,Karmine Corp,FNATIC,14,16,SUYGETSU,2858,viper,0.63,143.0,13.0,22.0,3.0,63.0,97.0,40.0,3.0,3.0,3,True
712815,276532,2976,VCT 2026: EMEA Stage 2,Group Stage: Week 2,2026-07-22,Ascent,2,FNATIC,Karmine Corp,6,13,Cloud,4181,kayo,1.52,286.0,18.0,16.0,14.0,84.0,192.0,20.0,2.0,0.0,3,True
712815,276532,2976,VCT 2026: EMEA Stage 2,Group Stage: Week 2,2026-07-22,Ascent,2,FNATIC,Karmine Corp,6,13,Alfajer,9810,cypher,0.97,209.0,15.0,16.0,3.0,63.0,138.0,31.0,2.0,3.0,3,True
712815,276532,2976,VCT 2026: EMEA Stage 2,Group Stage: Week 2,2026-07-22,Ascent,2,FNATIC,Karmine Corp,6,13,kaajak,9554,neon,0.54,133.0,9.0,17.0,2.0,42.0,90.0,44.0,0.0,3.0,3,True
712815,276532,2976,VCT 2026: EMEA Stage 2,Group Stage: Week 2,2026-07-22,Ascent,2,FNATIC,Karmine Corp,6,13,Boaster,438,omen,0.39,110.0,7.0,17.0,6.0,63.0,73.0,22.0,2.0,5.0,3,True
712815,276532,2976,VCT 2026: EMEA Stage 2,Group Stage: Week 2,2026-07-22,Ascent,2,FNATIC,Karmine Corp,6,13,crashies,4,sova,0.3,114.0,6.0,18.0,5.0,47.0,79.0,23.0,0.0,2.0,3,True
712815,276532,2976,VCT 2026: EMEA Stage 2,Group Stage: Week 2,2026-07-22,Ascent,2,Karmine Corp,FNATIC,13,6,Avez,5654,sova,2.21,420.0,28.0,9.0,11.0,95.0,243.0,15.0,2.0,0.0,3,True
712815,276532,2976,VCT 2026: EMEA Stage 2,Group Stage: Week 2,2026-07-22,Ascent,2,Karmine Corp,FNATIC,13,6,LewN,20144,neon,1.55,317.0,25.0,12.0,2.0,89.0,194.0,21.0,7.0,3.0,3,True
712815,276532,2976,VCT 2026: EMEA Stage 2,Group Stage: Week 2,2026-07-22,Ascent,2,Karmine Corp,FNATIC,13,6,N4RRATE,36245,phoenix,1.24,206.0,14.0,10.0,9.0,79.0,157.0,31.0,2.0,1.0,3,True
712815,276532,2976,VCT 2026: EMEA Stage 2,Group Stage: Week 2,2026-07-22,Ascent,2,Karmine Corp,FNATIC,13,6,SUYGETSU,2858,cypher,0.75,125.0,9.0,12.0,8.0,84.0,107.0,31.0,0.0,2.0,3,True
712815,276532,2976,VCT 2026: EMEA Stage 2,Group Stage: Week 2,2026-07-22,Ascent,2,Karmine Corp,FNATIC,13,6,dos9,16215,omen,0.67,121.0,8.0,12.0,5.0,68.0,72.0,32.0,2.0,0.0,3,True
712815,276533,2976,VCT 2026: EMEA Stage 2,Group Stage: Week 2,2026-07-22,Split,3,FNATIC,Karmine Corp,17,15,Cloud,4181,viper,1.39,261.0,27.0,20.0,6.0,63.0,180.0,35.0,5.0,2.0,3,True
712815,276533,2976,VCT 2026: EMEA Stage 2,Group Stage: Week 2,2026-07-22,Split,3,FNATIC,Karmine Corp,17,15,Alfajer,9810,neon,1.33,311.0,35.0,25.0,4.0,69.0,202.0,41.0,5.0,5.0,3,True
712815,276533,2976,VCT 2026: EMEA Stage 2,Group Stage: Week 2,2026-07-22,Split,3,FNATIC,Karmine Corp,17,15,crashies,4,fade,1.12,162.0,19.0,16.0,8.0,81.0,110.0,26.0,0.0,0.0,3,True
712815,276533,2976,VCT 2026: EMEA Stage 2,Group Stage: Week 2,2026-07-22,Split,3,FNATIC,Karmine Corp,17,15,kaajak,9554,yoru,0.72,201.0,22.0,27.0,4.0,72.0,126.0,29.0,5.0,3.0,3,True
712815,276533,2976,VCT 2026: EMEA Stage 2,Group Stage: Week 2,2026-07-22,Split,3,FNATIC,Karmine Corp,17,15,Boaster,438,omen,0.57,112.0,12.0,24.0,17.0,66.0,69.0,26.0,2.0,5.0,3,True
712815,276533,2976,VCT 2026: EMEA Stage 2,Group Stage: Week 2,2026-07-22,Split,3,Karmine Corp,FNATIC,15,17,LewN,20144,raze,1.44,292.0,34.0,22.0,3.0,84.0,192.0,26.0,5.0,4.0,3,True
712815,276533,2976,VCT 2026: EMEA Stage 2,Group Stage: Week 2,2026-07-22,Split,3,Karmine Corp,FNATIC,15,17,Avez,5654,fade,1.1,236.0,27.0,25.0,4.0,66.0,137.0,35.0,5.0,4.0,3,True
712815,276533,2976,VCT 2026: EMEA Stage 2,Group Stage: Week 2,2026-07-22,Split,3,Karmine Corp,FNATIC,15,17,dos9,16215,omen,0.83,154.0,17.0,21.0,10.0,81.0,101.0,24.0,3.0,3.0,3,True
712815,276533,2976,VCT 2026: EMEA Stage 2,Group Stage: Week 2,2026-07-22,Split,3,Karmine Corp,FNATIC,15,17,N4RRATE,36245,sage,0.77,152.0,16.0,21.0,12.0,66.0,110.0,23.0,1.0,3.0,3,True
712815,276533,2976,VCT 2026: EMEA Stage 2,Group Stage: Week 2,2026-07-22,Split,3,Karmine Corp,FNATIC,15,17,SUYGETSU,2858,viper,0.56,160.0,18.0,26.0,3.0,63.0,92.0,21.0,1.0,3.0,3,True
712816,276534,2976,VCT 2026: EMEA Stage 2,Group Stage: Week 2,2026-07-23,Lotus,1,Eternal Fire,Team Heretics,10,13,Spear,41718,neon,0.99,238.0,18.0,19.0,7.0,70.0,148.0,40.0,5.0,3.0,3,True
712816,276534,2976,VCT 2026: EMEA Stage 2,Group Stage: Week 2,2026-07-23,Lotus,1,Eternal Fire,Team Heretics,10,13,echo,49346,viper,0.85,154.0,14.0,16.0,1.0,57.0,103.0,24.0,1.0,3.0,3,True
712816,276534,2976,VCT 2026: EMEA Stage 2,Group Stage: Week 2,2026-07-23,Lotus,1,Eternal Fire,Team Heretics,10,13,nekky,12670,sova,0.84,156.0,11.0,16.0,5.0,65.0,108.0,30.0,0.0,2.0,3,True
712816,276534,2976,VCT 2026: EMEA Stage 2,Group Stage: Week 2,2026-07-23,Lotus,1,Eternal Fire,Team Heretics,10,13,audaz,40843,omen,0.83,174.0,14.0,16.0,8.0,70.0,115.0,34.0,1.0,1.0,3,True
712816,276534,2976,VCT 2026: EMEA Stage 2,Group Stage: Week 2,2026-07-23,Lotus,1,Eternal Fire,Team Heretics,10,13,Favian,41720,veto,0.82,191.0,16.0,19.0,4.0,65.0,125.0,29.0,3.0,4.0,3,True
712816,276534,2976,VCT 2026: EMEA Stage 2,Group Stage: Week 2,2026-07-23,Lotus,1,Team Heretics,Eternal Fire,13,10,RieNs,10971,viper,1.48,271.0,22.0,13.0,4.0,78.0,174.0,34.0,5.0,0.0,3,True
712816,276534,2976,VCT 2026: EMEA Stage 2,Group Stage: Week 2,2026-07-23,Lotus,1,Team Heretics,Eternal Fire,13,10,Wo0t,21328,raze,1.31,261.0,23.0,15.0,3.0,78.0,177.0,29.0,5.0,4.0,3,True
712816,276534,2976,VCT 2026: EMEA Stage 2,Group Stage: Week 2,2026-07-23,Lotus,1,Team Heretics,Eternal Fire,13,10,Boo,1144,fade,1.1,194.0,16.0,15.0,9.0,78.0,124.0,24.0,2.0,2.0,3,True
712816,276534,2976,VCT 2026: EMEA Stage 2,Group Stage: Week 2,2026-07-23,Lotus,1,Team Heretics,Eternal Fire,13,10,benjyfishy,29873,vyse,0.92,181.0,15.0,15.0,7.0,78.0,129.0,34.0,1.0,2.0,3,True
712816,276534,2976,VCT 2026: EMEA Stage 2,Group Stage: Week 2,2026-07-23,Lotus,1,Team Heretics,Eternal Fire,13,10,koshmaras,23365,omen,0.81,139.0,10.0,15.0,5.0,74.0,108.0,22.0,0.0,2.0,3,True
712816,276535,2976,VCT 2026: EMEA Stage 2,Group Stage: Week 2,2026-07-23,Haven,2,Eternal Fire,Team Heretics,0,13,Favian,41720,phoenix,0.95,257.0,11.0,13.0,2.0,69.0,157.0,31.0,0.0,1.0,3,True
712816,276535,2976,VCT 2026: EMEA Stage 2,Group Stage: Week 2,2026-07-23,Haven,2,Eternal Fire,Team Heretics,0,13,echo,49346,cypher,0.6,172.0,7.0,13.0,2.0,54.0,105.0,40.0,3.0,1.0,3,True
712816,276535,2976,VCT 2026: EMEA Stage 2,Group Stage: Week 2,2026-07-23,Haven,2,Eternal Fire,Team Heretics,0,13,audaz,40843,omen,0.5,86.0,3.0,12.0,5.0,62.0,68.0,20.0,1.0,1.0,3,True
712816,276535,2976,VCT 2026: EMEA Stage 2,Group Stage: Week 2,2026-07-23,Haven,2,Eternal Fire,Team Heretics,0,13,nekky,12670,fade,0.44,101.0,3.0,11.0,4.0,38.0,83.0,26.0,0.0,2.0,3,True
712816,276535,2976,VCT 2026: EMEA Stage 2,Group Stage: Week 2,2026-07-23,Haven,2,Eternal Fire,Team Heretics,0,13,Spear,41718,neon,0.14,87.0,3.0,13.0,2.0,31.0,53.0,43.0,0.0,4.0,3,True
712816,276535,2976,VCT 2026: EMEA Stage 2,Group Stage: Week 2,2026-07-23,Haven,2,Team Heretics,Eternal Fire,13,0,RieNs,10971,fade,2.37,359.0,18.0,2.0,7.0,100.0,241.0,44.0,1.0,1.0,3,True
712816,276535,2976,VCT 2026: EMEA Stage 2,Group Stage: Week 2,2026-07-23,Haven,2,Team Heretics,Eternal Fire,13,0,benjyfishy,29873,vyse,1.56,292.0,15.0,6.0,7.0,100.0,174.0,41.0,1.0,0.0,3,True
712816,276535,2976,VCT 2026: EMEA Stage 2,Group Stage: Week 2,2026-07-23,Haven,2,Team Heretics,Eternal Fire,13,0,Wo0t,21328,chamber,1.45,243.0,11.0,5.0,4.0,77.0,169.0,30.0,3.0,1.0,3,True
712816,276535,2976,VCT 2026: EMEA Stage 2,Group Stage: Week 2,2026-07-23,Haven,2,Team Heretics,Eternal Fire,13,0,Boo,1144,omen,1.12,157.0,7.0,6.0,8.0,85.0,112.0,25.0,1.0,1.0,3,True
712816,276535,2976,VCT 2026: EMEA Stage 2,Group Stage: Week 2,2026-07-23,Haven,2,Team Heretics,Eternal Fire,13,0,koshmaras,23365,neon,1.07,211.0,11.0,8.0,4.0,92.0,139.0,20.0,3.0,1.0,3,True
712817,276537,2976,VCT 2026: EMEA Stage 2,Group Stage: Week 2,2026-07-23,Sunset,1,Gentle Mates,Natus Vincere,13,10,starxo,565,fade,1.37,273.0,24.0,14.0,3.0,70.0,174.0,35.0,5.0,4.0,3,True
712817,276537,2976,VCT 2026: EMEA Stage 2,Group Stage: Week 2,2026-07-23,Sunset,1,Gentle Mates,Natus Vincere,13,10,marteen,10307,phoenix,1.29,263.0,22.0,17.0,7.0,74.0,170.0,32.0,4.0,1.0,3,True
712817,276537,2976,VCT 2026: EMEA Stage 2,Group Stage: Week 2,2026-07-23,Sunset,1,Gentle Mates,Natus Vincere,13,10,Minny,23169,neon,1.0,209.0,18.0,16.0,2.0,70.0,126.0,32.0,2.0,3.0,3,True
712817,276537,2976,VCT 2026: EMEA Stage 2,Group Stage: Week 2,2026-07-23,Sunset,1,Gentle Mates,Natus Vincere,13,10,bipo,18400,cypher,0.89,138.0,12.0,14.0,3.0,61.0,89.0,24.0,1.0,0.0,3,True
712817,276537,2976,VCT 2026: EMEA Stage 2,Group Stage: Week 2,2026-07-23,Sunset,1,Gentle Mates,Natus Vincere,13,10,Proxh,45494,omen,0.82,184.0,12.0,18.0,16.0,70.0,124.0,19.0,1.0,2.0,3,True
712817,276537,2976,VCT 2026: EMEA Stage 2,Group Stage: Week 2,2026-07-23,Sunset,1,Natus Vincere,Gentle Mates,10,13,hiro,29867,viper,1.74,309.0,26.0,13.0,5.0,78.0,188.0,47.0,4.0,0.0,3,True
712817,276537,2976,VCT 2026: EMEA Stage 2,Group Stage: Week 2,2026-07-23,Sunset,1,Natus Vincere,Gentle Mates,10,13,Ruxic,18677,omen,1.07,287.0,21.0,21.0,5.0,83.0,175.0,18.0,3.0,1.0,3,True
712817,276537,2976,VCT 2026: EMEA Stage 2,Group Stage: Week 2,2026-07-23,Sunset,1,Natus Vincere,Gentle Mates,10,13,chloric,15639,sova,0.75,205.0,15.0,19.0,4.0,57.0,154.0,21.0,2.0,0.0,3,True
712817,276537,2976,VCT 2026: EMEA Stage 2,Group Stage: Week 2,2026-07-23,Sunset,1,Natus Vincere,Gentle Mates,10,13,CyvOph,13258,sage,0.55,90.0,6.0,16.0,8.0,61.0,60.0,26.0,0.0,4.0,3,True
712817,276537,2976,VCT 2026: EMEA Stage 2,Group Stage: Week 2,2026-07-23,Sunset,1,Natus Vincere,Gentle Mates,10,13,ExiT,11917,waylay,0.51,127.0,11.0,19.0,5.0,52.0,89.0,42.0,1.0,8.0,3,True
712817,276538,2976,VCT 2026: EMEA Stage 2,Group Stage: Week 2,2026-07-23,Haven,2,Gentle Mates,Natus Vincere,13,7,marteen,10307,phoenix,1.65,300.0,21.0,11.0,7.0,90.0,199.0,21.0,4.0,0.0,3,True
712817,276538,2976,VCT 2026: EMEA Stage 2,Group Stage: Week 2,2026-07-23,Haven,2,Gentle Mates,Natus Vincere,13,7,starxo,565,sova,1.23,202.0,15.0,9.0,5.0,80.0,133.0,26.0,0.0,1.0,3,True
712817,276538,2976,VCT 2026: EMEA Stage 2,Group Stage: Week 2,2026-07-23,Haven,2,Gentle Mates,Natus Vincere,13,7,Proxh,45494,omen,1.11,193.0,13.0,11.0,12.0,90.0,130.0,35.0,2.0,2.0,3,True
712817,276538,2976,VCT 2026: EMEA Stage 2,Group Stage: Week 2,2026-07-23,Haven,2,Gentle Mates,Natus Vincere,13,7,Minny,23169,neon,1.02,221.0,16.0,12.0,5.0,80.0,143.0,26.0,6.0,3.0,3,True
712817,276538,2976,VCT 2026: EMEA Stage 2,Group Stage: Week 2,2026-07-23,Haven,2,Gentle Mates,Natus Vincere,13,7,bipo,18400,cypher,1.01,174.0,15.0,10.0,1.0,80.0,108.0,38.0,2.0,0.0,3,True
712817,276538,2976,VCT 2026: EMEA Stage 2,Group Stage: Week 2,2026-07-23,Haven,2,Natus Vincere,Gentle Mates,7,13,CyvOph,13258,phoenix,1.03,206.0,12.0,16.0,8.0,55.0,149.0,32.0,3.0,3.0,3,True
712817,276538,2976,VCT 2026: EMEA Stage 2,Group Stage: Week 2,2026-07-23,Haven,2,Natus Vincere,Gentle Mates,7,13,chloric,15639,sova,0.87,161.0,12.0,16.0,3.0,55.0,121.0,42.0,0.0,2.0,3,True
712817,276538,2976,VCT 2026: EMEA Stage 2,Group Stage: Week 2,2026-07-23,Haven,2,Natus Vincere,Gentle Mates,7,13,Ruxic,18677,omen,0.76,155.0,11.0,15.0,2.0,45.0,94.0,29.0,2.0,2.0,3,True
712817,276538,2976,VCT 2026: EMEA Stage 2,Group Stage: Week 2,2026-07-23,Haven,2,Natus Vincere,Gentle Mates,7,13,hiro,29867,cypher,0.7,136.0,9.0,16.0,2.0,50.0,100.0,31.0,1.0,3.0,3,True
712817,276538,2976,VCT 2026: EMEA Stage 2,Group Stage: Week 2,2026-07-23,Haven,2,Natus Vincere,Gentle Mates,7,13,ExiT,11917,neon,0.59,146.0,9.0,17.0,3.0,50.0,96.0,18.0,0.0,4.0,3,True
712818,276540,2976,VCT 2026: EMEA Stage 2,Group Stage: Week 2,2026-07-24,Lotus,1,FUT Esports,BBL Esports,7,13,s0pp,39357,neon,0.97,231.0,16.0,16.0,0.0,60.0,124.0,24.0,5.0,2.0,3,True
712818,276540,2976,VCT 2026: EMEA Stage 2,Group Stage: Week 2,2026-07-24,Lotus,1,FUT Esports,BBL Esports,7,13,KROSTALY,15735,skye,0.85,171.0,11.0,16.0,8.0,75.0,121.0,28.0,2.0,1.0,3,True
712818,276540,2976,VCT 2026: EMEA Stage 2,Group Stage: Week 2,2026-07-24,Lotus,1,FUT Esports,BBL Esports,7,13,yetujey,8369,vyse,0.82,174.0,12.0,14.0,2.0,50.0,133.0,20.0,1.0,2.0,3,True
712818,276540,2976,VCT 2026: EMEA Stage 2,Group Stage: Week 2,2026-07-24,Lotus,1,FUT Esports,BBL Esports,7,13,sociablEE,5568,omen,0.65,113.0,7.0,15.0,10.0,50.0,70.0,12.0,0.0,2.0,3,True
712818,276540,2976,VCT 2026: EMEA Stage 2,Group Stage: Week 2,2026-07-24,Lotus,1,FUT Esports,BBL Esports,7,13,xeus,12793,raze,0.51,144.0,10.0,17.0,1.0,40.0,103.0,33.0,0.0,5.0,3,True
712818,276540,2976,VCT 2026: EMEA Stage 2,Group Stage: Week 2,2026-07-24,Lotus,1,BBL Esports,FUT Esports,13,7,Loita,24344,omen,1.42,209.0,15.0,8.0,16.0,85.0,132.0,28.0,2.0,2.0,3,True
712818,276540,2976,VCT 2026: EMEA Stage 2,Group Stage: Week 2,2026-07-24,Lotus,1,BBL Esports,FUT Esports,13,7,Rosé,5565,fade,1.3,210.0,15.0,11.0,6.0,90.0,123.0,26.0,2.0,2.0,3,True
712818,276540,2976,VCT 2026: EMEA Stage 2,Group Stage: Week 2,2026-07-24,Lotus,1,BBL Esports,FUT Esports,13,7,Lar0k,31305,raze,1.25,276.0,20.0,14.0,5.0,60.0,175.0,21.0,4.0,1.0,3,True
712818,276540,2976,VCT 2026: EMEA Stage 2,Group Stage: Week 2,2026-07-24,Lotus,1,BBL Esports,FUT Esports,13,7,Crewen,12795,cypher,1.18,218.0,16.0,13.0,3.0,65.0,146.0,38.0,3.0,2.0,3,True
712818,276540,2976,VCT 2026: EMEA Stage 2,Group Stage: Week 2,2026-07-24,Lotus,1,BBL Esports,FUT Esports,13,7,lovers rock,40935,yoru,0.98,161.0,11.0,10.0,5.0,75.0,104.0,32.0,1.0,1.0,3,True
712818,276541,2976,VCT 2026: EMEA Stage 2,Group Stage: Week 2,2026-07-24,Split,2,FUT Esports,BBL Esports,13,7,KROSTALY,15735,skye,1.61,229.0,18.0,9.0,5.0,80.0,153.0,45.0,0.0,1.0,3,True
712818,276541,2976,VCT 2026: EMEA Stage 2,Group Stage: Week 2,2026-07-24,Split,2,FUT Esports,BBL Esports,13,7,sociablEE,5568,omen,1.04,189.0,13.0,13.0,10.0,80.0,126.0,27.0,0.0,1.0,3,True
712818,276541,2976,VCT 2026: EMEA Stage 2,Group Stage: Week 2,2026-07-24,Split,2,FUT Esports,BBL Esports,13,7,xeus,12793,raze,0.98,236.0,18.0,15.0,4.0,70.0,155.0,27.0,0.0,2.0,3,True
712818,276541,2976,VCT 2026: EMEA Stage 2,Group Stage: Week 2,2026-07-24,Split,2,FUT Esports,BBL Esports,13,7,s0pp,39357,neon,0.94,184.0,13.0,14.0,5.0,80.0,125.0,29.0,2.0,6.0,3,True
712818,276541,2976,VCT 2026: EMEA Stage 2,Group Stage: Week 2,2026-07-24,Split,2,FUT Esports,BBL Esports,13,7,yetujey,8369,viper,0.89,217.0,14.0,14.0,8.0,75.0,133.0,20.0,3.0,5.0,3,True
712818,276541,2976,VCT 2026: EMEA Stage 2,Group Stage: Week 2,2026-07-24,Split,2,BBL Esports,FUT Esports,7,13,Loita,24344,astra,1.39,253.0,18.0,12.0,9.0,85.0,182.0,31.0,1.0,0.0,3,True
712818,276541,2976,VCT 2026: EMEA Stage 2,Group Stage: Week 2,2026-07-24,Split,2,BBL Esports,FUT Esports,7,13,Lar0k,31305,raze,1.21,248.0,16.0,15.0,2.0,80.0,149.0,25.0,4.0,0.0,3,True
712818,276541,2976,VCT 2026: EMEA Stage 2,Group Stage: Week 2,2026-07-24,Split,2,BBL Esports,FUT Esports,7,13,lovers rock,40935,neon,0.93,217.0,15.0,15.0,2.0,80.0,127.0,14.0,5.0,2.0,3,True
712818,276541,2976,VCT 2026: EMEA Stage 2,Group Stage: Week 2,2026-07-24,Split,2,BBL Esports,FUT Esports,7,13,Crewen,12795,vyse,0.79,177.0,13.0,18.0,5.0,80.0,107.0,36.0,5.0,2.0,3,True
712818,276541,2976,VCT 2026: EMEA Stage 2,Group Stage: Week 2,2026-07-24,Split,2,BBL Esports,FUT Esports,7,13,Rosé,5565,fade,0.23,72.0,3.0,16.0,7.0,45.0,49.0,10.0,0.0,1.0,3,True
712818,276542,2976,VCT 2026: EMEA Stage 2,Group Stage: Week 2,2026-07-24,Sunset,3,FUT Esports,BBL Esports,13,11,yetujey,8369,cypher,1.25,233.0,20.0,15.0,10.0,79.0,154.0,33.0,2.0,2.0,3,True
712818,276542,2976,VCT 2026: EMEA Stage 2,Group Stage: Week 2,2026-07-24,Sunset,3,FUT Esports,BBL Esports,13,11,xeus,12793,waylay,1.13,240.0,21.0,17.0,5.0,71.0,158.0,40.0,1.0,5.0,3,True
712818,276542,2976,VCT 2026: EMEA Stage 2,Group Stage: Week 2,2026-07-24,Sunset,3,FUT Esports,BBL Esports,13,11,sociablEE,5568,omen,1.12,153.0,13.0,14.0,15.0,79.0,104.0,17.0,1.0,2.0,3,True
712818,276542,2976,VCT 2026: EMEA Stage 2,Group Stage: Week 2,2026-07-24,Sunset,3,FUT Esports,BBL Esports,13,11,KROSTALY,15735,sova,1.06,184.0,18.0,13.0,2.0,75.0,109.0,29.0,1.0,2.0,3,True
712818,276542,2976,VCT 2026: EMEA Stage 2,Group Stage: Week 2,2026-07-24,Sunset,3,FUT Esports,BBL Esports,13,11,s0pp,39357,neon,0.99,227.0,18.0,18.0,9.0,79.0,155.0,35.0,3.0,5.0,3,True
712818,276542,2976,VCT 2026: EMEA Stage 2,Group Stage: Week 2,2026-07-24,Sunset,3,BBL Esports,FUT Esports,11,13,lovers rock,40935,neon,1.01,230.0,20.0,19.0,2.0,71.0,140.0,19.0,8.0,0.0,3,True
712818,276542,2976,VCT 2026: EMEA Stage 2,Group Stage: Week 2,2026-07-24,Sunset,3,BBL Esports,FUT Esports,11,13,Crewen,12795,viper,1.0,208.0,18.0,17.0,6.0,79.0,148.0,41.0,3.0,1.0,3,True
712818,276542,2976,VCT 2026: EMEA Stage 2,Group Stage: Week 2,2026-07-24,Sunset,3,BBL Esports,FUT Esports,11,13,Loita,24344,omen,0.99,172.0,16.0,16.0,4.0,54.0,111.0,38.0,1.0,1.0,3,True
712818,276542,2976,VCT 2026: EMEA Stage 2,Group Stage: Week 2,2026-07-24,Sunset,3,BBL Esports,FUT Esports,11,13,Lar0k,31305,deadlock,0.83,172.0,15.0,18.0,6.0,79.0,95.0,50.0,1.0,1.0,3,True
712818,276542,2976,VCT 2026: EMEA Stage 2,Group Stage: Week 2,2026-07-24,Sunset,3,BBL Esports,FUT Esports,11,13,Rosé,5565,sova,0.44,109.0,8.0,20.0,7.0,67.0,86.0,47.0,3.0,5.0,3,True
712819,276543,2976,VCT 2026: EMEA Stage 2,Group Stage: Week 2,2026-07-24,Summit,1,Team Liquid,FNATIC,13,6,trexx,2168,sova,1.75,322.0,23.0,7.0,6.0,95.0,211.0,38.0,1.0,0.0,3,True
712819,276543,2976,VCT 2026: EMEA Stage 2,Group Stage: Week 2,2026-07-24,Summit,1,Team Liquid,FNATIC,13,6,nAts,457,viper,1.7,315.0,22.0,8.0,2.0,89.0,206.0,38.0,3.0,1.0,3,True
712819,276543,2976,VCT 2026: EMEA Stage 2,Group Stage: Week 2,2026-07-24,Summit,1,Team Liquid,FNATIC,13,6,purp0,1885,jett,0.96,215.0,15.0,12.0,0.0,79.0,128.0,41.0,6.0,3.0,3,True
712819,276543,2976,VCT 2026: EMEA Stage 2,Group Stage: Week 2,2026-07-24,Summit,1,Team Liquid,FNATIC,13,6,kamo,14681,phoenix,0.95,190.0,13.0,12.0,4.0,84.0,134.0,48.0,2.0,1.0,3,True
712819,276543,2976,VCT 2026: EMEA Stage 2,Group Stage: Week 2,2026-07-24,Summit,1,Team Liquid,FNATIC,13,6,Kicks,11134,omen,0.71,162.0,11.0,13.0,8.0,89.0,98.0,45.0,0.0,2.0,3,True
712819,276543,2976,VCT 2026: EMEA Stage 2,Group Stage: Week 2,2026-07-24,Summit,1,FNATIC,Team Liquid,6,13,Alfajer,9810,chamber,1.13,222.0,14.0,17.0,3.0,47.0,155.0,45.0,3.0,2.0,3,True
712819,276543,2976,VCT 2026: EMEA Stage 2,Group Stage: Week 2,2026-07-24,Summit,1,FNATIC,Team Liquid,6,13,Cloud,4181,sage,0.84,158.0,11.0,16.0,8.0,74.0,95.0,31.0,0.0,0.0,3,True
712819,276543,2976,VCT 2026: EMEA Stage 2,Group Stage: Week 2,2026-07-24,Summit,1,FNATIC,Team Liquid,6,13,kaajak,9554,neon,0.71,200.0,13.0,17.0,1.0,58.0,123.0,48.0,4.0,5.0,3,True
712819,276543,2976,VCT 2026: EMEA Stage 2,Group Stage: Week 2,2026-07-24,Summit,1,FNATIC,Team Liquid,6,13,crashies,4,fade,0.58,125.0,7.0,17.0,4.0,53.0,87.0,25.0,0.0,1.0,3,True
712819,276543,2976,VCT 2026: EMEA Stage 2,Group Stage: Week 2,2026-07-24,Summit,1,FNATIC,Team Liquid,6,13,Boaster,438,astra,0.56,125.0,7.0,17.0,6.0,47.0,87.0,23.0,0.0,4.0,3,True
712819,276544,2976,VCT 2026: EMEA Stage 2,Group Stage: Week 2,2026-07-24,Lotus,2,Team Liquid,FNATIC,13,5,trexx,2168,fade,1.71,267.0,18.0,6.0,9.0,83.0,167.0,28.0,1.0,1.0,3,True
712819,276544,2976,VCT 2026: EMEA Stage 2,Group Stage: Week 2,2026-07-24,Lotus,2,Team Liquid,FNATIC,13,5,kamo,14681,raze,1.63,318.0,21.0,12.0,2.0,78.0,222.0,39.0,2.0,0.0,3,True
712819,276544,2976,VCT 2026: EMEA Stage 2,Group Stage: Week 2,2026-07-24,Lotus,2,Team Liquid,FNATIC,13,5,purp0,1885,jett,1.23,288.0,17.0,12.0,6.0,83.0,182.0,33.0,6.0,3.0,3,True
712819,276544,2976,VCT 2026: EMEA Stage 2,Group Stage: Week 2,2026-07-24,Lotus,2,Team Liquid,FNATIC,13,5,nAts,457,cypher,1.1,164.0,12.0,7.0,5.0,83.0,99.0,40.0,1.0,1.0,3,True
712819,276544,2976,VCT 2026: EMEA Stage 2,Group Stage: Week 2,2026-07-24,Lotus,2,Team Liquid,FNATIC,13,5,Kicks,11134,omen,0.9,146.0,9.0,11.0,11.0,72.0,88.0,19.0,1.0,2.0,3,True
712819,276544,2976,VCT 2026: EMEA Stage 2,Group Stage: Week 2,2026-07-24,Lotus,2,FNATIC,Team Liquid,5,13,crashies,4,fade,0.83,170.0,10.0,15.0,4.0,72.0,130.0,22.0,0.0,1.0,3,True
712819,276544,2976,VCT 2026: EMEA Stage 2,Group Stage: Week 2,2026-07-24,Lotus,2,FNATIC,Team Liquid,5,13,Alfajer,9810,vyse,0.77,190.0,11.0,15.0,4.0,61.0,134.0,41.0,1.0,2.0,3,True
712819,276544,2976,VCT 2026: EMEA Stage 2,Group Stage: Week 2,2026-07-24,Lotus,2,FNATIC,Team Liquid,5,13,Cloud,4181,viper,0.76,136.0,9.0,14.0,0.0,44.0,90.0,32.0,2.0,3.0,3,True
712819,276544,2976,VCT 2026: EMEA Stage 2,Group Stage: Week 2,2026-07-24,Lotus,2,FNATIC,Team Liquid,5,13,kaajak,9554,raze,0.65,150.0,11.0,16.0,1.0,61.0,90.0,28.0,3.0,3.0,3,True
712819,276544,2976,VCT 2026: EMEA Stage 2,Group Stage: Week 2,2026-07-24,Lotus,2,FNATIC,Team Liquid,5,13,Boaster,438,omen,0.39,123.0,7.0,17.0,6.0,56.0,69.0,13.0,1.0,2.0,3,True
712820,276546,2976,VCT 2026: EMEA Stage 2,Group Stage: Week 2,2026-07-25,Haven,1,PCIFIC Esports,Team Vitality,6,13,seven,8376,phoenix,0.97,208.0,13.0,15.0,4.0,74.0,142.0,30.0,3.0,2.0,3,True
712820,276546,2976,VCT 2026: EMEA Stage 2,Group Stage: Week 2,2026-07-25,Haven,1,PCIFIC Esports,Team Vitality,6,13,al0rante,5292,cypher,0.94,220.0,15.0,17.0,1.0,68.0,144.0,57.0,2.0,1.0,3,True
712820,276546,2976,VCT 2026: EMEA Stage 2,Group Stage: Week 2,2026-07-25,Haven,1,PCIFIC Esports,Team Vitality,6,13,waddle,8226,sova,0.83,156.0,9.0,15.0,5.0,58.0,129.0,32.0,0.0,0.0,3,True
712820,276546,2976,VCT 2026: EMEA Stage 2,Group Stage: Week 2,2026-07-25,Haven,1,PCIFIC Esports,Team Vitality,6,13,qpert,7105,omen,0.4,111.0,6.0,17.0,6.0,47.0,81.0,24.0,0.0,4.0,3,True
712820,276546,2976,VCT 2026: EMEA Stage 2,Group Stage: Week 2,2026-07-25,Haven,1,PCIFIC Esports,Team Vitality,6,13,NINJA,28948,jett,0.39,90.0,5.0,15.0,2.0,47.0,59.0,4.0,2.0,5.0,3,True
712820,276546,2976,VCT 2026: EMEA Stage 2,Group Stage: Week 2,2026-07-25,Haven,1,Team Vitality,PCIFIC Esports,13,6,Sayonara,33902,sova,1.83,267.0,20.0,6.0,5.0,89.0,171.0,25.0,1.0,0.0,3,True
712820,276546,2976,VCT 2026: EMEA Stage 2,Group Stage: Week 2,2026-07-25,Haven,1,Team Vitality,PCIFIC Esports,13,6,PROFEK,5554,astra,1.39,231.0,18.0,9.0,8.0,79.0,146.0,23.0,2.0,3.0,3,True
712820,276546,2976,VCT 2026: EMEA Stage 2,Group Stage: Week 2,2026-07-25,Haven,1,Team Vitality,PCIFIC Esports,13,6,Derke,5022,jett,1.33,258.0,17.0,11.0,6.0,84.0,193.0,50.0,3.0,1.0,3,True
712820,276546,2976,VCT 2026: EMEA Stage 2,Group Stage: Week 2,2026-07-25,Haven,1,Team Vitality,PCIFIC Esports,13,6,Chronicle,458,chamber,1.32,216.0,15.0,9.0,5.0,84.0,160.0,23.0,5.0,2.0,3,True
712820,276546,2976,VCT 2026: EMEA Stage 2,Group Stage: Week 2,2026-07-25,Haven,1,Team Vitality,PCIFIC Esports,13,6,Jamppi,9780,phoenix,0.71,148.0,9.0,13.0,12.0,95.0,89.0,14.0,1.0,1.0,3,True
712820,276547,2976,VCT 2026: EMEA Stage 2,Group Stage: Week 2,2026-07-25,Sunset,2,PCIFIC Esports,Team Vitality,7,13,al0rante,5292,cypher,1.35,299.0,20.0,16.0,4.0,80.0,221.0,49.0,1.0,2.0,3,True
712820,276547,2976,VCT 2026: EMEA Stage 2,Group Stage: Week 2,2026-07-25,Sunset,2,PCIFIC Esports,Team Vitality,7,13,waddle,8226,sova,1.21,256.0,17.0,16.0,1.0,60.0,172.0,35.0,1.0,4.0,3,True
712820,276547,2976,VCT 2026: EMEA Stage 2,Group Stage: Week 2,2026-07-25,Sunset,2,PCIFIC Esports,Team Vitality,7,13,qpert,7105,omen,0.69,173.0,12.0,19.0,3.0,60.0,126.0,39.0,0.0,2.0,3,True
712820,276547,2976,VCT 2026: EMEA Stage 2,Group Stage: Week 2,2026-07-25,Sunset,2,PCIFIC Esports,Team Vitality,7,13,NINJA,28948,sage,0.57,107.0,7.0,16.0,3.0,65.0,68.0,23.0,1.0,0.0,3,True
712820,276547,2976,VCT 2026: EMEA Stage 2,Group Stage: Week 2,2026-07-25,Sunset,2,PCIFIC Esports,Team Vitality,7,13,seven,8376,neon,0.54,155.0,9.0,18.0,3.0,35.0,104.0,26.0,3.0,6.0,3,True
712820,276547,2976,VCT 2026: EMEA Stage 2,Group Stage: Week 2,2026-07-25,Sunset,2,Team Vitality,PCIFIC Esports,13,7,Derke,5022,phoenix,1.48,314.0,22.0,15.0,8.0,85.0,211.0,30.0,4.0,1.0,3,True
712820,276547,2976,VCT 2026: EMEA Stage 2,Group Stage: Week 2,2026-07-25,Sunset,2,Team Vitality,PCIFIC Esports,13,7,PROFEK,5554,omen,1.22,256.0,20.0,12.0,7.0,75.0,167.0,28.0,2.0,2.0,3,True
712820,276547,2976,VCT 2026: EMEA Stage 2,Group Stage: Week 2,2026-07-25,Sunset,2,Team Vitality,PCIFIC Esports,13,7,Jamppi,9780,sage,1.14,194.0,15.0,12.0,10.0,75.0,118.0,23.0,2.0,0.0,3,True
712820,276547,2976,VCT 2026: EMEA Stage 2,Group Stage: Week 2,2026-07-25,Sunset,2,Team Vitality,PCIFIC Esports,13,7,Sayonara,33902,fade,1.04,183.0,13.0,12.0,9.0,80.0,124.0,21.0,2.0,0.0,3,True
712820,276547,2976,VCT 2026: EMEA Stage 2,Group Stage: Week 2,2026-07-25,Sunset,2,Team Vitality,PCIFIC Esports,13,7,Chronicle,458,chamber,0.88,213.0,15.0,14.0,3.0,65.0,125.0,9.0,4.0,3.0,3,True
712821,276549,2976,VCT 2026: EMEA Stage 2,Group Stage: Week 2,2026-07-25,Split,1,Eternal Fire,GIANTX,5,13,Favian,41720,raze,1.06,207.0,13.0,15.0,3.0,72.0,126.0,33.0,2.0,2.0,3,True
712821,276549,2976,VCT 2026: EMEA Stage 2,Group Stage: Week 2,2026-07-25,Split,1,Eternal Fire,GIANTX,5,13,audaz,40843,astra,0.83,165.0,12.0,15.0,2.0,56.0,98.0,33.0,0.0,0.0,3,True
712821,276549,2976,VCT 2026: EMEA Stage 2,Group Stage: Week 2,2026-07-25,Split,1,Eternal Fire,GIANTX,5,13,Spear,41718,neon,0.78,172.0,9.0,16.0,5.0,56.0,127.0,30.0,1.0,1.0,3,True
712821,276549,2976,VCT 2026: EMEA Stage 2,Group Stage: Week 2,2026-07-25,Split,1,Eternal Fire,GIANTX,5,13,echo,49346,viper,0.57,135.0,9.0,17.0,3.0,56.0,106.0,40.0,2.0,7.0,3,True
712821,276549,2976,VCT 2026: EMEA Stage 2,Group Stage: Week 2,2026-07-25,Split,1,Eternal Fire,GIANTX,5,13,nekky,12670,fade,0.56,160.0,10.0,16.0,2.0,67.0,99.0,33.0,1.0,2.0,3,True
712821,276549,2976,VCT 2026: EMEA Stage 2,Group Stage: Week 2,2026-07-25,Split,1,GIANTX,Eternal Fire,13,5,ara,11332,neon,1.38,305.0,19.0,11.0,3.0,83.0,178.0,34.0,5.0,1.0,3,True
712821,276549,2976,VCT 2026: EMEA Stage 2,Group Stage: Week 2,2026-07-25,Split,1,GIANTX,Eternal Fire,13,5,neT,6582,fade,1.35,301.0,18.0,11.0,9.0,83.0,196.0,48.0,3.0,1.0,3,True
712821,276549,2976,VCT 2026: EMEA Stage 2,Group Stage: Week 2,2026-07-25,Split,1,GIANTX,Eternal Fire,13,5,Flickless,6959,viper,1.29,239.0,18.0,10.0,3.0,89.0,137.0,33.0,3.0,1.0,3,True
712821,276549,2976,VCT 2026: EMEA Stage 2,Group Stage: Week 2,2026-07-25,Split,1,GIANTX,Eternal Fire,13,5,westside,34684,phoenix,1.15,226.0,16.0,11.0,5.0,83.0,146.0,59.0,1.0,0.0,3,True
712821,276549,2976,VCT 2026: EMEA Stage 2,Group Stage: Week 2,2026-07-25,Split,1,GIANTX,Eternal Fire,13,5,Jesse,2653,omen,0.89,130.0,7.0,10.0,15.0,78.0,81.0,16.0,0.0,3.0,3,True
712821,276550,2976,VCT 2026: EMEA Stage 2,Group Stage: Week 2,2026-07-25,Ascent,2,Eternal Fire,GIANTX,7,13,Favian,41720,phoenix,1.32,214.0,17.0,13.0,5.0,65.0,145.0,24.0,0.0,2.0,3,True
712821,276550,2976,VCT 2026: EMEA Stage 2,Group Stage: Week 2,2026-07-25,Ascent,2,Eternal Fire,GIANTX,7,13,Spear,41718,neon,0.96,236.0,15.0,19.0,8.0,65.0,147.0,27.0,5.0,4.0,3,True
712821,276550,2976,VCT 2026: EMEA Stage 2,Group Stage: Week 2,2026-07-25,Ascent,2,Eternal Fire,GIANTX,7,13,echo,49346,cypher,0.85,196.0,13.0,16.0,4.0,75.0,137.0,43.0,2.0,2.0,3,True
712821,276550,2976,VCT 2026: EMEA Stage 2,Group Stage: Week 2,2026-07-25,Ascent,2,Eternal Fire,GIANTX,7,13,nekky,12670,sova,0.77,188.0,13.0,17.0,6.0,80.0,133.0,34.0,2.0,3.0,3,True
712821,276550,2976,VCT 2026: EMEA Stage 2,Group Stage: Week 2,2026-07-25,Ascent,2,Eternal Fire,GIANTX,7,13,audaz,40843,omen,0.49,97.0,5.0,16.0,6.0,50.0,72.0,32.0,0.0,0.0,3,True
712821,276550,2976,VCT 2026: EMEA Stage 2,Group Stage: Week 2,2026-07-25,Ascent,2,GIANTX,Eternal Fire,13,7,ara,11332,jett,1.32,283.0,21.0,13.0,4.0,75.0,182.0,24.0,2.0,4.0,3,True
712821,276550,2976,VCT 2026: EMEA Stage 2,Group Stage: Week 2,2026-07-25,Ascent,2,GIANTX,Eternal Fire,13,7,Jesse,2653,omen,1.28,164.0,12.0,9.0,15.0,90.0,125.0,27.0,0.0,1.0,3,True
712821,276550,2976,VCT 2026: EMEA Stage 2,Group Stage: Week 2,2026-07-25,Ascent,2,GIANTX,Eternal Fire,13,7,neT,6582,sova,1.26,285.0,18.0,13.0,6.0,75.0,194.0,23.0,2.0,1.0,3,True
712821,276550,2976,VCT 2026: EMEA Stage 2,Group Stage: Week 2,2026-07-25,Ascent,2,GIANTX,Eternal Fire,13,7,westside,34684,cypher,1.08,162.0,13.0,12.0,7.0,75.0,109.0,36.0,4.0,1.0,3,True
712821,276550,2976,VCT 2026: EMEA Stage 2,Group Stage: Week 2,2026-07-25,Ascent,2,GIANTX,Eternal Fire,13,7,Flickless,6959,phoenix,1.02,238.0,17.0,16.0,8.0,90.0,153.0,33.0,3.0,2.0,3,True
712822,276552,2976,VCT 2026: EMEA Stage 2,Group Stage: Week 2,2026-07-26,Haven,1,BBL Esports,Natus Vincere,11,13,Loita,24344,omen,1.12,173.0,16.0,14.0,5.0,67.0,106.0,52.0,1.0,1.0,3,True
712822,276552,2976,VCT 2026: EMEA Stage 2,Group Stage: Week 2,2026-07-26,Haven,1,BBL Esports,Natus Vincere,11,13,lovers rock,40935,neon,1.11,271.0,23.0,18.0,6.0,79.0,166.0,13.0,7.0,4.0,3,True
712822,276552,2976,VCT 2026: EMEA Stage 2,Group Stage: Week 2,2026-07-26,Haven,1,BBL Esports,Natus Vincere,11,13,Crewen,12795,cypher,0.89,180.0,14.0,17.0,6.0,63.0,127.0,42.0,3.0,1.0,3,True
712822,276552,2976,VCT 2026: EMEA Stage 2,Group Stage: Week 2,2026-07-26,Haven,1,BBL Esports,Natus Vincere,11,13,Rosé,5565,sova,0.84,186.0,15.0,18.0,3.0,67.0,133.0,28.0,3.0,0.0,3,True
712822,276552,2976,VCT 2026: EMEA Stage 2,Group Stage: Week 2,2026-07-26,Haven,1,BBL Esports,Natus Vincere,11,13,Lar0k,31305,phoenix,0.68,147.0,11.0,20.0,9.0,67.0,104.0,18.0,3.0,1.0,3,True
712822,276552,2976,VCT 2026: EMEA Stage 2,Group Stage: Week 2,2026-07-26,Haven,1,Natus Vincere,BBL Esports,13,11,ExiT,11917,neon,1.41,274.0,24.0,17.0,6.0,75.0,176.0,21.0,2.0,6.0,3,True
712822,276552,2976,VCT 2026: EMEA Stage 2,Group Stage: Week 2,2026-07-26,Haven,1,Natus Vincere,BBL Esports,13,11,CyvOph,13258,phoenix,1.16,234.0,18.0,16.0,7.0,67.0,166.0,19.0,2.0,2.0,3,True
712822,276552,2976,VCT 2026: EMEA Stage 2,Group Stage: Week 2,2026-07-26,Haven,1,Natus Vincere,BBL Esports,13,11,Ruxic,18677,omen,1.05,204.0,18.0,14.0,9.0,71.0,138.0,27.0,1.0,3.0,3,True
712822,276552,2976,VCT 2026: EMEA Stage 2,Group Stage: Week 2,2026-07-26,Haven,1,Natus Vincere,BBL Esports,13,11,chloric,15639,sova,1.02,182.0,15.0,16.0,8.0,75.0,135.0,37.0,0.0,5.0,3,True
712822,276552,2976,VCT 2026: EMEA Stage 2,Group Stage: Week 2,2026-07-26,Haven,1,Natus Vincere,BBL Esports,13,11,hiro,29867,cypher,0.71,129.0,12.0,16.0,4.0,58.0,85.0,31.0,2.0,1.0,3,True
712822,276553,2976,VCT 2026: EMEA Stage 2,Group Stage: Week 2,2026-07-26,Ascent,2,BBL Esports,Natus Vincere,13,9,lovers rock,40935,yoru,1.56,289.0,22.0,11.0,4.0,73.0,196.0,22.0,7.0,2.0,3,True
712822,276553,2976,VCT 2026: EMEA Stage 2,Group Stage: Week 2,2026-07-26,Ascent,2,BBL Esports,Natus Vincere,13,9,Crewen,12795,cypher,1.21,224.0,19.0,11.0,1.0,68.0,161.0,44.0,1.0,1.0,3,True
712822,276553,2976,VCT 2026: EMEA Stage 2,Group Stage: Week 2,2026-07-26,Ascent,2,BBL Esports,Natus Vincere,13,9,Loita,24344,omen,1.12,211.0,16.0,13.0,10.0,73.0,126.0,33.0,4.0,2.0,3,True
712822,276553,2976,VCT 2026: EMEA Stage 2,Group Stage: Week 2,2026-07-26,Ascent,2,BBL Esports,Natus Vincere,13,9,Lar0k,31305,deadlock,0.88,159.0,12.0,15.0,13.0,59.0,104.0,24.0,1.0,2.0,3,True
712822,276553,2976,VCT 2026: EMEA Stage 2,Group Stage: Week 2,2026-07-26,Ascent,2,BBL Esports,Natus Vincere,13,9,Rosé,5565,sova,0.84,124.0,8.0,13.0,6.0,64.0,87.0,20.0,0.0,2.0,3,True
712822,276553,2976,VCT 2026: EMEA Stage 2,Group Stage: Week 2,2026-07-26,Ascent,2,Natus Vincere,BBL Esports,9,13,ExiT,11917,yoru,1.11,222.0,18.0,16.0,4.0,64.0,137.0,18.0,4.0,5.0,3,True
712822,276553,2976,VCT 2026: EMEA Stage 2,Group Stage: Week 2,2026-07-26,Ascent,2,Natus Vincere,BBL Esports,9,13,hiro,29867,vyse,0.95,196.0,15.0,15.0,5.0,64.0,132.0,38.0,3.0,2.0,3,True
712822,276553,2976,VCT 2026: EMEA Stage 2,Group Stage: Week 2,2026-07-26,Ascent,2,Natus Vincere,BBL Esports,9,13,chloric,15639,sova,0.85,147.0,11.0,15.0,7.0,73.0,105.0,24.0,1.0,0.0,3,True
712822,276553,2976,VCT 2026: EMEA Stage 2,Group Stage: Week 2,2026-07-26,Ascent,2,Natus Vincere,BBL Esports,9,13,Ruxic,18677,omen,0.84,155.0,11.0,16.0,8.0,73.0,103.0,20.0,1.0,2.0,3,True
712822,276553,2976,VCT 2026: EMEA Stage 2,Group Stage: Week 2,2026-07-26,Ascent,2,Natus Vincere,BBL Esports,9,13,CyvOph,13258,sage,0.7,109.0,8.0,15.0,6.0,55.0,75.0,34.0,0.0,4.0,3,True
712822,276554,2976,VCT 2026: EMEA Stage 2,Group Stage: Week 2,2026-07-26,Sunset,3,BBL Esports,Natus Vincere,13,3,Lar0k,31305,waylay,1.6,289.0,19.0,9.0,6.0,81.0,188.0,41.0,2.0,2.0,3,True
712822,276554,2976,VCT 2026: EMEA Stage 2,Group Stage: Week 2,2026-07-26,Sunset,3,BBL Esports,Natus Vincere,13,3,Crewen,12795,cypher,1.37,243.0,16.0,9.0,2.0,88.0,152.0,45.0,0.0,3.0,3,True
712822,276554,2976,VCT 2026: EMEA Stage 2,Group Stage: Week 2,2026-07-26,Sunset,3,BBL Esports,Natus Vincere,13,3,lovers rock,40935,yoru,1.16,254.0,15.0,11.0,3.0,81.0,173.0,15.0,3.0,1.0,3,True
712822,276554,2976,VCT 2026: EMEA Stage 2,Group Stage: Week 2,2026-07-26,Sunset,3,BBL Esports,Natus Vincere,13,3,Rosé,5565,sova,1.12,223.0,12.0,10.0,7.0,75.0,164.0,28.0,1.0,1.0,3,True
712822,276554,2976,VCT 2026: EMEA Stage 2,Group Stage: Week 2,2026-07-26,Sunset,3,BBL Esports,Natus Vincere,13,3,Loita,24344,omen,1.03,159.0,7.0,9.0,12.0,75.0,110.0,37.0,3.0,0.0,3,True
712822,276554,2976,VCT 2026: EMEA Stage 2,Group Stage: Week 2,2026-07-26,Sunset,3,Natus Vincere,BBL Esports,3,13,Ruxic,18677,omen,1.22,252.0,16.0,12.0,5.0,75.0,140.0,32.0,0.0,2.0,3,True
712822,276554,2976,VCT 2026: EMEA Stage 2,Group Stage: Week 2,2026-07-26,Sunset,3,Natus Vincere,BBL Esports,3,13,chloric,15639,sova,0.89,193.0,11.0,13.0,3.0,56.0,122.0,29.0,1.0,0.0,3,True
712822,276554,2976,VCT 2026: EMEA Stage 2,Group Stage: Week 2,2026-07-26,Sunset,3,Natus Vincere,BBL Esports,3,13,ExiT,11917,waylay,0.71,233.0,13.0,16.0,0.0,75.0,131.0,27.0,4.0,4.0,3,True
712822,276554,2976,VCT 2026: EMEA Stage 2,Group Stage: Week 2,2026-07-26,Sunset,3,Natus Vincere,BBL Esports,3,13,hiro,29867,viper,0.45,90.0,4.0,14.0,5.0,50.0,65.0,50.0,1.0,1.0,3,True
712822,276554,2976,VCT 2026: EMEA Stage 2,Group Stage: Week 2,2026-07-26,Sunset,3,Natus Vincere,BBL Esports,3,13,CyvOph,13258,sage,0.32,102.0,4.0,14.0,5.0,63.0,72.0,22.0,1.0,2.0,3,True
712823,276555,2976,VCT 2026: EMEA Stage 2,Group Stage: Week 2,2026-07-26,Sunset,1,Team Heretics,Karmine Corp,4,13,RieNs,10971,sova,1.14,241.0,15.0,14.0,2.0,82.0,159.0,57.0,1.0,1.0,3,True
712823,276555,2976,VCT 2026: EMEA Stage 2,Group Stage: Week 2,2026-07-26,Sunset,1,Team Heretics,Karmine Corp,4,13,benjyfishy,29873,cypher,0.9,205.0,12.0,14.0,2.0,59.0,130.0,34.0,1.0,1.0,3,True
712823,276555,2976,VCT 2026: EMEA Stage 2,Group Stage: Week 2,2026-07-26,Sunset,1,Team Heretics,Karmine Corp,4,13,Boo,1144,omen,0.64,138.0,9.0,15.0,2.0,59.0,91.0,50.0,1.0,5.0,3,True
712823,276555,2976,VCT 2026: EMEA Stage 2,Group Stage: Week 2,2026-07-26,Sunset,1,Team Heretics,Karmine Corp,4,13,Wo0t,21328,kayo,0.47,143.0,7.0,17.0,3.0,35.0,84.0,26.0,1.0,2.0,3,True
712823,276555,2976,VCT 2026: EMEA Stage 2,Group Stage: Week 2,2026-07-26,Sunset,1,Team Heretics,Karmine Corp,4,13,koshmaras,23365,neon,0.35,120.0,6.0,16.0,3.0,41.0,89.0,5.0,0.0,4.0,3,True
712823,276555,2976,VCT 2026: EMEA Stage 2,Group Stage: Week 2,2026-07-26,Sunset,1,Karmine Corp,Team Heretics,13,4,dos9,16215,omen,1.8,324.0,20.0,7.0,7.0,94.0,186.0,26.0,4.0,1.0,3,True
712823,276555,2976,VCT 2026: EMEA Stage 2,Group Stage: Week 2,2026-07-26,Sunset,1,Karmine Corp,Team Heretics,13,4,LewN,20144,neon,1.64,338.0,21.0,10.0,5.0,94.0,204.0,37.0,6.0,1.0,3,True
712823,276555,2976,VCT 2026: EMEA Stage 2,Group Stage: Week 2,2026-07-26,Sunset,1,Karmine Corp,Team Heretics,13,4,Avez,5654,fade,1.38,244.0,15.0,9.0,7.0,82.0,157.0,36.0,0.0,0.0,3,True
712823,276555,2976,VCT 2026: EMEA Stage 2,Group Stage: Week 2,2026-07-26,Sunset,1,Karmine Corp,Team Heretics,13,4,N4RRATE,36245,chamber,0.93,217.0,14.0,12.0,2.0,82.0,125.0,23.0,3.0,1.0,3,True
712823,276555,2976,VCT 2026: EMEA Stage 2,Group Stage: Week 2,2026-07-26,Sunset,1,Karmine Corp,Team Heretics,13,4,SUYGETSU,2858,viper,0.6,102.0,6.0,11.0,9.0,82.0,68.0,14.0,0.0,1.0,3,True
712823,276556,2976,VCT 2026: EMEA Stage 2,Group Stage: Week 2,2026-07-26,Lotus,2,Team Heretics,Karmine Corp,2,13,benjyfishy,29873,vyse,0.83,191.0,10.0,13.0,5.0,53.0,130.0,33.0,2.0,3.0,3,True
712823,276556,2976,VCT 2026: EMEA Stage 2,Group Stage: Week 2,2026-07-26,Lotus,2,Team Heretics,Karmine Corp,2,13,Wo0t,21328,raze,0.79,210.0,9.0,14.0,4.0,80.0,134.0,20.0,1.0,2.0,3,True
712823,276556,2976,VCT 2026: EMEA Stage 2,Group Stage: Week 2,2026-07-26,Lotus,2,Team Heretics,Karmine Corp,2,13,Boo,1144,fade,0.73,143.0,8.0,13.0,1.0,67.0,90.0,41.0,0.0,1.0,3,True
712823,276556,2976,VCT 2026: EMEA Stage 2,Group Stage: Week 2,2026-07-26,Lotus,2,Team Heretics,Karmine Corp,2,13,RieNs,10971,viper,0.65,125.0,6.0,13.0,8.0,67.0,97.0,54.0,2.0,1.0,3,True
712823,276556,2976,VCT 2026: EMEA Stage 2,Group Stage: Week 2,2026-07-26,Lotus,2,Team Heretics,Karmine Corp,2,13,koshmaras,23365,omen,0.17,73.0,2.0,15.0,6.0,53.0,59.0,15.0,0.0,3.0,3,True
712823,276556,2976,VCT 2026: EMEA Stage 2,Group Stage: Week 2,2026-07-26,Lotus,2,Karmine Corp,Team Heretics,13,2,SUYGETSU,2858,viper,1.94,269.0,15.0,4.0,3.0,87.0,186.0,37.0,1.0,0.0,3,True
712823,276556,2976,VCT 2026: EMEA Stage 2,Group Stage: Week 2,2026-07-26,Lotus,2,Karmine Corp,Team Heretics,13,2,LewN,20144,neon,1.69,411.0,22.0,9.0,3.0,80.0,248.0,40.0,4.0,3.0,3,True
712823,276556,2976,VCT 2026: EMEA Stage 2,Group Stage: Week 2,2026-07-26,Lotus,2,Karmine Corp,Team Heretics,13,2,N4RRATE,36245,chamber,1.33,206.0,14.0,6.0,0.0,73.0,132.0,24.0,3.0,0.0,3,True
712823,276556,2976,VCT 2026: EMEA Stage 2,Group Stage: Week 2,2026-07-26,Lotus,2,Karmine Corp,Team Heretics,13,2,Avez,5654,fade,0.99,144.0,8.0,7.0,4.0,80.0,110.0,24.0,1.0,0.0,3,True
712823,276556,2976,VCT 2026: EMEA Stage 2,Group Stage: Week 2,2026-07-26,Lotus,2,Karmine Corp,Team Heretics,13,2,dos9,16215,omen,0.89,147.0,9.0,9.0,6.0,67.0,102.0,22.0,1.0,2.0,3,True
712824,276558,2976,VCT 2026: EMEA Stage 2,Group Stage: Week 3,2026-07-29,Breeze,1,GIANTX,Team Liquid,6,13,westside,34684,phoenix,1.43,297.0,20.0,15.0,3.0,79.0,177.0,50.0,3.0,2.0,3,True
712824,276558,2976,VCT 2026: EMEA Stage 2,Group Stage: Week 3,2026-07-29,Breeze,1,GIANTX,Team Liquid,6,13,neT,6582,sova,0.96,142.0,11.0,12.0,5.0,79.0,110.0,56.0,0.0,1.0,3,True
712824,276558,2976,VCT 2026: EMEA Stage 2,Group Stage: Week 3,2026-07-29,Breeze,1,GIANTX,Team Liquid,6,13,Flickless,6959,viper,0.79,185.0,12.0,15.0,5.0,53.0,123.0,28.0,0.0,5.0,3,True
712824,276558,2976,VCT 2026: EMEA Stage 2,Group Stage: Week 3,2026-07-29,Breeze,1,GIANTX,Team Liquid,6,13,ara,11332,neon,0.55,133.0,8.0,15.0,1.0,58.0,84.0,25.0,2.0,4.0,3,True
712824,276558,2976,VCT 2026: EMEA Stage 2,Group Stage: Week 3,2026-07-29,Breeze,1,GIANTX,Team Liquid,6,13,Jesse,2653,harbor,0.33,89.0,7.0,17.0,4.0,58.0,43.0,17.0,0.0,2.0,3,True
712824,276558,2976,VCT 2026: EMEA Stage 2,Group Stage: Week 3,2026-07-29,Breeze,1,Team Liquid,GIANTX,13,6,kamo,14681,phoenix,1.83,340.0,24.0,10.0,4.0,89.0,211.0,33.0,9.0,2.0,3,True
712824,276558,2976,VCT 2026: EMEA Stage 2,Group Stage: Week 3,2026-07-29,Breeze,1,Team Liquid,GIANTX,13,6,trexx,2168,sova,1.16,199.0,14.0,11.0,7.0,89.0,153.0,26.0,0.0,1.0,3,True
712824,276558,2976,VCT 2026: EMEA Stage 2,Group Stage: Week 3,2026-07-29,Breeze,1,Team Liquid,GIANTX,13,6,Kicks,11134,harbor,0.97,151.0,10.0,11.0,7.0,89.0,113.0,30.0,1.0,0.0,3,True
712824,276558,2976,VCT 2026: EMEA Stage 2,Group Stage: Week 3,2026-07-29,Breeze,1,Team Liquid,GIANTX,13,6,purp0,1885,neon,0.97,208.0,15.0,14.0,3.0,68.0,130.0,35.0,3.0,1.0,3,True
712824,276558,2976,VCT 2026: EMEA Stage 2,Group Stage: Week 3,2026-07-29,Breeze,1,Team Liquid,GIANTX,13,6,nAts,457,cypher,0.88,175.0,11.0,12.0,5.0,74.0,129.0,28.0,1.0,1.0,3,True
712824,276559,2976,VCT 2026: EMEA Stage 2,Group Stage: Week 3,2026-07-29,Split,2,GIANTX,Team Liquid,7,13,westside,34684,phoenix,1.01,215.0,15.0,15.0,5.0,70.0,134.0,42.0,3.0,2.0,3,True
712824,276559,2976,VCT 2026: EMEA Stage 2,Group Stage: Week 3,2026-07-29,Split,2,GIANTX,Team Liquid,7,13,neT,6582,fade,0.99,180.0,12.0,13.0,4.0,70.0,120.0,42.0,1.0,3.0,3,True
712824,276559,2976,VCT 2026: EMEA Stage 2,Group Stage: Week 3,2026-07-29,Split,2,GIANTX,Team Liquid,7,13,ara,11332,neon,0.96,224.0,14.0,16.0,4.0,65.0,144.0,31.0,2.0,3.0,3,True
712824,276559,2976,VCT 2026: EMEA Stage 2,Group Stage: Week 3,2026-07-29,Split,2,GIANTX,Team Liquid,7,13,Flickless,6959,viper,0.89,179.0,14.0,16.0,8.0,80.0,109.0,16.0,0.0,3.0,3,True
712824,276559,2976,VCT 2026: EMEA Stage 2,Group Stage: Week 3,2026-07-29,Split,2,GIANTX,Team Liquid,7,13,Jesse,2653,omen,0.35,83.0,6.0,18.0,5.0,70.0,58.0,43.0,1.0,2.0,3,True
712824,276559,2976,VCT 2026: EMEA Stage 2,Group Stage: Week 3,2026-07-29,Split,2,Team Liquid,GIANTX,13,7,kamo,14681,raze,1.32,259.0,19.0,12.0,4.0,70.0,182.0,23.0,1.0,2.0,3,True
712824,276559,2976,VCT 2026: EMEA Stage 2,Group Stage: Week 3,2026-07-29,Split,2,Team Liquid,GIANTX,13,7,nAts,457,viper,1.16,289.0,19.0,14.0,2.0,65.0,176.0,17.0,5.0,2.0,3,True
712824,276559,2976,VCT 2026: EMEA Stage 2,Group Stage: Week 3,2026-07-29,Split,2,Team Liquid,GIANTX,13,7,Kicks,11134,omen,1.15,194.0,15.0,11.0,5.0,80.0,120.0,28.0,0.0,0.0,3,True
712824,276559,2976,VCT 2026: EMEA Stage 2,Group Stage: Week 3,2026-07-29,Split,2,Team Liquid,GIANTX,13,7,purp0,1885,jett,0.89,168.0,13.0,13.0,2.0,95.0,100.0,10.0,7.0,2.0,3,True
712824,276559,2976,VCT 2026: EMEA Stage 2,Group Stage: Week 3,2026-07-29,Split,2,Team Liquid,GIANTX,13,7,trexx,2168,fade,0.88,148.0,12.0,11.0,5.0,80.0,102.0,28.0,0.0,1.0,3,True
712825,276561,2976,VCT 2026: EMEA Stage 2,Group Stage: Week 3,2026-07-29,Haven,1,Gentle Mates,Team Vitality,16,14,marteen,10307,phoenix,1.39,309.0,33.0,22.0,6.0,80.0,206.0,44.0,5.0,5.0,3,True
712825,276561,2976,VCT 2026: EMEA Stage 2,Group Stage: Week 3,2026-07-29,Haven,1,Gentle Mates,Team Vitality,16,14,Proxh,45494,omen,1.04,150.0,17.0,19.0,10.0,70.0,113.0,41.0,2.0,0.0,3,True
712825,276561,2976,VCT 2026: EMEA Stage 2,Group Stage: Week 3,2026-07-29,Haven,1,Gentle Mates,Team Vitality,16,14,starxo,565,sova,0.99,187.0,21.0,20.0,4.0,77.0,114.0,27.0,1.0,2.0,3,True
712825,276561,2976,VCT 2026: EMEA Stage 2,Group Stage: Week 3,2026-07-29,Haven,1,Gentle Mates,Team Vitality,16,14,bipo,18400,cypher,0.83,201.0,21.0,24.0,3.0,67.0,133.0,49.0,3.0,0.0,3,True
712825,276561,2976,VCT 2026: EMEA Stage 2,Group Stage: Week 3,2026-07-29,Haven,1,Gentle Mates,Team Vitality,16,14,Minny,23169,neon,0.68,149.0,15.0,21.0,5.0,67.0,95.0,24.0,4.0,8.0,3,True
712825,276561,2976,VCT 2026: EMEA Stage 2,Group Stage: Week 3,2026-07-29,Haven,1,Team Vitality,Gentle Mates,14,16,Derke,5022,jett,1.34,277.0,29.0,22.0,7.0,77.0,199.0,32.0,3.0,4.0,3,True
712825,276561,2976,VCT 2026: EMEA Stage 2,Group Stage: Week 3,2026-07-29,Haven,1,Team Vitality,Gentle Mates,14,16,PROFEK,5554,astra,0.93,179.0,20.0,18.0,10.0,83.0,118.0,30.0,1.0,0.0,3,True
712825,276561,2976,VCT 2026: EMEA Stage 2,Group Stage: Week 3,2026-07-29,Haven,1,Team Vitality,Gentle Mates,14,16,Sayonara,33902,sova,0.9,187.0,20.0,21.0,6.0,70.0,123.0,36.0,6.0,2.0,3,True
712825,276561,2976,VCT 2026: EMEA Stage 2,Group Stage: Week 3,2026-07-29,Haven,1,Team Vitality,Gentle Mates,14,16,Jamppi,9780,phoenix,0.9,180.0,20.0,22.0,5.0,67.0,127.0,33.0,1.0,1.0,3,True
712825,276561,2976,VCT 2026: EMEA Stage 2,Group Stage: Week 3,2026-07-29,Haven,1,Team Vitality,Gentle Mates,14,16,Chronicle,458,chamber,0.73,180.0,17.0,24.0,8.0,57.0,121.0,26.0,4.0,8.0,3,True
712825,276562,2976,VCT 2026: EMEA Stage 2,Group Stage: Week 3,2026-07-29,Split,2,Gentle Mates,Team Vitality,7,13,marteen,10307,phoenix,1.25,256.0,17.0,13.0,8.0,85.0,178.0,33.0,2.0,2.0,3,True
712825,276562,2976,VCT 2026: EMEA Stage 2,Group Stage: Week 3,2026-07-29,Split,2,Gentle Mates,Team Vitality,7,13,bipo,18400,viper,1.09,189.0,13.0,13.0,6.0,70.0,138.0,28.0,0.0,1.0,3,True
712825,276562,2976,VCT 2026: EMEA Stage 2,Group Stage: Week 3,2026-07-29,Split,2,Gentle Mates,Team Vitality,7,13,starxo,565,fade,0.89,203.0,15.0,16.0,3.0,75.0,131.0,26.0,1.0,3.0,3,True
712825,276562,2976,VCT 2026: EMEA Stage 2,Group Stage: Week 3,2026-07-29,Split,2,Gentle Mates,Team Vitality,7,13,Proxh,45494,omen,0.64,112.0,8.0,15.0,5.0,70.0,71.0,23.0,0.0,2.0,3,True
712825,276562,2976,VCT 2026: EMEA Stage 2,Group Stage: Week 3,2026-07-29,Split,2,Gentle Mates,Team Vitality,7,13,Minny,23169,neon,0.62,178.0,12.0,18.0,3.0,60.0,117.0,32.0,4.0,5.0,3,True
712825,276562,2976,VCT 2026: EMEA Stage 2,Group Stage: Week 3,2026-07-29,Split,2,Team Vitality,Gentle Mates,13,7,Sayonara,33902,fade,1.76,264.0,20.0,8.0,7.0,85.0,189.0,16.0,1.0,0.0,3,True
712825,276562,2976,VCT 2026: EMEA Stage 2,Group Stage: Week 3,2026-07-29,Split,2,Team Vitality,Gentle Mates,13,7,Jamppi,9780,phoenix,1.19,261.0,17.0,15.0,8.0,75.0,167.0,23.0,5.0,3.0,3,True
712825,276562,2976,VCT 2026: EMEA Stage 2,Group Stage: Week 3,2026-07-29,Split,2,Team Vitality,Gentle Mates,13,7,Derke,5022,neon,1.03,198.0,14.0,14.0,6.0,75.0,142.0,23.0,6.0,4.0,3,True
712825,276562,2976,VCT 2026: EMEA Stage 2,Group Stage: Week 3,2026-07-29,Split,2,Team Vitality,Gentle Mates,13,7,Chronicle,458,viper,0.83,161.0,13.0,13.0,2.0,75.0,103.0,26.0,0.0,0.0,3,True
712825,276562,2976,VCT 2026: EMEA Stage 2,Group Stage: Week 3,2026-07-29,Split,2,Team Vitality,Gentle Mates,13,7,PROFEK,5554,omen,0.83,140.0,10.0,15.0,11.0,80.0,108.0,22.0,1.0,0.0,3,True
712825,276563,2976,VCT 2026: EMEA Stage 2,Group Stage: Week 3,2026-07-29,Ascent,3,Gentle Mates,Team Vitality,9,13,Minny,23169,jett,1.1,271.0,21.0,18.0,2.0,64.0,168.0,33.0,6.0,5.0,3,True
712825,276563,2976,VCT 2026: EMEA Stage 2,Group Stage: Week 3,2026-07-29,Ascent,3,Gentle Mates,Team Vitality,9,13,marteen,10307,phoenix,1.01,214.0,14.0,18.0,7.0,73.0,157.0,37.0,2.0,2.0,3,True
712825,276563,2976,VCT 2026: EMEA Stage 2,Group Stage: Week 3,2026-07-29,Ascent,3,Gentle Mates,Team Vitality,9,13,Proxh,45494,omen,0.9,131.0,10.0,15.0,9.0,77.0,87.0,28.0,0.0,0.0,3,True
712825,276563,2976,VCT 2026: EMEA Stage 2,Group Stage: Week 3,2026-07-29,Ascent,3,Gentle Mates,Team Vitality,9,13,bipo,18400,cypher,0.85,143.0,10.0,17.0,4.0,55.0,91.0,27.0,0.0,2.0,3,True
712825,276563,2976,VCT 2026: EMEA Stage 2,Group Stage: Week 3,2026-07-29,Ascent,3,Gentle Mates,Team Vitality,9,13,starxo,565,sova,0.6,125.0,8.0,17.0,6.0,55.0,95.0,26.0,0.0,5.0,3,True
712825,276563,2976,VCT 2026: EMEA Stage 2,Group Stage: Week 3,2026-07-29,Ascent,3,Team Vitality,Gentle Mates,13,9,Derke,5022,jett,1.7,347.0,26.0,12.0,7.0,77.0,229.0,28.0,4.0,2.0,3,True
712825,276563,2976,VCT 2026: EMEA Stage 2,Group Stage: Week 3,2026-07-29,Ascent,3,Team Vitality,Gentle Mates,13,9,Chronicle,458,vyse,1.18,218.0,15.0,11.0,9.0,86.0,160.0,28.0,2.0,0.0,3,True
712825,276563,2976,VCT 2026: EMEA Stage 2,Group Stage: Week 3,2026-07-29,Ascent,3,Team Vitality,Gentle Mates,13,9,Sayonara,33902,sova,1.14,206.0,17.0,13.0,9.0,77.0,139.0,31.0,3.0,1.0,3,True
712825,276563,2976,VCT 2026: EMEA Stage 2,Group Stage: Week 3,2026-07-29,Ascent,3,Team Vitality,Gentle Mates,13,9,PROFEK,5554,omen,1.04,141.0,12.0,10.0,13.0,82.0,85.0,18.0,0.0,1.0,3,True
712825,276563,2976,VCT 2026: EMEA Stage 2,Group Stage: Week 3,2026-07-29,Ascent,3,Team Vitality,Gentle Mates,13,9,Jamppi,9780,phoenix,0.73,187.0,14.0,17.0,5.0,73.0,124.0,33.0,5.0,4.0,3,True
712826,276564,2976,VCT 2026: EMEA Stage 2,Group Stage: Week 3,2026-07-30,Ascent,1,Natus Vincere,PCIFIC Esports,13,11,hiro,29867,cypher,1.75,328.0,31.0,15.0,2.0,83.0,227.0,53.0,1.0,3.0,3,True
712826,276564,2976,VCT 2026: EMEA Stage 2,Group Stage: Week 3,2026-07-30,Ascent,1,Natus Vincere,PCIFIC Esports,13,11,CyvOph,13258,omen,0.93,178.0,14.0,17.0,11.0,67.0,120.0,21.0,1.0,2.0,3,True
712826,276564,2976,VCT 2026: EMEA Stage 2,Group Stage: Week 3,2026-07-30,Ascent,1,Natus Vincere,PCIFIC Esports,13,11,chloric,15639,sova,0.9,146.0,12.0,16.0,4.0,71.0,108.0,30.0,1.0,1.0,3,True
712826,276564,2976,VCT 2026: EMEA Stage 2,Group Stage: Week 3,2026-07-30,Ascent,1,Natus Vincere,PCIFIC Esports,13,11,ExiT,11917,yoru,0.76,145.0,13.0,17.0,2.0,63.0,108.0,24.0,4.0,5.0,3,True
712826,276564,2976,VCT 2026: EMEA Stage 2,Group Stage: Week 3,2026-07-30,Ascent,1,Natus Vincere,PCIFIC Esports,13,11,Ruxic,18677,neon,0.5,171.0,12.0,23.0,5.0,63.0,115.0,25.0,0.0,6.0,3,True
712826,276564,2976,VCT 2026: EMEA Stage 2,Group Stage: Week 3,2026-07-30,Ascent,1,PCIFIC Esports,Natus Vincere,11,13,NINJA,28948,chamber,1.65,307.0,28.0,13.0,2.0,79.0,187.0,17.0,7.0,1.0,3,True
712826,276564,2976,VCT 2026: EMEA Stage 2,Group Stage: Week 3,2026-07-30,Ascent,1,PCIFIC Esports,Natus Vincere,11,13,qpert,7105,omen,1.33,226.0,23.0,16.0,7.0,83.0,152.0,42.0,4.0,0.0,3,True
712826,276564,2976,VCT 2026: EMEA Stage 2,Group Stage: Week 3,2026-07-30,Ascent,1,PCIFIC Esports,Natus Vincere,11,13,waddle,8226,sova,0.94,178.0,15.0,16.0,9.0,67.0,120.0,26.0,1.0,0.0,3,True
712826,276564,2976,VCT 2026: EMEA Stage 2,Group Stage: Week 3,2026-07-30,Ascent,1,PCIFIC Esports,Natus Vincere,11,13,al0rante,5292,viper,0.79,135.0,12.0,16.0,3.0,83.0,93.0,34.0,2.0,1.0,3,True
712826,276564,2976,VCT 2026: EMEA Stage 2,Group Stage: Week 3,2026-07-30,Ascent,1,PCIFIC Esports,Natus Vincere,11,13,seven,8376,phoenix,0.46,159.0,10.0,21.0,13.0,79.0,114.0,19.0,3.0,5.0,3,True
712826,276565,2976,VCT 2026: EMEA Stage 2,Group Stage: Week 3,2026-07-30,Summit,2,Natus Vincere,PCIFIC Esports,14,12,Ruxic,18677,omen,1.46,252.0,26.0,16.0,8.0,81.0,180.0,38.0,2.0,1.0,3,True
712826,276565,2976,VCT 2026: EMEA Stage 2,Group Stage: Week 3,2026-07-30,Summit,2,Natus Vincere,PCIFIC Esports,14,12,hiro,29867,chamber,1.38,232.0,23.0,13.0,0.0,65.0,156.0,33.0,5.0,3.0,3,True
712826,276565,2976,VCT 2026: EMEA Stage 2,Group Stage: Week 3,2026-07-30,Summit,2,Natus Vincere,PCIFIC Esports,14,12,chloric,15639,sova,1.12,199.0,17.0,16.0,11.0,81.0,146.0,27.0,2.0,1.0,3,True
712826,276565,2976,VCT 2026: EMEA Stage 2,Group Stage: Week 3,2026-07-30,Summit,2,Natus Vincere,PCIFIC Esports,14,12,ExiT,11917,neon,0.82,205.0,18.0,22.0,6.0,65.0,120.0,30.0,7.0,3.0,3,True
712826,276565,2976,VCT 2026: EMEA Stage 2,Group Stage: Week 3,2026-07-30,Summit,2,Natus Vincere,PCIFIC Esports,14,12,CyvOph,13258,kayo,0.8,157.0,11.0,18.0,19.0,69.0,107.0,31.0,0.0,2.0,3,True
712826,276565,2976,VCT 2026: EMEA Stage 2,Group Stage: Week 3,2026-07-30,Summit,2,PCIFIC Esports,Natus Vincere,12,14,al0rante,5292,viper,1.1,203.0,19.0,17.0,6.0,81.0,135.0,46.0,2.0,3.0,3,True
712826,276565,2976,VCT 2026: EMEA Stage 2,Group Stage: Week 3,2026-07-30,Summit,2,PCIFIC Esports,Natus Vincere,12,14,seven,8376,phoenix,1.01,206.0,18.0,18.0,5.0,73.0,158.0,40.0,4.0,7.0,3,True
712826,276565,2976,VCT 2026: EMEA Stage 2,Group Stage: Week 3,2026-07-30,Summit,2,PCIFIC Esports,Natus Vincere,12,14,qpert,7105,harbor,0.99,198.0,16.0,21.0,13.0,73.0,127.0,32.0,1.0,0.0,3,True
712826,276565,2976,VCT 2026: EMEA Stage 2,Group Stage: Week 3,2026-07-30,Summit,2,PCIFIC Esports,Natus Vincere,12,14,NINJA,28948,chamber,0.69,163.0,15.0,19.0,4.0,46.0,103.0,9.0,3.0,4.0,3,True
712826,276565,2976,VCT 2026: EMEA Stage 2,Group Stage: Week 3,2026-07-30,Summit,2,PCIFIC Esports,Natus Vincere,12,14,waddle,8226,fade,0.69,160.0,16.0,20.0,3.0,58.0,99.0,33.0,0.0,2.0,3,True
712827,276567,2976,VCT 2026: EMEA Stage 2,Group Stage: Week 3,2026-07-30,Summit,1,Eternal Fire,FNATIC,16,14,Favian,41720,waylay,1.19,273.0,28.0,23.0,6.0,70.0,160.0,30.0,9.0,5.0,3,True
712827,276567,2976,VCT 2026: EMEA Stage 2,Group Stage: Week 3,2026-07-30,Summit,1,Eternal Fire,FNATIC,16,14,echo,49346,viper,1.13,241.0,26.0,25.0,2.0,63.0,164.0,50.0,4.0,1.0,3,True
712827,276567,2976,VCT 2026: EMEA Stage 2,Group Stage: Week 3,2026-07-30,Summit,1,Eternal Fire,FNATIC,16,14,Spear,41718,sage,1.08,208.0,23.0,20.0,9.0,63.0,134.0,45.0,3.0,0.0,3,True
712827,276567,2976,VCT 2026: EMEA Stage 2,Group Stage: Week 3,2026-07-30,Summit,1,Eternal Fire,FNATIC,16,14,audaz,40843,omen,0.95,154.0,17.0,19.0,9.0,70.0,101.0,42.0,1.0,2.0,3,True
712827,276567,2976,VCT 2026: EMEA Stage 2,Group Stage: Week 3,2026-07-30,Summit,1,Eternal Fire,FNATIC,16,14,nekky,12670,fade,0.59,119.0,11.0,20.0,11.0,60.0,85.0,31.0,1.0,4.0,3,True
712827,276567,2976,VCT 2026: EMEA Stage 2,Group Stage: Week 3,2026-07-30,Summit,1,FNATIC,Eternal Fire,14,16,Alfajer,9810,vyse,1.36,299.0,31.0,22.0,3.0,77.0,200.0,36.0,3.0,3.0,3,True
712827,276567,2976,VCT 2026: EMEA Stage 2,Group Stage: Week 3,2026-07-30,Summit,1,FNATIC,Eternal Fire,14,16,kaajak,9554,yoru,1.26,300.0,32.0,23.0,2.0,73.0,175.0,51.0,5.0,4.0,3,True
712827,276567,2976,VCT 2026: EMEA Stage 2,Group Stage: Week 3,2026-07-30,Summit,1,FNATIC,Eternal Fire,14,16,Boaster,438,omen,0.87,180.0,16.0,21.0,17.0,70.0,105.0,34.0,3.0,6.0,3,True
712827,276567,2976,VCT 2026: EMEA Stage 2,Group Stage: Week 3,2026-07-30,Summit,1,FNATIC,Eternal Fire,14,16,crashies,4,fade,0.82,166.0,15.0,20.0,9.0,73.0,125.0,23.0,1.0,2.0,3,True
712827,276567,2976,VCT 2026: EMEA Stage 2,Group Stage: Week 3,2026-07-30,Summit,1,FNATIC,Eternal Fire,14,16,Cloud,4181,viper,0.71,111.0,13.0,19.0,2.0,50.0,79.0,28.0,0.0,3.0,3,True
712827,276568,2976,VCT 2026: EMEA Stage 2,Group Stage: Week 3,2026-07-30,Split,2,Eternal Fire,FNATIC,13,4,Spear,41718,phoenix,1.51,312.0,19.0,10.0,3.0,82.0,186.0,25.0,4.0,2.0,3,True
712827,276568,2976,VCT 2026: EMEA Stage 2,Group Stage: Week 3,2026-07-30,Split,2,Eternal Fire,FNATIC,13,4,Favian,41720,neon,1.25,246.0,15.0,11.0,4.0,71.0,144.0,28.0,4.0,1.0,3,True
712827,276568,2976,VCT 2026: EMEA Stage 2,Group Stage: Week 3,2026-07-30,Split,2,Eternal Fire,FNATIC,13,4,nekky,12670,fade,1.07,225.0,13.0,10.0,6.0,76.0,145.0,28.0,0.0,1.0,3,True
712827,276568,2976,VCT 2026: EMEA Stage 2,Group Stage: Week 3,2026-07-30,Split,2,Eternal Fire,FNATIC,13,4,echo,49346,viper,0.86,138.0,8.0,10.0,5.0,88.0,96.0,32.0,0.0,2.0,3,True
712827,276568,2976,VCT 2026: EMEA Stage 2,Group Stage: Week 3,2026-07-30,Split,2,Eternal Fire,FNATIC,13,4,audaz,40843,omen,0.74,124.0,9.0,11.0,2.0,76.0,89.0,31.0,1.0,2.0,3,True
712827,276568,2976,VCT 2026: EMEA Stage 2,Group Stage: Week 3,2026-07-30,Split,2,FNATIC,Eternal Fire,4,13,kaajak,9554,yoru,1.36,244.0,17.0,13.0,1.0,76.0,144.0,28.0,2.0,1.0,3,True
712827,276568,2976,VCT 2026: EMEA Stage 2,Group Stage: Week 3,2026-07-30,Split,2,FNATIC,Eternal Fire,4,13,crashies,4,fade,1.13,192.0,11.0,9.0,2.0,76.0,127.0,26.0,1.0,0.0,3,True
712827,276568,2976,VCT 2026: EMEA Stage 2,Group Stage: Week 3,2026-07-30,Split,2,FNATIC,Eternal Fire,4,13,Cloud,4181,viper,0.73,148.0,9.0,12.0,0.0,53.0,121.0,35.0,2.0,4.0,3,True
712827,276568,2976,VCT 2026: EMEA Stage 2,Group Stage: Week 3,2026-07-30,Split,2,FNATIC,Eternal Fire,4,13,Alfajer,9810,neon,0.6,173.0,9.0,16.0,6.0,71.0,119.0,47.0,1.0,3.0,3,True
712827,276568,2976,VCT 2026: EMEA Stage 2,Group Stage: Week 3,2026-07-30,Split,2,FNATIC,Eternal Fire,4,13,Boaster,438,omen,0.37,130.0,6.0,14.0,5.0,47.0,88.0,14.0,2.0,1.0,3,True
712828,276570,2976,VCT 2026: EMEA Stage 2,Group Stage: Week 3,2026-07-31,Lotus,1,BBL Esports,Gentle Mates,10,13,Lar0k,31305,raze,1.14,240.0,19.0,16.0,4.0,61.0,164.0,19.0,2.0,5.0,3,True
712828,276570,2976,VCT 2026: EMEA Stage 2,Group Stage: Week 3,2026-07-31,Lotus,1,BBL Esports,Gentle Mates,10,13,Rosé,5565,fade,1.1,213.0,18.0,17.0,7.0,74.0,135.0,19.0,2.0,2.0,3,True
712828,276570,2976,VCT 2026: EMEA Stage 2,Group Stage: Week 3,2026-07-31,Lotus,1,BBL Esports,Gentle Mates,10,13,lovers rock,40935,yoru,1.07,209.0,18.0,16.0,7.0,78.0,138.0,22.0,5.0,2.0,3,True
712828,276570,2976,VCT 2026: EMEA Stage 2,Group Stage: Week 3,2026-07-31,Lotus,1,BBL Esports,Gentle Mates,10,13,Loita,24344,omen,1.01,196.0,16.0,18.0,12.0,74.0,134.0,38.0,1.0,3.0,3,True
712828,276570,2976,VCT 2026: EMEA Stage 2,Group Stage: Week 3,2026-07-31,Lotus,1,BBL Esports,Gentle Mates,10,13,Crewen,12795,cypher,0.62,113.0,8.0,17.0,9.0,52.0,84.0,22.0,0.0,1.0,3,True
712828,276570,2976,VCT 2026: EMEA Stage 2,Group Stage: Week 3,2026-07-31,Lotus,1,Gentle Mates,BBL Esports,13,10,marteen,10307,raze,1.89,320.0,28.0,13.0,3.0,83.0,226.0,31.0,2.0,0.0,3,True
712828,276570,2976,VCT 2026: EMEA Stage 2,Group Stage: Week 3,2026-07-31,Lotus,1,Gentle Mates,BBL Esports,13,10,starxo,565,fade,0.9,157.0,14.0,15.0,6.0,65.0,98.0,34.0,0.0,2.0,3,True
712828,276570,2976,VCT 2026: EMEA Stage 2,Group Stage: Week 3,2026-07-31,Lotus,1,Gentle Mates,BBL Esports,13,10,bipo,18400,cypher,0.85,177.0,16.0,17.0,3.0,70.0,128.0,30.0,3.0,0.0,3,True
712828,276570,2976,VCT 2026: EMEA Stage 2,Group Stage: Week 3,2026-07-31,Lotus,1,Gentle Mates,BBL Esports,13,10,Proxh,45494,omen,0.84,165.0,14.0,16.0,7.0,65.0,97.0,18.0,3.0,2.0,3,True
712828,276570,2976,VCT 2026: EMEA Stage 2,Group Stage: Week 3,2026-07-31,Lotus,1,Gentle Mates,BBL Esports,13,10,Minny,23169,neon,0.59,170.0,12.0,18.0,4.0,52.0,114.0,19.0,5.0,6.0,3,True
712828,276571,2976,VCT 2026: EMEA Stage 2,Group Stage: Week 3,2026-07-31,Ascent,2,BBL Esports,Gentle Mates,13,5,lovers rock,40935,yoru,1.67,278.0,18.0,9.0,3.0,78.0,181.0,8.0,6.0,0.0,3,True
712828,276571,2976,VCT 2026: EMEA Stage 2,Group Stage: Week 3,2026-07-31,Ascent,2,BBL Esports,Gentle Mates,13,5,Crewen,12795,cypher,1.37,250.0,18.0,12.0,9.0,78.0,156.0,27.0,1.0,1.0,3,True
712828,276571,2976,VCT 2026: EMEA Stage 2,Group Stage: Week 3,2026-07-31,Ascent,2,BBL Esports,Gentle Mates,13,5,Rosé,5565,sova,1.27,194.0,12.0,9.0,9.0,83.0,132.0,38.0,2.0,0.0,3,True
712828,276571,2976,VCT 2026: EMEA Stage 2,Group Stage: Week 3,2026-07-31,Ascent,2,BBL Esports,Gentle Mates,13,5,Loita,24344,omen,1.04,172.0,10.0,9.0,11.0,78.0,117.0,48.0,1.0,2.0,3,True
712828,276571,2976,VCT 2026: EMEA Stage 2,Group Stage: Week 3,2026-07-31,Ascent,2,BBL Esports,Gentle Mates,13,5,Lar0k,31305,deadlock,1.01,199.0,13.0,11.0,5.0,67.0,142.0,37.0,3.0,2.0,3,True
712828,276571,2976,VCT 2026: EMEA Stage 2,Group Stage: Week 3,2026-07-31,Ascent,2,Gentle Mates,BBL Esports,5,13,marteen,10307,phoenix,0.97,233.0,14.0,14.0,3.0,67.0,138.0,23.0,1.0,1.0,3,True
712828,276571,2976,VCT 2026: EMEA Stage 2,Group Stage: Week 3,2026-07-31,Ascent,2,Gentle Mates,BBL Esports,5,13,Proxh,45494,omen,0.95,178.0,12.0,13.0,3.0,61.0,104.0,52.0,1.0,1.0,3,True
712828,276571,2976,VCT 2026: EMEA Stage 2,Group Stage: Week 3,2026-07-31,Ascent,2,Gentle Mates,BBL Esports,5,13,starxo,565,sova,0.9,181.0,11.0,14.0,2.0,61.0,125.0,29.0,1.0,1.0,3,True
712828,276571,2976,VCT 2026: EMEA Stage 2,Group Stage: Week 3,2026-07-31,Ascent,2,Gentle Mates,BBL Esports,5,13,bipo,18400,cypher,0.51,119.0,7.0,14.0,3.0,61.0,78.0,30.0,0.0,4.0,3,True
712828,276571,2976,VCT 2026: EMEA Stage 2,Group Stage: Week 3,2026-07-31,Ascent,2,Gentle Mates,BBL Esports,5,13,Minny,23169,yoru,0.37,105.0,6.0,16.0,5.0,67.0,77.0,10.0,2.0,6.0,3,True
712828,276572,2976,VCT 2026: EMEA Stage 2,Group Stage: Week 3,2026-07-31,Sunset,3,BBL Esports,Gentle Mates,13,10,Lar0k,31305,waylay,1.3,213.0,20.0,17.0,3.0,83.0,143.0,55.0,1.0,0.0,3,True
712828,276572,2976,VCT 2026: EMEA Stage 2,Group Stage: Week 3,2026-07-31,Sunset,3,BBL Esports,Gentle Mates,13,10,lovers rock,40935,yoru,1.18,248.0,24.0,20.0,6.0,78.0,145.0,25.0,7.0,4.0,3,True
712828,276572,2976,VCT 2026: EMEA Stage 2,Group Stage: Week 3,2026-07-31,Sunset,3,BBL Esports,Gentle Mates,13,10,Loita,24344,omen,1.16,162.0,15.0,15.0,8.0,83.0,99.0,33.0,3.0,0.0,3,True
712828,276572,2976,VCT 2026: EMEA Stage 2,Group Stage: Week 3,2026-07-31,Sunset,3,BBL Esports,Gentle Mates,13,10,Rosé,5565,sova,0.92,108.0,12.0,16.0,6.0,83.0,74.0,17.0,0.0,1.0,3,True
712828,276572,2976,VCT 2026: EMEA Stage 2,Group Stage: Week 3,2026-07-31,Sunset,3,BBL Esports,Gentle Mates,13,10,Crewen,12795,cypher,0.53,99.0,9.0,20.0,4.0,74.0,84.0,29.0,0.0,1.0,3,True
712828,276572,2976,VCT 2026: EMEA Stage 2,Group Stage: Week 3,2026-07-31,Sunset,3,Gentle Mates,BBL Esports,10,13,Minny,23169,neon,1.32,253.0,29.0,14.0,3.0,87.0,158.0,27.0,3.0,0.0,3,True
712828,276572,2976,VCT 2026: EMEA Stage 2,Group Stage: Week 3,2026-07-31,Sunset,3,Gentle Mates,BBL Esports,10,13,starxo,565,sova,1.0,185.0,17.0,16.0,3.0,74.0,128.0,34.0,2.0,4.0,3,True
712828,276572,2976,VCT 2026: EMEA Stage 2,Group Stage: Week 3,2026-07-31,Sunset,3,Gentle Mates,BBL Esports,10,13,marteen,10307,phoenix,0.73,146.0,20.0,14.0,5.0,65.0,98.0,52.0,0.0,3.0,3,True
712828,276572,2976,VCT 2026: EMEA Stage 2,Group Stage: Week 3,2026-07-31,Sunset,3,Gentle Mates,BBL Esports,10,13,bipo,18400,cypher,0.72,124.0,13.0,17.0,6.0,83.0,87.0,13.0,0.0,2.0,3,True
712828,276572,2976,VCT 2026: EMEA Stage 2,Group Stage: Week 3,2026-07-31,Sunset,3,Gentle Mates,BBL Esports,10,13,Proxh,45494,omen,0.37,58.0,9.0,19.0,10.0,70.0,40.0,29.0,1.0,2.0,3,True
712829,276573,2976,VCT 2026: EMEA Stage 2,Group Stage: Week 3,2026-07-31,Haven,1,GIANTX,Team Heretics,6,13,ara,11332,neon,0.85,200.0,13.0,16.0,4.0,47.0,123.0,28.0,5.0,5.0,3,True
712829,276573,2976,VCT 2026: EMEA Stage 2,Group Stage: Week 3,2026-07-31,Haven,1,GIANTX,Team Heretics,6,13,Jesse,2653,omen,0.83,154.0,9.0,13.0,9.0,74.0,105.0,36.0,1.0,0.0,3,True
712829,276573,2976,VCT 2026: EMEA Stage 2,Group Stage: Week 3,2026-07-31,Haven,1,GIANTX,Team Heretics,6,13,westside,34684,phoenix,0.77,157.0,12.0,11.0,4.0,53.0,95.0,39.0,2.0,2.0,3,True
712829,276573,2976,VCT 2026: EMEA Stage 2,Group Stage: Week 3,2026-07-31,Haven,1,GIANTX,Team Heretics,6,13,neT,6582,sova,0.69,111.0,6.0,11.0,7.0,58.0,81.0,20.0,1.0,1.0,3,True
712829,276573,2976,VCT 2026: EMEA Stage 2,Group Stage: Week 3,2026-07-31,Haven,1,GIANTX,Team Heretics,6,13,Flickless,6959,cypher,0.64,131.0,8.0,12.0,2.0,68.0,96.0,33.0,1.0,1.0,3,True
712829,276573,2976,VCT 2026: EMEA Stage 2,Group Stage: Week 3,2026-07-31,Haven,1,Team Heretics,GIANTX,13,6,koshmaras,23365,neon,1.75,309.0,22.0,8.0,5.0,89.0,197.0,29.0,3.0,2.0,3,True
712829,276573,2976,VCT 2026: EMEA Stage 2,Group Stage: Week 3,2026-07-31,Haven,1,Team Heretics,GIANTX,13,6,Wo0t,21328,chamber,1.15,198.0,13.0,10.0,4.0,79.0,123.0,22.0,3.0,5.0,3,True
712829,276573,2976,VCT 2026: EMEA Stage 2,Group Stage: Week 3,2026-07-31,Haven,1,Team Heretics,GIANTX,13,6,benjyfishy,29873,vyse,1.07,196.0,13.0,11.0,5.0,79.0,108.0,65.0,3.0,1.0,3,True
712829,276573,2976,VCT 2026: EMEA Stage 2,Group Stage: Week 3,2026-07-31,Haven,1,Team Heretics,GIANTX,13,6,Boo,1144,omen,0.93,117.0,8.0,9.0,6.0,79.0,95.0,65.0,0.0,2.0,3,True
712829,276573,2976,VCT 2026: EMEA Stage 2,Group Stage: Week 3,2026-07-31,Haven,1,Team Heretics,GIANTX,13,6,RieNs,10971,fade,0.8,109.0,7.0,10.0,6.0,84.0,85.0,28.0,0.0,0.0,3,True
712829,276574,2976,VCT 2026: EMEA Stage 2,Group Stage: Week 3,2026-07-31,Ascent,2,GIANTX,Team Heretics,10,13,westside,34684,cypher,1.24,206.0,17.0,14.0,7.0,70.0,143.0,44.0,1.0,2.0,3,True
712829,276574,2976,VCT 2026: EMEA Stage 2,Group Stage: Week 3,2026-07-31,Ascent,2,GIANTX,Team Heretics,10,13,ara,11332,jett,1.04,219.0,19.0,16.0,1.0,57.0,129.0,30.0,7.0,5.0,3,True
712829,276574,2976,VCT 2026: EMEA Stage 2,Group Stage: Week 3,2026-07-31,Ascent,2,GIANTX,Team Heretics,10,13,Flickless,6959,phoenix,0.94,218.0,16.0,19.0,10.0,65.0,141.0,20.0,3.0,2.0,3,True
712829,276574,2976,VCT 2026: EMEA Stage 2,Group Stage: Week 3,2026-07-31,Ascent,2,GIANTX,Team Heretics,10,13,neT,6582,sova,0.83,186.0,15.0,17.0,9.0,78.0,126.0,32.0,1.0,2.0,3,True
712829,276574,2976,VCT 2026: EMEA Stage 2,Group Stage: Week 3,2026-07-31,Ascent,2,GIANTX,Team Heretics,10,13,Jesse,2653,omen,0.61,111.0,7.0,18.0,13.0,65.0,84.0,29.0,0.0,0.0,3,True
712829,276574,2976,VCT 2026: EMEA Stage 2,Group Stage: Week 3,2026-07-31,Ascent,2,Team Heretics,GIANTX,13,10,Wo0t,21328,jett,1.56,295.0,27.0,14.0,4.0,74.0,188.0,20.0,5.0,5.0,3,True
712829,276574,2976,VCT 2026: EMEA Stage 2,Group Stage: Week 3,2026-07-31,Ascent,2,Team Heretics,GIANTX,13,10,koshmaras,23365,phoenix,1.14,233.0,16.0,15.0,10.0,78.0,168.0,26.0,3.0,3.0,3,True
712829,276574,2976,VCT 2026: EMEA Stage 2,Group Stage: Week 3,2026-07-31,Ascent,2,Team Heretics,GIANTX,13,10,benjyfishy,29873,cypher,1.06,190.0,16.0,15.0,6.0,78.0,130.0,50.0,2.0,2.0,3,True
712829,276574,2976,VCT 2026: EMEA Stage 2,Group Stage: Week 3,2026-07-31,Ascent,2,Team Heretics,GIANTX,13,10,RieNs,10971,sova,1.02,195.0,14.0,15.0,9.0,78.0,135.0,27.0,1.0,0.0,3,True
712829,276574,2976,VCT 2026: EMEA Stage 2,Group Stage: Week 3,2026-07-31,Ascent,2,Team Heretics,GIANTX,13,10,Boo,1144,omen,0.9,141.0,11.0,15.0,11.0,70.0,93.0,20.0,0.0,2.0,3,True
712830,276576,2976,VCT 2026: EMEA Stage 2,Group Stage: Week 3,2026-08-01,Lotus,1,FUT Esports,Team Vitality,6,13,xeus,12793,waylay,1.03,228.0,15.0,17.0,3.0,79.0,132.0,42.0,3.0,1.0,3,True
712830,276576,2976,VCT 2026: EMEA Stage 2,Group Stage: Week 3,2026-08-01,Lotus,1,FUT Esports,Team Vitality,6,13,KROSTALY,15735,skye,0.94,210.0,13.0,17.0,6.0,68.0,136.0,33.0,1.0,2.0,3,True
712830,276576,2976,VCT 2026: EMEA Stage 2,Group Stage: Week 3,2026-08-01,Lotus,1,FUT Esports,Team Vitality,6,13,sociablEE,5568,omen,0.9,234.0,14.0,16.0,9.0,74.0,161.0,26.0,0.0,3.0,3,True
712830,276576,2976,VCT 2026: EMEA Stage 2,Group Stage: Week 3,2026-08-01,Lotus,1,FUT Esports,Team Vitality,6,13,s0pp,39357,neon,0.62,171.0,10.0,18.0,6.0,79.0,115.0,29.0,4.0,4.0,3,True
712830,276576,2976,VCT 2026: EMEA Stage 2,Group Stage: Week 3,2026-08-01,Lotus,1,FUT Esports,Team Vitality,6,13,yetujey,8369,viper,0.61,126.0,10.0,16.0,2.0,42.0,89.0,25.0,0.0,1.0,3,True
712830,276576,2976,VCT 2026: EMEA Stage 2,Group Stage: Week 3,2026-08-01,Lotus,1,Team Vitality,FUT Esports,13,6,Chronicle,458,vyse,1.6,275.0,20.0,11.0,6.0,95.0,189.0,23.0,1.0,1.0,3,True
712830,276576,2976,VCT 2026: EMEA Stage 2,Group Stage: Week 3,2026-08-01,Lotus,1,Team Vitality,FUT Esports,13,6,Derke,5022,raze,1.48,341.0,24.0,14.0,5.0,79.0,215.0,26.0,7.0,2.0,3,True
712830,276576,2976,VCT 2026: EMEA Stage 2,Group Stage: Week 3,2026-08-01,Lotus,1,Team Vitality,FUT Esports,13,6,Jamppi,9780,fade,1.16,217.0,15.0,13.0,8.0,79.0,166.0,24.0,2.0,2.0,3,True
712830,276576,2976,VCT 2026: EMEA Stage 2,Group Stage: Week 3,2026-08-01,Lotus,1,Team Vitality,FUT Esports,13,6,PROFEK,5554,omen,0.88,189.0,13.0,13.0,6.0,79.0,132.0,28.0,1.0,3.0,3,True
712830,276576,2976,VCT 2026: EMEA Stage 2,Group Stage: Week 3,2026-08-01,Lotus,1,Team Vitality,FUT Esports,13,6,Sayonara,33902,viper,0.86,144.0,12.0,11.0,4.0,79.0,101.0,19.0,0.0,0.0,3,True
712830,276577,2976,VCT 2026: EMEA Stage 2,Group Stage: Week 3,2026-08-01,Haven,2,FUT Esports,Team Vitality,14,12,sociablEE,5568,omen,1.41,230.0,22.0,13.0,8.0,69.0,152.0,26.0,3.0,2.0,3,True
712830,276577,2976,VCT 2026: EMEA Stage 2,Group Stage: Week 3,2026-08-01,Haven,2,FUT Esports,Team Vitality,14,12,KROSTALY,15735,sova,1.09,152.0,14.0,14.0,6.0,69.0,103.0,29.0,2.0,1.0,3,True
712830,276577,2976,VCT 2026: EMEA Stage 2,Group Stage: Week 3,2026-08-01,Haven,2,FUT Esports,Team Vitality,14,12,yetujey,8369,cypher,0.85,164.0,15.0,16.0,4.0,58.0,113.0,30.0,3.0,2.0,3,True
712830,276577,2976,VCT 2026: EMEA Stage 2,Group Stage: Week 3,2026-08-01,Haven,2,FUT Esports,Team Vitality,14,12,s0pp,39357,neon,0.83,176.0,15.0,20.0,5.0,69.0,121.0,42.0,5.0,1.0,3,True
712830,276577,2976,VCT 2026: EMEA Stage 2,Group Stage: Week 3,2026-08-01,Haven,2,FUT Esports,Team Vitality,14,12,xeus,12793,waylay,0.83,192.0,16.0,19.0,4.0,77.0,132.0,44.0,2.0,5.0,3,True
712830,276577,2976,VCT 2026: EMEA Stage 2,Group Stage: Week 3,2026-08-01,Haven,2,Team Vitality,FUT Esports,12,14,Sayonara,33902,sova,1.26,251.0,23.0,16.0,10.0,85.0,174.0,30.0,1.0,1.0,3,True
712830,276577,2976,VCT 2026: EMEA Stage 2,Group Stage: Week 3,2026-08-01,Haven,2,Team Vitality,FUT Esports,12,14,Chronicle,458,chamber,1.23,218.0,21.0,14.0,6.0,65.0,138.0,16.0,5.0,3.0,3,True
712830,276577,2976,VCT 2026: EMEA Stage 2,Group Stage: Week 3,2026-08-01,Haven,2,Team Vitality,FUT Esports,12,14,Jamppi,9780,phoenix,0.79,197.0,18.0,20.0,5.0,62.0,131.0,23.0,1.0,5.0,3,True
712830,276577,2976,VCT 2026: EMEA Stage 2,Group Stage: Week 3,2026-08-01,Haven,2,Team Vitality,FUT Esports,12,14,PROFEK,5554,astra,0.7,97.0,7.0,14.0,12.0,69.0,66.0,26.0,0.0,2.0,3,True
712830,276577,2976,VCT 2026: EMEA Stage 2,Group Stage: Week 3,2026-08-01,Haven,2,Team Vitality,FUT Esports,12,14,Derke,5022,jett,0.56,144.0,13.0,18.0,5.0,69.0,101.0,29.0,4.0,4.0,3,True
712830,276578,2976,VCT 2026: EMEA Stage 2,Group Stage: Week 3,2026-08-01,Split,3,FUT Esports,Team Vitality,6,13,s0pp,39357,neon,0.84,173.0,11.0,14.0,5.0,47.0,98.0,32.0,3.0,3.0,3,True
712830,276578,2976,VCT 2026: EMEA Stage 2,Group Stage: Week 3,2026-08-01,Split,3,FUT Esports,Team Vitality,6,13,xeus,12793,raze,0.78,184.0,12.0,16.0,3.0,68.0,147.0,33.0,1.0,2.0,3,True
712830,276578,2976,VCT 2026: EMEA Stage 2,Group Stage: Week 3,2026-08-01,Split,3,FUT Esports,Team Vitality,6,13,sociablEE,5568,omen,0.77,191.0,12.0,17.0,7.0,74.0,127.0,26.0,3.0,1.0,3,True
712830,276578,2976,VCT 2026: EMEA Stage 2,Group Stage: Week 3,2026-08-01,Split,3,FUT Esports,Team Vitality,6,13,KROSTALY,15735,skye,0.76,156.0,10.0,14.0,7.0,63.0,118.0,38.0,1.0,3.0,3,True
712830,276578,2976,VCT 2026: EMEA Stage 2,Group Stage: Week 3,2026-08-01,Split,3,FUT Esports,Team Vitality,6,13,yetujey,8369,viper,0.74,179.0,10.0,14.0,3.0,63.0,128.0,47.0,1.0,1.0,3,True
712830,276578,2976,VCT 2026: EMEA Stage 2,Group Stage: Week 3,2026-08-01,Split,3,Team Vitality,FUT Esports,13,6,Chronicle,458,viper,1.92,323.0,24.0,9.0,3.0,84.0,192.0,21.0,2.0,1.0,3,True
712830,276578,2976,VCT 2026: EMEA Stage 2,Group Stage: Week 3,2026-08-01,Split,3,Team Vitality,FUT Esports,13,6,Jamppi,9780,phoenix,1.48,283.0,17.0,12.0,10.0,84.0,181.0,15.0,2.0,2.0,3,True
712830,276578,2976,VCT 2026: EMEA Stage 2,Group Stage: Week 3,2026-08-01,Split,3,Team Vitality,FUT Esports,13,6,Sayonara,33902,fade,1.12,185.0,11.0,9.0,8.0,84.0,129.0,24.0,2.0,0.0,3,True
712830,276578,2976,VCT 2026: EMEA Stage 2,Group Stage: Week 3,2026-08-01,Split,3,Team Vitality,FUT Esports,13,6,Derke,5022,neon,0.96,249.0,17.0,15.0,6.0,89.0,146.0,26.0,3.0,3.0,3,True
712830,276578,2976,VCT 2026: EMEA Stage 2,Group Stage: Week 3,2026-08-01,Split,3,Team Vitality,FUT Esports,13,6,PROFEK,5554,omen,0.8,97.0,6.0,10.0,12.0,74.0,61.0,25.0,1.0,3.0,3,True
712831,276579,2976,VCT 2026: EMEA Stage 2,Group Stage: Week 3,2026-08-01,Lotus,1,Karmine Corp,Team Liquid,13,11,dos9,16215,omen,1.48,256.0,24.0,16.0,15.0,83.0,166.0,25.0,4.0,1.0,3,True
712831,276579,2976,VCT 2026: EMEA Stage 2,Group Stage: Week 3,2026-08-01,Lotus,1,Karmine Corp,Team Liquid,13,11,N4RRATE,36245,chamber,1.32,227.0,23.0,16.0,1.0,83.0,144.0,28.0,5.0,1.0,3,True
712831,276579,2976,VCT 2026: EMEA Stage 2,Group Stage: Week 3,2026-08-01,Lotus,1,Karmine Corp,Team Liquid,13,11,SUYGETSU,2858,viper,0.9,151.0,12.0,15.0,8.0,63.0,108.0,34.0,2.0,3.0,3,True
712831,276579,2976,VCT 2026: EMEA Stage 2,Group Stage: Week 3,2026-08-01,Lotus,1,Karmine Corp,Team Liquid,13,11,LewN,20144,neon,0.86,203.0,16.0,20.0,6.0,67.0,139.0,32.0,1.0,2.0,3,True
712831,276579,2976,VCT 2026: EMEA Stage 2,Group Stage: Week 3,2026-08-01,Lotus,1,Karmine Corp,Team Liquid,13,11,Avez,5654,fade,0.85,184.0,14.0,18.0,12.0,83.0,112.0,20.0,2.0,3.0,3,True
712831,276579,2976,VCT 2026: EMEA Stage 2,Group Stage: Week 3,2026-08-01,Lotus,1,Team Liquid,Karmine Corp,11,13,nAts,457,cypher,1.13,234.0,21.0,17.0,3.0,79.0,161.0,39.0,1.0,1.0,3,True
712831,276579,2976,VCT 2026: EMEA Stage 2,Group Stage: Week 3,2026-08-01,Lotus,1,Team Liquid,Karmine Corp,11,13,purp0,1885,jett,1.07,253.0,24.0,19.0,1.0,67.0,147.0,34.0,5.0,6.0,3,True
712831,276579,2976,VCT 2026: EMEA Stage 2,Group Stage: Week 3,2026-08-01,Lotus,1,Team Liquid,Karmine Corp,11,13,trexx,2168,fade,0.94,197.0,15.0,17.0,10.0,63.0,138.0,18.0,0.0,0.0,3,True
712831,276579,2976,VCT 2026: EMEA Stage 2,Group Stage: Week 3,2026-08-01,Lotus,1,Team Liquid,Karmine Corp,11,13,Kicks,11134,omen,0.79,121.0,10.0,16.0,9.0,75.0,82.0,39.0,2.0,2.0,3,True
712831,276579,2976,VCT 2026: EMEA Stage 2,Group Stage: Week 3,2026-08-01,Lotus,1,Team Liquid,Karmine Corp,11,13,kamo,14681,raze,0.75,201.0,15.0,20.0,5.0,79.0,145.0,19.0,2.0,5.0,3,True
712831,276580,2976,VCT 2026: EMEA Stage 2,Group Stage: Week 3,2026-08-01,Summit,2,Karmine Corp,Team Liquid,11,13,N4RRATE,36245,chamber,1.26,213.0,19.0,13.0,1.0,71.0,149.0,36.0,2.0,1.0,3,True
712831,276580,2976,VCT 2026: EMEA Stage 2,Group Stage: Week 3,2026-08-01,Summit,2,Karmine Corp,Team Liquid,11,13,Avez,5654,fade,0.93,105.0,9.0,12.0,8.0,67.0,81.0,22.0,0.0,0.0,3,True
712831,276580,2976,VCT 2026: EMEA Stage 2,Group Stage: Week 3,2026-08-01,Summit,2,Karmine Corp,Team Liquid,11,13,dos9,16215,omen,0.9,173.0,16.0,17.0,8.0,67.0,91.0,21.0,2.0,2.0,3,True
712831,276580,2976,VCT 2026: EMEA Stage 2,Group Stage: Week 3,2026-08-01,Summit,2,Karmine Corp,Team Liquid,11,13,SUYGETSU,2858,viper,0.9,201.0,15.0,16.0,3.0,67.0,127.0,55.0,5.0,2.0,3,True
712831,276580,2976,VCT 2026: EMEA Stage 2,Group Stage: Week 3,2026-08-01,Summit,2,Karmine Corp,Team Liquid,11,13,LewN,20144,neon,0.58,143.0,12.0,17.0,5.0,58.0,90.0,16.0,4.0,6.0,3,True
712831,276580,2976,VCT 2026: EMEA Stage 2,Group Stage: Week 3,2026-08-01,Summit,2,Team Liquid,Karmine Corp,13,11,trexx,2168,sova,1.23,218.0,19.0,13.0,6.0,79.0,145.0,23.0,2.0,1.0,3,True
712831,276580,2976,VCT 2026: EMEA Stage 2,Group Stage: Week 3,2026-08-01,Summit,2,Team Liquid,Karmine Corp,13,11,nAts,457,viper,1.14,159.0,13.0,12.0,6.0,71.0,122.0,35.0,0.0,3.0,3,True
712831,276580,2976,VCT 2026: EMEA Stage 2,Group Stage: Week 3,2026-08-01,Summit,2,Team Liquid,Karmine Corp,13,11,Kicks,11134,omen,0.99,194.0,16.0,16.0,10.0,67.0,123.0,26.0,4.0,1.0,3,True
712831,276580,2976,VCT 2026: EMEA Stage 2,Group Stage: Week 3,2026-08-01,Summit,2,Team Liquid,Karmine Corp,13,11,purp0,1885,jett,0.91,151.0,14.0,15.0,2.0,71.0,96.0,39.0,2.0,2.0,3,True
712831,276580,2976,VCT 2026: EMEA Stage 2,Group Stage: Week 3,2026-08-01,Summit,2,Team Liquid,Karmine Corp,13,11,kamo,14681,phoenix,0.84,168.0,13.0,15.0,7.0,75.0,114.0,39.0,3.0,6.0,3,True
712831,276581,2976,VCT 2026: EMEA Stage 2,Group Stage: Week 3,2026-08-01,Haven,3,Karmine Corp,Team Liquid,13,11,Avez,5654,sova,1.32,223.0,20.0,15.0,8.0,79.0,153.0,38.0,3.0,0.0,3,True
712831,276581,2976,VCT 2026: EMEA Stage 2,Group Stage: Week 3,2026-08-01,Haven,3,Karmine Corp,Team Liquid,13,11,N4RRATE,36245,phoenix,1.08,237.0,21.0,18.0,4.0,63.0,158.0,26.0,1.0,4.0,3,True
712831,276581,2976,VCT 2026: EMEA Stage 2,Group Stage: Week 3,2026-08-01,Haven,3,Karmine Corp,Team Liquid,13,11,SUYGETSU,2858,cypher,1.01,151.0,14.0,13.0,5.0,71.0,97.0,41.0,2.0,1.0,3,True
712831,276581,2976,VCT 2026: EMEA Stage 2,Group Stage: Week 3,2026-08-01,Haven,3,Karmine Corp,Team Liquid,13,11,LewN,20144,neon,0.9,218.0,16.0,18.0,9.0,71.0,155.0,31.0,4.0,3.0,3,True
712831,276581,2976,VCT 2026: EMEA Stage 2,Group Stage: Week 3,2026-08-01,Haven,3,Karmine Corp,Team Liquid,13,11,dos9,16215,omen,0.88,162.0,14.0,17.0,12.0,63.0,106.0,33.0,3.0,3.0,3,True
712831,276581,2976,VCT 2026: EMEA Stage 2,Group Stage: Week 3,2026-08-01,Haven,3,Team Liquid,Karmine Corp,11,13,kamo,14681,phoenix,1.31,259.0,24.0,17.0,7.0,75.0,166.0,42.0,0.0,1.0,3,True
712831,276581,2976,VCT 2026: EMEA Stage 2,Group Stage: Week 3,2026-08-01,Haven,3,Team Liquid,Karmine Corp,11,13,trexx,2168,sova,1.08,197.0,14.0,14.0,8.0,79.0,150.0,18.0,0.0,1.0,3,True
712831,276581,2976,VCT 2026: EMEA Stage 2,Group Stage: Week 3,2026-08-01,Haven,3,Team Liquid,Karmine Corp,11,13,purp0,1885,jett,1.05,248.0,19.0,20.0,4.0,71.0,169.0,37.0,7.0,4.0,3,True
712831,276581,2976,VCT 2026: EMEA Stage 2,Group Stage: Week 3,2026-08-01,Haven,3,Team Liquid,Karmine Corp,11,13,Kicks,11134,omen,0.86,155.0,14.0,17.0,5.0,58.0,100.0,28.0,3.0,5.0,3,True
712831,276581,2976,VCT 2026: EMEA Stage 2,Group Stage: Week 3,2026-08-01,Haven,3,Team Liquid,Karmine Corp,11,13,nAts,457,cypher,0.62,119.0,10.0,17.0,8.0,67.0,74.0,19.0,1.0,2.0,3,True
712832,276582,2976,VCT 2026: EMEA Stage 2,Group Stage: Week 3,2026-08-02,Sunset,1,BBL Esports,PCIFIC Esports,13,7,Crewen,12795,cypher,1.49,320.0,24.0,16.0,4.0,95.0,213.0,50.0,4.0,2.0,3,True
712832,276582,2976,VCT 2026: EMEA Stage 2,Group Stage: Week 3,2026-08-02,Sunset,1,BBL Esports,PCIFIC Esports,13,7,Loita,24344,omen,1.26,266.0,17.0,15.0,10.0,90.0,163.0,46.0,2.0,1.0,3,True
712832,276582,2976,VCT 2026: EMEA Stage 2,Group Stage: Week 3,2026-08-02,Sunset,1,BBL Esports,PCIFIC Esports,13,7,lovers rock,40935,yoru,1.22,218.0,18.0,11.0,5.0,90.0,134.0,23.0,3.0,1.0,3,True
712832,276582,2976,VCT 2026: EMEA Stage 2,Group Stage: Week 3,2026-08-02,Sunset,1,BBL Esports,PCIFIC Esports,13,7,Lar0k,31305,waylay,0.92,156.0,12.0,12.0,5.0,80.0,104.0,26.0,3.0,1.0,3,True
712832,276582,2976,VCT 2026: EMEA Stage 2,Group Stage: Week 3,2026-08-02,Sunset,1,BBL Esports,PCIFIC Esports,13,7,Rosé,5565,sova,0.76,152.0,9.0,14.0,9.0,75.0,114.0,38.0,1.0,2.0,3,True
712832,276582,2976,VCT 2026: EMEA Stage 2,Group Stage: Week 3,2026-08-02,Sunset,1,PCIFIC Esports,BBL Esports,7,13,NINJA,28948,chamber,1.14,220.0,17.0,15.0,1.0,65.0,157.0,31.0,2.0,6.0,3,True
712832,276582,2976,VCT 2026: EMEA Stage 2,Group Stage: Week 3,2026-08-02,Sunset,1,PCIFIC Esports,BBL Esports,7,13,al0rante,5292,viper,0.97,245.0,18.0,16.0,3.0,75.0,153.0,39.0,2.0,1.0,3,True
712832,276582,2976,VCT 2026: EMEA Stage 2,Group Stage: Week 3,2026-08-02,Sunset,1,PCIFIC Esports,BBL Esports,7,13,seven,8376,phoenix,0.82,204.0,14.0,16.0,4.0,85.0,139.0,28.0,2.0,2.0,3,True
712832,276582,2976,VCT 2026: EMEA Stage 2,Group Stage: Week 3,2026-08-02,Sunset,1,PCIFIC Esports,BBL Esports,7,13,qpert,7105,omen,0.71,159.0,11.0,17.0,8.0,80.0,103.0,30.0,1.0,3.0,3,True
712832,276582,2976,VCT 2026: EMEA Stage 2,Group Stage: Week 3,2026-08-02,Sunset,1,PCIFIC Esports,BBL Esports,7,13,waddle,8226,fade,0.65,128.0,8.0,16.0,7.0,65.0,86.0,28.0,0.0,1.0,3,True
712832,276583,2976,VCT 2026: EMEA Stage 2,Group Stage: Week 3,2026-08-02,Lotus,2,BBL Esports,PCIFIC Esports,9,13,Lar0k,31305,raze,1.05,247.0,19.0,18.0,5.0,64.0,147.0,32.0,4.0,3.0,3,True
712832,276583,2976,VCT 2026: EMEA Stage 2,Group Stage: Week 3,2026-08-02,Lotus,2,BBL Esports,PCIFIC Esports,9,13,lovers rock,40935,yoru,0.95,178.0,14.0,15.0,3.0,68.0,112.0,23.0,4.0,3.0,3,True
712832,276583,2976,VCT 2026: EMEA Stage 2,Group Stage: Week 3,2026-08-02,Lotus,2,BBL Esports,PCIFIC Esports,9,13,Loita,24344,omen,0.89,158.0,12.0,15.0,9.0,64.0,102.0,44.0,0.0,1.0,3,True
712832,276583,2976,VCT 2026: EMEA Stage 2,Group Stage: Week 3,2026-08-02,Lotus,2,BBL Esports,PCIFIC Esports,9,13,Rosé,5565,fade,0.78,168.0,12.0,15.0,7.0,77.0,121.0,33.0,1.0,2.0,3,True
712832,276583,2976,VCT 2026: EMEA Stage 2,Group Stage: Week 3,2026-08-02,Lotus,2,BBL Esports,PCIFIC Esports,9,13,Crewen,12795,cypher,0.77,123.0,10.0,14.0,5.0,64.0,80.0,20.0,1.0,3.0,3,True
712832,276583,2976,VCT 2026: EMEA Stage 2,Group Stage: Week 3,2026-08-02,Lotus,2,PCIFIC Esports,BBL Esports,13,9,NINJA,28948,chamber,1.65,280.0,23.0,12.0,3.0,82.0,208.0,24.0,6.0,2.0,3,True
712832,276583,2976,VCT 2026: EMEA Stage 2,Group Stage: Week 3,2026-08-02,Lotus,2,PCIFIC Esports,BBL Esports,13,9,al0rante,5292,viper,1.22,202.0,18.0,11.0,3.0,73.0,127.0,46.0,1.0,1.0,3,True
712832,276583,2976,VCT 2026: EMEA Stage 2,Group Stage: Week 3,2026-08-02,Lotus,2,PCIFIC Esports,BBL Esports,13,9,qpert,7105,omen,0.86,168.0,11.0,13.0,11.0,73.0,118.0,21.0,1.0,1.0,3,True
712832,276583,2976,VCT 2026: EMEA Stage 2,Group Stage: Week 3,2026-08-02,Lotus,2,PCIFIC Esports,BBL Esports,13,9,waddle,8226,fade,0.86,162.0,12.0,14.0,7.0,77.0,108.0,30.0,1.0,2.0,3,True
712832,276583,2976,VCT 2026: EMEA Stage 2,Group Stage: Week 3,2026-08-02,Lotus,2,PCIFIC Esports,BBL Esports,13,9,seven,8376,raze,0.78,169.0,13.0,17.0,3.0,77.0,106.0,18.0,3.0,4.0,3,True
712832,276584,2976,VCT 2026: EMEA Stage 2,Group Stage: Week 3,2026-08-02,Ascent,3,BBL Esports,PCIFIC Esports,13,7,lovers rock,40935,yoru,1.39,266.0,19.0,10.0,3.0,85.0,157.0,13.0,7.0,1.0,3,True
712832,276584,2976,VCT 2026: EMEA Stage 2,Group Stage: Week 3,2026-08-02,Ascent,3,BBL Esports,PCIFIC Esports,13,7,Lar0k,31305,deadlock,1.26,227.0,17.0,13.0,6.0,90.0,131.0,26.0,4.0,1.0,3,True
712832,276584,2976,VCT 2026: EMEA Stage 2,Group Stage: Week 3,2026-08-02,Ascent,3,BBL Esports,PCIFIC Esports,13,7,Rosé,5565,sova,1.12,176.0,12.0,10.0,9.0,85.0,116.0,23.0,3.0,0.0,3,True
712832,276584,2976,VCT 2026: EMEA Stage 2,Group Stage: Week 3,2026-08-02,Ascent,3,BBL Esports,PCIFIC Esports,13,7,Crewen,12795,cypher,1.04,158.0,12.0,9.0,3.0,80.0,107.0,48.0,2.0,1.0,3,True
712832,276584,2976,VCT 2026: EMEA Stage 2,Group Stage: Week 3,2026-08-02,Ascent,3,BBL Esports,PCIFIC Esports,13,7,Loita,24344,omen,0.95,167.0,12.0,11.0,10.0,80.0,128.0,54.0,0.0,1.0,3,True
712832,276584,2976,VCT 2026: EMEA Stage 2,Group Stage: Week 3,2026-08-02,Ascent,3,PCIFIC Esports,BBL Esports,7,13,al0rante,5292,viper,0.92,143.0,12.0,14.0,1.0,55.0,115.0,57.0,0.0,0.0,3,True
712832,276584,2976,VCT 2026: EMEA Stage 2,Group Stage: Week 3,2026-08-02,Ascent,3,PCIFIC Esports,BBL Esports,7,13,qpert,7105,omen,0.91,164.0,12.0,15.0,5.0,60.0,103.0,40.0,0.0,2.0,3,True
712832,276584,2976,VCT 2026: EMEA Stage 2,Group Stage: Week 3,2026-08-02,Ascent,3,PCIFIC Esports,BBL Esports,7,13,waddle,8226,sova,0.87,134.0,8.0,12.0,5.0,50.0,109.0,28.0,0.0,3.0,3,True
712832,276584,2976,VCT 2026: EMEA Stage 2,Group Stage: Week 3,2026-08-02,Ascent,3,PCIFIC Esports,BBL Esports,7,13,seven,8376,phoenix,0.67,168.0,11.0,16.0,4.0,60.0,122.0,26.0,0.0,7.0,3,True
712832,276584,2976,VCT 2026: EMEA Stage 2,Group Stage: Week 3,2026-08-02,Ascent,3,PCIFIC Esports,BBL Esports,7,13,NINJA,28948,chamber,0.6,145.0,10.0,15.0,1.0,55.0,96.0,32.0,4.0,4.0,3,True
712833,276585,2976,VCT 2026: EMEA Stage 2,Group Stage: Week 3,2026-08-02,Summit,1,FNATIC,Team Heretics,11,13,crashies,4,fade,1.22,208.0,16.0,13.0,8.0,75.0,149.0,27.0,1.0,1.0,3,True
712833,276585,2976,VCT 2026: EMEA Stage 2,Group Stage: Week 3,2026-08-02,Summit,1,FNATIC,Team Heretics,11,13,Boaster,438,omen,0.95,184.0,17.0,17.0,3.0,75.0,118.0,23.0,2.0,3.0,3,True
712833,276585,2976,VCT 2026: EMEA Stage 2,Group Stage: Week 3,2026-08-02,Summit,1,FNATIC,Team Heretics,11,13,Alfajer,9810,vyse,0.92,219.0,19.0,19.0,3.0,67.0,146.0,34.0,3.0,5.0,3,True
712833,276585,2976,VCT 2026: EMEA Stage 2,Group Stage: Week 3,2026-08-02,Summit,1,FNATIC,Team Heretics,11,13,Cloud,4181,viper,0.87,139.0,13.0,14.0,4.0,58.0,112.0,22.0,0.0,4.0,3,True
712833,276585,2976,VCT 2026: EMEA Stage 2,Group Stage: Week 3,2026-08-02,Summit,1,FNATIC,Team Heretics,11,13,kaajak,9554,yoru,0.61,150.0,13.0,19.0,3.0,50.0,102.0,41.0,1.0,4.0,3,True
712833,276585,2976,VCT 2026: EMEA Stage 2,Group Stage: Week 3,2026-08-02,Summit,1,Team Heretics,FNATIC,13,11,Wo0t,21328,yoru,1.56,276.0,26.0,15.0,2.0,79.0,188.0,41.0,5.0,2.0,3,True
712833,276585,2976,VCT 2026: EMEA Stage 2,Group Stage: Week 3,2026-08-02,Summit,1,Team Heretics,FNATIC,13,11,koshmaras,23365,neon,1.12,245.0,19.0,17.0,6.0,67.0,162.0,22.0,5.0,4.0,3,True
712833,276585,2976,VCT 2026: EMEA Stage 2,Group Stage: Week 3,2026-08-02,Summit,1,Team Heretics,FNATIC,13,11,RieNs,10971,sova,0.95,160.0,12.0,14.0,4.0,71.0,113.0,44.0,4.0,0.0,3,True
712833,276585,2976,VCT 2026: EMEA Stage 2,Group Stage: Week 3,2026-08-02,Summit,1,Team Heretics,FNATIC,13,11,Boo,1144,astra,0.94,161.0,12.0,17.0,12.0,75.0,109.0,38.0,1.0,0.0,3,True
712833,276585,2976,VCT 2026: EMEA Stage 2,Group Stage: Week 3,2026-08-02,Summit,1,Team Heretics,FNATIC,13,11,benjyfishy,29873,cypher,0.74,147.0,13.0,15.0,3.0,71.0,91.0,38.0,2.0,1.0,3,True
712833,276586,2976,VCT 2026: EMEA Stage 2,Group Stage: Week 3,2026-08-02,Ascent,2,FNATIC,Team Heretics,0,13,Cloud,4181,phoenix,1.13,230.0,11.0,12.0,1.0,62.0,139.0,18.0,0.0,1.0,3,True
712833,276586,2976,VCT 2026: EMEA Stage 2,Group Stage: Week 3,2026-08-02,Ascent,2,FNATIC,Team Heretics,0,13,Alfajer,9810,cypher,0.64,124.0,6.0,12.0,1.0,54.0,75.0,45.0,1.0,0.0,3,True
712833,276586,2976,VCT 2026: EMEA Stage 2,Group Stage: Week 3,2026-08-02,Ascent,2,FNATIC,Team Heretics,0,13,crashies,4,sova,0.34,110.0,4.0,13.0,3.0,54.0,77.0,23.0,0.0,0.0,3,True
712833,276586,2976,VCT 2026: EMEA Stage 2,Group Stage: Week 3,2026-08-02,Ascent,2,FNATIC,Team Heretics,0,13,Boaster,438,omen,0.1,67.0,2.0,13.0,2.0,31.0,54.0,15.0,0.0,1.0,3,True
712833,276586,2976,VCT 2026: EMEA Stage 2,Group Stage: Week 3,2026-08-02,Ascent,2,FNATIC,Team Heretics,0,13,kaajak,9554,neon,0.03,60.0,2.0,13.0,1.0,31.0,39.0,30.0,1.0,9.0,3,True
712833,276586,2976,VCT 2026: EMEA Stage 2,Group Stage: Week 3,2026-08-02,Ascent,2,Team Heretics,FNATIC,13,0,RieNs,10971,sova,2.42,395.0,19.0,3.0,8.0,100.0,267.0,32.0,1.0,0.0,3,True
712833,276586,2976,VCT 2026: EMEA Stage 2,Group Stage: Week 3,2026-08-02,Ascent,2,Team Heretics,FNATIC,13,0,koshmaras,23365,phoenix,1.57,254.0,13.0,4.0,5.0,92.0,170.0,15.0,2.0,1.0,3,True
712833,276586,2976,VCT 2026: EMEA Stage 2,Group Stage: Week 3,2026-08-02,Ascent,2,Team Heretics,FNATIC,13,0,Boo,1144,omen,1.49,242.0,12.0,6.0,7.0,92.0,155.0,22.0,3.0,0.0,3,True
712833,276586,2976,VCT 2026: EMEA Stage 2,Group Stage: Week 3,2026-08-02,Ascent,2,Team Heretics,FNATIC,13,0,Wo0t,21328,jett,1.16,246.0,11.0,7.0,4.0,85.0,146.0,4.0,4.0,1.0,3,True
712833,276586,2976,VCT 2026: EMEA Stage 2,Group Stage: Week 3,2026-08-02,Ascent,2,Team Heretics,FNATIC,13,0,benjyfishy,29873,cypher,1.04,156.0,8.0,5.0,1.0,77.0,102.0,32.0,1.0,0.0,3,True
729664,278908,2976,VCT 2026: EMEA Stage 2,Play-Ins: Upper Round 1,2026-08-06,Lotus,1,GIANTX,Eintracht Frankfurt,13,5,Jesse,2653,omen,1.71,305.0,18.0,9.0,13.0,94.0,193.0,33.0,1.0,1.0,3,True
729664,278908,2976,VCT 2026: EMEA Stage 2,Play-Ins: Upper Round 1,2026-08-06,Lotus,1,GIANTX,Eintracht Frankfurt,13,5,ara,11332,raze,1.18,264.0,18.0,12.0,2.0,83.0,194.0,26.0,5.0,1.0,3,True
729664,278908,2976,VCT 2026: EMEA Stage 2,Play-Ins: Upper Round 1,2026-08-06,Lotus,1,GIANTX,Eintracht Frankfurt,13,5,westside,34684,cypher,1.16,181.0,13.0,10.0,1.0,72.0,121.0,55.0,3.0,2.0,3,True
729664,278908,2976,VCT 2026: EMEA Stage 2,Play-Ins: Upper Round 1,2026-08-06,Lotus,1,GIANTX,Eintracht Frankfurt,13,5,neT,6582,fade,1.11,174.0,13.0,9.0,5.0,72.0,116.0,26.0,0.0,1.0,3,True
729664,278908,2976,VCT 2026: EMEA Stage 2,Play-Ins: Upper Round 1,2026-08-06,Lotus,1,GIANTX,Eintracht Frankfurt,13,5,Flickless,6959,viper,1.08,188.0,11.0,9.0,8.0,78.0,112.0,24.0,1.0,3.0,3,True
729664,278908,2976,VCT 2026: EMEA Stage 2,Play-Ins: Upper Round 1,2026-08-06,Lotus,1,Eintracht Frankfurt,GIANTX,5,13,MONSTEERR,3127,vyse,0.95,211.0,14.0,14.0,2.0,61.0,143.0,32.0,2.0,2.0,3,True
729664,278908,2976,VCT 2026: EMEA Stage 2,Play-Ins: Upper Round 1,2026-08-06,Lotus,1,Eintracht Frankfurt,GIANTX,5,13,Jamelinho213,57336,raze,0.93,222.0,13.0,16.0,2.0,61.0,144.0,27.0,2.0,5.0,3,True
729664,278908,2976,VCT 2026: EMEA Stage 2,Play-Ins: Upper Round 1,2026-08-06,Lotus,1,Eintracht Frankfurt,GIANTX,5,13,azury,4629,viper,0.69,162.0,9.0,14.0,3.0,44.0,97.0,24.0,2.0,0.0,3,True
729664,278908,2976,VCT 2026: EMEA Stage 2,Play-Ins: Upper Round 1,2026-08-06,Lotus,1,Eintracht Frankfurt,GIANTX,5,13,musashi,4325,fade,0.59,126.0,7.0,14.0,2.0,44.0,92.0,19.0,1.0,2.0,3,True
729664,278908,2976,VCT 2026: EMEA Stage 2,Play-Ins: Upper Round 1,2026-08-06,Lotus,1,Eintracht Frankfurt,GIANTX,5,13,Fizzy,7660,omen,0.48,106.0,6.0,15.0,7.0,56.0,67.0,23.0,1.0,1.0,3,True
729664,278909,2976,VCT 2026: EMEA Stage 2,Play-Ins: Upper Round 1,2026-08-06,Ascent,2,GIANTX,Eintracht Frankfurt,9,13,ara,11332,jett,1.2,245.0,20.0,15.0,0.0,68.0,152.0,38.0,2.0,4.0,3,True
729664,278909,2976,VCT 2026: EMEA Stage 2,Play-Ins: Upper Round 1,2026-08-06,Ascent,2,GIANTX,Eintracht Frankfurt,9,13,Jesse,2653,omen,0.83,131.0,10.0,16.0,6.0,55.0,92.0,22.0,2.0,0.0,3,True
729664,278909,2976,VCT 2026: EMEA Stage 2,Play-Ins: Upper Round 1,2026-08-06,Ascent,2,GIANTX,Eintracht Frankfurt,9,13,Flickless,6959,phoenix,0.71,160.0,11.0,18.0,6.0,59.0,114.0,23.0,1.0,6.0,3,True
729664,278909,2976,VCT 2026: EMEA Stage 2,Play-Ins: Upper Round 1,2026-08-06,Ascent,2,GIANTX,Eintracht Frankfurt,9,13,westside,34684,cypher,0.63,149.0,13.0,19.0,3.0,55.0,106.0,42.0,2.0,4.0,3,True
729664,278909,2976,VCT 2026: EMEA Stage 2,Play-Ins: Upper Round 1,2026-08-06,Ascent,2,GIANTX,Eintracht Frankfurt,9,13,neT,6582,sova,0.46,138.0,8.0,20.0,8.0,68.0,102.0,24.0,1.0,0.0,3,True
729664,278909,2976,VCT 2026: EMEA Stage 2,Play-Ins: Upper Round 1,2026-08-06,Ascent,2,Eintracht Frankfurt,GIANTX,13,9,Jamelinho213,57336,jett,1.39,313.0,26.0,14.0,2.0,68.0,191.0,29.0,5.0,4.0,3,True
729664,278909,2976,VCT 2026: EMEA Stage 2,Play-Ins: Upper Round 1,2026-08-06,Ascent,2,Eintracht Frankfurt,GIANTX,13,9,musashi,4325,sova,1.32,196.0,15.0,10.0,7.0,82.0,122.0,20.0,5.0,0.0,3,True
729664,278909,2976,VCT 2026: EMEA Stage 2,Play-Ins: Upper Round 1,2026-08-06,Ascent,2,Eintracht Frankfurt,GIANTX,13,9,MONSTEERR,3127,phoenix,1.32,240.0,18.0,13.0,5.0,82.0,169.0,34.0,1.0,1.0,3,True
729664,278909,2976,VCT 2026: EMEA Stage 2,Play-Ins: Upper Round 1,2026-08-06,Ascent,2,Eintracht Frankfurt,GIANTX,13,9,Fizzy,7660,cypher,1.17,183.0,15.0,12.0,7.0,77.0,123.0,28.0,3.0,0.0,3,True
729664,278909,2976,VCT 2026: EMEA Stage 2,Play-Ins: Upper Round 1,2026-08-06,Ascent,2,Eintracht Frankfurt,GIANTX,13,9,azury,4629,omen,0.93,180.0,14.0,13.0,8.0,82.0,124.0,32.0,0.0,3.0,3,True
729664,278910,2976,VCT 2026: EMEA Stage 2,Play-Ins: Upper Round 1,2026-08-06,Summit,3,GIANTX,Eintracht Frankfurt,13,9,Jesse,2653,brimstone,1.25,245.0,19.0,14.0,8.0,77.0,161.0,27.0,4.0,2.0,3,True
729664,278910,2976,VCT 2026: EMEA Stage 2,Play-Ins: Upper Round 1,2026-08-06,Summit,3,GIANTX,Eintracht Frankfurt,13,9,neT,6582,sova,1.14,262.0,19.0,17.0,11.0,73.0,179.0,30.0,3.0,1.0,3,True
729664,278910,2976,VCT 2026: EMEA Stage 2,Play-Ins: Upper Round 1,2026-08-06,Summit,3,GIANTX,Eintracht Frankfurt,13,9,Flickless,6959,kayo,1.12,227.0,19.0,16.0,9.0,68.0,136.0,18.0,2.0,4.0,3,True
729664,278910,2976,VCT 2026: EMEA Stage 2,Play-Ins: Upper Round 1,2026-08-06,Summit,3,GIANTX,Eintracht Frankfurt,13,9,ara,11332,neon,0.94,214.0,17.0,15.0,2.0,86.0,125.0,22.0,1.0,3.0,3,True
729664,278910,2976,VCT 2026: EMEA Stage 2,Play-Ins: Upper Round 1,2026-08-06,Summit,3,GIANTX,Eintracht Frankfurt,13,9,westside,34684,cypher,0.68,124.0,11.0,17.0,3.0,64.0,93.0,30.0,2.0,0.0,3,True
729664,278910,2976,VCT 2026: EMEA Stage 2,Play-Ins: Upper Round 1,2026-08-06,Summit,3,Eintracht Frankfurt,GIANTX,9,13,MONSTEERR,3127,waylay,1.38,295.0,23.0,17.0,5.0,55.0,176.0,38.0,2.0,3.0,3,True
729664,278910,2976,VCT 2026: EMEA Stage 2,Play-Ins: Upper Round 1,2026-08-06,Summit,3,Eintracht Frankfurt,GIANTX,9,13,musashi,4325,sova,1.14,206.0,15.0,16.0,9.0,86.0,138.0,23.0,2.0,0.0,3,True
729664,278910,2976,VCT 2026: EMEA Stage 2,Play-Ins: Upper Round 1,2026-08-06,Summit,3,Eintracht Frankfurt,GIANTX,9,13,Fizzy,7660,cypher,1.0,228.0,19.0,18.0,2.0,64.0,145.0,30.0,1.0,1.0,3,True
729664,278910,2976,VCT 2026: EMEA Stage 2,Play-Ins: Upper Round 1,2026-08-06,Summit,3,Eintracht Frankfurt,GIANTX,9,13,azury,4629,omen,0.79,128.0,9.0,15.0,11.0,77.0,94.0,27.0,0.0,1.0,3,True
729664,278910,2976,VCT 2026: EMEA Stage 2,Play-Ins: Upper Round 1,2026-08-06,Summit,3,Eintracht Frankfurt,GIANTX,9,13,Jamelinho213,57336,yoru,0.57,174.0,13.0,19.0,3.0,50.0,97.0,34.0,5.0,7.0,3,True
729665,278911,2976,VCT 2026: EMEA Stage 2,Play-Ins: Upper Round 1,2026-08-06,Breeze,1,Natus Vincere,Joblife,8,13,Ruxic,18677,harbor,1.3,258.0,19.0,15.0,7.0,71.0,174.0,39.0,0.0,3.0,3,True
729665,278911,2976,VCT 2026: EMEA Stage 2,Play-Ins: Upper Round 1,2026-08-06,Breeze,1,Natus Vincere,Joblife,8,13,hiro,29867,cypher,0.93,157.0,13.0,14.0,2.0,81.0,114.0,38.0,1.0,1.0,3,True
729665,278911,2976,VCT 2026: EMEA Stage 2,Play-Ins: Upper Round 1,2026-08-06,Breeze,1,Natus Vincere,Joblife,8,13,chloric,15639,sova,0.88,162.0,11.0,14.0,7.0,62.0,105.0,17.0,2.0,2.0,3,True
729665,278911,2976,VCT 2026: EMEA Stage 2,Play-Ins: Upper Round 1,2026-08-06,Breeze,1,Natus Vincere,Joblife,8,13,CyvOph,13258,phoenix,0.59,149.0,11.0,17.0,5.0,71.0,86.0,30.0,3.0,3.0,3,True
729665,278911,2976,VCT 2026: EMEA Stage 2,Play-Ins: Upper Round 1,2026-08-06,Breeze,1,Natus Vincere,Joblife,8,13,ExiT,11917,neon,0.56,168.0,11.0,18.0,5.0,71.0,115.0,26.0,4.0,2.0,3,True
729665,278911,2976,VCT 2026: EMEA Stage 2,Play-Ins: Upper Round 1,2026-08-06,Breeze,1,Joblife,Natus Vincere,13,8,doma,1369,viper,1.24,203.0,16.0,11.0,4.0,67.0,131.0,21.0,3.0,4.0,3,True
729665,278911,2976,VCT 2026: EMEA Stage 2,Play-Ins: Upper Round 1,2026-08-06,Breeze,1,Joblife,Natus Vincere,13,8,runneR,21610,jett,1.22,231.0,19.0,14.0,6.0,71.0,172.0,47.0,1.0,2.0,3,True
729665,278911,2976,VCT 2026: EMEA Stage 2,Play-Ins: Upper Round 1,2026-08-06,Breeze,1,Joblife,Natus Vincere,13,8,kamyk,1475,omen,1.13,195.0,14.0,13.0,12.0,71.0,124.0,24.0,1.0,1.0,3,True
729665,278911,2976,VCT 2026: EMEA Stage 2,Play-Ins: Upper Round 1,2026-08-06,Breeze,1,Joblife,Natus Vincere,13,8,Pa1ze,24424,neon,1.05,222.0,14.0,14.0,7.0,76.0,154.0,35.0,6.0,2.0,3,True
729665,278911,2976,VCT 2026: EMEA Stage 2,Play-Ins: Upper Round 1,2026-08-06,Breeze,1,Joblife,Natus Vincere,13,8,UNFAKE,4521,sova,1.02,182.0,15.0,13.0,4.0,86.0,118.0,24.0,0.0,1.0,3,True
729665,278912,2976,VCT 2026: EMEA Stage 2,Play-Ins: Upper Round 1,2026-08-06,Split,2,Natus Vincere,Joblife,13,7,Ruxic,18677,omen,1.51,250.0,19.0,10.0,8.0,75.0,160.0,28.0,2.0,1.0,3,True
729665,278912,2976,VCT 2026: EMEA Stage 2,Play-Ins: Upper Round 1,2026-08-06,Split,2,Natus Vincere,Joblife,13,7,hiro,29867,viper,1.21,225.0,18.0,12.0,4.0,65.0,161.0,37.0,1.0,3.0,3,True
729665,278912,2976,VCT 2026: EMEA Stage 2,Play-Ins: Upper Round 1,2026-08-06,Split,2,Natus Vincere,Joblife,13,7,ExiT,11917,neon,1.2,283.0,21.0,17.0,4.0,85.0,188.0,21.0,5.0,3.0,3,True
729665,278912,2976,VCT 2026: EMEA Stage 2,Play-Ins: Upper Round 1,2026-08-06,Split,2,Natus Vincere,Joblife,13,7,chloric,15639,fade,0.91,180.0,13.0,13.0,5.0,70.0,120.0,21.0,1.0,3.0,3,True
729665,278912,2976,VCT 2026: EMEA Stage 2,Play-Ins: Upper Round 1,2026-08-06,Split,2,Natus Vincere,Joblife,13,7,CyvOph,13258,phoenix,0.83,155.0,10.0,13.0,8.0,75.0,108.0,19.0,1.0,0.0,3,True
729665,278912,2976,VCT 2026: EMEA Stage 2,Play-Ins: Upper Round 1,2026-08-06,Split,2,Joblife,Natus Vincere,7,13,runneR,21610,waylay,1.3,253.0,17.0,15.0,7.0,60.0,171.0,36.0,4.0,1.0,3,True
729665,278912,2976,VCT 2026: EMEA Stage 2,Play-Ins: Upper Round 1,2026-08-06,Split,2,Joblife,Natus Vincere,7,13,kamyk,1475,viper,0.91,219.0,15.0,17.0,4.0,80.0,140.0,40.0,0.0,3.0,3,True
729665,278912,2976,VCT 2026: EMEA Stage 2,Play-Ins: Upper Round 1,2026-08-06,Split,2,Joblife,Natus Vincere,7,13,doma,1369,omen,0.85,160.0,12.0,14.0,3.0,80.0,82.0,12.0,1.0,0.0,3,True
729665,278912,2976,VCT 2026: EMEA Stage 2,Play-Ins: Upper Round 1,2026-08-06,Split,2,Joblife,Natus Vincere,7,13,Pa1ze,24424,jett,0.67,166.0,10.0,18.0,6.0,60.0,121.0,16.0,5.0,5.0,3,True
729665,278912,2976,VCT 2026: EMEA Stage 2,Play-Ins: Upper Round 1,2026-08-06,Split,2,Joblife,Natus Vincere,7,13,UNFAKE,4521,skye,0.65,144.0,11.0,17.0,9.0,65.0,79.0,17.0,0.0,1.0,3,True
729665,278913,2976,VCT 2026: EMEA Stage 2,Play-Ins: Upper Round 1,2026-08-06,Ascent,3,Natus Vincere,Joblife,13,15,chloric,15639,sova,1.22,221.0,21.0,18.0,8.0,64.0,150.0,23.0,4.0,1.0,3,True
729665,278913,2976,VCT 2026: EMEA Stage 2,Play-Ins: Upper Round 1,2026-08-06,Ascent,3,Natus Vincere,Joblife,13,15,Ruxic,18677,omen,1.03,184.0,18.0,20.0,12.0,79.0,124.0,35.0,2.0,2.0,3,True
729665,278913,2976,VCT 2026: EMEA Stage 2,Play-Ins: Upper Round 1,2026-08-06,Ascent,3,Natus Vincere,Joblife,13,15,hiro,29867,cypher,0.96,225.0,22.0,22.0,7.0,75.0,147.0,36.0,3.0,2.0,3,True
729665,278913,2976,VCT 2026: EMEA Stage 2,Play-Ins: Upper Round 1,2026-08-06,Ascent,3,Natus Vincere,Joblife,13,15,ExiT,11917,neon,0.78,185.0,19.0,21.0,7.0,61.0,122.0,24.0,2.0,9.0,3,True
729665,278913,2976,VCT 2026: EMEA Stage 2,Play-Ins: Upper Round 1,2026-08-06,Ascent,3,Natus Vincere,Joblife,13,15,CyvOph,13258,phoenix,0.78,153.0,15.0,23.0,11.0,79.0,95.0,20.0,1.0,2.0,3,True
729665,278913,2976,VCT 2026: EMEA Stage 2,Play-Ins: Upper Round 1,2026-08-06,Ascent,3,Joblife,Natus Vincere,15,13,runneR,21610,kayo,1.4,261.0,27.0,18.0,11.0,79.0,174.0,30.0,2.0,2.0,3,True
729665,278913,2976,VCT 2026: EMEA Stage 2,Play-Ins: Upper Round 1,2026-08-06,Ascent,3,Joblife,Natus Vincere,15,13,kamyk,1475,omen,1.05,205.0,21.0,19.0,8.0,68.0,134.0,25.0,3.0,5.0,3,True
729665,278913,2976,VCT 2026: EMEA Stage 2,Play-Ins: Upper Round 1,2026-08-06,Ascent,3,Joblife,Natus Vincere,15,13,UNFAKE,4521,sova,1.03,212.0,21.0,20.0,6.0,75.0,141.0,35.0,3.0,1.0,3,True
729665,278913,2976,VCT 2026: EMEA Stage 2,Play-Ins: Upper Round 1,2026-08-06,Ascent,3,Joblife,Natus Vincere,15,13,Pa1ze,24424,jett,0.93,232.0,22.0,22.0,5.0,75.0,155.0,36.0,7.0,2.0,3,True
729665,278913,2976,VCT 2026: EMEA Stage 2,Play-Ins: Upper Round 1,2026-08-06,Ascent,3,Joblife,Natus Vincere,15,13,doma,1369,cypher,0.89,130.0,13.0,16.0,10.0,68.0,81.0,14.0,1.0,2.0,3,True
729666,278914,2976,VCT 2026: EMEA Stage 2,Play-Ins: Upper Round 1,2026-08-07,Summit,1,PCIFIC Esports,Fire Flux Esports,5,13,seven,8376,neon,1.13,255.0,15.0,14.0,3.0,78.0,166.0,25.0,2.0,2.0,3,True
729666,278914,2976,VCT 2026: EMEA Stage 2,Play-Ins: Upper Round 1,2026-08-07,Summit,1,PCIFIC Esports,Fire Flux Esports,5,13,qpert,7105,harbor,0.78,171.0,11.0,15.0,4.0,67.0,122.0,33.0,3.0,2.0,3,True
729666,278914,2976,VCT 2026: EMEA Stage 2,Play-Ins: Upper Round 1,2026-08-07,Summit,1,PCIFIC Esports,Fire Flux Esports,5,13,al0rante,5292,viper,0.7,168.0,10.0,14.0,1.0,56.0,103.0,43.0,2.0,3.0,3,True
729666,278914,2976,VCT 2026: EMEA Stage 2,Play-Ins: Upper Round 1,2026-08-07,Summit,1,PCIFIC Esports,Fire Flux Esports,5,13,waddle,8226,fade,0.69,160.0,12.0,15.0,4.0,67.0,99.0,25.0,0.0,0.0,3,True
729666,278914,2976,VCT 2026: EMEA Stage 2,Play-Ins: Upper Round 1,2026-08-07,Summit,1,PCIFIC Esports,Fire Flux Esports,5,13,NINJA,28948,chamber,0.49,118.0,7.0,13.0,2.0,50.0,77.0,29.0,1.0,3.0,3,True
729666,278914,2976,VCT 2026: EMEA Stage 2,Play-Ins: Upper Round 1,2026-08-07,Summit,1,Fire Flux Esports,PCIFIC Esports,13,5,batujnax,18615,fade,1.8,307.0,20.0,8.0,8.0,83.0,203.0,33.0,0.0,0.0,3,True
729666,278914,2976,VCT 2026: EMEA Stage 2,Play-Ins: Upper Round 1,2026-08-07,Summit,1,Fire Flux Esports,PCIFIC Esports,13,5,DeadInk,5564,chamber,1.48,230.0,16.0,8.0,3.0,78.0,156.0,12.0,4.0,2.0,3,True
729666,278914,2976,VCT 2026: EMEA Stage 2,Play-Ins: Upper Round 1,2026-08-07,Summit,1,Fire Flux Esports,PCIFIC Esports,13,5,reazy,10146,viper,1.03,186.0,12.0,12.0,5.0,83.0,117.0,16.0,3.0,1.0,3,True
729666,278914,2976,VCT 2026: EMEA Stage 2,Play-Ins: Upper Round 1,2026-08-07,Summit,1,Fire Flux Esports,PCIFIC Esports,13,5,hezacoil,55694,omen,0.95,159.0,10.0,13.0,14.0,72.0,110.0,35.0,1.0,1.0,3,True
729666,278914,2976,VCT 2026: EMEA Stage 2,Play-Ins: Upper Round 1,2026-08-07,Summit,1,Fire Flux Esports,PCIFIC Esports,13,5,Kachoww,58496,neon,0.71,190.0,13.0,14.0,1.0,61.0,112.0,52.0,2.0,4.0,3,True
729666,278915,2976,VCT 2026: EMEA Stage 2,Play-Ins: Upper Round 1,2026-08-07,Split,2,PCIFIC Esports,Fire Flux Esports,6,13,seven,8376,neon,1.15,256.0,16.0,16.0,9.0,74.0,164.0,23.0,3.0,2.0,3,True
729666,278915,2976,VCT 2026: EMEA Stage 2,Play-Ins: Upper Round 1,2026-08-07,Split,2,PCIFIC Esports,Fire Flux Esports,6,13,waddle,8226,fade,1.14,216.0,15.0,13.0,7.0,79.0,146.0,33.0,1.0,0.0,3,True
729666,278915,2976,VCT 2026: EMEA Stage 2,Play-Ins: Upper Round 1,2026-08-07,Split,2,PCIFIC Esports,Fire Flux Esports,6,13,al0rante,5292,viper,1.13,199.0,15.0,13.0,3.0,74.0,143.0,37.0,0.0,2.0,3,True
729666,278915,2976,VCT 2026: EMEA Stage 2,Play-Ins: Upper Round 1,2026-08-07,Split,2,PCIFIC Esports,Fire Flux Esports,6,13,qpert,7105,omen,0.8,152.0,10.0,16.0,12.0,79.0,105.0,41.0,0.0,4.0,3,True
729666,278915,2976,VCT 2026: EMEA Stage 2,Play-Ins: Upper Round 1,2026-08-07,Split,2,PCIFIC Esports,Fire Flux Esports,6,13,NINJA,28948,phoenix,0.42,125.0,6.0,16.0,4.0,53.0,95.0,16.0,1.0,6.0,3,True
729666,278915,2976,VCT 2026: EMEA Stage 2,Play-Ins: Upper Round 1,2026-08-07,Split,2,Fire Flux Esports,PCIFIC Esports,13,6,Kachoww,58496,neon,1.3,298.0,22.0,14.0,4.0,84.0,187.0,43.0,4.0,1.0,3,True
729666,278915,2976,VCT 2026: EMEA Stage 2,Play-Ins: Upper Round 1,2026-08-07,Split,2,Fire Flux Esports,PCIFIC Esports,13,6,batujnax,18615,skye,1.2,207.0,12.0,12.0,12.0,84.0,145.0,21.0,2.0,1.0,3,True
729666,278915,2976,VCT 2026: EMEA Stage 2,Play-Ins: Upper Round 1,2026-08-07,Split,2,Fire Flux Esports,PCIFIC Esports,13,6,hezacoil,55694,astra,1.16,186.0,12.0,10.0,7.0,74.0,110.0,26.0,4.0,0.0,3,True
729666,278915,2976,VCT 2026: EMEA Stage 2,Play-Ins: Upper Round 1,2026-08-07,Split,2,Fire Flux Esports,PCIFIC Esports,13,6,reazy,10146,omen,1.05,171.0,13.0,11.0,6.0,74.0,113.0,37.0,1.0,1.0,3,True
729666,278915,2976,VCT 2026: EMEA Stage 2,Play-Ins: Upper Round 1,2026-08-07,Split,2,Fire Flux Esports,PCIFIC Esports,13,6,DeadInk,5564,waylay,0.97,219.0,15.0,15.0,5.0,63.0,145.0,18.0,3.0,2.0,3,True
729667,278917,2976,VCT 2026: EMEA Stage 2,Play-Ins: Upper Round 1,2026-08-07,Lotus,1,FNATIC,Enterprise Esports,13,3,kaajak,9554,raze,1.93,288.0,20.0,6.0,0.0,81.0,182.0,26.0,1.0,0.0,3,True
729667,278917,2976,VCT 2026: EMEA Stage 2,Play-Ins: Upper Round 1,2026-08-07,Lotus,1,FNATIC,Enterprise Esports,13,3,Boaster,438,omen,1.62,234.0,14.0,5.0,7.0,81.0,151.0,44.0,1.0,2.0,3,True
729667,278917,2976,VCT 2026: EMEA Stage 2,Play-Ins: Upper Round 1,2026-08-07,Lotus,1,FNATIC,Enterprise Esports,13,3,crashies,4,viper,1.24,246.0,13.0,9.0,8.0,88.0,168.0,18.0,2.0,0.0,3,True
729667,278917,2976,VCT 2026: EMEA Stage 2,Play-Ins: Upper Round 1,2026-08-07,Lotus,1,FNATIC,Enterprise Esports,13,3,Cloud,4181,fade,1.0,138.0,8.0,7.0,6.0,81.0,96.0,17.0,1.0,0.0,3,True
729667,278917,2976,VCT 2026: EMEA Stage 2,Play-Ins: Upper Round 1,2026-08-07,Lotus,1,FNATIC,Enterprise Esports,13,3,Alfajer,9810,chamber,0.94,245.0,14.0,12.0,3.0,75.0,151.0,15.0,4.0,5.0,3,True
729667,278917,2976,VCT 2026: EMEA Stage 2,Play-Ins: Upper Round 1,2026-08-07,Lotus,1,Enterprise Esports,FNATIC,3,13,iluri,3674,skye,0.77,172.0,11.0,14.0,1.0,63.0,120.0,25.0,0.0,1.0,3,True
729667,278917,2976,VCT 2026: EMEA Stage 2,Play-Ins: Upper Round 1,2026-08-07,Lotus,1,Enterprise Esports,FNATIC,3,13,kozzy,55681,raze,0.74,184.0,9.0,14.0,3.0,56.0,113.0,21.0,1.0,1.0,3,True
729667,278917,2976,VCT 2026: EMEA Stage 2,Play-Ins: Upper Round 1,2026-08-07,Lotus,1,Enterprise Esports,FNATIC,3,13,paTiTek,309,omen,0.72,165.0,8.0,13.0,4.0,50.0,103.0,13.0,1.0,2.0,3,True
729667,278917,2976,VCT 2026: EMEA Stage 2,Play-Ins: Upper Round 1,2026-08-07,Lotus,1,Enterprise Esports,FNATIC,3,13,MAGNUM,2173,vyse,0.7,153.0,5.0,13.0,7.0,50.0,111.0,25.0,1.0,0.0,3,True
729667,278917,2976,VCT 2026: EMEA Stage 2,Play-Ins: Upper Round 1,2026-08-07,Lotus,1,Enterprise Esports,FNATIC,3,13,Lime,10338,neon,0.25,108.0,6.0,15.0,0.0,38.0,67.0,19.0,4.0,5.0,3,True
729667,278918,2976,VCT 2026: EMEA Stage 2,Play-Ins: Upper Round 1,2026-08-07,Split,2,FNATIC,Enterprise Esports,10,13,Alfajer,9810,neon,1.16,262.0,21.0,18.0,4.0,65.0,166.0,42.0,1.0,5.0,3,True
729667,278918,2976,VCT 2026: EMEA Stage 2,Play-Ins: Upper Round 1,2026-08-07,Split,2,FNATIC,Enterprise Esports,10,13,Cloud,4181,fade,0.94,177.0,15.0,16.0,6.0,61.0,117.0,28.0,2.0,1.0,3,True
729667,278918,2976,VCT 2026: EMEA Stage 2,Play-Ins: Upper Round 1,2026-08-07,Split,2,FNATIC,Enterprise Esports,10,13,crashies,4,viper,0.83,171.0,14.0,17.0,3.0,65.0,98.0,22.0,1.0,0.0,3,True
729667,278918,2976,VCT 2026: EMEA Stage 2,Play-Ins: Upper Round 1,2026-08-07,Split,2,FNATIC,Enterprise Esports,10,13,Boaster,438,omen,0.77,140.0,12.0,16.0,6.0,61.0,94.0,28.0,1.0,3.0,3,True
729667,278918,2976,VCT 2026: EMEA Stage 2,Play-Ins: Upper Round 1,2026-08-07,Split,2,FNATIC,Enterprise Esports,10,13,kaajak,9554,phoenix,0.65,149.0,11.0,18.0,10.0,74.0,101.0,29.0,3.0,6.0,3,True
729667,278918,2976,VCT 2026: EMEA Stage 2,Play-Ins: Upper Round 1,2026-08-07,Split,2,Enterprise Esports,FNATIC,13,10,kozzy,55681,neon,1.35,271.0,23.0,15.0,5.0,74.0,181.0,31.0,3.0,3.0,3,True
729667,278918,2976,VCT 2026: EMEA Stage 2,Play-Ins: Upper Round 1,2026-08-07,Split,2,Enterprise Esports,FNATIC,13,10,paTiTek,309,omen,1.14,193.0,16.0,12.0,8.0,91.0,122.0,23.0,5.0,1.0,3,True
729667,278918,2976,VCT 2026: EMEA Stage 2,Play-Ins: Upper Round 1,2026-08-07,Split,2,Enterprise Esports,FNATIC,13,10,iluri,3674,fade,1.08,189.0,15.0,13.0,2.0,65.0,130.0,32.0,1.0,0.0,3,True
729667,278918,2976,VCT 2026: EMEA Stage 2,Play-Ins: Upper Round 1,2026-08-07,Split,2,Enterprise Esports,FNATIC,13,10,MAGNUM,2173,viper,0.98,225.0,19.0,17.0,5.0,65.0,129.0,26.0,5.0,3.0,3,True
729667,278918,2976,VCT 2026: EMEA Stage 2,Play-Ins: Upper Round 1,2026-08-07,Split,2,Enterprise Esports,FNATIC,13,10,Lime,10338,phoenix,0.95,159.0,12.0,16.0,13.0,70.0,109.0,31.0,1.0,1.0,3,True
729667,278919,2976,VCT 2026: EMEA Stage 2,Play-Ins: Upper Round 1,2026-08-07,Haven,3,FNATIC,Enterprise Esports,11,13,kaajak,9554,phoenix,1.24,246.0,21.0,16.0,5.0,79.0,159.0,38.0,4.0,1.0,3,True
729667,278919,2976,VCT 2026: EMEA Stage 2,Play-Ins: Upper Round 1,2026-08-07,Haven,3,FNATIC,Enterprise Esports,11,13,Cloud,4181,sova,0.97,160.0,13.0,13.0,2.0,75.0,111.0,17.0,1.0,2.0,3,True
729667,278919,2976,VCT 2026: EMEA Stage 2,Play-Ins: Upper Round 1,2026-08-07,Haven,3,FNATIC,Enterprise Esports,11,13,crashies,4,cypher,0.94,155.0,13.0,13.0,2.0,63.0,101.0,27.0,1.0,1.0,3,True
729667,278919,2976,VCT 2026: EMEA Stage 2,Play-Ins: Upper Round 1,2026-08-07,Haven,3,FNATIC,Enterprise Esports,11,13,Boaster,438,omen,0.8,138.0,12.0,15.0,4.0,63.0,83.0,29.0,3.0,2.0,3,True
729667,278919,2976,VCT 2026: EMEA Stage 2,Play-Ins: Upper Round 1,2026-08-07,Haven,3,FNATIC,Enterprise Esports,11,13,Alfajer,9810,neon,0.8,166.0,15.0,16.0,6.0,58.0,104.0,24.0,1.0,8.0,3,True
729667,278919,2976,VCT 2026: EMEA Stage 2,Play-Ins: Upper Round 1,2026-08-07,Haven,3,Enterprise Esports,FNATIC,13,11,Lime,10338,phoenix,1.31,208.0,18.0,12.0,3.0,79.0,136.0,41.0,4.0,0.0,3,True
729667,278919,2976,VCT 2026: EMEA Stage 2,Play-Ins: Upper Round 1,2026-08-07,Haven,3,Enterprise Esports,FNATIC,13,11,paTiTek,309,omen,1.09,203.0,16.0,14.0,11.0,79.0,120.0,16.0,2.0,2.0,3,True
729667,278919,2976,VCT 2026: EMEA Stage 2,Play-Ins: Upper Round 1,2026-08-07,Haven,3,Enterprise Esports,FNATIC,13,11,kozzy,55681,neon,0.9,180.0,15.0,16.0,3.0,58.0,119.0,12.0,4.0,3.0,3,True
729667,278919,2976,VCT 2026: EMEA Stage 2,Play-Ins: Upper Round 1,2026-08-07,Haven,3,Enterprise Esports,FNATIC,13,11,MAGNUM,2173,cypher,0.83,162.0,14.0,16.0,4.0,67.0,114.0,25.0,1.0,5.0,3,True
729667,278919,2976,VCT 2026: EMEA Stage 2,Play-Ins: Upper Round 1,2026-08-07,Haven,3,Enterprise Esports,FNATIC,13,11,iluri,3674,sova,0.78,140.0,10.0,16.0,2.0,50.0,112.0,43.0,3.0,0.0,3,True
729668,278920,2976,VCT 2026: EMEA Stage 2,Play-Ins: Upper Quarterfinals,2026-08-08,Split,1,FUT Esports,GIANTX,13,6,xeus,12793,raze,1.49,274.0,20.0,12.0,1.0,79.0,185.0,24.0,2.0,2.0,3,True
729668,278920,2976,VCT 2026: EMEA Stage 2,Play-Ins: Upper Quarterfinals,2026-08-08,Split,1,FUT Esports,GIANTX,13,6,s0pp,39357,neon,1.42,252.0,16.0,9.0,7.0,74.0,189.0,22.0,3.0,1.0,3,True
729668,278920,2976,VCT 2026: EMEA Stage 2,Play-Ins: Upper Quarterfinals,2026-08-08,Split,1,FUT Esports,GIANTX,13,6,yetujey,8369,viper,1.27,202.0,15.0,8.0,2.0,89.0,122.0,25.0,2.0,1.0,3,True
729668,278920,2976,VCT 2026: EMEA Stage 2,Play-Ins: Upper Quarterfinals,2026-08-08,Split,1,FUT Esports,GIANTX,13,6,KROSTALY,15735,skye,0.98,140.0,10.0,10.0,6.0,74.0,97.0,32.0,1.0,0.0,3,True
729668,278920,2976,VCT 2026: EMEA Stage 2,Play-Ins: Upper Quarterfinals,2026-08-08,Split,1,FUT Esports,GIANTX,13,6,sociablEE,5568,omen,0.62,162.0,10.0,15.0,6.0,74.0,96.0,18.0,3.0,4.0,3,True
729668,278920,2976,VCT 2026: EMEA Stage 2,Play-Ins: Upper Quarterfinals,2026-08-08,Split,1,GIANTX,FUT Esports,6,13,neT,6582,fade,0.94,180.0,11.0,13.0,6.0,68.0,116.0,40.0,2.0,3.0,3,True
729668,278920,2976,VCT 2026: EMEA Stage 2,Play-Ins: Upper Quarterfinals,2026-08-08,Split,1,GIANTX,FUT Esports,6,13,Flickless,6959,viper,0.85,159.0,11.0,14.0,5.0,68.0,104.0,39.0,2.0,1.0,3,True
729668,278920,2976,VCT 2026: EMEA Stage 2,Play-Ins: Upper Quarterfinals,2026-08-08,Split,1,GIANTX,FUT Esports,6,13,ara,11332,neon,0.79,210.0,11.0,15.0,6.0,63.0,141.0,33.0,1.0,5.0,3,True
729668,278920,2976,VCT 2026: EMEA Stage 2,Play-Ins: Upper Quarterfinals,2026-08-08,Split,1,GIANTX,FUT Esports,6,13,westside,34684,phoenix,0.78,186.0,12.0,15.0,3.0,79.0,107.0,31.0,3.0,2.0,3,True
729668,278920,2976,VCT 2026: EMEA Stage 2,Play-Ins: Upper Quarterfinals,2026-08-08,Split,1,GIANTX,FUT Esports,6,13,Jesse,2653,omen,0.71,127.0,9.0,14.0,3.0,63.0,79.0,33.0,0.0,0.0,3,True
729668,278921,2976,VCT 2026: EMEA Stage 2,Play-Ins: Upper Quarterfinals,2026-08-08,Sunset,2,FUT Esports,GIANTX,13,10,yetujey,8369,cypher,1.52,258.0,24.0,13.0,4.0,57.0,165.0,32.0,2.0,1.0,3,True
729668,278921,2976,VCT 2026: EMEA Stage 2,Play-Ins: Upper Quarterfinals,2026-08-08,Sunset,2,FUT Esports,GIANTX,13,10,s0pp,39357,neon,1.35,290.0,24.0,16.0,4.0,87.0,195.0,30.0,2.0,2.0,3,True
729668,278921,2976,VCT 2026: EMEA Stage 2,Play-Ins: Upper Quarterfinals,2026-08-08,Sunset,2,FUT Esports,GIANTX,13,10,sociablEE,5568,omen,1.14,216.0,17.0,16.0,15.0,74.0,142.0,25.0,3.0,1.0,3,True
729668,278921,2976,VCT 2026: EMEA Stage 2,Play-Ins: Upper Quarterfinals,2026-08-08,Sunset,2,FUT Esports,GIANTX,13,10,xeus,12793,waylay,0.87,176.0,14.0,16.0,2.0,74.0,124.0,36.0,4.0,5.0,3,True
729668,278921,2976,VCT 2026: EMEA Stage 2,Play-Ins: Upper Quarterfinals,2026-08-08,Sunset,2,FUT Esports,GIANTX,13,10,KROSTALY,15735,sova,0.8,142.0,9.0,16.0,13.0,83.0,104.0,36.0,1.0,2.0,3,True
729668,278921,2976,VCT 2026: EMEA Stage 2,Play-Ins: Upper Quarterfinals,2026-08-08,Sunset,2,GIANTX,FUT Esports,10,13,ara,11332,neon,1.21,246.0,20.0,16.0,6.0,61.0,157.0,24.0,1.0,2.0,3,True
729668,278921,2976,VCT 2026: EMEA Stage 2,Play-Ins: Upper Quarterfinals,2026-08-08,Sunset,2,GIANTX,FUT Esports,10,13,neT,6582,sova,1.0,216.0,16.0,18.0,7.0,70.0,161.0,35.0,3.0,0.0,3,True
729668,278921,2976,VCT 2026: EMEA Stage 2,Play-Ins: Upper Quarterfinals,2026-08-08,Sunset,2,GIANTX,FUT Esports,10,13,Flickless,6959,phoenix,0.89,216.0,17.0,20.0,7.0,70.0,143.0,29.0,2.0,2.0,3,True
729668,278921,2976,VCT 2026: EMEA Stage 2,Play-Ins: Upper Quarterfinals,2026-08-08,Sunset,2,GIANTX,FUT Esports,10,13,westside,34684,cypher,0.69,168.0,13.0,18.0,5.0,65.0,103.0,31.0,5.0,4.0,3,True
729668,278921,2976,VCT 2026: EMEA Stage 2,Play-Ins: Upper Quarterfinals,2026-08-08,Sunset,2,GIANTX,FUT Esports,10,13,Jesse,2653,omen,0.66,113.0,11.0,17.0,10.0,65.0,63.0,16.0,0.0,4.0,3,True
729669,278923,2976,VCT 2026: EMEA Stage 2,Play-Ins: Upper Quarterfinals,2026-08-08,Lotus,1,Eternal Fire,Joblife,10,13,Favian,41720,neon,1.16,257.0,21.0,16.0,5.0,74.0,173.0,18.0,3.0,3.0,3,True
729669,278923,2976,VCT 2026: EMEA Stage 2,Play-Ins: Upper Quarterfinals,2026-08-08,Lotus,1,Eternal Fire,Joblife,10,13,echo,49346,viper,0.95,224.0,16.0,17.0,5.0,65.0,155.0,29.0,4.0,2.0,3,True
729669,278923,2976,VCT 2026: EMEA Stage 2,Play-Ins: Upper Quarterfinals,2026-08-08,Lotus,1,Eternal Fire,Joblife,10,13,Spear,41718,waylay,0.81,155.0,12.0,15.0,4.0,70.0,108.0,41.0,2.0,4.0,3,True
729669,278923,2976,VCT 2026: EMEA Stage 2,Play-Ins: Upper Quarterfinals,2026-08-08,Lotus,1,Eternal Fire,Joblife,10,13,nekky,12670,fade,0.75,157.0,14.0,16.0,3.0,65.0,97.0,39.0,0.0,2.0,3,True
729669,278923,2976,VCT 2026: EMEA Stage 2,Play-Ins: Upper Quarterfinals,2026-08-08,Lotus,1,Eternal Fire,Joblife,10,13,audaz,40843,omen,0.67,157.0,12.0,17.0,6.0,74.0,106.0,31.0,3.0,0.0,3,True
729669,278923,2976,VCT 2026: EMEA Stage 2,Play-Ins: Upper Quarterfinals,2026-08-08,Lotus,1,Joblife,Eternal Fire,13,10,runneR,21610,raze,1.37,231.0,18.0,14.0,7.0,83.0,146.0,25.0,2.0,2.0,3,True
729669,278923,2976,VCT 2026: EMEA Stage 2,Play-Ins: Upper Quarterfinals,2026-08-08,Lotus,1,Joblife,Eternal Fire,13,10,Pa1ze,24424,neon,1.3,294.0,23.0,18.0,5.0,74.0,184.0,32.0,6.0,7.0,3,True
729669,278923,2976,VCT 2026: EMEA Stage 2,Play-Ins: Upper Quarterfinals,2026-08-08,Lotus,1,Joblife,Eternal Fire,13,10,kamyk,1475,omen,1.11,164.0,16.0,14.0,5.0,78.0,105.0,15.0,1.0,0.0,3,True
729669,278923,2976,VCT 2026: EMEA Stage 2,Play-Ins: Upper Quarterfinals,2026-08-08,Lotus,1,Joblife,Eternal Fire,13,10,doma,1369,vyse,0.87,188.0,15.0,16.0,4.0,57.0,116.0,28.0,2.0,2.0,3,True
729669,278923,2976,VCT 2026: EMEA Stage 2,Play-Ins: Upper Quarterfinals,2026-08-08,Lotus,1,Joblife,Eternal Fire,13,10,UNFAKE,4521,fade,0.8,121.0,9.0,13.0,6.0,74.0,92.0,26.0,0.0,1.0,3,True
729669,278924,2976,VCT 2026: EMEA Stage 2,Play-Ins: Upper Quarterfinals,2026-08-08,Split,2,Eternal Fire,Joblife,14,12,Spear,41718,phoenix,1.28,231.0,21.0,16.0,11.0,77.0,143.0,36.0,2.0,5.0,3,True
729669,278924,2976,VCT 2026: EMEA Stage 2,Play-Ins: Upper Quarterfinals,2026-08-08,Split,2,Eternal Fire,Joblife,14,12,nekky,12670,fade,0.97,180.0,17.0,16.0,5.0,69.0,124.0,27.0,1.0,0.0,3,True
729669,278924,2976,VCT 2026: EMEA Stage 2,Play-Ins: Upper Quarterfinals,2026-08-08,Split,2,Eternal Fire,Joblife,14,12,echo,49346,viper,0.93,175.0,16.0,17.0,4.0,73.0,136.0,27.0,2.0,1.0,3,True
729669,278924,2976,VCT 2026: EMEA Stage 2,Play-Ins: Upper Quarterfinals,2026-08-08,Split,2,Eternal Fire,Joblife,14,12,audaz,40843,omen,0.89,150.0,14.0,15.0,7.0,69.0,106.0,27.0,1.0,2.0,3,True
729669,278924,2976,VCT 2026: EMEA Stage 2,Play-Ins: Upper Quarterfinals,2026-08-08,Split,2,Eternal Fire,Joblife,14,12,Favian,41720,neon,0.84,180.0,18.0,18.0,3.0,65.0,110.0,26.0,9.0,3.0,3,True
729669,278924,2976,VCT 2026: EMEA Stage 2,Play-Ins: Upper Quarterfinals,2026-08-08,Split,2,Joblife,Eternal Fire,12,14,kamyk,1475,astra,1.32,252.0,23.0,14.0,7.0,77.0,154.0,26.0,3.0,0.0,3,True
729669,278924,2976,VCT 2026: EMEA Stage 2,Play-Ins: Upper Quarterfinals,2026-08-08,Split,2,Joblife,Eternal Fire,12,14,UNFAKE,4521,fade,1.16,210.0,19.0,17.0,4.0,69.0,135.0,34.0,1.0,1.0,3,True
729669,278924,2976,VCT 2026: EMEA Stage 2,Play-Ins: Upper Quarterfinals,2026-08-08,Split,2,Joblife,Eternal Fire,12,14,Pa1ze,24424,neon,0.9,144.0,15.0,17.0,6.0,69.0,91.0,27.0,3.0,6.0,3,True
729669,278924,2976,VCT 2026: EMEA Stage 2,Play-Ins: Upper Quarterfinals,2026-08-08,Split,2,Joblife,Eternal Fire,12,14,doma,1369,vyse,0.89,176.0,16.0,18.0,5.0,62.0,113.0,16.0,1.0,1.0,3,True
729669,278924,2976,VCT 2026: EMEA Stage 2,Play-Ins: Upper Quarterfinals,2026-08-08,Split,2,Joblife,Eternal Fire,12,14,runneR,21610,raze,0.61,131.0,9.0,20.0,8.0,65.0,97.0,17.0,3.0,7.0,3,True
729669,278925,2976,VCT 2026: EMEA Stage 2,Play-Ins: Upper Quarterfinals,2026-08-08,Ascent,3,Eternal Fire,Joblife,13,7,Favian,41720,waylay,1.64,313.0,25.0,11.0,3.0,75.0,186.0,29.0,4.0,1.0,3,True
729669,278925,2976,VCT 2026: EMEA Stage 2,Play-Ins: Upper Quarterfinals,2026-08-08,Ascent,3,Eternal Fire,Joblife,13,7,audaz,40843,omen,1.19,162.0,12.0,10.0,8.0,70.0,120.0,44.0,1.0,1.0,3,True
729669,278925,2976,VCT 2026: EMEA Stage 2,Play-Ins: Upper Quarterfinals,2026-08-08,Ascent,3,Eternal Fire,Joblife,13,7,nekky,12670,sova,1.15,180.0,13.0,12.0,7.0,70.0,140.0,33.0,0.0,1.0,3,True
729669,278925,2976,VCT 2026: EMEA Stage 2,Play-Ins: Upper Quarterfinals,2026-08-08,Ascent,3,Eternal Fire,Joblife,13,7,echo,49346,vyse,1.0,179.0,13.0,12.0,5.0,65.0,105.0,42.0,1.0,2.0,3,True
729669,278925,2976,VCT 2026: EMEA Stage 2,Play-Ins: Upper Quarterfinals,2026-08-08,Ascent,3,Eternal Fire,Joblife,13,7,Spear,41718,jett,0.57,152.0,10.0,15.0,4.0,50.0,102.0,16.0,4.0,5.0,3,True
729669,278925,2976,VCT 2026: EMEA Stage 2,Play-Ins: Upper Quarterfinals,2026-08-08,Ascent,3,Joblife,Eternal Fire,7,13,runneR,21610,kayo,1.27,263.0,17.0,16.0,10.0,80.0,185.0,35.0,2.0,0.0,3,True
729669,278925,2976,VCT 2026: EMEA Stage 2,Play-Ins: Upper Quarterfinals,2026-08-08,Ascent,3,Joblife,Eternal Fire,7,13,kamyk,1475,omen,1.13,221.0,15.0,15.0,7.0,65.0,143.0,29.0,3.0,3.0,3,True
729669,278925,2976,VCT 2026: EMEA Stage 2,Play-Ins: Upper Quarterfinals,2026-08-08,Ascent,3,Joblife,Eternal Fire,7,13,doma,1369,cypher,1.07,180.0,13.0,12.0,2.0,70.0,110.0,16.0,2.0,1.0,3,True
729669,278925,2976,VCT 2026: EMEA Stage 2,Play-Ins: Upper Quarterfinals,2026-08-08,Ascent,3,Joblife,Eternal Fire,7,13,Pa1ze,24424,jett,0.54,98.0,7.0,13.0,2.0,65.0,65.0,23.0,2.0,3.0,3,True
729669,278925,2976,VCT 2026: EMEA Stage 2,Play-Ins: Upper Quarterfinals,2026-08-08,Ascent,3,Joblife,Eternal Fire,7,13,UNFAKE,4521,sova,0.45,129.0,8.0,17.0,6.0,60.0,90.0,29.0,1.0,3.0,3,True
729670,278926,2976,VCT 2026: EMEA Stage 2,Play-Ins: Upper Quarterfinals,2026-08-09,Summit,1,Team Heretics,Fire Flux Esports,13,9,Boo,1144,astra,1.59,277.0,22.0,12.0,7.0,86.0,183.0,47.0,3.0,1.0,3,True
729670,278926,2976,VCT 2026: EMEA Stage 2,Play-Ins: Upper Quarterfinals,2026-08-09,Summit,1,Team Heretics,Fire Flux Esports,13,9,Wo0t,21328,yoru,1.45,265.0,20.0,11.0,8.0,82.0,160.0,32.0,2.0,3.0,3,True
729670,278926,2976,VCT 2026: EMEA Stage 2,Play-Ins: Upper Quarterfinals,2026-08-09,Summit,1,Team Heretics,Fire Flux Esports,13,9,RieNs,10971,sova,0.95,122.0,8.0,11.0,7.0,73.0,91.0,16.0,2.0,2.0,3,True
729670,278926,2976,VCT 2026: EMEA Stage 2,Play-Ins: Upper Quarterfinals,2026-08-09,Summit,1,Team Heretics,Fire Flux Esports,13,9,benjyfishy,29873,cypher,0.89,158.0,12.0,15.0,6.0,77.0,109.0,36.0,1.0,2.0,3,True
729670,278926,2976,VCT 2026: EMEA Stage 2,Play-Ins: Upper Quarterfinals,2026-08-09,Summit,1,Team Heretics,Fire Flux Esports,13,9,koshmaras,23365,neon,0.71,153.0,13.0,17.0,3.0,64.0,101.0,29.0,2.0,4.0,3,True
729670,278926,2976,VCT 2026: EMEA Stage 2,Play-Ins: Upper Quarterfinals,2026-08-09,Summit,1,Fire Flux Esports,Team Heretics,9,13,Kachoww,58496,neon,1.19,292.0,22.0,17.0,5.0,73.0,180.0,39.0,4.0,3.0,3,True
729670,278926,2976,VCT 2026: EMEA Stage 2,Play-Ins: Upper Quarterfinals,2026-08-09,Summit,1,Fire Flux Esports,Team Heretics,9,13,batujnax,18615,fade,1.05,222.0,15.0,15.0,11.0,68.0,141.0,24.0,2.0,2.0,3,True
729670,278926,2976,VCT 2026: EMEA Stage 2,Play-Ins: Upper Quarterfinals,2026-08-09,Summit,1,Fire Flux Esports,Team Heretics,9,13,hezacoil,55694,omen,1.02,174.0,15.0,14.0,6.0,86.0,118.0,32.0,3.0,1.0,3,True
729670,278926,2976,VCT 2026: EMEA Stage 2,Play-Ins: Upper Quarterfinals,2026-08-09,Summit,1,Fire Flux Esports,Team Heretics,9,13,reazy,10146,viper,0.58,82.0,7.0,12.0,2.0,68.0,56.0,16.0,2.0,2.0,3,True
729670,278926,2976,VCT 2026: EMEA Stage 2,Play-Ins: Upper Quarterfinals,2026-08-09,Summit,1,Fire Flux Esports,Team Heretics,9,13,DeadInk,5564,chamber,0.49,101.0,7.0,17.0,3.0,55.0,71.0,27.0,1.0,2.0,3,True
729670,278927,2976,VCT 2026: EMEA Stage 2,Play-Ins: Upper Quarterfinals,2026-08-09,Sunset,2,Team Heretics,Fire Flux Esports,2,13,RieNs,10971,fade,0.99,252.0,12.0,13.0,2.0,67.0,159.0,36.0,3.0,2.0,3,True
729670,278927,2976,VCT 2026: EMEA Stage 2,Play-Ins: Upper Quarterfinals,2026-08-09,Sunset,2,Team Heretics,Fire Flux Esports,2,13,Boo,1144,omen,0.55,167.0,8.0,15.0,6.0,67.0,109.0,23.0,0.0,1.0,3,True
729670,278927,2976,VCT 2026: EMEA Stage 2,Play-Ins: Upper Quarterfinals,2026-08-09,Sunset,2,Team Heretics,Fire Flux Esports,2,13,benjyfishy,29873,sage,0.38,112.0,6.0,14.0,1.0,53.0,72.0,31.0,1.0,0.0,3,True
729670,278927,2976,VCT 2026: EMEA Stage 2,Play-Ins: Upper Quarterfinals,2026-08-09,Sunset,2,Team Heretics,Fire Flux Esports,2,13,Wo0t,21328,chamber,0.36,104.0,5.0,14.0,3.0,40.0,68.0,25.0,1.0,1.0,3,True
729670,278927,2976,VCT 2026: EMEA Stage 2,Play-Ins: Upper Quarterfinals,2026-08-09,Sunset,2,Team Heretics,Fire Flux Esports,2,13,koshmaras,23365,neon,0.24,128.0,6.0,16.0,4.0,60.0,87.0,26.0,2.0,4.0,3,True
729670,278927,2976,VCT 2026: EMEA Stage 2,Play-Ins: Upper Quarterfinals,2026-08-09,Sunset,2,Fire Flux Esports,Team Heretics,13,2,Kachoww,58496,neon,2.55,499.0,29.0,8.0,5.0,93.0,310.0,37.0,2.0,1.0,3,True
729670,278927,2976,VCT 2026: EMEA Stage 2,Play-Ins: Upper Quarterfinals,2026-08-09,Sunset,2,Fire Flux Esports,Team Heretics,13,2,DeadInk,5564,waylay,1.49,230.0,13.0,6.0,4.0,80.0,138.0,19.0,2.0,2.0,3,True
729670,278927,2976,VCT 2026: EMEA Stage 2,Play-Ins: Upper Quarterfinals,2026-08-09,Sunset,2,Fire Flux Esports,Team Heretics,13,2,hezacoil,55694,omen,1.42,251.0,14.0,9.0,7.0,80.0,158.0,52.0,2.0,2.0,3,True
729670,278927,2976,VCT 2026: EMEA Stage 2,Play-Ins: Upper Quarterfinals,2026-08-09,Sunset,2,Fire Flux Esports,Team Heretics,13,2,batujnax,18615,kayo,1.13,192.0,8.0,9.0,15.0,93.0,149.0,9.0,2.0,0.0,3,True
729670,278927,2976,VCT 2026: EMEA Stage 2,Play-Ins: Upper Quarterfinals,2026-08-09,Sunset,2,Fire Flux Esports,Team Heretics,13,2,reazy,10146,cypher,1.01,117.0,8.0,5.0,4.0,93.0,77.0,15.0,0.0,2.0,3,True
729670,278928,2976,VCT 2026: EMEA Stage 2,Play-Ins: Upper Quarterfinals,2026-08-09,Ascent,3,Team Heretics,Fire Flux Esports,9,13,benjyfishy,29873,cypher,1.19,247.0,19.0,16.0,6.0,73.0,153.0,27.0,3.0,2.0,3,True
729670,278928,2976,VCT 2026: EMEA Stage 2,Play-Ins: Upper Quarterfinals,2026-08-09,Ascent,3,Team Heretics,Fire Flux Esports,9,13,RieNs,10971,sova,1.0,229.0,15.0,16.0,9.0,77.0,161.0,25.0,1.0,3.0,3,True
729670,278928,2976,VCT 2026: EMEA Stage 2,Play-Ins: Upper Quarterfinals,2026-08-09,Ascent,3,Team Heretics,Fire Flux Esports,9,13,koshmaras,23365,phoenix,0.86,204.0,14.0,18.0,12.0,64.0,147.0,16.0,2.0,4.0,3,True
729670,278928,2976,VCT 2026: EMEA Stage 2,Play-Ins: Upper Quarterfinals,2026-08-09,Ascent,3,Team Heretics,Fire Flux Esports,9,13,Boo,1144,omen,0.82,116.0,10.0,14.0,7.0,91.0,64.0,22.0,0.0,1.0,3,True
729670,278928,2976,VCT 2026: EMEA Stage 2,Play-Ins: Upper Quarterfinals,2026-08-09,Ascent,3,Team Heretics,Fire Flux Esports,9,13,Wo0t,21328,jett,0.72,138.0,11.0,15.0,4.0,68.0,95.0,19.0,2.0,4.0,3,True
729670,278928,2976,VCT 2026: EMEA Stage 2,Play-Ins: Upper Quarterfinals,2026-08-09,Ascent,3,Fire Flux Esports,Team Heretics,13,9,batujnax,18615,deadlock,1.27,235.0,20.0,12.0,6.0,77.0,136.0,19.0,3.0,2.0,3,True
729670,278928,2976,VCT 2026: EMEA Stage 2,Play-Ins: Upper Quarterfinals,2026-08-09,Ascent,3,Fire Flux Esports,Team Heretics,13,9,DeadInk,5564,yoru,1.25,224.0,18.0,13.0,3.0,77.0,137.0,25.0,5.0,1.0,3,True
729670,278928,2976,VCT 2026: EMEA Stage 2,Play-Ins: Upper Quarterfinals,2026-08-09,Ascent,3,Fire Flux Esports,Team Heretics,13,9,hezacoil,55694,cypher,1.12,197.0,14.0,13.0,8.0,73.0,140.0,33.0,2.0,2.0,3,True
729670,278928,2976,VCT 2026: EMEA Stage 2,Play-Ins: Upper Quarterfinals,2026-08-09,Ascent,3,Fire Flux Esports,Team Heretics,13,9,reazy,10146,sova,1.04,184.0,14.0,14.0,10.0,86.0,128.0,29.0,4.0,0.0,3,True
729670,278928,2976,VCT 2026: EMEA Stage 2,Play-Ins: Upper Quarterfinals,2026-08-09,Ascent,3,Fire Flux Esports,Team Heretics,13,9,Kachoww,58496,omen,0.74,185.0,13.0,17.0,8.0,86.0,125.0,20.0,0.0,3.0,3,True
729671,278929,2976,VCT 2026: EMEA Stage 2,Play-Ins: Upper Quarterfinals,2026-08-09,Summit,1,Gentle Mates,Enterprise Esports,9,13,starxo,565,fade,1.15,203.0,16.0,15.0,5.0,64.0,129.0,29.0,2.0,2.0,3,True
729671,278929,2976,VCT 2026: EMEA Stage 2,Play-Ins: Upper Quarterfinals,2026-08-09,Summit,1,Gentle Mates,Enterprise Esports,9,13,H1ber,1524,cypher,1.01,163.0,15.0,15.0,3.0,59.0,96.0,33.0,1.0,1.0,3,True
729671,278929,2976,VCT 2026: EMEA Stage 2,Play-Ins: Upper Quarterfinals,2026-08-09,Summit,1,Gentle Mates,Enterprise Esports,9,13,Minny,23169,neon,0.63,173.0,14.0,18.0,0.0,59.0,104.0,16.0,5.0,3.0,3,True
729671,278929,2976,VCT 2026: EMEA Stage 2,Play-Ins: Upper Quarterfinals,2026-08-09,Summit,1,Gentle Mates,Enterprise Esports,9,13,Proxh,45494,omen,0.55,156.0,11.0,19.0,8.0,50.0,124.0,26.0,0.0,1.0,3,True
729671,278929,2976,VCT 2026: EMEA Stage 2,Play-Ins: Upper Quarterfinals,2026-08-09,Summit,1,Gentle Mates,Enterprise Esports,9,13,marteen,10307,phoenix,0.55,139.0,9.0,18.0,5.0,59.0,95.0,37.0,2.0,5.0,3,True
729671,278929,2976,VCT 2026: EMEA Stage 2,Play-Ins: Upper Quarterfinals,2026-08-09,Summit,1,Enterprise Esports,Gentle Mates,13,9,kozzy,55681,neon,1.86,338.0,27.0,13.0,6.0,73.0,202.0,46.0,5.0,4.0,3,True
729671,278929,2976,VCT 2026: EMEA Stage 2,Play-Ins: Upper Quarterfinals,2026-08-09,Summit,1,Enterprise Esports,Gentle Mates,13,9,paTiTek,309,brimstone,1.2,197.0,17.0,13.0,5.0,68.0,115.0,20.0,2.0,1.0,3,True
729671,278929,2976,VCT 2026: EMEA Stage 2,Play-Ins: Upper Quarterfinals,2026-08-09,Summit,1,Enterprise Esports,Gentle Mates,13,9,MAGNUM,2173,cypher,1.12,242.0,18.0,12.0,7.0,73.0,145.0,29.0,3.0,1.0,3,True
729671,278929,2976,VCT 2026: EMEA Stage 2,Play-Ins: Upper Quarterfinals,2026-08-09,Summit,1,Enterprise Esports,Gentle Mates,13,9,Lime,10338,yoru,1.0,188.0,13.0,14.0,8.0,86.0,124.0,41.0,1.0,3.0,3,True
729671,278929,2976,VCT 2026: EMEA Stage 2,Play-Ins: Upper Quarterfinals,2026-08-09,Summit,1,Enterprise Esports,Gentle Mates,13,9,iluri,3674,sova,0.78,124.0,10.0,13.0,7.0,68.0,95.0,27.0,1.0,1.0,3,True
729671,278930,2976,VCT 2026: EMEA Stage 2,Play-Ins: Upper Quarterfinals,2026-08-09,Lotus,2,Gentle Mates,Enterprise Esports,6,13,H1ber,1524,cypher,1.18,223.0,15.0,15.0,3.0,53.0,146.0,26.0,0.0,4.0,3,True
729671,278930,2976,VCT 2026: EMEA Stage 2,Play-Ins: Upper Quarterfinals,2026-08-09,Lotus,2,Gentle Mates,Enterprise Esports,6,13,marteen,10307,raze,1.02,254.0,15.0,17.0,5.0,58.0,170.0,20.0,0.0,2.0,3,True
729671,278930,2976,VCT 2026: EMEA Stage 2,Play-Ins: Upper Quarterfinals,2026-08-09,Lotus,2,Gentle Mates,Enterprise Esports,6,13,starxo,565,fade,0.56,124.0,8.0,15.0,5.0,68.0,80.0,44.0,2.0,2.0,3,True
729671,278930,2976,VCT 2026: EMEA Stage 2,Play-Ins: Upper Quarterfinals,2026-08-09,Lotus,2,Gentle Mates,Enterprise Esports,6,13,Proxh,45494,omen,0.55,132.0,8.0,16.0,6.0,68.0,84.0,33.0,1.0,3.0,3,True
729671,278930,2976,VCT 2026: EMEA Stage 2,Play-Ins: Upper Quarterfinals,2026-08-09,Lotus,2,Gentle Mates,Enterprise Esports,6,13,Minny,23169,neon,0.46,139.0,9.0,18.0,2.0,42.0,91.0,20.0,1.0,4.0,3,True
729671,278930,2976,VCT 2026: EMEA Stage 2,Play-Ins: Upper Quarterfinals,2026-08-09,Lotus,2,Enterprise Esports,Gentle Mates,13,6,iluri,3674,skye,1.58,267.0,20.0,10.0,9.0,84.0,173.0,50.0,0.0,0.0,3,True
729671,278930,2976,VCT 2026: EMEA Stage 2,Play-Ins: Upper Quarterfinals,2026-08-09,Lotus,2,Enterprise Esports,Gentle Mates,13,6,MAGNUM,2173,vyse,1.44,227.0,15.0,8.0,4.0,84.0,157.0,38.0,4.0,0.0,3,True
729671,278930,2976,VCT 2026: EMEA Stage 2,Play-Ins: Upper Quarterfinals,2026-08-09,Lotus,2,Enterprise Esports,Gentle Mates,13,6,Lime,10338,neon,1.14,234.0,17.0,13.0,6.0,89.0,143.0,30.0,6.0,0.0,3,True
729671,278930,2976,VCT 2026: EMEA Stage 2,Play-Ins: Upper Quarterfinals,2026-08-09,Lotus,2,Enterprise Esports,Gentle Mates,13,6,kozzy,55681,raze,1.11,216.0,16.0,11.0,5.0,79.0,166.0,37.0,3.0,3.0,3,True
729671,278930,2976,VCT 2026: EMEA Stage 2,Play-Ins: Upper Quarterfinals,2026-08-09,Lotus,2,Enterprise Esports,Gentle Mates,13,6,paTiTek,309,omen,0.98,200.0,13.0,13.0,9.0,84.0,134.0,18.0,2.0,1.0,3,True
729674,278938,2976,VCT 2026: EMEA Stage 2,Play-Ins: Lower Round 1,2026-08-12,Split,1,Gentle Mates,Eintracht Frankfurt,11,13,marteen,10307,yoru,1.15,241.0,21.0,19.0,3.0,71.0,162.0,43.0,4.0,4.0,3,True
729674,278938,2976,VCT 2026: EMEA Stage 2,Play-Ins: Lower Round 1,2026-08-12,Split,1,Gentle Mates,Eintracht Frankfurt,11,13,H1ber,1524,viper,0.91,193.0,14.0,18.0,7.0,67.0,139.0,36.0,1.0,5.0,3,True
729674,278938,2976,VCT 2026: EMEA Stage 2,Play-Ins: Lower Round 1,2026-08-12,Split,1,Gentle Mates,Eintracht Frankfurt,11,13,Proxh,45494,omen,0.86,183.0,15.0,19.0,8.0,67.0,126.0,35.0,0.0,1.0,3,True
729674,278938,2976,VCT 2026: EMEA Stage 2,Play-Ins: Lower Round 1,2026-08-12,Split,1,Gentle Mates,Eintracht Frankfurt,11,13,starxo,565,fade,0.7,149.0,13.0,19.0,4.0,63.0,92.0,24.0,2.0,1.0,3,True
729674,278938,2976,VCT 2026: EMEA Stage 2,Play-Ins: Lower Round 1,2026-08-12,Split,1,Gentle Mates,Eintracht Frankfurt,11,13,Minny,23169,jett,0.54,148.0,14.0,20.0,1.0,63.0,94.0,21.0,1.0,5.0,3,True
729674,278938,2976,VCT 2026: EMEA Stage 2,Play-Ins: Lower Round 1,2026-08-12,Split,1,Eintracht Frankfurt,Gentle Mates,13,11,azury,4629,fade,1.55,261.0,22.0,11.0,9.0,88.0,169.0,25.0,4.0,0.0,3,True
729674,278938,2976,VCT 2026: EMEA Stage 2,Play-Ins: Lower Round 1,2026-08-12,Split,1,Eintracht Frankfurt,Gentle Mates,13,11,Jamelinho213,57336,neon,1.16,260.0,22.0,17.0,5.0,71.0,172.0,45.0,4.0,3.0,3,True
729674,278938,2976,VCT 2026: EMEA Stage 2,Play-Ins: Lower Round 1,2026-08-12,Split,1,Eintracht Frankfurt,Gentle Mates,13,11,musashi,4325,raze,1.05,237.0,20.0,17.0,5.0,75.0,141.0,14.0,7.0,2.0,3,True
729674,278938,2976,VCT 2026: EMEA Stage 2,Play-Ins: Lower Round 1,2026-08-12,Split,1,Eintracht Frankfurt,Gentle Mates,13,11,Fizzy,7660,astra,0.96,136.0,14.0,14.0,8.0,88.0,89.0,21.0,0.0,2.0,3,True
729674,278938,2976,VCT 2026: EMEA Stage 2,Play-Ins: Lower Round 1,2026-08-12,Split,1,Eintracht Frankfurt,Gentle Mates,13,11,MONSTEERR,3127,vyse,0.94,201.0,17.0,18.0,10.0,79.0,144.0,22.0,1.0,1.0,3,True
729674,278939,2976,VCT 2026: EMEA Stage 2,Play-Ins: Lower Round 1,2026-08-12,Haven,2,Gentle Mates,Eintracht Frankfurt,9,13,Proxh,45494,omen,1.12,254.0,20.0,17.0,4.0,77.0,169.0,32.0,1.0,2.0,3,True
729674,278939,2976,VCT 2026: EMEA Stage 2,Play-Ins: Lower Round 1,2026-08-12,Haven,2,Gentle Mates,Eintracht Frankfurt,9,13,marteen,10307,phoenix,1.05,210.0,17.0,14.0,7.0,73.0,136.0,37.0,2.0,1.0,3,True
729674,278939,2976,VCT 2026: EMEA Stage 2,Play-Ins: Lower Round 1,2026-08-12,Haven,2,Gentle Mates,Eintracht Frankfurt,9,13,starxo,565,sova,0.99,197.0,14.0,17.0,8.0,68.0,131.0,20.0,0.0,1.0,3,True
729674,278939,2976,VCT 2026: EMEA Stage 2,Play-Ins: Lower Round 1,2026-08-12,Haven,2,Gentle Mates,Eintracht Frankfurt,9,13,Minny,23169,jett,0.88,203.0,16.0,17.0,2.0,68.0,120.0,38.0,6.0,6.0,3,True
729674,278939,2976,VCT 2026: EMEA Stage 2,Play-Ins: Lower Round 1,2026-08-12,Haven,2,Gentle Mates,Eintracht Frankfurt,9,13,H1ber,1524,cypher,0.38,87.0,5.0,16.0,5.0,55.0,68.0,29.0,0.0,3.0,3,True
729674,278939,2976,VCT 2026: EMEA Stage 2,Play-Ins: Lower Round 1,2026-08-12,Haven,2,Eintracht Frankfurt,Gentle Mates,13,9,Fizzy,7660,astra,1.79,261.0,23.0,11.0,9.0,77.0,154.0,29.0,1.0,0.0,3,True
729674,278939,2976,VCT 2026: EMEA Stage 2,Play-Ins: Lower Round 1,2026-08-12,Haven,2,Eintracht Frankfurt,Gentle Mates,13,9,MONSTEERR,3127,vyse,1.23,221.0,18.0,13.0,5.0,86.0,147.0,36.0,3.0,2.0,3,True
729674,278939,2976,VCT 2026: EMEA Stage 2,Play-Ins: Lower Round 1,2026-08-12,Haven,2,Eintracht Frankfurt,Gentle Mates,13,9,azury,4629,breach,1.09,230.0,18.0,16.0,13.0,91.0,133.0,30.0,2.0,0.0,3,True
729674,278939,2976,VCT 2026: EMEA Stage 2,Play-Ins: Lower Round 1,2026-08-12,Haven,2,Eintracht Frankfurt,Gentle Mates,13,9,Jamelinho213,57336,neon,0.79,209.0,13.0,18.0,9.0,73.0,142.0,33.0,7.0,5.0,3,True
729674,278939,2976,VCT 2026: EMEA Stage 2,Play-Ins: Lower Round 1,2026-08-12,Haven,2,Eintracht Frankfurt,Gentle Mates,13,9,musashi,4325,sova,0.72,126.0,9.0,14.0,8.0,68.0,84.0,16.0,0.0,2.0,3,True
729675,278941,2976,VCT 2026: EMEA Stage 2,Play-Ins: Lower Round 1,2026-08-12,Sunset,1,Team Heretics,Natus Vincere,15,13,koshmaras,23365,neon,1.27,269.0,26.0,20.0,4.0,75.0,179.0,32.0,6.0,2.0,3,True
729675,278941,2976,VCT 2026: EMEA Stage 2,Play-Ins: Lower Round 1,2026-08-12,Sunset,1,Team Heretics,Natus Vincere,15,13,Wo0t,21328,chamber,1.2,229.0,24.0,21.0,2.0,68.0,139.0,18.0,4.0,0.0,3,True
729675,278941,2976,VCT 2026: EMEA Stage 2,Play-Ins: Lower Round 1,2026-08-12,Sunset,1,Team Heretics,Natus Vincere,15,13,benjyfishy,29873,sage,1.15,205.0,21.0,17.0,8.0,82.0,135.0,41.0,5.0,2.0,3,True
729675,278941,2976,VCT 2026: EMEA Stage 2,Play-Ins: Lower Round 1,2026-08-12,Sunset,1,Team Heretics,Natus Vincere,15,13,RieNs,10971,sova,0.78,187.0,15.0,22.0,9.0,71.0,132.0,29.0,2.0,2.0,3,True
729675,278941,2976,VCT 2026: EMEA Stage 2,Play-Ins: Lower Round 1,2026-08-12,Sunset,1,Team Heretics,Natus Vincere,15,13,Boo,1144,omen,0.67,143.0,13.0,20.0,9.0,61.0,89.0,42.0,0.0,5.0,3,True
729675,278941,2976,VCT 2026: EMEA Stage 2,Play-Ins: Lower Round 1,2026-08-12,Sunset,1,Natus Vincere,Team Heretics,13,15,chloric,15639,sova,1.21,210.0,21.0,15.0,8.0,82.0,140.0,43.0,2.0,2.0,3,True
729675,278941,2976,VCT 2026: EMEA Stage 2,Play-Ins: Lower Round 1,2026-08-12,Sunset,1,Natus Vincere,Team Heretics,13,15,hiro,29867,cypher,1.19,227.0,26.0,20.0,1.0,64.0,166.0,41.0,1.0,3.0,3,True
729675,278941,2976,VCT 2026: EMEA Stage 2,Play-Ins: Lower Round 1,2026-08-12,Sunset,1,Natus Vincere,Team Heretics,13,15,ExiT,11917,phoenix,1.08,252.0,22.0,22.0,12.0,86.0,164.0,24.0,2.0,4.0,3,True
729675,278941,2976,VCT 2026: EMEA Stage 2,Play-Ins: Lower Round 1,2026-08-12,Sunset,1,Natus Vincere,Team Heretics,13,15,Ruxic,18677,omen,1.01,188.0,16.0,19.0,18.0,79.0,123.0,16.0,2.0,0.0,3,True
729675,278941,2976,VCT 2026: EMEA Stage 2,Play-Ins: Lower Round 1,2026-08-12,Sunset,1,Natus Vincere,Team Heretics,13,15,Kolosha,37925,neon,0.56,150.0,15.0,23.0,2.0,61.0,111.0,29.0,4.0,8.0,3,True
729675,278942,2976,VCT 2026: EMEA Stage 2,Play-Ins: Lower Round 1,2026-08-12,Haven,2,Team Heretics,Natus Vincere,11,13,Wo0t,21328,chamber,1.73,355.0,30.0,19.0,5.0,79.0,224.0,30.0,5.0,4.0,3,True
729675,278942,2976,VCT 2026: EMEA Stage 2,Play-Ins: Lower Round 1,2026-08-12,Haven,2,Team Heretics,Natus Vincere,11,13,Boo,1144,omen,1.32,209.0,19.0,14.0,6.0,75.0,142.0,32.0,1.0,2.0,3,True
729675,278942,2976,VCT 2026: EMEA Stage 2,Play-Ins: Lower Round 1,2026-08-12,Haven,2,Team Heretics,Natus Vincere,11,13,koshmaras,23365,neon,0.83,206.0,17.0,20.0,2.0,75.0,124.0,24.0,4.0,3.0,3,True
729675,278942,2976,VCT 2026: EMEA Stage 2,Play-Ins: Lower Round 1,2026-08-12,Haven,2,Team Heretics,Natus Vincere,11,13,RieNs,10971,fade,0.81,151.0,11.0,18.0,10.0,75.0,101.0,29.0,1.0,1.0,3,True
729675,278942,2976,VCT 2026: EMEA Stage 2,Play-Ins: Lower Round 1,2026-08-12,Haven,2,Team Heretics,Natus Vincere,11,13,benjyfishy,29873,vyse,0.54,131.0,10.0,20.0,4.0,63.0,91.0,25.0,0.0,3.0,3,True
729675,278942,2976,VCT 2026: EMEA Stage 2,Play-Ins: Lower Round 1,2026-08-12,Haven,2,Natus Vincere,Team Heretics,13,11,hiro,29867,chamber,1.58,321.0,30.0,16.0,3.0,88.0,195.0,42.0,8.0,3.0,3,True
729675,278942,2976,VCT 2026: EMEA Stage 2,Play-Ins: Lower Round 1,2026-08-12,Haven,2,Natus Vincere,Team Heretics,13,11,Ruxic,18677,astra,1.16,194.0,17.0,13.0,13.0,79.0,132.0,22.0,0.0,3.0,3,True
729675,278942,2976,VCT 2026: EMEA Stage 2,Play-Ins: Lower Round 1,2026-08-12,Haven,2,Natus Vincere,Team Heretics,13,11,ExiT,11917,phoenix,0.93,225.0,19.0,19.0,8.0,71.0,151.0,27.0,4.0,4.0,3,True
729675,278942,2976,VCT 2026: EMEA Stage 2,Play-Ins: Lower Round 1,2026-08-12,Haven,2,Natus Vincere,Team Heretics,13,11,Kolosha,37925,neon,0.84,210.0,18.0,18.0,4.0,67.0,138.0,30.0,1.0,0.0,3,True
729675,278942,2976,VCT 2026: EMEA Stage 2,Play-Ins: Lower Round 1,2026-08-12,Haven,2,Natus Vincere,Team Heretics,13,11,chloric,15639,sova,0.31,95.0,7.0,21.0,9.0,75.0,74.0,14.0,0.0,1.0,3,True
729675,278943,2976,VCT 2026: EMEA Stage 2,Play-Ins: Lower Round 1,2026-08-12,Summit,3,Team Heretics,Natus Vincere,13,7,Boo,1144,astra,1.7,282.0,21.0,9.0,8.0,90.0,186.0,43.0,0.0,0.0,3,True
729675,278943,2976,VCT 2026: EMEA Stage 2,Play-Ins: Lower Round 1,2026-08-12,Summit,3,Team Heretics,Natus Vincere,13,7,benjyfishy,29873,cypher,1.46,272.0,20.0,11.0,4.0,90.0,197.0,29.0,3.0,0.0,3,True
729675,278943,2976,VCT 2026: EMEA Stage 2,Play-Ins: Lower Round 1,2026-08-12,Summit,3,Team Heretics,Natus Vincere,13,7,RieNs,10971,sova,1.17,216.0,16.0,13.0,6.0,65.0,150.0,53.0,0.0,2.0,3,True
729675,278943,2976,VCT 2026: EMEA Stage 2,Play-Ins: Lower Round 1,2026-08-12,Summit,3,Team Heretics,Natus Vincere,13,7,Wo0t,21328,yoru,0.91,180.0,13.0,13.0,6.0,65.0,118.0,35.0,4.0,3.0,3,True
729675,278943,2976,VCT 2026: EMEA Stage 2,Play-Ins: Lower Round 1,2026-08-12,Summit,3,Team Heretics,Natus Vincere,13,7,koshmaras,23365,neon,0.72,150.0,11.0,14.0,5.0,75.0,86.0,22.0,4.0,4.0,3,True
729675,278943,2976,VCT 2026: EMEA Stage 2,Play-Ins: Lower Round 1,2026-08-12,Summit,3,Natus Vincere,Team Heretics,7,13,chloric,15639,sova,1.13,247.0,16.0,15.0,6.0,65.0,181.0,28.0,2.0,2.0,3,True
729675,278943,2976,VCT 2026: EMEA Stage 2,Play-Ins: Lower Round 1,2026-08-12,Summit,3,Natus Vincere,Team Heretics,7,13,Ruxic,18677,astra,0.89,185.0,12.0,18.0,11.0,70.0,111.0,22.0,1.0,0.0,3,True
729675,278943,2976,VCT 2026: EMEA Stage 2,Play-Ins: Lower Round 1,2026-08-12,Summit,3,Natus Vincere,Team Heretics,7,13,Kolosha,37925,neon,0.76,194.0,12.0,17.0,7.0,65.0,119.0,18.0,4.0,3.0,3,True
729675,278943,2976,VCT 2026: EMEA Stage 2,Play-Ins: Lower Round 1,2026-08-12,Summit,3,Natus Vincere,Team Heretics,7,13,ExiT,11917,phoenix,0.73,186.0,12.0,17.0,4.0,65.0,124.0,29.0,1.0,1.0,3,True
729675,278943,2976,VCT 2026: EMEA Stage 2,Play-Ins: Lower Round 1,2026-08-12,Summit,3,Natus Vincere,Team Heretics,7,13,hiro,29867,chamber,0.53,98.0,8.0,14.0,2.0,50.0,67.0,27.0,1.0,5.0,3,True
729676,278944,2976,VCT 2026: EMEA Stage 2,Play-Ins: Lower Round 1,2026-08-13,Lotus,1,Joblife,PCIFIC Esports,13,6,Pa1ze,24424,neon,1.49,358.0,24.0,14.0,1.0,68.0,219.0,45.0,8.0,1.0,3,True
729676,278944,2976,VCT 2026: EMEA Stage 2,Play-Ins: Lower Round 1,2026-08-13,Lotus,1,Joblife,PCIFIC Esports,13,6,runneR,21610,raze,1.28,214.0,16.0,11.0,3.0,63.0,172.0,40.0,2.0,3.0,3,True
729676,278944,2976,VCT 2026: EMEA Stage 2,Play-Ins: Lower Round 1,2026-08-13,Lotus,1,Joblife,PCIFIC Esports,13,6,UNFAKE,4521,fade,1.18,209.0,15.0,12.0,4.0,63.0,136.0,31.0,0.0,1.0,3,True
729676,278944,2976,VCT 2026: EMEA Stage 2,Play-Ins: Lower Round 1,2026-08-13,Lotus,1,Joblife,PCIFIC Esports,13,6,kamyk,1475,omen,1.16,186.0,13.0,10.0,4.0,79.0,133.0,34.0,0.0,2.0,3,True
729676,278944,2976,VCT 2026: EMEA Stage 2,Play-Ins: Lower Round 1,2026-08-13,Lotus,1,Joblife,PCIFIC Esports,13,6,doma,1369,cypher,0.85,117.0,7.0,10.0,8.0,95.0,79.0,11.0,1.0,1.0,3,True
729676,278944,2976,VCT 2026: EMEA Stage 2,Play-Ins: Lower Round 1,2026-08-13,Lotus,1,PCIFIC Esports,Joblife,6,13,NINJA,28948,chamber,1.29,244.0,17.0,13.0,2.0,63.0,161.0,26.0,3.0,3.0,3,True
729676,278944,2976,VCT 2026: EMEA Stage 2,Play-Ins: Lower Round 1,2026-08-13,Lotus,1,PCIFIC Esports,Joblife,6,13,seven,8376,raze,1.2,262.0,18.0,15.0,1.0,79.0,173.0,33.0,0.0,2.0,3,True
729676,278944,2976,VCT 2026: EMEA Stage 2,Play-Ins: Lower Round 1,2026-08-13,Lotus,1,PCIFIC Esports,Joblife,6,13,qpert,7105,omen,0.6,134.0,8.0,16.0,9.0,47.0,82.0,20.0,2.0,5.0,3,True
729676,278944,2976,VCT 2026: EMEA Stage 2,Play-Ins: Lower Round 1,2026-08-13,Lotus,1,PCIFIC Esports,Joblife,6,13,al0rante,5292,viper,0.42,117.0,7.0,15.0,3.0,42.0,79.0,30.0,2.0,1.0,3,True
729676,278944,2976,VCT 2026: EMEA Stage 2,Play-Ins: Lower Round 1,2026-08-13,Lotus,1,PCIFIC Esports,Joblife,6,13,waddle,8226,fade,0.37,99.0,7.0,16.0,4.0,63.0,61.0,54.0,1.0,0.0,3,True
729676,278945,2976,VCT 2026: EMEA Stage 2,Play-Ins: Lower Round 1,2026-08-13,Ascent,2,Joblife,PCIFIC Esports,8,13,doma,1369,cypher,0.99,185.0,14.0,16.0,4.0,62.0,114.0,21.0,0.0,2.0,3,True
729676,278945,2976,VCT 2026: EMEA Stage 2,Play-Ins: Lower Round 1,2026-08-13,Ascent,2,Joblife,PCIFIC Esports,8,13,Pa1ze,24424,jett,0.93,238.0,17.0,17.0,6.0,76.0,157.0,29.0,5.0,5.0,3,True
729676,278945,2976,VCT 2026: EMEA Stage 2,Play-Ins: Lower Round 1,2026-08-13,Ascent,2,Joblife,PCIFIC Esports,8,13,runneR,21610,kayo,0.85,192.0,12.0,18.0,9.0,86.0,136.0,32.0,3.0,1.0,3,True
729676,278945,2976,VCT 2026: EMEA Stage 2,Play-Ins: Lower Round 1,2026-08-13,Ascent,2,Joblife,PCIFIC Esports,8,13,UNFAKE,4521,sova,0.75,167.0,13.0,16.0,2.0,67.0,107.0,31.0,1.0,2.0,3,True
729676,278945,2976,VCT 2026: EMEA Stage 2,Play-Ins: Lower Round 1,2026-08-13,Ascent,2,Joblife,PCIFIC Esports,8,13,kamyk,1475,omen,0.68,120.0,10.0,16.0,4.0,57.0,74.0,15.0,1.0,1.0,3,True
729676,278945,2976,VCT 2026: EMEA Stage 2,Play-Ins: Lower Round 1,2026-08-13,Ascent,2,PCIFIC Esports,Joblife,13,8,waddle,8226,sova,2.04,356.0,28.0,10.0,8.0,86.0,229.0,43.0,2.0,0.0,3,True
729676,278945,2976,VCT 2026: EMEA Stage 2,Play-Ins: Lower Round 1,2026-08-13,Ascent,2,PCIFIC Esports,Joblife,13,8,NINJA,28948,chamber,1.28,218.0,17.0,12.0,4.0,76.0,153.0,16.0,3.0,5.0,3,True
729676,278945,2976,VCT 2026: EMEA Stage 2,Play-Ins: Lower Round 1,2026-08-13,Ascent,2,PCIFIC Esports,Joblife,13,8,al0rante,5292,cypher,1.24,225.0,19.0,12.0,6.0,67.0,141.0,34.0,2.0,1.0,3,True
729676,278945,2976,VCT 2026: EMEA Stage 2,Play-Ins: Lower Round 1,2026-08-13,Ascent,2,PCIFIC Esports,Joblife,13,8,seven,8376,phoenix,0.67,145.0,9.0,16.0,8.0,67.0,107.0,19.0,0.0,3.0,3,True
729676,278945,2976,VCT 2026: EMEA Stage 2,Play-Ins: Lower Round 1,2026-08-13,Ascent,2,PCIFIC Esports,Joblife,13,8,qpert,7105,omen,0.52,133.0,10.0,16.0,5.0,62.0,79.0,28.0,4.0,1.0,3,True
729676,278946,2976,VCT 2026: EMEA Stage 2,Play-Ins: Lower Round 1,2026-08-13,Split,3,Joblife,PCIFIC Esports,13,10,runneR,21610,raze,1.42,277.0,24.0,15.0,3.0,74.0,186.0,18.0,5.0,1.0,3,True
729676,278946,2976,VCT 2026: EMEA Stage 2,Play-Ins: Lower Round 1,2026-08-13,Split,3,Joblife,PCIFIC Esports,13,10,doma,1369,omen,1.06,186.0,15.0,13.0,9.0,83.0,121.0,28.0,1.0,1.0,3,True
729676,278946,2976,VCT 2026: EMEA Stage 2,Play-Ins: Lower Round 1,2026-08-13,Split,3,Joblife,PCIFIC Esports,13,10,kamyk,1475,viper,1.04,172.0,12.0,13.0,10.0,87.0,126.0,28.0,2.0,2.0,3,True
729676,278946,2976,VCT 2026: EMEA Stage 2,Play-Ins: Lower Round 1,2026-08-13,Split,3,Joblife,PCIFIC Esports,13,10,Pa1ze,24424,neon,1.03,208.0,17.0,15.0,2.0,70.0,129.0,24.0,5.0,4.0,3,True
729676,278946,2976,VCT 2026: EMEA Stage 2,Play-Ins: Lower Round 1,2026-08-13,Split,3,Joblife,PCIFIC Esports,13,10,UNFAKE,4521,skye,1.02,136.0,11.0,13.0,9.0,74.0,92.0,31.0,2.0,0.0,3,True
729676,278946,2976,VCT 2026: EMEA Stage 2,Play-Ins: Lower Round 1,2026-08-13,Split,3,PCIFIC Esports,Joblife,10,13,waddle,8226,phoenix,1.2,271.0,19.0,16.0,9.0,70.0,197.0,34.0,3.0,3.0,3,True
729676,278946,2976,VCT 2026: EMEA Stage 2,Play-Ins: Lower Round 1,2026-08-13,Split,3,PCIFIC Esports,Joblife,10,13,al0rante,5292,viper,1.08,185.0,16.0,14.0,7.0,74.0,125.0,42.0,1.0,1.0,3,True
729676,278946,2976,VCT 2026: EMEA Stage 2,Play-Ins: Lower Round 1,2026-08-13,Split,3,PCIFIC Esports,Joblife,10,13,NINJA,28948,fade,0.83,136.0,12.0,15.0,6.0,65.0,94.0,18.0,1.0,3.0,3,True
729676,278946,2976,VCT 2026: EMEA Stage 2,Play-Ins: Lower Round 1,2026-08-13,Split,3,PCIFIC Esports,Joblife,10,13,qpert,7105,omen,0.76,166.0,13.0,17.0,5.0,65.0,116.0,27.0,1.0,3.0,3,True
729676,278946,2976,VCT 2026: EMEA Stage 2,Play-Ins: Lower Round 1,2026-08-13,Split,3,PCIFIC Esports,Joblife,10,13,seven,8376,neon,0.66,134.0,9.0,17.0,7.0,74.0,100.0,27.0,2.0,5.0,3,True
729677,278947,2976,VCT 2026: EMEA Stage 2,Play-Ins: Lower Round 1,2026-08-13,Sunset,1,GIANTX,FNATIC,6,13,Jesse,2653,omen,1.08,209.0,14.0,13.0,5.0,68.0,139.0,36.0,2.0,0.0,3,True
729677,278947,2976,VCT 2026: EMEA Stage 2,Play-Ins: Lower Round 1,2026-08-13,Sunset,1,GIANTX,FNATIC,6,13,westside,34684,cypher,0.95,179.0,12.0,14.0,2.0,53.0,129.0,36.0,2.0,5.0,3,True
729677,278947,2976,VCT 2026: EMEA Stage 2,Play-Ins: Lower Round 1,2026-08-13,Sunset,1,GIANTX,FNATIC,6,13,ara,11332,neon,0.76,153.0,10.0,15.0,4.0,58.0,112.0,12.0,1.0,2.0,3,True
729677,278947,2976,VCT 2026: EMEA Stage 2,Play-Ins: Lower Round 1,2026-08-13,Sunset,1,GIANTX,FNATIC,6,13,neT,6582,sova,0.76,189.0,11.0,16.0,3.0,58.0,134.0,37.0,0.0,4.0,3,True
729677,278947,2976,VCT 2026: EMEA Stage 2,Play-Ins: Lower Round 1,2026-08-13,Sunset,1,GIANTX,FNATIC,6,13,Flickless,6959,phoenix,0.41,75.0,5.0,16.0,2.0,58.0,51.0,36.0,0.0,3.0,3,True
729677,278947,2976,VCT 2026: EMEA Stage 2,Play-Ins: Lower Round 1,2026-08-13,Sunset,1,FNATIC,GIANTX,13,6,Alfajer,9810,waylay,1.34,286.0,19.0,11.0,8.0,84.0,181.0,44.0,8.0,1.0,3,True
729677,278947,2976,VCT 2026: EMEA Stage 2,Play-Ins: Lower Round 1,2026-08-13,Sunset,1,FNATIC,GIANTX,13,6,kaajak,9554,yoru,1.32,271.0,19.0,12.0,2.0,84.0,167.0,31.0,4.0,2.0,3,True
729677,278947,2976,VCT 2026: EMEA Stage 2,Play-Ins: Lower Round 1,2026-08-13,Sunset,1,FNATIC,GIANTX,13,6,Cloud,4181,sova,1.22,188.0,14.0,11.0,4.0,79.0,143.0,37.0,1.0,1.0,3,True
729677,278947,2976,VCT 2026: EMEA Stage 2,Play-Ins: Lower Round 1,2026-08-13,Sunset,1,FNATIC,GIANTX,13,6,Boaster,438,omen,1.05,131.0,9.0,8.0,9.0,79.0,99.0,36.0,1.0,1.0,3,True
729677,278947,2976,VCT 2026: EMEA Stage 2,Play-Ins: Lower Round 1,2026-08-13,Sunset,1,FNATIC,GIANTX,13,6,crashies,4,cypher,1.05,168.0,13.0,10.0,3.0,84.0,124.0,27.0,0.0,0.0,3,True
729677,278948,2976,VCT 2026: EMEA Stage 2,Play-Ins: Lower Round 1,2026-08-13,Split,2,GIANTX,FNATIC,6,13,westside,34684,phoenix,1.09,274.0,18.0,16.0,1.0,58.0,166.0,47.0,1.0,5.0,3,True
729677,278948,2976,VCT 2026: EMEA Stage 2,Play-Ins: Lower Round 1,2026-08-13,Split,2,GIANTX,FNATIC,6,13,neT,6582,fade,0.9,191.0,11.0,16.0,3.0,63.0,129.0,29.0,2.0,2.0,3,True
729677,278948,2976,VCT 2026: EMEA Stage 2,Play-Ins: Lower Round 1,2026-08-13,Split,2,GIANTX,FNATIC,6,13,Jesse,2653,omen,0.79,145.0,8.0,16.0,6.0,47.0,89.0,36.0,0.0,1.0,3,True
729677,278948,2976,VCT 2026: EMEA Stage 2,Play-Ins: Lower Round 1,2026-08-13,Split,2,GIANTX,FNATIC,6,13,Flickless,6959,viper,0.75,171.0,12.0,14.0,1.0,53.0,116.0,33.0,0.0,3.0,3,True
729677,278948,2976,VCT 2026: EMEA Stage 2,Play-Ins: Lower Round 1,2026-08-13,Split,2,GIANTX,FNATIC,6,13,ara,11332,neon,0.26,124.0,7.0,19.0,2.0,63.0,87.0,22.0,1.0,4.0,3,True
729677,278948,2976,VCT 2026: EMEA Stage 2,Play-Ins: Lower Round 1,2026-08-13,Split,2,FNATIC,GIANTX,13,6,Alfajer,9810,neon,1.78,368.0,26.0,11.0,2.0,79.0,222.0,33.0,7.0,1.0,3,True
729677,278948,2976,VCT 2026: EMEA Stage 2,Play-Ins: Lower Round 1,2026-08-13,Split,2,FNATIC,GIANTX,13,6,crashies,4,viper,1.29,270.0,19.0,11.0,6.0,84.0,169.0,26.0,2.0,2.0,3,True
729677,278948,2976,VCT 2026: EMEA Stage 2,Play-Ins: Lower Round 1,2026-08-13,Split,2,FNATIC,GIANTX,13,6,kaajak,9554,waylay,1.28,216.0,18.0,11.0,2.0,84.0,162.0,31.0,3.0,1.0,3,True
729677,278948,2976,VCT 2026: EMEA Stage 2,Play-Ins: Lower Round 1,2026-08-13,Split,2,FNATIC,GIANTX,13,6,Cloud,4181,skye,0.84,175.0,12.0,13.0,6.0,84.0,104.0,16.0,3.0,0.0,3,True
729677,278948,2976,VCT 2026: EMEA Stage 2,Play-Ins: Lower Round 1,2026-08-13,Split,2,FNATIC,GIANTX,13,6,Boaster,438,omen,0.77,102.0,6.0,10.0,13.0,74.0,64.0,14.0,0.0,0.0,3,True
729678,278950,2976,VCT 2026: EMEA Stage 2,Play-Ins: Lower Round 2,2026-08-14,Lotus,1,Eintracht Frankfurt,Team Heretics,13,11,azury,4629,viper,1.52,244.0,21.0,13.0,6.0,88.0,157.0,22.0,3.0,2.0,3,True
729678,278950,2976,VCT 2026: EMEA Stage 2,Play-Ins: Lower Round 2,2026-08-14,Lotus,1,Eintracht Frankfurt,Team Heretics,13,11,Fizzy,7660,omen,1.27,233.0,21.0,16.0,12.0,71.0,150.0,25.0,1.0,2.0,3,True
729678,278950,2976,VCT 2026: EMEA Stage 2,Play-Ins: Lower Round 2,2026-08-14,Lotus,1,Eintracht Frankfurt,Team Heretics,13,11,Jamelinho213,57336,raze,1.09,223.0,19.0,18.0,6.0,79.0,156.0,22.0,4.0,4.0,3,True
729678,278950,2976,VCT 2026: EMEA Stage 2,Play-Ins: Lower Round 2,2026-08-14,Lotus,1,Eintracht Frankfurt,Team Heretics,13,11,MONSTEERR,3127,vyse,0.9,205.0,17.0,19.0,2.0,63.0,152.0,43.0,4.0,3.0,3,True
729678,278950,2976,VCT 2026: EMEA Stage 2,Play-Ins: Lower Round 2,2026-08-14,Lotus,1,Eintracht Frankfurt,Team Heretics,13,11,musashi,4325,fade,0.58,118.0,9.0,19.0,12.0,71.0,82.0,13.0,0.0,1.0,3,True
729678,278950,2976,VCT 2026: EMEA Stage 2,Play-Ins: Lower Round 2,2026-08-14,Lotus,1,Team Heretics,Eintracht Frankfurt,11,13,RieNs,10971,viper,1.29,291.0,23.0,19.0,11.0,71.0,183.0,54.0,2.0,1.0,3,True
729678,278950,2976,VCT 2026: EMEA Stage 2,Play-Ins: Lower Round 2,2026-08-14,Lotus,1,Team Heretics,Eintracht Frankfurt,11,13,Wo0t,21328,raze,1.27,277.0,24.0,17.0,2.0,75.0,168.0,36.0,5.0,2.0,3,True
729678,278950,2976,VCT 2026: EMEA Stage 2,Play-Ins: Lower Round 2,2026-08-14,Lotus,1,Team Heretics,Eintracht Frankfurt,11,13,benjyfishy,29873,vyse,0.96,179.0,15.0,16.0,9.0,75.0,111.0,43.0,3.0,1.0,3,True
729678,278950,2976,VCT 2026: EMEA Stage 2,Play-Ins: Lower Round 2,2026-08-14,Lotus,1,Team Heretics,Eintracht Frankfurt,11,13,Boo,1144,fade,0.78,162.0,15.0,17.0,5.0,67.0,103.0,38.0,2.0,4.0,3,True
729678,278950,2976,VCT 2026: EMEA Stage 2,Play-Ins: Lower Round 2,2026-08-14,Lotus,1,Team Heretics,Eintracht Frankfurt,11,13,koshmaras,23365,omen,0.49,110.0,8.0,18.0,11.0,79.0,85.0,30.0,0.0,4.0,3,True
729678,278951,2976,VCT 2026: EMEA Stage 2,Play-Ins: Lower Round 2,2026-08-14,Haven,2,Eintracht Frankfurt,Team Heretics,13,7,azury,4629,breach,1.65,279.0,20.0,10.0,14.0,90.0,177.0,33.0,0.0,0.0,3,True
729678,278951,2976,VCT 2026: EMEA Stage 2,Play-Ins: Lower Round 2,2026-08-14,Haven,2,Eintracht Frankfurt,Team Heretics,13,7,musashi,4325,sova,1.37,230.0,17.0,12.0,6.0,70.0,150.0,20.0,4.0,1.0,3,True
729678,278951,2976,VCT 2026: EMEA Stage 2,Play-Ins: Lower Round 2,2026-08-14,Haven,2,Eintracht Frankfurt,Team Heretics,13,7,Fizzy,7660,astra,1.02,188.0,13.0,14.0,7.0,70.0,114.0,17.0,4.0,2.0,3,True
729678,278951,2976,VCT 2026: EMEA Stage 2,Play-Ins: Lower Round 2,2026-08-14,Haven,2,Eintracht Frankfurt,Team Heretics,13,7,MONSTEERR,3127,vyse,0.92,204.0,13.0,15.0,9.0,70.0,147.0,24.0,1.0,2.0,3,True
729678,278951,2976,VCT 2026: EMEA Stage 2,Play-Ins: Lower Round 2,2026-08-14,Haven,2,Eintracht Frankfurt,Team Heretics,13,7,Jamelinho213,57336,neon,0.87,170.0,13.0,15.0,5.0,75.0,121.0,23.0,2.0,4.0,3,True
729678,278951,2976,VCT 2026: EMEA Stage 2,Play-Ins: Lower Round 2,2026-08-14,Haven,2,Team Heretics,Eintracht Frankfurt,7,13,Boo,1144,omen,1.05,221.0,15.0,15.0,7.0,75.0,142.0,38.0,1.0,2.0,3,True
729678,278951,2976,VCT 2026: EMEA Stage 2,Play-Ins: Lower Round 2,2026-08-14,Haven,2,Team Heretics,Eintracht Frankfurt,7,13,Wo0t,21328,chamber,1.04,225.0,15.0,14.0,3.0,85.0,136.0,20.0,5.0,2.0,3,True
729678,278951,2976,VCT 2026: EMEA Stage 2,Play-Ins: Lower Round 2,2026-08-14,Haven,2,Team Heretics,Eintracht Frankfurt,7,13,benjyfishy,29873,vyse,0.95,179.0,14.0,13.0,1.0,80.0,120.0,40.0,0.0,2.0,3,True
729678,278951,2976,VCT 2026: EMEA Stage 2,Play-Ins: Lower Round 2,2026-08-14,Haven,2,Team Heretics,Eintracht Frankfurt,7,13,RieNs,10971,fade,0.83,184.0,12.0,17.0,6.0,75.0,138.0,38.0,1.0,2.0,3,True
729678,278951,2976,VCT 2026: EMEA Stage 2,Play-Ins: Lower Round 2,2026-08-14,Haven,2,Team Heretics,Eintracht Frankfurt,7,13,koshmaras,23365,neon,0.49,156.0,10.0,17.0,4.0,65.0,103.0,20.0,2.0,3.0,3,True
729680,278953,2976,VCT 2026: EMEA Stage 2,Play-Ins: Lower Round 2,2026-08-14,Lotus,1,Joblife,FNATIC,13,11,Pa1ze,24424,neon,1.48,357.0,28.0,20.0,8.0,79.0,219.0,31.0,7.0,3.0,3,True
729680,278953,2976,VCT 2026: EMEA Stage 2,Play-Ins: Lower Round 2,2026-08-14,Lotus,1,Joblife,FNATIC,13,11,kamyk,1475,omen,1.34,237.0,20.0,15.0,14.0,67.0,169.0,41.0,2.0,2.0,3,True
729680,278953,2976,VCT 2026: EMEA Stage 2,Play-Ins: Lower Round 2,2026-08-14,Lotus,1,Joblife,FNATIC,13,11,doma,1369,cypher,1.03,173.0,16.0,16.0,2.0,71.0,105.0,33.0,3.0,1.0,3,True
729680,278953,2976,VCT 2026: EMEA Stage 2,Play-Ins: Lower Round 2,2026-08-14,Lotus,1,Joblife,FNATIC,13,11,runneR,21610,raze,0.77,180.0,15.0,18.0,5.0,50.0,111.0,12.0,1.0,4.0,3,True
729680,278953,2976,VCT 2026: EMEA Stage 2,Play-Ins: Lower Round 2,2026-08-14,Lotus,1,Joblife,FNATIC,13,11,UNFAKE,4521,fade,0.59,111.0,10.0,18.0,6.0,63.0,87.0,31.0,0.0,1.0,3,True
729680,278953,2976,VCT 2026: EMEA Stage 2,Play-Ins: Lower Round 2,2026-08-14,Lotus,1,FNATIC,Joblife,11,13,Boaster,438,omen,1.1,171.0,17.0,16.0,9.0,79.0,127.0,39.0,0.0,1.0,3,True
729680,278953,2976,VCT 2026: EMEA Stage 2,Play-Ins: Lower Round 2,2026-08-14,Lotus,1,FNATIC,Joblife,11,13,Alfajer,9810,chamber,1.04,226.0,19.0,18.0,1.0,58.0,144.0,24.0,3.0,1.0,3,True
729680,278953,2976,VCT 2026: EMEA Stage 2,Play-Ins: Lower Round 2,2026-08-14,Lotus,1,FNATIC,Joblife,11,13,Cloud,4181,fade,1.02,203.0,17.0,16.0,9.0,88.0,131.0,27.0,0.0,1.0,3,True
729680,278953,2976,VCT 2026: EMEA Stage 2,Play-Ins: Lower Round 2,2026-08-14,Lotus,1,FNATIC,Joblife,11,13,crashies,4,viper,0.9,203.0,17.0,18.0,7.0,58.0,125.0,41.0,1.0,2.0,3,True
729680,278953,2976,VCT 2026: EMEA Stage 2,Play-Ins: Lower Round 2,2026-08-14,Lotus,1,FNATIC,Joblife,11,13,kaajak,9554,raze,0.71,226.0,17.0,21.0,5.0,71.0,153.0,22.0,7.0,8.0,3,True
729680,278954,2976,VCT 2026: EMEA Stage 2,Play-Ins: Lower Round 2,2026-08-14,Breeze,2,Joblife,FNATIC,13,8,kamyk,1475,omen,1.66,321.0,26.0,14.0,2.0,81.0,193.0,49.0,0.0,0.0,3,True
729680,278954,2976,VCT 2026: EMEA Stage 2,Play-Ins: Lower Round 2,2026-08-14,Breeze,2,Joblife,FNATIC,13,8,Pa1ze,24424,neon,1.37,301.0,21.0,15.0,5.0,76.0,210.0,34.0,9.0,5.0,3,True
729680,278954,2976,VCT 2026: EMEA Stage 2,Play-Ins: Lower Round 2,2026-08-14,Breeze,2,Joblife,FNATIC,13,8,UNFAKE,4521,sova,1.03,164.0,12.0,11.0,6.0,76.0,113.0,28.0,0.0,0.0,3,True
729680,278954,2976,VCT 2026: EMEA Stage 2,Play-Ins: Lower Round 2,2026-08-14,Breeze,2,Joblife,FNATIC,13,8,runneR,21610,jett,0.91,162.0,14.0,13.0,3.0,67.0,106.0,24.0,2.0,3.0,3,True
729680,278954,2976,VCT 2026: EMEA Stage 2,Play-Ins: Lower Round 2,2026-08-14,Breeze,2,Joblife,FNATIC,13,8,doma,1369,viper,0.82,158.0,10.0,14.0,9.0,86.0,124.0,20.0,1.0,1.0,3,True
729680,278954,2976,VCT 2026: EMEA Stage 2,Play-Ins: Lower Round 2,2026-08-14,Breeze,2,FNATIC,Joblife,8,13,crashies,4,cypher,1.25,259.0,20.0,15.0,6.0,71.0,160.0,29.0,1.0,1.0,3,True
729680,278954,2976,VCT 2026: EMEA Stage 2,Play-Ins: Lower Round 2,2026-08-14,Breeze,2,FNATIC,Joblife,8,13,Alfajer,9810,neon,0.94,219.0,17.0,19.0,5.0,62.0,149.0,30.0,4.0,4.0,3,True
729680,278954,2976,VCT 2026: EMEA Stage 2,Play-Ins: Lower Round 2,2026-08-14,Breeze,2,FNATIC,Joblife,8,13,kaajak,9554,phoenix,0.94,208.0,15.0,17.0,10.0,67.0,159.0,46.0,1.0,4.0,3,True
729680,278954,2976,VCT 2026: EMEA Stage 2,Play-Ins: Lower Round 2,2026-08-14,Breeze,2,FNATIC,Joblife,8,13,Cloud,4181,sova,0.76,160.0,10.0,15.0,9.0,67.0,119.0,23.0,2.0,3.0,3,True
729680,278954,2976,VCT 2026: EMEA Stage 2,Play-Ins: Lower Round 2,2026-08-14,Breeze,2,FNATIC,Joblife,8,13,Boaster,438,harbor,0.46,86.0,5.0,17.0,9.0,67.0,56.0,32.0,1.0,0.0,3,True
729673,278935,2976,VCT 2026: EMEA Stage 2,Play-Ins: Upper Semifinals,2026-08-15,Lotus,1,Fire Flux Esports,Enterprise Esports,13,15,Kachoww,58496,omen,1.15,238.0,25.0,21.0,6.0,75.0,153.0,36.0,4.0,1.0,3,True
729673,278935,2976,VCT 2026: EMEA Stage 2,Play-Ins: Upper Semifinals,2026-08-15,Lotus,1,Fire Flux Esports,Enterprise Esports,13,15,DeadInk,5564,raze,1.05,235.0,24.0,22.0,1.0,68.0,153.0,30.0,6.0,1.0,3,True
729673,278935,2976,VCT 2026: EMEA Stage 2,Play-Ins: Upper Semifinals,2026-08-15,Lotus,1,Fire Flux Esports,Enterprise Esports,13,15,hezacoil,55694,vyse,0.89,173.0,16.0,20.0,5.0,68.0,117.0,47.0,3.0,3.0,3,True
729673,278935,2976,VCT 2026: EMEA Stage 2,Play-Ins: Upper Semifinals,2026-08-15,Lotus,1,Fire Flux Esports,Enterprise Esports,13,15,reazy,10146,viper,0.85,183.0,19.0,21.0,7.0,68.0,134.0,30.0,1.0,1.0,3,True
729673,278935,2976,VCT 2026: EMEA Stage 2,Play-Ins: Upper Semifinals,2026-08-15,Lotus,1,Fire Flux Esports,Enterprise Esports,13,15,batujnax,18615,fade,0.68,170.0,15.0,23.0,8.0,64.0,128.0,22.0,2.0,6.0,3,True
729673,278935,2976,VCT 2026: EMEA Stage 2,Play-Ins: Upper Semifinals,2026-08-15,Lotus,1,Enterprise Esports,Fire Flux Esports,15,13,MAGNUM,2173,vyse,1.46,288.0,27.0,17.0,7.0,79.0,186.0,33.0,2.0,6.0,3,True
729673,278935,2976,VCT 2026: EMEA Stage 2,Play-Ins: Upper Semifinals,2026-08-15,Lotus,1,Enterprise Esports,Fire Flux Esports,15,13,iluri,3674,skye,1.22,210.0,21.0,18.0,9.0,79.0,136.0,45.0,1.0,4.0,3,True
729673,278935,2976,VCT 2026: EMEA Stage 2,Play-Ins: Upper Semifinals,2026-08-15,Lotus,1,Enterprise Esports,Fire Flux Esports,15,13,kozzy,55681,raze,1.07,215.0,22.0,21.0,6.0,68.0,150.0,19.0,0.0,2.0,3,True
729673,278935,2976,VCT 2026: EMEA Stage 2,Play-Ins: Upper Semifinals,2026-08-15,Lotus,1,Enterprise Esports,Fire Flux Esports,15,13,Lime,10338,neon,0.88,219.0,22.0,22.0,6.0,64.0,137.0,25.0,6.0,3.0,3,True
729673,278935,2976,VCT 2026: EMEA Stage 2,Play-Ins: Upper Semifinals,2026-08-15,Lotus,1,Enterprise Esports,Fire Flux Esports,15,13,paTiTek,309,omen,0.73,157.0,15.0,21.0,6.0,71.0,111.0,27.0,3.0,1.0,3,True
729673,278936,2976,VCT 2026: EMEA Stage 2,Play-Ins: Upper Semifinals,2026-08-15,Split,2,Fire Flux Esports,Enterprise Esports,10,13,DeadInk,5564,waylay,1.12,209.0,16.0,16.0,6.0,65.0,132.0,22.0,5.0,0.0,3,True
729673,278936,2976,VCT 2026: EMEA Stage 2,Play-Ins: Upper Semifinals,2026-08-15,Split,2,Fire Flux Esports,Enterprise Esports,10,13,hezacoil,55694,astra,1.01,148.0,10.0,13.0,9.0,70.0,104.0,33.0,1.0,1.0,3,True
729673,278936,2976,VCT 2026: EMEA Stage 2,Play-Ins: Upper Semifinals,2026-08-15,Split,2,Fire Flux Esports,Enterprise Esports,10,13,batujnax,18615,skye,0.99,219.0,17.0,16.0,7.0,57.0,136.0,29.0,3.0,3.0,3,True
729673,278936,2976,VCT 2026: EMEA Stage 2,Play-Ins: Upper Semifinals,2026-08-15,Split,2,Fire Flux Esports,Enterprise Esports,10,13,reazy,10146,omen,0.87,158.0,13.0,15.0,5.0,48.0,115.0,33.0,2.0,3.0,3,True
729673,278936,2976,VCT 2026: EMEA Stage 2,Play-Ins: Upper Semifinals,2026-08-15,Split,2,Fire Flux Esports,Enterprise Esports,10,13,Kachoww,58496,neon,0.84,167.0,13.0,17.0,4.0,61.0,123.0,31.0,3.0,2.0,3,True
729673,278936,2976,VCT 2026: EMEA Stage 2,Play-Ins: Upper Semifinals,2026-08-15,Split,2,Enterprise Esports,Fire Flux Esports,13,10,Lime,10338,phoenix,1.3,247.0,22.0,13.0,2.0,83.0,150.0,40.0,3.0,2.0,3,True
729673,278936,2976,VCT 2026: EMEA Stage 2,Play-Ins: Upper Semifinals,2026-08-15,Split,2,Enterprise Esports,Fire Flux Esports,13,10,paTiTek,309,omen,1.27,193.0,15.0,12.0,12.0,78.0,135.0,25.0,0.0,1.0,3,True
729673,278936,2976,VCT 2026: EMEA Stage 2,Play-Ins: Upper Semifinals,2026-08-15,Split,2,Enterprise Esports,Fire Flux Esports,13,10,MAGNUM,2173,viper,1.04,195.0,14.0,13.0,7.0,70.0,128.0,19.0,1.0,2.0,3,True
729673,278936,2976,VCT 2026: EMEA Stage 2,Play-Ins: Upper Semifinals,2026-08-15,Split,2,Enterprise Esports,Fire Flux Esports,13,10,kozzy,55681,neon,0.99,230.0,18.0,17.0,3.0,65.0,147.0,38.0,3.0,5.0,3,True
729673,278936,2976,VCT 2026: EMEA Stage 2,Play-Ins: Upper Semifinals,2026-08-15,Split,2,Enterprise Esports,Fire Flux Esports,13,10,iluri,3674,fade,0.6,104.0,8.0,14.0,4.0,57.0,66.0,33.0,2.0,4.0,3,True
729672,278932,2976,VCT 2026: EMEA Stage 2,Play-Ins: Upper Semifinals,2026-08-15,Lotus,1,FUT Esports,Eternal Fire,15,13,xeus,12793,waylay,1.5,303.0,32.0,20.0,7.0,79.0,184.0,52.0,3.0,4.0,3,True
729672,278932,2976,VCT 2026: EMEA Stage 2,Play-Ins: Upper Semifinals,2026-08-15,Lotus,1,FUT Esports,Eternal Fire,15,13,yetujey,8369,viper,1.26,258.0,25.0,19.0,9.0,86.0,177.0,30.0,4.0,1.0,3,True
729672,278932,2976,VCT 2026: EMEA Stage 2,Play-Ins: Upper Semifinals,2026-08-15,Lotus,1,FUT Esports,Eternal Fire,15,13,s0pp,39357,neon,1.05,215.0,22.0,20.0,8.0,79.0,130.0,19.0,5.0,1.0,3,True
729672,278932,2976,VCT 2026: EMEA Stage 2,Play-Ins: Upper Semifinals,2026-08-15,Lotus,1,FUT Esports,Eternal Fire,15,13,KROSTALY,15735,skye,0.83,160.0,16.0,20.0,14.0,79.0,97.0,37.0,2.0,0.0,3,True
729672,278932,2976,VCT 2026: EMEA Stage 2,Play-Ins: Upper Semifinals,2026-08-15,Lotus,1,FUT Esports,Eternal Fire,15,13,sociablEE,5568,omen,0.66,117.0,9.0,19.0,13.0,71.0,77.0,15.0,3.0,5.0,3,True
729672,278932,2976,VCT 2026: EMEA Stage 2,Play-Ins: Upper Semifinals,2026-08-15,Lotus,1,Eternal Fire,FUT Esports,13,15,Spear,41718,raze,1.3,270.0,24.0,20.0,7.0,75.0,196.0,28.0,3.0,3.0,3,True
729672,278932,2976,VCT 2026: EMEA Stage 2,Play-Ins: Upper Semifinals,2026-08-15,Lotus,1,Eternal Fire,FUT Esports,13,15,echo,49346,cypher,1.07,238.0,23.0,20.0,2.0,54.0,154.0,39.0,6.0,4.0,3,True
729672,278932,2976,VCT 2026: EMEA Stage 2,Play-Ins: Upper Semifinals,2026-08-15,Lotus,1,Eternal Fire,FUT Esports,13,15,audaz,40843,omen,0.97,158.0,16.0,20.0,16.0,61.0,91.0,36.0,1.0,2.0,3,True
729672,278932,2976,VCT 2026: EMEA Stage 2,Play-Ins: Upper Semifinals,2026-08-15,Lotus,1,Eternal Fire,FUT Esports,13,15,nekky,12670,fade,0.74,201.0,19.0,22.0,11.0,68.0,119.0,21.0,0.0,1.0,3,True
729672,278932,2976,VCT 2026: EMEA Stage 2,Play-Ins: Upper Semifinals,2026-08-15,Lotus,1,Eternal Fire,FUT Esports,13,15,Favian,41720,neon,0.73,162.0,16.0,22.0,7.0,75.0,100.0,20.0,1.0,7.0,3,True
729672,278933,2976,VCT 2026: EMEA Stage 2,Play-Ins: Upper Semifinals,2026-08-15,Ascent,2,FUT Esports,Eternal Fire,13,9,s0pp,39357,neon,1.46,340.0,29.0,14.0,2.0,95.0,200.0,17.0,8.0,3.0,3,True
729672,278933,2976,VCT 2026: EMEA Stage 2,Play-Ins: Upper Semifinals,2026-08-15,Ascent,2,FUT Esports,Eternal Fire,13,9,xeus,12793,phoenix,1.39,271.0,20.0,16.0,12.0,95.0,187.0,38.0,2.0,2.0,3,True
729672,278933,2976,VCT 2026: EMEA Stage 2,Play-Ins: Upper Semifinals,2026-08-15,Ascent,2,FUT Esports,Eternal Fire,13,9,yetujey,8369,cypher,1.36,240.0,20.0,12.0,9.0,86.0,172.0,32.0,2.0,0.0,3,True
729672,278933,2976,VCT 2026: EMEA Stage 2,Play-Ins: Upper Semifinals,2026-08-15,Ascent,2,FUT Esports,Eternal Fire,13,9,KROSTALY,15735,sova,1.17,192.0,15.0,12.0,8.0,95.0,141.0,30.0,2.0,1.0,3,True
729672,278933,2976,VCT 2026: EMEA Stage 2,Play-Ins: Upper Semifinals,2026-08-15,Ascent,2,FUT Esports,Eternal Fire,13,9,sociablEE,5568,omen,0.67,93.0,8.0,12.0,12.0,82.0,55.0,27.0,0.0,2.0,3,True
729672,278933,2976,VCT 2026: EMEA Stage 2,Play-Ins: Upper Semifinals,2026-08-15,Ascent,2,Eternal Fire,FUT Esports,9,13,Spear,41718,jett,0.86,190.0,14.0,18.0,1.0,68.0,126.0,20.0,3.0,4.0,3,True
729672,278933,2976,VCT 2026: EMEA Stage 2,Play-Ins: Upper Semifinals,2026-08-15,Ascent,2,Eternal Fire,FUT Esports,9,13,audaz,40843,omen,0.85,149.0,12.0,18.0,11.0,73.0,96.0,29.0,1.0,1.0,3,True
729672,278933,2976,VCT 2026: EMEA Stage 2,Play-Ins: Upper Semifinals,2026-08-15,Ascent,2,Eternal Fire,FUT Esports,9,13,echo,49346,vyse,0.85,186.0,13.0,18.0,8.0,68.0,142.0,29.0,2.0,1.0,3,True
729672,278933,2976,VCT 2026: EMEA Stage 2,Play-Ins: Upper Semifinals,2026-08-15,Ascent,2,Eternal Fire,FUT Esports,9,13,nekky,12670,sova,0.84,189.0,12.0,18.0,9.0,59.0,143.0,30.0,0.0,3.0,3,True
729672,278933,2976,VCT 2026: EMEA Stage 2,Play-Ins: Upper Semifinals,2026-08-15,Ascent,2,Eternal Fire,FUT Esports,9,13,Favian,41720,waylay,0.77,177.0,15.0,20.0,1.0,55.0,126.0,45.0,2.0,5.0,3,True
729681,278956,2976,VCT 2026: EMEA Stage 2,Play-Ins: Lower Round 3,2026-08-16,Lotus,1,Eternal Fire,Eintracht Frankfurt,11,13,audaz,40843,omen,1.11,194.0,18.0,16.0,9.0,79.0,116.0,30.0,1.0,3.0,3,True
729681,278956,2976,VCT 2026: EMEA Stage 2,Play-Ins: Lower Round 3,2026-08-16,Lotus,1,Eternal Fire,Eintracht Frankfurt,11,13,nekky,12670,fade,1.04,174.0,16.0,16.0,2.0,54.0,124.0,54.0,0.0,1.0,3,True
729681,278956,2976,VCT 2026: EMEA Stage 2,Play-Ins: Lower Round 3,2026-08-16,Lotus,1,Eternal Fire,Eintracht Frankfurt,11,13,Favian,41720,neon,0.91,254.0,20.0,23.0,6.0,67.0,162.0,23.0,5.0,5.0,3,True
729681,278956,2976,VCT 2026: EMEA Stage 2,Play-Ins: Lower Round 3,2026-08-16,Lotus,1,Eternal Fire,Eintracht Frankfurt,11,13,echo,49346,cypher,0.84,186.0,16.0,19.0,6.0,63.0,126.0,33.0,2.0,3.0,3,True
729681,278956,2976,VCT 2026: EMEA Stage 2,Play-Ins: Lower Round 3,2026-08-16,Lotus,1,Eternal Fire,Eintracht Frankfurt,11,13,Spear,41718,raze,0.74,196.0,15.0,20.0,5.0,67.0,148.0,18.0,3.0,1.0,3,True
729681,278956,2976,VCT 2026: EMEA Stage 2,Play-Ins: Lower Round 3,2026-08-16,Lotus,1,Eintracht Frankfurt,Eternal Fire,13,11,MONSTEERR,3127,vyse,1.91,309.0,32.0,12.0,5.0,88.0,225.0,29.0,0.0,1.0,3,True
729681,278956,2976,VCT 2026: EMEA Stage 2,Play-Ins: Lower Round 3,2026-08-16,Lotus,1,Eintracht Frankfurt,Eternal Fire,13,11,azury,4629,viper,1.12,248.0,20.0,17.0,7.0,75.0,158.0,26.0,2.0,3.0,3,True
729681,278956,2976,VCT 2026: EMEA Stage 2,Play-Ins: Lower Round 3,2026-08-16,Lotus,1,Eintracht Frankfurt,Eternal Fire,13,11,Jamelinho213,57336,raze,0.93,237.0,19.0,20.0,6.0,83.0,154.0,26.0,8.0,3.0,3,True
729681,278956,2976,VCT 2026: EMEA Stage 2,Play-Ins: Lower Round 3,2026-08-16,Lotus,1,Eintracht Frankfurt,Eternal Fire,13,11,Fizzy,7660,omen,0.73,143.0,11.0,17.0,14.0,79.0,85.0,15.0,1.0,2.0,3,True
729681,278956,2976,VCT 2026: EMEA Stage 2,Play-Ins: Lower Round 3,2026-08-16,Lotus,1,Eintracht Frankfurt,Eternal Fire,13,11,musashi,4325,fade,0.7,146.0,12.0,19.0,11.0,58.0,95.0,21.0,2.0,2.0,3,True
729681,278957,2976,VCT 2026: EMEA Stage 2,Play-Ins: Lower Round 3,2026-08-16,Split,2,Eternal Fire,Eintracht Frankfurt,7,13,echo,49346,viper,1.05,235.0,16.0,16.0,3.0,65.0,144.0,39.0,2.0,1.0,3,True
729681,278957,2976,VCT 2026: EMEA Stage 2,Play-Ins: Lower Round 3,2026-08-16,Split,2,Eternal Fire,Eintracht Frankfurt,7,13,nekky,12670,fade,0.94,210.0,13.0,15.0,5.0,65.0,134.0,32.0,2.0,2.0,3,True
729681,278957,2976,VCT 2026: EMEA Stage 2,Play-Ins: Lower Round 3,2026-08-16,Split,2,Eternal Fire,Eintracht Frankfurt,7,13,Favian,41720,neon,0.73,169.0,13.0,15.0,2.0,45.0,112.0,20.0,1.0,6.0,3,True
729681,278957,2976,VCT 2026: EMEA Stage 2,Play-Ins: Lower Round 3,2026-08-16,Split,2,Eternal Fire,Eintracht Frankfurt,7,13,audaz,40843,omen,0.71,134.0,9.0,14.0,7.0,75.0,77.0,33.0,1.0,2.0,3,True
729681,278957,2976,VCT 2026: EMEA Stage 2,Play-Ins: Lower Round 3,2026-08-16,Split,2,Eternal Fire,Eintracht Frankfurt,7,13,Spear,41718,phoenix,0.44,127.0,8.0,18.0,5.0,60.0,91.0,29.0,1.0,2.0,3,True
729681,278957,2976,VCT 2026: EMEA Stage 2,Play-Ins: Lower Round 3,2026-08-16,Split,2,Eintracht Frankfurt,Eternal Fire,13,7,MONSTEERR,3127,vyse,1.41,240.0,20.0,11.0,4.0,70.0,187.0,40.0,0.0,0.0,3,True
729681,278957,2976,VCT 2026: EMEA Stage 2,Play-Ins: Lower Round 3,2026-08-16,Split,2,Eintracht Frankfurt,Eternal Fire,13,7,musashi,4325,raze,1.32,235.0,17.0,11.0,1.0,75.0,161.0,29.0,3.0,2.0,3,True
729681,278957,2976,VCT 2026: EMEA Stage 2,Play-Ins: Lower Round 3,2026-08-16,Split,2,Eintracht Frankfurt,Eternal Fire,13,7,Jamelinho213,57336,neon,1.21,276.0,19.0,13.0,3.0,70.0,148.0,30.0,6.0,2.0,3,True
729681,278957,2976,VCT 2026: EMEA Stage 2,Play-Ins: Lower Round 3,2026-08-16,Split,2,Eintracht Frankfurt,Eternal Fire,13,7,azury,4629,fade,1.03,151.0,9.0,11.0,8.0,80.0,109.0,21.0,1.0,1.0,3,True
729681,278957,2976,VCT 2026: EMEA Stage 2,Play-Ins: Lower Round 3,2026-08-16,Split,2,Eintracht Frankfurt,Eternal Fire,13,7,Fizzy,7660,astra,1.01,194.0,13.0,13.0,10.0,75.0,117.0,34.0,3.0,2.0,3,True
729682,278959,2976,VCT 2026: EMEA Stage 2,Play-Ins: Lower Round 3,2026-08-16,Split,1,Fire Flux Esports,Joblife,13,9,hezacoil,55694,astra,1.72,284.0,24.0,10.0,9.0,86.0,196.0,38.0,3.0,2.0,3,True
729682,278959,2976,VCT 2026: EMEA Stage 2,Play-Ins: Lower Round 3,2026-08-16,Split,1,Fire Flux Esports,Joblife,13,9,reazy,10146,omen,1.42,246.0,20.0,13.0,11.0,77.0,165.0,30.0,1.0,2.0,3,True
729682,278959,2976,VCT 2026: EMEA Stage 2,Play-Ins: Lower Round 3,2026-08-16,Split,1,Fire Flux Esports,Joblife,13,9,Kachoww,58496,neon,0.99,258.0,19.0,18.0,6.0,73.0,170.0,35.0,2.0,5.0,3,True
729682,278959,2976,VCT 2026: EMEA Stage 2,Play-Ins: Lower Round 3,2026-08-16,Split,1,Fire Flux Esports,Joblife,13,9,batujnax,18615,skye,0.63,123.0,8.0,16.0,9.0,73.0,72.0,13.0,1.0,3.0,3,True
729682,278959,2976,VCT 2026: EMEA Stage 2,Play-Ins: Lower Round 3,2026-08-16,Split,1,Fire Flux Esports,Joblife,13,9,DeadInk,5564,waylay,0.59,100.0,9.0,15.0,1.0,77.0,62.0,19.0,2.0,1.0,3,True
729682,278959,2976,VCT 2026: EMEA Stage 2,Play-Ins: Lower Round 3,2026-08-16,Split,1,Joblife,Fire Flux Esports,9,13,runneR,21610,raze,1.21,288.0,21.0,17.0,5.0,73.0,187.0,25.0,3.0,1.0,3,True
729682,278959,2976,VCT 2026: EMEA Stage 2,Play-Ins: Lower Round 3,2026-08-16,Split,1,Joblife,Fire Flux Esports,9,13,doma,1369,omen,1.09,205.0,15.0,15.0,8.0,73.0,157.0,30.0,2.0,2.0,3,True
729682,278959,2976,VCT 2026: EMEA Stage 2,Play-Ins: Lower Round 3,2026-08-16,Split,1,Joblife,Fire Flux Esports,9,13,UNFAKE,4521,skye,0.94,145.0,12.0,15.0,6.0,77.0,98.0,17.0,3.0,0.0,3,True
729682,278959,2976,VCT 2026: EMEA Stage 2,Play-Ins: Lower Round 3,2026-08-16,Split,1,Joblife,Fire Flux Esports,9,13,kamyk,1475,viper,0.84,149.0,10.0,17.0,8.0,73.0,107.0,29.0,1.0,2.0,3,True
729682,278959,2976,VCT 2026: EMEA Stage 2,Play-Ins: Lower Round 3,2026-08-16,Split,1,Joblife,Fire Flux Esports,9,13,Pa1ze,24424,neon,0.75,178.0,14.0,16.0,1.0,55.0,120.0,26.0,4.0,4.0,3,True
729682,278960,2976,VCT 2026: EMEA Stage 2,Play-Ins: Lower Round 3,2026-08-16,Lotus,2,Fire Flux Esports,Joblife,13,8,hezacoil,55694,vyse,1.6,269.0,23.0,10.0,4.0,81.0,186.0,41.0,2.0,0.0,3,True
729682,278960,2976,VCT 2026: EMEA Stage 2,Play-Ins: Lower Round 3,2026-08-16,Lotus,2,Fire Flux Esports,Joblife,13,8,Kachoww,58496,omen,1.17,253.0,18.0,14.0,7.0,81.0,150.0,42.0,5.0,1.0,3,True
729682,278960,2976,VCT 2026: EMEA Stage 2,Play-Ins: Lower Round 3,2026-08-16,Lotus,2,Fire Flux Esports,Joblife,13,8,reazy,10146,viper,1.13,206.0,15.0,12.0,10.0,86.0,132.0,25.0,4.0,0.0,3,True
729682,278960,2976,VCT 2026: EMEA Stage 2,Play-Ins: Lower Round 3,2026-08-16,Lotus,2,Fire Flux Esports,Joblife,13,8,DeadInk,5564,raze,1.1,176.0,14.0,10.0,4.0,81.0,115.0,21.0,4.0,3.0,3,True
729682,278960,2976,VCT 2026: EMEA Stage 2,Play-Ins: Lower Round 3,2026-08-16,Lotus,2,Fire Flux Esports,Joblife,13,8,batujnax,18615,fade,0.72,104.0,9.0,12.0,6.0,71.0,85.0,35.0,0.0,2.0,3,True
729682,278960,2976,VCT 2026: EMEA Stage 2,Play-Ins: Lower Round 3,2026-08-16,Lotus,2,Joblife,Fire Flux Esports,8,13,doma,1369,cypher,1.17,175.0,12.0,12.0,2.0,67.0,119.0,27.0,0.0,0.0,3,True
729682,278960,2976,VCT 2026: EMEA Stage 2,Play-Ins: Lower Round 3,2026-08-16,Lotus,2,Joblife,Fire Flux Esports,8,13,Pa1ze,24424,neon,0.83,227.0,14.0,19.0,5.0,67.0,145.0,26.0,4.0,6.0,3,True
729682,278960,2976,VCT 2026: EMEA Stage 2,Play-Ins: Lower Round 3,2026-08-16,Lotus,2,Joblife,Fire Flux Esports,8,13,UNFAKE,4521,fade,0.82,167.0,14.0,16.0,3.0,67.0,96.0,31.0,0.0,2.0,3,True
729682,278960,2976,VCT 2026: EMEA Stage 2,Play-Ins: Lower Round 3,2026-08-16,Lotus,2,Joblife,Fire Flux Esports,8,13,kamyk,1475,omen,0.78,142.0,10.0,15.0,6.0,57.0,89.0,33.0,1.0,4.0,3,True
729682,278960,2976,VCT 2026: EMEA Stage 2,Play-Ins: Lower Round 3,2026-08-16,Lotus,2,Joblife,Fire Flux Esports,8,13,runneR,21610,raze,0.58,127.0,8.0,17.0,4.0,62.0,97.0,17.0,1.0,3.0,3,True
731397,279400,2976,VCT 2026: EMEA Stage 2,Playoffs: Upper Round 1,2026-08-20,Summit,1,Team Vitality,Enterprise Esports,13,6,Chronicle,458,chamber,1.78,322.0,22.0,9.0,2.0,79.0,189.0,21.0,7.0,1.0,3,True
731397,279400,2976,VCT 2026: EMEA Stage 2,Playoffs: Upper Round 1,2026-08-20,Summit,1,Team Vitality,Enterprise Esports,13,6,Jamppi,9780,phoenix,1.37,232.0,17.0,10.0,7.0,74.0,142.0,58.0,2.0,1.0,3,True
731397,279400,2976,VCT 2026: EMEA Stage 2,Playoffs: Upper Round 1,2026-08-20,Summit,1,Team Vitality,Enterprise Esports,13,6,PROFEK,5554,omen,1.17,208.0,15.0,11.0,9.0,79.0,128.0,32.0,1.0,0.0,3,True
731397,279400,2976,VCT 2026: EMEA Stage 2,Playoffs: Upper Round 1,2026-08-20,Summit,1,Team Vitality,Enterprise Esports,13,6,Derke,5022,yoru,1.0,222.0,14.0,13.0,7.0,74.0,136.0,16.0,2.0,4.0,3,True
731397,279400,2976,VCT 2026: EMEA Stage 2,Playoffs: Upper Round 1,2026-08-20,Summit,1,Team Vitality,Enterprise Esports,13,6,Sayonara,33902,fade,0.72,118.0,7.0,12.0,9.0,79.0,82.0,30.0,0.0,1.0,3,True
731397,279400,2976,VCT 2026: EMEA Stage 2,Playoffs: Upper Round 1,2026-08-20,Summit,1,Enterprise Esports,Team Vitality,6,13,kozzy,55681,neon,0.99,248.0,15.0,16.0,2.0,68.0,173.0,61.0,4.0,5.0,3,True
731397,279400,2976,VCT 2026: EMEA Stage 2,Playoffs: Upper Round 1,2026-08-20,Summit,1,Enterprise Esports,Team Vitality,6,13,paTiTek,309,brimstone,0.81,182.0,12.0,14.0,2.0,63.0,100.0,59.0,1.0,2.0,3,True
731397,279400,2976,VCT 2026: EMEA Stage 2,Playoffs: Upper Round 1,2026-08-20,Summit,1,Enterprise Esports,Team Vitality,6,13,MAGNUM,2173,cypher,0.68,139.0,9.0,15.0,4.0,53.0,86.0,41.0,0.0,1.0,3,True
731397,279400,2976,VCT 2026: EMEA Stage 2,Playoffs: Upper Round 1,2026-08-20,Summit,1,Enterprise Esports,Team Vitality,6,13,iluri,3674,sova,0.68,109.0,8.0,14.0,2.0,42.0,76.0,33.0,1.0,3.0,3,True
731397,279400,2976,VCT 2026: EMEA Stage 2,Playoffs: Upper Round 1,2026-08-20,Summit,1,Enterprise Esports,Team Vitality,6,13,Lime,10338,yoru,0.62,176.0,11.0,16.0,1.0,47.0,116.0,42.0,1.0,1.0,3,True
731397,279401,2976,VCT 2026: EMEA Stage 2,Playoffs: Upper Round 1,2026-08-20,Abyss,2,Team Vitality,Enterprise Esports,11,13,Sayonara,33902,sova,1.28,210.0,18.0,14.0,4.0,71.0,151.0,31.0,1.0,0.0,3,True
731397,279401,2976,VCT 2026: EMEA Stage 2,Playoffs: Upper Round 1,2026-08-20,Abyss,2,Team Vitality,Enterprise Esports,11,13,Chronicle,458,vyse,1.15,233.0,19.0,15.0,5.0,67.0,164.0,17.0,2.0,0.0,3,True
731397,279401,2976,VCT 2026: EMEA Stage 2,Playoffs: Upper Round 1,2026-08-20,Abyss,2,Team Vitality,Enterprise Esports,11,13,PROFEK,5554,harbor,0.88,149.0,12.0,17.0,10.0,79.0,98.0,30.0,3.0,1.0,3,True
731397,279401,2976,VCT 2026: EMEA Stage 2,Playoffs: Upper Round 1,2026-08-20,Abyss,2,Team Vitality,Enterprise Esports,11,13,Jamppi,9780,yoru,0.68,210.0,17.0,20.0,4.0,63.0,121.0,42.0,3.0,5.0,3,True
731397,279401,2976,VCT 2026: EMEA Stage 2,Playoffs: Upper Round 1,2026-08-20,Abyss,2,Team Vitality,Enterprise Esports,11,13,Derke,5022,waylay,0.42,127.0,11.0,20.0,5.0,58.0,91.0,35.0,2.0,7.0,3,True
731397,279401,2976,VCT 2026: EMEA Stage 2,Playoffs: Upper Round 1,2026-08-20,Abyss,2,Enterprise Esports,Team Vitality,13,11,kozzy,55681,jett,1.62,353.0,30.0,19.0,4.0,75.0,225.0,34.0,7.0,2.0,3,True
731397,279401,2976,VCT 2026: EMEA Stage 2,Playoffs: Upper Round 1,2026-08-20,Abyss,2,Enterprise Esports,Team Vitality,13,11,MAGNUM,2173,astra,1.12,204.0,17.0,15.0,10.0,83.0,138.0,41.0,1.0,2.0,3,True
731397,279401,2976,VCT 2026: EMEA Stage 2,Playoffs: Upper Round 1,2026-08-20,Abyss,2,Enterprise Esports,Team Vitality,13,11,paTiTek,309,harbor,1.11,161.0,14.0,12.0,9.0,83.0,99.0,23.0,2.0,1.0,3,True
731397,279401,2976,VCT 2026: EMEA Stage 2,Playoffs: Upper Round 1,2026-08-20,Abyss,2,Enterprise Esports,Team Vitality,13,11,Lime,10338,phoenix,0.76,138.0,11.0,17.0,8.0,75.0,103.0,34.0,1.0,3.0,3,True
731397,279401,2976,VCT 2026: EMEA Stage 2,Playoffs: Upper Round 1,2026-08-20,Abyss,2,Enterprise Esports,Team Vitality,13,11,iluri,3674,sova,0.72,119.0,10.0,16.0,5.0,71.0,78.0,55.0,2.0,3.0,3,True
731397,279402,2976,VCT 2026: EMEA Stage 2,Playoffs: Upper Round 1,2026-08-20,Lotus,3,Team Vitality,Enterprise Esports,4,13,Chronicle,458,vyse,1.21,268.0,14.0,14.0,6.0,82.0,194.0,19.0,3.0,2.0,3,True
731397,279402,2976,VCT 2026: EMEA Stage 2,Playoffs: Upper Round 1,2026-08-20,Lotus,3,Team Vitality,Enterprise Esports,4,13,Sayonara,33902,viper,1.05,236.0,15.0,14.0,3.0,65.0,156.0,41.0,4.0,3.0,3,True
731397,279402,2976,VCT 2026: EMEA Stage 2,Playoffs: Upper Round 1,2026-08-20,Lotus,3,Team Vitality,Enterprise Esports,4,13,Derke,5022,raze,0.89,168.0,9.0,14.0,6.0,76.0,119.0,7.0,1.0,1.0,3,True
731397,279402,2976,VCT 2026: EMEA Stage 2,Playoffs: Upper Round 1,2026-08-20,Lotus,3,Team Vitality,Enterprise Esports,4,13,Jamppi,9780,fade,0.86,199.0,12.0,14.0,6.0,71.0,121.0,20.0,0.0,2.0,3,True
731397,279402,2976,VCT 2026: EMEA Stage 2,Playoffs: Upper Round 1,2026-08-20,Lotus,3,Team Vitality,Enterprise Esports,4,13,PROFEK,5554,omen,0.56,114.0,7.0,15.0,6.0,65.0,77.0,15.0,0.0,1.0,3,True
731397,279402,2976,VCT 2026: EMEA Stage 2,Playoffs: Upper Round 1,2026-08-20,Lotus,3,Enterprise Esports,Team Vitality,13,4,MAGNUM,2173,vyse,1.77,272.0,20.0,7.0,3.0,76.0,172.0,24.0,0.0,1.0,3,True
731397,279402,2976,VCT 2026: EMEA Stage 2,Playoffs: Upper Round 1,2026-08-20,Lotus,3,Enterprise Esports,Team Vitality,13,4,iluri,3674,skye,1.64,247.0,18.0,8.0,6.0,88.0,161.0,55.0,0.0,1.0,3,True
731397,279402,2976,VCT 2026: EMEA Stage 2,Playoffs: Upper Round 1,2026-08-20,Lotus,3,Enterprise Esports,Team Vitality,13,4,Lime,10338,neon,0.87,210.0,13.0,14.0,5.0,88.0,146.0,46.0,3.0,2.0,3,True
731397,279402,2976,VCT 2026: EMEA Stage 2,Playoffs: Upper Round 1,2026-08-20,Lotus,3,Enterprise Esports,Team Vitality,13,4,paTiTek,309,omen,0.83,146.0,8.0,11.0,8.0,82.0,110.0,18.0,0.0,1.0,3,True
731397,279402,2976,VCT 2026: EMEA Stage 2,Playoffs: Upper Round 1,2026-08-20,Lotus,3,Enterprise Esports,Team Vitality,13,4,kozzy,55681,raze,0.53,226.0,12.0,17.0,4.0,65.0,160.0,33.0,6.0,3.0,3,True
731396,279397,2976,VCT 2026: EMEA Stage 2,Playoffs: Upper Round 1,2026-08-20,Haven,1,Team Liquid,FUT Esports,11,13,kamo,14681,phoenix,1.33,300.0,26.0,18.0,4.0,79.0,199.0,50.0,4.0,1.0,3,True
731396,279397,2976,VCT 2026: EMEA Stage 2,Playoffs: Upper Round 1,2026-08-20,Haven,1,Team Liquid,FUT Esports,11,13,nAts,457,cypher,1.27,269.0,22.0,17.0,5.0,71.0,178.0,23.0,1.0,1.0,3,True
731396,279397,2976,VCT 2026: EMEA Stage 2,Playoffs: Upper Round 1,2026-08-20,Haven,1,Team Liquid,FUT Esports,11,13,purp0,1885,jett,0.74,135.0,13.0,15.0,0.0,50.0,81.0,23.0,3.0,7.0,3,True
731396,279397,2976,VCT 2026: EMEA Stage 2,Playoffs: Upper Round 1,2026-08-20,Haven,1,Team Liquid,FUT Esports,11,13,trexx,2168,sova,0.64,102.0,7.0,16.0,9.0,58.0,84.0,12.0,1.0,2.0,3,True
731396,279397,2976,VCT 2026: EMEA Stage 2,Playoffs: Upper Round 1,2026-08-20,Haven,1,Team Liquid,FUT Esports,11,13,Kicks,11134,omen,0.54,88.0,8.0,19.0,9.0,58.0,61.0,32.0,0.0,4.0,3,True
731396,279397,2976,VCT 2026: EMEA Stage 2,Playoffs: Upper Round 1,2026-08-20,Haven,1,FUT Esports,Team Liquid,13,11,sociablEE,5568,omen,1.3,279.0,21.0,17.0,6.0,83.0,187.0,24.0,6.0,2.0,3,True
731396,279397,2976,VCT 2026: EMEA Stage 2,Playoffs: Upper Round 1,2026-08-20,Haven,1,FUT Esports,Team Liquid,13,11,KROSTALY,15735,sova,1.23,220.0,18.0,13.0,4.0,79.0,157.0,26.0,0.0,1.0,3,True
731396,279397,2976,VCT 2026: EMEA Stage 2,Playoffs: Upper Round 1,2026-08-20,Haven,1,FUT Esports,Team Liquid,13,11,yetujey,8369,cypher,1.18,171.0,16.0,12.0,4.0,71.0,112.0,21.0,5.0,0.0,3,True
731396,279397,2976,VCT 2026: EMEA Stage 2,Playoffs: Upper Round 1,2026-08-20,Haven,1,FUT Esports,Team Liquid,13,11,xeus,12793,waylay,0.9,164.0,14.0,17.0,4.0,75.0,105.0,42.0,3.0,2.0,3,True
731396,279397,2976,VCT 2026: EMEA Stage 2,Playoffs: Upper Round 1,2026-08-20,Haven,1,FUT Esports,Team Liquid,13,11,s0pp,39357,neon,0.75,177.0,16.0,17.0,4.0,75.0,119.0,20.0,1.0,4.0,3,True
731396,279398,2976,VCT 2026: EMEA Stage 2,Playoffs: Upper Round 1,2026-08-20,Summit,2,Team Liquid,FUT Esports,11,13,kamo,14681,phoenix,1.3,243.0,22.0,14.0,1.0,75.0,163.0,55.0,4.0,2.0,3,True
731396,279398,2976,VCT 2026: EMEA Stage 2,Playoffs: Upper Round 1,2026-08-20,Summit,2,Team Liquid,FUT Esports,11,13,Kicks,11134,omen,1.07,200.0,17.0,16.0,6.0,71.0,132.0,36.0,4.0,2.0,3,True
731396,279398,2976,VCT 2026: EMEA Stage 2,Playoffs: Upper Round 1,2026-08-20,Summit,2,Team Liquid,FUT Esports,11,13,nAts,457,viper,0.89,163.0,13.0,15.0,3.0,67.0,117.0,42.0,2.0,2.0,3,True
731396,279398,2976,VCT 2026: EMEA Stage 2,Playoffs: Upper Round 1,2026-08-20,Summit,2,Team Liquid,FUT Esports,11,13,trexx,2168,sova,0.79,137.0,11.0,15.0,5.0,67.0,101.0,24.0,0.0,3.0,3,True
731396,279398,2976,VCT 2026: EMEA Stage 2,Playoffs: Upper Round 1,2026-08-20,Summit,2,Team Liquid,FUT Esports,11,13,purp0,1885,jett,0.57,107.0,9.0,16.0,1.0,58.0,68.0,54.0,2.0,2.0,3,True
731396,279398,2976,VCT 2026: EMEA Stage 2,Playoffs: Upper Round 1,2026-08-20,Summit,2,FUT Esports,Team Liquid,13,11,s0pp,39357,neon,1.6,295.0,25.0,14.0,3.0,71.0,181.0,38.0,7.0,6.0,3,True
731396,279398,2976,VCT 2026: EMEA Stage 2,Playoffs: Upper Round 1,2026-08-20,Summit,2,FUT Esports,Team Liquid,13,11,KROSTALY,15735,fade,1.16,180.0,15.0,13.0,6.0,71.0,124.0,31.0,1.0,0.0,3,True
731396,279398,2976,VCT 2026: EMEA Stage 2,Playoffs: Upper Round 1,2026-08-20,Summit,2,FUT Esports,Team Liquid,13,11,sociablEE,5568,breach,0.93,156.0,13.0,16.0,10.0,67.0,104.0,34.0,0.0,0.0,3,True
731396,279398,2976,VCT 2026: EMEA Stage 2,Playoffs: Upper Round 1,2026-08-20,Summit,2,FUT Esports,Team Liquid,13,11,yetujey,8369,astra,0.87,167.0,15.0,17.0,2.0,50.0,101.0,45.0,2.0,2.0,3,True
731396,279398,2976,VCT 2026: EMEA Stage 2,Playoffs: Upper Round 1,2026-08-20,Summit,2,FUT Esports,Team Liquid,13,11,xeus,12793,raze,0.19,91.0,8.0,18.0,1.0,42.0,91.0,19.0,1.0,4.0,3,True
731399,279406,2976,VCT 2026: EMEA Stage 2,Playoffs: Upper Semifinals,2026-08-21,Haven,1,Karmine Corp,Enterprise Esports,13,10,Avez,5654,sova,1.58,286.0,24.0,13.0,5.0,83.0,197.0,25.0,3.0,1.0,3,True
731399,279406,2976,VCT 2026: EMEA Stage 2,Playoffs: Upper Semifinals,2026-08-21,Haven,1,Karmine Corp,Enterprise Esports,13,10,N4RRATE,36245,phoenix,1.07,240.0,19.0,18.0,6.0,74.0,150.0,38.0,5.0,2.0,3,True
731399,279406,2976,VCT 2026: EMEA Stage 2,Playoffs: Upper Semifinals,2026-08-21,Haven,1,Karmine Corp,Enterprise Esports,13,10,LewN,20144,neon,0.95,191.0,16.0,16.0,1.0,57.0,123.0,20.0,2.0,3.0,3,True
731399,279406,2976,VCT 2026: EMEA Stage 2,Playoffs: Upper Semifinals,2026-08-21,Haven,1,Karmine Corp,Enterprise Esports,13,10,SUYGETSU,2858,cypher,0.9,169.0,13.0,15.0,9.0,74.0,113.0,32.0,3.0,2.0,3,True
731399,279406,2976,VCT 2026: EMEA Stage 2,Playoffs: Upper Semifinals,2026-08-21,Haven,1,Karmine Corp,Enterprise Esports,13,10,dos9,16215,omen,0.7,129.0,9.0,18.0,9.0,74.0,93.0,14.0,1.0,1.0,3,True
731399,279406,2976,VCT 2026: EMEA Stage 2,Playoffs: Upper Semifinals,2026-08-21,Haven,1,Enterprise Esports,Karmine Corp,10,13,paTiTek,309,omen,1.08,194.0,17.0,15.0,4.0,70.0,125.0,15.0,2.0,0.0,3,True
731399,279406,2976,VCT 2026: EMEA Stage 2,Playoffs: Upper Semifinals,2026-08-21,Haven,1,Enterprise Esports,Karmine Corp,10,13,kozzy,55681,neon,1.06,271.0,20.0,18.0,4.0,74.0,182.0,37.0,2.0,4.0,3,True
731399,279406,2976,VCT 2026: EMEA Stage 2,Playoffs: Upper Semifinals,2026-08-21,Haven,1,Enterprise Esports,Karmine Corp,10,13,MAGNUM,2173,cypher,1.01,215.0,19.0,16.0,2.0,70.0,135.0,36.0,2.0,4.0,3,True
731399,279406,2976,VCT 2026: EMEA Stage 2,Playoffs: Upper Semifinals,2026-08-21,Haven,1,Enterprise Esports,Karmine Corp,10,13,iluri,3674,sova,0.84,160.0,11.0,16.0,8.0,61.0,122.0,39.0,1.0,1.0,3,True
731399,279406,2976,VCT 2026: EMEA Stage 2,Playoffs: Upper Semifinals,2026-08-21,Haven,1,Enterprise Esports,Karmine Corp,10,13,Lime,10338,phoenix,0.82,160.0,13.0,16.0,7.0,61.0,106.0,32.0,2.0,5.0,3,True
731399,279407,2976,VCT 2026: EMEA Stage 2,Playoffs: Upper Semifinals,2026-08-21,Abyss,2,Karmine Corp,Enterprise Esports,9,13,N4RRATE,36245,chamber,1.34,304.0,21.0,18.0,6.0,82.0,199.0,32.0,8.0,1.0,3,True
731399,279407,2976,VCT 2026: EMEA Stage 2,Playoffs: Upper Semifinals,2026-08-21,Abyss,2,Karmine Corp,Enterprise Esports,9,13,LewN,20144,neon,1.1,247.0,19.0,16.0,3.0,64.0,159.0,37.0,2.0,4.0,3,True
731399,279407,2976,VCT 2026: EMEA Stage 2,Playoffs: Upper Semifinals,2026-08-21,Abyss,2,Karmine Corp,Enterprise Esports,9,13,Avez,5654,sova,0.88,168.0,12.0,15.0,5.0,68.0,129.0,36.0,0.0,0.0,3,True
731399,279407,2976,VCT 2026: EMEA Stage 2,Playoffs: Upper Semifinals,2026-08-21,Abyss,2,Karmine Corp,Enterprise Esports,9,13,SUYGETSU,2858,astra,0.71,128.0,12.0,15.0,5.0,59.0,85.0,41.0,0.0,3.0,3,True
731399,279407,2976,VCT 2026: EMEA Stage 2,Playoffs: Upper Semifinals,2026-08-21,Abyss,2,Karmine Corp,Enterprise Esports,9,13,dos9,16215,omen,0.66,113.0,9.0,15.0,6.0,59.0,71.0,27.0,1.0,2.0,3,True
731399,279407,2976,VCT 2026: EMEA Stage 2,Playoffs: Upper Semifinals,2026-08-21,Abyss,2,Enterprise Esports,Karmine Corp,13,9,kozzy,55681,jett,1.39,338.0,25.0,18.0,2.0,82.0,215.0,29.0,5.0,3.0,3,True
731399,279407,2976,VCT 2026: EMEA Stage 2,Playoffs: Upper Semifinals,2026-08-21,Abyss,2,Enterprise Esports,Karmine Corp,13,9,paTiTek,309,harbor,0.95,159.0,13.0,14.0,5.0,68.0,110.0,24.0,1.0,0.0,3,True
731399,279407,2976,VCT 2026: EMEA Stage 2,Playoffs: Upper Semifinals,2026-08-21,Abyss,2,Enterprise Esports,Karmine Corp,13,9,Lime,10338,phoenix,0.95,196.0,15.0,16.0,10.0,68.0,132.0,23.0,3.0,5.0,3,True
731399,279407,2976,VCT 2026: EMEA Stage 2,Playoffs: Upper Semifinals,2026-08-21,Abyss,2,Enterprise Esports,Karmine Corp,13,9,MAGNUM,2173,astra,0.95,166.0,15.0,14.0,5.0,68.0,112.0,41.0,0.0,2.0,3,True
731399,279407,2976,VCT 2026: EMEA Stage 2,Playoffs: Upper Semifinals,2026-08-21,Abyss,2,Enterprise Esports,Karmine Corp,13,9,iluri,3674,sova,0.67,119.0,10.0,16.0,6.0,73.0,77.0,60.0,1.0,1.0,3,True
731399,279408,2976,VCT 2026: EMEA Stage 2,Playoffs: Upper Semifinals,2026-08-21,Lotus,3,Karmine Corp,Enterprise Esports,13,6,Avez,5654,fade,1.69,274.0,19.0,7.0,7.0,89.0,172.0,22.0,1.0,1.0,3,True
731399,279408,2976,VCT 2026: EMEA Stage 2,Playoffs: Upper Semifinals,2026-08-21,Lotus,3,Karmine Corp,Enterprise Esports,13,6,dos9,16215,omen,1.44,204.0,14.0,5.0,6.0,84.0,129.0,32.0,2.0,1.0,3,True
731399,279408,2976,VCT 2026: EMEA Stage 2,Playoffs: Upper Semifinals,2026-08-21,Lotus,3,Karmine Corp,Enterprise Esports,13,6,N4RRATE,36245,chamber,1.34,238.0,18.0,10.0,3.0,79.0,141.0,34.0,5.0,1.0,3,True
731399,279408,2976,VCT 2026: EMEA Stage 2,Playoffs: Upper Semifinals,2026-08-21,Lotus,3,Karmine Corp,Enterprise Esports,13,6,LewN,20144,neon,1.27,274.0,20.0,12.0,3.0,79.0,184.0,34.0,1.0,2.0,3,True
731399,279408,2976,VCT 2026: EMEA Stage 2,Playoffs: Upper Semifinals,2026-08-21,Lotus,3,Karmine Corp,Enterprise Esports,13,6,SUYGETSU,2858,viper,0.64,160.0,10.0,14.0,5.0,74.0,97.0,53.0,3.0,2.0,3,True
731399,279408,2976,VCT 2026: EMEA Stage 2,Playoffs: Upper Semifinals,2026-08-21,Lotus,3,Enterprise Esports,Karmine Corp,6,13,kozzy,55681,raze,1.0,228.0,16.0,16.0,0.0,68.0,160.0,33.0,3.0,3.0,3,True
731399,279408,2976,VCT 2026: EMEA Stage 2,Playoffs: Upper Semifinals,2026-08-21,Lotus,3,Enterprise Esports,Karmine Corp,6,13,iluri,3674,skye,0.74,158.0,10.0,16.0,2.0,53.0,112.0,24.0,0.0,1.0,3,True
731399,279408,2976,VCT 2026: EMEA Stage 2,Playoffs: Upper Semifinals,2026-08-21,Lotus,3,Enterprise Esports,Karmine Corp,6,13,Lime,10338,neon,0.65,157.0,9.0,16.0,3.0,74.0,101.0,17.0,2.0,3.0,3,True
731399,279408,2976,VCT 2026: EMEA Stage 2,Playoffs: Upper Semifinals,2026-08-21,Lotus,3,Enterprise Esports,Karmine Corp,6,13,MAGNUM,2173,vyse,0.61,148.0,9.0,17.0,3.0,47.0,112.0,21.0,1.0,2.0,3,True
731399,279408,2976,VCT 2026: EMEA Stage 2,Playoffs: Upper Semifinals,2026-08-21,Lotus,3,Enterprise Esports,Karmine Corp,6,13,paTiTek,309,omen,0.37,68.0,4.0,16.0,6.0,47.0,41.0,11.0,1.0,3.0,3,True
731398,279403,2976,VCT 2026: EMEA Stage 2,Playoffs: Upper Semifinals,2026-08-21,Summit,1,BBL Esports,FUT Esports,13,8,lovers rock,40935,yoru,1.94,364.0,29.0,10.0,3.0,90.0,207.0,27.0,5.0,2.0,3,True
731398,279403,2976,VCT 2026: EMEA Stage 2,Playoffs: Upper Semifinals,2026-08-21,Summit,1,BBL Esports,FUT Esports,13,8,Loita,24344,omen,1.3,214.0,16.0,11.0,15.0,81.0,134.0,53.0,1.0,3.0,3,True
731398,279403,2976,VCT 2026: EMEA Stage 2,Playoffs: Upper Semifinals,2026-08-21,Summit,1,BBL Esports,FUT Esports,13,8,Lar0k,31305,waylay,1.27,222.0,18.0,12.0,2.0,71.0,131.0,50.0,3.0,2.0,3,True
731398,279403,2976,VCT 2026: EMEA Stage 2,Playoffs: Upper Semifinals,2026-08-21,Summit,1,BBL Esports,FUT Esports,13,8,Rosé,5565,sova,0.79,174.0,12.0,15.0,7.0,76.0,119.0,31.0,1.0,1.0,3,True
731398,279403,2976,VCT 2026: EMEA Stage 2,Playoffs: Upper Semifinals,2026-08-21,Summit,1,BBL Esports,FUT Esports,13,8,Crewen,12795,cypher,0.76,133.0,10.0,13.0,5.0,67.0,87.0,48.0,0.0,3.0,3,True
731398,279403,2976,VCT 2026: EMEA Stage 2,Playoffs: Upper Semifinals,2026-08-21,Summit,1,FUT Esports,BBL Esports,8,13,KROSTALY,15735,fade,0.83,174.0,13.0,17.0,7.0,62.0,111.0,45.0,1.0,1.0,3,True
731398,279403,2976,VCT 2026: EMEA Stage 2,Playoffs: Upper Semifinals,2026-08-21,Summit,1,FUT Esports,BBL Esports,8,13,s0pp,39357,neon,0.82,210.0,14.0,18.0,5.0,62.0,141.0,16.0,5.0,4.0,3,True
731398,279403,2976,VCT 2026: EMEA Stage 2,Playoffs: Upper Semifinals,2026-08-21,Summit,1,FUT Esports,BBL Esports,8,13,yetujey,8369,astra,0.76,130.0,12.0,15.0,5.0,67.0,78.0,50.0,0.0,3.0,3,True
731398,279403,2976,VCT 2026: EMEA Stage 2,Playoffs: Upper Semifinals,2026-08-21,Summit,1,FUT Esports,BBL Esports,8,13,xeus,12793,raze,0.68,171.0,12.0,18.0,5.0,71.0,112.0,27.0,5.0,2.0,3,True
731398,279403,2976,VCT 2026: EMEA Stage 2,Playoffs: Upper Semifinals,2026-08-21,Summit,1,FUT Esports,BBL Esports,8,13,sociablEE,5568,breach,0.65,127.0,10.0,17.0,8.0,76.0,81.0,19.0,0.0,0.0,3,True
731398,279404,2976,VCT 2026: EMEA Stage 2,Playoffs: Upper Semifinals,2026-08-21,Haven,2,BBL Esports,FUT Esports,6,13,Loita,24344,omen,1.4,308.0,20.0,14.0,2.0,79.0,189.0,43.0,0.0,2.0,3,True
731398,279404,2976,VCT 2026: EMEA Stage 2,Playoffs: Upper Semifinals,2026-08-21,Haven,2,BBL Esports,FUT Esports,6,13,Lar0k,31305,waylay,0.77,171.0,10.0,16.0,5.0,53.0,121.0,32.0,2.0,3.0,3,True
731398,279404,2976,VCT 2026: EMEA Stage 2,Playoffs: Upper Semifinals,2026-08-21,Haven,2,BBL Esports,FUT Esports,6,13,Crewen,12795,cypher,0.6,126.0,7.0,16.0,1.0,53.0,102.0,23.0,0.0,0.0,3,True
731398,279404,2976,VCT 2026: EMEA Stage 2,Playoffs: Upper Semifinals,2026-08-21,Haven,2,BBL Esports,FUT Esports,6,13,lovers rock,40935,yoru,0.48,138.0,9.0,16.0,1.0,42.0,91.0,48.0,1.0,6.0,3,True
731398,279404,2976,VCT 2026: EMEA Stage 2,Playoffs: Upper Semifinals,2026-08-21,Haven,2,BBL Esports,FUT Esports,6,13,Rosé,5565,sova,0.48,116.0,9.0,16.0,1.0,53.0,79.0,33.0,1.0,4.0,3,True
731398,279404,2976,VCT 2026: EMEA Stage 2,Playoffs: Upper Semifinals,2026-08-21,Haven,2,FUT Esports,BBL Esports,13,6,s0pp,39357,jett,2.18,401.0,29.0,9.0,2.0,95.0,246.0,32.0,7.0,0.0,3,True
731398,279404,2976,VCT 2026: EMEA Stage 2,Playoffs: Upper Semifinals,2026-08-21,Haven,2,FUT Esports,BBL Esports,13,6,yetujey,8369,cypher,1.11,203.0,14.0,11.0,5.0,68.0,126.0,24.0,2.0,1.0,3,True
731398,279404,2976,VCT 2026: EMEA Stage 2,Playoffs: Upper Semifinals,2026-08-21,Haven,2,FUT Esports,BBL Esports,13,6,xeus,12793,waylay,0.92,158.0,12.0,11.0,1.0,74.0,130.0,55.0,2.0,0.0,3,True
731398,279404,2976,VCT 2026: EMEA Stage 2,Playoffs: Upper Semifinals,2026-08-21,Haven,2,FUT Esports,BBL Esports,13,6,sociablEE,5568,omen,0.91,159.0,10.0,12.0,9.0,84.0,100.0,18.0,1.0,0.0,3,True
731398,279404,2976,VCT 2026: EMEA Stage 2,Playoffs: Upper Semifinals,2026-08-21,Haven,2,FUT Esports,BBL Esports,13,6,KROSTALY,15735,sova,0.86,166.0,13.0,12.0,4.0,68.0,124.0,37.0,3.0,3.0,3,True
731398,279405,2976,VCT 2026: EMEA Stage 2,Playoffs: Upper Semifinals,2026-08-21,Ascent,3,BBL Esports,FUT Esports,5,13,Lar0k,31305,deadlock,1.14,234.0,14.0,13.0,6.0,78.0,137.0,31.0,4.0,2.0,3,True
731398,279405,2976,VCT 2026: EMEA Stage 2,Playoffs: Upper Semifinals,2026-08-21,Ascent,3,BBL Esports,FUT Esports,5,13,lovers rock,40935,yoru,1.04,198.0,13.0,14.0,0.0,61.0,119.0,13.0,2.0,1.0,3,True
731398,279405,2976,VCT 2026: EMEA Stage 2,Playoffs: Upper Semifinals,2026-08-21,Ascent,3,BBL Esports,FUT Esports,5,13,Loita,24344,omen,0.69,125.0,7.0,15.0,14.0,67.0,84.0,33.0,0.0,2.0,3,True
731398,279405,2976,VCT 2026: EMEA Stage 2,Playoffs: Upper Semifinals,2026-08-21,Ascent,3,BBL Esports,FUT Esports,5,13,Crewen,12795,cypher,0.68,153.0,9.0,13.0,2.0,61.0,109.0,28.0,0.0,3.0,3,True
731398,279405,2976,VCT 2026: EMEA Stage 2,Playoffs: Upper Semifinals,2026-08-21,Ascent,3,BBL Esports,FUT Esports,5,13,Rosé,5565,sova,0.68,134.0,6.0,13.0,5.0,67.0,107.0,24.0,1.0,3.0,3,True
731398,279405,2976,VCT 2026: EMEA Stage 2,Playoffs: Upper Semifinals,2026-08-21,Ascent,3,FUT Esports,BBL Esports,13,5,yetujey,8369,cypher,1.36,173.0,13.0,6.0,2.0,89.0,116.0,26.0,0.0,0.0,3,True
731398,279405,2976,VCT 2026: EMEA Stage 2,Playoffs: Upper Semifinals,2026-08-21,Ascent,3,FUT Esports,BBL Esports,13,5,xeus,12793,phoenix,1.35,266.0,18.0,10.0,5.0,83.0,168.0,52.0,5.0,2.0,3,True
731398,279405,2976,VCT 2026: EMEA Stage 2,Playoffs: Upper Semifinals,2026-08-21,Ascent,3,FUT Esports,BBL Esports,13,5,s0pp,39357,jett,1.19,294.0,19.0,12.0,3.0,72.0,187.0,32.0,5.0,3.0,3,True
731398,279405,2976,VCT 2026: EMEA Stage 2,Playoffs: Upper Semifinals,2026-08-21,Ascent,3,FUT Esports,BBL Esports,13,5,sociablEE,5568,omen,1.05,161.0,12.0,10.0,6.0,78.0,88.0,10.0,1.0,2.0,3,True
731398,279405,2976,VCT 2026: EMEA Stage 2,Playoffs: Upper Semifinals,2026-08-21,Ascent,3,FUT Esports,BBL Esports,13,5,KROSTALY,15735,sova,0.71,117.0,6.0,11.0,6.0,67.0,90.0,20.0,0.0,0.0,3,True
731402,279417,2976,VCT 2026: EMEA Stage 2,Playoffs: Lower Round 1,2026-08-22,Lotus,1,Team Liquid,Eintracht Frankfurt,6,13,nAts,457,cypher,1.21,201.0,14.0,12.0,4.0,74.0,121.0,16.0,1.0,1.0,3,True
731402,279417,2976,VCT 2026: EMEA Stage 2,Playoffs: Lower Round 1,2026-08-22,Lotus,1,Team Liquid,Eintracht Frankfurt,6,13,kamo,14681,raze,0.9,231.0,16.0,17.0,3.0,74.0,161.0,31.0,1.0,1.0,3,True
731402,279417,2976,VCT 2026: EMEA Stage 2,Playoffs: Lower Round 1,2026-08-22,Lotus,1,Team Liquid,Eintracht Frankfurt,6,13,purp0,1885,jett,0.81,152.0,11.0,13.0,0.0,58.0,93.0,50.0,2.0,7.0,3,True
731402,279417,2976,VCT 2026: EMEA Stage 2,Playoffs: Lower Round 1,2026-08-22,Lotus,1,Team Liquid,Eintracht Frankfurt,6,13,trexx,2168,fade,0.69,143.0,8.0,15.0,8.0,74.0,105.0,9.0,1.0,1.0,3,True
731402,279417,2976,VCT 2026: EMEA Stage 2,Playoffs: Lower Round 1,2026-08-22,Lotus,1,Team Liquid,Eintracht Frankfurt,6,13,Kicks,11134,omen,0.58,123.0,8.0,16.0,6.0,74.0,73.0,13.0,1.0,3.0,3,True
731402,279417,2976,VCT 2026: EMEA Stage 2,Playoffs: Lower Round 1,2026-08-22,Lotus,1,Eintracht Frankfurt,Team Liquid,13,6,Jamelinho213,57336,raze,1.66,286.0,21.0,10.0,4.0,95.0,198.0,20.0,5.0,2.0,3,True
731402,279417,2976,VCT 2026: EMEA Stage 2,Playoffs: Lower Round 1,2026-08-22,Lotus,1,Eintracht Frankfurt,Team Liquid,13,6,Fizzy,7660,omen,1.2,226.0,16.0,11.0,8.0,84.0,144.0,29.0,3.0,2.0,3,True
731402,279417,2976,VCT 2026: EMEA Stage 2,Playoffs: Lower Round 1,2026-08-22,Lotus,1,Eintracht Frankfurt,Team Liquid,13,6,azury,4629,viper,1.19,221.0,15.0,11.0,6.0,89.0,167.0,25.0,2.0,0.0,3,True
731402,279417,2976,VCT 2026: EMEA Stage 2,Playoffs: Lower Round 1,2026-08-22,Lotus,1,Eintracht Frankfurt,Team Liquid,13,6,MONSTEERR,3127,vyse,0.96,164.0,11.0,12.0,9.0,68.0,100.0,21.0,0.0,1.0,3,True
731402,279417,2976,VCT 2026: EMEA Stage 2,Playoffs: Lower Round 1,2026-08-22,Lotus,1,Eintracht Frankfurt,Team Liquid,13,6,musashi,4325,fade,0.8,150.0,10.0,13.0,4.0,79.0,102.0,48.0,3.0,1.0,3,True
731402,279418,2976,VCT 2026: EMEA Stage 2,Playoffs: Lower Round 1,2026-08-22,Split,2,Team Liquid,Eintracht Frankfurt,13,1,kamo,14681,raze,1.85,318.0,19.0,6.0,4.0,86.0,195.0,27.0,2.0,0.0,3,True
731402,279418,2976,VCT 2026: EMEA Stage 2,Playoffs: Lower Round 1,2026-08-22,Split,2,Team Liquid,Eintracht Frankfurt,13,1,trexx,2168,skye,1.79,270.0,14.0,5.0,8.0,93.0,163.0,18.0,1.0,1.0,3,True
731402,279418,2976,VCT 2026: EMEA Stage 2,Playoffs: Lower Round 1,2026-08-22,Split,2,Team Liquid,Eintracht Frankfurt,13,1,purp0,1885,jett,1.44,284.0,16.0,6.0,1.0,93.0,177.0,26.0,4.0,1.0,3,True
731402,279418,2976,VCT 2026: EMEA Stage 2,Playoffs: Lower Round 1,2026-08-22,Split,2,Team Liquid,Eintracht Frankfurt,13,1,nAts,457,viper,1.36,263.0,11.0,7.0,7.0,100.0,177.0,24.0,3.0,2.0,3,True
731402,279418,2976,VCT 2026: EMEA Stage 2,Playoffs: Lower Round 1,2026-08-22,Split,2,Team Liquid,Eintracht Frankfurt,13,1,Kicks,11134,omen,0.79,121.0,6.0,7.0,3.0,93.0,86.0,35.0,0.0,0.0,3,True
731402,279418,2976,VCT 2026: EMEA Stage 2,Playoffs: Lower Round 1,2026-08-22,Split,2,Eintracht Frankfurt,Team Liquid,1,13,Fizzy,7660,astra,0.83,165.0,8.0,13.0,4.0,57.0,103.0,30.0,0.0,2.0,3,True
731402,279418,2976,VCT 2026: EMEA Stage 2,Playoffs: Lower Round 1,2026-08-22,Split,2,Eintracht Frankfurt,Team Liquid,1,13,musashi,4325,raze,0.71,193.0,7.0,13.0,3.0,50.0,134.0,22.0,1.0,1.0,3,True
731402,279418,2976,VCT 2026: EMEA Stage 2,Playoffs: Lower Round 1,2026-08-22,Split,2,Eintracht Frankfurt,Team Liquid,1,13,azury,4629,fade,0.54,151.0,7.0,13.0,3.0,57.0,94.0,27.0,0.0,1.0,3,True
731402,279418,2976,VCT 2026: EMEA Stage 2,Playoffs: Lower Round 1,2026-08-22,Split,2,Eintracht Frankfurt,Team Liquid,1,13,Jamelinho213,57336,neon,0.39,142.0,6.0,14.0,3.0,50.0,99.0,17.0,2.0,4.0,3,True
731402,279418,2976,VCT 2026: EMEA Stage 2,Playoffs: Lower Round 1,2026-08-22,Split,2,Eintracht Frankfurt,Team Liquid,1,13,MONSTEERR,3127,vyse,0.28,78.0,3.0,13.0,0.0,36.0,64.0,18.0,1.0,2.0,3,True
731402,279419,2976,VCT 2026: EMEA Stage 2,Playoffs: Lower Round 1,2026-08-22,Ascent,3,Team Liquid,Eintracht Frankfurt,13,1,nAts,457,cypher,2.29,396.0,21.0,5.0,10.0,100.0,269.0,28.0,2.0,0.0,3,True
731402,279419,2976,VCT 2026: EMEA Stage 2,Playoffs: Lower Round 1,2026-08-22,Ascent,3,Team Liquid,Eintracht Frankfurt,13,1,purp0,1885,jett,1.64,347.0,18.0,8.0,4.0,86.0,208.0,31.0,5.0,2.0,3,True
731402,279419,2976,VCT 2026: EMEA Stage 2,Playoffs: Lower Round 1,2026-08-22,Ascent,3,Team Liquid,Eintracht Frankfurt,13,1,kamo,14681,phoenix,1.27,243.0,13.0,8.0,2.0,86.0,168.0,37.0,2.0,1.0,3,True
731402,279419,2976,VCT 2026: EMEA Stage 2,Playoffs: Lower Round 1,2026-08-22,Ascent,3,Team Liquid,Eintracht Frankfurt,13,1,trexx,2168,sova,1.23,202.0,8.0,5.0,10.0,86.0,145.0,24.0,0.0,0.0,3,True
731402,279419,2976,VCT 2026: EMEA Stage 2,Playoffs: Lower Round 1,2026-08-22,Ascent,3,Team Liquid,Eintracht Frankfurt,13,1,Kicks,11134,omen,1.0,107.0,7.0,5.0,5.0,86.0,47.0,18.0,2.0,0.0,3,True
731402,279419,2976,VCT 2026: EMEA Stage 2,Playoffs: Lower Round 1,2026-08-22,Ascent,3,Eintracht Frankfurt,Team Liquid,1,13,Jamelinho213,57336,jett,1.0,205.0,10.0,12.0,1.0,43.0,148.0,24.0,2.0,3.0,3,True
731402,279419,2976,VCT 2026: EMEA Stage 2,Playoffs: Lower Round 1,2026-08-22,Ascent,3,Eintracht Frankfurt,Team Liquid,1,13,azury,4629,omen,0.78,199.0,8.0,14.0,4.0,50.0,129.0,21.0,1.0,0.0,3,True
731402,279419,2976,VCT 2026: EMEA Stage 2,Playoffs: Lower Round 1,2026-08-22,Ascent,3,Eintracht Frankfurt,Team Liquid,1,13,MONSTEERR,3127,phoenix,0.43,140.0,4.0,14.0,7.0,43.0,125.0,20.0,0.0,5.0,3,True
731402,279419,2976,VCT 2026: EMEA Stage 2,Playoffs: Lower Round 1,2026-08-22,Ascent,3,Eintracht Frankfurt,Team Liquid,1,13,Fizzy,7660,cypher,0.42,111.0,5.0,14.0,3.0,50.0,76.0,19.0,0.0,1.0,3,True
731402,279419,2976,VCT 2026: EMEA Stage 2,Playoffs: Lower Round 1,2026-08-22,Ascent,3,Eintracht Frankfurt,Team Liquid,1,13,musashi,4325,sova,0.38,101.0,4.0,13.0,3.0,50.0,85.0,28.0,0.0,2.0,3,True
731403,279420,2976,VCT 2026: EMEA Stage 2,Playoffs: Lower Round 1,2026-08-22,Abyss,1,Team Vitality,Fire Flux Esports,13,11,Sayonara,33902,sova,1.43,229.0,23.0,13.0,3.0,75.0,147.0,36.0,1.0,0.0,3,True
731403,279420,2976,VCT 2026: EMEA Stage 2,Playoffs: Lower Round 1,2026-08-22,Abyss,1,Team Vitality,Fire Flux Esports,13,11,Derke,5022,jett,0.89,166.0,14.0,15.0,2.0,67.0,108.0,22.0,4.0,4.0,3,True
731403,279420,2976,VCT 2026: EMEA Stage 2,Playoffs: Lower Round 1,2026-08-22,Abyss,1,Team Vitality,Fire Flux Esports,13,11,Chronicle,458,vyse,0.86,152.0,12.0,16.0,11.0,67.0,110.0,13.0,0.0,2.0,3,True
731403,279420,2976,VCT 2026: EMEA Stage 2,Playoffs: Lower Round 1,2026-08-22,Abyss,1,Team Vitality,Fire Flux Esports,13,11,PROFEK,5554,harbor,0.81,178.0,15.0,19.0,10.0,58.0,113.0,24.0,1.0,3.0,3,True
731403,279420,2976,VCT 2026: EMEA Stage 2,Playoffs: Lower Round 1,2026-08-22,Abyss,1,Team Vitality,Fire Flux Esports,13,11,Jamppi,9780,yoru,0.8,185.0,15.0,18.0,2.0,67.0,106.0,24.0,3.0,5.0,3,True
731403,279420,2976,VCT 2026: EMEA Stage 2,Playoffs: Lower Round 1,2026-08-22,Abyss,1,Fire Flux Esports,Team Vitality,11,13,Kachoww,58496,yoru,1.49,336.0,27.0,19.0,4.0,83.0,207.0,46.0,8.0,4.0,3,True
731403,279420,2976,VCT 2026: EMEA Stage 2,Playoffs: Lower Round 1,2026-08-22,Abyss,1,Fire Flux Esports,Team Vitality,11,13,batujnax,18615,sova,1.32,235.0,20.0,13.0,2.0,79.0,160.0,37.0,2.0,2.0,3,True
731403,279420,2976,VCT 2026: EMEA Stage 2,Playoffs: Lower Round 1,2026-08-22,Abyss,1,Fire Flux Esports,Team Vitality,11,13,reazy,10146,viper,0.7,152.0,14.0,17.0,2.0,67.0,111.0,44.0,0.0,0.0,3,True
731403,279420,2976,VCT 2026: EMEA Stage 2,Playoffs: Lower Round 1,2026-08-22,Abyss,1,Fire Flux Esports,Team Vitality,11,13,DeadInk,5564,waylay,0.67,127.0,12.0,17.0,3.0,67.0,86.0,35.0,3.0,2.0,3,True
731403,279420,2976,VCT 2026: EMEA Stage 2,Playoffs: Lower Round 1,2026-08-22,Abyss,1,Fire Flux Esports,Team Vitality,11,13,hezacoil,55694,astra,0.5,113.0,8.0,18.0,4.0,71.0,75.0,32.0,1.0,1.0,3,True
731403,279421,2976,VCT 2026: EMEA Stage 2,Playoffs: Lower Round 1,2026-08-22,Ascent,2,Team Vitality,Fire Flux Esports,11,13,Derke,5022,jett,1.25,270.0,22.0,16.0,3.0,83.0,168.0,19.0,6.0,2.0,3,True
731403,279421,2976,VCT 2026: EMEA Stage 2,Playoffs: Lower Round 1,2026-08-22,Ascent,2,Team Vitality,Fire Flux Esports,11,13,Sayonara,33902,sova,1.07,198.0,17.0,14.0,7.0,79.0,132.0,18.0,0.0,0.0,3,True
731403,279421,2976,VCT 2026: EMEA Stage 2,Playoffs: Lower Round 1,2026-08-22,Ascent,2,Team Vitality,Fire Flux Esports,11,13,PROFEK,5554,omen,0.98,197.0,16.0,16.0,8.0,79.0,135.0,46.0,1.0,0.0,3,True
731403,279421,2976,VCT 2026: EMEA Stage 2,Playoffs: Lower Round 1,2026-08-22,Ascent,2,Team Vitality,Fire Flux Esports,11,13,Jamppi,9780,phoenix,0.85,195.0,16.0,18.0,6.0,63.0,137.0,33.0,3.0,9.0,3,True
731403,279421,2976,VCT 2026: EMEA Stage 2,Playoffs: Lower Round 1,2026-08-22,Ascent,2,Team Vitality,Fire Flux Esports,11,13,Chronicle,458,vyse,0.59,115.0,10.0,17.0,4.0,75.0,72.0,15.0,1.0,2.0,3,True
731403,279421,2976,VCT 2026: EMEA Stage 2,Playoffs: Lower Round 1,2026-08-22,Ascent,2,Fire Flux Esports,Team Vitality,13,11,hezacoil,55694,omen,1.27,220.0,18.0,15.0,16.0,83.0,137.0,31.0,3.0,3.0,3,True
731403,279421,2976,VCT 2026: EMEA Stage 2,Playoffs: Lower Round 1,2026-08-22,Ascent,2,Fire Flux Esports,Team Vitality,13,11,Kachoww,58496,jett,1.21,315.0,25.0,20.0,5.0,75.0,205.0,36.0,5.0,3.0,3,True
731403,279421,2976,VCT 2026: EMEA Stage 2,Playoffs: Lower Round 1,2026-08-22,Ascent,2,Fire Flux Esports,Team Vitality,13,11,reazy,10146,sova,0.91,143.0,11.0,14.0,7.0,67.0,99.0,23.0,0.0,1.0,3,True
731403,279421,2976,VCT 2026: EMEA Stage 2,Playoffs: Lower Round 1,2026-08-22,Ascent,2,Fire Flux Esports,Team Vitality,13,11,batujnax,18615,cypher,0.9,183.0,14.0,17.0,9.0,67.0,124.0,23.0,2.0,2.0,3,True
731403,279421,2976,VCT 2026: EMEA Stage 2,Playoffs: Lower Round 1,2026-08-22,Ascent,2,Fire Flux Esports,Team Vitality,13,11,DeadInk,5564,waylay,0.85,139.0,13.0,15.0,3.0,75.0,94.0,26.0,3.0,2.0,3,True
731403,279422,2976,VCT 2026: EMEA Stage 2,Playoffs: Lower Round 1,2026-08-22,Split,3,Team Vitality,Fire Flux Esports,7,13,Sayonara,33902,fade,1.21,189.0,15.0,13.0,4.0,75.0,134.0,24.0,0.0,0.0,3,True
731403,279422,2976,VCT 2026: EMEA Stage 2,Playoffs: Lower Round 1,2026-08-22,Split,3,Team Vitality,Fire Flux Esports,7,13,Chronicle,458,viper,1.18,219.0,13.0,13.0,6.0,75.0,153.0,23.0,2.0,0.0,3,True
731403,279422,2976,VCT 2026: EMEA Stage 2,Playoffs: Lower Round 1,2026-08-22,Split,3,Team Vitality,Fire Flux Esports,7,13,PROFEK,5554,omen,0.74,176.0,12.0,16.0,6.0,55.0,103.0,22.0,1.0,5.0,3,True
731403,279422,2976,VCT 2026: EMEA Stage 2,Playoffs: Lower Round 1,2026-08-22,Split,3,Team Vitality,Fire Flux Esports,7,13,Derke,5022,neon,0.6,128.0,8.0,16.0,4.0,60.0,85.0,19.0,4.0,3.0,3,True
731403,279422,2976,VCT 2026: EMEA Stage 2,Playoffs: Lower Round 1,2026-08-22,Split,3,Team Vitality,Fire Flux Esports,7,13,Jamppi,9780,phoenix,0.59,131.0,8.0,16.0,7.0,60.0,83.0,29.0,1.0,4.0,3,True
731403,279422,2976,VCT 2026: EMEA Stage 2,Playoffs: Lower Round 1,2026-08-22,Split,3,Fire Flux Esports,Team Vitality,13,7,Kachoww,58496,neon,1.3,271.0,22.0,12.0,1.0,85.0,159.0,27.0,4.0,1.0,3,True
731403,279422,2976,VCT 2026: EMEA Stage 2,Playoffs: Lower Round 1,2026-08-22,Split,3,Fire Flux Esports,Team Vitality,13,7,DeadInk,5564,waylay,1.25,217.0,17.0,9.0,2.0,85.0,127.0,17.0,4.0,1.0,3,True
731403,279422,2976,VCT 2026: EMEA Stage 2,Playoffs: Lower Round 1,2026-08-22,Split,3,Fire Flux Esports,Team Vitality,13,7,batujnax,18615,skye,1.16,207.0,12.0,12.0,12.0,80.0,135.0,7.0,2.0,2.0,3,True
731403,279422,2976,VCT 2026: EMEA Stage 2,Playoffs: Lower Round 1,2026-08-22,Split,3,Fire Flux Esports,Team Vitality,13,7,reazy,10146,omen,1.03,212.0,13.0,12.0,11.0,85.0,138.0,29.0,2.0,2.0,3,True
731403,279422,2976,VCT 2026: EMEA Stage 2,Playoffs: Lower Round 1,2026-08-22,Split,3,Fire Flux Esports,Team Vitality,13,7,hezacoil,55694,astra,1.01,165.0,10.0,11.0,12.0,85.0,131.0,24.0,0.0,2.0,3,True
731404,279423,2976,VCT 2026: EMEA Stage 2,Playoffs: Lower Round 2,2026-08-23,Lotus,1,Enterprise Esports,Team Liquid,4,13,kozzy,55681,raze,0.96,186.0,14.0,13.0,0.0,65.0,127.0,35.0,1.0,3.0,3,True
731404,279423,2976,VCT 2026: EMEA Stage 2,Playoffs: Lower Round 2,2026-08-23,Lotus,1,Enterprise Esports,Team Liquid,4,13,MAGNUM,2173,vyse,0.72,196.0,10.0,15.0,5.0,59.0,128.0,28.0,1.0,1.0,3,True
731404,279423,2976,VCT 2026: EMEA Stage 2,Playoffs: Lower Round 2,2026-08-23,Lotus,1,Enterprise Esports,Team Liquid,4,13,iluri,3674,skye,0.68,126.0,10.0,15.0,4.0,59.0,79.0,33.0,1.0,2.0,3,True
731404,279423,2976,VCT 2026: EMEA Stage 2,Playoffs: Lower Round 2,2026-08-23,Lotus,1,Enterprise Esports,Team Liquid,4,13,paTiTek,309,omen,0.51,162.0,8.0,15.0,7.0,65.0,118.0,19.0,0.0,3.0,3,True
731404,279423,2976,VCT 2026: EMEA Stage 2,Playoffs: Lower Round 2,2026-08-23,Lotus,1,Enterprise Esports,Team Liquid,4,13,Lime,10338,neon,0.4,122.0,7.0,16.0,2.0,53.0,79.0,60.0,3.0,2.0,3,True
731404,279423,2976,VCT 2026: EMEA Stage 2,Playoffs: Lower Round 2,2026-08-23,Lotus,1,Team Liquid,Enterprise Esports,13,4,kamo,14681,raze,1.68,374.0,23.0,14.0,2.0,88.0,239.0,35.0,3.0,1.0,3,True
731404,279423,2976,VCT 2026: EMEA Stage 2,Playoffs: Lower Round 2,2026-08-23,Lotus,1,Team Liquid,Enterprise Esports,13,4,nAts,457,cypher,1.56,253.0,15.0,6.0,3.0,82.0,172.0,25.0,3.0,2.0,3,True
731404,279423,2976,VCT 2026: EMEA Stage 2,Playoffs: Lower Round 2,2026-08-23,Lotus,1,Team Liquid,Enterprise Esports,13,4,Kicks,11134,omen,1.35,206.0,13.0,8.0,11.0,76.0,150.0,38.0,1.0,0.0,3,True
731404,279423,2976,VCT 2026: EMEA Stage 2,Playoffs: Lower Round 2,2026-08-23,Lotus,1,Team Liquid,Enterprise Esports,13,4,trexx,2168,fade,1.19,174.0,10.0,9.0,11.0,82.0,124.0,32.0,1.0,1.0,3,True
731404,279423,2976,VCT 2026: EMEA Stage 2,Playoffs: Lower Round 2,2026-08-23,Lotus,1,Team Liquid,Enterprise Esports,13,4,purp0,1885,jett,1.0,198.0,13.0,12.0,2.0,71.0,130.0,35.0,3.0,2.0,3,True
731404,279424,2976,VCT 2026: EMEA Stage 2,Playoffs: Lower Round 2,2026-08-23,Abyss,2,Enterprise Esports,Team Liquid,12,14,MAGNUM,2173,astra,1.37,210.0,21.0,13.0,11.0,88.0,136.0,26.0,2.0,1.0,3,True
731404,279424,2976,VCT 2026: EMEA Stage 2,Playoffs: Lower Round 2,2026-08-23,Abyss,2,Enterprise Esports,Team Liquid,12,14,Lime,10338,phoenix,1.1,253.0,22.0,20.0,10.0,81.0,169.0,30.0,5.0,4.0,3,True
731404,279424,2976,VCT 2026: EMEA Stage 2,Playoffs: Lower Round 2,2026-08-23,Abyss,2,Enterprise Esports,Team Liquid,12,14,kozzy,55681,jett,0.99,162.0,16.0,15.0,4.0,69.0,101.0,18.0,3.0,2.0,3,True
731404,279424,2976,VCT 2026: EMEA Stage 2,Playoffs: Lower Round 2,2026-08-23,Abyss,2,Enterprise Esports,Team Liquid,12,14,iluri,3674,sova,0.87,166.0,15.0,18.0,5.0,65.0,103.0,39.0,3.0,2.0,3,True
731404,279424,2976,VCT 2026: EMEA Stage 2,Playoffs: Lower Round 2,2026-08-23,Abyss,2,Enterprise Esports,Team Liquid,12,14,paTiTek,309,harbor,0.62,118.0,8.0,19.0,10.0,58.0,86.0,28.0,2.0,2.0,3,True
731404,279424,2976,VCT 2026: EMEA Stage 2,Playoffs: Lower Round 2,2026-08-23,Abyss,2,Team Liquid,Enterprise Esports,14,12,Kicks,11134,tejo,1.23,218.0,21.0,14.0,5.0,85.0,139.0,28.0,2.0,1.0,3,True
731404,279424,2976,VCT 2026: EMEA Stage 2,Playoffs: Lower Round 2,2026-08-23,Abyss,2,Team Liquid,Enterprise Esports,14,12,trexx,2168,sova,1.2,230.0,18.0,17.0,12.0,81.0,162.0,20.0,1.0,0.0,3,True
731404,279424,2976,VCT 2026: EMEA Stage 2,Playoffs: Lower Round 2,2026-08-23,Abyss,2,Team Liquid,Enterprise Esports,14,12,nAts,457,vyse,1.08,200.0,18.0,16.0,8.0,69.0,145.0,25.0,2.0,4.0,3,True
731404,279424,2976,VCT 2026: EMEA Stage 2,Playoffs: Lower Round 2,2026-08-23,Abyss,2,Team Liquid,Enterprise Esports,14,12,kamo,14681,omen,0.87,174.0,14.0,18.0,9.0,58.0,117.0,44.0,3.0,3.0,3,True
731404,279424,2976,VCT 2026: EMEA Stage 2,Playoffs: Lower Round 2,2026-08-23,Abyss,2,Team Liquid,Enterprise Esports,14,12,purp0,1885,jett,0.71,141.0,14.0,17.0,1.0,54.0,88.0,29.0,3.0,7.0,3,True
731406,279426,2976,VCT 2026: EMEA Stage 2,Playoffs: Lower Round 2,2026-08-23,Abyss,1,BBL Esports,Fire Flux Esports,11,13,lovers rock,40935,yoru,1.14,207.0,17.0,16.0,9.0,92.0,139.0,20.0,7.0,4.0,3,True
731406,279426,2976,VCT 2026: EMEA Stage 2,Playoffs: Lower Round 2,2026-08-23,Abyss,1,BBL Esports,Fire Flux Esports,11,13,Lar0k,31305,waylay,1.1,219.0,19.0,15.0,5.0,71.0,143.0,39.0,0.0,2.0,3,True
731406,279426,2976,VCT 2026: EMEA Stage 2,Playoffs: Lower Round 2,2026-08-23,Abyss,1,BBL Esports,Fire Flux Esports,11,13,Loita,24344,omen,1.07,194.0,16.0,17.0,10.0,58.0,121.0,27.0,2.0,4.0,3,True
731406,279426,2976,VCT 2026: EMEA Stage 2,Playoffs: Lower Round 2,2026-08-23,Abyss,1,BBL Esports,Fire Flux Esports,11,13,Rosé,5565,sova,0.93,161.0,14.0,16.0,3.0,63.0,118.0,43.0,1.0,3.0,3,True
731406,279426,2976,VCT 2026: EMEA Stage 2,Playoffs: Lower Round 2,2026-08-23,Abyss,1,BBL Esports,Fire Flux Esports,11,13,Crewen,12795,cypher,0.92,163.0,13.0,15.0,5.0,71.0,109.0,28.0,0.0,1.0,3,True
731406,279426,2976,VCT 2026: EMEA Stage 2,Playoffs: Lower Round 2,2026-08-23,Abyss,1,Fire Flux Esports,BBL Esports,13,11,Kachoww,58496,yoru,1.4,279.0,25.0,16.0,4.0,75.0,185.0,50.0,8.0,2.0,3,True
731406,279426,2976,VCT 2026: EMEA Stage 2,Playoffs: Lower Round 2,2026-08-23,Abyss,1,Fire Flux Esports,BBL Esports,13,11,DeadInk,5564,waylay,1.21,230.0,20.0,15.0,2.0,75.0,141.0,15.0,4.0,1.0,3,True
731406,279426,2976,VCT 2026: EMEA Stage 2,Playoffs: Lower Round 2,2026-08-23,Abyss,1,Fire Flux Esports,BBL Esports,13,11,reazy,10146,harbor,0.9,162.0,14.0,15.0,6.0,71.0,107.0,26.0,0.0,2.0,3,True
731406,279426,2976,VCT 2026: EMEA Stage 2,Playoffs: Lower Round 2,2026-08-23,Abyss,1,Fire Flux Esports,BBL Esports,13,11,hezacoil,55694,astra,0.74,119.0,9.0,13.0,7.0,79.0,81.0,19.0,1.0,3.0,3,True
731406,279426,2976,VCT 2026: EMEA Stage 2,Playoffs: Lower Round 2,2026-08-23,Abyss,1,Fire Flux Esports,BBL Esports,13,11,batujnax,18615,sova,0.43,122.0,10.0,20.0,5.0,63.0,81.0,24.0,1.0,2.0,3,True
731406,279427,2976,VCT 2026: EMEA Stage 2,Playoffs: Lower Round 2,2026-08-23,Summit,2,BBL Esports,Fire Flux Esports,11,13,Rosé,5565,sova,1.23,229.0,17.0,16.0,10.0,75.0,150.0,38.0,3.0,1.0,3,True
731406,279427,2976,VCT 2026: EMEA Stage 2,Playoffs: Lower Round 2,2026-08-23,Summit,2,BBL Esports,Fire Flux Esports,11,13,Loita,24344,omen,1.08,178.0,16.0,14.0,7.0,71.0,123.0,70.0,1.0,3.0,3,True
731406,279427,2976,VCT 2026: EMEA Stage 2,Playoffs: Lower Round 2,2026-08-23,Summit,2,BBL Esports,Fire Flux Esports,11,13,lovers rock,40935,yoru,0.86,209.0,18.0,20.0,4.0,67.0,147.0,25.0,3.0,4.0,3,True
731406,279427,2976,VCT 2026: EMEA Stage 2,Playoffs: Lower Round 2,2026-08-23,Summit,2,BBL Esports,Fire Flux Esports,11,13,Crewen,12795,cypher,0.78,176.0,15.0,17.0,3.0,67.0,106.0,20.0,3.0,3.0,3,True
731406,279427,2976,VCT 2026: EMEA Stage 2,Playoffs: Lower Round 2,2026-08-23,Summit,2,BBL Esports,Fire Flux Esports,11,13,Lar0k,31305,waylay,0.63,141.0,11.0,19.0,5.0,63.0,97.0,30.0,1.0,2.0,3,True
731406,279427,2976,VCT 2026: EMEA Stage 2,Playoffs: Lower Round 2,2026-08-23,Summit,2,Fire Flux Esports,BBL Esports,13,11,Kachoww,58496,yoru,1.46,278.0,24.0,14.0,4.0,92.0,184.0,52.0,5.0,4.0,3,True
731406,279427,2976,VCT 2026: EMEA Stage 2,Playoffs: Lower Round 2,2026-08-23,Summit,2,Fire Flux Esports,BBL Esports,13,11,DeadInk,5564,waylay,1.14,218.0,19.0,14.0,4.0,88.0,129.0,19.0,2.0,2.0,3,True
731406,279427,2976,VCT 2026: EMEA Stage 2,Playoffs: Lower Round 2,2026-08-23,Summit,2,Fire Flux Esports,BBL Esports,13,11,batujnax,18615,sova,1.02,215.0,17.0,17.0,8.0,67.0,146.0,12.0,4.0,1.0,3,True
731406,279427,2976,VCT 2026: EMEA Stage 2,Playoffs: Lower Round 2,2026-08-23,Summit,2,Fire Flux Esports,BBL Esports,13,11,reazy,10146,omen,0.97,184.0,17.0,15.0,5.0,75.0,115.0,64.0,1.0,2.0,3,True
731406,279427,2976,VCT 2026: EMEA Stage 2,Playoffs: Lower Round 2,2026-08-23,Summit,2,Fire Flux Esports,BBL Esports,13,11,hezacoil,55694,cypher,0.67,127.0,9.0,17.0,7.0,54.0,88.0,32.0,1.0,2.0,3,True
731400,279409,2976,VCT 2026: EMEA Stage 2,Playoffs: Upper Final,2026-08-28,Lotus,1,FUT Esports,Karmine Corp,6,13,yetujey,8369,viper,1.18,288.0,19.0,13.0,4.0,84.0,190.0,30.0,2.0,1.0,3,True
731400,279409,2976,VCT 2026: EMEA Stage 2,Playoffs: Upper Final,2026-08-28,Lotus,1,FUT Esports,Karmine Corp,6,13,s0pp,39357,neon,0.75,161.0,11.0,14.0,3.0,63.0,110.0,20.0,2.0,2.0,3,True
731400,279409,2976,VCT 2026: EMEA Stage 2,Playoffs: Upper Final,2026-08-28,Lotus,1,FUT Esports,Karmine Corp,6,13,sociablEE,5568,omen,0.66,157.0,11.0,16.0,6.0,53.0,103.0,31.0,1.0,4.0,3,True
731400,279409,2976,VCT 2026: EMEA Stage 2,Playoffs: Upper Final,2026-08-28,Lotus,1,FUT Esports,Karmine Corp,6,13,xeus,12793,waylay,0.47,99.0,7.0,13.0,0.0,47.0,66.0,29.0,1.0,1.0,3,True
731400,279409,2976,VCT 2026: EMEA Stage 2,Playoffs: Upper Final,2026-08-28,Lotus,1,FUT Esports,Karmine Corp,6,13,KROSTALY,15735,skye,0.44,91.0,6.0,15.0,3.0,53.0,67.0,35.0,1.0,4.0,3,True
731400,279409,2976,VCT 2026: EMEA Stage 2,Playoffs: Upper Final,2026-08-28,Lotus,1,Karmine Corp,FUT Esports,13,6,N4RRATE,36245,chamber,1.8,371.0,25.0,11.0,3.0,95.0,197.0,29.0,6.0,0.0,3,True
731400,279409,2976,VCT 2026: EMEA Stage 2,Playoffs: Upper Final,2026-08-28,Lotus,1,Karmine Corp,FUT Esports,13,6,SUYGETSU,2858,viper,1.2,147.0,12.0,7.0,4.0,84.0,92.0,26.0,0.0,0.0,3,True
731400,279409,2976,VCT 2026: EMEA Stage 2,Playoffs: Upper Final,2026-08-28,Lotus,1,Karmine Corp,FUT Esports,13,6,LewN,20144,neon,1.2,238.0,17.0,13.0,4.0,68.0,145.0,20.0,4.0,3.0,3,True
731400,279409,2976,VCT 2026: EMEA Stage 2,Playoffs: Upper Final,2026-08-28,Lotus,1,Karmine Corp,FUT Esports,13,6,dos9,16215,omen,0.87,141.0,7.0,10.0,15.0,79.0,81.0,13.0,1.0,0.0,3,True
731400,279409,2976,VCT 2026: EMEA Stage 2,Playoffs: Upper Final,2026-08-28,Lotus,1,Karmine Corp,FUT Esports,13,6,Avez,5654,fade,0.85,154.0,10.0,13.0,8.0,84.0,102.0,26.0,1.0,4.0,3,True
731400,279410,2976,VCT 2026: EMEA Stage 2,Playoffs: Upper Final,2026-08-28,Haven,2,FUT Esports,Karmine Corp,8,13,yetujey,8369,cypher,1.2,238.0,16.0,13.0,4.0,62.0,173.0,42.0,1.0,0.0,3,True
731400,279410,2976,VCT 2026: EMEA Stage 2,Playoffs: Upper Final,2026-08-28,Haven,2,FUT Esports,Karmine Corp,8,13,s0pp,39357,jett,1.09,245.0,19.0,17.0,4.0,62.0,153.0,24.0,3.0,4.0,3,True
731400,279410,2976,VCT 2026: EMEA Stage 2,Playoffs: Upper Final,2026-08-28,Haven,2,FUT Esports,Karmine Corp,8,13,KROSTALY,15735,sova,0.99,156.0,12.0,14.0,7.0,67.0,113.0,31.0,1.0,0.0,3,True
731400,279410,2976,VCT 2026: EMEA Stage 2,Playoffs: Upper Final,2026-08-28,Haven,2,FUT Esports,Karmine Corp,8,13,sociablEE,5568,omen,0.7,174.0,14.0,18.0,4.0,62.0,111.0,44.0,1.0,4.0,3,True
731400,279410,2976,VCT 2026: EMEA Stage 2,Playoffs: Upper Final,2026-08-28,Haven,2,FUT Esports,Karmine Corp,8,13,xeus,12793,waylay,0.43,116.0,8.0,17.0,5.0,57.0,88.0,37.0,4.0,3.0,3,True
731400,279410,2976,VCT 2026: EMEA Stage 2,Playoffs: Upper Final,2026-08-28,Haven,2,Karmine Corp,FUT Esports,13,8,N4RRATE,36245,phoenix,1.52,280.0,21.0,13.0,8.0,86.0,189.0,26.0,2.0,3.0,3,True
731400,279410,2976,VCT 2026: EMEA Stage 2,Playoffs: Upper Final,2026-08-28,Haven,2,Karmine Corp,FUT Esports,13,8,Avez,5654,sova,1.37,257.0,18.0,13.0,6.0,71.0,166.0,30.0,0.0,1.0,3,True
731400,279410,2976,VCT 2026: EMEA Stage 2,Playoffs: Upper Final,2026-08-28,Haven,2,Karmine Corp,FUT Esports,13,8,LewN,20144,neon,1.27,265.0,20.0,15.0,7.0,81.0,143.0,22.0,5.0,1.0,3,True
731400,279410,2976,VCT 2026: EMEA Stage 2,Playoffs: Upper Final,2026-08-28,Haven,2,Karmine Corp,FUT Esports,13,8,dos9,16215,omen,0.77,140.0,11.0,15.0,7.0,81.0,86.0,39.0,3.0,4.0,3,True
731400,279410,2976,VCT 2026: EMEA Stage 2,Playoffs: Upper Final,2026-08-28,Haven,2,Karmine Corp,FUT Esports,13,8,SUYGETSU,2858,cypher,0.64,104.0,9.0,13.0,4.0,62.0,77.0,27.0,1.0,1.0,3,True
731407,279429,2976,VCT 2026: EMEA Stage 2,Playoffs: Lower Round 3,2026-08-28,Haven,1,Team Liquid,Fire Flux Esports,13,10,trexx,2168,sova,1.68,323.0,25.0,15.0,12.0,83.0,212.0,22.0,0.0,1.0,3,True
731407,279429,2976,VCT 2026: EMEA Stage 2,Playoffs: Lower Round 3,2026-08-28,Haven,1,Team Liquid,Fire Flux Esports,13,10,nAts,457,cypher,1.19,225.0,17.0,15.0,8.0,74.0,138.0,16.0,5.0,2.0,3,True
731407,279429,2976,VCT 2026: EMEA Stage 2,Playoffs: Lower Round 3,2026-08-28,Haven,1,Team Liquid,Fire Flux Esports,13,10,Kicks,11134,omen,1.01,172.0,16.0,16.0,6.0,70.0,103.0,42.0,1.0,1.0,3,True
731407,279429,2976,VCT 2026: EMEA Stage 2,Playoffs: Lower Round 3,2026-08-28,Haven,1,Team Liquid,Fire Flux Esports,13,10,purp0,1885,jett,0.88,155.0,14.0,15.0,2.0,65.0,113.0,36.0,2.0,4.0,3,True
731407,279429,2976,VCT 2026: EMEA Stage 2,Playoffs: Lower Round 3,2026-08-28,Haven,1,Team Liquid,Fire Flux Esports,13,10,kamo,14681,phoenix,0.67,155.0,11.0,19.0,11.0,70.0,112.0,20.0,3.0,4.0,3,True
731407,279429,2976,VCT 2026: EMEA Stage 2,Playoffs: Lower Round 3,2026-08-28,Haven,1,Fire Flux Esports,Team Liquid,10,13,hezacoil,55694,vyse,1.19,205.0,16.0,14.0,5.0,91.0,137.0,42.0,4.0,2.0,3,True
731407,279429,2976,VCT 2026: EMEA Stage 2,Playoffs: Lower Round 3,2026-08-28,Haven,1,Fire Flux Esports,Team Liquid,10,13,batujnax,18615,sova,1.19,255.0,21.0,15.0,2.0,83.0,153.0,32.0,2.0,0.0,3,True
731407,279429,2976,VCT 2026: EMEA Stage 2,Playoffs: Lower Round 3,2026-08-28,Haven,1,Fire Flux Esports,Team Liquid,10,13,reazy,10146,omen,1.08,212.0,16.0,17.0,11.0,74.0,149.0,39.0,2.0,2.0,3,True
731407,279429,2976,VCT 2026: EMEA Stage 2,Playoffs: Lower Round 3,2026-08-28,Haven,1,Fire Flux Esports,Team Liquid,10,13,Kachoww,58496,neon,0.65,200.0,16.0,19.0,5.0,57.0,137.0,27.0,2.0,5.0,3,True
731407,279429,2976,VCT 2026: EMEA Stage 2,Playoffs: Lower Round 3,2026-08-28,Haven,1,Fire Flux Esports,Team Liquid,10,13,DeadInk,5564,chamber,0.56,137.0,11.0,18.0,2.0,48.0,88.0,24.0,2.0,2.0,3,True
731407,279430,2976,VCT 2026: EMEA Stage 2,Playoffs: Lower Round 3,2026-08-28,Lotus,2,Team Liquid,Fire Flux Esports,13,10,nAts,457,cypher,1.23,259.0,21.0,13.0,7.0,70.0,165.0,30.0,2.0,3.0,3,True
731407,279430,2976,VCT 2026: EMEA Stage 2,Playoffs: Lower Round 3,2026-08-28,Lotus,2,Team Liquid,Fire Flux Esports,13,10,kamo,14681,raze,1.22,246.0,19.0,15.0,5.0,74.0,166.0,26.0,3.0,4.0,3,True
731407,279430,2976,VCT 2026: EMEA Stage 2,Playoffs: Lower Round 3,2026-08-28,Lotus,2,Team Liquid,Fire Flux Esports,13,10,trexx,2168,fade,1.06,202.0,17.0,14.0,5.0,78.0,128.0,21.0,2.0,1.0,3,True
731407,279430,2976,VCT 2026: EMEA Stage 2,Playoffs: Lower Round 3,2026-08-28,Lotus,2,Team Liquid,Fire Flux Esports,13,10,Kicks,11134,omen,1.06,162.0,14.0,13.0,6.0,70.0,108.0,23.0,2.0,1.0,3,True
731407,279430,2976,VCT 2026: EMEA Stage 2,Playoffs: Lower Round 3,2026-08-28,Lotus,2,Team Liquid,Fire Flux Esports,13,10,purp0,1885,jett,0.87,162.0,14.0,14.0,2.0,74.0,103.0,50.0,2.0,3.0,3,True
731407,279430,2976,VCT 2026: EMEA Stage 2,Playoffs: Lower Round 3,2026-08-28,Lotus,2,Fire Flux Esports,Team Liquid,10,13,Kachoww,58496,omen,0.96,172.0,14.0,17.0,5.0,61.0,120.0,34.0,6.0,1.0,3,True
731407,279430,2976,VCT 2026: EMEA Stage 2,Playoffs: Lower Round 3,2026-08-28,Lotus,2,Fire Flux Esports,Team Liquid,10,13,DeadInk,5564,raze,0.9,183.0,16.0,15.0,1.0,57.0,118.0,15.0,3.0,2.0,3,True
731407,279430,2976,VCT 2026: EMEA Stage 2,Playoffs: Lower Round 3,2026-08-28,Lotus,2,Fire Flux Esports,Team Liquid,10,13,hezacoil,55694,vyse,0.84,180.0,15.0,17.0,4.0,57.0,113.0,28.0,1.0,3.0,3,True
731407,279430,2976,VCT 2026: EMEA Stage 2,Playoffs: Lower Round 3,2026-08-28,Lotus,2,Fire Flux Esports,Team Liquid,10,13,batujnax,18615,fade,0.8,123.0,9.0,16.0,7.0,65.0,93.0,12.0,1.0,1.0,3,True
731407,279430,2976,VCT 2026: EMEA Stage 2,Playoffs: Lower Round 3,2026-08-28,Lotus,2,Fire Flux Esports,Team Liquid,10,13,reazy,10146,viper,0.69,183.0,15.0,21.0,4.0,65.0,111.0,26.0,1.0,4.0,3,True
731408,279432,2976,VCT 2026: EMEA Stage 2,Playoffs: Lower Final,2026-08-29,Split,1,FUT Esports,Team Liquid,5,13,yetujey,8369,viper,0.98,173.0,11.0,14.0,4.0,50.0,120.0,23.0,1.0,3.0,5,True
731408,279432,2976,VCT 2026: EMEA Stage 2,Playoffs: Lower Final,2026-08-29,Split,1,FUT Esports,Team Liquid,5,13,s0pp,39357,neon,0.95,222.0,13.0,14.0,2.0,61.0,147.0,31.0,2.0,4.0,5,True
731408,279432,2976,VCT 2026: EMEA Stage 2,Playoffs: Lower Final,2026-08-29,Split,1,FUT Esports,Team Liquid,5,13,KROSTALY,15735,skye,0.54,173.0,10.0,17.0,2.0,56.0,110.0,28.0,1.0,2.0,5,True
731408,279432,2976,VCT 2026: EMEA Stage 2,Playoffs: Lower Final,2026-08-29,Split,1,FUT Esports,Team Liquid,5,13,xeus,12793,raze,0.53,146.0,10.0,17.0,0.0,56.0,89.0,47.0,3.0,1.0,5,True
731408,279432,2976,VCT 2026: EMEA Stage 2,Playoffs: Lower Final,2026-08-29,Split,1,FUT Esports,Team Liquid,5,13,sociablEE,5568,omen,0.41,97.0,5.0,16.0,5.0,50.0,71.0,18.0,1.0,0.0,5,True
731408,279432,2976,VCT 2026: EMEA Stage 2,Playoffs: Lower Final,2026-08-29,Split,1,Team Liquid,FUT Esports,13,5,kamo,14681,raze,1.4,286.0,19.0,12.0,7.0,89.0,188.0,30.0,3.0,4.0,5,True
731408,279432,2976,VCT 2026: EMEA Stage 2,Playoffs: Lower Final,2026-08-29,Split,1,Team Liquid,FUT Esports,13,5,purp0,1885,jett,1.39,258.0,18.0,10.0,3.0,89.0,158.0,35.0,4.0,1.0,5,True
731408,279432,2976,VCT 2026: EMEA Stage 2,Playoffs: Lower Final,2026-08-29,Split,1,Team Liquid,FUT Esports,13,5,nAts,457,viper,1.38,255.0,17.0,9.0,9.0,94.0,169.0,26.0,1.0,1.0,5,True
731408,279432,2976,VCT 2026: EMEA Stage 2,Playoffs: Lower Final,2026-08-29,Split,1,Team Liquid,FUT Esports,13,5,Kicks,11134,omen,1.32,198.0,14.0,8.0,7.0,83.0,136.0,45.0,1.0,1.0,5,True
731408,279432,2976,VCT 2026: EMEA Stage 2,Playoffs: Lower Final,2026-08-29,Split,1,Team Liquid,FUT Esports,13,5,trexx,2168,skye,1.05,169.0,10.0,10.0,14.0,89.0,108.0,16.0,1.0,1.0,5,True
731408,279433,2976,VCT 2026: EMEA Stage 2,Playoffs: Lower Final,2026-08-29,Ascent,2,FUT Esports,Team Liquid,8,13,KROSTALY,15735,sova,1.07,190.0,15.0,15.0,5.0,67.0,110.0,10.0,1.0,1.0,5,True
731408,279433,2976,VCT 2026: EMEA Stage 2,Playoffs: Lower Final,2026-08-29,Ascent,2,FUT Esports,Team Liquid,8,13,s0pp,39357,jett,0.8,192.0,16.0,18.0,2.0,57.0,121.0,31.0,3.0,3.0,5,True
731408,279433,2976,VCT 2026: EMEA Stage 2,Playoffs: Lower Final,2026-08-29,Ascent,2,FUT Esports,Team Liquid,8,13,yetujey,8369,cypher,0.78,191.0,15.0,18.0,3.0,67.0,119.0,23.0,2.0,5.0,5,True
731408,279433,2976,VCT 2026: EMEA Stage 2,Playoffs: Lower Final,2026-08-29,Ascent,2,FUT Esports,Team Liquid,8,13,sociablEE,5568,omen,0.48,126.0,7.0,20.0,10.0,62.0,93.0,18.0,0.0,2.0,5,True
731408,279433,2976,VCT 2026: EMEA Stage 2,Playoffs: Lower Final,2026-08-29,Ascent,2,FUT Esports,Team Liquid,8,13,xeus,12793,phoenix,0.4,129.0,8.0,19.0,6.0,62.0,102.0,27.0,0.0,4.0,5,True
731408,279433,2976,VCT 2026: EMEA Stage 2,Playoffs: Lower Final,2026-08-29,Ascent,2,Team Liquid,FUT Esports,13,8,kamo,14681,phoenix,1.93,430.0,30.0,14.0,10.0,95.0,293.0,54.0,7.0,0.0,5,True
731408,279433,2976,VCT 2026: EMEA Stage 2,Playoffs: Lower Final,2026-08-29,Ascent,2,Team Liquid,FUT Esports,13,8,Kicks,11134,omen,1.2,193.0,15.0,13.0,9.0,90.0,127.0,28.0,3.0,2.0,5,True
731408,279433,2976,VCT 2026: EMEA Stage 2,Playoffs: Lower Final,2026-08-29,Ascent,2,Team Liquid,FUT Esports,13,8,trexx,2168,sova,1.17,192.0,15.0,12.0,9.0,86.0,134.0,19.0,1.0,0.0,5,True
731408,279433,2976,VCT 2026: EMEA Stage 2,Playoffs: Lower Final,2026-08-29,Ascent,2,Team Liquid,FUT Esports,13,8,nAts,457,cypher,1.15,166.0,13.0,10.0,6.0,76.0,113.0,38.0,1.0,2.0,5,True
731408,279433,2976,VCT 2026: EMEA Stage 2,Playoffs: Lower Final,2026-08-29,Ascent,2,Team Liquid,FUT Esports,13,8,purp0,1885,jett,1.14,216.0,17.0,12.0,2.0,86.0,135.0,16.0,3.0,2.0,5,True
731408,279434,2976,VCT 2026: EMEA Stage 2,Playoffs: Lower Final,2026-08-29,Lotus,3,FUT Esports,Team Liquid,10,13,KROSTALY,15735,fade,1.5,314.0,27.0,15.0,0.0,74.0,188.0,42.0,4.0,0.0,5,True
731408,279434,2976,VCT 2026: EMEA Stage 2,Playoffs: Lower Final,2026-08-29,Lotus,3,FUT Esports,Team Liquid,10,13,sociablEE,5568,omen,0.77,119.0,9.0,16.0,12.0,74.0,81.0,31.0,0.0,0.0,5,True
731408,279434,2976,VCT 2026: EMEA Stage 2,Playoffs: Lower Final,2026-08-29,Lotus,3,FUT Esports,Team Liquid,10,13,xeus,12793,waylay,0.7,186.0,15.0,18.0,2.0,57.0,116.0,42.0,5.0,5.0,5,True
731408,279434,2976,VCT 2026: EMEA Stage 2,Playoffs: Lower Final,2026-08-29,Lotus,3,FUT Esports,Team Liquid,10,13,s0pp,39357,neon,0.69,149.0,11.0,17.0,7.0,61.0,98.0,11.0,3.0,3.0,5,True
731408,279434,2976,VCT 2026: EMEA Stage 2,Playoffs: Lower Final,2026-08-29,Lotus,3,FUT Esports,Team Liquid,10,13,yetujey,8369,viper,0.58,91.0,7.0,15.0,4.0,61.0,59.0,10.0,1.0,2.0,5,True
731408,279434,2976,VCT 2026: EMEA Stage 2,Playoffs: Lower Final,2026-08-29,Lotus,3,Team Liquid,FUT Esports,13,10,nAts,457,cypher,1.38,248.0,20.0,14.0,6.0,78.0,162.0,24.0,2.0,0.0,5,True
731408,279434,2976,VCT 2026: EMEA Stage 2,Playoffs: Lower Final,2026-08-29,Lotus,3,Team Liquid,FUT Esports,13,10,trexx,2168,fade,1.1,186.0,15.0,13.0,7.0,74.0,126.0,28.0,1.0,0.0,5,True
731408,279434,2976,VCT 2026: EMEA Stage 2,Playoffs: Lower Final,2026-08-29,Lotus,3,Team Liquid,FUT Esports,13,10,purp0,1885,jett,1.06,176.0,14.0,13.0,1.0,74.0,102.0,38.0,3.0,4.0,5,True
731408,279434,2976,VCT 2026: EMEA Stage 2,Playoffs: Lower Final,2026-08-29,Lotus,3,Team Liquid,FUT Esports,13,10,kamo,14681,raze,1.05,225.0,20.0,15.0,0.0,61.0,153.0,43.0,2.0,6.0,5,True
731408,279434,2976,VCT 2026: EMEA Stage 2,Playoffs: Lower Final,2026-08-29,Lotus,3,Team Liquid,FUT Esports,13,10,Kicks,11134,omen,0.97,163.0,12.0,14.0,10.0,65.0,113.0,28.0,2.0,3.0,5,True
731401,279412,2976,VCT 2026: EMEA Stage 2,Playoffs: Grand Final,2026-08-30,Sunset,1,Karmine Corp,Team Liquid,13,7,dos9,16215,omen,1.57,278.0,23.0,9.0,1.0,85.0,160.0,47.0,4.0,0.0,5,True
731401,279412,2976,VCT 2026: EMEA Stage 2,Playoffs: Grand Final,2026-08-30,Sunset,1,Karmine Corp,Team Liquid,13,7,N4RRATE,36245,chamber,1.34,246.0,18.0,9.0,3.0,75.0,163.0,15.0,4.0,1.0,5,True
731401,279412,2976,VCT 2026: EMEA Stage 2,Playoffs: Grand Final,2026-08-30,Sunset,1,Karmine Corp,Team Liquid,13,7,SUYGETSU,2858,viper,1.03,185.0,14.0,9.0,4.0,75.0,119.0,38.0,1.0,2.0,5,True
731401,279412,2976,VCT 2026: EMEA Stage 2,Playoffs: Grand Final,2026-08-30,Sunset,1,Karmine Corp,Team Liquid,13,7,LewN,20144,neon,0.83,173.0,12.0,13.0,4.0,75.0,109.0,27.0,3.0,2.0,5,True
731401,279412,2976,VCT 2026: EMEA Stage 2,Playoffs: Grand Final,2026-08-30,Sunset,1,Karmine Corp,Team Liquid,13,7,Avez,5654,fade,0.81,152.0,12.0,12.0,4.0,60.0,90.0,19.0,2.0,1.0,5,True
731401,279412,2976,VCT 2026: EMEA Stage 2,Playoffs: Grand Final,2026-08-30,Sunset,1,Team Liquid,Karmine Corp,7,13,trexx,2168,fade,1.13,218.0,15.0,16.0,6.0,55.0,138.0,27.0,3.0,1.0,5,True
731401,279412,2976,VCT 2026: EMEA Stage 2,Playoffs: Grand Final,2026-08-30,Sunset,1,Team Liquid,Karmine Corp,7,13,Kicks,11134,omen,0.86,195.0,12.0,17.0,6.0,60.0,115.0,34.0,1.0,1.0,5,True
731401,279412,2976,VCT 2026: EMEA Stage 2,Playoffs: Grand Final,2026-08-30,Sunset,1,Team Liquid,Karmine Corp,7,13,kamo,14681,yoru,0.82,149.0,10.0,14.0,3.0,65.0,92.0,38.0,1.0,3.0,5,True
731401,279412,2976,VCT 2026: EMEA Stage 2,Playoffs: Grand Final,2026-08-30,Sunset,1,Team Liquid,Karmine Corp,7,13,nAts,457,cypher,0.78,175.0,11.0,16.0,3.0,65.0,107.0,23.0,1.0,3.0,5,True
731401,279412,2976,VCT 2026: EMEA Stage 2,Playoffs: Grand Final,2026-08-30,Sunset,1,Team Liquid,Karmine Corp,7,13,purp0,1885,neon,0.2,64.0,4.0,16.0,0.0,45.0,43.0,14.0,0.0,6.0,5,True
731401,279413,2976,VCT 2026: EMEA Stage 2,Playoffs: Grand Final,2026-08-30,Ascent,2,Karmine Corp,Team Liquid,13,6,dos9,16215,omen,1.63,265.0,18.0,9.0,7.0,79.0,174.0,28.0,1.0,2.0,5,True
731401,279413,2976,VCT 2026: EMEA Stage 2,Playoffs: Grand Final,2026-08-30,Ascent,2,Karmine Corp,Team Liquid,13,6,SUYGETSU,2858,cypher,1.21,213.0,15.0,12.0,3.0,79.0,147.0,37.0,3.0,1.0,5,True
731401,279413,2976,VCT 2026: EMEA Stage 2,Playoffs: Grand Final,2026-08-30,Ascent,2,Karmine Corp,Team Liquid,13,6,Avez,5654,sova,1.16,191.0,13.0,11.0,7.0,79.0,147.0,38.0,0.0,0.0,5,True
731401,279413,2976,VCT 2026: EMEA Stage 2,Playoffs: Grand Final,2026-08-30,Ascent,2,Karmine Corp,Team Liquid,13,6,N4RRATE,36245,phoenix,1.03,243.0,17.0,13.0,4.0,74.0,155.0,22.0,2.0,2.0,5,True
731401,279413,2976,VCT 2026: EMEA Stage 2,Playoffs: Grand Final,2026-08-30,Ascent,2,Karmine Corp,Team Liquid,13,6,LewN,20144,neon,0.83,172.0,12.0,13.0,2.0,63.0,100.0,35.0,6.0,2.0,5,True
731401,279413,2976,VCT 2026: EMEA Stage 2,Playoffs: Grand Final,2026-08-30,Ascent,2,Team Liquid,Karmine Corp,6,13,nAts,457,cypher,1.12,248.0,15.0,15.0,7.0,74.0,157.0,16.0,0.0,4.0,5,True
731401,279413,2976,VCT 2026: EMEA Stage 2,Playoffs: Grand Final,2026-08-30,Ascent,2,Team Liquid,Karmine Corp,6,13,kamo,14681,phoenix,1.09,237.0,14.0,14.0,2.0,58.0,163.0,26.0,2.0,0.0,5,True
731401,279413,2976,VCT 2026: EMEA Stage 2,Playoffs: Grand Final,2026-08-30,Ascent,2,Team Liquid,Karmine Corp,6,13,trexx,2168,sova,0.89,177.0,12.0,15.0,4.0,68.0,137.0,34.0,0.0,0.0,5,True
731401,279413,2976,VCT 2026: EMEA Stage 2,Playoffs: Grand Final,2026-08-30,Ascent,2,Team Liquid,Karmine Corp,6,13,Kicks,11134,omen,0.62,123.0,9.0,14.0,5.0,53.0,72.0,29.0,0.0,1.0,5,True
731401,279413,2976,VCT 2026: EMEA Stage 2,Playoffs: Grand Final,2026-08-30,Ascent,2,Team Liquid,Karmine Corp,6,13,purp0,1885,jett,0.33,104.0,8.0,17.0,1.0,58.0,60.0,36.0,5.0,7.0,5,True
731401,279414,2976,VCT 2026: EMEA Stage 2,Playoffs: Grand Final,2026-08-30,Lotus,3,Karmine Corp,Team Liquid,7,13,N4RRATE,36245,chamber,1.03,256.0,17.0,17.0,3.0,70.0,172.0,20.0,6.0,4.0,5,True
731401,279414,2976,VCT 2026: EMEA Stage 2,Playoffs: Grand Final,2026-08-30,Lotus,3,Karmine Corp,Team Liquid,7,13,LewN,20144,neon,0.78,178.0,12.0,17.0,4.0,65.0,110.0,26.0,0.0,3.0,5,True
731401,279414,2976,VCT 2026: EMEA Stage 2,Playoffs: Grand Final,2026-08-30,Lotus,3,Karmine Corp,Team Liquid,7,13,dos9,16215,omen,0.77,139.0,10.0,14.0,4.0,55.0,89.0,36.0,1.0,3.0,5,True
731401,279414,2976,VCT 2026: EMEA Stage 2,Playoffs: Grand Final,2026-08-30,Lotus,3,Karmine Corp,Team Liquid,7,13,SUYGETSU,2858,viper,0.64,132.0,9.0,15.0,3.0,70.0,99.0,36.0,0.0,2.0,5,True
731401,279414,2976,VCT 2026: EMEA Stage 2,Playoffs: Grand Final,2026-08-30,Lotus,3,Karmine Corp,Team Liquid,7,13,Avez,5654,fade,0.38,83.0,5.0,17.0,4.0,55.0,63.0,21.0,0.0,1.0,5,True
731401,279414,2976,VCT 2026: EMEA Stage 2,Playoffs: Grand Final,2026-08-30,Lotus,3,Team Liquid,Karmine Corp,13,7,Kicks,11134,omen,1.87,314.0,23.0,8.0,11.0,85.0,206.0,26.0,2.0,0.0,5,True
731401,279414,2976,VCT 2026: EMEA Stage 2,Playoffs: Grand Final,2026-08-30,Lotus,3,Team Liquid,Karmine Corp,13,7,kamo,14681,raze,1.73,340.0,23.0,12.0,7.0,95.0,213.0,28.0,6.0,1.0,5,True
731401,279414,2976,VCT 2026: EMEA Stage 2,Playoffs: Grand Final,2026-08-30,Lotus,3,Team Liquid,Karmine Corp,13,7,purp0,1885,jett,0.92,170.0,13.0,13.0,1.0,75.0,115.0,42.0,4.0,3.0,5,True
731401,279414,2976,VCT 2026: EMEA Stage 2,Playoffs: Grand Final,2026-08-30,Lotus,3,Team Liquid,Karmine Corp,13,7,trexx,2168,fade,0.87,150.0,12.0,11.0,7.0,80.0,85.0,15.0,1.0,1.0,5,True
731401,279414,2976,VCT 2026: EMEA Stage 2,Playoffs: Grand Final,2026-08-30,Lotus,3,Team Liquid,Karmine Corp,13,7,nAts,457,cypher,0.84,116.0,9.0,9.0,3.0,70.0,71.0,29.0,0.0,2.0,5,True
731401,279415,2976,VCT 2026: EMEA Stage 2,Playoffs: Grand Final,2026-08-30,Summit,4,Karmine Corp,Team Liquid,13,10,Avez,5654,fade,1.22,180.0,16.0,12.0,9.0,83.0,123.0,16.0,3.0,2.0,5,True
731401,279415,2976,VCT 2026: EMEA Stage 2,Playoffs: Grand Final,2026-08-30,Summit,4,Karmine Corp,Team Liquid,13,10,N4RRATE,36245,chamber,1.21,169.0,15.0,11.0,2.0,83.0,115.0,38.0,2.0,2.0,5,True
731401,279415,2976,VCT 2026: EMEA Stage 2,Playoffs: Grand Final,2026-08-30,Summit,4,Karmine Corp,Team Liquid,13,10,dos9,16215,omen,1.18,239.0,19.0,14.0,11.0,91.0,189.0,25.0,2.0,0.0,5,True
731401,279415,2976,VCT 2026: EMEA Stage 2,Playoffs: Grand Final,2026-08-30,Summit,4,Karmine Corp,Team Liquid,13,10,LewN,20144,neon,1.16,290.0,23.0,18.0,5.0,87.0,191.0,47.0,7.0,3.0,5,True
731401,279415,2976,VCT 2026: EMEA Stage 2,Playoffs: Grand Final,2026-08-30,Summit,4,Karmine Corp,Team Liquid,13,10,SUYGETSU,2858,viper,0.64,118.0,9.0,15.0,6.0,70.0,91.0,38.0,0.0,1.0,5,True
731401,279415,2976,VCT 2026: EMEA Stage 2,Playoffs: Grand Final,2026-08-30,Summit,4,Team Liquid,Karmine Corp,10,13,trexx,2168,sova,1.1,200.0,15.0,16.0,8.0,74.0,126.0,19.0,4.0,1.0,5,True
731401,279415,2976,VCT 2026: EMEA Stage 2,Playoffs: Grand Final,2026-08-30,Summit,4,Team Liquid,Karmine Corp,10,13,nAts,457,viper,1.09,182.0,14.0,15.0,6.0,61.0,124.0,19.0,1.0,2.0,5,True
731401,279415,2976,VCT 2026: EMEA Stage 2,Playoffs: Grand Final,2026-08-30,Summit,4,Team Liquid,Karmine Corp,10,13,Kicks,11134,omen,0.94,155.0,13.0,16.0,6.0,65.0,103.0,20.0,0.0,2.0,5,True
731401,279415,2976,VCT 2026: EMEA Stage 2,Playoffs: Grand Final,2026-08-30,Summit,4,Team Liquid,Karmine Corp,10,13,purp0,1885,jett,0.83,177.0,14.0,19.0,2.0,65.0,117.0,34.0,2.0,4.0,5,True
731401,279415,2976,VCT 2026: EMEA Stage 2,Playoffs: Grand Final,2026-08-30,Summit,4,Team Liquid,Karmine Corp,10,13,kamo,14681,phoenix,0.44,144.0,11.0,21.0,7.0,70.0,118.0,14.0,1.0,5.0,5,True
